nr_MASTR,name,betreiber,energietraeger,leistung_brutto,leistung_netto,jahr_inbetriebnahme,plz,stillgelegt,jahr_stillegung,stillegung_type
SEE900600559253,RADAG Wehrkraftwerk,Rheinkraftwerk Albbruck-Dogern AG,Wasser,28.45,24,2009,79804,FALSE,NA,NA
SEE900838448145,MKW SAD Turbine 3,Zweckverband Müllverwertung Schwandorf,Abfall,10,10,1982,92421,FALSE,NA,NA
SEE901246020381,Gasmotor Bad Salzungen,TEAG Thüringer Energie AG,Erdgas,10.051,10.003,2018,36433,FALSE,NA,NA
SEE901752522324,Rheinhafen-Dampfkraftwerk RDK 8 Wasserturbine,EnBW Energie Baden-Württemberg AG,Wasser,1.8,1.8,2014,76189,FALSE,NA,NA
SEE905721866655,Fab Frechen,RWE Power AG,Braunkohle,82,56,1962,50226,FALSE,NA,NA
SEE915137840866,BHKW Hastedt Motor 05,swb Erzeugung AG & Co. KG,Erdgas,11.8096,11.6794,2022,28207,FALSE,NA,NA
SEE900040609433,SSW-NT,R.D.M. Arnsberg GmbH,Steinkohle,7,6.14,1957,59821,FALSE,NA,NA
SEE901022774309,illwerke vkw Lünerseewerk M4,EnBW Energie Baden-Württemberg AG,Pumpspeicher,56,56,1957,A-6774,FALSE,NA,NA
SEE901401382521,Tiefstack HKW 16bar-Turbine,Hamburger Energiewerke GmbH,Waerme,5,4.9,2001,22113,FALSE,NA,NA
SEE902114639810,Bitterfeld BHKW,envia THERM GmbH,Erdgas,2.478,2,2016,06749,FALSE,NA,NA
SEE909886576275,Weisweiler G VGT,RWE Power AG,Erdgas,202,200,2006,52249,FALSE,NA,NA
SEE911630335144,BHKW 4,AZV Südholstein,Biomasse,1.85,1.027,2012,25491,FALSE,NA,NA
SEE912257091857,Turbine 7,MHKW Müllheizkraftwerk Frankfurt am Main GmbH,Abfall,47.5,46.5,2005,60439,FALSE,NA,NA
SEE913609763316,Generator 1 Erdgas,Infraserv GmbH & Co. Wiesbaden KG,Erdgas,7.25,7,1981,65203,FALSE,NA,NA
SEE907703023742,IKW Batteriespeicher,ArcelorMittal Eisenhüttenstadt GmbH,Batteriespeicher,1.08,1.08,2014,15890,FALSE,NA,NA
SEE916115669219,Küstenkraftwerk K.I.E.L Motor 11,Stadtwerke Kiel AG,Erdgas,9.571,9.456,2018,24149,FALSE,NA,NA
SEE916609233650,DT Niehl 2 RheinEnergie,RheinEnergie AG,Waerme,147.001,147,2005,50735,FALSE,NA,NA
SEE901196452256,Turbine 4,essity Operations Mainz-Kostheim GmbH,Erdgas,7.18,6.71,1983,55246,FALSE,NA,NA
SEE906231810480,GT1,ADM Hamburg Aktiengesellschaft,Erdgas,5.688,5.538,2013,21107,FALSE,NA,NA
SEE906385906152,W065-Gebäude 120 / BHKW Modul 04,Firma Mercedes-Benz AG Werk 050 HPC NC50 LN-Nr.: 17319765,Erdgas,4.3,4.2,2012,40476,FALSE,NA,NA
SEE903779951637,"Motor-Heizkraftwerk Chemnitz-Süd, Motor 5",eins energie in sachsen GmbH & Co. KG,Erdgas,12.9,12.7314,2022,09125,FALSE,NA,NA
SEE903937301069,HKW Karcherstraße (GT4),SWK Stadtwerke Kaiserslautern Versorgungs-AG,Erdgas,5.1,5,1993,67655,FALSE,NA,NA
SEE903983424590,Kraftwerk Knapsack II,Statkraft Markets GmbH,Erdgas,450,430,2013,50354,FALSE,NA,NA
SEE904924198341,BioHKW II,Fernwärme Ulm GmbH,Biomasse,5,4.442,2012,89077,FALSE,NA,NA
SEE912224455828,"Motor-Heizkraftwerk Chemnitz-Süd, Motor 2",eins energie in sachsen GmbH & Co. KG,Erdgas,12.9,12.7314,2022,09125,FALSE,NA,NA
SEE915851127786,BHKW Schwarzer Weg,STAWAG – Stadt- und Städteregionswerke Aachen AG,Erdgas,22.535,21.505,2023,52070,FALSE,NA,NA
SEE900549498521,HKW FFO GM4,Stadtwerke Frankfurt (Oder) GmbH,Erdgas,10.423,10.3584,2022,15236,FALSE,NA,NA
SEE901440918859,RADAG M1,Rheinkraftwerk Albbruck-Dogern AG,Wasser,27.94,27.94,1934,79774,FALSE,NA,NA
SEE904165703137,GT1,BASF InfraService & Solutions Lausitz GmbH,Erdgas,52,51.35,1994,01987,FALSE,NA,NA
SEE914414538991,GuD Mitte GT12,BASF SE,Erdgas,206,204,2005,67063,FALSE,NA,NA
SEE907524301289,T/G 15,OXEA Produktion GmbH & Co.KG,Mineraloelprodukte,12,10,1954,46147,FALSE,NA,NA
SEE910562646632,Motor 2,Biomethan Produktion Ottersberg GmbH,Biomasse,1.048,1.048,2007,28870,FALSE,NA,other
SEE901516014812,Dampfturbine 1,Smurfit Westrock Herzberg Solid Board GmbH,Erdgas,2.84,2.64,1955,37412,FALSE,NA,NA
SEE904076796426,Küstenkraftwerk K.I.E.L Motor 4,Stadtwerke Kiel AG,Erdgas,9.571,9.456,2018,24149,FALSE,NA,NA
SEE905939296770,Küstenkraftwerk K.I.E.L Motor 13,Stadtwerke Kiel AG,Erdgas,9.571,9.456,2018,24149,FALSE,NA,NA
SEE908658611688,HuR-IKW-G4,H&R Chemisch Pharmazeutische Spezialitäten GmbH,Erdgas,6.035,6.02,1977,48499,FALSE,NA,NA
SEE913795928759,SMAREG9 Freiberg,SMAREG 9 GmbH & Co. KG,Batteriespeicher,20,20,2024,09599,FALSE,NA,NA
SEE914179988338,Turbine 6,Enertec Hameln GmbH,Abfall,4.25,2.55,1970,31789,FALSE,NA,NA
SEE914845982691,BESS Waltershausen,TS Carry 3 GmbH,Batteriespeicher,10.35,10.35,2025,99880,FALSE,NA,NA
SEE900348277440,BHKW Hafen - Modul 4,Jäckering Mühlen- und Nährmittelwerke GmbH,Erdgas,2.19,2.173,2013,59067,FALSE,NA,NA
SEE900364034072,Heizkraftwerk Heilbronn FHT 1,EnBW Energie Baden-Württemberg AG,Erdgas,6.5,6.5,2003,74076,FALSE,NA,NA
SEE900452778307,GGT HO B,Salzgitter Flachstahl GmbH,Sonstige Energietraeger (nicht erneuerbar),12,8.2,2012,38239,FALSE,NA,NA
SEE900664653232,Turbine 1,AMK-Abfallentsorgungsgesellschaft des Märkischen Kreises mbH,Abfall,13,10.7,1996,58636,FALSE,NA,NA
SEE905843309764,Batteriespeicher Emsland,RWE Supply & Trading GmbH,Batteriespeicher,45,45,2022,49808,FALSE,NA,NA
SEE908154984538,GT 1,Mohn Media Mohndruck GmbH,Erdgas,5.25,5.167,1994,33332,FALSE,NA,NA
SEE909727831365,Gasturbine Bad Salzungen,TEAG Thüringer Energie AG,Erdgas,10.005,9.829,1993,36433,FALSE,NA,NA
SEE910823058501,W08_B06_BHKW1+2,Dr. Ing. h.c. F. Porsche AG,Erdgas,1.998,1.998,2013,71287,FALSE,NA,NA
SEE913985941537,medl BHKW Broich Modul 2 neu,medl GmbH,Erdgas,2.673,2.673,2020,45479,FALSE,NA,NA
SEE915170466979,Vianden M2,RWE Generation SE,Pumpspeicher,100,100,1962,9463,FALSE,NA,NA
SEE918791805134,Turbine 23,INEOS Manufacturing Deutschland,Sonstige Energietraeger (nicht erneuerbar),17.9,15.5,1963,50769,FALSE,NA,NA
SEE903926257506,KW Häusern MS A2,Schluchseewerk AG,Pumpspeicher,30,30,1931,79837,FALSE,NA,NA
SEE904771605146,Biomassekraftwerk Emden,Statkraft Markets GmbH,Biomasse,20,20,2004,26725,FALSE,NA,NA
SEE904983741502,MHKW Mannheim Generator T60,MVV Umwelt Asset GmbH,Abfall,27.6,25.6,2010,68169,FALSE,NA,NA
SEE905366486355,IPH Strom VT4,Infraserv GmbH & Co. Höchst KG,Erdgas,27,26.8,2021,65929,FALSE,NA,NA
SEE906830618081,Fab Fortuna,RWE Power AG,Braunkohle,30,15,1948,50129,FALSE,NA,NA
SEE908746529123,GuD-Block 3,Stadtwerke Rostock Aktiengesellschaft,Erdgas,37,36,1996,18069,FALSE,NA,NA
SEE902096864651,Maschine 1,Mineraloelraffinerie Oberrhein,Mineraloelprodukte,12.5,11.3,1995,76187,FALSE,NA,NA
SEE902244404746,W059-RD_Geb. 122/3,Firma Mercedes-Benz AG Werk 050 HPC NC50 LN-Nr.: 17319765,Mineraloelprodukte,6.948,6.948,2015,70327,FALSE,NA,NA
SEE903702464654,PKV Dampfsammelschienen-KWK-Anlage Generator / Turbine GT 5,Papier- u. Kartonfabrik Varel GmbH & Co. KG,Erdgas,5.4,5.238,1989,26316,FALSE,NA,NA
SEE905716958785,trlyr 2,trlyr2 GmbH,Batteriespeicher,10,10,2024,94104,FALSE,NA,NA
SEE911836897996,Batteriespeicher Herdecke,RWE Supply & Trading GmbH,Batteriespeicher,6.25,6.25,2017,58313,FALSE,NA,NA
SEE912912423627,Expander,Mineraloelraffinerie Oberrhein,Mineraloelprodukte,19,18.9,1995,76187,FALSE,NA,NA
SEE913516809497,Datteln 4,Datteln 4 a.s & Co. KG,Steinkohle,1100,1052,2020,45711,FALSE,NA,NA
SEE917689107459,BESS Merseburg,Münch visiontec GmbH & Co. KG,Batteriespeicher,6.67,6.67,2023,06217,FALSE,NA,NA
SEE918583974024,Küstenkraftwerk K.I.E.L Motor 2,Stadtwerke Kiel AG,Erdgas,9.571,9.456,2018,24149,FALSE,NA,NA
SEE901523079712,SMAREG8 Calbe,SMAREG 8 GmbH & Co. KG,Batteriespeicher,20.5,20.5,2024,39240,FALSE,NA,NA
SEE904455926604,Turbine 4,Maxauer Papierfarbik GmbH,Waerme,20,19,2010,76187,FALSE,NA,NA
SEE906382407782,Pfrombach D F7,Uniper Kraftwerke GmbH,Wasser,4.38,4.38,1929,85368,FALSE,NA,NA
SEE908927793930,Regensburg KWK 2,BMW AG,Erdgas,2.678,2.624,2011,93055,FALSE,NA,NA
SEE911476679648,Serrig Maschine 1,RWE Generation Hydro GmbH,Wasser,6.05,6.05,1985,54441,FALSE,NA,NA
SEE911613995433,Kraftwerk Walheim GTD,EnBW Energie Baden-Württemberg AG,Mineraloelprodukte,143,136,1981,74399,FALSE,NA,NA
SEE912494745674,Pfrombach E F8,Uniper Kraftwerke GmbH,Wasser,14,14,1929,85368,FALSE,NA,NA
SEE905804223849,KW Laufenburg Maschine 1,naturenergie holding AG,Wasser,10.6,10.442,1990,5080,FALSE,NA,NA
SEE906074606738,Eitting D F1,Uniper Kraftwerke GmbH,Wasser,9,9,1925,85462,FALSE,NA,NA
SEE909400536488,WKW Rudolf-Fettweis-Werk NDW M1,EnBW Energie Baden-Württemberg AG,Wasser,1.27,1.27,1918,76596,FALSE,NA,NA
SEE905937514456,GT 4,Peissenberger Kraftwerksgesellschaft,Mineraloelprodukte,23.2,23.2,1982,83734,TRUE,2024,EnWG
SEE914878135613,HKW Potsdam-Süd Block2,Energie und Wasser Potsdam GmbH,Erdgas,42,40.9,1996,14478,FALSE,NA,NA
SEE916435406600,Küstenkraftwerk K.I.E.L Motor 9,Stadtwerke Kiel AG,Erdgas,9.571,9.456,2018,24149,FALSE,NA,NA
SEE900123363948,Kraftwerk Teufelsbruck MS4,VERBUND Innkraftwerke GmbH,Wasser,5,5,1938,83564,FALSE,NA,NA
SEE901884895389,Dampfturbine 1,Universitätsklinkum Freiburg und Bad Krozingen,Erdgas,12.988,12.8,2012,79106,FALSE,NA,NA
SEE904364883227,KonTu,Röhm GmbH,Erdgas,7.1,6.9,2012,67547,FALSE,NA,NA
SEE905229048430,GT8,EGGER Holzwerkstoffe Brilon GmbH & Co. KG,Erdgas,5,5,1998,59929,FALSE,NA,NA
SEE907828499484,F13G6,Henkel AG & Co. KGaA,Erdgas,20,18,1983,40589,FALSE,NA,NA
SEE910471578864,Heizkraftwerk an der Friedensbrücke DampfturbineII,Stadtwerke Würzburg AG,Erdgas,25.5,25,1993,97080,FALSE,NA,NA
SEE901604837408,Saalachkraftwerk E2,DB Energie GmbH,Wasser,1.28,1.28,1914,83435,FALSE,NA,NA
SEE905257392765,Kesselhaus,Cosun Beet Company GmbH & Co. KG,Erdgas,16,15,1993,17389,FALSE,NA,NA
SEE907731725434,BHKW Jungfernwiese - modernisiert,Stadtwerke Greifswald GmbH,Erdgas,4.5,4.45,2026,17489,FALSE,NA,NA
SEE910013400721,KW Laufenburg Maschine 2,naturenergie holding AG,Wasser,10.6,10.442,1990,5080,FALSE,NA,NA
SEE912975333499,UPM Schongau HKW 3 GT,UPM GmbH,Erdgas,47,44.328,2014,86956,FALSE,NA,NA
SEE901602471161,Alzwerk Maschine 1,Wacker Chemie,Wasser,10.08,10.08,1922,84489,FALSE,NA,NA
SEE903050601572,Turbine/Generator 9,Wacker Chemie,Erdgas,13.6,13.5,1987,84489,FALSE,NA,NA
SEE910475623805,Ofenlinie K3,ZAK Energie GmbH,Abfall,2.8,2.2,1984,87437,FALSE,NA,NA
SEE905714722562,Heizkraftwerk Stuttgart-Münster DT 15,EnBW Energie Baden-Württemberg AG,Erdgas,47.2,45,1984,70376,FALSE,NA,NA
SEE906215229154,MVA EEW Helmstedt,EEW Energy from Waste Helmstedt GmbH,Abfall,42.3,37.5,2014,38372,FALSE,NA,NA
SEE906312850534,Detzem Maschine 4,RWE Generation Hydro GmbH,Wasser,6,6,1962,54340,FALSE,NA,NA
SEE907030791383,BMHKW der ESWE BioEnergie,ESWE BioEnergie GmbH,Biomasse,11.4,10.5,2013,65205,FALSE,NA,NA
SEE910161577337,UER L57 M1,Currenta GmbH & Co. OHG,Steinkohle,18.2,17.097,1993,47829,FALSE,NA,NA
SEE916532936024,Batteriespeicher Westfalen 1,RWE Generation SE,Batteriespeicher,174.24,140,2024,59071,FALSE,NA,NA
SEE902796244388,Turbine 4,Sappi Alfeld,Erdgas,14,11,1970,31061,FALSE,NA,NA
SEE906889375157,Bittenbrunn E K2,Donau-Wasserkraft AG,Wasser,7,6.73,1969,86633,FALSE,NA,NA
SEE908089235248,Dormagen GT2,RWE Generation SE,Erdgas,189,184,2000,41540,FALSE,NA,NA
SEE911257641864,W065-Gebäude 120 / BHKW Modul 02,Firma Mercedes-Benz AG Werk 050 HPC NC50 LN-Nr.: 17319765,Erdgas,4.3,4.2,2012,40476,FALSE,NA,NA
SEE913911815888,Alzwerk Maschine 2,Wacker Chemie,Wasser,10.08,10.08,1922,84489,FALSE,NA,NA
SEE914989602134,IPH Strom GTX2,Infraserv GmbH & Co. Höchst KG,Erdgas,50,49.8,2011,65929,FALSE,NA,NA
SEE916030519361,TG-1902,Mineraloelraffinerie Oberrhein,Mineraloelprodukte,8.1,7.3,1995,76187,FALSE,NA,NA
SEE918037222657,PSW Hohenwarte 2 PSS C,Vattenfall Wasserkraft GmbH,Pumpspeicher,40,39.7,1965,07338,FALSE,NA,NA
SEE900963630248,Aufkirchen D F1,Uniper Kraftwerke GmbH,Wasser,9,9,1924,85445,FALSE,NA,NA
SEE905751443291,BHKW Hastedt Motor 06,swb Erzeugung AG & Co. KG,Erdgas,11.8096,11.6794,2022,28207,FALSE,NA,NA
SEE906681939748,BHKW Hafen - Modul 1,Jäckering Mühlen- und Nährmittelwerke GmbH,Erdgas,2.19,2.173,2013,59067,FALSE,NA,NA
SEE916041421592,NUKAspeicher,Allgäuer Überlandwerk GmbH,Batteriespeicher,1.718,1.718,2024,87448,FALSE,NA,NA
SEE921222366043,Batteriepark Metelen,Battery Park Metelen GmbH,Batteriespeicher,92.5,92.5,2026,48629,FALSE,NA,NA
SEE916697461249,Dingolfing K3,Uniper Kraftwerke GmbH,Wasser,5,5,1958,84130,FALSE,NA,NA
SEE902745894848,Aufkirchen E F1,Uniper Kraftwerke GmbH,Wasser,9,9,1924,85445,FALSE,NA,NA
SEE906061539261,"HKW Pfaffenwald, Generator 42",Universität Stuttgart,Erdgas,5.2,4.9,1988,70569,FALSE,NA,NA
SEE906691973961,medl BHKW Broich Modul 4,medl GmbH,Biomasse,1.999,1.999,2011,45479,FALSE,NA,NA
SEE908227299279,Vianden M4,RWE Generation SE,Pumpspeicher,100,100,1963,9463,FALSE,NA,NA
SEE916733797554,Turbine 1,Julius Glatz,Erdgas,4.5,4.15,1955,67468,FALSE,NA,NA
SEE917250397289,RKI Iffezheim M2,EnBW Energie Baden-Württemberg AG,Wasser,27,27,1978,76473,FALSE,NA,NA
SEE905108374407,BHKW Si Si307,Robert Bosch GmbH Schwieberdingen,Erdgas,1.56,1.472,2012,71701,FALSE,NA,NA
SEE907837230047,Prem K(Ro)1,Uniper Kraftwerke GmbH,Wasser,6.4,6.4,1971,86983,FALSE,NA,NA
SEE908836263777,IN_N19_KWKK_GT2,AUDI,Erdgas,5.1,4.985,1998,85057,FALSE,NA,NA
SEE914128531905,Euskirchen Generator 2,Pfeifer & Langen GmbH & Co. KG,Erdgas,6.6,6.232,1981,53879,FALSE,NA,NA
SEE912008346410,Dampfturbine,Baden Board GmbH,Waerme,10.8,10.8,1974,76593,FALSE,NA,other
SEE912020488365,Ruhrort 2,thyssenkrupp Steel Europe AG,Sonstige Energietraeger (nicht erneuerbar),64,59.6,1955,47166,FALSE,NA,NA
SEE900559860912,WUN Pellets - BHKW - Modul II,WUN Pellets GmbH,Erdgas,4.5,4.41,2018,95632,FALSE,NA,NA
SEE902009757629,Notstromdiesel,AVEA Entsorgungsbetriebe,Mineraloelprodukte,1.395,1.395,2010,51373,FALSE,NA,NA
SEE906899424722,S300 NT7,BASF SE,Waerme,24.5,24,2001,67063,FALSE,NA,NA
SEE908293161302,Dampfturbine 7,Buchmann Karton,Erdgas,10.8,10.8,2014,76855,FALSE,NA,NA
SEE908964165929,T-DT,SWE Energie GmbH,Erdgas,10.5,10.5,2022,99087,FALSE,NA,NA
SEE911179819280,Gottfrieding K2,Uniper Kraftwerke GmbH,Wasser,3,3,1974,84177,FALSE,NA,NA
SEE910623192382,Dampfturbine II Südzucker Offstein,Südzucker AG,Waerme,8.67,7.4891,1969,67283,FALSE,NA,NA
SEE918111432224,Turbinengenerator3-SiemensT1915,Sappi Ehingen GmbH,Erdgas,7.185,5.17,1961,89584,FALSE,NA,NA
SEE900610669775,PSW Hohenwarte 2 PSS H,Vattenfall Wasserkraft GmbH,Pumpspeicher,40,39.7,1966,07338,FALSE,NA,NA
SEE907282834715,"Kraftwerk VI, Block 61, GT611",SYNEQT GmbH,Erdgas,56.76,55.3,2022,45772,FALSE,NA,NA
SEE911129038174,BHKW-Anlage,Stadtwerke Cottbus GmbH,Erdgas,53.916,53.481,2022,03052,FALSE,NA,NA
SEE902378631681,Kraftwerk Jochenstein MS1,Donaukraftwerk Jochenstein AG,Wasser,26.4,26.4,1956,94107,FALSE,NA,NA
SEE905270326723,Großkayna GT3,envia THERM GmbH,Mineraloelprodukte,45.625,45.625,1994,06242,FALSE,NA,NA
SEE909400381729,Hemfurth F2,Uniper Kraftwerke GmbH,Wasser,10,10,1915,34549,FALSE,NA,NA
SEE912583238223,Gasmotor 3 Jena,TEAG Thüringer Energie AG,Erdgas,12.616,12.175,2022,07745,FALSE,NA,NA
SEE912827261192,Oberpeiching M2,LEW Wasserkraft,Wasser,6.15,6.145,1954,86698,FALSE,NA,NA
SEE914688001801,DT 2 (KKK),Smurfit Westrock Hoya Paper & Board GmbH,Erdgas,4.52,4.339,1996,27318,FALSE,NA,NA
SEE914857304191,Dormagen GT1,RWE Generation SE,Erdgas,189,184,2000,41540,FALSE,NA,NA
SEE901410470721,GT3,DREWAG - Stadtwerke Dresden GmbH,Erdgas,65,62,1995,01159,FALSE,NA,NA
SEE906636749798,KW Säckingen A7,Schluchseewerk AG,Pumpspeicher,90,90,1966,79713,FALSE,NA,NA
SEE908119179962,HDH_004_Industrieheizkraftwerk-Heidenheim_GM4,J. M. Voith SE & Co. KG,Erdgas,3.884,3.725,1999,89522,FALSE,NA,NA
SEE909212211870,SMAREG6 Gunzenhausen,SMAREG 6 GmbH & Co. KG,Batteriespeicher,32.04,32.04,2024,91710,FALSE,NA,NA
SEE911454349471,Batteriespeicher Garzweiler,RWE Battery Solutions GmbH,Batteriespeicher,6.5,6.5,2023,50181,FALSE,NA,NA
SEE913282681389,Dampfturbine I Südzucker Plattling,Südzucker AG,Waerme,7.1,6.7895,1962,94447,FALSE,NA,NA
SEE925192446583,Emsland C GT2,RWE Generation SE,Erdgas,60,58,2011,49808,FALSE,NA,NA
SEE925683830624,Dampfturbine II Südzucker Offenau,Südzucker AG,Waerme,8.64,7.344,1971,74254,FALSE,NA,NA
SEE927234931354,Kraftwerk Teufelsbruck MS3,VERBUND Innkraftwerke GmbH,Wasser,5,5,1938,83564,FALSE,NA,NA
SEE903171052819,Biomasseheizkraftwerk,Mercer Timber Products GmbH,Biomasse,16.113,12.89,2008,07929,FALSE,NA,NA
SEE909002940690,GKM Block 6,Grosskraftwerk Mannheim,Steinkohle,280,255,2005,68199,FALSE,NA,NA
SEE909599581535,Pfreimd T1,ENGIE Deutschland Erneuerbare GmbH,Pumpspeicher,29,29,1959,92723,FALSE,NA,NA
SEE914474474840,Ekol,Borchers Biomassekraftwerk GmbH,Biomasse,7.72,7.72,2006,46325,FALSE,NA,NA
SEE930322571356,KWK006-2,SWK ENERGIE GmbH,Erdgas,4.3,4.241,2013,47804,FALSE,NA,NA
SEE908238702164,Turboeinheit 1 Dampfturbine 60 t Gen 10 MW,Bayer AG Berlin,Erdgas,9.8,9.4,1973,13353,FALSE,NA,NA
SEE909438607068,IPH Strom VT3,Infraserv GmbH & Co. Höchst KG,Erdgas,13,12.9,2021,65929,FALSE,NA,NA
SEE910326850336,Regensburg KWK 1,BMW AG,Erdgas,2.678,2.678,2011,93055,FALSE,NA,NA
SEE912155078967,"GG III 8.111,04 kWp (Teil I) Speicher",JS Energiepark Groß Godems GmbH & Co. KG,Batteriespeicher,3,3,2025,19372,FALSE,NA,NA
SEE918067363207,Happurg F4,Uniper Kraftwerke GmbH,Pumpspeicher,40,40,1958,91230,FALSE,NA,NA
SEE918483749111,Müden Maschine 3,RWE Generation Hydro GmbH,Wasser,4.1,4.1,1965,56254,FALSE,NA,NA
SEE918609979057,Heizkraftwerk Leipzig Süd GTA 9A,Stadtwerke Leipzig GmbH,Erdgas,66.766,66.321,2022,04279,FALSE,NA,NA
SEE904859529197,ZF-FRD-W04-G32-Prüfstand-B03,ZF Friedrichshafen AG,Mineraloelprodukte,1.756,1.756,2021,88046,FALSE,NA,NA
SEE908040387344,BHKW1,DFS Energy GmbH,Erdgas,2.005,1.9805,2014,63225,FALSE,NA,NA
SEE912681231416,Anlage 2009,Mercer Torgau GmbH & Co. KG,Biomasse,2.59,2.578,2009,04860,FALSE,NA,NA
SEE923480872250,PSW Geesthacht PSS B,Vattenfall Wasserkraft GmbH,Pumpspeicher,40,39.7,1958,21502,FALSE,NA,NA
SEE900295294101,BHKW Obere Viehweide M4 (Waldhäuser Str 100),Stadtwerke Tübingen GmbH,Erdgas,3.352,3.233,2013,72076,FALSE,NA,NA
SEE907370296296,MKW SAD Turbine 5,Zweckverband Müllverwertung Schwandorf,Abfall,30,30,1992,92421,FALSE,NA,NA
SEE909007092769,Merching K(Ro)1,Uniper Kraftwerke GmbH,Wasser,4.5,4,1978,86504,FALSE,NA,NA
SEE911671792326,Emsland D GT1,RWE Generation SE,Erdgas,297.93,293.5,2010,49808,FALSE,NA,NA
SEE913556136355,Rheinfelden Dampfturbine,Evonik Operations GmbH,Erdgas,6.43,6.43,2006,79618,FALSE,NA,NA
SEE901925227438,DT,Mohn Media Mohndruck GmbH,Erdgas,6.46,6.358,1994,33332,FALSE,NA,NA
SEE903949785369,Vianden M5,RWE Generation SE,Pumpspeicher,100,100,1963,9463,FALSE,NA,NA
SEE904819420762,HKW Mitte Gasturbine 1,BEW Berliner Energie und Wärme GmbH,Erdgas,172,164,1997,10179,FALSE,NA,NA
SEE905930139120,Big Battery Lausitz,Lausitz Energie Kraftwerke AG,Batteriespeicher,66,66,2020,03130,FALSE,NA,NA
SEE908495409905,KW Waldshut MS B6,Schluchseewerk AG,Pumpspeicher,44,44,1952,79761,FALSE,NA,NA
SEE913862454280,Hybridregelkraftwerk,swb Erzeugung AG & Co. KG,Batteriespeicher,18,18,2019,28207,FALSE,NA,NA
SEE914662265496,Dampfturbine AEG Kanis,WMF GmbH,Waerme,5.5,5.47,1965,73312,FALSE,NA,NA
SEE914187135533,Maschine 2,Mineraloelraffinerie Oberrhein,Mineraloelprodukte,12.5,11.3,1995,76187,FALSE,NA,NA
SEE917096062495,KWK Anlage Großenkneten,ExxonMobil Production Deutschland GmbH,Erdgas,30.496,30.16,2014,26197,FALSE,NA,NA
SEE918093565491,Speicher GG III (Teil 2),JS Energiepark Groß Godems GmbH & Co. KG,Batteriespeicher,7,7,2025,19372,FALSE,NA,NA
SEE901268232014,trlyr 4,trlyr 4 GmbH & Co. KG,Batteriespeicher,15.804,15.804,2025,04720,FALSE,NA,NA
SEE906120609386,DTS 2,Essity Operations Mannheim GmbH,Erdgas,28.5,28.448,1969,68305,FALSE,NA,NA
SEE911689709217,Dampfturbine 2,Smurfit Westrock Herzberg Solid Board GmbH,Erdgas,6.4,6,1957,37412,FALSE,NA,NA
SEE917331286914,Werk 1.1 KWK 2,BMW AG,Erdgas,4.5,4.5,2019,80809,FALSE,NA,NA
SEE918143230942,Walsum 10,STEAG Power GmbH,Steinkohle,790,725,2013,47179,FALSE,NA,NA
SEE921059219284,Küstenkraftwerk K.I.E.L Motor 7,Stadtwerke Kiel AG,Erdgas,9.571,9.456,2018,24149,FALSE,NA,NA
SEE915985628661,Pumpspeicherkraftwerk Erzhausen,Statkraft Markets GmbH,Pumpspeicher,220,200,1964,37574,FALSE,NA,NA
SEE920999677857,Bergheim E K3,Donau-Wasserkraft AG,Wasser,8.3,7.9,1970,86673,FALSE,NA,NA
SEE921905907730,Niederaußem G,RWE Power AG,Braunkohle,668,628,1974,50129,FALSE,NA,NA
SEE900128586359,HKW-Sandreuth (Müll),N-ERGIE Kraftwerke GmbH,Waerme,26.28,18.8,1992,90441,FALSE,NA,NA
SEE901248773803,Ettling K3,Uniper Kraftwerke GmbH,Wasser,4.1,4.1,1988,94522,FALSE,NA,NA
SEE901980882672,KW Kühtai - Maschine 2,TIWAG-Tiroler Wasserkraft AG,Pumpspeicher,144.5,144.5,1981,6183,FALSE,NA,NA
SEE902845037787,Werk 1.1 KWK 3,BMW AG,Erdgas,4.5,4.5,2019,80809,FALSE,NA,NA
SEE913088869400,Kombi-HKW GT1,Städtische Werke Energie + Wärme GmbH,Erdgas,15.68,15.29,2021,34134,FALSE,NA,NA
SEE929516405690,BMK Lünen,BMK Biomassekraftwerk Lünen GmbH,Biomasse,20.5,18.5,2006,44536,FALSE,NA,NA
SEE930277153294,Mitte BHKW 2 Modul 7,Stadtwerke Duisburg AG,Erdgas,4.5,4.472,2023,47053,FALSE,NA,NA
SEE930322142068,KW Säckingen B8,Schluchseewerk AG,Pumpspeicher,90,90,1967,79713,FALSE,NA,NA
SEE931018364146,KW Wehr MS A10,Schluchseewerk AG,Pumpspeicher,227.5,227.5,1975,79664,FALSE,NA,NA
SEE902474184968,Biomethan BHKW 1 Hannover Stöcken,BEH Bioenergie Hannover GmbH,Biomasse,4.5,4.5,2024,30419,FALSE,NA,NA
SEE909387693235,KWK Gütersloh,Pfleiderer Gütersloh GmbH,Biomasse,13.309,12.1,2000,33332,FALSE,NA,NA
SEE912906399075,HKW Eltmann,Palm Power GmbH & Co. KG,Erdgas,75.185,75.185,2017,97483,FALSE,NA,NA
SEE922911017253,Wintrich Maschine 2,RWE Generation Hydro GmbH,Wasser,5,5,1965,54487,FALSE,NA,NA
SEE915885358156,HKW III  Block B,Stadtwerke Duisburg AG,Erdgas,75.3,75.2,2004,47249,FALSE,NA,NA
SEE916134140720,Biomassekraftwerk Landesbergen,Statkraft Markets GmbH,Biomasse,20,20,2003,31628,FALSE,NA,NA
SEE918705951896,GT2,BASF InfraService & Solutions Lausitz GmbH,Erdgas,40.94,40.428,1994,01987,FALSE,NA,NA
SEE905192478234,Knapsack I - Gasturbine GT12,Knapsack Power GmbH & Co. KG,Erdgas,295,295,2007,50354,FALSE,NA,NA
SEE906326984744,Weiher 3,STEAG Power GmbH,Steinkohle,724,655.6,1976,66287,FALSE,NA,reserve
SEE916264433549,KWK-Modul 3-H Gotha West,Gothaer Stadtwerke ENERGIE,Erdgas,3.36,3.3314,2017,99867,FALSE,NA,NA
SEE916286398239,W059-RD_Geb. 130/8_1001-1029,Firma Mercedes-Benz AG Werk 050 HPC NC50 LN-Nr.: 17319765,Mineraloelprodukte,9.042,9.042,2015,70327,FALSE,NA,NA
SEE916662059105,GuD-Block 1,Stadtwerke Rostock Aktiengesellschaft,Erdgas,37,36,1996,18069,FALSE,NA,NA
SEE918028674410,GM9,Stadtwerke Rosenheim GmbH & Co. KG,Erdgas,4.502,4.457,2023,83022,FALSE,NA,NA
SEE920575296687,"Kraftwerk VII, Block 71, GT711",SYNEQT GmbH,Erdgas,57.21,55.77,2022,45772,FALSE,NA,NA
SEE921509939243,PASM Großspeicher Bamberg I (Intillion),PASM GmbH,Batteriespeicher,5.4,5.4,2024,96050,FALSE,NA,NA
SEE902329484380,Dampfturbine I Südzucker Wabern,Südzucker AG,Waerme,12.54,11.8754,1976,34590,FALSE,NA,NA
SEE910204132950,KW Wyhlen Francis 09,naturenergie hochrhein AG,Wasser,2.184,2.166,1912,79639,FALSE,NA,NA
SEE908096553144,GBS 2 KW Bexbach,Iqony Battery System,Batteriespeicher,15,15,2016,66450,FALSE,NA,NA
SEE909106315790,TG-1904,Mineraloelraffinerie Oberrhein,Mineraloelprodukte,15,13.5,1995,76187,FALSE,NA,NA
SEE914018262315,016 BHKW Modul 3,Universitätsklinikum Bonn,Erdgas,2.05,2.05,2016,53127,FALSE,NA,NA
SEE921877855527,Gasturbine 01 Industriekraftwerk,Solvay GmbH,Erdgas,63.5,58.5,2019,06406,FALSE,NA,NA
SEE902489482608,KW Laufenburg Maschine 4,naturenergie holding AG,Wasser,10.6,10.442,1990,5080,FALSE,NA,NA
SEE905731198661,"Duotherm-Anlage, Biomasse",Bremerhavener Entsorgungsgesellschaft mbH,Biomasse,5,5,2002,27570,FALSE,NA,NA
SEE913203719740,GKW,AG der Dillinger Hüttenwerke,Sonstige Energietraeger (nicht erneuerbar),95.558,89.337,2009,66763,FALSE,NA,NA
SEE913198518410,KW Waldshut MS B5,Schluchseewerk AG,Pumpspeicher,44,44,1952,79761,FALSE,NA,NA
SEE921316314745,BHKW Obere Viehweide M3 (Waldhäuser Str 100),Stadtwerke Tübingen GmbH,Erdgas,3.352,3.288,2013,72076,FALSE,NA,NA
SEE925388069183,HKW Schwarza GT 6,TWS Thüringer Wärme Service GmbH,Erdgas,5.014,4.939,1992,07407,FALSE,NA,NA
SEE901506319514,WKW Rudolf-Fettweis-Werk Murgwerk M3,EnBW Energie Baden-Württemberg AG,Wasser,4.4,4.4,1918,76596,FALSE,NA,NA
SEE902932530221,Second Foundation BESS Oberröblingen,BESS Oberröblingen GmbH & Co. KG,Batteriespeicher,13.8,13.8,2025,06526,FALSE,NA,NA
SEE907667929555,HKW Dresden-Nord,DREWAG - Stadtwerke Dresden GmbH,Erdgas,12,11.5,2018,01099,FALSE,NA,NA
SEE913896693631,Tiefstack GuD GT41,Hamburger Energiewerke GmbH,Erdgas,51,50,2009,22113,FALSE,NA,NA
SEE918928929085,illwerke vkw Rodundwerk I M4,EnBW Energie Baden-Württemberg AG,Wasser,50,50,1943,A-6773,FALSE,NA,NA
SEE922579581844,GT2,Smurfit Westrock Zülpich Paper GmbH,Erdgas,5.9895,4.946,1996,53909,FALSE,NA,NA
SEE924053403383,"Shell Energy and Chemicals Park, Kraftwerk Wesseling, Turbine 5",Shell Deutschland GmbH,Mineraloelprodukte,34.3,34.3,1979,50389,FALSE,NA,NA
SEE904161631090,Heizkraftwerk Altbach/Deizisau GT C,EnBW Energie Baden-Württemberg AG,Erdgas,87,81,1975,73776,FALSE,NA,NA
SEE907389779292,Boxberg Block Q,Lausitz Energie Kraftwerke AG,Braunkohle,893,840,2000,02943,FALSE,NA,NA
SEE907892165506,Cuno Heizkraftwerk Herdecke BHKW1,Mark-E Aktiengesellschaft,Erdgas,1.988,1.95,2004,58313,FALSE,NA,NA
SEE912160334607,Leuna GT2,TotalEnergies Raffinerie Mitteldeutschland GmbH,Erdgas,37.6,37,1994,06237,FALSE,NA,NA
SEE928076311489,Fernwärmekraftwerk Kassel DT2,Städtische Werke Energie + Wärme GmbH,Braunkohle,38,33.5,1989,34134,FALSE,NA,NA
SEE928761575349,EEW Großräschen GmbH,EEW Energy from Waste Großräschen GmbH,Abfall,25,25,2008,01983,FALSE,NA,NA
SEE927787059284,BHKW Hastedt Motor 04,swb Erzeugung AG & Co. KG,Erdgas,11.8096,11.6794,2022,28207,FALSE,NA,NA
SEE933236950972,Scholven C,Uniper Kraftwerke GmbH,Steinkohle,370,345,1969,45896,FALSE,NA,other
SEE933564106935,Emsland B GT1,RWE Generation SE,Erdgas,60,58,2011,49808,FALSE,NA,NA
SEE933767950021,AEG,Borchers Biomassekraftwerk GmbH,Biomasse,3.705,3.705,2006,46325,FALSE,NA,NA
SEE922286010279,TEAtherm,TEAtherm GmbH,Biomasse,9.68,9.68,2007,91550,FALSE,NA,NA
SEE925056670925,M_01.2,Ahrtal-Werke GmbH,Erdgas,4.391,4.337,2022,53474,FALSE,NA,NA
SEE925411264011,Turbine 5,EGK Entsorgungsgesellschaft Krefeld GmbH & Co. KG,Waerme,2.9,1.93,1997,47829,FALSE,NA,NA
SEE925720506642,Kraftwerk WI GT,K+S Minerals and Agriculture GmbH,Erdgas,17.5,16.8,1962,36266,FALSE,NA,NA
SEE902444234136,Eitting E F2,Uniper Kraftwerke GmbH,Wasser,9,9,1925,85462,FALSE,NA,NA
SEE904017020009,ET HO5,ROGESA Roheisengesellschaft Saar mbH,Sonstige Energietraeger (nicht erneuerbar),9.52,9.52,1984,66763,FALSE,NA,NA
SEE923058511512,Ettling K2,Uniper Kraftwerke GmbH,Wasser,4.1,4.1,1988,94522,FALSE,NA,NA
SEE923943268279,Kraftwerk Jänschwalde Block D,Lausitz Energie Kraftwerke AG,Braunkohle,535,500,1985,03185,FALSE,NA,NA
SEE930647914081,Gasmotoren-Heizkraftwerk Dresden-Reick - Aggregat III,DREWAG - Stadtwerke Dresden GmbH,Erdgas,11.76,11.5,2022,01277,FALSE,NA,NA
SEE941552924256,Küstenkraftwerk K.I.E.L Motor 15,Stadtwerke Kiel AG,Erdgas,9.571,9.456,2018,24149,FALSE,NA,NA
SEE947313574326,Kraftwerk Rosenheim MS3,VERBUND Innkraftwerke GmbH,Wasser,11.7,11.7,1960,83101,FALSE,NA,NA
SEE948869114622,Turbosatz 4,Gebr. Lang GmbH Papierfabrik,Erdgas,7.028,6.6104,1999,86833,FALSE,NA,NA
SEE932259668697,Unterbergen K(Ro)1,Uniper Kraftwerke GmbH,Wasser,4.7,4.067,1983,86511,FALSE,NA,NA
SEE932845933635,Vianden M11,RWE Generation SE,Pumpspeicher,198,198,2015,9463,FALSE,NA,NA
SEE916571034606,Bertoldsheim E K3,Donau-Wasserkraft AG,Wasser,6.6,6.3,1967,86643,FALSE,NA,NA
SEE921449009914,Dampfturbine IV CropEnergies Zeitz,CropEnergies Bioethanol GmbH,Erdgas,20.273,17.773,2004,06712,FALSE,NA,NA
SEE925652456091,Müllheizkraftwerk Kassel M7,Müllheizkraftwerk Kassel GmbH,Abfall,10.5,8,1985,34123,FALSE,NA,NA
SEE903626449133,Faimingen M1,EnBW Energie Baden-Württemberg AG,Wasser,5.05,5.045,1965,89415,FALSE,NA,NA
SEE905647753862,Partition_3,BMW AG,Batteriespeicher,3.4,3.4,2017,04349,FALSE,NA,NA
SEE911430024132,KW Wyhlen Francis 08,naturenergie hochrhein AG,Wasser,2.184,2.166,1912,79639,FALSE,NA,NA
SEE921196877927,KW Wyhlen Francis 06,naturenergie hochrhein AG,Wasser,2.184,2.166,1912,79639,FALSE,NA,NA
SEE921830733190,BMHKW Malchin DT,envia THERM GmbH,Biomasse,10.626,10.626,2003,17139,FALSE,NA,NA
SEE909339504022,SSW-VT,R.D.M. Arnsberg GmbH,Steinkohle,7,6.14,1957,59821,FALSE,NA,NA
SEE910823411191,Werk 1.1 KWK 1,BMW AG,Erdgas,4.5,4.5,2019,80809,FALSE,NA,NA
SEE909553236495,Turbine Pronsfeld,Arla Foods Deutschland GmbH,Erdgas,12.982,12.255,2021,54597,FALSE,NA,NA
SEE912351283974,Kraftwerk Braunau-Simbach MS2,Österreichisch-Bayerische Kraftwerke AG,Wasser,25.6,25.6,1954,84375,FALSE,NA,NA
SEE915289541482,HKW West Block 3,Mainova AG,Steinkohle,69.5,61.5,1990,60327,FALSE,NA,NA
SEE915426748132,Block 6 Merkenich RheinEnergie,RheinEnergie AG,Braunkohle,85.2,75.3,2010,50769,TRUE,2025,KVBG
SEE919412154723,Dingolfing K2,Uniper Kraftwerke GmbH,Wasser,5,5,1957,84130,FALSE,NA,NA
SEE919939073064,GT 31 GuD Süd Wolfsburg,VW Kraftwerk GmbH,Erdgas,49.5,49.4,2021,38440,FALSE,NA,NA
SEE902238950303,IPH Strom GT1,Infraserv GmbH & Co. Höchst KG,Erdgas,10.8,9.9,1958,65929,FALSE,NA,NA
SEE902382668932,PSW Hohenwarte 2 PSS B,Vattenfall Wasserkraft GmbH,Pumpspeicher,40,39.7,1965,07338,FALSE,NA,NA
SEE907276435515,BMKW Mannheim,MVV Umwelt Asset GmbH,Biomasse,20,16.1,2003,68169,FALSE,NA,NA
SEE921098709050,Emsland C GT1,RWE Generation SE,Erdgas,60,58,2011,49808,FALSE,NA,NA
SEE922395631839,Block1,Salzgitter Flachstahl GmbH,Sonstige Energietraeger (nicht erneuerbar),110,97,2010,38239,FALSE,NA,NA
SEE900291433160,Hybridspeicher AU,Allgäuer Überlandwerk GmbH,Batteriespeicher,16,16,2018,87477,FALSE,NA,NA
SEE900403199748,Heizkraftwerk Halle-Trotha - Dampfturbine,Heizkraftwerk Halle-Trotha GmbH,Erdgas,12.471,12.1585,1994,06118,FALSE,NA,NA
SEE900957573537,KT1,InfraLeuna GmbH,Waerme,21.6,20,2010,06237,FALSE,NA,NA
SEE902215081075,M_01,Ahrtal-Werke GmbH,Erdgas,2.004,1.993,2016,53474,TRUE,2026,other
SEE904887370686,DT1,InfraLeuna GmbH,Waerme,9.1,8.7,1994,06237,FALSE,NA,NA
SEE915098640406,ZI TR GT2,K+S Minerals and Agriculture GmbH,Erdgas,5.592,5.5,1997,39326,FALSE,NA,NA
SEE912764206645,HKW - GuD1,Erlanger Stadtwerke AG,Erdgas,12.7,12.405,2005,91052,FALSE,NA,NA
SEE922849915072,MVA Hamm Turbine 1,MHB Hamm Betriebsführungsgesellschaft mbH,Abfall,9.094,6.6,1985,59075,FALSE,NA,NA
SEE926614659772,BMHKW,EBE Holzheizkraftwerk GmbH,Biomasse,23,20.8,2006,49824,FALSE,NA,NA
SEE900100287427,GT2,Grace GmbH,Erdgas,6.5,6.41,1991,67547,FALSE,NA,NA
SEE907943989181,KW Nußdorf MS1 (im Besitz von Innwerk und ÖBK),Innwerk AG,Wasser,26.5,26.5,1982,83131,FALSE,NA,NA
SEE912440649056,Euskirchen Generator 3,Pfeifer & Langen GmbH & Co. KG,Braunkohle,1.2,1.133,1980,53879,TRUE,2022,KVBG
SEE934927915690,Rheinhafen- Dampfkraftwerk RDK 4S GT,EnBW Energie Baden-Württemberg AG,Erdgas,239,239,1998,76189,FALSE,NA,reserve
SEE935086224739,Heizkraftwerk Heilbronn HLB 6,EnBW Energie Baden-Württemberg AG,Steinkohle,137,125,1966,74076,FALSE,NA,reserve
SEE935359739632,Merching K(Ro)3,Uniper Kraftwerke GmbH,Wasser,4.5,4,1978,86504,FALSE,NA,NA
SEE936196276359,Heizkraftwerk Leipzig Nord GT82,Stadtwerke Leipzig GmbH,Erdgas,65.867,64.603,2022,04105,FALSE,NA,NA
SEE929808661773,SEDE607510036,ENGIE Deutschland GmbH,Erdgas,4.5,4.472,2018,07546,FALSE,NA,NA
SEE930596800480,Gasturbinenkraftwerk Ahrensfelde GT A,Lausitz Energie Kraftwerke AG,Erdgas,38.34,37.104,1990,16356,FALSE,NA,reserve
SEE932109633288,Schwabstadl K(Ro)1,Uniper Kraftwerke GmbH,Wasser,4.3,4,1981,86937,FALSE,NA,NA
SEE943600523558,BES NM,BESS Neumünster GmbH & Co. KG,Batteriespeicher,24.5,24.5,2024,24536,FALSE,NA,NA
SEE916683222854,UER L57 M3,Currenta GmbH & Co. OHG,Steinkohle,7.692,7.225,1964,47829,FALSE,NA,NA
SEE920332685334,PASM Großspeicher Hannover I (Intillion),PASM GmbH,Batteriespeicher,5.4,5.4,2025,30625,FALSE,NA,NA
SEE920872442510,Detzem Maschine 3,RWE Generation Hydro GmbH,Wasser,6,6,1962,54340,FALSE,NA,NA
SEE923401813959,GuD Lichterfelde Gasturbine,BEW Berliner Energie und Wärme GmbH,Erdgas,190,185,2019,12207,FALSE,NA,NA
SEE935397901879,Turbine 21,INEOS Manufacturing Deutschland,Sonstige Energietraeger (nicht erneuerbar),17.9,15.5,1964,50769,FALSE,NA,NA
SEE937978171572,Turbine 2,AMK-Abfallentsorgungsgesellschaft des Märkischen Kreises mbH,Abfall,6.6,3.4,1981,58636,FALSE,NA,NA
SEE940200876787,BHKW Hastedt Motor 08,swb Erzeugung AG & Co. KG,Erdgas,11.8096,11.6794,2022,28207,FALSE,NA,NA
SEE941548257580,Kraftwerk Gars MS5,VERBUND Innkraftwerke GmbH,Wasser,5,5,1938,83536,FALSE,NA,NA
SEE942019110397,HKW Sandreuth (GT2),N-ERGIE Kraftwerke GmbH,Erdgas,53.637,53,2005,90441,FALSE,NA,NA
SEE943841929270,AHKW HD Turbine,AVA Abfallverwertung Augsburg Kommunalunternehmen,Abfall,8.22,7.97,1994,86167,FALSE,NA,NA
SEE946412220059,RKI Iffezheim M5,EnBW Energie Baden-Württemberg AG,Wasser,38.85,38.85,2013,76473,FALSE,NA,NA
SEE903153060207,Dampfturbine9,Cerdia Produktions GmbH,Erdgas,19.017,18.339,2020,79108,FALSE,NA,NA
SEE904677108444,Linie 1 (Kessel 5_Turbine 1)_Komplex 04-01/04,SchwörerHaus KG,Biomasse,3.44,3.44,1995,72531,FALSE,NA,NA
SEE907064154956,Kraftwerk HA GT1,K+S Minerals and Agriculture GmbH,Erdgas,6.765,5.67,2017,36269,FALSE,NA,NA
SEE914513090444,Wintrich Maschine 1,RWE Generation Hydro GmbH,Wasser,5,5,1965,54487,FALSE,NA,NA
SEE915108754215,Kraftwerk Basell Wesseling,Basell Polyolefine GmbH,Mineraloelprodukte,102,90,1962,50389,FALSE,NA,NA
SEE921572088800,Müllverbrennungsanlage - EEW Stavenhagen GmbH & Co KG,EEW Energy from Waste Stavenhagen GmbH & Co KG,Abfall,10,10,2008,17153,FALSE,NA,NA
SEE921679055279,Gottfrieding K1,Uniper Kraftwerke GmbH,Wasser,3,3,1978,84177,FALSE,NA,NA
SEE923433960119,Batteriespeicher Dresden - Reick,DREWAG - Stadtwerke Dresden GmbH,Batteriespeicher,2,1.95,2015,01277,FALSE,NA,NA
SEE928715410504,Gummering K2,Uniper Kraftwerke GmbH,Wasser,5.5,5.5,1957,84183,FALSE,NA,NA
SEE932235962276,BHKW 2 Modul 2,Airbus Operations,Erdgas,4.315,4.119,2013,21129,FALSE,NA,NA
SEE906834978235,Lage Generator 2,Pfeifer & Langen GmbH & Co. KG,Steinkohle,4.48,4.077,1962,32791,FALSE,NA,NA
SEE909689464656,ET Prozessdampf,thyssenkrupp Steel Europe AG,Sonstige Energietraeger (nicht erneuerbar),1.2,1.2,2013,47166,FALSE,NA,NA
SEE914143996840,GT3,Sasol Germany GmbH,Erdgas,7.486,7.428,2020,25541,FALSE,NA,NA
SEE914931712744,HK_001_Industrieheizkraftwerk-Walsrode_BHKW-GM1,EnBW Contracting GmbH,Erdgas,3.2,3.2,2019,29699,FALSE,NA,NA
SEE916274994887,bnBm Gaskraftwerk Leipheim,Gaskraftwerk Leipheim GmbH & Co. KG,Erdgas,311.6,310,2023,89340,FALSE,NA,reserve
SEE917110358740,Steinbeis Energie EBS Kessel 6,Steinbeis Energie GmbH,Abfall,21.4,17,2010,25348,FALSE,NA,NA
SEE920405564993,Kraftwerk Stammham MS2,VERBUND Innkraftwerke GmbH,Wasser,7.733,7.733,1955,84533,FALSE,NA,NA
SEE925023182710,Alzwerk Maschine 5,Wacker Chemie,Wasser,10.08,10.08,1923,84489,FALSE,NA,NA
SEE918046145015,illwerke vkw Lünerseewerk M3,EnBW Energie Baden-Württemberg AG,Pumpspeicher,56,56,1957,A-6774,FALSE,NA,NA
SEE918648599230,Zolling Biomasse-HKW,Biomasseheizkraftwerk Zolling GmbH,Biomasse,19.975,19.5,2003,85406,FALSE,NA,NA
SEE908082298592,W059-RD_Geb. 122/IV_0450-0459,Firma Mercedes-Benz AG Werk 050 HPC NC50 LN-Nr.: 17319765,Mineraloelprodukte,7.086,7.086,2015,70327,FALSE,NA,NA
SEE918573116014,Serrig Maschine 2,RWE Generation Hydro GmbH,Wasser,6.05,6.05,1985,54441,FALSE,NA,NA
SEE921862229227,Pumpspeicherwerk Rönkhausen PSW2,Mark-E Aktiengesellschaft,Pumpspeicher,69,69,2019,57413,FALSE,NA,NA
SEE925067145375,GUD-1-7 (iKWK),Stadtwerke Münster GmbH,Erdgas,4.5,4.4,2025,48155,FALSE,NA,NA
SEE925189660817,Prüfstand 8,Rolls-Royce Solutions Augsburg GmbH,Erdgas,3.2,3.15,2004,86165,FALSE,NA,NA
SEE901345486644,PSW Goldisthal PSS D,Vattenfall Wasserkraft GmbH,Pumpspeicher,265,263,2004,98746,FALSE,NA,NA
SEE902226350702,BESS Leer Nord,SWO Energie Leer Nord GmbH,Batteriespeicher,15.36,15.36,2026,26789,FALSE,NA,NA
SEE903604447151,E-BHKW,SWP Stadtwerke Pforzheim,Erdgas,1.999,1.899,2017,75175,FALSE,NA,NA
SEE912463283787,GM1,Stadtwerke Rosenheim GmbH & Co. KG,Biomasse,3.352,3.285,2011,83022,FALSE,NA,NA
SEE916495905242,HKW III  Block B,Stadtwerke Duisburg AG,Waerme,88.3,84,2005,47249,FALSE,NA,NA
SEE917211801770,UPM Schongau DKW T4,UPM GmbH,Erdgas,45,32,1968,86956,FALSE,NA,reserve
SEE917960395155,Nordland GuD-Anlage Gasturbine,Nordland Papier GmbH,Erdgas,61.492,58.681,2022,26892,FALSE,NA,NA
SEE922855765289,HKW III  Block B,Stadtwerke Duisburg AG,Erdgas,75.3,75.2,2004,47249,FALSE,NA,NA
SEE923389370246,Kraftwerk Neuötting MS1,VERBUND Innkraftwerke GmbH,Wasser,8.7,8.7,1951,84524,FALSE,NA,NA
SEE925570951074,Kraftwerk Neuötting MS2,VERBUND Innkraftwerke GmbH,Wasser,8.7,8.7,1951,84524,FALSE,NA,NA
SEE900576662001,Querdel SKW Biomethan2,Querdel Energie GmbH,Biomasse,3.352,3.352,2023,48336,FALSE,NA,NA
SEE915375007878,Mitte BHKW 2 Modul 4,Stadtwerke Duisburg AG,Erdgas,4.5,4.472,2023,47053,FALSE,NA,NA
SEE918419019035,Elverlingsen WFAE,Mark-E Aktiengesellschaft,Biomasse,4.24,2.3,2017,58791,FALSE,NA,NA
SEE922581598120,HKW - DT1,Erlanger Stadtwerke AG,Erdgas,10.2,9.963,2005,91052,FALSE,NA,NA
SEE900628853036,Trianel Gaskraftwerk Hamm Block 20,Trianel Gaskraftwerk Hamm,Erdgas,453,445,2007,59071,FALSE,NA,NA
SEE902725989434,Regensburg KWK 4,BMW AG,Erdgas,2.678,2.678,2012,93055,FALSE,NA,NA
SEE905820921729,Batteriespeicher JT Energy Systems GmbH,JT Energy Systems GmbH,Batteriespeicher,25,25,2022,09627,FALSE,NA,NA
SEE907222955227,Sermuth BHKW 3,envia THERM GmbH,Mineraloelprodukte,7.2,5.7,1995,04680,FALSE,NA,NA
SEE943609681808,BES DD,enercity BESS Dresden GmbH & Co. KG,Batteriespeicher,12,12,2022,01259,FALSE,NA,NA
SEE945086771409,KWK-Anlage FHW Ratingen West Modul 4,Stadtwerke Ratingen,Erdgas,1.999,1.947,2020,40878,FALSE,NA,NA
SEE945845418224,Altheim K3,Uniper Kraftwerke GmbH,Wasser,5.718,5.718,1951,84051,FALSE,NA,NA
SEE948481095354,Generator 1,Nordzucker AG Werk Nordstemmen,Erdgas,15,13,1988,31171,FALSE,NA,NA
SEE952262880046,illwerke vkw Rodundwerk I M3,EnBW Energie Baden-Württemberg AG,Wasser,50,50,1943,A-6773,FALSE,NA,NA
SEE954649497618,SMAREG4 Wartburgspeicher Eisenach,SMAREG 4 GmbH & Co. KG,Batteriespeicher,60,60,2022,99817,FALSE,NA,NA
SEE957602727647,SEDE607510036,ENGIE Deutschland GmbH,Erdgas,4.5,4.472,2018,07546,FALSE,NA,NA
SEE917497526305,KWK GT1,Aluminium Oxid Stade GmbH,Erdgas,15.5515,15.36,2012,21683,FALSE,NA,NA
SEE917758204157,Motor 3,Biomethan Produktion Ottersberg GmbH,Biomasse,1.048,1.048,2005,28870,FALSE,NA,NA
SEE909057995010,Trier Maschine 4,RWE Generation Hydro GmbH,Wasser,4.7,4.7,1962,54294,FALSE,NA,NA
SEE922477386435,Franken DT2,Uniper Kraftwerke GmbH,Erdgas,395,387,1975,90449,FALSE,NA,NA
SEE923918497345,Gasmotoren-Blockheizkraftwerk I (Generator 4),GLOBALFOUNDRIES Dresden Module Two LLC & Co. KG,Erdgas,3.884,3.879,1998,01468,FALSE,NA,NA
SEE926367113644,Obervermuntwerk II Maschine 1 Turbine,EnBW Energie Baden-Württemberg AG,Pumpspeicher,190,190,2018,A-6794,FALSE,NA,NA
SEE927419839802,"Heizkraftwerk Bonn-Nord, Gasturbine 2 der GuD-Anlage",Energie- und Wasserversorgung Bonn/Rhein-Sieg GmbH,Erdgas,39.291,39.186,2024,53115,FALSE,NA,NA
SEE927542617698,bnBm GasKW BIB GT5,RWE Generation SE,Erdgas,34.8,34.4,2023,68647,FALSE,NA,reserve
SEE949500107867,Mühltal F3,Uniper Kraftwerke GmbH,Wasser,3.73,3.73,1924,82064,FALSE,NA,NA
SEE951620659119,Emsland B GT2,RWE Generation SE,Erdgas,60,58,2011,49808,FALSE,NA,NA
SEE923421872301,GuD Süd GT2,BASF SE,Erdgas,167.5,165.5,1997,67063,FALSE,NA,NA
SEE923527691592,Gasturbinenkraftwerk Ahrensfelde GT D,Lausitz Energie Kraftwerke AG,Erdgas,38.34,37.104,1992,16356,FALSE,NA,reserve
SEE924373150776,GT 2,SWE Energie GmbH,Erdgas,23.914,23,1999,99087,FALSE,NA,NA
SEE924562445072,Gasmotoren-Heizkraftwerk Dresden-Reick - Aggregat V,DREWAG - Stadtwerke Dresden GmbH,Erdgas,11.76,11.5,2022,01277,FALSE,NA,NA
SEE925631744058,G20,Papierfabrik Adolf Jass GmbH & Co. KG,Erdgas,8,7.482,1982,36039,FALSE,NA,NA
SEE929797382345,Gasturbinenkraftwerk Ahrensfelde GT B,Lausitz Energie Kraftwerke AG,Erdgas,38.24,37.104,1990,16356,FALSE,NA,reserve
SEE931050475398,GuD Niehl 3 RheinEnergie,RheinEnergie AG,Erdgas,459.9,452.9,2016,50735,FALSE,NA,NA
SEE932569905017,Küstenkraftwerk K.I.E.L Motor 17,Stadtwerke Kiel AG,Erdgas,9.571,9.456,2018,24149,FALSE,NA,NA
SEE937830141170,BHKW-G66-KWK-klein,Volkswagen Sachsen GmbH,Erdgas,3.8,3.736,2017,08058,FALSE,NA,NA
SEE904604163027,Karnap B,RWE Generation SE,Abfall,48,38,1987,45329,FALSE,NA,NA
SEE905035807238,Kirchmöser GT 1,Uniper Kraftwerke GmbH,Erdgas,63,60,1994,14774,FALSE,NA,NA
SEE907597880766,Kraftwerk Emden Dampfturbine,Statkraft Markets GmbH,Erdgas,450,433,1973,26725,FALSE,NA,other
SEE909466066615,Motor-Heizkraftwerk Chemnitz-Nord. Motor 3,eins energie in sachsen GmbH & Co. KG,Erdgas,12.65,12.538,2023,09114,FALSE,NA,NA
SEE911219414864,PSW Markersbach PSS E,Vattenfall Wasserkraft GmbH,Pumpspeicher,175,174.2,1981,08352,FALSE,NA,NA
SEE914224312040,Gasmotoren-Blockheizkraftwerk I (Generator 1),GLOBALFOUNDRIES Dresden Module Two LLC & Co. KG,Erdgas,3.884,3.879,1998,01468,FALSE,NA,NA
SEE927727929912,MVA-Turbine,MVA Weisweiler GmbH & Co. KG,Abfall,33,27,1996,52249,FALSE,NA,NA
SEE932482220433,BHKW 1,AZV Südholstein,Biomasse,1.85,1.027,2012,25491,FALSE,NA,NA
SEE932621971301,GT2,Papierfabrik Adolf Jass GmbH & Co. KG,Erdgas,7.2,7.15,2012,36039,FALSE,NA,NA
SEE934669010578,Bitterfeld GuD,envia THERM GmbH,Erdgas,110,108,2000,06749,FALSE,NA,NA
SEE901911520000,illwerke vkw Obervermuntwerk I M1,EnBW Energie Baden-Württemberg AG,Wasser,18,18,1943,A-6794,FALSE,NA,NA
SEE908672656115,Gersteinwerk G DT (G2),RWE Generation SE,Erdgas,355,355,1973,59368,FALSE,NA,reserve
SEE910877433255,Expansionsturbinen S2,ExxonMobil Production Deutschland GmbH,Sonstige Energietraeger (nicht erneuerbar),1.3,1.2,1992,26197,FALSE,NA,NA
SEE918271567637,Geisling K3,Rhein-Main-Donau GmbH,Wasser,8.333,8.333,1985,93102,FALSE,NA,NA
SEE919137629452,IPH Strom VT1,Infraserv GmbH & Co. Höchst KG,Erdgas,18.56,17.38,1982,65929,FALSE,NA,NA
SEE904748267797,SEDE607510037,ENGIE Deutschland GmbH,Erdgas,4.404,4.387,2018,07549,FALSE,NA,NA
SEE912935247576,Raffineriekraftwerk Leuna MDT,TotalEnergies Raffinerie Mitteldeutschland GmbH,Mineraloelprodukte,38.3,33.4,1997,06237,FALSE,NA,NA
SEE915645322953,GT 1,SWE Energie GmbH,Erdgas,23.914,23,1999,99087,FALSE,NA,NA
SEE919076066929,Happurg F1,Uniper Kraftwerke GmbH,Pumpspeicher,40,40,1958,91230,FALSE,NA,NA
SEE919544829094,HKW Mitte GTHKW,Braunschweiger Versorgungs-AG & Co. KG,Erdgas,68.41,63.8,2023,38114,FALSE,NA,NA
SEE926292106278,KWK-Anlage Gasturbine 2,Delkeskamp Verpackungswerke GmbH,Erdgas,4.48,4.346,1997,49638,TRUE,2022,other
SEE927622980674,Euskirchen Generator 1,Pfeifer & Langen GmbH & Co. KG,Braunkohle,7.2,7.2,1979,53879,TRUE,2024,KVBG
SEE927738616955,PSW Bleiloch PSS A,Vattenfall Wasserkraft GmbH,Pumpspeicher,40,39.9,1932,07907,FALSE,NA,NA
SEE900252837358,Gasturbine,Baden Board GmbH,Erdgas,4.5,4.35,2000,76593,FALSE,NA,other
SEE906392287978,BHKW Hastedt Motor 02,swb Erzeugung AG & Co. KG,Erdgas,11.8096,11.6794,2022,28207,FALSE,NA,NA
SEE910324388312,Batteriespeicher Chemnitz GmbH & Co. KG,Batteriespeicher Chemnitz GmbH & Co. KG,Batteriespeicher,15.8,15.8,2017,09114,FALSE,NA,NA
SEE910929866741,BHKW Hastedt Motor 03,swb Erzeugung AG & Co. KG,Erdgas,11.8096,11.6794,2022,28207,FALSE,NA,NA
SEE929022761297,Emsland D GT2,RWE Generation SE,Erdgas,297.93,293.5,2010,49808,FALSE,NA,NA
SEE931001040675,KW Plattling DT,Kraftwerk Plattling GmbH,Erdgas,39.078,39.078,2010,94447,FALSE,NA,reserve
SEE941875842596,Ma 1,Salzgitter Flachstahl GmbH,Sonstige Energietraeger (nicht erneuerbar),40,35,1941,38239,FALSE,NA,NA
SEE956207547964,BHKW Hafen - Modul 3,Jäckering Mühlen- und Nährmittelwerke GmbH,Erdgas,2.19,2.173,2013,59067,FALSE,NA,NA
SEE957952105034,Heizkraftwerk Meggle,MEGGLE GmbH & Co. KG,Erdgas,13.6,13.6,2016,83512,FALSE,NA,NA
SEE959715874706,Niederaichbach K1,Uniper Kraftwerke GmbH,Wasser,5.4,5.4,1951,84051,FALSE,NA,NA
SEE962712912357,Vianden M3,RWE Generation SE,Pumpspeicher,100,100,1963,9463,FALSE,NA,NA
SEE965444118547,GTS3,Crespel & Deiters GmbH & Co. KG,Erdgas,5.4,5.319,2009,49479,FALSE,NA,NA
SEE967448123107,BHKW Hafen - Modul 2,Jäckering Mühlen- und Nährmittelwerke GmbH,Erdgas,2.19,2.173,2013,59067,FALSE,NA,NA
SEE973234062512,KW Waldshut MS A5,Schluchseewerk AG,Pumpspeicher,44,44,1951,79761,FALSE,NA,NA
SEE917568874298,7710MKA10-DT,Sachsenmilch Leppersdorf GmbH,Waerme,6.44,5.874,2014,01454,FALSE,NA,NA
SEE900310540558,Speicher Beilrode I - Teilanlage 6,Solarpark Beilrode GmbH & Co. KG,Batteriespeicher,6.16,6.16,2025,04886,FALSE,NA,NA
SEE903406002589,Gasmotoren-Blockheizkraftwerk I (Generator 5),GLOBALFOUNDRIES Dresden Module Two LLC & Co. KG,Erdgas,3.884,3.879,1998,01468,FALSE,NA,NA
SEE910080930862,Gasmotoren-Blockheizkraftwerk II (Generator 4),GLOBALFOUNDRIES Dresden Module One LLC & Co. KG,Erdgas,3.832,3.772,2004,01468,FALSE,NA,NA
SEE911283118750,Industriekraftwerk Greifswald GmbH,Industriekraftwerk Greifswald GmbH,Erdgas,39,38.2,2013,17509,TRUE,2025,other
SEE911764038249,Franken DT1,Uniper Kraftwerke GmbH,Erdgas,395,383,1973,90449,FALSE,NA,NA
SEE912980761904,bnBm GasKW BIB GT7,RWE Generation SE,Erdgas,34.8,34.4,2023,68647,FALSE,NA,reserve
SEE906257837416,5MKA,PCK Raffinerie GmbH,Mineraloelprodukte,30,28,1972,16303,FALSE,NA,NA
SEE906462907775,Kraftwerk HA GT2,K+S Minerals and Agriculture GmbH,Erdgas,5.765,5.67,2017,36269,FALSE,NA,NA
SEE909297051026,GT2,BP Europa SE,Erdgas,24.88,22.7,1996,49808,FALSE,NA,NA
SEE910950875330,bnBm GasKW BIB GT1,RWE Generation SE,Erdgas,34.8,34.4,2023,68647,FALSE,NA,reserve
SEE932792338347,illwerke vkw Rodundwerk I M1,EnBW Energie Baden-Württemberg AG,Wasser,50,50,1943,A-6773,FALSE,NA,NA
SEE932928232242,GKH 2,enercity AG,Steinkohle,150,136,1989,30419,FALSE,NA,NA
SEE937791832391,Küstenkraftwerk K.I.E.L Motor 16,Stadtwerke Kiel AG,Erdgas,9.571,9.456,2018,24149,FALSE,NA,NA
SEE939823727910,Küstenkraftwerk K.I.E.L Motor 3,Stadtwerke Kiel AG,Erdgas,9.571,9.456,2018,24149,FALSE,NA,NA
SEE939899660715,Gasmotoren-Heizkraftwerk Dresden-Reick - Aggregat VII,DREWAG - Stadtwerke Dresden GmbH,Erdgas,11.76,11.5,2022,01277,FALSE,NA,NA
SEE940475173918,Küstenkraftwerk K.I.E.L Motor 5,Stadtwerke Kiel AG,Erdgas,9.571,9.456,2018,24149,FALSE,NA,NA
SEE943132425573,BHKW 2,AZV Südholstein,Biomasse,1.85,1.027,2012,25491,FALSE,NA,NA
SEE943181515102,Meitingen M1,LEW Wasserkraft,Wasser,4.21,4.2,1922,86405,FALSE,NA,NA
SEE905054165586,Gasmotoren-Blockheizkraftwerk II (Generator 7),GLOBALFOUNDRIES Dresden Module One LLC & Co. KG,Erdgas,3.832,3.772,2004,01468,FALSE,NA,NA
SEE912978354040,Gasmotoren-Blockheizkraftwerk II (Generator 6),GLOBALFOUNDRIES Dresden Module One LLC & Co. KG,Erdgas,3.832,3.772,2004,01468,FALSE,NA,NA
SEE913072031325,Beilrode II - BESS - CoLocation,Solarpark Beilrode GmbH & Co. KG,Batteriespeicher,44.72,44.72,2026,04886,FALSE,NA,NA
SEE913280112274,Kraftwerk HA DT4,K+S Minerals and Agriculture GmbH,Waerme,21,21,1962,36269,FALSE,NA,NA
SEE913483427694,Speicher Beilrode II - Teilanlage 1,Solarpark Beilrode GmbH & Co. KG,Batteriespeicher,10.4,10.4,2025,04886,FALSE,NA,NA
SEE923793340132,Gasmotoren-Heizkraftwerk Dresden-Reick - Aggregat VIII,DREWAG - Stadtwerke Dresden GmbH,Erdgas,11.76,11.5,2022,01277,FALSE,NA,NA
SEE925543621515,ECO POWER ONE AB,ECO POWER ONE GmbH,Batteriespeicher,51.75,51.75,2025,24855,FALSE,NA,NA
SEE916689752430,N822 GE2,BASF SE,Waerme,2.7,2.65,1991,67063,FALSE,NA,NA
SEE917379392493,illwerke vkw Lünerseewerk M2,EnBW Energie Baden-Württemberg AG,Pumpspeicher,56,56,1957,A-6774,FALSE,NA,NA
SEE919366422664,DTS 3,Essity Operations Mannheim GmbH,Erdgas,17.04,17.009,2012,68305,FALSE,NA,NA
SEE920494524915,GuD Mitte GT11,BASF SE,Erdgas,206,204,2005,67063,FALSE,NA,NA
SEE922158261037,ECO POWER ONE CD,ECO POWER ONE GmbH,Batteriespeicher,51.75,51.75,2025,24855,FALSE,NA,NA
SEE923624580645,Wintrich Maschine 3,RWE Generation Hydro GmbH,Wasser,5,5,1965,54487,FALSE,NA,NA
SEE926582462244,WUN Pellets - BHKW-Modul III,WUN Pellets GmbH,Erdgas,4.5,4.41,2018,95632,FALSE,NA,NA
SEE907834312319,SWM Uppenborn 2 Gen1,Stadtwerke München GmbH,Wasser,6,6,1951,84184,FALSE,NA,NA
SEE909482931270,Faimingen M2,EnBW Energie Baden-Württemberg AG,Wasser,5.05,5.045,1965,89415,FALSE,NA,NA
SEE916877868585,Hamborn 4,thyssenkrupp Steel Europe AG,Sonstige Energietraeger (nicht erneuerbar),108,101.3,1976,47166,FALSE,NA,NA
SEE924172977710,Mittelsbüren GT3,swb Erzeugung AG & Co. KG,Mineraloelprodukte,87,86,1975,28237,FALSE,NA,NA
SEE926876352800,Urspring K(Ro) 3,Uniper Kraftwerke GmbH,Wasser,4,3.366,1966,86983,FALSE,NA,NA
SEE930842265841,BESS Halle (Saale),CCE Deutschland GmbH,Batteriespeicher,11.263,11.263,2025,06116,FALSE,NA,NA
SEE933714674710,Kraftwerk GRI,Gunvor Raffinerie Ingolstadt GmbH,Erdgas,10,10,1964,85092,FALSE,NA,NA
SEE929910590541,STA - MHKW,EEW Energy from Waste Stapelfeld GmbH,Abfall,32,27,2025,22145,FALSE,NA,NA
SEE933935879772,BHKW Zuckerfabrik NST,Nordzucker AG Werk Nordstemmen,Biomasse,1.6,1.484,2005,31171,FALSE,NA,NA
SEE934309192626,PSW Geesthacht PSS A,Vattenfall Wasserkraft GmbH,Pumpspeicher,40,39.7,1958,21502,FALSE,NA,NA
SEE938663790405,0066 - STW - BHKW - KWK,Stadtwerke Kempen GmbH,Erdgas,2.455,2.419,2024,47906,FALSE,NA,NA
SEE941459970745,Gummering K1,Uniper Kraftwerke GmbH,Wasser,5.5,5.5,1957,84183,FALSE,NA,NA
SEE945436960576,GT1,Papierfabrik Adolf Jass GmbH & Co. KG,Erdgas,7.2,7.15,2012,36039,FALSE,NA,NA
SEE948263410344,Schwabstadl K(Ro)2,Uniper Kraftwerke GmbH,Wasser,4.3,4,1981,86937,FALSE,NA,NA
SEE948545926433,SEDE607510036,ENGIE Deutschland GmbH,Erdgas,4.5,4.472,2018,07546,FALSE,NA,NA
SEE953574430066,Küstenkraftwerk K.I.E.L Motor 12,Stadtwerke Kiel AG,Erdgas,9.571,9.456,2018,24149,FALSE,NA,NA
SEE919395394109,Leipzig KWK 2,BMW AG,Erdgas,3.36,3.36,2016,04349,FALSE,NA,NA
SEE921068308450,Speicher Tangermünde,Obton Tangermünde GmbH & Co. KG,Batteriespeicher,15.8,15.8,2024,39590,FALSE,NA,NA
SEE925011950635,Turbine VE 40 ZV MVA IN,Zweckverband Müllverwertungsanlage Ingolstadt,Abfall,22.8,18.24,1996,85055,FALSE,NA,NA
SEE925076352665,GT 2,Peissenberger Kraftwerksgesellschaft,Mineraloelprodukte,23.2,23.2,1982,83734,TRUE,2024,EnWG
SEE937822704543,Turbine 2,Zweckverband Abfallverwertung Südhessen (ZAS),Abfall,1.228,1.177,2020,64293,FALSE,NA,NA
SEE919189403703,Generator 7,Infraserv GmbH & Co. Wiesbaden KG,Erdgas,22.111,21.861,2021,65203,FALSE,NA,NA
SEE927473609168,BNA0174,InfraServ GmbH & Co. Gendorf KG,Erdgas,73.563,72.46,1967,84508,FALSE,NA,NA
SEE929031511661,Vianden M9,RWE Generation SE,Pumpspeicher,100,100,1964,9463,FALSE,NA,NA
SEE931060472509,Dampfturbosatz,Papierfabrik Adolf Jass Schwarza GmbH,Waerme,9.65,9.51,2005,07407,FALSE,NA,NA
SEE934039077637,Gersthofen M1,LEW Wasserkraft,Wasser,1.974,1.969,1901,86368,FALSE,NA,NA
SEE934706805181,W08_PST_Mantelobjekt,Dr. Ing. h.c. F. Porsche AG,Mineraloelprodukte,20.073,18.9022,2016,71287,FALSE,NA,NA
SEE938349787705,DT2,EGGER Holzwerkstoffe Brilon GmbH & Co. KG,Biomasse,12.5,12.5,2019,59929,FALSE,NA,NA
SEE949816813650,SEDE607510037,ENGIE Deutschland GmbH,Erdgas,4.404,4.387,2018,07549,FALSE,NA,NA
SEE950675787617,Ingolstadt 3,Uniper Kraftwerke GmbH,Mineraloelprodukte,420,355,1973,85098,FALSE,NA,reserve
SEE934531299087,Gasturbine GT,DSM Nutritional Products GmbH,Erdgas,22.2,22,2017,79639,FALSE,NA,NA
SEE938587513135,Scholven 1 GT2,Uniper Kraftwerke GmbH,Erdgas,55,54,2023,45896,FALSE,NA,NA
SEE939382623364,TWIN2,Klingele Paper Weener SE & Co. KG,Abfall,4.704,4.69,2008,26826,FALSE,NA,NA
SEE940552188637,Unterbergen K(Ro)3,Uniper Kraftwerke GmbH,Wasser,4.7,4.067,1983,86511,FALSE,NA,NA
SEE942803645654,Dampfturbine BBC,WMF GmbH,Waerme,2.5,2.443,1956,73312,FALSE,NA,NA
SEE943096190258,Biomasse-Kraftwerk Fechenheim GmbH,Biomasse-Kraftwerk Fechenheim GmbH,Biomasse,12.43,11.33,2004,60386,FALSE,NA,NA
SEE918541277334,Kraftwerk Fulda Aggregat 3C,RhönEnergie Fulda GmbH,Mineraloelprodukte,2.845,2.76,2010,36043,FALSE,NA,NA
SEE919035876514,KW Witznau MS B3,Schluchseewerk AG,Pumpspeicher,55,55,1950,79777,FALSE,NA,NA
SEE920560912882,SWM HKW Freimann GT12,SWM Services GmbH,Erdgas,53.468,52.768,2021,80807,FALSE,NA,NA
SEE921294761234,Kraftwerk Perach MS1,VERBUND Innkraftwerke GmbH,Wasser,6.466,6.466,1977,84567,FALSE,NA,NA
SEE921894153743,IPH Strom CoFA BHKW 3,Infraserv GmbH & Co. Höchst KG,Biomasse,1.451,1.3725,2007,65929,FALSE,NA,NA
SEE924909675933,GUD-1-2 (GT2),Stadtwerke Münster GmbH,Erdgas,32,31,2005,48155,FALSE,NA,NA
SEE927630371594,Grubenheizkraftwerk Amsdorf,ROMONTA GmbH,Braunkohle,45.189,45.189,1960,06317,FALSE,NA,NA
SEE918623387630,EEW Stapelfeld GmbH,EEW Energy from Waste Stapelfeld GmbH,Abfall,16.4,11.4,1979,22145,FALSE,NA,NA
SEE921479798321,Generator C,EkoCity,Abfall,9.376,9.376,2017,42349,FALSE,NA,NA
SEE900240101683,129870 Modul 3,Daimler Truck AG,Erdgas,4.49,4.44,2013,76744,FALSE,NA,NA
SEE902724065948,BMW Werk 1.5 KWK 8,BMW AG,Erdgas,2.679,2.645,2013,80937,FALSE,NA,NA
SEE956943312185,A718 KT9,BASF SE,Waerme,45.75,45.5,2008,67063,FALSE,NA,NA
SEE922877375398,GuD Anlage GT,Julius Schulte Trebsen GmbH & Co. KG,Erdgas,9.023,9.023,2013,04687,FALSE,NA,NA
SEE923769915258,HKW Sandreuth (GT1),N-ERGIE Kraftwerke GmbH,Erdgas,53.693,53,2005,90441,FALSE,NA,NA
SEE924682614181,Mercer Stendal TG 1,Mercer Stendal GmbH,Biomasse,99.72,94.515,2004,39596,FALSE,NA,NA
SEE926786756569,KW Häusern MS B1,Schluchseewerk AG,Pumpspeicher,30,30,1931,79837,FALSE,NA,NA
SEE928072880231,IPH Strom VT5,Infraserv GmbH & Co. Höchst KG,Erdgas,13.9,13.8,1980,65929,FALSE,NA,NA
SEE931494186256,Biomasseheizkraftwerk Wismar,Bioenergie Wismar GmbH,Biomasse,18.3,18.3,2023,23970,FALSE,NA,NA
SEE910532842996,Au F3,Untere Iller GmbH,Wasser,2,2,1931,89257,FALSE,NA,NA
SEE912013538152,Windpark Reußenköge Batteriespeicher 2,Bürgerwindpark Reußenköge GmbH & Co. KG,Batteriespeicher,6.4,6.4,2024,25821,FALSE,NA,NA
SEE915051196278,BHKW Ford Saarlouis Modul 4,Ford-Werke GmbH,Erdgas,4.404,4.322,2016,66740,FALSE,NA,NA
SEE915432109163,Irsching 6,Uniper Systemstabilität GmbH,Erdgas,320,300,2023,85088,FALSE,NA,reserve
SEE919134316447,Schkopau A+B Bahngenerator,Saale Energie GmbH,Waerme,112,110,1996,06258,FALSE,NA,other
SEE920825895844,BHKW KW5 54,Kraftwerke Mainz-Wiesbaden AG,Erdgas,10.02,9.93,2020,55120,FALSE,NA,NA
SEE901453618340,MHKW Dampfturbine 2,Stadtwerke Rosenheim GmbH & Co. KG,Abfall,2.2,2.1,1957,83022,FALSE,NA,NA
SEE903494881059,Prem K(Ro)3,Uniper Kraftwerke GmbH,Wasser,6.4,6.4,1971,86983,FALSE,NA,NA
SEE904955359575,KW Ryburg-Schwörstadt M4,Kraftwerk Ryburg-Schwörstadt AG,Wasser,28.3,28.15,1931,79739,FALSE,NA,NA
SEE914365805029,"Biomethan BHKW Hannover Herrenhausen, Motor 2",BEH Bioenergie Hannover GmbH,Biomasse,4.5,4.5,2024,30419,FALSE,NA,NA
SEE914749097217,129870 Modul 1,Daimler Truck AG,Erdgas,4.49,4.44,2013,76744,FALSE,NA,NA
SEE929068766096,UPM Schongau HKW 2 T1,UPM GmbH,Erdgas,3.15,2.85,1979,86956,FALSE,NA,NA
SEE929107540175,KW Nußdorf MS2 (im Besitz von Innwerk und ÖBK),Innwerk AG,Wasser,23.5,23.5,1982,83131,FALSE,NA,NA
SEE939917723934,BHKW Neu-Ulm M3,SWU Energie GmbH,Erdgas,2.676,2.622,2021,89231,FALSE,NA,NA
SEE948609940009,Heizkraftwerk Heilbronn HLB 7,EnBW Energie Baden-Württemberg AG,Steinkohle,822,778,1985,74076,FALSE,NA,reserve
SEE949216632202,Dampfturbine 13,Stadtwerke Flensburg,Erdgas,38.7,38.2,2022,24939,FALSE,NA,NA
SEE953174240607,Kraftwerk Gars MS4,VERBUND Innkraftwerke GmbH,Wasser,5,5,1938,83536,FALSE,NA,NA
SEE958184152735,Dampfturbine 7,Stadtwerke Flensburg,Erdgas,34.16,28,1980,24939,FALSE,NA,NA
SEE960357727398,Dessau K(Ro)3,Uniper Kraftwerke GmbH,Wasser,4.2,3.433,1967,86977,FALSE,NA,NA
SEE960916622249,GT 2,Mohn Media Mohndruck GmbH,Erdgas,5.25,5.167,1994,33332,FALSE,NA,NA
SEE964215288830,Gasturbine,Henkel AG & Co. KGaA,Erdgas,8.9,8.6,2012,40589,FALSE,NA,NA
SEE928579781840,Pfrombach D F3,Uniper Kraftwerke GmbH,Wasser,4.38,4.38,1929,85368,FALSE,NA,NA
SEE928797247012,Regensburg KWK 5,BMW AG,Erdgas,2.679,2.679,2016,93055,FALSE,NA,NA
SEE931088083121,Zeltingen Maschine 2,RWE Generation Hydro GmbH,Wasser,3.4,3.4,1964,54492,FALSE,NA,NA
SEE932569427427,Pielweichs K3,Uniper Kraftwerke GmbH,Wasser,4.2,4.2,1994,94447,FALSE,NA,NA
SEE931784983831,"Fernheizwerk Bad Elster, Gasturbine",eins energie in sachsen GmbH & Co. KG,Erdgas,5.128,5.128,2012,08645,TRUE,2025,other
SEE933021962319,Waldeck 2 F1,Uniper Kraftwerke GmbH,Pumpspeicher,240,240,1974,34549,FALSE,NA,NA
SEE933851011843,Turbine 22,INEOS Manufacturing Deutschland,Sonstige Energietraeger (nicht erneuerbar),19.2,19.2,1964,50769,FALSE,NA,NA
SEE938337436349,Kraftwerk Schwarze Pumpe Block A,Lausitz Energie Kraftwerke AG,Braunkohle,803,755,1997,03130,FALSE,NA,NA
SEE952672318108,Kraftwerk Schwarze Pumpe Block B,Lausitz Energie Kraftwerke AG,Braunkohle,803,755,1998,03130,FALSE,NA,NA
SEE957844983702,Ma A,Salzgitter Flachstahl GmbH,Sonstige Energietraeger (nicht erneuerbar),10,9,1941,38239,FALSE,NA,NA
SEE925794342412,TREA Leuna 2,MVV Umwelt Asset GmbH,Abfall,18.545,16.245,2007,06237,FALSE,NA,NA
SEE927287469774,KW Wyhlen Straflo 03,naturenergie hochrhein AG,Wasser,4.6,4.5,1993,79639,FALSE,NA,NA
SEE927932653541,illwerke vkw Kopswerk I M2,EnBW Energie Baden-Württemberg AG,Wasser,96,96,1969,A-6793,FALSE,NA,NA
SEE930752846949,Grohnde,PreussenElektra,Kernenergie,1430,1360,1984,31860,TRUE,2022,other
SEE930847992643,PES Ohrdruf,PES Ohrdruf GmbH & Co KG,Batteriespeicher,10.35,10.35,2024,99885,FALSE,NA,NA
SEE931197865137,GT2,Sasol Germany GmbH,Erdgas,5.379,5.163,1996,25541,FALSE,NA,NA
SEE907294548426,Scheuring K(Ro)2,Uniper Kraftwerke GmbH,Wasser,4.5,4.067,1980,86937,FALSE,NA,NA
SEE914861690945,Kraftwerk Egglfing-Obernberg MS3,Innwerk AG,Wasser,13.45,13.45,1949,94072,FALSE,NA,NA
SEE917925869486,Nordland GuD-Anlage HD-DTS,Nordland Papier GmbH,Erdgas,23.84,22.61,2022,26892,FALSE,NA,NA
SEE926120377375,Cogenerationanlage,Bayernoil Raffineriegesellschaft mbH,Erdgas,29,25.4,1996,93333,FALSE,NA,other
SEE934242259776,Küstenkraftwerk K.I.E.L Motor 8,Stadtwerke Kiel AG,Erdgas,9.571,9.456,2018,24149,FALSE,NA,NA
SEE934654061066,Wintrich Maschine 4,RWE Generation Hydro GmbH,Wasser,5,5,1965,54487,FALSE,NA,NA
SEE937857006797,WBS-Tarzow,Solarpark Tarzow GmbH & Co. KG,Batteriespeicher,10,10,2023,23972,FALSE,NA,NA
SEE944122961347,GuD Süd GT1,BASF SE,Erdgas,175,173,1997,67063,FALSE,NA,NA
SEE945093211103,Erzeugungsanlage FHW Ratingen West Modul 2,Stadtwerke Ratingen,Erdgas,2,2,2015,40878,FALSE,NA,NA
SEE931012437020,Kraftwerk Gars MS2,VERBUND Innkraftwerke GmbH,Wasser,5,5,1938,83536,FALSE,NA,NA
SEE932787342328,Gersteinwerk G GT (G1),RWE Generation SE,Erdgas,72,55,1973,59368,FALSE,NA,reserve
SEE933078887559,Ingolstadt E K1,Donau-Wasserkraft AG,Wasser,6.7,6.6,1971,85049,FALSE,NA,NA
SEE943766131437,Turbine 1,GKS-Gemeinschaftskraftwerk Schweinfurt GmbH,Steinkohle,16.8,14.2,1990,97424,FALSE,NA,NA
SEE944148486770,Generator 4,ORION Engineered Carbons GmbH,Sonstige Energietraeger (nicht erneuerbar),22.77,22,2017,50997,FALSE,NA,NA
SEE949133098242,Turbine 7,Maxauer Papierfarbik GmbH,Waerme,20,18,1968,76187,FALSE,NA,NA
SEE949722134498,F03G2,Henkel AG & Co. KGaA,Erdgas,13.2,11.88,1965,40589,FALSE,NA,NA
SEE950641511031,Rain M1,LEW Wasserkraft,Wasser,5.6,5.595,1956,86641,FALSE,NA,NA
SEE952352206145,Scholven B,Uniper Kraftwerke GmbH,Steinkohle,370,345,1968,45896,FALSE,NA,other
SEE939692270074,Scholven 1 GT1,Uniper Kraftwerke GmbH,Erdgas,55,54,2023,45896,FALSE,NA,NA
SEE942234222677,BHKW Hafen - Modul 5,Jäckering Mühlen- und Nährmittelwerke GmbH,Erdgas,2.19,2.173,2013,59067,FALSE,NA,NA
SEE942432515786,Dampfturbine AEG,WMF GmbH,Waerme,2.5,2.454,1943,73312,FALSE,NA,other
SEE943208281096,Rain BS1,LEW Wasserkraft,Batteriespeicher,1.5,1.5,2019,86641,FALSE,NA,NA
SEE943548208159,AHKW ND Turbine,AVA Abfallverwertung Augsburg Kommunalunternehmen,Abfall,9.477,6.72,1994,86167,FALSE,NA,NA
SEE949895584069,HKW Sandreuth (DT3),N-ERGIE Kraftwerke GmbH,Erdgas,44.45,38.774,1982,90441,FALSE,NA,NA
SEE952807166543,F03G3,Henkel AG & Co. KGaA,Erdgas,13.2,11.88,1965,40589,FALSE,NA,NA
SEE955111508221,Dampfturbine DT5,DSM Nutritional Products GmbH,Erdgas,8.65,8.426,2018,79639,FALSE,NA,NA
SEE964903137297,Dampfturbine II Südzucker AG Ochsenfurt,Südzucker AG,Waerme,5.25,4.983,1959,97199,FALSE,NA,NA
SEE968309350465,BHKW 1 + 2,Papierfabrik Adolf Jass Schwarza GmbH,Biomasse,1.998,1.998,2005,07407,FALSE,NA,NA
SEE969267129582,Kraftwerk Gars MS3,VERBUND Innkraftwerke GmbH,Wasser,5,5,1938,83536,FALSE,NA,NA
SEE925326526723,KW Wyhlen Straflo 06,naturenergie hochrhein AG,Wasser,4.6,4.5,1993,79639,FALSE,NA,NA
SEE926245506438,SEE_2025_4642_Föhren_BESS,Schoenergie Batteriespeicher Föhren GmbH,Batteriespeicher,20,20,2025,54343,FALSE,NA,NA
SEE927968132478,ET HO 9,thyssenkrupp Steel Europe AG,Sonstige Energietraeger (nicht erneuerbar),7,7,1990,47166,FALSE,NA,NA
SEE928246905913,Kraftwerk Stammham,VERBUND Innkraftwerke GmbH,Wasser,7.733,7.733,1955,84533,FALSE,NA,NA
SEE930197122479,Energieanlage 3,SWISS KRONO TEX,Biomasse,19.7,19.7,2002,16909,FALSE,NA,NA
SEE931986160672,UPM Schongau DKW T5,UPM GmbH,Erdgas,45,32,1971,86956,FALSE,NA,reserve
SEE937997291855,HKW FFO GM3,Stadtwerke Frankfurt (Oder) GmbH,Erdgas,10.423,10.3584,2022,15236,FALSE,NA,NA
SEE941568392261,RZR I Turbine2,AGR Abfallentsorgungs-Gesellschaft Ruhrgebiet mbH,Abfall,14.9,14.88,1981,45699,FALSE,NA,NA
SEE948455839281,Kraftwerk Egglfing-Obernberg MS1,Innwerk AG,Wasser,13.45,13.45,1944,94072,FALSE,NA,NA
SEE951684578067,Gasturbine 2 - GuD MPE,Mitsubishi HiTec Paper Europe GmbH,Erdgas,15.25,15.25,2021,33699,FALSE,NA,NA
SEE952794027650,BMHKW Piesteritz,Stadtwerke Leipzig GmbH,Biomasse,20,20,2008,06886,TRUE,2026,EnWG
SEE954780579013,IN_WERK_PST_Gesamt,AUDI,Mineraloelprodukte,45.178,45.178,1990,85057,FALSE,NA,NA
SEE958518628752,HKW Schildescher Straße DT 3,Stadtwerke Bielefeld GmbH Assetmanagement Onshore Wind und PV (ZA),Erdgas,20.5,20,1966,33611,FALSE,NA,NA
SEE958827094903,Gasturbine 1,Moritz J. Weig GmbH & Co. KG,Erdgas,3.3,3,2015,56727,FALSE,NA,NA
SEE935952275827,Dampfturbine,"Nordzucker, Werk Klein Wanzleben",Erdgas,14.24,14.18,1994,39164,FALSE,NA,NA
SEE936262825863,Ruhrort 4,thyssenkrupp Steel Europe AG,Sonstige Energietraeger (nicht erneuerbar),177,164.7,1969,47166,FALSE,NA,NA
SEE937356687909,SKW Hohenwarte 1 Maschine A,Vattenfall Wasserkraft GmbH,Wasser,30,29.9,1959,07338,FALSE,NA,NA
SEE939242219362,Huckingen A,Hüttenwerke Krupp Mannesmann GmbH,Sonstige Energietraeger (nicht erneuerbar),320,303,1975,47259,FALSE,NA,NA
SEE940012750145,illwerke vkw Rellswerk M1,EnBW Energie Baden-Württemberg AG,Pumpspeicher,12,12,2017,A-6773,FALSE,NA,NA
SEE941328262162,Obernach F2,Uniper Kraftwerke GmbH,Wasser,6.4,6.4,1955,82432,FALSE,NA,NA
SEE943568591200,Bringhausen M4 F1,Uniper Kraftwerke GmbH,Pumpspeicher,35,35,1974,34549,FALSE,NA,NA
SEE948541471333,HKW Mitte Gasturbine 2,BEW Berliner Energie und Wärme GmbH,Erdgas,172,164,1997,10179,FALSE,NA,NA
SEE950140538850,Dessau K(Ro)1,Uniper Kraftwerke GmbH,Wasser,4.2,3.433,1967,86977,FALSE,NA,NA
SEE950624794208,Lehmen Maschine 1,RWE Generation Hydro GmbH,Wasser,5,5,1962,56332,FALSE,NA,NA
SEE943007353727,BHKW 1 Hamburg,Airbus Operations,Erdgas,1.999,1.97,2016,21129,FALSE,NA,NA
SEE943309807898,GuD Süd DT,BASF SE,Waerme,72,71.5,1997,67063,FALSE,NA,NA
SEE915246106037,Saalachkraftwerk D4,DB Energie GmbH,Wasser,2.0025,2.0025,1914,83435,FALSE,NA,NA
SEE918100281437,KWK 7,BMW AG,Erdgas,4.5,4.5,2019,84130,FALSE,NA,NA
SEE927858822632,Turbinengenerator5-SiemensT8302,Sappi Ehingen GmbH,Biomasse,13.212,13.212,1990,89584,FALSE,NA,NA
SEE931158678738,Koblenz Maschine 1,RWE Generation Hydro GmbH,Wasser,4,4,1951,56073,FALSE,NA,NA
SEE933592339541,RHR1-A-D1-720-GEN-001-NEA5,NTT Global Data Centers EMEA GmbH,Mineraloelprodukte,2.16,2.08,2024,53117,FALSE,NA,NA
SEE934298270268,T.A. Lauta,Thermische Abfallbehandlung Lauta GmbH & Co. oHG,Abfall,21,15.7,2004,02991,FALSE,NA,NA
SEE956216040883,Turbine 2,GKS-Gemeinschaftskraftwerk Schweinfurt GmbH,Steinkohle,11.8,10.2,1990,97424,FALSE,NA,NA
SEE956631893736,F03G1,Henkel AG & Co. KGaA,Erdgas,10,9,1963,40589,TRUE,2025,other
SEE956884287917,Generator 2,Röhm GmbH,Erdgas,12.3,11.9,1990,67547,FALSE,NA,NA
SEE902267138956,Kirchmöser GT 2,Uniper Kraftwerke GmbH,Erdgas,63,60,1994,14774,FALSE,NA,NA
SEE905410926998,FZJ_WVVZ-03.19_BHKW-1,Forschungszentrum Jülich GmbH,Erdgas,4.3,4.3,2022,52428,FALSE,NA,NA
SEE905588844841,GuD-Anlage (Dampfturbine),Sustainable Energy Aschaffenburg GmbH,Erdgas,16.463,16.2,2013,63741,FALSE,NA,NA
SEE909908219982,BESS - DE - ARZBERG - GMRO,MW Storage NOB GmbH,Batteriespeicher,50.5,50.5,2025,95659,FALSE,NA,NA
SEE961788817153,DT2,BASF InfraService & Solutions Lausitz GmbH,Erdgas,9.256,9.156,1997,01987,FALSE,NA,NA
SEE923965645096,AA-TF-03-NEA-002,NTT Global Data Centers EMEA GmbH,Mineraloelprodukte,1.8,1.8,2007,13599,FALSE,NA,NA
SEE960507530304,"HKW Pfaffenwald, Generator 50",Universität Stuttgart,Erdgas,12.1,11.3,1969,70569,FALSE,NA,NA
SEE962564048280,HKW Schwarza TS 5,TWS Thüringer Wärme Service GmbH,Waerme,8,7.881,1986,07407,FALSE,NA,NA
SEE962906846994,HKW Schwarza GT 7,TWS Thüringer Wärme Service GmbH,Erdgas,5.014,4.934,1991,07407,FALSE,NA,NA
SEE965067693100,Kraftwerk DK,DK Recycling und Roheisen GmbH,Erdgas,22.1,20.85,2011,47053,FALSE,NA,NA
SEE967279432140,GT13800,INEOS Manufacturing Deutschland,Sonstige Energietraeger (nicht erneuerbar),38,35.611,2025,50769,FALSE,NA,NA
SEE975166535577,Dampfturbine DT4,DSM Nutritional Products GmbH,Erdgas,8.2,8,1979,79639,FALSE,NA,NA
SEE977812651266,RKI Iffezheim M3,EnBW Energie Baden-Württemberg AG,Wasser,27,27,1978,76473,FALSE,NA,NA
SEE934890098444,KW Wyhlen Straflo 02,naturenergie hochrhein AG,Wasser,4.6,4.5,1993,79639,FALSE,NA,NA
SEE947816911833,Gasturbinenanlage 12,Wacker Chemie,Erdgas,141,137,2001,84489,FALSE,NA,NA
SEE919393178787,Fenne MKV,STEAG Power GmbH,Steinkohle,195,179,1982,66333,FALSE,NA,reserve
SEE920992144554,HKW Mitte GuD BMHKW,Braunschweiger Versorgungs-AG & Co. KG,Erdgas,104.24,97.958,2023,38114,FALSE,NA,NA
SEE932782707160,Dampfturbine 3,Moritz J. Weig GmbH & Co. KG,Erdgas,28.8,27.5,2015,56727,FALSE,NA,other
SEE933094075404,UPM Schongau HKW 3 DT,UPM GmbH,Erdgas,30.17,30.17,2014,86956,FALSE,NA,NA
SEE956808243722,SEDE607510036,ENGIE Deutschland GmbH,Erdgas,4.5,4.472,2018,07546,FALSE,NA,NA
SEE957830042178,Turbine 3,AVEA Entsorgungsbetriebe,Abfall,23.65,18.65,2010,51373,FALSE,NA,NA
SEE958702894895,SN-Lankow-GUD_1994,Energieversorgung Schwerin GmbH & Co. Erzeugung KG,Erdgas,8.672,6,1994,19057,FALSE,NA,other
SEE958847865460,Kraftwerk Zolling,Onyx Kraftwerk Zolling GmbH &Co. KGaA,Steinkohle,501,472,1985,85406,FALSE,NA,other
SEE960733358116,0065 - STW - BHKW - KWK,Stadtwerke Kempen GmbH,Erdgas,2.455,2.419,2024,47906,FALSE,NA,NA
SEE919443669678,GBS KW Fenne,Iqony Battery System,Batteriespeicher,15,15,2016,66333,FALSE,NA,NA
SEE922519934914,Euskirchen BHKW,Pfeifer & Langen GmbH & Co. KG,Erdgas,1.2,1.178,2022,53879,FALSE,NA,NA
SEE923391382282,"Biomethan BHKW Hannover Herrenhausen, Motor 5",BEH Bioenergie Hannover GmbH,Biomasse,4.5,4.5,2024,30419,FALSE,NA,NA
SEE943565217936,Partition_4,BMW AG,Batteriespeicher,3.4,3.4,2017,04349,FALSE,NA,NA
SEE943866326672,illwerke vkw Vermuntwerk M2,EnBW Energie Baden-Württemberg AG,Wasser,85,85,1930,A-6794,FALSE,NA,NA
SEE950688444200,Biomasse-HKW 2 Kehl,Koehler Kehl GmbH,Biomasse,2.9,2.6,2011,77694,FALSE,NA,NA
SEE951966828576,Turbine VE 32 ZV MVA IN,Zweckverband Müllverwertungsanlage Ingolstadt,Abfall,9.2,7.36,1996,85055,FALSE,NA,NA
SEE905490507995,Q_ESS_Luenen,Coulomb GmbH,Batteriespeicher,11.92,11.92,2016,44536,FALSE,NA,NA
SEE911507913505,Turbine 2,Kelheim Fibres GmbH,Erdgas,2.943,2.722,1990,93309,FALSE,NA,NA
SEE902280549463,bnBm GasKW BIB GT3,RWE Generation SE,Erdgas,34.8,34.4,2023,68647,FALSE,NA,reserve
SEE904052511746,PSW Markersbach PSS D,Vattenfall Wasserkraft GmbH,Pumpspeicher,175,174.2,1981,08352,FALSE,NA,NA
SEE904653296578,DT_neu,Sustainable Energy Aschaffenburg GmbH,Abfall,3.3,2.98,2025,63741,FALSE,NA,NA
SEE909927513559,KW3 GT31,Kraftwerke Mainz-Wiesbaden AG,Erdgas,296.3,291.3,2001,55120,FALSE,NA,NA
SEE911567250299,Itzehoe GT,Uniper Kraftwerke GmbH,Mineraloelprodukte,89,87,1972,25588,FALSE,NA,NA
SEE915604855232,GuD-Anlage (Gasturbine),Sustainable Energy Aschaffenburg GmbH,Erdgas,32.25,31.552,2013,63741,FALSE,NA,NA
SEE915883553447,Irsching 5 DT,Gemeinschaftskraftwerk Irsching GmbH,Erdgas,286,282,2010,85088,FALSE,NA,NA
SEE937914003899,Spitzenlastkraftwerk Veits Dieseltandem 1,Allgäuer Überlandwerk GmbH,Mineraloelprodukte,5.94,5,1978,87448,FALSE,NA,NA
SEE941176001043,Lehmen Maschiene 3,RWE Generation Hydro GmbH,Wasser,5,5,1962,56332,FALSE,NA,NA
SEE942100679987,Vianden M6,RWE Generation SE,Pumpspeicher,100,100,1964,9463,FALSE,NA,NA
SEE942752513288,DT1,EGGER Holzwerkstoffe Brilon GmbH & Co. KG,Biomasse,10,10,2016,59929,FALSE,NA,NA
SEE945580171361,F13G5,Henkel AG & Co. KGaA,Erdgas,20,18,1980,40589,FALSE,NA,NA
SEE950895373805,Dampfturbinenanlage DT3,Energie SaarLorLux AG,Erdgas,34.6,34,2011,66121,FALSE,NA,NA
SEE955535216191,GTS6,Crespel & Deiters GmbH & Co. KG,Erdgas,5.4,5.319,2025,49479,FALSE,NA,NA
SEE956337212497,Dampfturbine I Südzucker Ochsenfurt,Südzucker AG,Waerme,14.4,13.667,1978,97199,FALSE,NA,NA
SEE916830465356,BHKW KW5 5A,Kraftwerke Mainz-Wiesbaden AG,Erdgas,10.02,9.93,2020,55120,FALSE,NA,NA
SEE918407219966,GuD Steinitz - HKW 1,Neptune Energy Deutschland GmbH,Erdgas,11.6,11.6,1994,29410,FALSE,NA,NA
SEE920193460095,HKWH Gasturbine 6,Stadtwerke Kiel AG,Erdgas,5.52,5.424,2005,24116,FALSE,NA,NA
SEE960155611554,medl BHKW Broich Modul 3 neu,medl GmbH,Erdgas,2.673,2.673,2021,45479,FALSE,NA,NA
SEE964717210810,Generator 3,Infraserv GmbH & Co. Wiesbaden KG,Erdgas,10.573,10.323,1977,65203,FALSE,NA,NA
SEE968136280119,Rheinhafen- Dampfkraftwerk  RDK 4S DT,EnBW Energie Baden-Württemberg AG,Erdgas,124.5,114,1998,76189,FALSE,NA,reserve
SEE970579995963,Scholven 1 DT,Uniper Kraftwerke GmbH,Waerme,30.802,30,2023,45896,FALSE,NA,NA
SEE938990134545,MVB Borsigstraße Holz 24,ZRE Zentrum für Ressourcen und Energie GmbH,Biomasse,20.52,20.52,2005,22113,FALSE,NA,NA
SEE905826160993,Saalachkraftwerk D2,DB Energie GmbH,Wasser,1.75,1.75,1914,83435,FALSE,NA,NA
SEE913199703136,Roßhaupten SKW K2,Uniper Kraftwerke GmbH,Wasser,24.9,22.75,1954,87672,FALSE,NA,NA
SEE913657334902,NEC_WERK_PST_SÜD,AUDI,Mineraloelprodukte,20.57,20.57,1994,74172,FALSE,NA,NA
SEE917943562765,HKW West Block 2,Mainova AG,Steinkohle,69.5,61.5,1990,60327,FALSE,NA,NA
SEE934395809149,RADAG M2,Rheinkraftwerk Albbruck-Dogern AG,Wasser,27.94,27.94,1934,79774,FALSE,NA,NA
SEE944354997350,Erdgas BHKW KLA Bottrop Ag. 1,Emschergenossenschaft,Erdgas,2.676,2.676,2021,46238,FALSE,NA,NA
SEE946476002431,Turbine 6,Kelheim Fibres GmbH,Erdgas,22.5,20.815,1970,93309,FALSE,NA,NA
SEE980274382876,RKI Iffezheim M6 Fischpass,EnBW Energie Baden-Württemberg AG,Wasser,1.05,1.05,2001,76473,FALSE,NA,NA
SEE980331579218,Rheinhafen-Dampfkraftwerk RDK 8,EnBW Energie Baden-Württemberg AG,Steinkohle,912,834,2014,76189,FALSE,NA,NA
SEE980608407671,HKW Sandreuth (DT1),N-ERGIE Kraftwerke GmbH,Erdgas,16.076,15.596,2010,90441,FALSE,NA,NA
SEE928983473973,BHKW-G,Westag AG,Erdgas,1.999,1.999,2016,33378,FALSE,NA,NA
SEE931353190974,Kraftwerk Neuötting MS3,VERBUND Innkraftwerke GmbH,Wasser,8.7,8.7,1951,84524,FALSE,NA,NA
SEE934292362181,Fernheizwerk 6-BHKW 8,Fernheizwerk Neukölln AG,Erdgas,1.9998,1.9758,2020,12059,FALSE,NA,NA
SEE940474876544,Müden Maschine 1,RWE Generation Hydro GmbH,Wasser,4.1,4.1,1965,56254,FALSE,NA,NA
SEE924169304048,Kaufering K(Ro)3,Uniper Kraftwerke GmbH,Wasser,6.1,5.567,1975,86916,FALSE,NA,NA
SEE924474026383,Motor 5,Biomethan Produktion Ottersberg GmbH,Biomasse,1.048,1.048,2005,28870,FALSE,NA,NA
SEE927303933470,Nordland GuD-Anlage ND-DTS,Nordland Papier GmbH,Erdgas,4.1,3.995,2022,26892,FALSE,NA,NA
SEE927436598478,Werk 1.5 KWK 4,BMW AG,Erdgas,3.431,3.36,2019,80937,FALSE,NA,NA
SEE930232746332,Scheuring K(Ro)1,Uniper Kraftwerke GmbH,Wasser,4.5,4.067,1980,86937,FALSE,NA,NA
SEE930595548697,Walchenseekraftwerk D F1,Uniper Kraftwerke GmbH,Wasser,18,18,1924,82431,FALSE,NA,NA
SEE932907515472,Elsteraue Battery Storage,Obton Storage GmbH & Co. KG,Batteriespeicher,13.8,13.8,2022,06729,FALSE,NA,NA
SEE934591835126,T4,SWN Stadtwerke Neumünster GmbH,Steinkohle,17.36,14.105,1974,24534,TRUE,2024,other
SEE901050642113,Heizkraftwerk Dieselstraße Block C,EVH GmbH,Erdgas,57.322,57.322,2020,06130,FALSE,NA,NA
SEE904662075126,7712MKA10-GT2,Sachsenmilch Leppersdorf GmbH,Erdgas,15.45,14.885,2014,01454,FALSE,NA,NA
SEE921399860047,GM2,Stadtwerke Rosenheim GmbH & Co. KG,Erdgas,3.352,3.285,2011,83022,FALSE,NA,NA
SEE927343891853,DT KLA Bottrop,Emschergenossenschaft,Biomasse,4.5,4.5,2017,46238,FALSE,NA,NA
SEE937536026146,GuD Marzahn Gasturbine,BEW Berliner Energie und Wärme GmbH,Erdgas,196,189.5,2020,12681,FALSE,NA,NA
SEE946069613440,HKW FFO GM1,Stadtwerke Frankfurt (Oder) GmbH,Erdgas,10.423,10.3584,2022,15236,FALSE,NA,NA
SEE916894674336,Gasmotoren-Blockheizkraftwerk II (Generator 3),GLOBALFOUNDRIES Dresden Module One LLC & Co. KG,Erdgas,3.832,3.772,2004,01468,FALSE,NA,NA
SEE924793743626,Gersthofen M5,LEW Wasserkraft,Wasser,1.974,1.969,1901,86368,FALSE,NA,NA
SEE925648480314,medl BHKW Broich Modul 1,medl GmbH,Biomasse,3.293,3.293,2014,45479,FALSE,NA,NA
SEE929865645150,Turbine 24,INEOS Manufacturing Deutschland,Sonstige Energietraeger (nicht erneuerbar),10.4,10.4,1966,50769,FALSE,NA,NA
SEE934999181948,Unterbergen K(Ro)2,Uniper Kraftwerke GmbH,Wasser,4.7,4.067,1983,86511,FALSE,NA,NA
SEE936922240418,Lehmen Maschine 4,RWE Generation Hydro GmbH,Wasser,5,5,1962,56332,FALSE,NA,NA
SEE939429845179,Querdel SKW Biomethan1,Querdel Energie GmbH,Biomasse,3.352,3.352,2023,48336,FALSE,NA,NA
SEE942369834141,Kraftwerk Zanders Paper GmbH,Zanders Paper GmbH,Erdgas,21.56,21.06,1989,51465,FALSE,NA,NA
SEE957163765348,Generator 3,ORION Engineered Carbons GmbH,Sonstige Energietraeger (nicht erneuerbar),14,13.4,2020,50997,FALSE,NA,NA
SEE901789931854,SWM HKW Sued GuD1 GT2,SWM Services GmbH,Erdgas,98.9,97.9,1980,81371,FALSE,NA,NA
SEE902686859227,Generator 2,Nordzucker AG Werk Uelzen,Erdgas,17.1,14.9,1965,29525,FALSE,NA,NA
SEE908125004449,Boxberg Block P,Lausitz Energie Kraftwerke AG,Braunkohle,540,500,1980,02943,FALSE,NA,NA
SEE917303295586,"Motor-Heizkraftwerk Chemnitz-Süd, Motor 4",eins energie in sachsen GmbH & Co. KG,Erdgas,12.9,12.7314,2022,09125,FALSE,NA,NA
SEE920672219015,Generator 5,KÄMMERER Energie GmbH,Braunkohle,16.5,9.8,1977,49090,FALSE,NA,NA
SEE930248546148,Landau K1,Uniper Kraftwerke GmbH,Wasser,4.2,4.2,1984,94431,FALSE,NA,NA
SEE970667868155,Gasturbine 13,Stadtwerke Flensburg,Erdgas,60.6,60,2022,24939,FALSE,NA,NA
SEE972526098451,Heizkraftwerk an der Friedensbrücke DampfturbineIII,Stadtwerke Würzburg AG,Erdgas,23.5,23,1971,97080,FALSE,NA,NA
SEE972922507168,BHKW Hastedt Motor 01,swb Erzeugung AG & Co. KG,Erdgas,11.8095,11.6794,2022,28207,FALSE,NA,NA
SEE979394589432,Aufkirchen E F2,Uniper Kraftwerke GmbH,Wasser,9,9,1924,85445,FALSE,NA,NA
SEE979426528330,BHKW Neu-Ulm M2,SWU Energie GmbH,Erdgas,2.676,2.622,2021,89231,FALSE,NA,NA
SEE918714025250,illwerke vkw Kopswerk I M1,EnBW Energie Baden-Württemberg AG,Wasser,96,96,1969,A-6793,FALSE,NA,NA
SEE921503407342,Turbine/Generator 10,Wacker Chemie,Erdgas,37.8,37.6,2014,84489,FALSE,NA,NA
SEE924286409503,IKW Rüdersdorf,IKW Rüdersdorf GmbH,Abfall,35.54,30,2007,15562,FALSE,NA,NA
SEE933265744528,Hemfurth F1,Uniper Kraftwerke GmbH,Wasser,10,10,1915,34549,FALSE,NA,NA
SEE936042422251,GT,Kraftwerk Neuss GmbH,Erdgas,16.971,16.871,2025,41460,FALSE,NA,NA
SEE936411567903,WKW Rudolf-Fettweis-Werk Murgwerk M4,EnBW Energie Baden-Württemberg AG,Wasser,4.4,4.4,1918,76596,FALSE,NA,NA
SEE936473203580,Gasmotor 2 Jena,TEAG Thüringer Energie AG,Erdgas,12.616,12.175,2022,07745,FALSE,NA,NA
SEE937544161082,EBS Heizkraftwerk Spremberg,SpreeStromErzeugungs GmbH,Abfall,22.707,17.5,2012,03130,FALSE,NA,NA
SEE953815288937,BESS Immenstadt,Batteriespeicher Immenstadt GmbH & Co. KG,Batteriespeicher,15.8,15.8,2025,87509,FALSE,NA,NA
SEE957496380690,Gasturbinenkraftwerk Thyrow GT B,Lausitz Energie Kraftwerke AG,Erdgas,37.6,37.104,1987,15806,FALSE,NA,reserve
SEE966331411864,Kraftwerk Lippendorf Block R,Lausitz Energie Kraftwerke AG,Braunkohle,942,891,2000,04575,FALSE,NA,NA
SEE923223371170,Vohburg E K1,Donau-Wasserkraft AG,Wasser,9.7,7.76,1992,85088,FALSE,NA,NA
SEE925878652192,Enkirch Maschine 1,RWE Generation Hydro GmbH,Wasser,4.6,4.6,1966,56850,FALSE,NA,NA
SEE911097916719,Gasturbine Model Sachsen Papier,Model Sachsen Papier GmbH,Erdgas,30.6493,30.6493,2009,04838,FALSE,NA,NA
SEE912994271871,Hamborn 3,thyssenkrupp Steel Europe AG,Sonstige Energietraeger (nicht erneuerbar),64,59.6,1958,47166,FALSE,NA,NA
SEE914740925915,MOT 2,SWP Stadtwerke Pforzheim,Erdgas,10.387,10.285,2021,75175,FALSE,NA,NA
SEE915666168653,MHKW  Pirmasens Verbrennung II,EEW Energy from Waste Saarbrücken GmbH,Abfall,19.15,16.4,2022,66954,FALSE,NA,NA
SEE915966254872,Hamborn 5,thyssenkrupp Steel Europe AG,Sonstige Energietraeger (nicht erneuerbar),241,225,2003,47166,FALSE,NA,NA
SEE919286948329,Kraftwerk GRI,Gunvor Raffinerie Ingolstadt GmbH,Erdgas,7.8,7.8,1964,85092,FALSE,NA,NA
SEE927716043575,MVA EEW Hannover,EEW Energy from Waste Hannover GmbH,Abfall,29.6,27.2,2005,30659,FALSE,NA,NA
SEE931261988564,KW Wyhlen Straflo 01,naturenergie hochrhein AG,Wasser,4.6,4.5,1992,79639,FALSE,NA,NA
SEE946556052639,GSH Green Steam Hürth GmbH,GSH Green Steam Hürth GmbH,Biomasse,20,18.3,2023,50354,FALSE,NA,NA
SEE953605889740,Batteriespeicher Herrenhausen,enercity AG,Batteriespeicher,14,14,2017,30419,FALSE,NA,NA
SEE923304040681,Gersteinwerk F GT (F1),RWE Generation SE,Erdgas,72,55,1972,59368,FALSE,NA,reserve
SEE942841758538,illwerke vkw Kopswerk II M2,EnBW Energie Baden-Württemberg AG,Pumpspeicher,175,175,2008,A-6793,FALSE,NA,NA
SEE945779125267,Pfreimd T2,ENGIE Deutschland Erneuerbare GmbH,Wasser,3.3,3.3,2000,92723,FALSE,NA,NA
SEE957189569340,illwerke vkw Kopswerk II M3,EnBW Energie Baden-Württemberg AG,Pumpspeicher,175,175,2008,A-6793,FALSE,NA,NA
SEE962376547568,KW Rheinfelden Maschine 4,naturenergie hochrhein AG,Wasser,23.6,22.9,2010,4310,FALSE,NA,NA
SEE922145299326,KWK-Modul 13 Gotha West,Gothaer Stadtwerke ENERGIE,Erdgas,2,1.984,2016,99867,TRUE,2026,other
SEE928382664095,KWK Neumarkt,Pfleiderer Neumarkt GmbH,Biomasse,4,3,2001,92318,FALSE,NA,NA
SEE929405778768,Enkirch Maschine 2,RWE Generation Hydro GmbH,Wasser,4.6,4.6,1966,56850,FALSE,NA,NA
SEE932989146397,NEZ Adlershof Modul 4,"BTB Blockheizkraftwerks-, Träger- und Betreibergesellschaft",Erdgas,2,1.97,2010,12489,FALSE,NA,NA
SEE944095305490,Heizkraftwerk an der Friedensbrücke GasturbineII,Stadtwerke Würzburg AG,Erdgas,30.5,30,2009,97080,FALSE,NA,NA
SEE946029200710,Dampfturbine 2,Universitätsklinkum Freiburg und Bad Krozingen,Erdgas,8.3,8.13,1970,79106,FALSE,NA,NA
SEE920801236685,"Kraftwerk VII, Block 71, DT710",SYNEQT GmbH,Erdgas,36.33,36.23,2022,45772,FALSE,NA,NA
SEE920847840785,SWM Uppenborn 1 Gen3,Stadtwerke München GmbH,Wasser,8.8,8.8,1930,85368,FALSE,NA,NA
SEE924343365650,W050-TS_Mercedes-Benz Werk Sindelfingen HKW Gasturbine 1,Firma Mercedes-Benz AG Werk 050 HPC NC50 LN-Nr.: 17319765,Erdgas,31.517,29.941,2013,71063,FALSE,NA,NA
SEE926693191903,Pfrombach D F4,Uniper Kraftwerke GmbH,Wasser,4.38,4.38,1929,85368,FALSE,NA,NA
SEE926900618322,Sermuth BHKW 1,envia THERM GmbH,Mineraloelprodukte,7.2,5.7,1995,04680,FALSE,NA,NA
SEE927168175756,Pumpspeicherwerk Rönkhausen PSW1,Mark-E Aktiengesellschaft,Pumpspeicher,69,69,2019,57413,FALSE,NA,NA
SEE927582792126,BESS Leuna 2,Münch NextGen Storage GmbH,Batteriespeicher,50.94,46.332,2026,06217,FALSE,NA,NA
SEE930982693153,Knapsack I - Gasturbine  GT11,Knapsack Power GmbH & Co. KG,Erdgas,295,295,2007,50354,FALSE,NA,NA
SEE939211785720,Dampfgeneratorturbine 1,OMV Deutschland Operations GmbH & Co. KG,Erdgas,8,7.8,1970,84489,FALSE,NA,NA
SEE914438115895,Heizkraftwerk Dieselstraße Block A,EVH GmbH,Erdgas,57.646,56.845,2020,06130,FALSE,NA,NA
SEE922518617825,Biomasse-HKW 1 Kehl,Koehler Kehl GmbH,Biomasse,8.6,7.94,2002,77694,FALSE,NA,NA
SEE923597137761,DT1,Sasol Germany GmbH,Waerme,1.45,1.31,1993,25541,FALSE,NA,NA
SEE925158531827,Heizkraftwerk Dieselstraße NEA,EVH GmbH,Erdgas,1.56,1.541,2020,06130,FALSE,NA,NA
SEE931406146903,LBG-1/599,Ruhr Oel GmbH – BP Gelsenkirchen,Sonstige Energietraeger (nicht erneuerbar),15,15,2025,45896,FALSE,NA,NA
SEE931485815622,SWM Uppenborn 2 Gen2,Stadtwerke München GmbH,Wasser,6,6,1951,84184,FALSE,NA,NA
SEE935253303649,BMW Landshut KWK 6,BMW AG,Erdgas,4.473,4.3,2018,84030,FALSE,NA,NA
SEE935645540645,KW Wyhlen Francis 07,naturenergie hochrhein AG,Wasser,2.184,2.166,1912,79639,FALSE,NA,NA
SEE927477486369,Scheuring K(Ro)3,Uniper Kraftwerke GmbH,Wasser,4.5,4.067,1980,86937,FALSE,NA,NA
SEE941844408532,Großkayna GT2,envia THERM GmbH,Mineraloelprodukte,45.625,45.625,1994,06242,FALSE,NA,NA
SEE943210695102,DT30 GuD Süd Wolfsburg,VW Kraftwerk GmbH,Waerme,37,36.2,2021,38440,FALSE,NA,NA
SEE944172882906,Biogas BHKW Südzucker Rain,Südzucker AG,Biomasse,1.364,1.364,2006,86641,FALSE,NA,NA
SEE947227591686,KW Laufenburg Maschine 7,naturenergie holding AG,Wasser,10.6,10.442,1991,5080,FALSE,NA,NA
SEE955634700423,WKW Säckingen M2,EnBW Energie Baden-Württemberg AG,Wasser,23,23,1966,79713,FALSE,NA,NA
SEE957229968300,Niederaußem H,RWE Power AG,Braunkohle,690,648,1974,50129,FALSE,NA,NA
SEE959025997980,Gasturbine 3 Jena,TEAG Thüringer Energie AG,Erdgas,40,39,1996,07745,FALSE,NA,NA
SEE961660070034,Block 4 Merkenich RheinEnergie,RheinEnergie AG,Erdgas,18.1,15.5,2010,50769,FALSE,NA,NA
SEE926027902403,P16,Caterpillar Energy Solutions,Erdgas,2.3,2.3,1939,68167,FALSE,NA,NA
SEE926313104276,"Kraftwerk VI, Block 62, GT621",SYNEQT GmbH,Erdgas,56.5,55.014,2022,45772,FALSE,NA,NA
SEE926356200836,Prüfstand 4,Rolls-Royce Solutions Augsburg GmbH,Erdgas,4,3.95,2003,86165,FALSE,NA,NA
SEE927766801477,PKV Dampfsammelschienen-KWK-Anlage Generator / Turbine DT 11,Papier- u. Kartonfabrik Varel GmbH & Co. KG,Waerme,3.76,3.647,1965,26316,FALSE,NA,NA
SEE933647139935,Geisling K1,Rhein-Main-Donau GmbH,Wasser,8.333,8.333,1985,93102,FALSE,NA,NA
SEE933745405604,PSW Hohenwarte 2 PSS E,Vattenfall Wasserkraft GmbH,Pumpspeicher,40,39.7,1965,07338,FALSE,NA,NA
SEE935147494255,Batteriespeicher Herdecke 2,RWE Supply & Trading GmbH,Batteriespeicher,6.08,6.08,2021,58313,FALSE,NA,NA
SEE935809614632,IPH Strom GT4,Infraserv GmbH & Co. Höchst KG,Erdgas,6.57,6.153,1956,65929,FALSE,NA,NA
SEE925692039025,Schnellanlaufturbine (Howden),Sappi Ehingen GmbH,Waerme,1.099,1.099,2024,89584,FALSE,NA,NA
SEE954482465522,Batterie Hessisch Lichtenau,VERBUND Energy4Business Germany GmbH,Batteriespeicher,12,12,2022,37235,FALSE,NA,NA
SEE955292024220,MKW SAD Turbine 4,Zweckverband Müllverwertung Schwandorf,Abfall,10,10,1982,92421,FALSE,NA,NA
SEE956217502250,GGT HO A,Salzgitter Flachstahl GmbH,Sonstige Energietraeger (nicht erneuerbar),10.222,8,1998,38239,FALSE,NA,NA
SEE957285549260,Dampfturbine 9,Stadtwerke Flensburg,Steinkohle,35.9,32.9,1988,24939,FALSE,NA,NA
SEE961328936443,BHKW Obere Viehweide M2 (Waldhäuser Str 100),Stadtwerke Tübingen GmbH,Erdgas,3.352,3.286,2013,72076,FALSE,NA,NA
SEE961687984079,"HKW Pfaffenwald, Generator 41",Universität Stuttgart,Erdgas,5.2,4.9,1988,70569,FALSE,NA,NA
SEE967844487346,Heizkraftwerk an der Friedensbrücke GasturbineI,Stadtwerke Würzburg AG,Erdgas,51.5,51,2005,97080,FALSE,NA,NA
SEE968474056711,Generator 6,Infraserv GmbH & Co. Wiesbaden KG,Erdgas,22.111,21.861,2021,65203,FALSE,NA,NA
SEE923412553844,GuD Anlage DREWSEN Spezialpapiere (Dampfturbine),DREWSEN Spezialpapiere GmbH & Co. KG,Erdgas,9.28,9,2000,29331,FALSE,NA,NA
SEE923729511377,BHKW2 Chemnitzer Straße 40,Freiberger Erdgas GmbH,Erdgas,4.401,4.313,2013,09599,FALSE,NA,NA
SEE923959807806,Turbine 3,BASF SE,Abfall,11.3,11.14,2006,68169,FALSE,NA,NA
SEE925333539921,Koepchenwerk Bl.,RWE Generation SE,Pumpspeicher,165,162,1989,58313,FALSE,NA,NA
SEE932713248328,BMKW Wicker,Biomasse Rhein-Main GmbH,Biomasse,15,12.712,2003,65439,FALSE,NA,NA
SEE933095868289,Batteriespeicherkraftwerk,Versorgungsbetriebe Bordesholm GmbH,Batteriespeicher,15,15,2019,24582,FALSE,NA,NA
SEE937878572653,Langenprozelten E F2,Donau-Wasserkraft AG,Pumpspeicher,84.2,82,1976,97737,FALSE,NA,NA
SEE933741679870,Dampfturbineneinheit 1,Stadt Solingen,Abfall,5.3,2.8,1969,42655,FALSE,NA,NA
SEE936690179729,BHKW1(GKWK-MA-0015),Daimler Truck AG,Erdgas,4.185,4.101,2017,68305,FALSE,NA,NA
SEE918916993708,Wolfen GT,envia THERM GmbH,Erdgas,50,50,1996,06766,FALSE,NA,NA
SEE919296928137,Sammelschienen-Kraftwerk Gas- und Dampfturbinen,Kraftwerk Obernburg,Erdgas,116.149,112.719,1956,63906,FALSE,NA,NA
SEE922767690112,Oberpeiching M1,LEW Wasserkraft,Wasser,6.15,6.145,1954,86698,FALSE,NA,NA
SEE925074451797,KW Laufenburg Maschine 10,naturenergie holding AG,Wasser,10.6,10.442,1992,5080,FALSE,NA,NA
SEE928263467494,016 BHKW Modul 2,Universitätsklinikum Bonn,Erdgas,2.05,2.05,2016,53127,FALSE,NA,NA
SEE932773773501,ZF-FRD-W04-G32-Prüfstand-A05,ZF Friedrichshafen AG,Mineraloelprodukte,1.672,1.672,2019,88046,FALSE,NA,NA
SEE922914399295,Mercer Rosenthal,Mercer Rosenthal GmbH,Biomasse,57.235,53.1,1999,07366,FALSE,NA,NA
SEE923244371197,Heizkraftwerk Leipzig Nord GT81,Stadtwerke Leipzig GmbH,Erdgas,64.783,63.54,1996,04105,FALSE,NA,NA
SEE924756001060,BioHKW I,Fernwärme Ulm GmbH,Biomasse,9.6,8.6,2004,89077,FALSE,NA,NA
SEE925723270861,HDH_004_Industrieheizkraftwerk-Heidenheim_GM1,J. M. Voith SE & Co. KG,Erdgas,4.401,4.225,2014,89522,FALSE,NA,NA
SEE929967552172,KW Wehr MS A9,Schluchseewerk AG,Pumpspeicher,227.5,227.5,1975,79664,FALSE,NA,NA
SEE936443066245,Müllheizkraftwerk Ulm-Donautal Turbine,Zweckverband Thermische Abfallverwertung Donautal,Abfall,11,8.7,1997,89079,FALSE,NA,NA
SEE957253837467,KW Waldshut MS A6,Schluchseewerk AG,Pumpspeicher,44,44,1952,79761,FALSE,NA,NA
SEE960175509510,BHKW Hastedt Motor 07,swb Erzeugung AG & Co. KG,Erdgas,11.8096,11.6794,2022,28207,FALSE,NA,NA
SEE963192915654,"HKW Pfaffenwald, Generator 43",Universität Stuttgart,Waerme,2.6,2.4,1963,70569,FALSE,NA,NA
SEE964170331206,MHKW Coburg,Zweckverband für Abfallwirtschaft in Nordwest-Oberfranken,Abfall,10.6,10.6,1988,96450,FALSE,NA,NA
SEE968458734758,Vianden M8,RWE Generation SE,Pumpspeicher,100,100,1963,9463,FALSE,NA,NA
SEE929161243203,Staudinger 5,Uniper Kraftwerke GmbH,Steinkohle,550,522,1992,63538,FALSE,NA,other
SEE929182899328,Prüfstände Brühl 3/52,Daimler Truck AG,Mineraloelprodukte,20.758,20.758,2019,73733,FALSE,NA,NA
SEE931704712701,BESS Balzhausen 2 green flexibility,green flexibility BESS Balzhausen 2 GmbH,Batteriespeicher,38.3,38.3,2026,86483,FALSE,NA,NA
SEE932657881513,KWK-Anlage Gasturbine 1,Delkeskamp Verpackungswerke GmbH,Erdgas,4.96,4.811,1996,49638,TRUE,2022,other
SEE937617144974,IN_N19_KWKK_GT1,AUDI,Erdgas,5.1,4.985,1998,85057,FALSE,NA,NA
SEE953266686481,T2,SWN Stadtwerke Neumünster GmbH,Steinkohle,12.8,9.545,1982,24534,FALSE,NA,other
SEE956906670420,BMHKW Bergkamen,E.ON Energy Solutions GmbH,Biomasse,20,18.472,2005,59192,FALSE,NA,NA
SEE922473273890,WKW Säckingen M4,EnBW Energie Baden-Württemberg AG,Wasser,23,23,1966,79713,FALSE,NA,NA
SEE961706754454,Kraftwerk Jochenstein MS4,Donaukraftwerk Jochenstein AG,Wasser,26.4,26.4,1956,94107,FALSE,NA,NA
SEE964447287038,HKW Gasturbine 2,Stadtwerke Greifswald GmbH,Erdgas,4.949,4.894,1996,17489,FALSE,NA,NA
SEE965551192713,HKW Linden GT3,enercity AG,Erdgas,70.25,70,2009,30449,FALSE,NA,NA
SEE966844914388,Großkayna GT1,envia THERM GmbH,Mineraloelprodukte,45.625,45.625,1994,06242,FALSE,NA,NA
SEE968493660913,Kraftwerk Wasserburg MS4 20 kV,VERBUND Innkraftwerke GmbH,Wasser,4.82,4.82,1938,83512,FALSE,NA,NA
SEE972034775981,Biomass Heizkraftwerk Recklinghausen,Ökotech Ing.Ges.mbH,Biomasse,20,18,2004,45665,FALSE,NA,NA
SEE976362409624,BES GRO,BES Groitzsch GmbH& Co. KG,Batteriespeicher,17.25,16.425,2019,04539,FALSE,NA,NA
SEE930267705700,WKW Rudolf-Fettweis-Werk PSW Schwarzenbach M6,EnBW Energie Baden-Württemberg AG,Pumpspeicher,21.7,21.5,1926,76596,FALSE,NA,NA
SEE930673793902,Bergkamen A,STEAG Power GmbH,Steinkohle,780,720,1981,59192,FALSE,NA,reserve
SEE933361522259,Kraftwerk Marbach MAR 4,EnBW Energie Baden-Württemberg AG,Mineraloelprodukte,310,306.5,2024,71672,FALSE,NA,reserve
SEE937685363109,Eitting E F1,Uniper Kraftwerke GmbH,Wasser,9,9,1925,85462,FALSE,NA,NA
SEE943021591570,Kraftwerk Wasserburg MS2 20 kV,VERBUND Innkraftwerke GmbH,Wasser,4.82,4.82,1938,83512,FALSE,NA,NA
SEE946583344691,KWK 6,BMW AG,Erdgas,4.5,4.5,2019,84130,FALSE,NA,NA
SEE951160693116,Gasmotor 5 Jena,TEAG Thüringer Energie AG,Erdgas,12.616,12.175,2022,07745,FALSE,NA,NA
SEE957769851605,HKW West Turbine 5,Mainova AG,Erdgas,39.3,39.137,2017,60327,FALSE,NA,NA
SEE958519166192,ET HO4,ROGESA Roheisengesellschaft Saar mbH,Sonstige Energietraeger (nicht erneuerbar),9.52,9.52,1986,66763,FALSE,NA,NA
SEE940316838242,Batteriespeicher,ENGIE Deutschland Erneuerbare GmbH,Batteriespeicher,12.5,12.5,2019,92723,FALSE,NA,NA
SEE945563004310,GM3,Stadtwerke Rosenheim GmbH & Co. KG,Erdgas,3.352,3.285,2011,83022,FALSE,NA,NA
SEE925599434282,Neurath F,RWE Power AG,Braunkohle,1110,1060,2012,41517,FALSE,NA,NA
SEE927032372373,"MHKW, Generator 1",Bremerhavener Entsorgungsgesellschaft mbH,Abfall,10,7,1977,27570,FALSE,NA,NA
SEE927407069969,Kraftwerk Wasserburg MS2 110 kV,VERBUND Innkraftwerke GmbH,Wasser,4.82,4.82,1938,83512,FALSE,NA,NA
SEE933402065318,KWK 4 Geb. 192.0,BMW AG,Erdgas,4.13,4.13,2017,84130,FALSE,NA,NA
SEE935949048892,WKW Rudolf-Fettweis-Werk Murgwerk M1,EnBW Energie Baden-Württemberg AG,Wasser,4.4,4.4,1918,76596,FALSE,NA,NA
SEE938153286029,Kachlet K6,Uniper Kraftwerke GmbH,Wasser,6.7125,6.7125,1927,94034,FALSE,NA,NA
SEE935976236132,Kachlet K3,Uniper Kraftwerke GmbH,Wasser,6.7125,6.7125,1927,94034,FALSE,NA,NA
SEE937353642390,Kraftwerk Wasserburg MS1 110 kV,VERBUND Innkraftwerke GmbH,Wasser,4.82,4.82,1938,83512,FALSE,NA,NA
SEE937360320199,Detzem Maschine 2,RWE Generation Hydro GmbH,Wasser,6,6,1962,54340,FALSE,NA,NA
SEE941850023651,Dampfturbine III Südzucker Offstein,Südzucker AG,Waerme,3,2.5914,1975,67283,FALSE,NA,NA
SEE943297204990,ZF-SBR-GuD-Heizkraftwerk,Energie SaarLorLux AG,Erdgas,39.0292,38.6102,2012,66117,FALSE,NA,NA
SEE943952259648,Boehringer Ingelheim - J41 - GT12/AK12,Boehringer Ingelheim Pharma GmbH&Co.KG,Erdgas,5.4,4.223,1989,88400,FALSE,NA,NA
SEE944518084070,Kachlet K5,Uniper Kraftwerke GmbH,Wasser,6.7125,6.7125,1927,94034,FALSE,NA,NA
SEE942581404276,HDH_004_Industrieheizkraftwerk-Heidenheim_GM2,J. M. Voith SE & Co. KG,Erdgas,4.401,4.225,2014,89522,FALSE,NA,NA
SEE945740636167,Generator 1,Nordzucker AG Werk Uelzen,Erdgas,23,20,1965,29525,FALSE,NA,NA
SEE946142465416,TögingNeu MS2,VERBUND Innkraftwerke GmbH,Wasser,40,40,2022,84513,FALSE,NA,NA
SEE930751125922,Generator 2,Nordzucker AG Werk Nordstemmen,Erdgas,15,13,1993,31171,FALSE,NA,NA
SEE933011205846,Biomethan BHKW 4 Hannover Stöcken,BEH Bioenergie Hannover GmbH,Biomasse,4.5,4.5,2024,30419,FALSE,NA,NA
SEE933223725231,Erzeugungsanlage FHW Ratingen West Modul 1,Stadtwerke Ratingen,Erdgas,2,2,2015,40878,FALSE,NA,NA
SEE938669585906,Kraftwerk Jänschwalde Block B,Lausitz Energie Kraftwerke AG,Braunkohle,535,500,1982,03185,FALSE,NA,NA
SEE976880282228,HKW Sandreuth (DT2),N-ERGIE Kraftwerke GmbH,Erdgas,44.45,39.5,1982,90441,FALSE,NA,NA
SEE977346043964,Bringhausen M3 F1,Uniper Kraftwerke GmbH,Pumpspeicher,35,35,1931,34549,FALSE,NA,NA
SEE978934537223,Dieselaggregat 3,AMK-Abfallentsorgungsgesellschaft des Märkischen Kreises mbH,Mineraloelprodukte,1.79,1.615,2005,58636,FALSE,NA,NA
SEE921785427038,T/G 6,OXEA Produktion GmbH & Co.KG,Mineraloelprodukte,21.5,12,1951,46147,FALSE,NA,NA
SEE922429625575,Kraftwerk Egglfing-Obernberg MS4,Innwerk AG,Wasser,13.45,13.45,1950,94072,FALSE,NA,NA
SEE923271533315,RZR II Turbine3,RZR II Herten GmbH,Abfall,23.585,23.5,2009,45699,FALSE,NA,NA
SEE924235173530,GT1,Grace GmbH,Erdgas,6.5,6.41,1991,67547,FALSE,NA,NA
SEE929404505242,KW Rheinfelden Maschine 2,naturenergie hochrhein AG,Wasser,23.6,22.9,2010,4310,FALSE,NA,NA
SEE980525088564,UER N230 NST3,Currenta GmbH & Co. OHG,Erdgas,33,32.2,1971,47829,FALSE,NA,NA
SEE985755138850,Saalachkraftwerk E5,DB Energie GmbH,Wasser,1.28,1.28,1914,83435,FALSE,NA,NA
SEE988429673565,TREA Breisgau,EEW Energy from Waste Saarbrücken GmbH,Abfall,17.505,17,2004,79427,FALSE,NA,NA
SEE988601422752,Gasmotor 1 Jena,TEAG Thüringer Energie AG,Erdgas,12.616,12.175,2022,07745,FALSE,NA,NA
SEE993116568932,Batteriespeicher Neurath,RWE Generation SE,Batteriespeicher,99,80,2025,41517,FALSE,NA,NA
SEE993301547841,UER N230 NST4,Currenta GmbH & Co. OHG,Erdgas,29.7,29,1967,47829,FALSE,NA,NA
SEE993592183001,Neurath G,RWE Power AG,Braunkohle,1110,1060,2012,41517,FALSE,NA,NA
SEE963848288279,Dampfturbine Block 3,Müllheizkraftwerk Rothensee GmbH,Abfall,33.83,33.5,2024,39126,FALSE,NA,NA
SEE929003106239,Dampfturbine I Südzucker Rain,Südzucker AG,Waerme,4.9,4.615,1957,86641,FALSE,NA,NA
SEE931375347240,SMAREG 1,SMAREG 1,Batteriespeicher,10,10,2020,99867,FALSE,NA,NA
SEE931699316403,Dingolfing K1,Uniper Kraftwerke GmbH,Wasser,5,5,1957,84130,FALSE,NA,NA
SEE932265704129,GT2,Neubrandenburger Stadtwerke GmbH,Erdgas,24.219,23.125,1997,17034,FALSE,NA,NA
SEE934189578992,Sonae Arauco Beeskow GmbH,Sonae Arauco Beeskow GmbH,Biomasse,18.32,15.8,2001,15848,FALSE,NA,NA
SEE934554511586,Felix Schoeller GmbH & Co.KG Weißenborn GT2,Felix Schoeller GmbH & Co. KG,Erdgas,5.083,5.083,1976,09600,FALSE,NA,NA
SEE961057667205,Gasturbine Kraftwerk,Pirelli Deutschland,Erdgas,11.2,10.37,2017,64747,FALSE,NA,NA
SEE962597527578,Kachlet K1,Uniper Kraftwerke GmbH,Wasser,6.7125,6.7125,1927,94034,FALSE,NA,NA
SEE965799757125,Speicher Jerchel West - Teilanlage 2,Solarpark Jerchel West GmbH & Co. KG,Batteriespeicher,6.16,5.6,2025,14715,FALSE,NA,NA
SEE975464070619,GT1,Neubrandenburger Stadtwerke GmbH,Erdgas,24.77,23.761,1997,17034,FALSE,NA,NA
SEE975862748837,WKW Rudolf-Fettweis-Werk Murgwerk M2,EnBW Energie Baden-Württemberg AG,Wasser,4.4,4.4,1918,76596,FALSE,NA,NA
SEE976589352260,Müllheizkraftwerk Kassel M8,Müllheizkraftwerk Kassel GmbH,Abfall,17.7,14.7,2012,34123,FALSE,NA,NA
SEE936364054154,P18,Caterpillar Energy Solutions,Erdgas,2.3,2.3,1939,68167,FALSE,NA,NA
SEE936502086450,IPH Strom GTX 7,Infraserv GmbH & Co. Höchst KG,Erdgas,90.814,89.389,2022,65929,FALSE,NA,NA
SEE937254014852,IPH Strom CoFA BHKW 1,Infraserv GmbH & Co. Höchst KG,Biomasse,1.451,1.3725,2007,65929,FALSE,NA,NA
SEE938443144244,Dornau K2,Uniper Kraftwerke GmbH,Wasser,6.2,5.655,1960,86956,FALSE,NA,NA
SEE941568476039,Turbosatz 1,AVG Abfallentsorgungs- und Verwertungsgesellschaft Köln mbH,Abfall,56,46,1998,50735,FALSE,NA,NA
SEE942226311273,GuD-Block 2,Stadtwerke Rostock Aktiengesellschaft,Erdgas,37,36,1996,18069,FALSE,NA,NA
SEE945217244789,SWM HKW Freimann GT11,SWM Services GmbH,Erdgas,53.151,52.451,2021,80807,FALSE,NA,NA
SEE947245249934,Batteriespeicher Reisgang,Bayernwerk Natur GmbH,Batteriespeicher,15.12,15,2026,85276,FALSE,NA,NA
SEE956596589897,Speicher Karstädt,Obton Karstädt GmbH & Co. KG,Batteriespeicher,20.7,20.7,2025,19357,FALSE,NA,NA
SEE961620762023,DA_HKW_01,Merck KGaA,Erdgas,10.3,10,1999,64293,FALSE,NA,NA
SEE965528786747,Kraftwerk Jochenstein MS3,Donaukraftwerk Jochenstein AG,Wasser,26.4,26.4,1956,94107,FALSE,NA,NA
SEE967558939506,Saalachkraftwerk E1,DB Energie GmbH,Wasser,1.28,1.28,1914,83435,FALSE,NA,NA
SEE969051180959,Dampfturbine I Südzucker Offstein,Südzucker AG,Waerme,14,12.0932,1981,67283,FALSE,NA,NA
SEE971138728251,GBS KW Herne,Iqony Battery System,Batteriespeicher,15,15,2016,44653,FALSE,NA,NA
SEE971499223693,Kraftwerk Jochenstein MS2,Donaukraftwerk Jochenstein AG,Wasser,26.4,26.4,1956,94107,FALSE,NA,NA
SEE944429192826,SEE944429192826 (MHKW Burgkirchen (Müllverbrennung)),Zweckverband Abfallverwertung Südostbayern,Abfall,16.6,12.8,1994,84508,FALSE,NA,NA
SEE958806714600,Biomethan BHKW 3 Hannover Stöcken,BEH Bioenergie Hannover GmbH,Biomasse,2,2,2024,30419,FALSE,NA,NA
SEE967243760361,Dampfturbine 3,Smurfit Westrock Herzberg Solid Board GmbH,Erdgas,14.4,13.49,1983,37412,FALSE,NA,NA
SEE918373264410,BHKW GT-Ost,Stadtwerke Augsburg Energie GmbH,Erdgas,31,30.7,2004,86167,FALSE,NA,NA
SEE919104957342,HKW Buch Gasturbine,BEW Berliner Energie und Wärme GmbH,Erdgas,8,7.54,2015,13125,FALSE,NA,NA
SEE920753145547,bnBm GasKW BIB GT4,RWE Generation SE,Erdgas,34.8,34.4,2023,68647,FALSE,NA,reserve
SEE947399244915,Field Waldkappel,Field Waldkappel GmbH & Co. KG,Batteriespeicher,16,16,2025,37284,FALSE,NA,NA
SEE950309975076,Kraftwerk SI DT3,K+S Minerals and Agriculture GmbH,Waerme,7.642,7.5,1997,31515,FALSE,NA,NA
SEE952340290002,Felix Schoeller GmbH & Co.KG Weißenborn DT,Felix Schoeller GmbH & Co. KG,Erdgas,3.343,3.343,1976,09600,FALSE,NA,NA
SEE954883124240,DT,Kraftwerk Neuss GmbH,Erdgas,6.451,6.303,2025,41460,FALSE,NA,NA
SEE955696590697,BMKW Königs Wusterhausen,MVV Umwelt Asset GmbH,Biomasse,20.6,17.7,2003,15711,FALSE,NA,NA
SEE956527009524,GuD West 50 Dampfturbine,Volkswagen AG,Waerme,48.99,48.99,2023,38440,FALSE,NA,NA
SEE958711841521,Felix Schoeller GmbH & Co.KG Weißenborn GT3,Felix Schoeller GmbH & Co. KG,Erdgas,5.2,5.2,1996,09600,FALSE,NA,NA
SEE959264884584,Bertoldsheim E K1,Donau-Wasserkraft AG,Wasser,6.6,6.3,1967,86643,FALSE,NA,NA
SEE931478434564,Müden Maschine 4,RWE Generation Hydro GmbH,Wasser,4.1,4.1,1965,56254,FALSE,NA,NA
SEE939848582457,HKW FFO GM5,Stadtwerke Frankfurt (Oder) GmbH,Erdgas,10.423,10.3584,2022,15236,FALSE,NA,NA
SEE940081190514,Gasturbine 3,Fresenius Medical Care Deutschland GmbH,Erdgas,4.404,4.368,2017,66606,FALSE,NA,NA
SEE945150729886,RZR I Turbine1,AGR Abfallentsorgungs-Gesellschaft Ruhrgebiet mbH,Abfall,14.9,14.88,1981,45699,FALSE,NA,NA
SEE946976628933,Prem K(Ro)2,Uniper Kraftwerke GmbH,Wasser,6.4,6.4,1971,86983,FALSE,NA,NA
SEE954066913074,Batteriespeicher-Park Worms,Batteriespeicher-Park Worms,Batteriespeicher,30,30,2026,67547,FALSE,NA,NA
SEE964745752825,HKW III  Block A,Stadtwerke Duisburg AG,Erdgas,35.6,35,1974,47249,FALSE,NA,NA
SEE969263477915,Motor 6,Biomethan Produktion Ottersberg GmbH,Biomasse,3.054,3.054,2018,28870,FALSE,NA,NA
SEE973931205885,GSH Green Steam Hürth - Stromerzeugung nach KWKG,GSH Green Steam Hürth GmbH,Abfall,20,18.3,2025,50354,FALSE,NA,NA
SEE974038381946,BESS Krumpa I,Münch EnerStore GmbH,Batteriespeicher,50.94,46.332,2026,06242,FALSE,NA,NA
SEE975507584615,GKM Block 8,Grosskraftwerk Mannheim,Steinkohle,480,435,1993,68199,FALSE,NA,reserve
SEE976944273018,"Rollenprüfstand 1, Gebäude 38",Daimler Truck AG,Mineraloelprodukte,1.36,1.36,2019,76744,FALSE,NA,NA
SEE980915157566,Heizkraftwerk Leipzig Süd GTA 9B,Stadtwerke Leipzig GmbH,Erdgas,66.465,66.02,2022,04279,FALSE,NA,NA
SEE976753443961,H78C Thermofunktionskanal Rollenprüfstand,Volkswagen AG,Mineraloelprodukte,1,1,2017,38440,FALSE,NA,NA
SEE969792129750,129870 Modul 2,Daimler Truck AG,Erdgas,4.49,4.44,2013,76744,FALSE,NA,NA
SEE971164680486,DT1,BASF InfraService & Solutions Lausitz GmbH,Erdgas,25.84,25.517,1994,01987,FALSE,NA,NA
SEE974979035090,Kraftwerk Egglfing-Obernberg MS6,Innwerk AG,Wasser,13.45,13.45,1950,94072,FALSE,NA,NA
SEE975539952376,KW Ryburg-Schwörstadt M2,Kraftwerk Ryburg-Schwörstadt AG,Wasser,28.3,28.15,1930,79739,FALSE,NA,NA
SEE978187174503,Kraftwerk Oberaudorf-Ebbs MS1,Österreichisch-Bayerische Kraftwerke AG,Wasser,30,30,1992,83080,FALSE,NA,NA
SEE981109871657,HKW Moabit Dampfturbine,BEW Berliner Energie und Wärme GmbH,Steinkohle,100,89,1990,13353,FALSE,NA,NA
SEE947020088925,KWK HS Timber,HS Timber Services GmbH,Biomasse,5.552,5.552,2020,02923,FALSE,NA,NA
SEE949459256067,Kraftwerk Perach MS2,VERBUND Innkraftwerke GmbH,Wasser,6.466,6.466,1977,84567,FALSE,NA,NA
SEE926897163430,01 Std GT2,Dow Deutschland Anlagengesellschaft mbH,Erdgas,47.645,44.975,2014,21683,FALSE,NA,NA
SEE929077603696,GuD Lichterfelde Dampfturbine,BEW Berliner Energie und Wärme GmbH,Waerme,125,115,2019,12207,FALSE,NA,NA
SEE929198153032,Rheinfelden Gasturbine,Evonik Operations GmbH,Erdgas,9.8,9.25,1979,79618,FALSE,NA,NA
SEE932127408097,Generator Zorbau,PreZero Energy Zorbau GmbH,Abfall,29.68,27.2,2005,06686,FALSE,NA,NA
SEE933303289677,PSW Wendefurth PSS A,Vattenfall Wasserkraft GmbH,Pumpspeicher,40,39.9,1967,06502,FALSE,NA,NA
SEE937078173100,GT-Anlage1,Smurfit Westrock Wrexen Paper & Board GmbH,Erdgas,7.85,7.8015,2024,34474,FALSE,NA,NA
SEE977613214097,SN-Süd-GUD-GT01,Energieversorgung Schwerin GmbH & Co. Erzeugung KG,Erdgas,23.06,22.6683,2022,19061,FALSE,NA,NA
SEE969511682320,HKW FFO GM2,Stadtwerke Frankfurt (Oder) GmbH,Erdgas,10.423,10.3584,2022,15236,FALSE,NA,NA
SEE971943692655,ST_HKW_T8,Sappi Stockstadt GmbH,Steinkohle,24.05,21.645,1982,63811,TRUE,2024,KVBG
SEE977770417713,T3,SWN Stadtwerke Neumünster GmbH,Abfall,15.52,12.522,1979,24534,FALSE,NA,NA
SEE984166693200,Boehringer Ingelheim - 6482 - PSI - KWK,Boehringer Ingelheim Pharma GmbH&Co.KG,Abfall,12,12,2024,55218,FALSE,NA,NA
SEE946492105505,Kraftwerk Braunau-Simbach MS1,Österreichisch-Bayerische Kraftwerke AG,Wasser,25.6,25.6,1954,84375,FALSE,NA,NA
SEE948351715917,GuD Herne,GuD Herne GmbH,Erdgas,621,608,2022,44653,FALSE,NA,NA
SEE948936460041,Saalachkraftwerk D1,DB Energie GmbH,Wasser,1.593,1.593,1914,83435,FALSE,NA,NA
SEE921008505376,Gasmotoren-Blockheizkraftwerk II (Generator 2),GLOBALFOUNDRIES Dresden Module One LLC & Co. KG,Erdgas,3.832,3.772,2004,01468,FALSE,NA,NA
SEE923801709234,Batterie Schwabmünchen,VERBUND Energy4Business Germany GmbH,Batteriespeicher,16,16,2022,86830,FALSE,NA,NA
SEE924302504816,"HKW Bonn-Nord, Turbogruppe 4",Energie- und Wasserversorgung Bonn/Rhein-Sieg GmbH,Waerme,14.12,12.12,1991,53115,FALSE,NA,NA
SEE926090463146,HKW Charlottenburg Gasturbine 4,BEW Berliner Energie und Wärme GmbH,Erdgas,73,72,1976,10589,FALSE,NA,NA
SEE926239714443,DT Kre,Cargill Deutschland GmbH,Erdgas,26.775,25.714,1964,47809,FALSE,NA,NA
SEE946979186225,Triebwerk Gars,VERBUND Innkraftwerke GmbH,Wasser,5,5,2013,83536,FALSE,NA,NA
SEE947853008176,Vianden M7,RWE Generation SE,Pumpspeicher,100,100,1964,9463,FALSE,NA,NA
SEE951802406722,GTS5,Crespel & Deiters GmbH & Co. KG,Erdgas,7.49,7.3777,2017,49479,FALSE,NA,NA
SEE964673859078,Bergheim E K1,Donau-Wasserkraft AG,Wasser,8.3,7.9,1970,86673,FALSE,NA,NA
SEE966349705634,Heizkraftwerk Stuttgart-Münster GT 88,EnBW Energie Baden-Württemberg AG,Erdgas,61.5,61,2025,70376,FALSE,NA,NA
SEE973556997929,KW Laufenburg Maschine 3,naturenergie holding AG,Wasser,10.6,10.442,1991,5080,FALSE,NA,NA
SEE978207781308,GuD Merkenich RheinEnergie,RheinEnergie AG,Erdgas,110.2,108.2,2004,50769,FALSE,NA,NA
SEE981577033014,KW Laufenburg Maschine 9,naturenergie holding AG,Wasser,10.6,10.442,1992,5080,FALSE,NA,NA
SEE986633590692,GT1 CTX,Smurfit Westrock Hoya Paper & Board GmbH,Erdgas,5.3696,5.155,1996,27318,FALSE,NA,NA
SEE956268312785,Kondensationsturbine EKT,Solvay GmbH,Waerme,40.49,30,2009,06406,FALSE,NA,NA
SEE957509710094,AHKW-Neunkirchen,EEW Energy from Waste Saarbrücken GmbH  AHKW-Neunkirchen,Abfall,14,11.6,1977,66538,FALSE,NA,other
SEE964721515031,Kaufering K(Ro)1,Uniper Kraftwerke GmbH,Wasser,6.1,5.567,1975,86916,FALSE,NA,NA
SEE967390177067,GOES Anlagen Dotternhausen Blöcke 1+2+3+4,Holcim (Süddeutschland) GmbH,Mineraloelprodukte,17,15,2000,72359,FALSE,NA,NA
SEE968035471069,Motor 7,Biomethan Produktion Ottersberg GmbH,Biomasse,3.054,3.054,2018,28870,FALSE,NA,NA
SEE926471060193,Kraftwerk UB DT1,K+S Minerals and Agriculture GmbH,Waerme,11.493,11.3,2002,36414,FALSE,NA,NA
SEE931652054403,IPH Strom GT2,Infraserv GmbH & Co. Höchst KG,Waerme,4.845,4.2,2011,65929,FALSE,NA,NA
SEE934530018092,HKW Wedel Block 2,Hamburger Energiewerke GmbH,Steinkohle,133.6,116,1993,22880,FALSE,NA,NA
SEE955261480668,illwerke vkw Latschauwerk M1,EnBW Energie Baden-Württemberg AG,Wasser,4,4,1950,A-6774,FALSE,NA,NA
SEE955548455112,Restmüllheizkraftwerk,Zweckverband Restmüllheizkraftwerk Böblingen,Waerme,13,12.6,1999,71032,FALSE,NA,NA
SEE956127306573,KW Kühtai - Maschine 1,TIWAG-Tiroler Wasserkraft AG,Pumpspeicher,144.5,144.5,1981,6183,FALSE,NA,NA
SEE956682707471,Gummering K3,Uniper Kraftwerke GmbH,Wasser,5.5,5.5,1957,84183,FALSE,NA,NA
SEE960955163109,0067 - STW - BHKW - KWK,Stadtwerke Kempen GmbH,Erdgas,2.455,2.419,2024,47906,FALSE,NA,NA
SEE964940893804,GBS KW Walsum,Iqony Battery System,Batteriespeicher,15,15,2016,47179,FALSE,NA,NA
SEE982064018118,Gasturbine 2,Moritz J. Weig GmbH & Co. KG,Erdgas,16,14.5,2015,56727,FALSE,NA,NA
SEE920201147345,Kraftwerk WI DT5,K+S Minerals and Agriculture GmbH,Waerme,5,5,1974,36266,FALSE,NA,NA
SEE922981583535,HKW-West Gasturbine 1,Stadtwerke Lemgo GmbH,Erdgas,5.16,5.1,1988,32657,FALSE,NA,NA
SEE923129957027,Mitte BHKW 2 Modul 3,Stadtwerke Duisburg AG,Erdgas,4.5,4.472,2023,47053,FALSE,NA,NA
SEE943538028071,BHKW Leipzig Nord,Stadtwerke Leipzig GmbH,Erdgas,1.999,1.999,2017,04105,FALSE,NA,NA
SEE944111876263,PPO1 - Eisenhüttenstadt,Progroup Power 1 GmbH,Abfall,32,32,2009,15890,FALSE,NA,NA
SEE945113079652,WKW Rudolf-Fettweis-Werk NDW M2,EnBW Energie Baden-Württemberg AG,Wasser,1.27,1.27,1918,76596,FALSE,NA,NA
SEE945933440847,Wuppertal Kraftwerk Turbine 4,Thermo Fisher Scientific BPG GmbH,Erdgas,17,5.5,1963,42289,FALSE,NA,NA
SEE950450991048,Roßhaupten SKW K1,Uniper Kraftwerke GmbH,Wasser,24.9,22.75,1954,87672,FALSE,NA,NA
SEE950689982695,SN-Süd-GUD-GT02,Energieversorgung Schwerin GmbH & Co. Erzeugung KG,Erdgas,23.06,22.6683,2022,19061,FALSE,NA,NA
SEE950988570012,Kachlet K4,Uniper Kraftwerke GmbH,Wasser,6.7125,6.7125,1927,94034,FALSE,NA,NA
SEE955053582136,GuD West 40 Dampfturbine,Volkswagen AG,Waerme,48.99,48.99,2023,38440,FALSE,NA,NA
SEE985733267343,Erdgas BHKW KLA Bottrop Ag. 3,Emschergenossenschaft,Erdgas,2.676,2.676,2021,46238,FALSE,NA,NA
SEE988841475051,HKW Witzenhausen,B+T Energie GmbH,Abfall,32.8,28,2009,37213,FALSE,NA,NA
SEE920046158025,GS Solargarten,ESG Kraftwerke I GmbH,Batteriespeicher,14.2,14.2,2025,34266,FALSE,NA,NA
SEE922153723905,Heizkraftwerk I,Energieversorgung Oberhausen,Erdgas,24.1,21.45,1971,46045,FALSE,NA,NA
SEE926125006225,Landau K2,Uniper Kraftwerke GmbH,Wasser,4.2,4.2,1984,94431,FALSE,NA,NA
SEE931044787582,Generator 3,Nordzucker AG Werk Schladen,Erdgas,3.5,3,1978,38315,FALSE,NA,NA
SEE934842271741,Batteriespeicher Jackerath,RWE Battery Solutions GmbH,Batteriespeicher,4.05,4.05,2023,50181,FALSE,NA,NA
SEE936668903264,BHKW1,Fernwärme Ulm GmbH,Erdgas,20.774,20.543,2022,89077,FALSE,NA,NA
SEE955310827123,Heizkraftwerk Leipzig Nord DT8B,Stadtwerke Leipzig GmbH,Erdgas,25.743,25.249,2022,04105,FALSE,NA,NA
SEE966920434281,Gasturbine 12,Stadtwerke Flensburg,Erdgas,50.2,50.1,2016,24939,FALSE,NA,NA
SEE967019106539,Lehmen Maschine 2,RWE Generation Hydro GmbH,Wasser,5,5,1962,56332,FALSE,NA,NA
SEE968058469012,GT 3,Mohn Media Mohndruck GmbH,Erdgas,5.25,5.167,1994,33332,FALSE,NA,NA
SEE969005744404,FSN1-DC22-NEA,Hetzner Online GmbH,Mineraloelprodukte,2.25,1.8,2024,08223,FALSE,NA,NA
SEE969023487444,Generator 2,Infraserv GmbH & Co. Wiesbaden KG,Erdgas,4.35,4.1,1978,65203,FALSE,NA,NA
SEE951401550147,Heizkraftwerk Stuttgart-Münster GT 17,EnBW Energie Baden-Württemberg AG,Mineraloelprodukte,23.3,23.3,1974,70376,TRUE,2026,EnWG
SEE956908340703,Eitting D F2,Uniper Kraftwerke GmbH,Wasser,9,9,1925,85462,FALSE,NA,NA
SEE958261845871,NEC_WERK_PST_NORD,AUDI,Mineraloelprodukte,2.134,2.134,1999,74172,FALSE,NA,NA
SEE961989517128,Bad Düben Battery Storage,Obton Storage GmbH & Co. KG,Batteriespeicher,13.883,13.883,2022,04849,FALSE,NA,NA
SEE969507902654,Kraftwerk Wasserburg MS1 20 kV,VERBUND Innkraftwerke GmbH,Wasser,4.82,4.82,1938,83512,FALSE,NA,NA
SEE970305352633,Dampfturbine III Südzucker Zeitz,Südzucker AG,Waerme,19.35,16.85,1993,06712,FALSE,NA,NA
SEE970688261195,01 Std ST1,Dow Deutschland Anlagengesellschaft mbH,Waerme,16.9,14,1975,21683,FALSE,NA,NA
SEE901205245022,"Motor-Heizkraftwerk Chemnitz-Süd, Motor 3",eins energie in sachsen GmbH & Co. KG,Erdgas,12.9,12.7314,2022,09125,FALSE,NA,NA
SEE902522034610,HKW Karcherstraße (GT14),SWK Stadtwerke Kaiserslautern Versorgungs-AG,Erdgas,8.88,8.5,2021,67655,FALSE,NA,NA
SEE906917494423,ECOspeicher Au,Allgäuer Überlandwerk GmbH,Batteriespeicher,6.9,6.9,2022,87477,FALSE,NA,NA
SEE907686447658,Sperrenkraftwerk Wehr,Schluchseewerk AG,Wasser,1.2,1.2,2001,79664,FALSE,NA,NA
SEE911202451180,Kraftwerk Werdohl-Elverlingsen E1,Mark-E Aktiengesellschaft,Mineraloelprodukte,105,98,1975,58791,FALSE,NA,other
SEE918506212059,Gasmotoren Danziger Straße,Energieversorgung Oberhausen,Erdgas,9,8.8105,2021,46045,FALSE,NA,NA
SEE927282130440,Gasmotorenkraftwerk Römerbrücke,Energie SaarLorLux AG,Erdgas,53.109,52.496,2022,66121,FALSE,NA,NA
SEE930522848685,GT3,InfraLeuna GmbH,Erdgas,37.6,37,1994,06237,FALSE,NA,NA
SEE947745452346,Dampfgeneratorturbine 2,OMV Deutschland Operations GmbH & Co. KG,Erdgas,8,7.9,1969,84489,FALSE,NA,NA
SEE937538401125,Maschine 3,Mineraloelraffinerie Oberrhein,Mineraloelprodukte,14,12.7,1995,76187,FALSE,NA,NA
SEE942237774470,Gersteinwerk F DT (F2),RWE Generation SE,Erdgas,355,355,1972,59368,FALSE,NA,reserve
SEE944523267864,NEZ Adlershof Modul 1,"BTB Blockheizkraftwerks-, Träger- und Betreibergesellschaft",Erdgas,2,1.97,2010,12489,FALSE,NA,NA
SEE945093389369,"Kraftwerk IV, GT 421",SYNEQT GmbH,Erdgas,47.99,47,2016,45772,FALSE,NA,NA
SEE947894664195,GT2,DFS Energy GmbH,Erdgas,4.569,4.459,2014,63225,FALSE,NA,NA
SEE949685414514,P87,Caterpillar Energy Solutions,Erdgas,1.6,1.6,2004,68167,FALSE,NA,NA
SEE915847711449,bnBm GasKW BIB GT6,RWE Generation SE,Erdgas,34.8,34.4,2023,68647,FALSE,NA,reserve
SEE916508151147,BHKW Ford Saarlouis Modul 5,Ford-Werke GmbH,Erdgas,4.404,4.322,2016,66740,FALSE,NA,NA
SEE982462684892,Ettling K1,Uniper Kraftwerke GmbH,Wasser,4.1,4.1,1988,94522,FALSE,NA,NA
SEE938449433663,Kraftwerk GRI,Gunvor Raffinerie Ingolstadt GmbH,Erdgas,7.2,7.2,1964,85092,FALSE,NA,NA
SEE941054035436,Kraftwerk Passau-Ingling MS4,Österreichisch-Bayerische Kraftwerke AG,Wasser,21.6,21.6,1965,94036,FALSE,NA,NA
SEE941115201374,BHKW Potsdam-Nord 2,Energie und Wasser Potsdam GmbH,Erdgas,4.502,4.45,2024,14471,FALSE,NA,NA
SEE954169155876,Heizkraftwerk-Offenbach-EVO,Energieversorgung Offenbach AG,Steinkohle,54.7,49,1988,63067,FALSE,NA,NA
SEE955802157592,HK_001_Industrieheizkraftwerk-Walsrode_BHKW-GM2,EnBW Contracting GmbH,Erdgas,3.2,3.2,2019,29699,FALSE,NA,NA
SEE944503176377,Heizkraftwerk  Altbach/Deizisau HKW 1,EnBW Energie Baden-Württemberg AG,Steinkohle,476,433,1985,73776,FALSE,NA,reserve
SEE947225300921,GT1,InfraLeuna GmbH,Erdgas,37.6,37,1994,06237,FALSE,NA,NA
SEE950208762586,Untereichen F1,Untere Iller GmbH,Wasser,4,4,1931,89281,FALSE,NA,NA
SEE950477241393,DT,DREWAG - Stadtwerke Dresden GmbH,Erdgas,75,74,1995,01159,FALSE,NA,NA
SEE952058615067,Solvay Rb TA1,Solvay GmbH,Erdgas,54,54,1996,47495,FALSE,NA,NA
SEE953987748918,Mitte BHKW 2 Modul 6,Stadtwerke Duisburg AG,Erdgas,4.5,4.472,2023,47053,FALSE,NA,NA
SEE957083466325,SWD KWL AGuD,Stadtwerke Düsseldorf AG,Erdgas,102,100,2000,40221,FALSE,NA,NA
SEE959044776498,Mitte BHKW 2 Modul 5,Stadtwerke Duisburg AG,Erdgas,4.5,4.472,2023,47053,FALSE,NA,NA
SEE959576281422,Knapsack I - Dampfturbine - DT 10,Knapsack Power GmbH & Co. KG,Erdgas,290,290,2007,50354,FALSE,NA,NA
SEE962877818310,Heizkraftwerk Stuttgart-Münster DT 19,EnBW Energie Baden-Württemberg AG,Erdgas,19.6,19.5,2009,70376,FALSE,NA,NA
SEE963454497492,Dampfturbine 2 Jena,TEAG Thüringer Energie AG,Erdgas,40,39,1996,07745,FALSE,NA,NA
SEE972750176482,KWK 5 Geb. 192.0,BMW AG,Erdgas,4.5,4.5,2019,84130,FALSE,NA,NA
SEE973007329446,Boehringer Ingelheim - H111 - GT51/AK51,Boehringer Ingelheim Pharma GmbH&Co.KG,Erdgas,4.48,4.471,2002,88400,FALSE,NA,NA
SEE975648364909,WKW Säckingen M3,EnBW Energie Baden-Württemberg AG,Wasser,23,23,1966,79713,FALSE,NA,NA
SEE944923156256,WKW Unteropfingen M2,EnBW Energie Baden-Württemberg AG,Wasser,3.325,3.325,1924,88457,FALSE,NA,NA
SEE945451865368,KW Säckingen A8,Schluchseewerk AG,Pumpspeicher,90,90,1967,79713,FALSE,NA,NA
SEE951648072822,ZASt,Zweckverband für Abfallwirtschaft Südwestthüringen (ZASt),Abfall,13.7,12.1,2007,98544,FALSE,NA,NA
SEE951078548935,0050 - STW - BHKW - KWK,Stadtwerke Kempen GmbH,Erdgas,3.356,3.313,2017,47906,FALSE,NA,NA
SEE965333653821,HKW Klingenberg Dampfturbine 3,BEW Berliner Energie und Wärme GmbH,Erdgas,64,56,1982,10317,FALSE,NA,NA
SEE971021553687,Rain M2,LEW Wasserkraft,Wasser,5.6,5.595,1955,86641,FALSE,NA,NA
SEE974045584156,GT6,EGGER Holzwerkstoffe Brilon GmbH & Co. KG,Erdgas,5,5,1998,59929,FALSE,NA,NA
SEE974941636973,HKW Schwarza TS 6,TWS Thüringer Wärme Service GmbH,Waerme,8,7.881,1962,07407,FALSE,NA,NA
SEE976927444749,RRKW Feldheim,RRKW Feldheim GmbH & Co. KG,Batteriespeicher,10,10,2016,14929,FALSE,NA,NA
SEE979791664664,Ma 2,Salzgitter Flachstahl GmbH,Sonstige Energietraeger (nicht erneuerbar),55,49.5,2006,38239,FALSE,NA,NA
SEE980421575656,Gasturbinenkraftwerk Thyrow GT C,Lausitz Energie Kraftwerke AG,Erdgas,37.6,37.104,1987,15806,FALSE,NA,reserve
SEE980892645759,Aufkirchen D F2,Uniper Kraftwerke GmbH,Wasser,9,9,1924,85445,FALSE,NA,NA
SEE927922085253,BESS-Einbeck,RheinEnergie Speicher Einbeck GmbH & Co. KG,Batteriespeicher,24.5,24.5,2026,37574,FALSE,NA,NA
SEE976607134694,KWK 2 Geb. 192.0,BMW AG,Erdgas,4.13,4.09,2014,84130,FALSE,NA,NA
SEE972377801989,Pfreimd R2,ENGIE Deutschland Erneuerbare GmbH,Pumpspeicher,33,33,1955,92555,FALSE,NA,NA
SEE974883809046,HKW Reuter West Dampfturbine E,BEW Berliner Energie und Wärme GmbH,Steinkohle,300,282,1988,13599,FALSE,NA,NA
SEE916865356940,Kraftwerk HA GT4,K+S Minerals and Agriculture GmbH,Erdgas,32.604,32,2012,36269,FALSE,NA,NA
SEE918332839635,bnBm GasKW BIB GT8,RWE Generation SE,Erdgas,34.8,34.4,2023,68647,FALSE,NA,reserve
SEE924602311411,SWD KWF T1,Stadtwerke Düsseldorf AG,Biomasse,55,53.7,2000,40233,FALSE,NA,NA
SEE924780675428,Irsching 5 GT2,Gemeinschaftskraftwerk Irsching GmbH,Erdgas,287,282,2010,85088,FALSE,NA,NA
SEE925705511180,BHKW 2 - GOM 3,Flughafen München GmbH,Erdgas,4.3,4.207,2014,85356,FALSE,NA,NA
SEE927820549208,GT1,CR3-Kaffeeveredelung M. Hermsen GmbH,Erdgas,4.95,4.77,1993,28237,FALSE,NA,NA
SEE928459304602,Walchenseekraftwerk D F2,Uniper Kraftwerke GmbH,Wasser,18,18,1924,82431,FALSE,NA,NA
SEE920864082298,01 Std GT1,Dow Deutschland Anlagengesellschaft mbH,Erdgas,47.971,44.975,2014,21683,FALSE,NA,NA
SEE950355589975,Kraftwerk ZI DT 2,K+S Minerals and Agriculture GmbH,Waerme,29.962,29.49,2010,39326,FALSE,NA,NA
SEE959613772449,Gasturbine 5,Buchmann Karton,Erdgas,6,5.4,1992,76855,FALSE,NA,NA
SEE960273606623,Biomasseheizkraftwerk Hannover Stöcken,BEH Bioenergie Hannover GmbH,Waerme,23.256,20.108,2025,30419,FALSE,NA,NA
SEE963125615224,Küstenkraftwerk K.I.E.L Motor 14,Stadtwerke Kiel AG,Erdgas,9.571,9.456,2018,24149,FALSE,NA,NA
SEE965660903200,Gasmotoren-Heizkraftwerk Dresden-Reick - Aggregat I,DREWAG - Stadtwerke Dresden GmbH,Erdgas,11.76,11.5,2022,01277,FALSE,NA,NA
SEE967544153657,Küstenkraftwerk K.I.E.L Motor 6,Stadtwerke Kiel AG,Erdgas,9.571,9.456,2018,24149,FALSE,NA,NA
SEE970806189455,BHKW-G66-KWK-groß,Volkswagen Sachsen GmbH,Erdgas,12.9,12.747,2014,08058,FALSE,NA,NA
SEE971796321603,TS II,Zweckverband Abfallwirtschaft Raum Würzburg,Abfall,16,12,1998,97076,FALSE,NA,NA
SEE963197749315,MOT 4,SWP Stadtwerke Pforzheim,Erdgas,10.387,10.285,2021,75175,FALSE,NA,NA
SEE936181210535,Kraftwerk ZI GT 2,K+S Minerals and Agriculture GmbH,Erdgas,5.582,5.49,2017,39326,FALSE,NA,NA
SEE942777699660,EBKW Knapsack,EBS Kraftwerk GmbH,Abfall,33.42,29.9,2009,50354,FALSE,NA,NA
SEE945727561772,KW Wehr MS B9,Schluchseewerk AG,Pumpspeicher,227.5,227.5,1976,79664,FALSE,NA,NA
SEE953235539855,Heizkraftwerk Stuttgart-Gaisburg HKW 3 Motor 1,EnBW Energie Baden-Württemberg AG,Erdgas,10.295,9.717,2018,70327,FALSE,NA,NA
SEE968240296907,Untereichen F2,Untere Iller GmbH,Wasser,4,4,1931,89281,FALSE,NA,NA
SEE968254365774,GT2,DREWAG - Stadtwerke Dresden GmbH,Erdgas,65,62,1995,01159,FALSE,NA,NA
SEE969767231167,KW Säckingen B7,Schluchseewerk AG,Pumpspeicher,90,90,1967,79713,FALSE,NA,NA
SEE970931306376,Solvay Rb TA10,Solvay GmbH,Waerme,27.2,27.2,1983,47495,FALSE,NA,NA
SEE935506652999,Energiewende-Speicher,be.storaged GmbH,Batteriespeicher,11.9,11.9,2018,26316,FALSE,NA,NA
SEE940474859066,Z564 VT1,BASF SE,Waerme,12.5,12,1992,67063,FALSE,NA,NA
SEE946736241334,HKW Aalen,Palm Power GmbH & Co. KG,Erdgas,79.19,78.302,2021,73432,FALSE,NA,NA
SEE949509046600,Zolling GT2,Onyx Kraftwerk Zolling GmbH &Co. KGaA,Mineraloelprodukte,25,24.5,1976,85406,FALSE,NA,NA
SEE977600961171,Bertoldsheim E K2,Donau-Wasserkraft AG,Wasser,6.6,6.3,1967,86643,FALSE,NA,NA
SEE978319698396,Kraftwerk Wasserburg MS4 110 kV,VERBUND Innkraftwerke GmbH,Wasser,4.82,4.82,1938,83512,FALSE,NA,NA
SEE979811488683,Kraftwerk SI GT1,K+S Minerals and Agriculture GmbH,Erdgas,5.577,5.5,1993,31515,FALSE,NA,NA
SEE983252937631,Niederaußem K,RWE Power AG,Braunkohle,998,944,2003,50129,FALSE,NA,NA
SEE984446277410,Büttel Speicher,Sunnic Lighthouse Solar Invest 11 TU 2 GmbH,Batteriespeicher,12,12,2023,25572,FALSE,NA,NA
SEE985220684011,Kraftwerk SI DT2,K+S Minerals and Agriculture GmbH,Waerme,9.439,9.3,1973,31515,FALSE,NA,NA
SEE957367978162,Kraftwerk Egglfing-Obernberg MS5,Innwerk AG,Wasser,13.45,13.45,1950,94072,FALSE,NA,NA
SEE966988528885,PSW Geesthacht PSS C,Vattenfall Wasserkraft GmbH,Pumpspeicher,40,39.7,1958,21502,FALSE,NA,NA
SEE972475289894,Gasturbine 1 - GuD MPE,Mitsubishi HiTec Paper Europe GmbH,Erdgas,14.25,14.05,2005,33699,FALSE,NA,other
SEE976325553869,DTS 1,Essity Operations Mannheim GmbH,Biomasse,28.5,28.448,1966,68305,FALSE,NA,NA
SEE983645175053,Ingolstadt 4,Uniper Kraftwerke GmbH,Mineraloelprodukte,420,365,1974,85098,FALSE,NA,reserve
SEE987633796220,GKH 1,enercity AG,Steinkohle,150,136,1989,30419,TRUE,2026,KVBG
SEE955978509164,SKW Hohenwarte 1 Maschine C,Vattenfall Wasserkraft GmbH,Wasser,4,3.88,1941,07338,FALSE,NA,NA
SEE961284659301,Obernach F1,Uniper Kraftwerke GmbH,Wasser,6.4,6.4,1955,82432,FALSE,NA,NA
SEE929826629465,BHKW Ramstein,FFR Fernwärmeversorgung Flugplatz Ramstein,Erdgas,12.9,12.75,2018,66877,FALSE,NA,NA
SEE929915888797,Urspring K(Ro) 1,Uniper Kraftwerke GmbH,Wasser,4,3.366,1966,86983,FALSE,NA,NA
SEE931225490034,SMAREG7 Monheim,SMAREG 7 GmbH & Co. KG,Batteriespeicher,12,12,2024,86653,FALSE,NA,NA
SEE936112096313,BHKW,SWISS KRONO TEX,Erdgas,1.999,1.957,2016,16909,FALSE,NA,NA
SEE980823248912,Turbine 7,Kelheim Fibres GmbH,Erdgas,28.028,25.929,2014,93309,FALSE,NA,NA
SEE982512881400,"HKW, Dampfturbine 2",Stadtwerke Augsburg Energie GmbH,Erdgas,20.9,20.4,1976,86152,FALSE,NA,NA
SEE962922475031,Meitingen M2,LEW Wasserkraft,Wasser,4.21,4.2,1922,86405,FALSE,NA,NA
SEE964117025212,Kraftwerk Ering-Frauenstein MS1,Innwerk AG,Wasser,24.3,24.3,1942,94140,FALSE,NA,NA
SEE968905685947,SEDE607510037,ENGIE Deutschland GmbH,Erdgas,4.404,4.387,2018,07549,FALSE,NA,NA
SEE969078917545,Kraftwerk Ering-Frauenstein MS3,Innwerk AG,Wasser,24.3,24.3,1942,94140,FALSE,NA,NA
SEE935602197158,Saalachkraftwerk E3,DB Energie GmbH,Wasser,1.28,1.28,1914,83435,FALSE,NA,NA
SEE937849602679,Detzem Maschine 1,RWE Generation Hydro GmbH,Wasser,6,6,1962,54340,FALSE,NA,NA
SEE940039139749,SW Karlsruhe Heizkraftwerk West Generator 3,Firma Stadtwerke Karlsruhe GmbH,Erdgas,42,33,1984,76189,FALSE,NA,NA
SEE945908806647,Herne 4,STEAG Power GmbH,Steinkohle,490,435,1989,44653,FALSE,NA,reserve
SEE950132255796,Holzheizkraftwerk Cuxhaven,FORTE Energie GmbH & Co. KG,Biomasse,17,17,2023,27472,FALSE,NA,NA
SEE954183997452,01 Std ST2,Dow Deutschland Anlagengesellschaft mbH,Waerme,18.732,13,2014,21683,FALSE,NA,NA
SEE972128015696,BHKW Merheim RheinEnergie,RheinEnergie AG,Erdgas,31.161,30.777,2020,51109,FALSE,NA,NA
SEE976850689781,GuD Mitte DT10,BASF SE,Waerme,90.5,89.5,2005,67063,FALSE,NA,NA
SEE964658207085,WKW Unteropfingen M4,EnBW Energie Baden-Württemberg AG,Wasser,4.225,4.225,1924,88457,FALSE,NA,NA
SEE965768299069,Heizkraftwerk Halle-Trotha - Gasturbine,Heizkraftwerk Halle-Trotha GmbH,Erdgas,56.242,54.8325,1994,06118,FALSE,NA,NA
SEE967194778880,GT1,DREWAG - Stadtwerke Dresden GmbH,Erdgas,65,62,1995,01159,FALSE,NA,NA
SEE968471468838,DT23,WSW Energie & Wasser AG,Erdgas,30,29.2,2005,42275,FALSE,NA,NA
SEE973349507359,trlyr 5,trlyr 5 GmbH & Co. KG,Batteriespeicher,15,15,2026,29227,FALSE,NA,NA
SEE970739914599,KLW1-KVA,"Münchner Stadtentwässerung, Eigenbetrieb der Landeshauptstadt München",Biomasse,1.235,1,1998,80939,FALSE,NA,NA
SEE972346658903,Heizkraftwerk Stuttgart-Gaisburg HKW 3 Motor 3,EnBW Energie Baden-Württemberg AG,Erdgas,10.295,9.717,2018,70327,FALSE,NA,NA
SEE972458947407,SWD KWL GTE2,Stadtwerke Düsseldorf AG,Erdgas,65.5,64.7,1975,40221,FALSE,NA,NA
SEE985117126280,ST_HKW_T4,Sappi Stockstadt GmbH,Steinkohle,6.4,5.76,1962,63811,TRUE,2024,KVBG
SEE986886521948,"Biomethan BHKW Hannover Herrenhausen, Motor 1",BEH Bioenergie Hannover GmbH,Biomasse,4.5,4.5,2024,30419,FALSE,NA,NA
SEE988464391141,Erdgas BHKW KLA Bottrop Ag. 2,Emschergenossenschaft,Erdgas,2.676,2.676,2021,46238,FALSE,NA,NA
SEE988477355802,GKM Block 9,Grosskraftwerk Mannheim,Steinkohle,911,843,2015,68199,FALSE,NA,NA
SEE962395118756,Gasmotoren-Heizkraftwerk Dresden-Reick - Aggregat IV,DREWAG - Stadtwerke Dresden GmbH,Erdgas,11.76,11.5,2022,01277,FALSE,NA,NA
SEE968206101610,GT3,Smurfit Westrock Zülpich Paper GmbH,Erdgas,5.4,4.946,1997,53909,FALSE,NA,NA
SEE971280976463,MHKW Turbine,EEW Energy from Waste Göppingen,Abfall,13.2,11,1975,73037,FALSE,NA,NA
SEE957686843929,Turbine 1,Zweckverband Abfallverwertung Südhessen (ZAS),Abfall,10.56,10.222,1991,64293,FALSE,NA,NA
SEE959377024433,Alzwerk Maschine 3,Wacker Chemie,Wasser,10.08,10.08,1923,84489,FALSE,NA,NA
SEE961029163353,Trianel Kohlekraftwerk Lünen,Trianel Kohlekraftwerk Lünen GmbH & Co KG,Steinkohle,812,746,2013,44536,FALSE,NA,NA
SEE962737235608,Block 1,Müllheizkraftwerk Rothensee GmbH,Abfall,33.6,29.2,2005,39126,FALSE,NA,NA
SEE976184145496,KW Rheinfelden Maschine 5,naturenergie hochrhein AG,Wasser,1.8,1.72,2010,4310,FALSE,NA,NA
SEE976333173899,Gaskraftwerk Landesbergen - Gasturbine,Statkraft Markets GmbH,Erdgas,66,65,1972,31628,FALSE,NA,reserve
SEE982889459141,Werk 1.5 KWK 3,BMW AG,Erdgas,3.431,3.36,2019,80937,FALSE,NA,NA
SEE930159654734,Kraftwerk Werdohl Elverlingsen E2,Mark-E Aktiengesellschaft,Mineraloelprodukte,105,98,1975,58791,FALSE,NA,other
SEE934529216348,BHKW,Nordzucker AG Werk Uelzen,Biomasse,1.6,1.5565,2005,29525,FALSE,NA,NA
SEE963081865633,BES BEN,BES Bennewitz GmbH & Co. KG,Batteriespeicher,16.425,16.425,2018,04828,FALSE,NA,NA
SEE964481657378,illwerke vkw Kopswerk I M3,EnBW Energie Baden-Württemberg AG,Wasser,96,96,1969,A-6793,FALSE,NA,NA
SEE971867565370,HKW Niederrad Block 1,Mainova AG,Erdgas,71,70,2005,60528,FALSE,NA,NA
SEE973271553004,Turbine 5,essity Operations Mainz-Kostheim GmbH,Erdgas,6.19,5.57,2013,55246,FALSE,NA,NA
SEE976252866650,MOT 5,SWP Stadtwerke Pforzheim,Erdgas,10.387,10.285,2021,75175,FALSE,NA,NA
SEE925690509520,Pfreimd R3,ENGIE Deutschland Erneuerbare GmbH,Pumpspeicher,33,33,1961,92555,FALSE,NA,NA
SEE926982393704,BHKW 10,Fernheizwerk Neukölln AG,Erdgas,10.31,10.287,2023,12059,FALSE,NA,NA
SEE938158660541,Gasturbine 1 - GuD MPE,Mitsubishi HiTec Paper Europe GmbH,Erdgas,14.25,14.05,2005,33699,FALSE,NA,NA
SEE939218038409,UPM Schongau HKW 2 T2,UPM GmbH,Erdgas,8,6.25,1989,86956,FALSE,NA,NA
SEE940780197517,Felix Schoeller GmbH & Co.KG Osnabrück,Felix Schoeller GmbH & Co. KG,Erdgas,15.2,14.468,1994,49086,FALSE,NA,NA
SEE978382998973,Meitingen M3,LEW Wasserkraft,Wasser,4.21,4.2,1922,86405,FALSE,NA,NA
SEE984335626152,GT Niehl 2 RheinEnergie,RheinEnergie AG,Erdgas,274,266,2005,50735,FALSE,NA,NA
SEE985107396679,Schwammenauel Maschine 1,RWE Generation Hydro GmbH,Wasser,14,14,1938,52396,FALSE,NA,NA
SEE986400818790,BHKW 2 Hamburg Modul 1,Airbus Operations,Erdgas,4.315,4.119,2013,21129,FALSE,NA,NA
SEE989887901764,Turbine 5,Enertec Hameln GmbH,Abfall,20.4,12.26,2009,31789,FALSE,NA,NA
SEE960680903568,Bergheim E K2,Donau-Wasserkraft AG,Wasser,8.3,7.9,1970,86673,FALSE,NA,NA
SEE964077382691,01 Std GT3,Dow Deutschland Anlagengesellschaft mbH,Erdgas,47.352,44.975,2014,21683,FALSE,NA,NA
SEE967916097817,KRONOS TITAN Nordenham GuD,KRONOS TITAN GmbH,Erdgas,17.142,17.13,2013,26954,FALSE,NA,NA
SEE970535357835,PSW Wendefurth PSS B,Vattenfall Wasserkraft GmbH,Pumpspeicher,40,39.9,1968,06502,FALSE,NA,NA
SEE979623845346,Kraftwerk Braunau-Simbach MS4,Österreichisch-Bayerische Kraftwerke AG,Wasser,25.6,25.6,1954,84375,FALSE,NA,NA
SEE984196895179,GT32 GuD Süd Wolfsburg,VW Kraftwerk GmbH,Erdgas,49.5,49.4,2021,38440,FALSE,NA,NA
SEE974080003018,TögingNeu MS1,VERBUND Innkraftwerke GmbH,Wasser,40,40,2022,84513,FALSE,NA,NA
SEE974615285285,Heizkraftwerk Stuttgart-Gaisburg HKW 3 Motor 2,EnBW Energie Baden-Württemberg AG,Erdgas,10.295,9.717,2018,70327,FALSE,NA,NA
SEE975193004329,Kraftwerk WI DT4,K+S Minerals and Agriculture GmbH,Erdgas,28.504,28,1982,36266,FALSE,NA,NA
SEE949799257847,Ruhrort 3,thyssenkrupp Steel Europe AG,Sonstige Energietraeger (nicht erneuerbar),101,94,1963,47166,FALSE,NA,NA
SEE951458309484,W065-Gebäude 120 / BHKW Modul 01,Firma Mercedes-Benz AG Werk 050 HPC NC50 LN-Nr.: 17319765,Erdgas,4.3,4.2,2012,40476,FALSE,NA,NA
SEE956308510836,MOT 3,SWP Stadtwerke Pforzheim,Erdgas,10.387,10.285,2021,75175,FALSE,NA,NA
SEE999756197518,Dampfturbine 2,Moritz J. Weig GmbH & Co. KG,Erdgas,18.5,17.7,2015,56727,FALSE,NA,NA
SEE971886830459,illwerke vkw Vermuntwerk M1,EnBW Energie Baden-Württemberg AG,Wasser,85,85,1930,A-6794,FALSE,NA,NA
SEE980479559837,SWM Uppenborn 2 Gen3,Stadtwerke München GmbH,Wasser,6,6,1951,84184,FALSE,NA,NA
SEE983560968952,Kraftwerk Passau-Ingling MS3,Österreichisch-Bayerische Kraftwerke AG,Wasser,21.6,21.6,1965,94036,FALSE,NA,NA
SEE968933985491,Second Foundation BESS Königsee,BESS Königsee GmbH,Batteriespeicher,10.35,10.35,2025,07426,FALSE,NA,NA
SEE973366398565,SEE PPO2,Progroup Power 2 GmbH,Abfall,21.9,19.339,2025,06792,FALSE,NA,NA
SEE975854838485,BMW Landshut KWK 7,BMW AG,Erdgas,4.473,4.3,2018,84030,FALSE,NA,NA
SEE937610627863,HKW Karcherstraße (T5),SWK Stadtwerke Kaiserslautern Versorgungs-AG,Erdgas,7.15,7,2009,67655,FALSE,NA,NA
SEE944335479066,Dampfturbine II Südzucker Plattling,Südzucker AG,Waerme,7.1,6.7895,1962,94447,FALSE,NA,NA
SEE959858570855,GT4,InfraLeuna GmbH,Erdgas,39,38.4,1998,06237,FALSE,NA,NA
SEE964121468647,HDH_004_Industrieheizkraftwerk-Heidenheim_GM5,J. M. Voith SE & Co. KG,Erdgas,3.884,3.729,2004,89522,FALSE,NA,NA
SEE970137108491,HKW Karcherstraße (T2),SWK Stadtwerke Kaiserslautern Versorgungs-AG,Erdgas,9.2,9,1997,67655,FALSE,NA,NA
SEE964448645769,BMKW Delitzsch,Danpower Energie Service GmbH,Biomasse,20,18.3,2004,04509,FALSE,NA,NA
SEE990015251552,ABR990388771138,DS Smith Paper Deutschland GmbH,Erdgas,13.2,12.8,1975,37213,FALSE,NA,NA
SEE991101635409,Motor 1,Biomethan Produktion Ottersberg GmbH,Biomasse,1.048,1.048,2005,28870,FALSE,NA,other
SEE992559962321,Müden Maschine 2,RWE Generation Hydro GmbH,Wasser,4.1,4.1,1965,56254,FALSE,NA,NA
SEE992590425045,PSW Bleiloch PSS B,Vattenfall Wasserkraft GmbH,Pumpspeicher,40,39.9,1932,07907,FALSE,NA,NA
SEE995000682977,Batterie Diespeck,VERBUND Energy4Business Germany GmbH,Batteriespeicher,20.7,20.7,2022,91456,FALSE,NA,NA
SEE958260519834,Mitte BHKW3 M2,Stadtwerke Duisburg AG,Erdgas,4.5,4.4,2025,47053,FALSE,NA,NA
SEE958310939391,MKK,swb Entsorgung GmbH&Co. KG,Abfall,35,32,2009,28237,FALSE,NA,NA
SEE947996339434,RZR II Turbine4,RZR II Herten GmbH,Abfall,12.3,12.26,2019,45699,FALSE,NA,NA
SEE960162708360,Turbine 4,Kelheim Fibres GmbH,Erdgas,5.76,5.329,1952,93309,FALSE,NA,NA
SEE967283752913,Werk 1.5 KWK 1,BMW AG,Erdgas,3.431,3.36,2019,80937,FALSE,NA,NA
SEE969775213346,"Shell Energy and Chemicals Park, Kraftwerk Godorf",Shell Deutschland GmbH,Mineraloelprodukte,107,92,2016,50997,FALSE,NA,NA
SEE972466462527,Dampfturbine - GuD MPE,Mitsubishi HiTec Paper Europe GmbH,Erdgas,9.45,9.35,2005,33699,FALSE,NA,NA
SEE940809994431,GT1,Sasol Germany GmbH,Erdgas,4.652,4.466,1987,25541,FALSE,NA,NA
SEE942749879687,KW Wyhlen Straflo 05,naturenergie hochrhein AG,Wasser,4.6,4.5,1993,79639,FALSE,NA,NA
SEE945602121718,Generator B,EkoCity,Abfall,20,20,1976,42349,FALSE,NA,NA
SEE953991032447,KWKK Heidelberg,Universitätsklinikum Heidelberg,Erdgas,15,13.288,2001,69120,FALSE,NA,NA
SEE962496130121,BEE Merseburg GmbH,BEE Merseburg GmbH,Batteriespeicher,12,12,2025,06217,FALSE,NA,NA
SEE986617815513,"MHKW, Generator 2",Bremerhavener Entsorgungsgesellschaft mbH,Abfall,10,7,1977,27570,FALSE,NA,NA
SEE981067351215,Heizkraftwerk Leipzig Süd Schwarzstartbatterie 9C,Stadtwerke Leipzig GmbH,Batteriespeicher,4,3.5,2022,04279,FALSE,NA,NA
SEE982928435068,GuD Marzahn Dampfturbine,BEW Berliner Energie und Wärme GmbH,Waerme,70.5,69.3,2020,12681,FALSE,NA,NA
SEE985796237000,HKW Schildescher Str GT,Stadtwerke Bielefeld GmbH Assetmanagement Onshore Wind und PV (ZA),Erdgas,24,23.5,1977,33611,FALSE,NA,NA
SEE960317505882,GT 1,Peissenberger Kraftwerksgesellschaft,Mineraloelprodukte,23.2,23.2,1982,83734,TRUE,2024,EnWG
SEE963709646453,"Biomethan BHKW Hannover Herrenhausen, Motor 3",BEH Bioenergie Hannover GmbH,Biomasse,2,2,2024,30419,FALSE,NA,NA
SEE971740147860,T/G 7,OXEA Produktion GmbH & Co.KG,Mineraloelprodukte,2.039,2.025,1949,46147,FALSE,NA,NA
SEE974059990561,AHKW-Neunkirchen Turbine 5,EEW Energy from Waste Saarbrücken GmbH  AHKW-Neunkirchen,Abfall,13.5,11,2023,66538,FALSE,NA,NA
SEE987452387340,Happurg F2,Uniper Kraftwerke GmbH,Pumpspeicher,40,40,1958,91230,FALSE,NA,NA
SEE989202977269,GUD Mibü,Gemeinschaftskraftwerk Bremen GmbH & Co. KG,Erdgas,460,444.5,2014,28237,FALSE,NA,NA
SEE999839188105,W065-Gebäude 120 / BHKW Modul 03,Firma Mercedes-Benz AG Werk 050 HPC NC50 LN-Nr.: 17319765,Erdgas,4.3,4.2,2012,40476,FALSE,NA,NA
SEE977720016904,Batterie Breitenworbis,VERBUND Energy4Business Germany GmbH,Batteriespeicher,10,10,2021,37339,FALSE,NA,NA
SEE985453029962,Könnern Generator 1,Pfeifer & Langen GmbH & Co. KG,Braunkohle,11,8.8,1993,06420,TRUE,2024,KVBG
SEE993292613167,Solvay Rb TA8,Solvay GmbH,Waerme,15.94,15.94,2021,47495,FALSE,NA,NA
SEE928331694449,"Motor-Heizkraftwerk Chemnitz-Nord, Motor 2",eins energie in sachsen GmbH & Co. KG,Erdgas,12.65,12.538,2023,09114,FALSE,NA,NA
SEE996047653111,"KW TRB Bitterfeld, Bitterfeld-Wolfen, Oststr. 1",PD energy GmbH,Abfall,11.44,10,2009,06749,FALSE,NA,NA
SEE981220522926,BER2-AA-D3-GEN-06-NEA,NTT Global Data Centers EMEA GmbH,Mineraloelprodukte,2.59,2.59,2022,12107,FALSE,NA,NA
SEE986331287955,Fab Berrenrath,RWE Power AG,Braunkohle,107,98,1992,50354,FALSE,NA,NA
SEE989200392347,7711MKA10-GT1,Sachsenmilch Leppersdorf GmbH,Erdgas,15.45,14.885,2014,01454,FALSE,NA,NA
SEE989733403879,KW Silz - Maschine 1,TIWAG-Tiroler Wasserkraft AG,Pumpspeicher,250,250,1981,6424,FALSE,NA,NA
SEE991299080678,GT2,ADM Hamburg Aktiengesellschaft,Erdgas,5.688,5.538,2013,21107,FALSE,NA,NA
SEE995234903107,Kraftwerk Passau-Ingling MS1,Österreichisch-Bayerische Kraftwerke AG,Wasser,21.6,21.6,1965,94036,FALSE,NA,NA
SEE996431301710,BMW Landshut KWK 5,BMW AG,Erdgas,4.473,4.3,2018,84030,FALSE,NA,NA
SEE967298254266,KWK-Anlage FHW Ratingen West Modul 3,Stadtwerke Ratingen,Erdgas,1.999,1.947,2020,40878,FALSE,NA,NA
SEE971914041024,Gasturbine Basell Wesseling,Basell Polyolefine GmbH,Erdgas,51.9,51.9,1996,50389,FALSE,NA,NA
SEE973250051972,Gasturbine HKW,Georg-August-Universität Göttingen,Erdgas,19.5,18.8,1998,37075,FALSE,NA,NA
SEE973601397087,Tiefstack GuD DT40,Hamburger Energiewerke GmbH,Waerme,28,27,2009,22113,FALSE,NA,NA
SEE974521954909,Gasturbine 6,Buchmann Karton,Erdgas,3.8,3.6,2006,76855,FALSE,NA,NA
SEE974634012046,illwerke vkw Lünerseewerk M5,EnBW Energie Baden-Württemberg AG,Pumpspeicher,56,56,1957,A-6774,FALSE,NA,NA
SEE974910236807,N822 GE1,BASF SE,Waerme,2.7,2.65,1991,67063,FALSE,NA,NA
SEE976367618755,Biomethan BHKW 2 Hannover Stöcken,BEH Bioenergie Hannover GmbH,Biomasse,4.5,4.5,2024,30419,FALSE,NA,NA
SEE976404468497,SN-Lankow-GUD-2023,Energieversorgung Schwerin GmbH & Co. Erzeugung KG,Erdgas,14.1,11.25,2023,19057,FALSE,NA,NA
SEE976907281142,HKW Dessau,Fernwärmeversorgungs- GmbH Dessau,Erdgas,39.836,39.12,1996,06842,FALSE,NA,NA
SEE963890006111,HKW Karcherstraße (GT15),SWK Stadtwerke Kaiserslautern Versorgungs-AG,Erdgas,8.88,8.5,2022,67655,FALSE,NA,NA
SEE964073339897,Heizkraftwerk Stendal,Stadtwerke Stendal GmbH,Erdgas,13.45,13.21,2018,39576,FALSE,NA,NA
SEE968161544286,Mitte BHKW3 M1,Stadtwerke Duisburg AG,Erdgas,4.5,4.4,2025,47053,FALSE,NA,NA
SEE976219797843,SWM HKW Sued GuD2 GT62,SWM Services GmbH,Erdgas,146.5,146.3,2021,81371,FALSE,NA,NA
SEE979396678813,Kraftwerk ZI DT1,K+S Minerals and Agriculture GmbH,Waerme,18.336,18.1,1980,39326,FALSE,NA,NA
SEE982350358232,HKW - GuD2,Erlanger Stadtwerke AG,Erdgas,7.2,7.032,2014,91052,FALSE,NA,NA
SEE982892019516,HKW-West Gasturbine 2,Stadtwerke Lemgo GmbH,Erdgas,5.16,5.07,1995,32657,FALSE,NA,NA
SEE977368296324,MOT 1,SWP Stadtwerke Pforzheim,Erdgas,10.387,10.285,2021,75175,FALSE,NA,NA
SEE973493827723,KW Rheinfelden Maschine 1,naturenergie hochrhein AG,Wasser,22.9,22.9,2010,4310,FALSE,NA,NA
SEE976266175403,Happurg F3,Uniper Kraftwerke GmbH,Pumpspeicher,40,40,1958,91230,FALSE,NA,NA
SEE935573961376,SWM Uppenborn 1 Gen1,Stadtwerke München GmbH,Wasser,8.8,8.8,1930,85368,FALSE,NA,NA
SEE936428070663,Vohburg E K3,Donau-Wasserkraft AG,Wasser,9.7,7.76,1992,85088,FALSE,NA,NA
SEE936781895453,BHKW2 (GKWK-MA-0016),Daimler Truck AG,Erdgas,4.185,4.101,2017,68305,FALSE,NA,NA
SEE937736737958,ZF-FRD-W04-G22-Prüfstand-844077,ZF Friedrichshafen AG,Mineraloelprodukte,1.672,1.672,2009,88046,FALSE,NA,NA
SEE940178738247,GT Chemnitzer Straße 40,Freiberger Erdgas GmbH,Erdgas,4.829,4.757,2013,09599,FALSE,NA,NA
SEE941166182769,LEV KWG G22,Currenta GmbH & Co. OHG,Steinkohle,13.4,12.671,1991,51373,FALSE,NA,NA
SEE945811865984,P13,Caterpillar Energy Solutions,Erdgas,1,1,1939,68167,FALSE,NA,NA
SEE963301495572,HK_001_Industrieheizkraftwerk-Walsrode_GT6,EnBW Contracting GmbH,Erdgas,6.5,6.35,2004,29699,FALSE,NA,NA
SEE973279238699,Turbine 5,Sappi Alfeld,Biomasse,16.75,13,2003,31061,FALSE,NA,NA
SEE973464796218,Dampfturbine FSK Kuhheide 32a,LEIPA Georg Leinfelder GmbH,Abfall,32.4,28.904,2011,16303,FALSE,NA,NA
SEE975248607116,Dampfturbine GWK Kuhheide 34,LEIPA Georg Leinfelder GmbH,Erdgas,5,4.7,2005,16303,FALSE,NA,NA
SEE976376888927,Gasturbine 1,"Nordzucker, Werk Klein Wanzleben",Erdgas,4.95,4.92,1994,39164,FALSE,NA,NA
SEE976445927045,Kraftwerk Stammham MS3,VERBUND Innkraftwerke GmbH,Wasser,7.733,7.733,1955,84533,FALSE,NA,NA
SEE987838157994,Fenne HKV,STEAG Power GmbH,Steinkohle,236,211,1989,66333,FALSE,NA,reserve
SEE988699847857,GKM Block 7,Grosskraftwerk Mannheim,Steinkohle,475,425,1982,68199,FALSE,NA,reserve
SEE991036415459,Gasturbine 1,Fresenius Medical Care Deutschland GmbH,Erdgas,7.58,7.558,2014,66606,FALSE,NA,NA
SEE947763810036,HuR-IKW-G5,H&R Chemisch Pharmazeutische Spezialitäten GmbH,Erdgas,9.296,9.029,2016,48499,FALSE,NA,NA
SEE951839779134,Küstenkraftwerk K.I.E.L Motor 1,Stadtwerke Kiel AG,Erdgas,9.571,9.456,2018,24149,FALSE,NA,NA
SEE955314088254,Weisweiler H,RWE Power AG,Braunkohle,696,656,1975,52249,FALSE,NA,NA
SEE957262802302,Anlage 2014,Mercer Torgau GmbH & Co. KG,Biomasse,5.3,4.95,2014,04860,FALSE,NA,NA
SEE959229794460,DT,SWE Energie GmbH,Erdgas,34,34,1999,99087,FALSE,NA,NA
SEE962777669616,Zolling GT1,Onyx Kraftwerk Zolling GmbH &Co. KGaA,Mineraloelprodukte,25,24.5,1986,85406,FALSE,NA,NA
SEE963438570067,Gasmotoren-Heizkraftwerk Dresden-Reick - Aggregat VI,DREWAG - Stadtwerke Dresden GmbH,Erdgas,11.76,11.5,2022,01277,FALSE,NA,NA
SEE988114672156,Kaufering K(Ro)2,Uniper Kraftwerke GmbH,Wasser,6.1,5.567,1975,86916,FALSE,NA,NA
SEE988182827533,Staudinger 4,Uniper Kraftwerke GmbH,Erdgas,660,580,1977,63538,FALSE,NA,reserve
SEE988558018985,KesselH,Westag AG,Biomasse,9.18,9.18,2001,33378,FALSE,NA,NA
SEE991807535867,KWK-Anlage Gasturbine 3,Delkeskamp Verpackungswerke GmbH,Erdgas,5,4.85,2000,49638,TRUE,2022,other
SEE995156555835,KW Ryburg-Schwörstadt M3,Kraftwerk Ryburg-Schwörstadt AG,Wasser,28.3,28.15,1931,79739,FALSE,NA,NA
SEE996980679766,Kraftwerk Oberaudorf-Ebbs MS2,Österreichisch-Bayerische Kraftwerke AG,Wasser,30,30,1992,83080,FALSE,NA,NA
SEE966481430050,W065-Gebäude 120 / BHKW Modul 05,Firma Mercedes-Benz AG Werk 050 HPC NC50 LN-Nr.: 17319765,Erdgas,4.3,4.253,2014,40476,FALSE,NA,NA
SEE929090964958,FZJ_WVVZ-03.19_BHKW-3,Forschungszentrum Jülich GmbH,Erdgas,4.3,4.3,2022,52428,FALSE,NA,NA
SEE929681132193,WKW Dettingen M2,EnBW Energie Baden-Württemberg AG,Wasser,3.6,3.6,1927,88451,FALSE,NA,NA
SEE936406566188,Walchenseekraftwerk E Pe3,Uniper Kraftwerke GmbH,Wasser,13,13,1924,82431,FALSE,NA,NA
SEE940821413552,Kraftwerk NE DT,K+S Minerals and Agriculture GmbH,Waerme,4.477,4.4,1979,36119,FALSE,NA,NA
SEE941053107073,Stromerzeugung Barby,Cargill Deutschland GmbH,Erdgas,17.951,17.78,2013,39249,FALSE,NA,NA
SEE943427876363,Kraftwerk Rostock Block A,EnBW Energie Baden-Württemberg AG,Steinkohle,553,514,1994,18147,FALSE,NA,NA
SEE998909352200,EA-46950,BEKW Bioenergiekraftwerk Emsland GmbH & Co. KG,Biomasse,11.656,10.6,2013,49824,FALSE,NA,NA
SEE975361659900,SWD KWL GuD F,Stadtwerke Düsseldorf AG,Erdgas,605,595,2016,40221,FALSE,NA,NA
SEE976826191515,MVA Hamm Turbine 2,MHB Hamm Betriebsführungsgesellschaft mbH,Abfall,8.95,6.5,1985,59075,FALSE,NA,NA
SEE987789318420,KWK Anlage Kläranlage,Stadt Kandern,Sonstige Energietraeger (nicht erneuerbar),23,23,2017,79400,FALSE,NA,NA
SEE994055644299,BHKW15,WSW Energie & Wasser AG,Erdgas,2.679,2.619,2017,42275,FALSE,NA,NA
SEE994238154089,MVA Hamm Turbine 3,MHB Hamm Betriebsführungsgesellschaft mbH,Abfall,6.45,6.45,2006,59075,FALSE,NA,NA
SEE995184160995,Cuno Heizkraftwerk Herdecke BHKW3,Mark-E Aktiengesellschaft,Erdgas,2.17,2.13,2014,58313,FALSE,NA,NA
SEE935153258285,ET HO 8,thyssenkrupp Steel Europe AG,Sonstige Energietraeger (nicht erneuerbar),8,8,2012,47166,FALSE,NA,NA
SEE943682372433,Gasturbine 2,"Nordzucker, Werk Klein Wanzleben",Erdgas,5.67,5.63,2007,39164,FALSE,NA,NA
SEE945682618689,Dampfturbine Model Sachsen Papier,Model Sachsen Papier GmbH,Erdgas,16.62,16.2514,1994,04838,FALSE,NA,NA
SEE946568262484,Heizkraftwerk Dieselstraße Block B,EVH GmbH,Erdgas,57.95,57.144,2020,06130,FALSE,NA,NA
SEE946590750676,BHKW Potsdam-Nord 1,Energie und Wasser Potsdam GmbH,Erdgas,4.305,4.257,2016,14471,FALSE,NA,NA
SEE954351462355,Partition_2,BMW AG,Batteriespeicher,3.4,3.4,2017,04349,FALSE,NA,NA
SEE954367504490,GT3,ADM Hamburg Aktiengesellschaft,Erdgas,5.22,5.07,2008,21107,FALSE,NA,NA
SEE954975672987,Urspring K(Ro) 2,Uniper Kraftwerke GmbH,Wasser,4,3.366,1966,86983,FALSE,NA,NA
SEE977898966292,MVR Rugenberger Damm Müll,MVR Müllverwertung Rugenberger Damm GmbH,Abfall,28.875,23.875,1999,21129,FALSE,NA,NA
SEE985585573104,SWM HKW Sued GuD1 GT3,SWM Services GmbH,Erdgas,98.9,97.9,1980,81371,FALSE,NA,NA
SEE986520256656,Solvay Rb TA7,Solvay GmbH,Waerme,12.8,12.8,1989,47495,FALSE,NA,NA
SEE988222104112,Speicher Forsthof,Solarpark Forsthof GmbH & Co. KG,Batteriespeicher,7,7,2023,92706,FALSE,NA,NA
SEE949310869146,Prüfstand 6,Rolls-Royce Solutions Augsburg GmbH,Erdgas,3.2,3.15,2004,86165,FALSE,NA,NA
SEE950062447919,IPH Strom CoFA BHKW 2,Infraserv GmbH & Co. Höchst KG,Biomasse,1.451,1.3725,2007,65929,FALSE,NA,NA
SEE950201173198,MHKW_Gen4,swb Entsorgung GmbH&Co. KG,Abfall,50,49.2,2013,28219,FALSE,NA,NA
SEE951344432289,KWK Adlershof Modul 2,"BTB Blockheizkraftwerks-, Träger- und Betreibergesellschaft",Erdgas,4.502,4.39,2023,12489,FALSE,NA,NA
SEE935963507269,Kachlet K8,Uniper Kraftwerke GmbH,Wasser,6.7125,6.7125,1927,94034,FALSE,NA,NA
SEE936388385937,Heizkraftwerk Stuttgart-Münster GT 87,EnBW Energie Baden-Württemberg AG,Erdgas,61.5,61,2025,70376,FALSE,NA,NA
SEE936873341158,Felix Schoeller GmbH & Co.KG Weißenborn GT1,Felix Schoeller GmbH & Co. KG,Erdgas,4.429,4.429,1976,09600,FALSE,NA,NA
SEE942954514045,DA_BHKW_01,Merck KGaA,Erdgas,3.12,3.04,2014,64293,FALSE,NA,NA
SEE989834346082,KWK GT2,Aluminium Oxid Stade GmbH,Erdgas,15.5515,15.36,2012,21683,FALSE,NA,NA
SEE991917215321,RADAG M3,Rheinkraftwerk Albbruck-Dogern AG,Wasser,27.94,27.94,1934,79774,FALSE,NA,NA
SEE936761155751,"Motor-Heizkraftwerk Chemnitz-Süd, Motor 1",eins energie in sachsen GmbH & Co. KG,Erdgas,12.9,12.7314,2022,09125,FALSE,NA,NA
SEE944498947082,BMHKW Biomasseheizkraftwerk Elsterwerda,Danpower GmbH,Biomasse,12.6,11.5,2004,04910,FALSE,NA,NA
SEE946312990083,HKW Karcherstraße (GT13),SWK Stadtwerke Kaiserslautern Versorgungs-AG,Erdgas,8.88,8.5,2022,67655,FALSE,NA,NA
SEE954610139165,KW Wehr MS B10,Schluchseewerk AG,Pumpspeicher,227.5,227.5,1976,79664,FALSE,NA,NA
SEE955837429145,KW ZI Austausch-Geno,K+S Minerals and Agriculture GmbH,Erdgas,5.25,5.25,1995,39326,FALSE,NA,NA
SEE960352714492,GT11,WSW Energie & Wasser AG,Erdgas,28.5,27.6,2005,42275,FALSE,NA,NA
SEE965327731764,BHKW Jülich,Pfeifer & Langen GmbH & Co. KG,Erdgas,1.413,1.387,2002,52428,FALSE,NA,NA
SEE970313657485,BHKW 3,AZV Südholstein,Biomasse,1.85,1.027,2012,25491,FALSE,NA,NA
SEE970656434019,HKW Dresden - Reick Turbosatz 2,DREWAG - Stadtwerke Dresden GmbH,Erdgas,1.999,1.6,2004,01277,FALSE,NA,NA
SEE939524649245,ZI Tr GT1,K+S Minerals and Agriculture GmbH,Erdgas,5.597,5.5,2017,39326,FALSE,NA,NA
SEE942982288260,Cuno Heizkraftwerk Herdecke H6,Mark-E Aktiengesellschaft,Erdgas,432,417,2007,58313,FALSE,NA,NA
SEE952937205877,Könnern Generator 2,Pfeifer & Langen GmbH & Co. KG,Braunkohle,20,19.67,1993,06420,FALSE,NA,NA
SEE964450365167,Solvay Rb TA9,Solvay GmbH,Waerme,27.2,27.2,1976,47495,FALSE,NA,NA
SEE972239033510,Dampfturbine II Südzucker Wabern,Südzucker AG,Waerme,4.37,4.1384,1976,34590,FALSE,NA,NA
SEE978319002940,Laufwasserkraftwerk Schlüsselburg,Statkraft Markets GmbH,Wasser,5.633,5.633,1958,27337,FALSE,NA,NA
SEE981258814888,Kraftwerk Raffinerie Heide GmbH,Raffinerie Heide GmbH,Mineraloelprodukte,47.2,45.2,1962,25770,FALSE,NA,NA
SEE981924913907,GT 3,Peissenberger Kraftwerksgesellschaft,Mineraloelprodukte,23.2,23.2,1982,83734,TRUE,2024,EnWG
SEE984352856976,Leipzig KWK 1,BMW AG,Erdgas,3.119,3.119,2009,04349,FALSE,NA,NA
SEE993638387103,NEA EEW Helmstedt,EEW Energy from Waste Helmstedt GmbH,Mineraloelprodukte,6,5.18,2018,38372,FALSE,NA,NA
SEE995447721338,Kachlet K7,Uniper Kraftwerke GmbH,Wasser,6.7125,6.7125,1927,94034,FALSE,NA,NA
SEE995735564722,Kraftwerk Wasserburg MS3 20 kV,VERBUND Innkraftwerke GmbH,Wasser,4.82,4.82,1938,83512,FALSE,NA,NA
SEE996485724770,Koblenz Maschine 2,RWE Generation Hydro GmbH,Wasser,4,4,1951,56073,FALSE,NA,NA
SEE998383491525,Heizkraftwerk Stuttgart-Münster DT 12,EnBW Energie Baden-Württemberg AG,Erdgas,47.2,45,1982,70376,FALSE,NA,NA
SEE999705546763,Dampfturbine III Südzucker Rain,Südzucker AG,Waerme,11,10.36,1961,86641,FALSE,NA,NA
SEE947163607823,HKW West M12 (2024),Gothaer Stadtwerke ENERGIE,Erdgas,2.3,2.282,2025,99867,FALSE,NA,NA
SEE961899492454,PSW Hohenwarte 2 PSS D,Vattenfall Wasserkraft GmbH,Pumpspeicher,40,39.7,1966,07338,FALSE,NA,NA
SEE996891820448,Turbine 3,EGK Entsorgungsgesellschaft Krefeld GmbH & Co. KG,Waerme,12,8,1978,47829,FALSE,NA,NA
SEE998623498277,DT3,InfraLeuna GmbH,Waerme,24.4,23.9,2022,06237,FALSE,NA,NA
SEE984899087819,Kraftwerk Wasserburg MS5 110 kV,VERBUND Innkraftwerke GmbH,Wasser,4.82,4.82,1938,83512,FALSE,NA,NA
SEE986097297199,QED_GuD_Staßfurt,Qemetica Energy Deutschland,Erdgas,125,100,1997,39418,FALSE,NA,NA
SEE987007882719,GuD West 40 Gasturbine,Volkswagen AG,Erdgas,101,101,2023,38440,FALSE,NA,NA
SEE991958709742,Kraftwerk Jochenstein MS5,Donaukraftwerk Jochenstein AG,Wasser,26.4,26.4,1956,94107,FALSE,NA,NA
SEE992421348512,Kraftwerk Braunau-Simbach MS3,Österreichisch-Bayerische Kraftwerke AG,Wasser,25.6,25.6,1954,84375,FALSE,NA,NA
SEE989328541450,HKW Reuter West Dampfturbine D,BEW Berliner Energie und Wärme GmbH,Steinkohle,300,282,1987,13599,FALSE,NA,NA
SEE991505581654,KW Rheinfelden Maschine 3,naturenergie hochrhein AG,Wasser,23.6,22.9,2010,4310,FALSE,NA,NA
SEE993233732025,Kraftwerk Egglfing-Obernberg MS2,Innwerk AG,Wasser,13.45,13.45,1946,94072,FALSE,NA,NA
SEE995752550746,Werk 1.5 KWK 2,BMW AG,Erdgas,3.431,3.36,2019,80937,FALSE,NA,NA
SEE996309208363,HKW Alfred-Leikam-Straße BHKW 2,Haller Mobilität und Wärme GmbH,Erdgas,8.1,7.549,2022,74523,FALSE,NA,NA
SEE997248724068,Gasturbine 2,Fresenius Medical Care Deutschland GmbH,Erdgas,7.58,7.558,2014,66606,FALSE,NA,NA
SEE998199911088,Kraftwerk Lippendorf Block S,MIBRAG Kraftwerk Lippendorf GmbH,Braunkohle,942,891,1999,04575,FALSE,NA,NA
SEE991050894971,EKT,InfraLeuna GmbH,Waerme,14.7,14,2000,06237,FALSE,NA,NA
SEE992947793209,Dampfturbine,Kreis Weseler Abfallgesellschaft mbH & Co.KG,Abfall,22,16,1997,47475,FALSE,NA,NA
SEE994690933222,BHKW_CVK,Charité – Universitätsmedizin Berlin,Erdgas,2.679,2.64,2016,13353,FALSE,NA,NA
SEE995613098226,Speicher Gelpertsricht,Solarpark Forsthof GmbH & Co. KG,Batteriespeicher,4,4,2026,92706,FALSE,NA,NA
SEE918857857947,FHKW GT4,Technische Werke Ludwigshafen am Rhein,Erdgas,4.8,4.3893,1995,67063,FALSE,NA,NA
SEE922908994215,bnBm GasKW BIB GT9,RWE Generation SE,Erdgas,34.8,34.4,2023,68647,FALSE,NA,reserve
SEE945038569870,Turbinengenerator4-SiemensT5471,Sappi Ehingen GmbH,Erdgas,4.725,3.4,1977,89584,FALSE,NA,NA
SEE949717053087,KW Laufenburg Maschine 8,naturenergie holding AG,Wasser,10.6,10.442,1992,5080,FALSE,NA,NA
SEE953611260939,BHKW-Sonnenwärme,Stadtwerke Greifswald GmbH,Erdgas,4.1803,4.1353,2022,17489,FALSE,NA,NA
SEE955178360381,KWK 1 Gebäude 192.0,BMW AG,Erdgas,4.13,4.13,2019,84130,FALSE,NA,NA
SEE959802115149,DGW TG 10,KG Deutsche Gasrusswerke GmbH u Co,Waerme,9.176,8.359,1983,44147,FALSE,NA,NA
SEE960158091162,T3,AG der Dillinger Hüttenwerke,Waerme,13,9.9,1971,66763,FALSE,NA,NA
SEE961061178896,Koblenz Maschine 4,RWE Generation Hydro GmbH,Wasser,4,4,1951,56073,FALSE,NA,NA
SEE961245060139,Saalachkraftwerk D3,DB Energie GmbH,Wasser,1.593,1.593,1914,83435,FALSE,NA,NA
SEE969213985101,HKW Karcherstraße (GT12),SWK Stadtwerke Kaiserslautern Versorgungs-AG,Erdgas,8.88,8.5,2021,67655,FALSE,NA,NA
SEE975024902015,HKW-West Dampfturbine,Stadtwerke Lemgo GmbH,Waerme,2.5,2.42,1995,32657,FALSE,NA,NA
SEE985331675700,HKW Magirusstraße,Fernwärme Ulm GmbH,Erdgas,15.6,12.6,1992,89077,TRUE,2024,KVBG
SEE986418252418,Partition_1,BMW AG,Batteriespeicher,3.4,3.4,2017,04349,FALSE,NA,NA
SEE986959633936,Lage Generator 1,Pfeifer & Langen GmbH & Co. KG,Erdgas,9.76,8.882,1981,32791,FALSE,NA,NA
SEE987361570932,HKW BRB,StWB Stadtwerke Brandenburg an der Havel,Erdgas,36.96,36.8,1997,14772,FALSE,NA,NA
SEE990364668339,SKW Hohenwarte 1 Maschine B,Vattenfall Wasserkraft GmbH,Wasser,30,29.9,1959,07338,FALSE,NA,NA
SEE997713514354,Ofenlinie K1,ZAK Energie GmbH,Abfall,8,6.2,1995,87437,FALSE,NA,NA
SEE968582186379,Boxberg Block R,Lausitz Energie Kraftwerke AG,Braunkohle,666,630,2012,02943,FALSE,NA,NA
SEE968809418429,BHKW_CVK_2,Charité – Universitätsmedizin Berlin,Erdgas,2.679,2.64,2016,13353,FALSE,NA,NA
SEE971282697380,Heizkraftwerk Altbach/Deizisau Block 4 GT A (solo),EnBW Energie Baden-Württemberg AG,Erdgas,50,45,1971,73776,FALSE,NA,NA
SEE972969049737,KW ZI GT 1,K+S Minerals and Agriculture GmbH,Erdgas,5.07,4.91,1995,39326,FALSE,NA,NA
SEE934727232676,KW Wyhlen Francis 10,naturenergie hochrhein AG,Wasser,2.184,2.166,1912,79639,FALSE,NA,NA
SEE943109996648,BMW Landshut KWK 4,BMW AG,Erdgas,4.5,4.3,2018,84030,FALSE,NA,NA
SEE993827105563,Bittenbrunn E K1,Donau-Wasserkraft AG,Wasser,7,6.73,1969,86633,FALSE,NA,NA
SEE980327120226,SWM HKW Sued GuD2 GT61,SWM Services GmbH,Erdgas,146.5,146.3,2021,81371,FALSE,NA,NA
SEE986561991462,Cuno Heizkraftwerk Herdecke BHKW2,Mark-E Aktiengesellschaft,Erdgas,1.988,1.95,2005,58313,FALSE,NA,NA
SEE989503748513,SWD KWL GTE1,Stadtwerke Düsseldorf AG,Erdgas,67.5,66.7,1974,40221,FALSE,NA,NA
SEE993412996354,Kraftwerk WI DT3,K+S Minerals and Agriculture GmbH,Erdgas,12.254,12.07,1967,36266,FALSE,NA,NA
SEE966530598731,Gegendruckdampfturbine Industriekraftwerk,Solvay GmbH,Erdgas,21.7,21.7,1994,06406,FALSE,NA,NA
SEE966970929270,Neef Maschine 1,RWE Generation Hydro GmbH,Wasser,4.1,4.1,1966,56858,FALSE,NA,NA
SEE967076530902,SMAREG12 Vöhringen I,SMAREG 12 GmbH & Co. KG,Batteriespeicher,19.6,19.6,2025,89269,FALSE,NA,NA
SEE967464788519,Kraftwerk Fulda Aggregat 4A,RhönEnergie Fulda GmbH,Mineraloelprodukte,2.845,2.76,2011,36043,FALSE,NA,NA
SEE967950570895,PKV Kraftwerk BGM 2,Papier- u. Kartonfabrik Varel GmbH & Co. KG,Biomasse,1.124,1,2006,26316,FALSE,NA,NA
SEE968613122536,Enkirch Maschine 4,RWE Generation Hydro GmbH,Wasser,4.6,4.6,1966,56850,FALSE,NA,NA
SEE971818871499,KW Witznau MS B4,Schluchseewerk AG,Pumpspeicher,55,55,1950,79777,FALSE,NA,NA
SEE971932533266,Batteriespeicher Werne,RWE Supply & Trading GmbH,Batteriespeicher,72,72,2022,59368,FALSE,NA,NA
SEE972049110999,ZF-FRD-W04-G32-Prüfstand-A03,ZF Friedrichshafen AG,Mineraloelprodukte,1.756,1.756,2022,88046,FALSE,NA,NA
SEE939329445868,HKWH Gasturbine 8,Stadtwerke Kiel AG,Erdgas,5.427,5.336,2014,24116,FALSE,NA,NA
SEE942253705168,FHKW DT 2,Technische Werke Ludwigshafen am Rhein,Waerme,13.2,12.07,1989,67063,FALSE,NA,NA
SEE944044057432,"Motor-Heizkraftwerk Chemnitz-Nord, Motor 1",eins energie in sachsen GmbH & Co. KG,Erdgas,12.65,12.538,2023,09114,FALSE,NA,NA
SEE947895305424,BHKW Köpenick Gasturbine 2,BEW Berliner Energie und Wärme GmbH,Erdgas,5.3,5,1994,12557,FALSE,NA,NA
SEE949085992346,W050-TS_Mercedes-Benz Werk Sindelfingen HKW Turbine 2,Firma Mercedes-Benz AG Werk 050 HPC NC50 LN-Nr.: 17319765,Erdgas,18.116,17.21,1963,71063,FALSE,NA,NA
SEE950536544908,Kraftwerk Feldkirchen MS1,VERBUND Innkraftwerke GmbH,Wasser,12.733,12.733,1970,83543,FALSE,NA,NA
SEE960529046555,6MKA,PCK Raffinerie GmbH,Mineraloelprodukte,36,34.5,1994,16303,FALSE,NA,NA
SEE999346426134,Kraftwerk Landesbergen Dampfturbine,Statkraft Markets GmbH,Erdgas,450,431,1973,31628,FALSE,NA,other
SEE965029367872,KW Silz - Maschine 2,TIWAG-Tiroler Wasserkraft AG,Pumpspeicher,250,250,1981,6424,FALSE,NA,NA
SEE973793127974,KW Mittelsbüren Block 4,ArcelorMittal Bremen GmbH,Sonstige Energietraeger (nicht erneuerbar),240,160,1975,28237,FALSE,NA,NA
SEE975217906967,GT4,ADM Hamburg Aktiengesellschaft,Erdgas,5.688,5.538,2013,21107,FALSE,NA,NA
SEE983138549866,IKW Block 7,ArcelorMittal Eisenhüttenstadt GmbH,Sonstige Energietraeger (nicht erneuerbar),56,53.9,2013,15890,FALSE,NA,NA
SEE931497805147,bnBm GasKW BIB GT10,RWE Generation SE,Erdgas,34.8,34.4,2023,68647,FALSE,NA,reserve
SEE934879768511,Linie 2 (Kessel 6_Turbine 2)_Komplex 04-01/04,SchwörerHaus KG,Biomasse,5.77,5.24,2001,72531,FALSE,NA,NA
SEE935560628848,Straubing K1,Rhein-Main-Donau GmbH,Wasser,7.1667,7.1667,1994,94315,FALSE,NA,NA
SEE940303116315,Turbosatz 5,EEW Energy from Waste Premnitz GmbH,Abfall,32.32,32.32,2021,14727,FALSE,NA,NA
SEE940791401320,Au F1,Untere Iller GmbH,Wasser,4,4,1931,89257,FALSE,NA,NA
SEE940802366570,PSW Markersbach PSS C,Vattenfall Wasserkraft GmbH,Pumpspeicher,175,174.2,1980,08352,FALSE,NA,NA
SEE983959934148,HKW Linden DT,enercity AG,Erdgas,79.4,78,1996,30449,FALSE,NA,NA
SEE963787688062,Kachlet K2,Uniper Kraftwerke GmbH,Wasser,6.7125,6.7125,1927,94034,FALSE,NA,NA
SEE964935453853,DT,Neubrandenburger Stadtwerke GmbH,Erdgas,27.5,26.459,1997,17034,FALSE,NA,NA
SEE969004747543,Gasmotor 4 Jena,TEAG Thüringer Energie AG,Erdgas,12.616,12.175,2022,07745,FALSE,NA,NA
SEE972612434835,Dampfturbine V Südzucker Zeitz,Südzucker AG,Waerme,5.804,5.641,2016,06712,FALSE,NA,NA
SEE965350369514,ET HO 1,thyssenkrupp Steel Europe AG,Sonstige Energietraeger (nicht erneuerbar),16,16,1982,47166,FALSE,NA,NA
SEE973513212348,Kraftwerk Passau-Ingling MS2,Österreichisch-Bayerische Kraftwerke AG,Wasser,21.6,21.6,1965,94036,FALSE,NA,NA
SEE976945777003,KWK Baruth,Pfleiderer Baruth GmbH,Biomasse,10.205,9.7,2002,15837,FALSE,NA,NA
SEE981876305560,TREA Leuna 1,MVV Umwelt Asset GmbH,Abfall,18.545,16.245,2005,06237,FALSE,NA,NA
SEE992623649677,KWK-Anlage Gasturbine 4,Delkeskamp Verpackungswerke GmbH,Erdgas,4.36,4.229,2009,49638,TRUE,2022,other
SEE993205796611,"Biomethan BHKW Hannover Herrenhausen, Motor 4",BEH Bioenergie Hannover GmbH,Biomasse,4.5,4.5,2024,30419,FALSE,NA,NA
SEE993583711350,Erdgas BHKW KLA Bottrop Ag. 4,Emschergenossenschaft,Erdgas,2.676,2.676,2021,46238,FALSE,NA,NA
SEE996720450723,SWM HKW Sued GuD2 DT60,SWM Services GmbH,Erdgas,131.585,127.6,2004,81371,FALSE,NA,NA
SEE925623713673,BHKW 2 - GOM 4,Flughafen München GmbH,Erdgas,4.3,4.207,2014,85356,FALSE,NA,NA
SEE928580946900,GuD-Heizkraftwerk M120,Konsortium Energieversorgung Opel beschränkt haftende oHG,Erdgas,104.5,103,1999,65428,FALSE,NA,NA
SEE939026884250,PSW Markersbach PSS A,Vattenfall Wasserkraft GmbH,Pumpspeicher,175,174.2,1979,08352,FALSE,NA,NA
SEE999306148830,HDH_004_Industrieheizkraftwerk-Heidenheim_GM3,J. M. Voith SE & Co. KG,Erdgas,4.401,4.225,2014,89522,FALSE,NA,NA
SEE929069715185,Biomasse-Verstromungs-Anlage,Mark-E Aktiengesellschaft,Biomasse,20,18,2004,58099,FALSE,NA,NA
SEE929083016459,BHKW Köpenick Gasturbine 1,BEW Berliner Energie und Wärme GmbH,Erdgas,5.3,5,1994,12557,FALSE,NA,NA
SEE933649593711,Au F2,Untere Iller GmbH,Wasser,4,4,1931,89257,FALSE,NA,NA
SEE982556430190,Raffineriekraftwerk Leuna HDT,TotalEnergies Raffinerie Mitteldeutschland GmbH,Mineraloelprodukte,33.6,29.3,1997,06237,FALSE,NA,NA
SEE982806373970,Batterie Eisenach,VERBUND Energy4Business Germany GmbH,Batteriespeicher,10.35,10.35,2022,99817,FALSE,NA,NA
SEE990065849372,TS I,Zweckverband Abfallwirtschaft Raum Würzburg,Abfall,11.5,8.7,1984,97076,FALSE,NA,NA
SEE990523934756,"Shell Energy and Chemicals Park, Kraftwerk Wesseling, Turbine 1",Shell Deutschland GmbH,Mineraloelprodukte,35,35,1993,50389,FALSE,NA,NA
SEE999239610039,trlyr 8,trlyr 8 GmbH & Co. KG,Batteriespeicher,20.19,20.19,2026,49429,FALSE,NA,NA
SEE945148512650,PSW Goldisthal PSS A,Vattenfall Wasserkraft GmbH,Pumpspeicher,265,263,2004,98746,FALSE,NA,NA
SEE955085348786,Gasmotoren-Blockheizkraftwerk II (Generator 9),GLOBALFOUNDRIES Dresden Module One LLC & Co. KG,Erdgas,3.832,3.772,2004,01468,FALSE,NA,NA
SEE964041814975,Kraftwerk Eberswalde GmbH (HoKaWe),Kraftwerk Eberswalde GmbH (HoKaWe),Biomasse,20,20,2006,16225,FALSE,NA,NA
SEE966089822219,BHKW KW5 58,Kraftwerke Mainz-Wiesbaden AG,Erdgas,10.02,9.93,2020,55120,FALSE,NA,NA
SEE960934136643,bnBm GasKW BIB GT2,RWE Generation SE,Erdgas,34.8,34.4,2023,68647,FALSE,NA,reserve
SEE941420464426,Zeltingen Maschine 3,RWE Generation Hydro GmbH,Wasser,3.4,3.4,1964,54492,FALSE,NA,NA
SEE942956157011,Turbosatz 2,AVG Abfallentsorgungs- und Verwertungsgesellschaft Köln mbH,Abfall,31.76,18,2017,50735,FALSE,NA,NA
SEE945462188876,LEV KWG G19,Currenta GmbH & Co. OHG,Erdgas,29,27.47,1971,51373,FALSE,NA,NA
SEE945785612836,SWM Uppenborn 1 Gen4,Stadtwerke München GmbH,Wasser,1.1,1.1,1930,85368,FALSE,NA,NA
SEE948865320546,Pfrombach D F1,Uniper Kraftwerke GmbH,Wasser,4.38,4.38,1929,85368,FALSE,NA,NA
SEE950593842498,Remondis Thermische Abfallverwertung GmbH,Remondis Thermische Abfallverwertung GmbH,Abfall,27,24,2007,39418,FALSE,NA,NA
SEE987512757786,IKW Block 8,ArcelorMittal Eisenhüttenstadt GmbH,Erdgas,89.717,88.11,1954,15890,FALSE,NA,NA
SEE987729168146,KWK 1 - Kesselhaus,Ferrero OHG mbH,Erdgas,5.3,5,2007,35260,FALSE,NA,NA
SEE971304457053,HKW -  K6 DT2,Erlanger Stadtwerke AG,Erdgas,17.028,16.317,2022,91052,FALSE,NA,NA
SEE987113516188,Mitte BHKW 2 Modul 1,Stadtwerke Duisburg AG,Erdgas,4.5,4.472,2023,47053,FALSE,NA,NA
SEE984453739475,WKW Rudolf-Fettweis-Werk PSW Schwarzenbach M7,EnBW Energie Baden-Württemberg AG,Wasser,21.5,21.5,1926,76596,FALSE,NA,NA
SEE988178455061,Gasturbine 02 Industriekraftwerk,Solvay GmbH,Erdgas,63.5,63.5,2020,06406,FALSE,NA,NA
SEE994929345864,Dampfturbine II Südzucker Rain,Südzucker AG,Waerme,4.9,4.615,1957,86641,FALSE,NA,NA
SEE997020557907,DGW TG 15,KG Deutsche Gasrusswerke GmbH u Co,Waerme,18.24,16.616,1989,44147,FALSE,NA,NA
SEE999258963376,BHKW Boddenluft,Stadtwerke Greifswald GmbH,Erdgas,4.55,4.5,2023,17489,FALSE,NA,NA
SEE981133916751,GT-Anlage2,Smurfit Westrock Wrexen Paper & Board GmbH,Erdgas,7.85,7.8015,2024,34474,FALSE,NA,NA
SEE982138852266,BHKW-Süd,Stadtwerke Greifswald GmbH,Erdgas,4.196,4.162,2020,17489,FALSE,NA,NA
SEE982484501641,Kraftwerk Wasserburg MS3 110 kV,VERBUND Innkraftwerke GmbH,Wasser,4.82,4.82,1938,83512,FALSE,NA,NA
SEE988848971327,"HKW Reuter, Dampfturbine M",BEW Berliner Energie und Wärme GmbH,Waerme,36.36,36,1998,13599,FALSE,NA,NA
SEE991087959599,Dampfturbine 1 Jena,TEAG Thüringer Energie AG,Erdgas,26,25,1996,07745,FALSE,NA,NA
SEE994538470544,Gasturbine 2 Jena,TEAG Thüringer Energie AG,Erdgas,40,39,1996,07745,FALSE,NA,NA
SEE971244426065,Turbine 1,MVA Bielefeld-Herford GmbH,Biomasse,39.47,34,2008,33609,FALSE,NA,NA
SEE997354262225,Motor 4,Biomethan Produktion Ottersberg GmbH,Biomasse,1.048,1.048,2007,28870,FALSE,NA,NA
SEE999819576335,Block 2,Müllheizkraftwerk Rothensee GmbH,Abfall,33.6,33.6,2006,39126,FALSE,NA,NA
SEE982064123652,KW Wyhlen Straflo 04,naturenergie hochrhein AG,Wasser,4.6,4.5,1993,79639,FALSE,NA,NA
SEE987709592503,ET HO 2,thyssenkrupp Steel Europe AG,Sonstige Energietraeger (nicht erneuerbar),18,18,1993,47166,FALSE,NA,NA
SEE991220769276,Dormagen DT,RWE Generation SE,Erdgas,194,194,2000,41540,FALSE,NA,NA
SEE992213654456,Huckingen B,Hüttenwerke Krupp Mannesmann GmbH,Sonstige Energietraeger (nicht erneuerbar),320,303,1976,47259,FALSE,NA,NA
SEE967332608451,BESS - Batteriespeicher SchwörerHaus KG,SchwörerHaus KG,Batteriespeicher,3.78,3.78,2024,72531,FALSE,NA,NA
SEE967700439199,BESS Quedlinburg,BESS Quedlinburg GmbH & Co. KG,Batteriespeicher,13.8,13.8,2025,06485,FALSE,NA,NA
SEE969670581717,KW2 DT27,Kraftwerke Mainz-Wiesbaden AG,Erdgas,270,250,1977,55120,FALSE,NA,reserve
SEE975815924073,P37,Caterpillar Energy Solutions,Erdgas,4.5,4.5,1994,68167,FALSE,NA,NA
SEE976193474983,LEV KWG G21,Currenta GmbH & Co. OHG,Steinkohle,13.4,12.671,1989,51373,FALSE,NA,NA
SEE976995281321,Kraftwerk Fulda Aggregat 3A,RhönEnergie Fulda GmbH,Mineraloelprodukte,2.845,2.76,2010,36043,FALSE,NA,NA
SEE939643489500,Biomasse Heizkraftwerk Siegerland (BHSi),Biomasse Heizkraftwerk Siegerland GmbH & Co. KG,Biomasse,20,20,2006,56479,FALSE,NA,NA
SEE945401341942,BHKW KW5 56,Kraftwerke Mainz-Wiesbaden AG,Erdgas,10.02,9.93,2020,55120,FALSE,NA,NA
SEE945569399960,BHKW KW5 59,Kraftwerke Mainz-Wiesbaden AG,Erdgas,10.02,9.93,2020,55120,FALSE,NA,NA
SEE988421065542,UER N230 NST2,Currenta GmbH & Co. OHG,Steinkohle,15.91,15.2,1964,47829,FALSE,NA,NA
SEE989342161450,Gasturbine 2 (TBM),Smurfit Westrock Hoya Paper & Board GmbH,Erdgas,6.8,6.528,2014,27318,FALSE,NA,NA
SEE994853801559,KW Laufenburg Maschine 5,naturenergie holding AG,Wasser,10.6,10.442,1991,5080,FALSE,NA,NA
SEE995049451596,Kraftwerk Wasserburg MS5 20 kV,VERBUND Innkraftwerke GmbH,Wasser,4.82,4.82,1938,83512,FALSE,NA,NA
SEE943750140889,4MKA,PCK Raffinerie GmbH,Mineraloelprodukte,63,59,2011,16303,FALSE,NA,NA
SEE944229371742,Kraftwerk Feldkrichen MS3,VERBUND Innkraftwerke GmbH,Wasser,12.733,12.733,1970,83543,FALSE,NA,NA
SEE991332001752,KW Laufenburg Maschine 6,naturenergie holding AG,Wasser,10.6,10.442,1991,5080,FALSE,NA,NA
SEE995596088894,Wuppertal Kraftwerk Turbine 3,Thermo Fisher Scientific BPG GmbH,Erdgas,12,5.5,1957,42289,FALSE,NA,NA
SEE999927238279,WKW Rudolf-Fettweis-Werk Murgwerk M5,EnBW Energie Baden-Württemberg AG,Wasser,4.4,4.4,1918,76596,FALSE,NA,NA
SEE938639845887,HHKW Berlin-Neukölln,"BTB Blockheizkraftwerks-, Träger- und Betreibergesellschaft",Biomasse,21.638,21.634,2004,12355,FALSE,NA,NA
SEE956061511231,GuD Anlage DT,Julius Schulte Trebsen GmbH & Co. KG,Erdgas,1.434,1.434,2013,04687,FALSE,NA,NA
SEE959745626917,Prüfstand 11,Rolls-Royce Solutions Augsburg GmbH,Erdgas,4,3.95,2004,86165,FALSE,NA,NA
SEE960100973492,HKW Wedel Block 1,Hamburger Energiewerke GmbH,Steinkohle,152.8,137,1993,22880,FALSE,NA,NA
SEE961847934449,VW Baunatal Gasturbine,VW Kraftwerk GmbH,Erdgas,51,45.07,2013,34225,FALSE,NA,NA
SEE962185382367,PKV Kraftwerk BGM 1,Papier- u. Kartonfabrik Varel GmbH & Co. KG,Biomasse,1.124,1,2006,26316,FALSE,NA,NA
SEE964821359092,GT1,DFS Energy GmbH,Erdgas,4.569,4.459,2014,63225,FALSE,NA,NA
SEE967403086416,Speicher Braunsbedra,Münch visiontec GmbH & Co. KG,Batteriespeicher,5,5,2024,06217,FALSE,NA,NA
SEE989300885374,WKW Unteropfingen M3,EnBW Energie Baden-Württemberg AG,Wasser,3.325,3.325,1924,88457,FALSE,NA,NA
SEE989457180636,SMAREG5 Hildburghausen,SMAREG 5 GmbH & Co. KG,Batteriespeicher,12,12,2022,98646,FALSE,NA,NA
SEE992607731794,Turbine 4,EGK Entsorgungsgesellschaft Krefeld GmbH & Co. KG,Waerme,13.84,9.23,2001,47829,FALSE,NA,NA
SEE992864019192,GT5,InfraLeuna GmbH,Erdgas,56.5,55.4,2022,06237,FALSE,NA,NA
SEE994551453975,Generator A,EkoCity,Abfall,20,20,1976,42349,FALSE,NA,NA
SEE999630346957,KWK Baruth,Pfleiderer Baruth GmbH,Biomasse,8.36,7.8,2002,15837,FALSE,NA,NA
SEE999966551940,HKW Potsdam-Süd Block1,Energie und Wasser Potsdam GmbH,Erdgas,42,40.9,1996,14478,FALSE,NA,NA
SEE941708872783,GBS KW Weiher,Iqony Battery System,Batteriespeicher,15,15,2016,66287,FALSE,NA,NA
SEE943653719359,PSW Goldisthal PSS C,Vattenfall Wasserkraft GmbH,Pumpspeicher,265,263,2003,98746,FALSE,NA,NA
SEE944787978346,Gaskesselhaus DT,Martinswerk GmbH,Erdgas,5.786,5.544,2024,50127,FALSE,NA,NA
SEE948068633795,Wasserkraftwerk Dörverden,Statkraft Markets GmbH,Wasser,5,5,1914,27313,FALSE,NA,NA
SEE950589701143,Gaskraftwerk Emden - Gasturbine,Statkraft Markets GmbH,Erdgas,54,52,1973,26725,FALSE,NA,reserve
SEE950981928360,TG4,BP Europa SE,Erdgas,10.9,10.9,1996,49808,FALSE,NA,NA
SEE953048986860,Fabrik NE GT Tr,K+S Minerals and Agriculture GmbH,Erdgas,5.195,5.1,2009,36119,FALSE,NA,NA
SEE953508633730,SWM Leitzach 2 M21,Stadtwerke München GmbH,Pumpspeicher,22,22,1984,83620,FALSE,NA,NA
SEE976459856379,S300 VT1,BASF SE,Waerme,28.5,28,1964,67063,FALSE,NA,NA
SEE982127973149,Kombi-HKW GT2,Städtische Werke Energie + Wärme GmbH,Erdgas,31.95,31.15,2005,34134,FALSE,NA,NA
SEE983340579781,SMAREG3 Eisfeld,SMAREG 3 GmbH & Co. KG,Batteriespeicher,12,12,2022,98673,FALSE,NA,NA
SEE984068604342,SEDE607510036,ENGIE Deutschland GmbH,Erdgas,4.5,4.472,2018,07546,FALSE,NA,NA
SEE985036646654,Gasmotoren-Heizkraftwerk Dresden-Reick - Aggregat II,DREWAG - Stadtwerke Dresden GmbH,Erdgas,11.76,11.5,2022,01277,FALSE,NA,NA
SEE985107237163,Anlage 2013,Mercer Torgau GmbH & Co. KG,Biomasse,5.3,4.95,2013,04860,FALSE,NA,NA
SEE988684097793,HKW Klingenberg Dampfturbine 2,BEW Berliner Energie und Wärme GmbH,Erdgas,64,56,1981,10317,FALSE,NA,NA
SEE994048824899,Bittenbrunn E K3,Donau-Wasserkraft AG,Wasser,7,6.73,1969,86633,FALSE,NA,NA
SEE996548424685,IKW Block 4,ArcelorMittal Eisenhüttenstadt GmbH,Sonstige Energietraeger (nicht erneuerbar),36,34.7,1998,15890,FALSE,NA,NA
SEE971156902916,SEDE607510037,ENGIE Deutschland GmbH,Erdgas,4.404,4.387,2018,07549,FALSE,NA,NA
SEE972467909069,Schwabstadl K(Ro)3,Uniper Kraftwerke GmbH,Wasser,4.3,4,1981,86937,FALSE,NA,NA
SEE977512784516,Kraftwerk Rosenheim MS1,VERBUND Innkraftwerke GmbH,Wasser,11.7,11.7,1960,83101,FALSE,NA,NA
SEE980276191377,Altheim K2,Uniper Kraftwerke GmbH,Wasser,5.718,5.718,1951,84051,FALSE,NA,NA
SEE977273010268,"Kraftwerk IV, DT 411",SYNEQT GmbH,Erdgas,13.96,13.76,2016,45772,FALSE,NA,NA
SEE978426302629,Kraftwerk Fulda Aggregat 2,RhönEnergie Fulda GmbH,Mineraloelprodukte,6.47,6.29,2010,36043,FALSE,NA,NA
SEE985657410085,KIT_CN_BHKW_266_MPP1,Karlsruher Institut für Technologie,Erdgas,4.5,4.432,2016,76344,FALSE,NA,NA
SEE991388294085,Pielweichs K2,Uniper Kraftwerke GmbH,Wasser,4.2,4.2,1994,94447,FALSE,NA,NA
SEE991633857065,GUD-1-1 (GT1),Stadtwerke Münster GmbH,Erdgas,32,31,2005,48155,FALSE,NA,NA
SEE993054223955,„Turbosatz 2“,GMVA Gemeinschafts-Müll-Verbrennungsanlage Niederrhein GmbH,Abfall,49.5,40.4,1991,46049,FALSE,NA,NA
SEE995754822537,PKV Dampfsammelschienen-KWK-Anlage Generator / Turbine GT 8a,Papier- u. Kartonfabrik Varel GmbH & Co. KG,Erdgas,6.24,6.127,2007,26316,FALSE,NA,NA
SEE999145467468,GoWerk F,RWE Power AG,Braunkohle,83,63,1992,50354,FALSE,NA,NA
SEE947677200282,Schkopau B,Saale Energie GmbH,Braunkohle,500,450,1996,06258,FALSE,NA,NA
SEE947712976042,Kraftwerk NE GT KW,K+S Minerals and Agriculture GmbH,Erdgas,1.322,1.214,1990,36119,FALSE,NA,NA
SEE948129095272,Irsching 4,Uniper Kraftwerke GmbH,Erdgas,586,576,2011,85088,FALSE,NA,NA
SEE954086855965,1MKA,PCK Raffinerie GmbH,Mineraloelprodukte,117,106,1998,16303,FALSE,NA,NA
SEE942366584926,SWM HKW Nord 1 T10,SWM Services GmbH,Abfall,22.05,18,1991,85774,FALSE,NA,NA
SEE946744372112,IPH Strom GTX1,Infraserv GmbH & Co. Höchst KG,Erdgas,54,53.6,2003,65929,FALSE,NA,NA
SEE953182244383,MHKW Mannheim Generator X1,MVV Umwelt Asset GmbH,Abfall,5.48,4.08,2020,68169,FALSE,NA,NA
SEE953730197888,MHKW Mannheim Generator TD0,MVV Umwelt Asset GmbH,Abfall,8.85,4.26,2012,68169,FALSE,NA,NA
SEE955482235511,Maschine 4,Mineraloelraffinerie Oberrhein,Mineraloelprodukte,14,12.7,1995,76187,FALSE,NA,NA
SEE958578071345,KWK II HS Timber,HS Timber Services GmbH,Biomasse,5.552,5.28,2024,02923,FALSE,NA,NA
SEE958897712714,BHKW2,DFS Energy GmbH,Erdgas,2.005,1.9805,2014,63225,FALSE,NA,NA
SEE963537340127,BESS Leuna 3,Münch VoltDepot GmbH,Batteriespeicher,50.94,46.332,2026,06217,FALSE,NA,NA
SEE984246933080,illwerke vkw Lünerseewerk M1,EnBW Energie Baden-Württemberg AG,Pumpspeicher,56,56,1957,A-6774,FALSE,NA,NA
SEE986008964080,illwerke vkw Latschauwerk M2,EnBW Energie Baden-Württemberg AG,Wasser,4,4,1950,A-6774,FALSE,NA,NA
SEE968091522767,PSW Hohenwarte 2 PSS A,Vattenfall Wasserkraft GmbH,Pumpspeicher,40,39.7,1965,07338,FALSE,NA,NA
SEE969304380679,KW Witznau MS A3,Schluchseewerk AG,Pumpspeicher,55,55,1946,79777,FALSE,NA,NA
SEE974206815730,TG-1901,Mineraloelraffinerie Oberrhein,Mineraloelprodukte,8.1,7.3,1995,76187,FALSE,NA,NA
SEE974711013546,Raffineriekraftwerk Leuna NDT,TotalEnergies Raffinerie Mitteldeutschland GmbH,Mineraloelprodukte,34.2,29.8,1997,06237,FALSE,NA,NA
SEE983264343635,Schaper Grid Energy Storage Herford,Schaper Grid Energy Storage Füllenkamp GmbH,Batteriespeicher,18.1,18,2022,32051,FALSE,NA,NA
SEE984394943115,illwerke vkw Rodundwerk I M2,EnBW Energie Baden-Württemberg AG,Pumpspeicher,50,50,1943,A-6773,FALSE,NA,NA
SEE991324265957,DT06,Smurfit Westrock Zülpich Paper GmbH,Erdgas,15.552,14.383,2010,53909,FALSE,NA,NA
SEE994968008959,ZI Tr GT3,K+S Minerals and Agriculture GmbH,Erdgas,1.5428,1.403,2005,39326,FALSE,NA,NA
SEE995077047419,HKW Wörth,Palm Power GmbH & Co. KG,Erdgas,90.784,90.784,2007,76744,FALSE,NA,NA
SEE929050048728,Gaskesselhaus GT,Martinswerk GmbH,Erdgas,6.749,6.467,2024,50127,FALSE,NA,NA
SEE930306010543,Turbine 7,SWP Stadtwerke Pforzheim,Biomasse,13.3,12.3,2004,75175,FALSE,NA,NA
SEE932664806912,Gasmotoren-Blockheizkraftwerk I (Generator 2),GLOBALFOUNDRIES Dresden Module Two LLC & Co. KG,Erdgas,3.884,3.879,1998,01468,FALSE,NA,NA
SEE938018666973,Fabrik NE GT Tr.,K+S Minerals and Agriculture GmbH,Erdgas,5.191,5.1,2009,36119,FALSE,NA,NA
SEE941055812814,SI-Gasmotor (12 V 32/40),Everllence SE,Erdgas,5.35,5.235,2005,86153,FALSE,NA,NA
SEE942845579245,KWK Hiltrop,Stadtwerke Bochum Holding GmbH,Erdgas,45,43.412,1975,44805,FALSE,NA,NA
SEE953907486180,FZJ_WVVZ-03.19_BHKW-2,Forschungszentrum Jülich GmbH,Erdgas,4.3,4.3,2022,52428,FALSE,NA,NA
SEE938477978983,Biggekraftwerk Generator 1,BIGGE ENERGIE GmbH & Co. KG,Wasser,5,4.8,1965,57439,FALSE,NA,NA
SEE938782869693,Müllheizkraftwerk Offenbach Turbine 1,Energieversorgung Offenbach AG,Abfall,19.6,16.762,2016,63069,FALSE,NA,NA
SEE944886199833,Neef Maschine 3,RWE Generation Hydro GmbH,Wasser,4.1,4.1,1966,56858,FALSE,NA,NA
SEE952372080091,SWM HKW Nord 2 T20,SWM Services GmbH,Erdgas,363,333,1991,85774,FALSE,NA,NA
SEE955407848307,Ingolstadt E K3,Donau-Wasserkraft AG,Wasser,6.7,6.6,1971,85049,FALSE,NA,NA
SEE959449135135,W059-RD_Geb. 130/8_5001-5032+1030-1032,Firma Mercedes-Benz AG Werk 050 HPC NC50 LN-Nr.: 17319765,Mineraloelprodukte,9.39,9.39,2015,70327,FALSE,NA,NA
SEE949049420311,Landau K3,Uniper Kraftwerke GmbH,Wasser,4.2,4.2,1984,94431,FALSE,NA,NA
SEE957723162266,HKW Karcherstraße (T1),SWK Stadtwerke Kaiserslautern Versorgungs-AG,Erdgas,6,5.8,1989,67655,FALSE,NA,NA
SEE963374030953,Batterie Rechtenbach,VERBUND Energy4Business Germany GmbH,Batteriespeicher,16,16,2022,35625,FALSE,NA,NA
SEE963975943188,Heizkraftwerk Altbach/Deizisau GT B,EnBW Energie Baden-Württemberg AG,Erdgas,60,57,1973,73776,FALSE,NA,NA
SEE965782597448,Heizkraftwerk Altbach/Deizisau HKW 2 DT (Solobetrieb),EnBW Energie Baden-Württemberg AG,Steinkohle,354,323,1997,73776,FALSE,NA,NA
SEE966091400436,Q_ESS_Elverlingsen,Coulomb GmbH,Batteriespeicher,17.08,17.08,2017,58791,FALSE,NA,NA
SEE968986286460,Untereichen F3,Untere Iller GmbH,Wasser,2,2,1931,89281,FALSE,NA,NA
SEE974018310478,Generator 4,KÄMMERER Energie GmbH,Braunkohle,11.25,9.2,1962,49090,FALSE,NA,NA
SEE975444777408,TögingNeu MS3,VERBUND Innkraftwerke GmbH,Wasser,40,40,2022,84513,FALSE,NA,NA
SEE982332501670,Kraftwerk Rosenheim MS2,VERBUND Innkraftwerke GmbH,Wasser,11.7,11.7,1960,83101,FALSE,NA,NA
SEE982564834379,Altheim K1,Uniper Kraftwerke GmbH,Wasser,5.718,5.718,1951,84051,FALSE,NA,NA
SEE985206646330,Küstenkraftwerk K.I.E.L Motor 10,Stadtwerke Kiel AG,Erdgas,9.571,9.456,2018,24149,FALSE,NA,NA
SEE987007884447,Weisweiler G,RWE Power AG,Braunkohle,703,663,1974,52249,FALSE,NA,NA
SEE993385162510,BVI-NT,R.D.M. Arnsberg GmbH,Steinkohle,6.6,5.786,1957,59821,FALSE,NA,NA
SEE974767618801,Mitte BHKW 2 Modul 2,Stadtwerke Duisburg AG,Erdgas,4.5,4.472,2023,47053,FALSE,NA,NA
SEE978399772948,GT12,WSW Energie & Wasser AG,Erdgas,28.5,27.6,2005,42275,FALSE,NA,NA
SEE979861364876,Kraftwerk WI DT 2.1,K+S Minerals and Agriculture GmbH,Erdgas,53.549,52.7,2009,36266,FALSE,NA,NA
SEE996946209945,P12,Caterpillar Energy Solutions,Erdgas,3.375,3.375,1939,68167,FALSE,NA,NA
SEE997108032975,KIT_CN_BHKW_0255,Karlsruher Institut für Technologie,Erdgas,1.98,1.98,2011,76344,FALSE,NA,NA
SEE997216629753,PKV Dampfsammelschienen-KWK-Anlage Generator / Turbine DT 13,Papier- u. Kartonfabrik Varel GmbH & Co. KG,Waerme,7.28,7.061,1973,26316,FALSE,NA,NA
SEE997982071411,Neef Maschine 2,RWE Generation Hydro GmbH,Wasser,4.1,4.1,1966,56858,FALSE,NA,NA
SEE976352702957,trlyr 9,trlyr 9 GmbH & Co. KG,Batteriespeicher,17.25,17.25,2026,29614,FALSE,NA,NA
SEE976533716001,Gersthofen M4,LEW Wasserkraft,Wasser,1.974,1.969,1901,86368,FALSE,NA,NA
SEE977277909087,Mühltal F1,Uniper Kraftwerke GmbH,Wasser,3.74,3.74,2011,82064,FALSE,NA,NA
SEE980016033738,Rheinhafen-Dampfkraftwerk RDK 7,EnBW Energie Baden-Württemberg AG,Steinkohle,536,517,1985,76189,FALSE,NA,other
SEE980046698020,Turbine 5,Maxauer Papierfarbik GmbH,Waerme,57.3,54,2020,76187,FALSE,NA,NA
SEE980337143772,WKW Reckingen M2,EnBW Energie Baden-Württemberg AG,Wasser,21,21,1941,79761,FALSE,NA,NA
SEE955076814825,"Motor-Heizkraftwerk Chemnitz-Nord, Motor 7",eins energie in sachsen GmbH & Co. KG,Erdgas,12.65,12.538,2023,09114,FALSE,NA,NA
SEE956441736957,Gasmotoren-Blockheizkraftwerk I (Generator 6),GLOBALFOUNDRIES Dresden Module Two LLC & Co. KG,Erdgas,3.884,3.879,1998,01468,FALSE,NA,NA
SEE934353123843,Batterie Iphofen,VERBUND Energy4Business Germany GmbH,Batteriespeicher,20.7,20.7,2022,97346,FALSE,NA,NA
SEE939426112649,Gersteinwerk I DT (I2),RWE Generation SE,Erdgas,355,355,1973,59368,FALSE,NA,other
SEE940779412058,KW Häusern MS A1,Schluchseewerk AG,Pumpspeicher,30,30,1931,79837,FALSE,NA,NA
SEE948093740512,MHKW Mannheim Generator TE0,MVV Umwelt Asset GmbH,Abfall,8.85,4.26,2012,68169,FALSE,NA,NA
SEE949306551550,BHKW,UKE Immobilien-Verwaltungs GmbH & Co. KG,Erdgas,1.999,1.999,2013,20251,FALSE,NA,NA
SEE957119289898,W059-RD_122/IV_0463-0469,Firma Mercedes-Benz AG Werk 050 HPC NC50 LN-Nr.: 17319765,Mineraloelprodukte,8.622,8.622,2015,70327,FALSE,NA,NA
SEE987324322059,Küstenkraftwerk K.I.E.L Motor 20,Stadtwerke Kiel AG,Erdgas,9.571,9.456,2018,24149,FALSE,NA,NA
SEE988046628214,Gasturbinenkraftwerk Ahrensfelde GT C,Lausitz Energie Kraftwerke AG,Erdgas,38.34,37.104,1991,16356,FALSE,NA,reserve
SEE989520528877,BMKW Bischofferode,Stadtwerke Leipzig GmbH,Biomasse,20,18.1,2005,37345,TRUE,2026,EnWG
SEE993546424112,Turbine 2,Enertec Hameln GmbH,Abfall,20,12.62,1952,31789,FALSE,NA,NA
SEE994391041424,Kraftwerk Marbach MAR 3 GT (solo),EnBW Energie Baden-Württemberg AG,Mineraloelprodukte,85,85,1975,71672,FALSE,NA,reserve
SEE967003406416,Pfrombach D F2,Uniper Kraftwerke GmbH,Wasser,4.38,4.38,1929,85368,FALSE,NA,NA
SEE970820981745,"Kraftwerk VI, Block 62, DT620",SYNEQT GmbH,Erdgas,36.08,35.98,2022,45772,FALSE,NA,NA
SEE949646756097,FZJ_BATA_10.55,Forschungszentrum Jülich GmbH,Batteriespeicher,1.05,1.05,2022,52428,FALSE,NA,NA
SEE951582148140,BHKW KW5 51,Kraftwerke Mainz-Wiesbaden AG,Erdgas,10.02,9.93,2020,55120,FALSE,NA,NA
SEE993922966908,KWK 3 Geb. 192.0,BMW AG,Erdgas,4.13,4.13,2017,84130,FALSE,NA,NA
SEE995462815548,HKW Schildescher Straße DT 4,Stadtwerke Bielefeld GmbH Assetmanagement Onshore Wind und PV (ZA),Erdgas,28.5,28.5,1966,33611,FALSE,NA,NA
SEE999051917675,Speicher Jerchel West - Teilanlage 3,Solarpark Jerchel West GmbH & Co. KG,Batteriespeicher,6.16,5.6,2025,14715,FALSE,NA,NA
SEE953872640426,Dampfturbine,Stadtwerke Münster GmbH,Waerme,38,35.2,2005,48155,FALSE,NA,NA
SEE954220263762,Vohburg E K2,Donau-Wasserkraft AG,Wasser,9.7,7.76,1992,85088,FALSE,NA,NA
SEE997719859992,HKW Klingenberg Dampfturbine 1,BEW Berliner Energie und Wärme GmbH,Erdgas,60,52,1981,10317,FALSE,NA,NA
SEE998356674993,GT1,Smurfit Westrock Zülpich Paper GmbH,Erdgas,5.4,4.946,1996,53909,FALSE,NA,NA
SEE998558143099,Generator Jülich,Pfeifer & Langen GmbH & Co. KG,Erdgas,25.21,22.86,2004,52428,FALSE,NA,NA
SEE974805767829,IPH Strom GTX 8,Infraserv GmbH & Co. Höchst KG,Erdgas,90.684,89.116,2022,65929,FALSE,NA,NA
SEE976489828827,LEV KWG G11,Currenta GmbH & Co. OHG,Steinkohle,20,19.235,1955,51373,FALSE,NA,NA
SEE978654614532,Gersteinwerk H1,RWE Generation SE,Erdgas,46,46,2022,59368,FALSE,NA,NA
SEE982248430859,Kraftwerk Fulda Aggregat 5,RhönEnergie Fulda GmbH,Mineraloelprodukte,1.2,1.12,2010,36043,FALSE,NA,NA
SEE987913244618,PKV Dampfsammelschienen-KWK-Anlage Generator / Turbine DT 7,Papier- u. Kartonfabrik Varel GmbH & Co. KG,Waerme,12.7,12.025,2003,26316,FALSE,NA,NA
SEE959496642280,AVA Velsen GmbH,AVA Velsen GmbH,Abfall,21,16,1997,66127,FALSE,NA,NA
SEE959614237596,Kraftwerk Fulda Aggregat 4B,RhönEnergie Fulda GmbH,Mineraloelprodukte,2.845,2.76,2011,36043,FALSE,NA,NA
SEE961674911293,KW Witznau MS A4,Schluchseewerk AG,Pumpspeicher,55,55,1947,79777,FALSE,NA,NA
SEE963154903477,KWK Adlershof Modul 4,"BTB Blockheizkraftwerks-, Träger- und Betreibergesellschaft",Erdgas,4.502,4.39,2023,12489,FALSE,NA,NA
SEE968039156900,Biggekraftwerk Generator 3,BIGGE ENERGIE GmbH & Co. KG,Wasser,5,4.8,1965,57439,FALSE,NA,NA
SEE968234156613,LEV KWX G20,Currenta GmbH & Co. OHG,Erdgas,25.6,25,1981,51373,FALSE,NA,NA
SEE968847258773,Heizkraftwerk Heilbronn HLB 5,EnBW Energie Baden-Württemberg AG,Steinkohle,137,125,1965,74076,FALSE,NA,reserve
SEE969618944758,Zeltingen Maschine 1,RWE Generation Hydro GmbH,Wasser,3.4,3.4,1964,54492,FALSE,NA,NA
SEE975556152230,Heizkraftwerk Altbach/Deizisau HKW 2 GT E (Solobetrieb),EnBW Energie Baden-Württemberg AG,Erdgas,65,65,1997,73776,FALSE,NA,NA
SEE954787876719,Energieanlage 1,SWISS KRONO TEX,Biomasse,4.5,4.5,1994,16909,FALSE,NA,NA
SEE956085205437,Turbine/Generator 8,Wacker Chemie,Erdgas,46,45.8,1979,84489,FALSE,NA,NA
SEE965711846036,KWK 2 - Kesselhaus,Ferrero OHG mbH,Erdgas,7.802,7.5,2010,35260,FALSE,NA,NA
SEE970425279599,Kraftwerk Wilhelmshaven Onyx,Onyx Kraftwerk Wilhelmshaven GmbH & Co. KG,Steinkohle,790,726,2015,26386,FALSE,NA,NA
SEE988296656760,Dampfturbine III Südzucker Plattling,Südzucker AG,Waerme,8.64,7.725,2001,94447,FALSE,NA,NA
SEE997618485445,Steinbeis Energie Papenburg GmbH,Steinbeis Energie Papenburg,Biomasse,23.1,20.8,2003,26871,FALSE,NA,NA
SEE932041539754,illwerke vkw Obervermuntwerk I M2,EnBW Energie Baden-Württemberg AG,Wasser,18,18,1943,A-6794,FALSE,NA,NA
SEE933639931950,Kraftwerk NE GT KW,K+S Minerals and Agriculture GmbH,Erdgas,1.831,1.751,1990,36119,FALSE,NA,NA
SEE944656117388,Heimbach Maschine 1,RWE Generation Hydro GmbH,Wasser,8,8,1905,52396,FALSE,NA,NA
SEE983877705974,Gasturbinenkraftwerk Thyrow GT E,Lausitz Energie Kraftwerke AG,Erdgas,38.8,38.34,1989,15806,FALSE,NA,reserve
SEE985411751317,Kraftwerk Teufelsbruck MS5,VERBUND Innkraftwerke GmbH,Wasser,5,5,1938,83564,FALSE,NA,NA
SEE985908351792,Emsland B DT,RWE Generation SE,Erdgas,372.6,359,1974,49808,FALSE,NA,NA
SEE993590107580,PSW Glems 1,EnBW Energie Baden-Württemberg AG,Pumpspeicher,45,45,1964,72555,FALSE,NA,NA
SEE998216550733,TWIN 1,Klingele Paper Weener SE & Co. KG,Abfall,4.704,4.69,2008,26826,FALSE,NA,NA
SEE998479256069,Dampfturbine III Südzucker AG Ochsenfurt,Südzucker AG,Erdgas,17.435,16.547,1987,97199,FALSE,NA,NA
SEE999539592561,Dampfturbine 12,Stadtwerke Flensburg,Erdgas,27.9,27.2,2016,24939,FALSE,NA,NA
SEE971746670720,Fankel Maschine 1,RWE Generation Hydro GmbH,Wasser,4.1,4.1,1963,56814,FALSE,NA,NA
SEE972880386287,Speicher 3,Bürgerwindpark Reußenköge GmbH & Co. KG,Batteriespeicher,20,20,2025,25821,FALSE,NA,NA
SEE963815106018,Mercer Stendal TG 2,Mercer Stendal GmbH,Biomasse,48,45.762,2004,39596,FALSE,NA,NA
SEE994477053693,Turbosatz 3,Gebr. Lang GmbH Papierfabrik,Erdgas,5.122,4.831,1985,86833,FALSE,NA,NA
SEE994826833730,Küstenkraftwerk K.I.E.L Motor 19,Stadtwerke Kiel AG,Erdgas,9.571,9.456,2018,24149,FALSE,NA,NA
SEE999588015110,Turbine 3,MHKW Müllheizkraftwerk Frankfurt am Main GmbH,Abfall,27.5,26,1986,60439,FALSE,NA,NA
SEE968984873471,P34,Caterpillar Energy Solutions,Erdgas,1.38,1.32,2007,68167,FALSE,NA,NA
SEE977514334252,Müllheizkraftwerk Offenbach Turbine 2,Energieversorgung Offenbach AG,Abfall,2.28,2.12,2006,63069,FALSE,NA,NA
SEE980645990990,W059-RD_Geb. 130/8_3001-3032,Firma Mercedes-Benz AG Werk 050 HPC NC50 LN-Nr.: 17319765,Mineraloelprodukte,9.826,9.826,2015,70327,FALSE,NA,NA
SEE983926102600,PST_210,Rolls-Royce Solutions,Erdgas,4.75,4.4175,2024,88048,FALSE,NA,NA
SEE985446296883,Neef Maschine 4,RWE Generation Hydro GmbH,Wasser,4.1,4.1,1966,56858,FALSE,NA,NA
SEE987326760026,Generator 1,Nordzucker,Erdgas,18.65,17.65,2008,31249,FALSE,NA,NA
SEE957726925516,Dampfturbineneinheit 3,Stadt Solingen,Abfall,8.3,4.44,2007,42655,FALSE,NA,NA
SEE958354990617,BES ELS,BSA Elsteraue GmbH,Batteriespeicher,20.295,20.295,2024,06729,FALSE,NA,NA
SEE959343099212,Kraftwerk Kirchlengern_GT1,Westfalen Weser Energieerzeugung GmbH & Co. KG,Erdgas,105,102,1981,32278,FALSE,NA,NA
SEE964242179781,Gersteinwerk K,RWE Generation SE,Erdgas,112.5,112,1984,59368,FALSE,NA,reserve
SEE969190320896,Pielweichs K1,Uniper Kraftwerke GmbH,Wasser,4.2,4.2,1994,94447,FALSE,NA,NA
SEE969468708715,BESS Leuna 4,Münch SmartCharge Systems GmbH,Batteriespeicher,50.94,46.332,2026,06217,FALSE,NA,NA
SEE991358537341,Enkirch Maschine 3,RWE Generation Hydro GmbH,Wasser,4.6,4.6,1966,56850,FALSE,NA,NA
SEE991939746742,Langenprozelten E F1,Donau-Wasserkraft AG,Pumpspeicher,84.2,82,1976,97737,FALSE,NA,NA
SEE992980224760,KWK Adlershof Modul 1,"BTB Blockheizkraftwerks-, Träger- und Betreibergesellschaft",Erdgas,4.502,4.39,2023,12489,FALSE,NA,NA
SEE994351082467,"Kraftwerk VI, Block 61, DT610",SYNEQT GmbH,Erdgas,35.8,35.7,2022,45772,FALSE,NA,NA
SEE996136363488,GT12,ENTEGA AG,Erdgas,47.5,46.5,2011,64293,FALSE,NA,reserve
SEE998402334093,Batterie HKW Bi Hybrid,Stadtwerke Bielefeld GmbH Assetmanagement Onshore Wind und PV (ZA),Batteriespeicher,7.5,7.5,2020,33611,FALSE,NA,NA
SEE965922127559,Trier Maschine 1,RWE Generation Hydro GmbH,Wasser,4.7,4.7,1962,54294,FALSE,NA,NA
SEE966264899036,FHKW DT5,Technische Werke Ludwigshafen am Rhein,Waerme,10,9.1443,2005,67063,FALSE,NA,NA
SEE971949289934,Prüfstand 5,Rolls-Royce Solutions Augsburg GmbH,Erdgas,3.2,3.15,2004,86165,FALSE,NA,NA
SEE974889284021,Expansionsturbinen S,ExxonMobil Production Deutschland GmbH,Sonstige Energietraeger (nicht erneuerbar),1.3,1.2,1992,26197,FALSE,NA,NA
SEE979360835242,Dampfturbineneinheit 2,Stadt Solingen,Abfall,5.3,2.8,1969,42655,FALSE,NA,NA
SEE988071059649,V159 ET,BASF SE,Sonstige Energietraeger (nicht erneuerbar),2.3,2.25,2013,67063,FALSE,NA,NA
SEE989591633753,Kraftwerk Jänschwalde Block C,Lausitz Energie Kraftwerke AG,Braunkohle,535,500,1984,03185,FALSE,NA,NA
SEE997242656822,GT 3,SWE Energie GmbH,Erdgas,33.77,33,2014,99087,FALSE,NA,NA
SEE998261618013,Turbine 1,Enertec Hameln GmbH,Abfall,8.19,4.93,1979,31789,FALSE,NA,NA
SEE998778600532,WUN Pellets - BHKW-Modul I,WUN Pellets GmbH,Erdgas,4.5,4.41,2018,95632,FALSE,NA,NA
SEE972598164399,Dampfturbine,ADM Hamburg Aktiengesellschaft,Erdgas,2.06,2.04,2009,21107,FALSE,NA,NA
SEE981003349412,T6,SWN Stadtwerke Neumünster GmbH,Abfall,23.02,14.44,2014,24534,FALSE,NA,NA
SEE991322361361,Pfreimd R1,ENGIE Deutschland Erneuerbare GmbH,Pumpspeicher,33,33,1955,92555,FALSE,NA,NA
SEE994335340088,HKW DT,Stadtwerke Frankfurt (Oder) GmbH,Braunkohle,17.5,16.958,1997,15236,FALSE,NA,NA
SEE997355230520,BHKW 1 Alfred-Leikam-Straße SHA,Haller Mobilität und Wärme GmbH,Biomasse,7.68,7.549,2018,74523,FALSE,NA,NA
SEE998292984538,illwerke vkw Kopswerk II M1,EnBW Energie Baden-Württemberg AG,Pumpspeicher,175,175,2008,A-6793,FALSE,NA,NA
SEE979257485857,Alzwerk Maschine 4,Wacker Chemie,Wasser,10.08,10.08,1923,84489,FALSE,NA,NA
SEE946501569267,TG8,INEOS SOLVENTS GERMANY GMBH,Erdgas,12.6,12,1995,47443,FALSE,NA,NA
SEE946934017984,EBS-HKW Rostock,Danpower New Energy GmbH,Abfall,22.4,18.5,2010,18147,FALSE,NA,NA
SEE990778985312,GuD West 50 Gasturbine,Volkswagen AG,Erdgas,101,101,2023,38440,FALSE,NA,NA
SEE994429144455,HKW West Block 4,Mainova AG,Erdgas,112,110.755,1994,60327,FALSE,NA,NA
SEE996357195448,Koblenz Maschine 3,RWE Generation Hydro GmbH,Wasser,4,4,1951,56073,FALSE,NA,NA
SEE973737205324,Irsching 5 GT1,Gemeinschaftskraftwerk Irsching GmbH,Erdgas,287,282,2010,85088,FALSE,NA,NA
SEE984944424651,Obervermuntwerk II Maschine 2 Turbine,EnBW Energie Baden-Württemberg AG,Pumpspeicher,190,190,2018,A-6794,FALSE,NA,NA
SEE986030306643,MHKW DTS,Entsorgungsgesellschaft Mainz mbH,Abfall,20,15,2009,55120,FALSE,NA,NA
SEE986713152253,W050-TS_Mercedes-Benz Werk Sindelfingen HKW Turbine 4,Firma Mercedes-Benz AG Werk 050 HPC NC50 LN-Nr.: 17319765,Erdgas,30,28.5,1971,71063,FALSE,NA,NA
SEE991627285584,KWK-Anlage: Generator 4 (Gas),Martinswerk GmbH,Erdgas,5,4.5,1971,50127,FALSE,NA,NA
SEE969707026280,LEV KWG G23,Currenta GmbH & Co. OHG,Steinkohle,5.8,5.484,1999,51373,FALSE,NA,NA
SEE970114818481,Kraftwerk UB DT3,K+S Minerals and Agriculture GmbH,Waerme,12.252,12,1964,36414,FALSE,NA,NA
SEE971801168636,Turboeinheit 2 Dampfturbine 40 t Gen 6 MW,Bayer AG Berlin,Erdgas,6,5.7,1973,13353,FALSE,NA,NA
SEE977934115554,HKW West M11 (2024),Gothaer Stadtwerke ENERGIE,Erdgas,2.3,2.282,2025,99867,FALSE,NA,NA
SEE978888539755,Mittel-Niederdruckdampfturbine,Stadtwerke Cottbus GmbH,Erdgas,48.9,45,1999,03052,FALSE,NA,NA
SEE980004472600,KWK Neumarkt,Pfleiderer Neumarkt GmbH,Biomasse,16.675,15.275,2001,92318,FALSE,NA,NA
SEE970377695522,Gasmotoren-Blockheizkraftwerk I (Generator 7),GLOBALFOUNDRIES Dresden Module Two LLC & Co. KG,Erdgas,3.884,3.879,1998,01468,FALSE,NA,NA
SEE974201537415,Huntorf GT,Uniper Kraftwerke GmbH,Erdgas,323,321,1978,26931,FALSE,NA,NA
SEE975343602986,KWK-Anlage: Generator 2,Martinswerk GmbH,Braunkohle,11,9.9,1961,50127,FALSE,NA,NA
SEE976549634931,SWD KWF GTKW,Stadtwerke Düsseldorf AG,Mineraloelprodukte,87.6,86.2,1972,40233,FALSE,NA,NA
SEE971686772294,Kraftwerk Teufelsbruck MS2,VERBUND Innkraftwerke GmbH,Wasser,5,5,1938,83564,FALSE,NA,NA
SEE973101826070,Kraftwerk Plattling GT,Kraftwerk Plattling GmbH,Erdgas,78.157,78.157,2010,94447,FALSE,NA,reserve
SEE977891692877,Kraftwerk Ering-Frauenstein MS2,Innwerk AG,Wasser,24.3,24.3,1942,94140,FALSE,NA,NA
SEE979353792927,Küstenkraftwerk K.I.E.L Motor 18,Stadtwerke Kiel AG,Erdgas,9.571,9.456,2018,24149,FALSE,NA,NA
SEE987197130805,Tiefstack HKW Block 20,Hamburger Energiewerke GmbH,Steinkohle,205,189,1993,22113,FALSE,NA,NA
SEE992472260238,Fernwärmekraftwerk Kassel DT1,Städtische Werke Energie + Wärme GmbH,Braunkohle,22.8,20.1,2024,34134,FALSE,NA,NA
SEE993957305321,G25,Papierfabrik Adolf Jass GmbH & Co. KG,Erdgas,14.5,13.52,1992,36039,FALSE,NA,NA
SEE994210380116,Kombi-HKW DT,Städtische Werke Energie + Wärme GmbH,Erdgas,9.83,9.76,1988,34134,FALSE,NA,NA
SEE995184714136,Solar Zerbst Batterie,Solar Zerbst GmbH & Co.KG,Batteriespeicher,17.56,17.56,2025,39261,FALSE,NA,NA
SEE998877345112,Biomethan BHKW 5 Hannover Stöcken,BEH Bioenergie Hannover GmbH,Biomasse,4.5,4.5,2024,30419,FALSE,NA,NA
SEE990521990150,GBS KW Bexbach,Iqony Battery System,Batteriespeicher,15,15,2016,66450,FALSE,NA,NA
SEE997674469793,P35,Caterpillar Energy Solutions,Erdgas,2,2,2007,68167,FALSE,NA,NA
SEE998278854237,SWM HKW Nord 3 T30,SWM Services GmbH,Abfall,27.8,22,1984,85774,FALSE,NA,NA
SEE952165584195,PSW Markersbach PSS B,Vattenfall Wasserkraft GmbH,Pumpspeicher,175,174.2,1980,08352,FALSE,NA,NA
SEE952857304476,Prüfstand 32,Everllence SE,Erdgas,1.86,1.78,2013,86153,FALSE,NA,NA
SEE971815239520,BESS - DE - ARZBERG - GMRW,MW Storage NOB GmbH,Batteriespeicher,50.5,50.5,2025,95659,FALSE,NA,NA
SEE999106955379,Tiefstack GuD GT42,Hamburger Energiewerke GmbH,Erdgas,51,50,2009,22113,FALSE,NA,NA
SEE979557573551,KIT_CN_BHKW_612,Karlsruher Institut für Technologie,Erdgas,1.999,1.98,2016,76344,FALSE,NA,NA
SEE979656996589,BioHKW Herbrechtingen GmbH,Biomasse Heizkraftwerk Herbrechtingen GmbH,Biomasse,15.7,15.7,2004,89542,FALSE,NA,NA
SEE986413873564,MHKW_Gen2,swb Entsorgung GmbH&Co. KG,Abfall,13.7,13.3,2004,28219,FALSE,NA,NA
SEE994239952295,trlyr 3,trlyr 3 GmbH & Co. KG,Batteriespeicher,10.35,10.35,2025,95369,FALSE,NA,NA
SEE994615652641,Wasserkraftwerk Langwedel,Statkraft Markets GmbH,Wasser,6.468,6.468,1958,27337,FALSE,NA,NA
SEE980794086872,Generator 4,Nordzucker AG Werk Schladen,Erdgas,9,8.5,1978,38315,FALSE,NA,NA
SEE981351966712,M_02,Ahrtal-Werke GmbH,Biomasse,2.004,2.004,2012,53474,FALSE,NA,NA
SEE985842749525,Boxberg Block N,Lausitz Energie Kraftwerke AG,Braunkohle,540,500,1979,02943,FALSE,NA,NA
SEE998526561375,SN-Süd-GUD-DT,Energieversorgung Schwerin GmbH & Co. Erzeugung KG,Erdgas,19.23,18.9034,1994,19061,FALSE,NA,NA
SEE992079247007,Gasmotoren-Blockheizkraftwerk I (Generator 8),GLOBALFOUNDRIES Dresden Module Two LLC & Co. KG,Erdgas,3.884,3.879,1998,01468,FALSE,NA,NA
SEE994080011080,Walchenseekraftwerk E Pe4,Uniper Kraftwerke GmbH,Wasser,13,13,1924,82431,FALSE,NA,NA
SEE996285049943,KW3 DT32,Kraftwerke Mainz-Wiesbaden AG,Erdgas,139.7,139.7,2001,55120,FALSE,NA,NA
SEE997706570718,GT3,CR3-Kaffeeveredelung M. Hermsen GmbH,Erdgas,5.205,5.025,2002,28237,FALSE,NA,NA
SEE998644964959,Gasturbine 1 Jena,TEAG Thüringer Energie AG,Erdgas,40,39,1996,07745,FALSE,NA,NA
SEE999790559914,BESS Jardelund,EnspireME,Batteriespeicher,48,48,2018,24994,FALSE,NA,NA
SEE950047894776,W059-RD_Geb. 122/III,Firma Mercedes-Benz AG Werk 050 HPC NC50 LN-Nr.: 17319765,Mineraloelprodukte,9.44,9.44,2014,70327,FALSE,NA,NA
SEE953784241926,PKV Dampfsammelschienen-KWK-Anlage Generator / Turbine DT 9,Papier- u. Kartonfabrik Varel GmbH & Co. KG,Waerme,13.41,13.167,2011,26316,FALSE,NA,NA
SEE954971534470,Bexbach,STEAG Power GmbH,Steinkohle,780,726,1983,66450,FALSE,NA,reserve
SEE955526290162,KIT_CN_BHKW_266_MPP2,Karlsruher Institut für Technologie,Erdgas,4.5,4.432,2016,76344,FALSE,NA,NA
SEE958335974377,Dampfturbine,IHKW Industrieheizkraftwerk Andernach GmbH,Abfall,13.7,12.5,2008,56626,FALSE,NA,NA
SEE958712241351,Batteriespeicher Marktleugast,Bayernwerk Natur GmbH,Batteriespeicher,15.12,15,2026,95352,FALSE,NA,NA
SEE989771083484,LEV KWG G02,Currenta GmbH & Co. OHG,Steinkohle,8.7,8.234,1970,51373,FALSE,NA,NA
SEE993408840296,"Kraftwerk I, EKT16",Evonik Operations GmbH,Steinkohle,46.796,45.99,1972,45772,TRUE,2024,KVBG
SEE995899706617,Gersteinwerk I GT (I1),RWE Generation SE,Erdgas,72,55,1974,59368,FALSE,NA,NA
SEE996145759296,Kraftwerk UB GT2,K+S Minerals and Agriculture GmbH,Erdgas,5.5825,5.5,2017,36414,FALSE,NA,NA
SEE998111672394,IKW Wählitz,MIBRAG GmbH,Braunkohle,35,31,1994,06679,FALSE,NA,NA
SEE960935066536,TG7,INEOS SOLVENTS GERMANY GMBH,Erdgas,12,7.5,1974,47443,FALSE,NA,NA
SEE965755251490,WKW Dettingen M1,EnBW Energie Baden-Württemberg AG,Wasser,3.6,3.6,2014,88451,FALSE,NA,NA
SEE967441234602,GT1,BP Europa SE,Erdgas,24.88,22.4,1996,49808,FALSE,NA,NA
SEE954281393200,Straubing K3,Rhein-Main-Donau GmbH,Wasser,7.1667,7.1667,1994,94315,FALSE,NA,NA
SEE960254517375,TG6,BP Europa SE,Erdgas,10.1,10.1,1996,49808,FALSE,NA,NA
SEE960652233358,Schkopau A,Saale Energie GmbH,Braunkohle,500,450,1995,06258,FALSE,NA,NA
SEE961226195928,Kraftwerk Feldkirchen MS2,VERBUND Innkraftwerke GmbH,Wasser,12.733,12.733,1970,83543,FALSE,NA,NA
SEE962934119541,HKW Charlottenburg Gasturbine 5,BEW Berliner Energie und Wärme GmbH,Erdgas,73,72,1976,10589,FALSE,NA,NA
SEE973496721325,Gersthofen M2,LEW Wasserkraft,Wasser,1.974,1.969,1901,86368,FALSE,NA,NA
SEE975561989005,Vianden M10,RWE Generation SE,Pumpspeicher,196,196,1975,9463,FALSE,NA,NA
SEE979899728817,KWK006-3,SWK ENERGIE GmbH,Erdgas,4.3,4.241,2013,47804,FALSE,NA,NA
SEE981577567892,Turbine 2,Julius Glatz,Erdgas,7.2,6.92,1955,67468,FALSE,NA,NA
SEE987278903410,Ma 4,Salzgitter Flachstahl GmbH,Sonstige Energietraeger (nicht erneuerbar),35,31.5,2022,38239,FALSE,NA,NA
SEE991316727548,Kraftwerk Gars MS1,VERBUND Innkraftwerke GmbH,Wasser,5,5,1938,83536,FALSE,NA,NA
SEE992196002671,Niederaichbach K3,Uniper Kraftwerke GmbH,Wasser,5.4,5.4,1951,84051,FALSE,NA,NA
SEE994661495704,Spitzenlastkraftwerk Veits Dieseltandem 3,Allgäuer Überlandwerk GmbH,Mineraloelprodukte,5.94,5,1978,87448,FALSE,NA,NA
SEE974949152857,Batteriespeicher,Technische Werke Ludwigshafen am Rhein,Batteriespeicher,9,9,2018,67063,FALSE,NA,NA
SEE975302241416,Walchenseekraftwerk E Pe2,Uniper Kraftwerke GmbH,Wasser,13,13,1924,82431,FALSE,NA,NA
SEE977519384276,Trier Maschiene 3,RWE Generation Hydro GmbH,Wasser,4.7,4.7,1962,54294,FALSE,NA,NA
SEE980013554151,BHKW Ford Saarlouis Modul 2,Ford-Werke GmbH,Erdgas,4.404,4.322,2016,66740,FALSE,NA,NA
SEE985205009518,Dampfturbine I Südzucker Offenau,Südzucker AG,Waerme,8.64,7.344,1971,74254,FALSE,NA,NA
SEE989756000338,Gersthofen M3,LEW Wasserkraft,Wasser,1.974,1.969,1901,86368,FALSE,NA,NA
SEE992187994404,HKW Mitte Dampfturbine,BEW Berliner Energie und Wärme GmbH,Waerme,117.16,116,1997,10179,FALSE,NA,NA
SEE998177335011,Holzkraftwerk,Stadtwerke Bielefeld GmbH Assetmanagement Onshore Wind und PV (ZA),Biomasse,1.45,1.45,2009,33611,FALSE,NA,NA
SEE998387657606,VW Baunatal Dampfturbine,VW Kraftwerk GmbH,Waerme,30.259,29.304,2013,34225,FALSE,NA,NA
SEE998559811041,NEZ Adlershof Modul 3,"BTB Blockheizkraftwerks-, Träger- und Betreibergesellschaft",Erdgas,2,1.97,2010,12489,FALSE,NA,NA
SEE999173384836,GM8,Stadtwerke Rosenheim GmbH & Co. KG,Erdgas,4.502,4.457,2022,83022,FALSE,NA,NA
SEE999195292805,016 BHKW Modul 1,Universitätsklinikum Bonn,Erdgas,2.05,2.05,2016,53127,FALSE,NA,NA
SEE967069763799,SWM Leitzach 1 M11,Stadtwerke München GmbH,Pumpspeicher,48,48,1984,83620,FALSE,NA,NA
SEE998984420832,HKW Nord Generator A,VW Kraftwerk GmbH,Waerme,68.2,61,1998,38440,FALSE,NA,NA
SEE999585452499,HKW Linden GT1,enercity AG,Erdgas,82.35,82,2011,30449,FALSE,NA,NA
SEE932484697615,SWM Leitzach 2 M22,Stadtwerke München GmbH,Pumpspeicher,22,22,1960,83620,FALSE,NA,NA
SEE939346315557,Speicher Beilrode I - Teilanlage 5,Solarpark Beilrode GmbH & Co. KG,Batteriespeicher,6.16,5.6,2025,04886,FALSE,NA,NA
SEE939662192023,Windpark Reußenköge Batteriespeicher 1,Bürgerwindpark Reußenköge GmbH & Co. KG,Batteriespeicher,6.4,6.4,2024,25821,FALSE,NA,NA
SEE941619779157,Trier Maschine 2,RWE Generation Hydro GmbH,Wasser,4.7,4.7,1962,54294,FALSE,NA,NA
SEE958909269267,IPH Ersatzbrennstoffverbrennung Turbine,Infraserv GmbH & Co. Höchst KG,Abfall,86,71,2014,65929,FALSE,NA,NA
SEE961196425506,Zeltingen Maschine 4,RWE Generation Hydro GmbH,Wasser,3.4,3.4,1964,54492,FALSE,NA,NA
SEE961202959384,PKV Dampfsammelschienen-KWK-Anlage Generator / Turbine GT 8b,Papier- u. Kartonfabrik Varel GmbH & Co. KG,Erdgas,6.24,6.127,2007,26316,FALSE,NA,NA
SEE963398776042,GT11,ENTEGA AG,Erdgas,47.5,46.5,2011,64293,FALSE,NA,reserve
SEE963962520354,BHKW1 Chemnitzer Straße 40,Freiberger Erdgas GmbH,Erdgas,4.401,4.313,2013,09599,FALSE,NA,NA
SEE965966201352,Biggekraftwerk Generator 2,BIGGE ENERGIE GmbH & Co. KG,Wasser,5,4.8,1965,57439,FALSE,NA,NA
SEE996794687834,Merching K(Ro)2,Uniper Kraftwerke GmbH,Wasser,4.5,4,1978,86504,FALSE,NA,NA
SEE997586162263,RKI Iffezheim M1,EnBW Energie Baden-Württemberg AG,Wasser,27,27,1978,76473,FALSE,NA,NA
SEE990603147649,"Heizkraftwerk Bonn-Nord, Gasturbine 1 der GuD-Anlage",Energie- und Wasserversorgung Bonn/Rhein-Sieg GmbH,Erdgas,24.7,20.5,1998,53115,FALSE,NA,NA
SEE990935582224,Kraftwerk HA GT3,K+S Minerals and Agriculture GmbH,Erdgas,6.072,6,2006,36269,FALSE,NA,NA
SEE971876915975,Gasmotoren-Blockheizkraftwerk II (Generator 1),GLOBALFOUNDRIES Dresden Module One LLC & Co. KG,Erdgas,3.832,3.772,2004,01468,FALSE,NA,NA
SEE972779194474,"Motor-Heizkraftwerk Chemnitz-Nord, Motor 5",eins energie in sachsen GmbH & Co. KG,Erdgas,12.65,12.538,2023,09114,FALSE,NA,NA
SEE977356213593,Heimbach Maschine 2,RWE Generation Hydro GmbH,Wasser,8,8,1905,52396,FALSE,NA,NA
SEE987119743892,PSW Glems 2,EnBW Energie Baden-Württemberg AG,Pumpspeicher,45,45,1964,72555,FALSE,NA,NA
SEE972356296461,Gasturbine,Cerdia Produktions GmbH,Erdgas,39.92,38.498,1998,79108,FALSE,NA,NA
SEE969540726491,IPH Strom GTX3,Infraserv GmbH & Co. Höchst KG,Erdgas,50,49.8,2011,65929,FALSE,NA,NA
SEE972180197972,Ingolstadt E K2,Donau-Wasserkraft AG,Wasser,6.7,6.6,1971,85049,FALSE,NA,NA
SEE974434785997,Kraftwerk Perach MS3,VERBUND Innkraftwerke GmbH,Wasser,6.466,6.466,1977,84567,FALSE,NA,NA
SEE975793104498,GM4,Stadtwerke Rosenheim GmbH & Co. KG,Erdgas,10.387,10.283,2013,83022,FALSE,NA,NA
SEE988996320985,P31,Caterpillar Energy Solutions,Erdgas,1.84,1.84,1994,68167,FALSE,NA,NA
SEE989785638618,Regensburg KWK 3,BMW AG,Erdgas,2.678,2.678,2012,93055,FALSE,NA,NA
SEE946709181179,"Motor-Heizkraftwerk Chemnitz-Nord, Motor 4",eins energie in sachsen GmbH & Co. KG,Erdgas,12.65,12.538,2023,09114,FALSE,NA,NA
SEE952488583202,Kraftwerk HA DT1,K+S Minerals and Agriculture GmbH,Waerme,28.504,28,1967,36269,FALSE,NA,NA
SEE957639615832,Prüfstand 15,Everllence SE,Erdgas,14,13.84,2009,86153,FALSE,NA,NA
SEE960430412456,Gasmotoren-Blockheizkraftwerk II (Generator 5),GLOBALFOUNDRIES Dresden Module One LLC & Co. KG,Erdgas,3.832,3.772,2004,01468,FALSE,NA,NA
SEE955937262338,„Turbosatz 1“,GMVA Gemeinschafts-Müll-Verbrennungsanlage Niederrhein GmbH,Abfall,25.6,21.1,2006,46049,FALSE,NA,NA
SEE957201039868,GuD Anlage DREWSEN Spezialpapiere (Gasturbine),DREWSEN Spezialpapiere GmbH & Co. KG,Erdgas,7.2,7,2000,29331,FALSE,NA,NA
SEE994418588468,Emsland C DT,RWE Generation SE,Erdgas,372.6,359,1975,49808,FALSE,NA,NA
SEE982563254987,KW2 GT26,Kraftwerke Mainz-Wiesbaden AG,Erdgas,95,90,1977,55120,FALSE,NA,NA
SEE982923767645,WKW Dettingen M3,EnBW Energie Baden-Württemberg AG,Wasser,3.6,3.6,1927,88451,FALSE,NA,NA
SEE991810618885,Fankel Maschine 4,RWE Generation Hydro GmbH,Wasser,4.1,4.1,1963,56814,FALSE,NA,NA
SEE974236609859,"Motor-Heizkraftwerk Chemnitz-Nord, Motor 6",eins energie in sachsen GmbH & Co. KG,Erdgas,12.65,12.538,2023,09114,FALSE,NA,NA
SEE977050146562,GT2,CR3-Kaffeeveredelung M. Hermsen GmbH,Erdgas,5.205,5.025,2001,28237,FALSE,NA,NA
SEE980008908440,WKW III,Alzkraftwerke Heider GmbH,Wasser,19,18.5,1920,84579,FALSE,NA,NA
SEE980130244065,BHKW 2 - GOM 1,Flughafen München GmbH,Erdgas,4.3,4.207,2014,85356,FALSE,NA,NA
SEE983509659989,BHKW KW5 52,Kraftwerke Mainz-Wiesbaden AG,Erdgas,10.02,9.93,2020,55120,FALSE,NA,NA
SEE963817764100,HKW Nord GT,Braunschweiger Versorgungs-AG & Co. KG,Erdgas,29,25,1990,38112,FALSE,NA,NA
SEE971995083203,BHKW Braunschweig,VW Kraftwerk GmbH,Erdgas,10.5,10.4,2014,38112,FALSE,NA,NA
SEE979958690659,KWK Adlershof Modul 3,"BTB Blockheizkraftwerks-, Träger- und Betreibergesellschaft",Erdgas,4.502,4.39,2023,12489,FALSE,NA,NA
SEE980976424690,PKV Dampfsammelschienen-KWK-Anlage Generator/ Turbine GT 6,Papier- u. Kartonfabrik Varel GmbH & Co. KG,Erdgas,7.9,7.662,2003,26316,FALSE,NA,NA
SEE955867610100,Batteriespeicher Premnitz,EEW Energy from Waste Premnitz GmbH,Batteriespeicher,7,7,2026,14727,FALSE,NA,NA
SEE963827374382,Kirchmöser DT,Uniper Kraftwerke GmbH,Erdgas,58,56,1994,14774,FALSE,NA,NA
SEE964290104919,BHKW KW5 53,Kraftwerke Mainz-Wiesbaden AG,Erdgas,10.02,9.93,2020,55120,FALSE,NA,NA
SEE993713255198,W050-TS_Mercedes-Benz Werk Sindelfingen HKW Turbine 5,Firma Mercedes-Benz AG Werk 050 HPC NC50 LN-Nr.: 17319765,Erdgas,21.968,19.771,1981,71063,FALSE,NA,NA
SEE995943794058,2MKA,PCK Raffinerie GmbH,Mineraloelprodukte,117,106,1998,16303,FALSE,NA,NA
SEE997470241692,Batterie Dörverden,Statkraft Markets GmbH,Batteriespeicher,5,5,2016,27313,FALSE,NA,NA
SEE998116131216,NEZ Adlershof Modul 2,"BTB Blockheizkraftwerks-, Träger- und Betreibergesellschaft",Erdgas,2,1.97,2010,12489,FALSE,NA,NA
SEE968905495126,RKI Iffezheim M4,EnBW Energie Baden-Württemberg AG,Wasser,27,27,1978,76473,FALSE,NA,NA
SEE970980016073,KWK006-1,SWK ENERGIE GmbH,Erdgas,4.3,4.241,2013,47804,FALSE,NA,NA
SEE974051053875,Turbine 4,Klingele Paper Weener SE & Co. KG,Abfall,15.6,13.85,2021,26826,FALSE,NA,NA
SEE975188536989,HKW-Römerbrücke GuD-Anlage,Energie SaarLorLux AG,Erdgas,41,40,2005,66121,FALSE,NA,NA
SEE976320012538,Block2,Salzgitter Flachstahl GmbH,Sonstige Energietraeger (nicht erneuerbar),110,97,2010,38239,FALSE,NA,NA
SEE977583940965,BHKW Hafen - Modul 7,Jäckering Mühlen- und Nährmittelwerke GmbH,Erdgas,2.193,2.176,2017,59067,FALSE,NA,NA
SEE979779484642,HKW-Römerbrücke Dampfturbinenanlage DT2,Energie SaarLorLux AG,Erdgas,56,53,1988,66121,FALSE,NA,NA
SEE989393516094,Gasturbinenkraftwerk Thyrow GT D,Lausitz Energie Kraftwerke AG,Erdgas,37.6,37.104,1987,15806,FALSE,NA,reserve
SEE992398329613,Biomasse-HKW Oberkirch,Koehler Oberkirch GmbH,Biomasse,20,20,2024,77704,FALSE,NA,NA
SEE996080766151,Waldeck 2 F2,Uniper Kraftwerke GmbH,Pumpspeicher,240,240,1974,34549,FALSE,NA,NA
SEE998534788504,Waldeck 1 Pumpspeicher,Uniper Kraftwerke GmbH,Pumpspeicher,75,75,1931,34549,FALSE,NA,NA
SEE986936308987,KWK-Anlage: Generator 1,Martinswerk GmbH,Braunkohle,11,9.9,1961,50127,FALSE,NA,NA
SEE989392899242,HKWH Gasturbine 7,Stadtwerke Kiel AG,Erdgas,5.427,5.336,2014,24116,FALSE,NA,NA
SEE963949142524,SWM Uppenborn 1 Gen2,Stadtwerke München GmbH,Wasser,8.8,8.8,1930,85368,FALSE,NA,NA
SEE964408218132,ZF-FRD-W04-G22-Prüfstand-844078,ZF Friedrichshafen AG,Mineraloelprodukte,1.672,1.672,2008,88046,FALSE,NA,NA
SEE970444408703,Kraftwerk Fulda Aggregat 3B,RhönEnergie Fulda GmbH,Mineraloelprodukte,2.845,2.76,2010,36043,FALSE,NA,NA
SEE972694764301,MHKW_Gen1,swb Entsorgung GmbH&Co. KG,Abfall,2.7,2.6,1984,28219,FALSE,NA,NA
SEE991817093418,Kraftwerk Jänschwalde Block A,Lausitz Energie Kraftwerke AG,Braunkohle,535,500,1981,03185,FALSE,NA,KVBG
SEE995833202618,TW Gottfrieding K (Ro) 1,Uniper Kraftwerke GmbH,Wasser,5,5,2009,84177,FALSE,NA,NA
SEE965203033722,BHKW Neu-Ulm M4,SWU Energie GmbH,Erdgas,2.676,2.622,2021,89231,FALSE,NA,NA
SEE965730885047,Vianden M1,RWE Generation SE,Pumpspeicher,100,100,1962,9463,FALSE,NA,NA
SEE966202630769,BHKW Hastedt Motor 09,swb Erzeugung AG & Co. KG,Erdgas,11.8096,11.6794,2022,28207,FALSE,NA,NA
SEE988465448257,Dessau K(Ro)2,Uniper Kraftwerke GmbH,Wasser,4.2,3.433,1967,86977,FALSE,NA,NA
SEE988616317180,Generator 4,Infraserv GmbH & Co. Wiesbaden KG,Erdgas,11.66,11.41,1996,65203,FALSE,NA,NA
SEE991039408854,Gasturbine 1,Universitätsklinkum Freiburg und Bad Krozingen,Erdgas,5.6,5.49,2001,79106,FALSE,NA,NA
SEE966521084113,Fankel Maschine 3,RWE Generation Hydro GmbH,Wasser,4.1,4.1,1963,56814,FALSE,NA,NA
SEE967078876749,Straubing K2,Rhein-Main-Donau GmbH,Wasser,7.1667,7.1667,1994,94315,FALSE,NA,NA
SEE969698095906,FHKW DT6,Technische Werke Ludwigshafen am Rhein,Waerme,6,5.4866,2018,67063,FALSE,NA,NA
SEE970143794190,Gasmotoren-Blockheizkraftwerk II (Generator 8),GLOBALFOUNDRIES Dresden Module One LLC & Co. KG,Erdgas,3.832,3.772,2004,01468,FALSE,NA,NA
SEE970554561831,Kraftwerk HA DT2,K+S Minerals and Agriculture GmbH,Waerme,22.5,21.375,2017,36269,FALSE,NA,NA
SEE982798043462,ZF-FRD-W04-G32-Prüfstand-A01,ZF Friedrichshafen AG,Mineraloelprodukte,1.756,1.756,2022,88046,FALSE,NA,NA
SEE982694984074,BHKW 1,Universitätsklinkum Freiburg und Bad Krozingen,Erdgas,2.028,1.999,2015,79106,FALSE,NA,NA
SEE987807988154,Audorf GT,Uniper Kraftwerke GmbH,Mineraloelprodukte,90,90,2004,24783,FALSE,NA,NA
SEE976107471893,bnBm GasKW BIB GT11,RWE Generation SE,Erdgas,34.8,34.4,2023,68647,FALSE,NA,reserve
SEE976415135319,BHKW Kre,Cargill Deutschland GmbH,Erdgas,14.33,14,1996,47809,FALSE,NA,NA
SEE977956291342,BHKW Ford Saarlouis Modul 1,Ford-Werke GmbH,Erdgas,4.404,4.322,2016,66740,FALSE,NA,NA
SEE982367992610,Franken GT2,Uniper Kraftwerke GmbH,Erdgas,58,53,1975,90449,FALSE,NA,NA
SEE995527175044,Gasmotoren-Blockheizkraftwerk I (Generator 9),GLOBALFOUNDRIES Dresden Module Two LLC & Co. KG,Erdgas,3.884,3.879,1998,01468,FALSE,NA,NA
SEE999117793854,Weisweiler H VGT,RWE Power AG,Erdgas,202,200,2006,52249,FALSE,NA,NA
SEE976392258995,Geisling K2,Rhein-Main-Donau GmbH,Wasser,8.333,8.333,1985,93102,FALSE,NA,NA
SEE980461358011,BESS Leuna 1,Münch NatureDepot GmbH,Batteriespeicher,50.94,46.332,2026,06217,FALSE,NA,NA
SEE986461420765,W059-RD_Geb. 122/1,Firma Mercedes-Benz AG Werk 050 HPC NC50 LN-Nr.: 17319765,Mineraloelprodukte,4.344,4.344,2015,70327,FALSE,NA,NA
SEE987970110314,Trianel Gaskraftwerk Hamm Block 10,Trianel Gaskraftwerk Hamm,Erdgas,453,445,2007,59071,FALSE,NA,NA
SEE990151320914,KWK-Anlage,Binderholz Kösching GmbH,Biomasse,15.13,15.13,2007,85092,FALSE,NA,NA
SEE992491089179,F18BHKW,Henkel AG & Co. KGaA,Erdgas,1.999,1.968,2016,40589,FALSE,NA,NA
SEE992625046054,Mühltal F2,Uniper Kraftwerke GmbH,Wasser,3.73,3.73,2011,82064,FALSE,NA,NA
SEE992841152355,Gasturbinenkraftwerk Thyrow GT A,Lausitz Energie Kraftwerke AG,Erdgas,37.6,37.104,1987,15806,FALSE,NA,reserve
SEE994422897143,"HKW Pfaffenwald, Generator 60",Universität Stuttgart,Erdgas,12.4,11.6,1968,70569,FALSE,NA,NA
SEE997562455938,BHKW Obere Viehweide M1 (Waldhäuser Str 100),Stadtwerke Tübingen GmbH,Erdgas,3.352,3.293,2013,72076,FALSE,NA,NA
SEE987679030500,Gasmotoren-Blockheizkraftwerk I (Generator 3),GLOBALFOUNDRIES Dresden Module Two LLC & Co. KG,Erdgas,3.884,3.879,1998,01468,FALSE,NA,NA
SEE987143958569,PSW Hohenwarte 2 PSS G,Vattenfall Wasserkraft GmbH,Pumpspeicher,40,39.7,1966,07338,FALSE,NA,NA
SEE988933769624,ZF-FRD-W04-G32-Prüfstand-B01,ZF Friedrichshafen AG,Mineraloelprodukte,1.756,1.756,2021,88046,FALSE,NA,NA
SEE992769312817,Kraftwerk UB GT1,K+S Minerals and Agriculture GmbH,Erdgas,5.0243,4.95,2016,36414,FALSE,NA,NA
SEE997722783727,Dornau K1,Uniper Kraftwerke GmbH,Wasser,12,10.945,1960,86956,FALSE,NA,NA
SEE997894865399,Kraftwerk UB DT2,K+S Minerals and Agriculture GmbH,Waerme,5,4.5,1971,36414,FALSE,NA,NA
SEE998204314217,PST_209,Rolls-Royce Solutions,Erdgas,4.75,4.4175,2023,88048,FALSE,NA,NA
SEE979958390276,Emsland D DT,RWE Generation SE,Erdgas,345.135,340,2010,49808,FALSE,NA,NA
SEE983237534152,GT11800,INEOS Manufacturing Deutschland,Erdgas,32,29.989,2022,50769,FALSE,NA,NA
SEE985143270643,BHKW Neu-Ulm M1,SWU Energie GmbH,Erdgas,2.676,2.622,2021,89231,FALSE,NA,NA
SEE986249505394,Heizkraftwerk Leipzig Nord DT8C,Stadtwerke Leipzig GmbH,Erdgas,26.11,25.609,2022,04105,FALSE,NA,NA
SEE997867646000,"Heizkraftwerk Bonn-Nord, Dampfturbine GuD-Anlage",Energie- und Wasserversorgung Bonn/Rhein-Sieg GmbH,Erdgas,62,62,2013,53115,FALSE,NA,NA
SEE990760688887,MHKW EBT,Entsorgungsgesellschaft Mainz mbH,Abfall,5,5,2003,55120,FALSE,NA,NA
SEE997770651436,BHKW KW5 57,Kraftwerke Mainz-Wiesbaden AG,Erdgas,10.02,9.93,2020,55120,FALSE,NA,NA
SEE999735538103,Fankel Maschine 2,RWE Generation Hydro GmbH,Wasser,4.1,4.1,1963,56814,FALSE,NA,NA
SEE990635906900,W059-RD_Beb. 122/4,Firma Mercedes-Benz AG Werk 050 HPC NC50 LN-Nr.: 17319765,Mineraloelprodukte,7.862,7.862,2015,70327,FALSE,NA,NA
SEE990811648037,KW Häusern MS B2,Schluchseewerk AG,Pumpspeicher,30,30,1932,79837,FALSE,NA,NA
SEE992738364885,PSW Hohenwarte 2 PSS F,Vattenfall Wasserkraft GmbH,Pumpspeicher,40,39.7,1966,07338,FALSE,NA,NA
SEE997526539162,Kraftwerk-Kirchlengern_GT2,Energieservice Westfalen Weser GmbH,Mineraloelprodukte,19.5,19,1973,32278,TRUE,2026,other
SEE965777272787,Walchenseekraftwerk E Pe1,Uniper Kraftwerke GmbH,Wasser,13,13,1924,82431,FALSE,NA,NA
SEE987993663941,Querdel SKW Biomethan3,Querdel Energie GmbH,Biomasse,3.352,3.352,2023,48336,FALSE,NA,NA
SEE990877363660,GTS1,Crespel & Deiters GmbH & Co. KG,Erdgas,1.14,1.088,1994,49479,FALSE,NA,NA
SEE991039363757,Gersthofen BS1,LEW Wasserkraft,Batteriespeicher,12.52,12.52,2025,86368,FALSE,NA,NA
SEE994055148599,Heizkraftwerk an der Friedensbrücke DampfturbineIV,Stadtwerke Würzburg AG,Erdgas,20.5,20.5,2021,97080,FALSE,NA,NA
SEE998802179607,BMHKW Horn,Kraftwerk Horn GmbH,Biomasse,25.7,21.2,2000,32805,FALSE,NA,NA
SEE974189836364,PSW Goldisthal PSS B,Vattenfall Wasserkraft GmbH,Pumpspeicher,265,263,2003,98746,FALSE,NA,NA
SEE970401548961,GuD Steinitz - HKW 2,Neptune Energy Deutschland GmbH,Erdgas,5.8,5.8,1994,29410,FALSE,NA,NA
SEE976877764072,BHKW 2 - GOM 2,Flughafen München GmbH,Erdgas,4.3,4.207,2014,85356,FALSE,NA,NA
SEE979557966681,BHKW KW5 55,Kraftwerke Mainz-Wiesbaden AG,Erdgas,10.02,9.93,2020,55120,FALSE,NA,NA
SEE982412379564,BHKW Hafen - Modul 6,Jäckering Mühlen- und Nährmittelwerke GmbH,Erdgas,1.415,1.398,2017,59067,FALSE,NA,NA
SEE985412461604,GTS2,Crespel & Deiters GmbH & Co. KG,Erdgas,1.14,1.1229,1994,49479,FALSE,NA,NA
SEE989462539771,BESS Groß Laasch,TEP Juno GmbH & Co. KG,Batteriespeicher,13.416,13.416,2026,19288,FALSE,NA,NA
SEE981832585265,Walchenseekraftwerk D F3,Uniper Kraftwerke GmbH,Wasser,18,18,1924,82431,FALSE,NA,NA
SEE982218176312,HKW Buch Dampfturbine,BEW Berliner Energie und Wärme GmbH,Waerme,5,5,2005,13125,FALSE,NA,NA
SEE983006552202,PSW Markersbach PSS F,Vattenfall Wasserkraft GmbH,Pumpspeicher,175,174.2,1980,08352,FALSE,NA,NA
SEE994984344970,Walchenseekraftwerk D F4,Uniper Kraftwerke GmbH,Wasser,18,18,1924,82431,FALSE,NA,NA
SEE995570780608,BHKW Ford Saarlouis Modul 3,Ford-Werke GmbH,Erdgas,4.404,4.322,2016,66740,FALSE,NA,NA
SEE989745723057,Kraftwerk Teufelsbruck MS1,VERBUND Innkraftwerke GmbH,Wasser,5,5,1938,83564,FALSE,NA,NA
SEE997585564112,illwerke vkw Rodundwerk II M1,EnBW Energie Baden-Württemberg AG,Pumpspeicher,295,295,2011,A-6773,FALSE,NA,NA
SEE988580370860,Turbosatz 4,EEW Energy from Waste Premnitz GmbH,Abfall,1.5,1.35,2005,14727,FALSE,NA,NA
SEE991539102320,Dinslakener Holz-Energiezentrum CTE,DHE Dinslakener Holz-Energiezentrum GmbH & Co. KG,Biomasse,21.975,19.882,2025,46535,FALSE,NA,NA
SEE993970035267,BESS - Batteriespeicher,SchwörerHaus KG,Batteriespeicher,3.78,3.78,2024,72531,FALSE,NA,NA
SEE994027750690,W050-TS_Mercedes-Benz Werk Sindelfingen HKW Turbine 3,Firma Mercedes-Benz AG Werk 050 HPC NC50 LN-Nr.: 17319765,Erdgas,5,4.75,1971,71063,FALSE,NA,NA
SEE999181532861,HKWH Gasturbine 5,Stadtwerke Kiel AG,Erdgas,5.52,5.424,2005,24116,FALSE,NA,NA
SEE900073920406,T5,NA,Steinkohle,21.8,20.365,1983,24534,TRUE,2021,other
SEE903181060330,BHKW - Hüttenfeld 18,NA,Erdgas,60,60,2012,51427,TRUE,2022,other
SEE904421343152,Weisweiler E,NA,Braunkohle,375,321,1965,52249,TRUE,2022,KVBG
SEE905554171988,Hafen Block 6,NA,Steinkohle,330,303,1979,28237,TRUE,2021,KVBG
SEE907162822238,Wilhelmshaven 1 DT,NA,Steinkohle,782,715,1976,26386,TRUE,2021,KVBG
SEE910102553963,Gasturbinenanlage Castrop-Rauxel,NA,Erdgas,10.3,10,1992,44579,TRUE,2026,other
SEE918056935682,"Kraftwerk III, DT310",NA,Erdgas,35.45,35.45,1973,45772,TRUE,2025,other
SEE921472787742,illwerke vkw Vermuntwerk M3,NA,Wasser,30,30,1930,A-6794,TRUE,2026,other
SEE921706084241,GT22,NA,Mineraloelprodukte,30,29.4,2008,42275,TRUE,2023,EnWG
SEE931736847297,Neurath D,NA,Braunkohle,647,607,1975,41517,TRUE,2024,KVBG
SEE901120268069,"Kraftwerk I, GT11",NA,Steinkohle,18.4,18.4,1942,45772,TRUE,2024,KVBG
SEE904088512342,Kraftwerk Marbach MAR 3 DT,NA,Mineraloelprodukte,275,263.5,1975,71672,TRUE,2024,EnWG
SEE904194792843,KWM Block 3,NA,Steinkohle,750,690,1979,31249,TRUE,2024,KVBG
SEE905484009146,HKW Charlottenburg Gasturbine 6,NA,Mineraloelprodukte,68,67,1976,10589,TRUE,2018,EnWG
SEE908048039481,HKW Reuter Dampfturbine C,NA,Steinkohle,132,124,1969,13599,TRUE,2019,EnWG
SEE937157344278,Kraftwerk Walheim Block 1,NA,Steinkohle,107,96,1964,74399,TRUE,2024,EnWG
SEE941305896496,Turbine 7,NA,Biomasse,18,14.5,2002,31789,TRUE,2024,EnWG
SEE941974735591,Rauchgasturbine,NA,Braunkohle,15,13,1998,03052,TRUE,2022,EnWG
SEE957900196671,Kraftwerk Marbach GT 2,NA,Mineraloelprodukte,77.8,77.4,1971,71672,TRUE,2024,EnWG
SEE959000487536,HKW West Block 1,NA,Steinkohle,153,138.5,1985,38440,TRUE,2024,KVBG
SEE959837176825,S300 VT2,NA,Waerme,29,28.5,1964,67063,TRUE,2024,EnWG
SEE901344829220,Bestandsanlage_HKW_Aalen,NA,Erdgas,23,15,1960,73432,TRUE,2021,EnWG
SEE904968236689,Kraftwerk Farge,NA,Steinkohle,380,350,1969,28777,TRUE,2024,KVBG
SEE920837459195,HKW Nord Generator B,NA,Steinkohle,68.2,61,1998,38440,TRUE,2024,other
SEE924647197780,Dortmund DT,NA,Erdgas,11.4,11.4,2013,44143,TRUE,2022,EnWG
SEE935395375856,Generator 2,NA,Erdgas,12.56,11.56,1984,31249,TRUE,2022,other
SEE938923083674,"Kraftwerk I, T14",NA,Steinkohle,63.2,55.56,1971,45772,TRUE,2024,KVBG
SEE939468630132,Heizkraftwerk Leipzig Nord DT83,NA,Waerme,45.6,44.414,1996,04105,TRUE,2021,other
SEE948546582201,IPH Strom VT2,NA,Erdgas,18.56,17.38,1983,65929,TRUE,2026,other
SEE950041295098,GTKW Wedel,NA,Mineraloelprodukte,55,51,1972,22880,TRUE,2025,other
SEE964729462818,Kraftwerk Jänschwalde Block F,NA,Braunkohle,535,500,1989,03185,TRUE,2024,other
SEE965779402670,MHKW Pirmasens Verbrennung,NA,Abfall,17.75,15,1999,66954,TRUE,2022,other
SEE901786750397,Niederaußem E,NA,Braunkohle,324,295,1970,50129,TRUE,2024,other
SEE907142597378,KWD Bestandsanlage,NA,Erdgas,49.189,48.279,2005,06130,TRUE,2020,other
SEE923577153439,"Kraftwerk I,  T15",NA,Steinkohle,76.1,68.4,1983,45772,TRUE,2024,KVBG
SEE933685962403,Weisweiler F,NA,Braunkohle,361,321,1967,52249,TRUE,2025,KVBG
SEE937128904463,ST_BHKW_T9,NA,Biomasse,19.47,17.523,2019,63811,TRUE,2024,EnWG
SEE943690268513,Isar 2,NA,Kernenergie,1485,1410,1988,84051,TRUE,2023,other
SEE945212899878,HKW Wilmersdorf Gasturbine 3,NA,Mineraloelprodukte,93,92,1977,14199,TRUE,2021,EnWG
SEE952266131625,"Kraftwerk I, KT13",NA,Steinkohle,21,20.514,1949,45772,TRUE,2024,KVBG
SEE963541517812,Irsching 3,NA,Mineraloelprodukte,440,415,1974,85088,TRUE,2024,EnWG
SEE977258693776,Wilhelmshaven 1 ZT,NA,Steinkohle,140,140,1998,26386,TRUE,2021,KVBG
SEE978327902850,Westfalen E,NA,Steinkohle,800,763.7,2014,59071,TRUE,2021,KVBG
SEE917033307511,UER N230 VST4,NA,Erdgas,14.9,13.3,1967,47829,TRUE,2026,other
SEE923082939436,"HKW Chemnitz Nord II, Block B",NA,Braunkohle,67,58.172,1988,09114,TRUE,2023,EnWG
SEE925694194494,UPM Augsburg Gaskraftwerk,NA,Erdgas,31,29.5,1992,86153,TRUE,2023,other
SEE927528071629,Gundremmingen C,NA,Kernenergie,1344,1288,1984,89355,TRUE,2022,other
SEE934668342441,HKW - K6 DT2,NA,Steinkohle,19.2,17.4,1979,91052,TRUE,2020,EnWG
SEE949123804273,Gasturbine 2 - GuD MPE,NA,Erdgas,14.25,14.05,2005,33699,TRUE,2021,other
SEE953373967701,"Kraftwerk I, GT9",NA,Steinkohle,15.75,15.75,1941,45772,TRUE,2024,KVBG
SEE968950464368,KW Hastedt Block 15,NA,Steinkohle,130,119,1989,28207,TRUE,2024,EnWG
SEE973768834586,PSW Niederwartha PSS D,NA,Pumpspeicher,20,19.9,1958,01156,TRUE,2024,EnWG
SEE978389589440,Walsum 9,NA,Steinkohle,410,370,1988,47179,TRUE,2021,KVBG
SEE907150117643,Neurath A,NA,Braunkohle,294,294,1972,41517,TRUE,2022,KVBG
SEE907223904750,SWM HKW Sued GuD1 DT1,NA,Erdgas,82.7,79.7,1980,81371,TRUE,2024,EnWG
SEE923485223774,Fenne MKV Gasturbine,NA,Mineraloelprodukte,35,34.86,1982,66333,TRUE,2025,EnWG
SEE933174373390,PSW Hohenwarte 1 PSS A,NA,Pumpspeicher,30,29.9,1959,07338,TRUE,2024,other
SEE933960350956,"HKW Chemnitz Nord II, Block C",NA,Braunkohle,100,92.332,1990,09114,TRUE,2024,EnWG
SEE934361309352,"Kraftwerk III, GT312",NA,Erdgas,79,77.567,1974,45772,TRUE,2025,other
SEE934897209904,Wilhelmshaven GT,NA,Mineraloelprodukte,57,56,1976,26386,TRUE,2024,EnWG
SEE974753539035,Turbine 6,NA,Steinkohle,29.7,26.9,1990,75175,TRUE,2022,EnWG
SEE981220191160,HKW Oberkirch,NA,Steinkohle,20,18.5,1987,77704,TRUE,2024,KVBG
SEE902840312209,S300 NKT,NA,Waerme,40,39,1964,67063,TRUE,2023,other
SEE907396256311,Solvay Rb TA8,NA,Waerme,28,28,1962,47495,TRUE,2019,other
SEE918337255669,Turbine 6,NA,Waerme,20,18,1969,76187,TRUE,2021,other
SEE923480721565,A855 GT1,NA,Erdgas,48,47,1992,67063,TRUE,2022,EnWG
SEE930228090937,Niederaußem F,NA,Braunkohle,334,299,1971,50129,TRUE,2024,other
SEE945161671891,HKW Moabit Gasturbine 7,NA,Mineraloelprodukte,17,17,1971,13353,TRUE,2020,EnWG
SEE945959654273,"Kraftwerk II, T26",NA,Steinkohle,67.001,62.401,1966,45772,TRUE,2017,EnWG
SEE956656118067,HKW Wilmersdorf Gasturbine 2,NA,Mineraloelprodukte,93,92,1977,14199,TRUE,2021,EnWG
SEE957029086662,illwerke vkw Vermuntwerk M4,NA,Wasser,30,30,1930,A-6794,TRUE,2026,other
SEE984037976906,"Kraftwerk III, GT311",NA,Erdgas,62.56,61.127,1973,45772,TRUE,2025,other
SEE989054024678,Scholven FWK,NA,Steinkohle,70,70,1985,45896,TRUE,2023,EnWG
SEE937052769589,Heyden 4,NA,Steinkohle,920,875,1987,32469,TRUE,2024,KVBG
SEE956973616802,LEV KWG G12,NA,Steinkohle,18,17.235,1958,51373,TRUE,2025,other
SEE962845122456,SWD KWF T4,NA,Biomasse,50,48.9,1955,40233,TRUE,2025,EnWG
SEE963177319026,Turbine 4,NA,Erdgas,16.7,16,1980,75175,TRUE,2022,EnWG
SEE963909310185,HKW Moabit Gasturbine 5,NA,Mineraloelprodukte,17,17,1971,13353,TRUE,2025,EnWG
SEE969074173341,Ma 3,NA,Sonstige Energietraeger (nicht erneuerbar),40,35,1941,38239,TRUE,2025,EnWG
SEE975094128629,HKW Mitte Kessel 12,NA,Erdgas,22.4,20,1971,38114,TRUE,2024,EnWG
SEE983424047212,HKW GT,NA,Erdgas,25,24.5,1997,15236,TRUE,2022,other
SEE990357023541,illwerke vkw Vermuntwerk M5,NA,Wasser,37,37,1930,A-6794,TRUE,2026,other
SEE991559435767,"Kraftwerk I, KT5",NA,Steinkohle,16,15.638,1940,45772,TRUE,2024,KVBG
SEE992973663477,Heizkraftwerk Stuttgart-Münster GT 16,NA,Mineraloelprodukte,23.3,23.3,1974,70376,TRUE,2022,EnWG
SEE964114029633,Kraftwerk Walheim Block 2,NA,Steinkohle,160,148,1967,74399,TRUE,2025,EnWG
SEE967478674402,HKW Wilmersdorf Gasturbine 1,NA,Mineraloelprodukte,93,92,1977,14199,TRUE,2018,EnWG
SEE972367491114,PSW Niederwartha PSS C,NA,Pumpspeicher,20,19.9,1958,01156,TRUE,2024,EnWG
SEE972461974179,Heizkraftwerk Hagen-Kabel H5,NA,Erdgas,124.5,121,1981,58099,TRUE,2025,EnWG
SEE976414005279,Neurath E,NA,Braunkohle,645,604,1976,41517,TRUE,2024,KVBG
SEE978971638464,Neurath C,NA,Braunkohle,316,292,1973,41517,TRUE,2024,other
SEE990438768378,Dampfturbine 8,NA,Steinkohle,35.9,32.9,1985,24939,TRUE,2024,other
SEE994549176695,EVA,NA,Grubengas,30,30,1984,49479,TRUE,2021,other
SEE997988564504,BKR Gasturbine,NA,Erdgas,11.4,11.344,2006,55543,TRUE,2024,other
SEE987407788451,Heizkraftwerk Hagen Kabel H4,NA,Erdgas,129.5,126,1981,58099,TRUE,2025,EnWG
SEE907933719545,Kraftwerk Herrenhausen Block B,NA,Erdgas,120,110,1974,30419,TRUE,2021,EnWG
SEE909323889876,Boehringer Ingelheim - 2336 - K8/T7,NA,Biomasse,12.672,11.922,1983,55218,TRUE,2024,other
SEE917432813484,HKW West Block 2,NA,Steinkohle,153,138.5,1985,38440,TRUE,2024,KVBG
SEE944567587799,Emsland A,NA,Kernenergie,1406,1336,1988,49811,TRUE,2023,other
SEE946537967655,Hochdruckdampfturbine,NA,Braunkohle,17.8,16,1999,03052,TRUE,2022,EnWG
SEE951462745445,Brokdorf,NA,Kernenergie,1480,1410,1986,25576,TRUE,2022,other
SEE985577062814,GKN II,NA,Kernenergie,1400,1310,1989,74382,TRUE,2023,other
SEE992750539261,Frimmersdorf P,NA,Braunkohle,333,284,1966,41517,TRUE,2021,other
SEE994761683902,Dortmund GT,NA,Erdgas,14.5,14,2013,44143,TRUE,2022,EnWG
SEE997842921603,EVE Premnitz,NA,Abfall,25,25,2009,14727,TRUE,2021,other
SEE999848168525,Moorburg Block B,NA,Steinkohle,860,800,2015,21079,TRUE,2021,KVBG
SEE979012663285,Neurath B,NA,Braunkohle,318,294,1972,41517,TRUE,2022,KVBG
SEE988668060393,Turbine 31,NA,Sonstige Energietraeger (nicht erneuerbar),33.6,33.6,1967,50769,TRUE,2026,other
SEE996231694999,Dampfturbine WSK Kuhheide 1,NA,Abfall,14,13.3,2011,16303,TRUE,2018,other
SEE998469801279,MVB Borsigstraße Holz,NA,Biomasse,20,18.2,2005,22113,TRUE,2023,other
SEE994506958166,PSW Hohenwarte 1 PSS B,NA,Pumpspeicher,30,29.9,1959,07338,TRUE,2024,other
SEE996990805407,HKW Mitte Kessel 1,NA,Steinkohle,49.4,44.5,1985,38114,TRUE,2024,EnWG
SEE998945127831,Heizkraftwerk II,NA,Erdgas,26.8,26.38,1996,46145,TRUE,2020,EnWG
SEE999431209765,Frimmersdorf Q,NA,Braunkohle,321,278,1970,41517,TRUE,2021,other
SEE966083015792,GT21,NA,Mineraloelprodukte,30,29.4,2008,42275,TRUE,2023,EnWG
SEE967605837250,Niederaußem C,NA,Braunkohle,333,295,1965,50129,TRUE,2022,KVBG
SEE970816213751,Ibbenbüren B,NA,Steinkohle,838,794,1985,49479,TRUE,2021,KVBG
SEE972471937317,Moorburg Block A,NA,Steinkohle,860,800,2015,21079,TRUE,2021,KVBG
SEE985047526785,Kraftwerk Jänschwalde Block E,NA,Braunkohle,535,500,1987,03185,TRUE,2024,other
SEE992645841813,HKW Moabit Gasturbine 6,NA,Mineraloelprodukte,17,17,1971,13353,TRUE,2025,EnWG
SEE993836152862,"Kraftwerk I, KT7",NA,Steinkohle,18,17.572,1941,45772,TRUE,2024,KVBG
SEE999977738880,IKW Deuben,NA,Braunkohle,78,67,1936,06682,TRUE,2022,KVBG
BNA0302,Frimmersdorf,NA,Braunkohle,146,129,1957,41517,TRUE,2011,other
BNA0303,Frimmersdorf,NA,Braunkohle,147,130,1957,41517,TRUE,2011,other
BNA0304,Frimmersdorf,NA,Braunkohle,143,124,1960,41517,TRUE,2011,other
BNA0414,Westfalen,NA,Steinkohle,160,152,1963,59071,TRUE,2011,other
BNA0415,Westfalen,NA,Steinkohle,160,152,1963,59071,TRUE,2011,other
BNA0011,Papierfabrik Albbruck,NA,Steinkohle,28,28,2009,79774,TRUE,2012,other
BNA1337a,Heizkraftwerk,NA,Erdgas,27.29,27,NA,63741,TRUE,2012,other
BNA0710,Niederaußem,NA,Braunkohle,140,125,1963,50129,TRUE,2012,other
BNA0711,Niederaußem,NA,Braunkohle,140,125,1963,50129,TRUE,2012,other
BNA0118,Heizkraftwerk Süd,NA,Erdgas,15.7,14.4,1969,53121,TRUE,2012,other
BNA0212,HKW II/B,NA,Steinkohle,144,133,1965,47053,TRUE,2012,other
BNA1021,Weisweiler,NA,Braunkohle,146,123,1955,52249,TRUE,2012,other
BNA1022,Weisweiler,NA,Braunkohle,155,135,1959,52249,TRUE,2012,other
BNA0269,HKW Flensburg,NA,Mineraloelprodukte,30,30,1974,24939,TRUE,2012,other
BNA0307,Frimmersdorf,NA,Braunkohle,144,128,1960,41517,TRUE,2012,other
BNA0308,Frimmersdorf,NA,Braunkohle,152,136,1962,41517,TRUE,2012,other
BNA0305,Frimmersdorf,NA,Braunkohle,146,130,1959,41517,TRUE,2012,other
BNA0306,Frimmersdorf,NA,Braunkohle,151,132,1960,41517,TRUE,2012,other
BNA0309,Frimmersdorf,NA,Braunkohle,153,135,1964,41517,TRUE,2012,other
BNA0310,Frimmersdorf,NA,Braunkohle,155,138,1962,41517,TRUE,2012,other
BNA0311,Frimmersdorf,NA,Braunkohle,147,131,1962,41517,TRUE,2012,other
BNA0312,Frimmersdorf,NA,Braunkohle,149,133,1964,41517,TRUE,2012,other
BNA0376,Staudinger,NA,Steinkohle,320,293,1970,63538,TRUE,2012,other
BNA0639,HKW Mannheim,NA,Abfall,9,5.56,1977,68169,TRUE,2012,other
BNA0812,Kraftwerk Veltheim,NA,Steinkohle,100,93,1965,32457,TRUE,2012,other
BNA0913,GuD Anlage Spreetal,NA,Erdgas,55,50,2009,2979,TRUE,2012,other
BNA0680,Mumsdorf,NA,Braunkohle,72,60,1968,4613,TRUE,2013,EnWG
BNA0059a,HKW Kassel,NA,Erdgas,13.2,12.2,1961,34225,TRUE,2013,other
BNA0143,KW Mittelsbüren,NA,Sonstige Energietraeger (nicht erneuerbar),110,110,1974,28237,TRUE,2013,other
BNA0187,Datteln,NA,Steinkohle,95,95,1964,45711,TRUE,2013,other
BNA0188,Datteln,NA,Steinkohle,95,95,1964,45711,TRUE,2013,other
BNA0189,Datteln,NA,Steinkohle,95,113,1969,45711,TRUE,2013,other
BNA0375,Staudinger,NA,Steinkohle,270,249,1965,63538,TRUE,2013,other
BNA0448,Shamrock,NA,Steinkohle,162,132,1957,44653,TRUE,2013,other
BNA0638,HKW Mannheim,NA,Abfall,4.5,2.78,1966,68169,TRUE,2013,other
BNA1275,Kraftwerk Weinheim,NA,Erdgas,21,21,2005,69469,TRUE,2013,other
BNA1276,Kraftwerk Weinheim,NA,Erdgas,21,21,1982,69469,TRUE,2013,other
BNA0203,Knepper,NA,Steinkohle,370,345,1971,44357,TRUE,2014,EnWG
BNA0215,KW Walsum,NA,Steinkohle,150,129,1959,47179,TRUE,2014,EnWG
BNA0333,Scholven,NA,Steinkohle,370,345,1970,45896,TRUE,2014,EnWG
BNA0334,Scholven,NA,Steinkohle,370,345,1971,45896,TRUE,2014,EnWG
BNA0335,Scholven,NA,Steinkohle,740,676,1979,45896,TRUE,2014,EnWG
BNA0447,KW Herne,NA,Steinkohle,150,133,1963,44653,TRUE,2014,EnWG
BNA0918a,Dow Stade,NA,Erdgas,193,190,1972,21683,TRUE,2014,EnWG
BNA1035,Kraftwerk Werdohl-Elverlingsen,NA,Steinkohle,200,186,1971,58791,TRUE,2014,EnWG
BNA1338,Spitzenkraftwerk,NA,Mineraloelprodukte,19.6,19,1978,94469,TRUE,2014,other
BNA0933,Heizkraftwerk Stuttgart-Gaisburg,NA,Erdgas,60,55,1973,70376,TRUE,2014,other
BNA0099,Gasturbinenkraftwerk Bielefeld Ummeln,NA,Erdgas,55,55,1975,33649,TRUE,2015,EnWG
BNA0355,Grafenrheinfeld,NA,Kernenergie,1345,1275,1982,97506,TRUE,2015,EnWG
BNA0490b,Goldenberg,NA,Braunkohle,45,45,1993,50354,TRUE,2015,EnWG
BNA0642,GKM,NA,Steinkohle,220,202.5,1966,68199,TRUE,2015,EnWG
BNA0643,GKM,NA,Steinkohle,220,202.5,1970,68199,TRUE,2015,EnWG
BNA0681,Freimann GT 1,NA,Erdgas,81,80,1975,80807,TRUE,2015,EnWG
BNA0682,Freimann GT 2,NA,Erdgas,81,80,1975,80807,TRUE,2015,EnWG
BNA0813,Kraftwerk Veltheim,NA,Steinkohle,320,303,1970,32457,TRUE,2015,EnWG
BNA0810,Kraftwerk Veltheim,NA,Erdgas,65,65,1974,32457,TRUE,2015,EnWG
BNA0811,Kraftwerk Veltheim,NA,Erdgas,340,335,1975,32457,TRUE,2015,EnWG
BNA0922a,GuD-Ikw Staßfurt,NA,Erdgas,9,9,1996,39418,TRUE,2015,other
BNA0080,Lichterfelde,NA,Erdgas,150,144,1973,12207,TRUE,2016,EnWG
BNA0140,KW Hastedt,NA,Erdgas,163,155,1972,28207,TRUE,2016,EnWG
BNA0145,KW Hafen,NA,Steinkohle,145,127,1968,28237,TRUE,2016,EnWG
BNA0273,Heizkraftwerk FL,NA,Steinkohle,38,35,1982,24939,TRUE,2016,EnWG
BNA0274,Heizkraftwerk FL,NA,Steinkohle,26,23,1978,24939,TRUE,2016,EnWG
BNA0289a,HKW West,NA,Sonstige Energietraeger (nicht erneuerbar),20,19.7,1954,60627,TRUE,2016,EnWG
BNA0413a,Westfalen,NA,Steinkohle,305,284,1969,59071,TRUE,2016,EnWG
BNA0735,Thyrow,NA,Erdgas,38,37.5,1989,15806,TRUE,2016,EnWG
BNA0736,Thyrow,NA,Erdgas,38,37.5,1989,15806,TRUE,2016,EnWG
BNA0737,Thyrow,NA,Erdgas,38,37.5,1989,15806,TRUE,2016,EnWG
BNA0799,Heizkraftwerk Pforzheim GmbH,NA,Erdgas,12.8,11.3,1969,75175,TRUE,2016,EnWG
BNA0413b,Westfalen,NA,Steinkohle,800,765,2014,59071,TRUE,2016,other
BNA1225,PWG,NA,Erdgas,5.5,5.3,1989,82380,TRUE,2016,other
BNA1226,PWG,NA,Erdgas,5.5,5.3,1987,82380,TRUE,2016,other
BNA0161,Brunsbüttel,NA,Mineraloelprodukte,64,63.5,1973,25541,TRUE,2017,EnWG
BNA0162,Brunsbüttel,NA,Mineraloelprodukte,64,63.5,1973,25541,TRUE,2017,EnWG
BNA0163,Brunsbüttel,NA,Mineraloelprodukte,64,63.5,1973,25541,TRUE,2017,EnWG
BNA0164,Brunsbüttel,NA,Mineraloelprodukte,64,63.5,1973,25541,TRUE,2017,EnWG
BNA0288,HKW Niederrad,NA,Erdgas,60,56,1973,60528,TRUE,2017,EnWG
BNA0449,KW Herne,NA,Steinkohle,310,280,1966,44653,TRUE,2017,EnWG
BNA0661,Kraftwerk II,NA,Steinkohle,65.8,60.4,1966,45772,TRUE,2017,EnWG
BNA0989,KW West,NA,Steinkohle,356,318,1971,46562,TRUE,2017,EnWG
BNA0990,KW West,NA,Steinkohle,356,322,1971,46562,TRUE,2017,EnWG
BNA0991,KW Voerde,NA,Steinkohle,761,695,1982,46562,TRUE,2017,EnWG
BNA0992,KW Voerde,NA,Steinkohle,761,695,1985,46562,TRUE,2017,EnWG
BNA1127,GHD,NA,Erdgas,6.8,6.7,1997,84130,TRUE,2017,other
BNA1128,GHD,NA,Erdgas,6.8,6.7,1997,84130,TRUE,2017,other
BNA0381,Kernkraft Gundremmingen,NA,Kernenergie,1344,1284,1984,89355,TRUE,2018,other
BNA0076,Lichterfelde,NA,Erdgas,150,144,1974,12207,TRUE,2018,EnWG
BNA0083,Wilmersdorf,NA,Mineraloelprodukte,300,92,1977,14199,TRUE,2018,EnWG
BNA0110,Bochum,NA,Erdgas,21,20.7,2004,44799,TRUE,2018,EnWG
BNA0211,HKW I,NA,Steinkohle,105,95,1985,47053,TRUE,2018,EnWG
BNA0252,Kraftwerk Ensdorf,NA,Steinkohle,310,283,2011,66806,TRUE,2018,EnWG
BNA0253,Kraftwerk Ensdorf,NA,Steinkohle,120,106,1963,66806,TRUE,2018,EnWG
BNA0544,HKW Südstadt,NA,Erdgas,36.6,35,1994,50677,TRUE,2018,EnWG
BNA0618,KW Lünen,NA,Steinkohle,157,149,1962,44536,TRUE,2018,EnWG
BNA0619,KW Lünen,NA,Steinkohle,350,324,1970,44536,TRUE,2018,EnWG
BNA1200,GuD-Kraftwerk,NA,Erdgas,17.5,17.2,2005,68305,TRUE,2018,EnWG
BNA0934,Heizkraftwerk Stuttgart-Gaisburg,NA,Steinkohle,22.6,22.6,2009,70376,TRUE,2018,EnWG
BNA1037,Kraftwerk Werdohl-Elverlingsen,NA,Steinkohle,330,310,1982,58791,TRUE,2018,EnWG
BNA1041,Gersteinwerk,NA,Erdgas,55,55,1973,59368,TRUE,2018,EnWG
BNA0012d,Werkskraftwerk Sappi Alfeld,NA,Mineraloelprodukte,2.8,2.8,1994,31061,TRUE,2018,other
BNA0255,HKW Iderhoffstraße,NA,Erdgas,12,11,1996,99085,TRUE,2018,other
BNA1294,EEV,NA,Mineraloelprodukte,39.2,38,1994,21107,TRUE,2018,other
BNA0075,Lichterfelde,NA,Erdgas,150,144,1972,12207,TRUE,2019,EnWG
BNA0082,Reuter,NA,Steinkohle,132,124,1969,13599,TRUE,2019,EnWG
BNA0178,HKW Chemnitz  Nord II,NA,Erdgas,67,57.2,1986,9114,TRUE,2019,EnWG
BNA0221c,Gasblock,NA,Erdgas,300,293,1977,40221,TRUE,2019,EnWG
BNA0343,Heizkraftwerk Gera-Nord,NA,Erdgas,74,74,1996,7546,TRUE,2019,EnWG
BNA0526,Gemeinschaftskraftwerk Kiel,NA,Steinkohle,350,323,1970,24149,TRUE,2019,EnWG
BNA0753,HKW 2,NA,Erdgas,25,24.5,1996,46147,TRUE,2019,EnWG
BNA1046a,Gersteinwerk,NA,Steinkohle,665.5,614,1984,59368,TRUE,2019,EnWG
BNA1084,HKW Elberfeld,NA,Steinkohle,102,85,1992,42117,TRUE,2019,EnWG
BNA0802,Kernkraftwerk Philippsburg 2,NA,Kernenergie,1468,1402,1985,76661,TRUE,2020,other
BNA0705,Niederaußem D,NA,Braunkohle,320,297,1968,50129,TRUE,2021,KVBG
BNA0439,Buschhaus,NA,Braunkohle,390,352,1985,38350,TRUE,2020,KVBG
BNA1183,Heizkraftwerk Merheim,NA,Erdgas,17.4,15.8,2001,51109,TRUE,2020,KVBG
BNA0199,Dormagen,NA,Erdgas,597,24,2000,41539,TRUE,2021,KVBG
BNA0292,Fab Frechen,NA,Braunkohle,202,120,1962,50226,TRUE,2023,KVBG
