nr_MASTR,nr_betreiber,energie_type,verknuepfte_einheiten,name,einspeisung,leistung_brutto,plz,landkreis,ort,strasse,hausnummer,bundesland,laenge,breite,jahr_inbetriebnahme,jahr_stillgelegt,stillgelegt,name_KW,nr_KW,energietraeger
SEE968950464368,NA,Verbrennung,SEE968950464368,KW Hastedt Block 15,Teileinspeisung (einschließlich Eigenverbrauch),130000,28207,Bremen,Bremen,Hastedter Osterdeich,255,Bremen,8.873,53.06,1989,2024,TRUE,KW Hastedt,KWK949752343204,Steinkohlen
SEE941568476039,ABR984625094685,Verbrennung,SEE941568476039,Turbosatz 1,NA,56000,50735,Köln,Köln,Geestemünder Str.,23,Nordrhein-Westfalen,6.951,51.004,1998,NA,FALSE,RMVA Köln,KWK904784130994,"Abfall (Hausmüll, Siedl.abf.)"
SEE942956157011,ABR984625094685,Verbrennung,NA,Turbosatz 2,Teileinspeisung (einschließlich Eigenverbrauch),31760,50735,Köln,Köln,Geestemünder Str.,23,Nordrhein-Westfalen,6.951,51.004,2017,NA,FALSE,Turbosatz 2,NA,NA
SEE954086855965,ABR939623529011,Verbrennung,"SEE954086855965, SEE995943794058, SEE906257837416",1MKA,Teileinspeisung (einschließlich Eigenverbrauch),117000,16303,Uckermark,Schwedt,Passower Chaussee,111,Brandenburg,14.231664,53.092839,1998,NA,FALSE,IKS,KWK900687803676,Andere Mineralölprodukte
SEE907389779292,ABR967895852209,Verbrennung,"SEE907389779292, SEE985842749525, SEE908125004449",Boxberg Block Q,Teileinspeisung (einschließlich Eigenverbrauch),893000,02943,Görlitz,Boxberg,Am Kraftwerk,1,Sachsen,14.567034,51.419203,2000,NA,FALSE,Boxberg,KWK949609166567,Rohbraunkohlen
SEE995943794058,ABR939623529011,Verbrennung,"SEE954086855965, SEE995943794058, SEE906257837416",2MKA,Teileinspeisung (einschließlich Eigenverbrauch),117000,16303,Uckermark,Schwedt,Passower Chaussee,111,Brandenburg,14.23483,53.098691,1998,NA,FALSE,IKS,KWK900687803676,Andere Mineralölprodukte
SEE951648072822,ABR951084327968,Verbrennung,SEE951648072822,ZASt,Teileinspeisung (einschließlich Eigenverbrauch),13700,98544,Schmalkalden-Meiningen,Zella-Mehlis,Am Schießstand,15,Thüringen,10.688,50.638,2007,NA,FALSE,RABA,KWK913593197296,"Abfall (Hausmüll, Siedl.abf.)"
SEE932127408097,ABR997638965736,Verbrennung,SEE932127408097,Generator Zorbau,Teileinspeisung (einschließlich Eigenverbrauch),29680,06686,Burgenlandkreis,Lützen,Bayerische Straße,20,Sachsen-Anhalt,12.018939,51.18179,2005,NA,FALSE,Thermische Abfallverwertungsanlage Zorbau,KWK959344327550,"Abfall (Hausmüll, Siedl.abf.)"
SEE982512881400,ABR998231634548,Verbrennung,SEE982512881400,"HKW, Dampfturbine 2",Teileinspeisung (einschließlich Eigenverbrauch),20900,86152,Augsburg,Augsburg,Franziskanergasse,9,Bayern,10.927486,48.363869,1976,NA,FALSE,Heizkraftwerk Franziskanergasse,KWK967774602154,"Erdgas, Erdölgas"
SEE918373264410,ABR998231634548,Verbrennung,SEE918373264410,BHKW GT-Ost,Teileinspeisung (einschließlich Eigenverbrauch),31000,86167,Augsburg,Augsburg,Beim Grenzgraben,10,Bayern,10.93575,48.4009,2004,NA,FALSE,BHKW GT-Ost,KWK999188080211,"Erdgas, Erdölgas"
SEE978389589440,NA,Verbrennung,SEE978389589440,Walsum 9,Teileinspeisung (einschließlich Eigenverbrauch),410000,47179,Duisburg,Duisburg,Dr.-Wilhelm-Roelen-Str.,129,Nordrhein-Westfalen,6.716699,51.528149,1988,2021,TRUE,Walsum,KWK951742869786,Steinkohlen
SEE961620762023,ABR969596914101,Verbrennung,SEE961620762023,DA_HKW_01,Teileinspeisung (einschließlich Eigenverbrauch),10300,64293,Darmstadt,Darmstadt,Frankfurter Straße,250,Hessen,8.654,49.898,1999,NA,FALSE,DA_HKW_01,KWK954921423069,"Erdgas, Erdölgas"
SEE964745752825,ABR966662532191,Verbrennung,SEE964745752825,HKW III  Block A,Teileinspeisung (einschließlich Eigenverbrauch),35600,47249,Duisburg,Duisburg,Wanheimer Str.,439,Nordrhein-Westfalen,6.748049,51.39025,1974,NA,FALSE,NA,KWK950271843519,"Erdgas, Erdölgas"
SEE923082939436,NA,Verbrennung,SEE923082939436,"HKW Chemnitz Nord II, Block B",Teileinspeisung (einschließlich Eigenverbrauch),67000,09114,Chemnitz,Chemnitz,Dammweg,10,Sachsen,12.923188,50.856892,1988,2023,TRUE,HKW Chemnitz Nord II,KWK931064594016,Rohbraunkohlen
SEE907524301289,ABR967789784395,Verbrennung,SEE907524301289,T/G 15,Teileinspeisung (einschließlich Eigenverbrauch),12000,46147,Oberhausen,Oberhausen,Otto-Roelen-Strasse,3,Nordrhein-Westfalen,6.798,51.525,1954,NA,FALSE,Kraftwerk Werk Ruhrchemie,KWK910297976318,Andere Mineralölprodukte
SEE921785427038,ABR967789784395,Verbrennung,NA,T/G 6,Teileinspeisung (einschließlich Eigenverbrauch),21500,46147,Oberhausen,Oberhausen,Otto-Roelen-Strasse,3,Nordrhein-Westfalen,6.798,51.525,1951,NA,FALSE,Kraftwerk Werk Ruhrchemie,NA,Andere Mineralölprodukte
SEE942845579245,ABR990282855972,Verbrennung,SEE942845579245,KWK Hiltrop,Volleinspeisung,45000,44805,Bochum,Bochum,In der Grume,5,Nordrhein-Westfalen,7.25,51.508,1975,NA,FALSE,HKW Hiltrop,KWK908261344942,"Erdgas, Erdölgas"
SEE907223904750,NA,Verbrennung,"SEE907223904750, SEE901789931854, SEE985585573104",SWM HKW Sued GuD1 DT1,Teileinspeisung (einschließlich Eigenverbrauch),82700,81371,München,München,Schäftlarnstraße,15,Bayern,11.530264,48.096649,1980,2023,TRUE,SWM HKW Sued GuD1,KWK995778931840,"Erdgas, Erdölgas"
SEE901789931854,ABR948070381080,Verbrennung,"SEE907223904750, SEE901789931854, SEE985585573104",SWM HKW Sued GuD1 GT2,Teileinspeisung (einschließlich Eigenverbrauch),98900,81371,München,München,Schäftlarnstraße,15,Bayern,11.5555,48.114,1980,NA,FALSE,SWM HKW Sued GuD1,KWK995778931840,"Erdgas, Erdölgas"
SEE942366584926,ABR948070381080,Verbrennung,SEE942366584926,SWM HKW Nord 1 T10,Teileinspeisung (einschließlich Eigenverbrauch),22050,85774,München,Unterföhring,Münchner Straße,22,Bayern,11.64,48.18,1991,NA,FALSE,SWM HKW Nord 1,KWK920844507568,"Abfall (Hausmüll, Siedl.abf.)"
SEE945217244789,ABR948070381080,Verbrennung,"SEE945217244789, SEE920560912882",SWM HKW Freimann GT11,Teileinspeisung (einschließlich Eigenverbrauch),53151,80807,München,München,Frankfurter Ring,181,Bayern,11.596,48.189,2021,NA,FALSE,SWM HKW Freimann,KWK916599402302,"Erdgas, Erdölgas"
SEE917096062495,ABR908736090923,Verbrennung,SEE917096062495,KWK Anlage Großenkneten,Teileinspeisung (einschließlich Eigenverbrauch),30496,26197,Oldenburg,Großenkneten,Vor dem Esch,12,Niedersachsen,8.225,52.956,2014,NA,FALSE,KWK Anlage Großenkneten,KWK934988292334,"Erdgas, Erdölgas"
SEE915885358156,ABR966662532191,Verbrennung,"SEE915885358156, SEE922855765289, SEE916495905242",HKW III  Block B,Volleinspeisung,75300,47249,Duisburg,Duisburg,Wanheimer Str.,439,Nordrhein-Westfalen,6.747913,51.390069,2004,NA,FALSE,NA,KWK942852697482,"Erdgas, Erdölgas"
SEE922855765289,ABR966662532191,Verbrennung,"SEE915885358156, SEE922855765289, SEE916495905242",HKW III  Block B,Volleinspeisung,75300,47249,Duisburg,Duisburg,Wanheimer Str.,439,Nordrhein-Westfalen,6.747734,51.389863,2004,NA,FALSE,NA,KWK942852697482,"Erdgas, Erdölgas"
SEE916495905242,ABR966662532191,Verbrennung,"SEE915885358156, SEE922855765289, SEE916495905242",HKW III  Block B,Volleinspeisung,88300,47249,Duisburg,Duisburg,Wanheimer Str.,439,Nordrhein-Westfalen,6.74809,51.390483,2005,NA,FALSE,NA,KWK942852697482,Dampf (zum Beispiel Prozesswärme)
SEE965660903200,ABR916198639970,Verbrennung,"SEE965660903200, SEE985036646654, SEE930647914081, SEE962395118756, SEE924562445072, SEE963438570067, SEE939899660715, SEE923793340132",Gasmotoren-Heizkraftwerk Dresden-Reick - Aggregat I,Volleinspeisung,11760,01277,Dresden,Dresden,Liebstädter Straße,1,Sachsen,13.7845,51.0255,2022,NA,FALSE,Gasmotoren-Heizkraftwerk Dresden-Reick,KWK989610056372,"Erdgas, Erdölgas"
SEE990065849372,ABR926212047155,Verbrennung,"SEE990065849372, SEE971796321603",TS I,Teileinspeisung (einschließlich Eigenverbrauch),11500,97076,Würzburg,Würzburg,Gattingerstraße,31,Bayern,9.994387,49.793019,1984,NA,FALSE,Müllheizkraftwerk Würzburg,KWK915694127066,"Abfall (Hausmüll, Siedl.abf.)"
SEE971796321603,ABR926212047155,Verbrennung,"SEE990065849372, SEE971796321603",TS II,Teileinspeisung (einschließlich Eigenverbrauch),16000,97076,Würzburg,Würzburg,Gattingerstraße,31,Bayern,9.994387,49.793019,1998,NA,FALSE,Müllheizkraftwerk Würzburg,KWK915694127066,"Abfall (Hausmüll, Siedl.abf.)"
SEE987970110314,ABR921787700689,Verbrennung,NA,Trianel Gaskraftwerk Hamm Block 10,Volleinspeisung,453000,59071,Hamm,Hamm,Trianelstraße,1,Nordrhein-Westfalen,7.92948,51.673373,2007,NA,FALSE,Trianel Gaskraftwerk Hamm Block 10,NA,"Erdgas, Erdölgas"
SEE900628853036,ABR921787700689,Verbrennung,NA,Trianel Gaskraftwerk Hamm Block 20,Volleinspeisung,453000,59071,Hamm,Hamm,Trianelstraße,1,Nordrhein-Westfalen,7.928453,51.673745,2007,NA,FALSE,Trianel Gaskraftwerk Hamm Block 20,NA,"Erdgas, Erdölgas"
SEE917943562765,ABR967988325672,Verbrennung,"SEE917943562765, SEE915289541482, SEE994429144455, SEE957769851605, SEE973558674446, SEE918810715130, SEE900931819460, SEE975123428881, SEE920100405072",HKW West Block 2,Volleinspeisung,69500,60327,Frankfurt am Main,Frankfurt,Gutleutstraße,231,Hessen,8.653,50.099,1990,NA,FALSE,11WD2FFW-000203E,KWK943123692861,Steinkohlen
SEE915289541482,ABR967988325672,Verbrennung,"SEE917943562765, SEE915289541482, SEE994429144455, SEE957769851605, SEE973558674446, SEE918810715130, SEE900931819460, SEE975123428881, SEE920100405072",HKW West Block 3,Volleinspeisung,69500,60327,Frankfurt am Main,Frankfurt,Gutleutstraße,231,Hessen,8.653,50.099,1990,NA,FALSE,11WD2FFW-000203E,KWK943123692861,Steinkohlen
SEE994429144455,ABR967988325672,Verbrennung,"SEE917943562765, SEE915289541482, SEE994429144455, SEE957769851605, SEE973558674446, SEE918810715130, SEE900931819460, SEE975123428881, SEE920100405072",HKW West Block 4,Volleinspeisung,112000,60327,Frankfurt am Main,Frankfurt,Gutleutstraße,231,Hessen,8.653,50.099,1994,NA,FALSE,11WD2FFW-000203E,KWK943123692861,"Erdgas, Erdölgas"
SEE971867565370,ABR967988325672,Verbrennung,SEE971867565370,HKW Niederrad Block 1,Volleinspeisung,71000,60528,Frankfurt am Main,Frankfurt,Lyoner Straße,8,Hessen,8.628,50.086,2005,NA,FALSE,11WD2NDR-000204Q,KWK922047055426,"Erdgas, Erdölgas"
SEE957769851605,ABR967988325672,Verbrennung,"SEE917943562765, SEE915289541482, SEE994429144455, SEE957769851605, SEE973558674446, SEE918810715130, SEE900931819460, SEE975123428881, SEE920100405072",HKW West Turbine 5,Teileinspeisung (einschließlich Eigenverbrauch),39300,60327,Frankfurt am Main,Frankfurt,Gutleutstraße,231,Hessen,8.653,50.099,2017,NA,FALSE,NA,KWK943123692861,"Erdgas, Erdölgas"
SEE976907281142,ABR950874485017,Verbrennung,SEE976907281142,HKW Dessau,Volleinspeisung,39836,06842,Dessau-Roßlau,Dessau-Roßlau,An der Fine,4,Sachsen-Anhalt,12.231,51.827,1996,NA,FALSE,HKW Dessau,KWK987777965735,"Erdgas, Erdölgas"
SEE911283118750,ABR925961980751,Verbrennung,SEE911283118750,Industriekraftwerk Greifswald GmbH,Volleinspeisung,39000,17509,Vorpommern-Greifswald,Lubmin,Am Hafen,2,Mecklenburg-Vorpommern,13.656585,54.151185,2013,2025,TRUE,Industriekraftwerk Greifswald,KWK938577707599,"Erdgas, Erdölgas"
SEE963398776042,ABR960504436517,Verbrennung,NA,GT11,Volleinspeisung,47500,64293,Darmstadt,Darmstadt,Frankfurter Straße,100,Hessen,8.649203,49.885663,2011,NA,FALSE,GTKW Darmstadt,NA,"Erdgas, Erdölgas"
SEE996136363488,ABR960504436517,Verbrennung,NA,GT12,Volleinspeisung,47500,64293,Darmstadt,Darmstadt,Frankfurter Straße,100,Hessen,8.648995,49.885606,2011,NA,FALSE,GTKW Darmstadt,NA,"Erdgas, Erdölgas"
SEE991633857065,ABR972884522681,Verbrennung,"SEE991633857065, SEE924909675933, SEE953872640426, SEE973987115114",GUD-1-1 (GT1),Teileinspeisung (einschließlich Eigenverbrauch),32000,48155,Münster,Münster,Am Mittelhafen,11,Nordrhein-Westfalen,7.64,51.951,2005,NA,FALSE,Heizkraftwerk Hafen der Stadtwerke Münster GmbH,KWK951692106092,"Erdgas, Erdölgas"
SEE924909675933,ABR972884522681,Verbrennung,"SEE991633857065, SEE924909675933, SEE953872640426, SEE973987115114",GUD-1-2 (GT2),Teileinspeisung (einschließlich Eigenverbrauch),32000,48155,Münster,Münster,Am Mittelhafen,11,Nordrhein-Westfalen,7.64,51.951,2005,NA,FALSE,Heizkraftwerk Hafen der Stadtwerke Münster GmbH,KWK951692106092,"Erdgas, Erdölgas"
SEE953872640426,ABR972884522681,Verbrennung,"SEE991633857065, SEE924909675933, SEE953872640426, SEE973987115114",Dampfturbine,Teileinspeisung (einschließlich Eigenverbrauch),38000,48155,Münster,Münster,Am Mittelhafen,11,Nordrhein-Westfalen,7.64,51.951,2005,NA,FALSE,Heizkraftwerk Hafen der Stadtwerke Münster GmbH,KWK951692106092,Dampf (zum Beispiel Prozesswärme)
SEE915645322953,ABR900449927985,Verbrennung,"SEE915645322953, SEE924373150776, SEE959229794460, SEE997242656822, SEE908964165929",GT 1,Volleinspeisung,23914,99087,Erfurt,Erfurt,Stotternheimer Straße,40,Thüringen,11.039645,51.018355,1999,NA,FALSE,GuD Erfurt-Ost,KWK938150504461,"Erdgas, Erdölgas"
SEE912906399075,ABR944468185339,Verbrennung,SEE912906399075,HKW Eltmann,Volleinspeisung,75185,97483,Haßberge,Eltmann,Industriestraße,23,Bayern,10.654,49.984,2017,NA,FALSE,HKW Eltmann,KWK950085263466,"Erdgas, Erdölgas"
SEE995077047419,ABR944468185339,Verbrennung,SEE995077047419,HKW Wörth,Volleinspeisung,90784,76744,Germersheim,Wörth,Am Oberwald,2,Rheinland-Pfalz,8.302,49.068,2007,NA,FALSE,HKW Wörth,KWK957885749022,"Erdgas, Erdölgas"
SEE924373150776,ABR900449927985,Verbrennung,"SEE915645322953, SEE924373150776, SEE959229794460, SEE997242656822, SEE908964165929",GT 2,Volleinspeisung,23914,99087,Erfurt,Erfurt,Stotternheimer Straße,40,Thüringen,11.039289,51.018295,1999,NA,FALSE,GuD Erfurt-Ost,KWK938150504461,"Erdgas, Erdölgas"
SEE959229794460,ABR900449927985,Verbrennung,"SEE915645322953, SEE924373150776, SEE959229794460, SEE997242656822, SEE908964165929",DT,Volleinspeisung,34000,99087,Erfurt,Erfurt,Stotternheimer Straße,40,Thüringen,11.039319,51.0186,1999,NA,FALSE,GuD Erfurt-Ost,KWK938150504461,"Erdgas, Erdölgas"
SEE997242656822,ABR900449927985,Verbrennung,"SEE915645322953, SEE924373150776, SEE959229794460, SEE997242656822, SEE908964165929",GT 3,Volleinspeisung,33770,99087,Erfurt,Erfurt,Stotternheimer Straße,40,Thüringen,11.040481,51.018416,2014,NA,FALSE,GuD Erfurt-Ost,KWK938150504461,"Erdgas, Erdölgas"
SEE960317505882,ABR969565067944,Verbrennung,NA,GT 1,Volleinspeisung,23200,83734,Miesbach,Hausham,Brentenstraße,3,Bayern,11.84,47.752,1982,NA,FALSE,1,NA,"Heizöl, leicht"
SEE925076352665,ABR969565067944,Verbrennung,NA,GT 2,Volleinspeisung,23200,83734,Miesbach,Hausham,Brentenstraße,3,Bayern,11.84,47.752,1982,NA,FALSE,GT 2,NA,"Heizöl, leicht"
SEE981924913907,ABR969565067944,Verbrennung,NA,GT 3,Volleinspeisung,23200,83734,Miesbach,Hausham,Brentenstraße,3,Bayern,11.84,47.752,1982,NA,FALSE,GT 3,NA,"Heizöl, leicht"
SEE905937514456,ABR969565067944,Verbrennung,NA,GT 4,Volleinspeisung,23200,83734,Miesbach,Hausham,Brentenstraße,3,Bayern,11.84,47.752,1982,NA,FALSE,4,NA,"Heizöl, leicht"
SEE960352714492,ABR924916206922,Verbrennung,"SEE960352714492, SEE978399772948, SEE968471468838, SEE994055644299",GT11,Volleinspeisung,28500,42275,Wuppertal,Wuppertal,Am Clef,32,Nordrhein-Westfalen,7.2,51.269,2005,NA,FALSE,HKW Barmen,KWK942506343840,"Erdgas, Erdölgas"
SEE978399772948,ABR924916206922,Verbrennung,"SEE960352714492, SEE978399772948, SEE968471468838, SEE994055644299",GT12,Volleinspeisung,28500,42275,Wuppertal,Wuppertal,Am Clef,32,Nordrhein-Westfalen,7.2,51.269,2005,NA,FALSE,HKW Barmen,KWK942506343840,"Erdgas, Erdölgas"
SEE968471468838,ABR924916206922,Verbrennung,"SEE960352714492, SEE978399772948, SEE968471468838, SEE994055644299",DT23,Volleinspeisung,30000,42275,Wuppertal,Wuppertal,Am Clef,32,Nordrhein-Westfalen,7.2,51.269,2005,NA,FALSE,HKW Barmen,KWK942506343840,"Erdgas, Erdölgas"
SEE966083015792,NA,Verbrennung,NA,GT21,Volleinspeisung,30000,42275,Wuppertal,Wuppertal,Am Clef,32,Nordrhein-Westfalen,7.2,51.269,2008,2023,TRUE,HKW Barmen,NA,"Heizöl, leicht"
SEE921706084241,NA,Verbrennung,NA,GT22,Volleinspeisung,30000,42275,Wuppertal,Wuppertal,Am Clef,32,Nordrhein-Westfalen,7.2,51.269,2008,2023,TRUE,HKW Barmen,NA,"Heizöl, leicht"
SEE937052769589,NA,Verbrennung,NA,Heyden 4,Volleinspeisung,920000,32469,Minden-Lübbecke,Petershagen,Kraftwerksiedlung,2,Nordrhein-Westfalen,8.997,52.379,1987,2024,TRUE,Kraftwerk Heyden,NA,Steinkohlen
SEE967279432140,ABR993122874003,Verbrennung,"SEE967279432140, SEE983237534152",GT13800,Volleinspeisung,38000,50769,Köln,Köln,Alte Str.,201,Nordrhein-Westfalen,6.847,51.068,2025,NA,FALSE,Dampfkessel 7,KWK961032614552,Sonstige hergestellte Gase
SEE907667929555,ABR916198639970,Verbrennung,SEE907667929555,HKW Dresden-Nord,Volleinspeisung,12000,01099,Dresden,Dresden,Hermann-Mende-Straße,2,Sachsen,13.764808,51.086773,2018,NA,FALSE,HKW Dresden-Nord,KWK955648604502,"Erdgas, Erdölgas"
SEE985036646654,ABR916198639970,Verbrennung,"SEE965660903200, SEE985036646654, SEE930647914081, SEE962395118756, SEE924562445072, SEE963438570067, SEE939899660715, SEE923793340132",Gasmotoren-Heizkraftwerk Dresden-Reick - Aggregat II,Volleinspeisung,11760,01277,Dresden,Dresden,Liebstädter Straße,1,Sachsen,13.7845,51.0255,2022,NA,FALSE,Gasmotoren-Heizkraftwerk Dresden-Reick,KWK989610056372,"Erdgas, Erdölgas"
SEE930647914081,ABR916198639970,Verbrennung,"SEE965660903200, SEE985036646654, SEE930647914081, SEE962395118756, SEE924562445072, SEE963438570067, SEE939899660715, SEE923793340132",Gasmotoren-Heizkraftwerk Dresden-Reick - Aggregat III,Volleinspeisung,11760,01277,Dresden,Dresden,Liebstädter Straße,1,Sachsen,13.7845,51.0255,2022,NA,FALSE,Gasmotoren-Heizkraftwerk Dresden-Reick,KWK989610056372,"Erdgas, Erdölgas"
SEE962395118756,ABR916198639970,Verbrennung,"SEE965660903200, SEE985036646654, SEE930647914081, SEE962395118756, SEE924562445072, SEE963438570067, SEE939899660715, SEE923793340132",Gasmotoren-Heizkraftwerk Dresden-Reick - Aggregat IV,Volleinspeisung,11760,01277,Dresden,Dresden,Liebstädter Straße,1,Sachsen,13.7845,51.0255,2022,NA,FALSE,Gasmotoren-Heizkraftwerk Dresden-Reick,KWK989610056372,"Erdgas, Erdölgas"
SEE924562445072,ABR916198639970,Verbrennung,"SEE965660903200, SEE985036646654, SEE930647914081, SEE962395118756, SEE924562445072, SEE963438570067, SEE939899660715, SEE923793340132",Gasmotoren-Heizkraftwerk Dresden-Reick - Aggregat V,Volleinspeisung,11760,01277,Dresden,Dresden,Liebstädter Straße,1,Sachsen,13.7845,51.0255,2022,NA,FALSE,Gasmotoren-Heizkraftwerk Dresden-Reick,KWK989610056372,"Erdgas, Erdölgas"
SEE963438570067,ABR916198639970,Verbrennung,"SEE965660903200, SEE985036646654, SEE930647914081, SEE962395118756, SEE924562445072, SEE963438570067, SEE939899660715, SEE923793340132",Gasmotoren-Heizkraftwerk Dresden-Reick - Aggregat VI,Volleinspeisung,11760,01277,Dresden,Dresden,Liebstädter Straße,1,Sachsen,13.7845,51.0255,2022,NA,FALSE,Gasmotoren-Heizkraftwerk Dresden-Reick,KWK989610056372,"Erdgas, Erdölgas"
SEE939899660715,ABR916198639970,Verbrennung,"SEE965660903200, SEE985036646654, SEE930647914081, SEE962395118756, SEE924562445072, SEE963438570067, SEE939899660715, SEE923793340132",Gasmotoren-Heizkraftwerk Dresden-Reick - Aggregat VII,Volleinspeisung,11760,01277,Dresden,Dresden,Liebstädter Straße,1,Sachsen,13.7845,51.0255,2022,NA,FALSE,Gasmotoren-Heizkraftwerk Dresden-Reick,KWK989610056372,"Erdgas, Erdölgas"
SEE923793340132,ABR916198639970,Verbrennung,"SEE965660903200, SEE985036646654, SEE930647914081, SEE962395118756, SEE924562445072, SEE963438570067, SEE939899660715, SEE923793340132",Gasmotoren-Heizkraftwerk Dresden-Reick - Aggregat VIII,Volleinspeisung,11760,01277,Dresden,Dresden,Liebstädter Straße,1,Sachsen,13.7845,51.0255,2022,NA,FALSE,Gasmotoren-Heizkraftwerk Dresden-Reick,KWK989610056372,"Erdgas, Erdölgas"
SEE983237534152,ABR993122874003,Verbrennung,"SEE967279432140, SEE983237534152",GT11800,Volleinspeisung,32000,50769,Köln,Köln,Alte Str.,201,Nordrhein-Westfalen,6.847,51.068,2022,NA,FALSE,Dampfkessel 7,KWK961032614552,"Erdgas, Erdölgas"
SEE961029163353,ABR992494053870,Verbrennung,SEE961029163353,Trianel Kohlekraftwerk Lünen,Volleinspeisung,812000,44536,Unna,Lünen,Frydagstraße,40,Nordrhein-Westfalen,7.464,51.612,2013,NA,FALSE,Trianel Kohlekraftwerk Lünen,KWK923678984031,Steinkohlen
SEE980378557088,NA,Verbrennung,SEE980378557088,KWK-Vaillant Nordring,Teileinspeisung (einschließlich Eigenverbrauch),25967,46240,Bottrop,Bottrop,NA,NA,Nordrhein-Westfalen,NA,NA,2014,2021,TRUE,KWK-Vaillant Nordring,KWK941063885220,"Erdgas, Erdölgas"
SEE964073339897,ABR994527446192,Verbrennung,SEE964073339897,Heizkraftwerk Stendal,Volleinspeisung,13450,39576,Stendal,Stendal,Schillerstraße,NA,Sachsen-Anhalt,11.834299,52.606625,2018,NA,FALSE,Heizkraftwerk Stendal,KWK917960840037,"Erdgas, Erdölgas"
SEE907142597378,NA,Verbrennung,SEE907142597378,KWD Bestandsanlage,Teileinspeisung (einschließlich Eigenverbrauch),49189,06130,Halle (Saale),Halle,Dieselstraße,141,Sachsen-Anhalt,11.991,51.458,2005,2020,TRUE,KWD Bestandsanlage,KWK962974931622,"Erdgas, Erdölgas"
SEE923401813959,ABR946446968408,Verbrennung,"SEE923401813959, SEE929077603696",GuD Lichterfelde Gasturbine,Teileinspeisung (einschließlich Eigenverbrauch),190000,12207,Berlin,Berlin,Ostpreußendamm,61,Berlin,13.309598,52.423388,2019,NA,FALSE,HKW Lichterfelde,KWK932092191970,"Erdgas, Erdölgas"
SEE959343099212,ABR951295961296,Verbrennung,NA,Kraftwerk Kirchlengern_GT1,Teileinspeisung (einschließlich Eigenverbrauch),105000,32278,Herford,Kirchlengern,Bahnhofstraße,40,Nordrhein-Westfalen,8.648754,52.194951,1981,NA,FALSE,Kraftwerk-Kirchlengern,NA,"Erdgas, Erdölgas"
SEE942777699660,ABR907411702991,Verbrennung,NA,EBKW Knapsack,Volleinspeisung,33420,50354,Rhein-Erft-Kreis,Hürth,Industriestraße,300,Nordrhein-Westfalen,6.843034,50.857022,2009,NA,FALSE,EBKW Knapsack,NA,Industrieabfall
SEE992947793209,ABR996426003001,Verbrennung,SEE992947793209,Dampfturbine,Teileinspeisung (einschließlich Eigenverbrauch),22000,47475,Wesel,Kamp-Lintfort,Graftstraße,25,Nordrhein-Westfalen,6.57642,51.51888,1997,NA,FALSE,Dampfturbine,KWK918734931326,"Abfall (Hausmüll, Siedl.abf.)"
SEE998278854237,ABR948070381080,Verbrennung,SEE998278854237,SWM HKW Nord 3 T30,Teileinspeisung (einschließlich Eigenverbrauch),27800,85774,München,Unterföhring,Münchner Straße,22,Bayern,11.637754,48.180641,1984,NA,FALSE,SWM HKW Nord 3,KWK920022401633,"Abfall (Hausmüll, Siedl.abf.)"
SEE952372080091,ABR948070381080,Verbrennung,SEE952372080091,SWM HKW Nord 2 T20,Teileinspeisung (einschließlich Eigenverbrauch),363000,85774,München,Unterföhring,Münchner Straße,22,Bayern,11.637754,48.180641,1991,NA,FALSE,SWM HKW Nord 2,KWK901785586102,"Erdgas, Erdölgas"
SEE929077603696,ABR946446968408,Verbrennung,"SEE923401813959, SEE929077603696",GuD Lichterfelde Dampfturbine,Teileinspeisung (einschließlich Eigenverbrauch),125000,12207,Berlin,Berlin,Ostpreußendamm,61,Berlin,13.309598,52.423388,2019,NA,FALSE,HKW Lichterfelde,KWK932092191970,Dampf (zum Beispiel Prozesswärme)
SEE957830042178,ABR926979384425,Verbrennung,SEE957830042178,Turbine 3,Teileinspeisung (einschließlich Eigenverbrauch),23650,51373,Leverkusen,Leverkusen,Im Eisholz,12,Nordrhein-Westfalen,7.001612,51.044962,2010,NA,FALSE,MHKW Leverkusen,KWK987639859936,"Abfall (Hausmüll, Siedl.abf.)"
SEE929826629465,ABR930591165850,Verbrennung,SEE929826629465,BHKW Ramstein,Volleinspeisung,12900,66877,Kaiserslautern,Ramstein-Miesenbach,Reichswaldstraße,9,Rheinland-Pfalz,7.57021,49.443358,2018,NA,FALSE,BHKW Ramstein,KWK973949778340,"Erdgas, Erdölgas"
SEE979779484642,ABR983490316724,Verbrennung,SEE979779484642,HKW-Römerbrücke Dampfturbinenanlage DT2,Volleinspeisung,56000,66121,Regionalverband Saarbrücken,Saarbrücken,Bismarckstraße,143,Saarland,7.014908,49.224142,1988,NA,FALSE,HKW Römerbrücke,KWK900600128008,"Erdgas, Erdölgas"
SEE975188536989,ABR983490316724,Verbrennung,"SEE975188536989, SEE950895373805",HKW-Römerbrücke GuD-Anlage,Volleinspeisung,41000,66121,Regionalverband Saarbrücken,Saarbrücken,Bismarckstraße,143,Saarland,7.014908,49.224142,2005,NA,FALSE,HKW Römerbrücke,KWK905064482697,"Erdgas, Erdölgas"
SEE942369834141,ABR909344977149,Verbrennung,SEE942369834141,Kraftwerk Zanders Paper GmbH,Teileinspeisung (einschließlich Eigenverbrauch),21560,51465,Rheinisch-Bergischer Kreis,Bergisch Gladbach,An der Gohrsmühle,25,Nordrhein-Westfalen,7.126182,50.987579,1989,NA,FALSE,Kraftwerk Zanders Paper GmbH,KWK935704987695,"Erdgas, Erdölgas"
SEE961057667205,ABR910717662654,Verbrennung,SEE961057667205,Gasturbine Kraftwerk,Teileinspeisung (einschließlich Eigenverbrauch),11200,64747,Odenwaldkreis,Breuberg,Höchster Straße,48 -60,Hessen,9.011609,49.810859,2017,NA,FALSE,Kraftwerk Breuberg,KWK939879415489,"Erdgas, Erdölgas"
SEE942982288260,ABR940486198085,Verbrennung,NA,Cuno Heizkraftwerk Herdecke H6,Volleinspeisung,432000,58313,Ennepe-Ruhr-Kreis,Herdecke,Wetterstraße,111,Nordrhein-Westfalen,7.415651,51.403617,2007,NA,FALSE,Cuno Heizkraftwerk Herdecke H6,NA,"Erdgas, Erdölgas"
SEE945150729886,ABR967341150460,Verbrennung,"SEE945150729886, SEE941568392261",RZR I Turbine1,Teileinspeisung (einschließlich Eigenverbrauch),14900,45699,Recklinghausen,Herten,Im Emscherbruch,11,Nordrhein-Westfalen,7.163621,51.556437,1981,NA,FALSE,RZR I,KWK989782274000,"Abfall (Hausmüll, Siedl.abf.)"
SEE914438115895,ABR905562540936,Verbrennung,SEE914438115895,Heizkraftwerk Dieselstraße Block A,Volleinspeisung,57646,06130,Halle (Saale),Halle,Dieselstraße,141,Sachsen-Anhalt,11.991449,51.457551,2020,NA,FALSE,Heizkraftwerk Dieselstraße Block A,KWK969016235212,"Erdgas, Erdölgas"
SEE901050642113,ABR905562540936,Verbrennung,"SEE901050642113, SEE925158531827",Heizkraftwerk Dieselstraße Block C,Volleinspeisung,57322,06130,Halle (Saale),Halle,Dieselstraße,141,Sachsen-Anhalt,11.991449,51.457551,2020,NA,FALSE,Heizkraftwerk Dieselstraße Block C,KWK918690823154,"Erdgas, Erdölgas"
SEE946568262484,ABR905562540936,Verbrennung,SEE946568262484,Heizkraftwerk Dieselstraße Block B,Teileinspeisung (einschließlich Eigenverbrauch),57950,06130,Halle (Saale),Halle,Dieselstraße,141,Sachsen-Anhalt,11.991449,51.457551,2020,NA,FALSE,Heizkraftwerk Dieselstraße Block B,KWK987245954209,"Erdgas, Erdölgas"
SEE943766131437,ABR967773538492,Verbrennung,"SEE943766131437, SEE956216040883",Turbine 1,Teileinspeisung (einschließlich Eigenverbrauch),16800,97424,Schweinfurt,Schweinfurt,Hafenstraße,30,Bayern,10.224193,50.029986,1990,NA,FALSE,GKS-Gemeinschaftskraftwerk Schweinfurt GmbH,KWK964377899691,Steinkohlen
SEE973250051972,ABR952917430893,Verbrennung,SEE973250051972,Gasturbine HKW,Teileinspeisung (einschließlich Eigenverbrauch),19500,37075,Göttingen,Göttingen,Rudolf-Diesel-Straße,10,Niedersachsen,9.933798,51.553835,1998,NA,FALSE,Heizkraftwerk Uni Göttingen,KWK939780216359,"Erdgas, Erdölgas"
SEE951582148140,ABR942892589341,Verbrennung,"SEE951582148140, SEE983509659989, SEE964290104919, SEE920825895844, SEE979557966681, SEE945401341942, SEE997770651436, SEE966089822219, SEE945569399960, SEE916830465356",BHKW KW5 51,Teileinspeisung (einschließlich Eigenverbrauch),10020,55120,Mainz,Mainz,Kraftwerkallee,1,Rheinland-Pfalz,8.2409,50.027031,2020,NA,FALSE,NA,KWK950748281981,"Erdgas, Erdölgas"
SEE987407788451,NA,Verbrennung,"SEE987407788451, SEE972461974179",Heizkraftwerk Hagen Kabel H4,Volleinspeisung,129500,58099,Hagen,Hagen,Hohensyburgstraße,67,Nordrhein-Westfalen,7.487861,51.412889,1981,2025,TRUE,Heizkraftwerk Hagen Kabel H4,KWK936457904984,"Erdgas, Erdölgas"
SEE972461974179,NA,Verbrennung,"SEE987407788451, SEE972461974179",Heizkraftwerk Hagen-Kabel H5,Volleinspeisung,124500,58099,Hagen,Hagen,Hohensyburgstraße,67,Nordrhein-Westfalen,7.487861,51.412889,1981,2025,TRUE,Heizkraftwerk Hagen-Kabel H5,KWK936457904984,"Erdgas, Erdölgas"
SEE998526561375,ABR972456627639,Verbrennung,"SEE998526561375, SEE977613214097, SEE950689982695",SN-Süd-GUD-DT,Teileinspeisung (einschließlich Eigenverbrauch),19230,19061,Schwerin,Schwerin,Pampower Str.,50,Mecklenburg-Vorpommern,11.397351,53.578199,1994,NA,FALSE,NA,KWK996286158309,"Erdgas, Erdölgas"
SEE911202451180,ABR940486198085,Verbrennung,NA,Kraftwerk Werdohl-Elverlingsen E1,Volleinspeisung,105000,58791,Märkischer Kreis,Werdohl,Auf der Mark,1,Nordrhein-Westfalen,7.704482,51.275528,1975,NA,FALSE,Kraftwerk Werdohl-Elverlingsen E1,NA,"Heizöl, leicht"
SEE905035807238,ABR914764874992,Verbrennung,NA,Kirchmöser GT 1,Volleinspeisung,63000,14774,Brandenburg an der Havel,Brandenburg,Bahntechnikerring,17,Brandenburg,12.41795,52.39461,1994,NA,FALSE,Kraftwerk Kirchmöser,NA,"Erdgas, Erdölgas"
SEE902267138956,ABR914764874992,Verbrennung,NA,Kirchmöser GT 2,Volleinspeisung,63000,14774,Brandenburg an der Havel,Brandenburg,Bahntechnikerring,17,Brandenburg,12.41795,52.39461,1994,NA,FALSE,Kraftwerk Kirchmöser,NA,"Erdgas, Erdölgas"
SEE963827374382,ABR914764874992,Verbrennung,NA,Kirchmöser DT,Volleinspeisung,58000,14774,Brandenburg an der Havel,Brandenburg,Bahntechnikerring,17,Brandenburg,12.41795,52.39461,1994,NA,FALSE,Kraftwerk Kirchmöser,NA,"Erdgas, Erdölgas"
SEE907282834715,ABR916522919808,Verbrennung,"SEE907282834715, SEE926313104276, SEE994351082467, SEE970820981745","Kraftwerk VI, Block 61, GT611",Volleinspeisung,56760,45772,Recklinghausen,Marl,Paul-Baumann-Straße,1,Nordrhein-Westfalen,7.099389,51.685476,2022,NA,FALSE,Kraftwerk VI,KWK958587529455,"Erdgas, Erdölgas"
SEE986097297199,ABR912692931602,Verbrennung,SEE986097297199,QED_GuD_Staßfurt,Teileinspeisung (einschließlich Eigenverbrauch),125000,39418,Salzlandkreis,Staßfurt,Athenslebener Weg (Staßfurt),57,Sachsen-Anhalt,11.573165,51.864578,1997,NA,FALSE,QED_GuD_Staßfurt,KWK977083995748,"Erdgas, Erdölgas"
SEE920560912882,ABR948070381080,Verbrennung,"SEE945217244789, SEE920560912882",SWM HKW Freimann GT12,Teileinspeisung (einschließlich Eigenverbrauch),53468,80807,München,München,Frankfurter Ring,181,Bayern,11.596,48.189,2021,NA,FALSE,SWM HKW Freimann,KWK916599402302,"Erdgas, Erdölgas"
SEE926120377375,ABR989648485328,Verbrennung,NA,Cogenerationanlage,Teileinspeisung (einschließlich Eigenverbrauch),29000,93333,Kelheim,Neustadt,Raffineriestraße,100,Bayern,11.761824,48.783822,1996,NA,FALSE,Cogenerationanlage,NA,"Erdgas, Erdölgas"
SEE996548424685,ABR908281121257,Verbrennung,SEE996548424685,IKW Block 4,Teileinspeisung (einschließlich Eigenverbrauch),36000,15890,Oder-Spree,Eisenhüttenstadt,Jugendstraße,1,Brandenburg,14.632419,52.163396,1998,NA,FALSE,Industriekraftwerk Eisenhüttenstadt,KWK975853949045,"Hochofengas, Konvertergas"
SEE983138549866,ABR908281121257,Verbrennung,SEE983138549866,IKW Block 7,Teileinspeisung (einschließlich Eigenverbrauch),56000,15890,Oder-Spree,Eisenhüttenstadt,Jugendstraße,1,Brandenburg,14.632419,52.163396,2013,NA,FALSE,Industriekraftwerk Eisenhüttenstadt,KWK991476632256,"Hochofengas, Konvertergas"
SEE987512757786,ABR908281121257,Verbrennung,SEE987512757786,IKW Block 8,Teileinspeisung (einschließlich Eigenverbrauch),89717,15890,Oder-Spree,Eisenhüttenstadt,Jugendstraße,1,Brandenburg,14.632419,52.163396,1954,NA,FALSE,Industriekraftwerk Eisenhüttenstadt,KWK964780622442,"Erdgas, Erdölgas"
SEE900664653232,ABR998095284408,Verbrennung,"SEE900664653232, SEE937978171572",Turbine 1,Teileinspeisung (einschließlich Eigenverbrauch),13000,58636,Märkischer Kreis,Iserlohn,Giesestraße,10,Nordrhein-Westfalen,7.696146,51.397878,1996,NA,FALSE,MHKW Iserlohn,KWK915272873941,"Abfall (Hausmüll, Siedl.abf.)"
SEE974018310478,ABR942024745645,Verbrennung,SEE974018310478,Generator 4,Teileinspeisung (einschließlich Eigenverbrauch),11250,49090,Osnabrück,Osnabrück,Römereschstraße,33,Niedersachsen,8.024283,52.295258,1962,NA,FALSE,NA,KWK992689684568,Wirbelschichtkohle
SEE909106315790,ABR942824072743,Verbrennung,"SEE974206815730, SEE916030519361, SEE909106315790",TG-1904,Teileinspeisung (einschließlich Eigenverbrauch),15000,76187,Karlsruhe,Karlsruhe,Nördliche Raffineriestraße,1,Baden-Württemberg,8.336391,49.052845,1995,NA,FALSE,MiRO,KWK999067530585,Raffineriegas
SEE902096864651,ABR942824072743,Verbrennung,"SEE902096864651, SEE914187135533, SEE937538401125, SEE955482235511",Maschine 1,Teileinspeisung (einschließlich Eigenverbrauch),12500,76187,Karlsruhe,Karlsruhe,Nördliche Raffineriestraße,1,Baden-Württemberg,8.336391,49.052845,1995,NA,FALSE,MiRO,KWK984064678392,Raffineriegas
SEE914187135533,ABR942824072743,Verbrennung,"SEE902096864651, SEE914187135533, SEE937538401125, SEE955482235511",Maschine 2,Teileinspeisung (einschließlich Eigenverbrauch),12500,76187,Karlsruhe,Karlsruhe,Nördliche Raffineriestraße,1,Baden-Württemberg,8.336391,49.052845,1995,NA,FALSE,MiRO,KWK984064678392,Raffineriegas
SEE937538401125,ABR942824072743,Verbrennung,"SEE902096864651, SEE914187135533, SEE937538401125, SEE955482235511",Maschine 3,Teileinspeisung (einschließlich Eigenverbrauch),14000,76187,Karlsruhe,Karlsruhe,Nördliche Raffineriestraße,1,Baden-Württemberg,8.336391,49.052845,1995,NA,FALSE,MiRO,KWK984064678392,Raffineriegas
SEE955482235511,ABR942824072743,Verbrennung,"SEE902096864651, SEE914187135533, SEE937538401125, SEE955482235511",Maschine 4,Teileinspeisung (einschließlich Eigenverbrauch),14000,76187,Karlsruhe,Karlsruhe,Nördliche Raffineriestraße,1,Baden-Württemberg,8.336391,49.052845,1995,NA,FALSE,MiRO,KWK984064678392,Raffineriegas
SEE912912423627,ABR942824072743,Verbrennung,NA,Expander,Teileinspeisung (einschließlich Eigenverbrauch),19000,76187,Karlsruhe,Karlsruhe,Nördliche Raffineriestraße,1,Baden-Württemberg,8.336391,49.052845,1995,NA,FALSE,MiRO,NA,Andere Mineralölprodukte
SEE901246020381,ABR981914756675,Verbrennung,SEE901246020381,Gasmotor Bad Salzungen,Volleinspeisung,10051,36433,Wartburgkreis,Bad Salzungen,Langenfelder Straße,82,Thüringen,10.221047,50.800018,2018,NA,FALSE,HKW Bad Salzungen,KWK906425084321,"Erdgas, Erdölgas"
SEE909727831365,ABR981914756675,Verbrennung,SEE909727831365,Gasturbine Bad Salzungen,Volleinspeisung,10005,36433,Wartburgkreis,Bad Salzungen,Langenfelder Straße,82,Thüringen,10.221047,50.800018,1993,NA,FALSE,HKW Bad Salzungen,KWK922058860095,"Erdgas, Erdölgas"
SEE901344829220,NA,Verbrennung,SEE901344829220,Bestandsanlage_HKW_Aalen,NA,23000,73432,Ostalbkreis,Aalen,Neukochen,10,Baden-Württemberg,10.117615,48.823866,1960,2021,TRUE,Bestandsanlage_HKW_Aalen,KWK940889059143,"Erdgas, Erdölgas"
SEE983509659989,ABR942892589341,Verbrennung,"SEE951582148140, SEE983509659989, SEE964290104919, SEE920825895844, SEE979557966681, SEE945401341942, SEE997770651436, SEE966089822219, SEE945569399960, SEE916830465356",BHKW KW5 52,Teileinspeisung (einschließlich Eigenverbrauch),10020,55120,Mainz,Mainz,Kraftwerkallee,1,Rheinland-Pfalz,8.2409,50.027031,2020,NA,FALSE,NA,KWK950748281981,"Erdgas, Erdölgas"
SEE937544161082,ABR912811411619,Verbrennung,SEE937544161082,EBS Heizkraftwerk Spremberg,Teileinspeisung (einschließlich Eigenverbrauch),22707,03130,Spree-Neiße,Spremberg,An der Heide,A9,Brandenburg,14.365683,51.528504,2012,NA,FALSE,EBS Heizkraftwerk Spremberg,KWK905196022983,Industrieabfall
SEE981258814888,ABR904236380045,Verbrennung,SEE981258814888,Kraftwerk Raffinerie Heide GmbH,Teileinspeisung (einschließlich Eigenverbrauch),47200,25770,Dithmarschen,Hemmingstedt,Meldorfer Straße,43,Schleswig-Holstein,9.077155,54.155371,1962,NA,FALSE,Kraftwerk Raffinerie Heide GmbH,KWK914830944482,"Heizöl, schwer"
SEE949085992346,ABR918139196382,Verbrennung,"SEE949085992346, SEE986713152253, SEE993713255198, SEE994027750690, SEE924343365650",W050-TS_Mercedes-Benz Werk Sindelfingen HKW Turbine 2,Teileinspeisung (einschließlich Eigenverbrauch),18116,71063,Böblingen,Sindelfingen,Bela-Barenyi-Str.,1,Baden-Württemberg,8.999398,48.697777,1963,NA,FALSE,Heizkraftwerk Sindelfingen,KWK977233233331,"Erdgas, Erdölgas"
SEE930159654734,ABR940486198085,Verbrennung,NA,Kraftwerk Werdohl Elverlingsen E2,Volleinspeisung,105000,58791,Märkischer Kreis,Werdohl,Auf der Mark,1,Nordrhein-Westfalen,7.704482,51.275528,1975,NA,FALSE,Kraftwerk Werdohl Elverlingsen E2,NA,"Heizöl, leicht"
SEE904194792843,NA,Verbrennung,NA,KWM Block 3,Volleinspeisung,750000,31249,Peine,Hohenhameln,Triftstraße,25,Niedersachsen,10.090632,52.312557,1979,2024,TRUE,KWM Block 3,NA,Steinkohlen
SEE985842749525,ABR967895852209,Verbrennung,"SEE907389779292, SEE985842749525, SEE908125004449",Boxberg Block N,Teileinspeisung (einschließlich Eigenverbrauch),540000,02943,Görlitz,Boxberg,Am Kraftwerk,1,Sachsen,14.561926,51.411378,1979,NA,FALSE,Boxberg,KWK949609166567,Rohbraunkohlen
SEE908125004449,ABR967895852209,Verbrennung,"SEE907389779292, SEE985842749525, SEE908125004449",Boxberg Block P,Teileinspeisung (einschließlich Eigenverbrauch),540000,02943,Görlitz,Boxberg,Am Kraftwerk,1,Sachsen,14.561926,51.411378,1980,NA,FALSE,Boxberg,KWK949609166567,Rohbraunkohlen
SEE968582186379,ABR967895852209,Verbrennung,NA,Boxberg Block R,Teileinspeisung (einschließlich Eigenverbrauch),666000,02943,Görlitz,Boxberg,Am Kraftwerk,1,Sachsen,14.561926,51.411378,2012,NA,FALSE,Boxberg,NA,Rohbraunkohlen
SEE938337436349,ABR967895852209,Verbrennung,"SEE938337436349, SEE952672318108",Kraftwerk Schwarze Pumpe Block A,Teileinspeisung (einschließlich Eigenverbrauch),803000,03130,Spree-Neiße,Spremberg,An der alten Ziegelei,1,Brandenburg,14.348723,51.531359,1997,NA,FALSE,Kraftwerk Schwarze Pumpe,KWK993419332933,Rohbraunkohlen
SEE952672318108,ABR967895852209,Verbrennung,"SEE938337436349, SEE952672318108",Kraftwerk Schwarze Pumpe Block B,Teileinspeisung (einschließlich Eigenverbrauch),803000,03130,Spree-Neiße,Spremberg,An der alten Ziegelei,1,Brandenburg,14.348723,51.531359,1998,NA,FALSE,Kraftwerk Schwarze Pumpe,KWK993419332933,NA
SEE991817093418,ABR967895852209,Verbrennung,"SEE991817093418, SEE938669585906, SEE989591633753, SEE923943268279, SEE985047526785, SEE964729462818",Kraftwerk Jänschwalde Block A,Teileinspeisung (einschließlich Eigenverbrauch),535000,03185,Spree-Neiße,Teichland,Am Kraftwerk,NA,Brandenburg,14.453465,51.835981,1981,NA,FALSE,Kraftwerk Jänschwalde,KWK963007085985,Rohbraunkohlen
SEE938669585906,ABR967895852209,Verbrennung,"SEE991817093418, SEE938669585906, SEE989591633753, SEE923943268279, SEE985047526785, SEE964729462818",Kraftwerk Jänschwalde Block B,Teileinspeisung (einschließlich Eigenverbrauch),535000,03185,Spree-Neiße,Teichland,Am Kraftwerk,NA,Brandenburg,14.453465,51.835981,1982,NA,FALSE,Kraftwerk Jänschwalde,KWK963007085985,Rohbraunkohlen
SEE989591633753,ABR967895852209,Verbrennung,"SEE991817093418, SEE938669585906, SEE989591633753, SEE923943268279, SEE985047526785, SEE964729462818",Kraftwerk Jänschwalde Block C,Teileinspeisung (einschließlich Eigenverbrauch),535000,03185,Spree-Neiße,Teichland,Am Kraftwerk,NA,Brandenburg,14.453465,51.835981,1984,NA,FALSE,Kraftwerk Jänschwalde,KWK963007085985,Rohbraunkohlen
SEE923943268279,ABR967895852209,Verbrennung,"SEE991817093418, SEE938669585906, SEE989591633753, SEE923943268279, SEE985047526785, SEE964729462818",Kraftwerk Jänschwalde Block D,Teileinspeisung (einschließlich Eigenverbrauch),535000,03185,Spree-Neiße,Teichland,Am Kraftwerk,NA,Brandenburg,14.453465,51.835981,1985,NA,FALSE,Kraftwerk Jänschwalde,KWK963007085985,Rohbraunkohlen
SEE985047526785,NA,Verbrennung,"SEE991817093418, SEE938669585906, SEE989591633753, SEE923943268279, SEE985047526785, SEE964729462818",Kraftwerk Jänschwalde Block E,Teileinspeisung (einschließlich Eigenverbrauch),535000,03185,Spree-Neiße,Teichland,Am Kraftwerk,NA,Brandenburg,14.453465,51.835981,1987,2024,TRUE,Kraftwerk Jänschwalde,KWK963007085985,Rohbraunkohlen
SEE964729462818,NA,Verbrennung,"SEE991817093418, SEE938669585906, SEE989591633753, SEE923943268279, SEE985047526785, SEE964729462818",Kraftwerk Jänschwalde Block F,Teileinspeisung (einschließlich Eigenverbrauch),535000,03185,Spree-Neiße,Teichland,Am Kraftwerk,NA,Brandenburg,14.453465,51.835981,1989,2024,TRUE,Kraftwerk Jänschwalde,KWK963007085985,Rohbraunkohlen
SEE992841152355,ABR967895852209,Verbrennung,NA,Gasturbinenkraftwerk Thyrow GT A,Volleinspeisung,37600,15806,Teltow-Fläming,Zossen,Am Umspannwerk,12,Brandenburg,13.302107,52.230249,1987,NA,FALSE,Gasturbinenkraftwerk Thyrow,NA,"Erdgas, Erdölgas"
SEE957496380690,ABR967895852209,Verbrennung,NA,Gasturbinenkraftwerk Thyrow GT B,Volleinspeisung,37600,15806,Teltow-Fläming,Zossen,Am Umspannwert,12,Brandenburg,13.302107,52.230249,1987,NA,FALSE,Gasturbinenkraftwerk Thyrow,NA,"Erdgas, Erdölgas"
SEE980421575656,ABR967895852209,Verbrennung,NA,Gasturbinenkraftwerk Thyrow GT C,Volleinspeisung,37600,15806,Teltow-Fläming,Zossen,Am Umspannwerk,12,Brandenburg,13.302107,52.230249,1987,NA,FALSE,Gasturbinenkraftwerk Thyrow,NA,"Erdgas, Erdölgas"
SEE989393516094,ABR967895852209,Verbrennung,NA,Gasturbinenkraftwerk Thyrow GT D,Volleinspeisung,37600,15806,Teltow-Fläming,Zossen,Am Umspannwerk,12,Brandenburg,13.302107,52.230249,1987,NA,FALSE,Gasturbinenkraftwerk Thyrow,NA,"Erdgas, Erdölgas"
SEE983877705974,ABR967895852209,Verbrennung,NA,Gasturbinenkraftwerk Thyrow GT E,Volleinspeisung,38800,15806,Teltow-Fläming,Zossen,Am Umspannwerk,12,Brandenburg,13.302107,52.230249,1989,NA,FALSE,Gasturbinenkraftwerk Thyrow,NA,"Erdgas, Erdölgas"
SEE966331411864,ABR967895852209,Verbrennung,SEE966331411864,Kraftwerk Lippendorf Block R,Volleinspeisung,942000,04575,Leipzig,Neukieritzsch,Hauptstraße,200,Sachsen,12.379308,51.171753,2000,NA,FALSE,Kraftwerk Lippendorf,KWK983473953342,Rohbraunkohlen
SEE986713152253,ABR918139196382,Verbrennung,"SEE949085992346, SEE986713152253, SEE993713255198, SEE994027750690, SEE924343365650",W050-TS_Mercedes-Benz Werk Sindelfingen HKW Turbine 4,Teileinspeisung (einschließlich Eigenverbrauch),30000,71063,Böblingen,Sindelfingen,Bela-Barenyi-Str.,1,Baden-Württemberg,8.998993,48.697243,1971,NA,FALSE,Heizkraftwerk Sindelfingen,KWK977233233331,"Erdgas, Erdölgas"
SEE993713255198,ABR918139196382,Verbrennung,"SEE949085992346, SEE986713152253, SEE993713255198, SEE994027750690, SEE924343365650",W050-TS_Mercedes-Benz Werk Sindelfingen HKW Turbine 5,Teileinspeisung (einschließlich Eigenverbrauch),21968,71063,Böblingen,Sindelfingen,Bela-Barenyi-Str.,1,Baden-Württemberg,8.998781,48.696984,1981,NA,FALSE,Heizkraftwerk Sindelfingen,KWK977233233331,"Erdgas, Erdölgas"
SEE928580946900,ABR914304815577,Verbrennung,SEE928580946900,GuD-Heizkraftwerk M120,Volleinspeisung,104500,65428,Groß-Gerau,Rüsselsheim,Mainzer Straße,NA,Hessen,8.396147,49.995105,1999,NA,FALSE,GuD-Heizkraftwerk M120,KWK922331898265,"Erdgas, Erdölgas"
SEE924343365650,ABR918139196382,Verbrennung,"SEE949085992346, SEE986713152253, SEE993713255198, SEE994027750690, SEE924343365650",W050-TS_Mercedes-Benz Werk Sindelfingen HKW Gasturbine 1,Teileinspeisung (einschließlich Eigenverbrauch),31517,71063,Böblingen,Sindelfingen,Bela-Barenyi-Str.,NA,Baden-Württemberg,8.999237,48.697055,2013,NA,FALSE,Heizkraftwerk Sindelfingen,KWK977233233331,"Erdgas, Erdölgas"
SEE942253705168,ABR923450846267,Verbrennung,"SEE942253705168, SEE966264899036, SEE969698095906, SEE918857857947",FHKW DT 2,Teileinspeisung (einschließlich Eigenverbrauch),13200,67063,Ludwigshafen am Rhein,Ludwigshafen,Industriestraße,3,Rheinland-Pfalz,8.425368,49.485537,1989,NA,FALSE,Fernheizkraftwerk TWL,KWK961974248563,Dampf (zum Beispiel Prozesswärme)
SEE974753539035,NA,Verbrennung,SEE974753539035,Turbine 6,Teileinspeisung (einschließlich Eigenverbrauch),29700,75175,Pforzheim,Pforzheim,Hohwiesenweg,15,Baden-Württemberg,8.725477,48.896998,1990,2022,TRUE,Heizkraftwerk Pforzheim,KWK956509944898,Steinkohlen
SEE963177319026,NA,Verbrennung,"SEE963177319026, SEE950005518836",Turbine 4,Teileinspeisung (einschließlich Eigenverbrauch),16700,75175,Pforzheim,Pforzheim,Hohwiesenweg,15,Baden-Württemberg,8.725477,48.896998,1980,2022,TRUE,Kombiblock,KWK949209421493,"Erdgas, Erdölgas"
SEE950005518836,NA,Verbrennung,"SEE963177319026, SEE950005518836",Gasturbine,Teileinspeisung (einschließlich Eigenverbrauch),25200,75175,Pforzheim,Pforzheim,Hohwiesenweg,15,Baden-Württemberg,8.725477,48.896998,1980,2022,TRUE,Kombiblock,KWK949209421493,"Erdgas, Erdölgas"
SEE959000487536,NA,Verbrennung,"SEE959000487536, SEE917432813484",HKW West Block 1,Volleinspeisung,153000,38440,Wolfsburg,Wolfsburg,Berliner Ring,2,Niedersachsen,10.762904,52.442458,1985,2024,TRUE,HKW West,KWK926834605757,Steinkohlen
SEE985585573104,ABR948070381080,Verbrennung,"SEE907223904750, SEE901789931854, SEE985585573104",SWM HKW Sued GuD1 GT3,Teileinspeisung (einschließlich Eigenverbrauch),98900,81371,München,München,Schäftlarnstraße,15,Bayern,11.5555,48.114,1980,NA,FALSE,SWM HKW Sued GuD1,KWK995778931840,"Erdgas, Erdölgas"
SEE917432813484,NA,Verbrennung,"SEE959000487536, SEE917432813484",HKW West Block 2,Volleinspeisung,153000,38440,Wolfsburg,Wolfsburg,Berliner Ring,2,Niedersachsen,10.762458,52.442453,1985,2024,TRUE,HKW West,KWK926834605757,Steinkohlen
SEE964450365167,ABR948966352149,Verbrennung,"SEE964450365167, SEE970931306376, SEE986520256656, SEE952058615067, SEE907396256311, SEE993292613167, SEE988089360973",Solvay Rb TA9,Teileinspeisung (einschließlich Eigenverbrauch),27200,47495,Wesel,Rheinberg,Xantener Straße,237,Nordrhein-Westfalen,6.578615,51.564318,1976,NA,FALSE,Solvay Rb Kraftwerk,KWK972796708609,Dampf (zum Beispiel Prozesswärme)
SEE970931306376,ABR948966352149,Verbrennung,"SEE964450365167, SEE970931306376, SEE986520256656, SEE952058615067, SEE907396256311, SEE993292613167, SEE988089360973",Solvay Rb TA10,Teileinspeisung (einschließlich Eigenverbrauch),27200,47495,Wesel,Rheinberg,Xantener Straße,237,Nordrhein-Westfalen,6.578615,51.564318,1983,NA,FALSE,Solvay Rb Kraftwerk,KWK972796708609,Dampf (zum Beispiel Prozesswärme)
SEE986520256656,ABR948966352149,Verbrennung,"SEE964450365167, SEE970931306376, SEE986520256656, SEE952058615067, SEE907396256311, SEE993292613167, SEE988089360973",Solvay Rb TA7,Teileinspeisung (einschließlich Eigenverbrauch),12800,47495,Wesel,Rheinberg,Xantener Straße,237,Nordrhein-Westfalen,6.578615,51.564318,1989,NA,FALSE,Solvay Rb Kraftwerk,KWK972796708609,Dampf (zum Beispiel Prozesswärme)
SEE952058615067,ABR948966352149,Verbrennung,"SEE964450365167, SEE970931306376, SEE986520256656, SEE952058615067, SEE907396256311, SEE993292613167, SEE988089360973",Solvay Rb TA1,Teileinspeisung (einschließlich Eigenverbrauch),54000,47495,Wesel,Rheinberg,Xantener Straße,237,Nordrhein-Westfalen,6.57756,51.563281,1996,NA,FALSE,Solvay Rb Kraftwerk,KWK972796708609,"Erdgas, Erdölgas"
SEE971995083203,ABR957659462591,Verbrennung,SEE971995083203,BHKW Braunschweig,Teileinspeisung (einschließlich Eigenverbrauch),10500,38112,Braunschweig,Braunschweig,Gifhorner Straße,180,Niedersachsen,10.521684,52.295023,2014,NA,FALSE,BHKW Braunschweig,KWK934144318953,"Erdgas, Erdölgas"
SEE949421684249,ABR957604190685,Verbrennung,SEE949421684249,MHKW,Teileinspeisung (einschließlich Eigenverbrauch),10092,89264,Neu-Ulm,Weißenhorn,Daimlerstraße,36,Bayern,10.134588,48.298682,1992,NA,FALSE,NA,KWK910193475106,"Abfall (Hausmüll, Siedl.abf.)"
SEE953235539855,ABR915068942295,Verbrennung,"SEE953235539855, SEE974615285285, SEE972346658903",Heizkraftwerk Stuttgart-Gaisburg HKW 3 Motor 1,Teileinspeisung (einschließlich Eigenverbrauch),10295,70327,Stuttgart,Stuttgart,Langwiesenweg,23,Baden-Württemberg,9.22966,48.784035,2018,NA,FALSE,NA,KWK956961616517,"Erdgas, Erdölgas"
SEE974615285285,ABR915068942295,Verbrennung,"SEE953235539855, SEE974615285285, SEE972346658903",Heizkraftwerk Stuttgart-Gaisburg HKW 3 Motor 2,Teileinspeisung (einschließlich Eigenverbrauch),10295,70327,Stuttgart,Stuttgart,Langwiesenweg,23,Baden-Württemberg,9.22966,48.784035,2018,NA,FALSE,NA,KWK956961616517,"Erdgas, Erdölgas"
SEE972346658903,ABR915068942295,Verbrennung,"SEE953235539855, SEE974615285285, SEE972346658903",Heizkraftwerk Stuttgart-Gaisburg HKW 3 Motor 3,Teileinspeisung (einschließlich Eigenverbrauch),10295,70327,Stuttgart,Stuttgart,Langwiesenweg,23,Baden-Württemberg,9.22966,48.784035,2018,NA,FALSE,NA,KWK956961616517,"Erdgas, Erdölgas"
SEE999966551940,ABR905763255080,Verbrennung,"SEE999966551940, SEE914878135613",HKW Potsdam-Süd Block1,Volleinspeisung,42000,14478,Potsdam,Potsdam,Zum Heizwerk,20,Brandenburg,13.112052,52.366822,1996,NA,FALSE,HKW Potsdam-Süd,KWK944922270977,"Erdgas, Erdölgas"
SEE941974735591,NA,Verbrennung,"SEE941974735591, SEE946537967655",Rauchgasturbine,Volleinspeisung,15000,03052,Cottbus,Cottbus,Werner-von-Siemens-Straße,16,Brandenburg,14.370314,51.760946,1998,2022,TRUE,Heizkraftwerk Cottbus,KWK920466473852,Wirbelschichtkohle
SEE904662075126,ABR981160324253,Verbrennung,"SEE904662075126, SEE989200392347, SEE917568874298",7712MKA10-GT2,Teileinspeisung (einschließlich Eigenverbrauch),15450,01454,Bautzen,Wachau,An den Breiten,NA,Sachsen,13.975478,51.149521,2014,NA,FALSE,GuD Sachsenmilch Leppersdorf,KWK999411809183,"Erdgas, Erdölgas"
SEE989200392347,ABR981160324253,Verbrennung,"SEE904662075126, SEE989200392347, SEE917568874298",7711MKA10-GT1,Teileinspeisung (einschließlich Eigenverbrauch),15450,01454,Bautzen,Wachau,An den Breiten,NA,Sachsen,13.975554,51.149035,2014,NA,FALSE,GuD Sachsenmilch Leppersdorf,KWK999411809183,"Erdgas, Erdölgas"
SEE994551453975,ABR981176702168,Verbrennung,"SEE921479798321, SEE994551453975, SEE945602121718",Generator A,Teileinspeisung (einschließlich Eigenverbrauch),20000,42349,Wuppertal,Wuppertal,Korzert,15,Nordrhein-Westfalen,7.142821,51.225311,1976,NA,FALSE,AWG Abfallwirtschaftsgesellschaft mbH Wuppertal,KWK961736706188,"Abfall (Hausmüll, Siedl.abf.)"
SEE945602121718,ABR981176702168,Verbrennung,"SEE921479798321, SEE994551453975, SEE945602121718",Generator B,Teileinspeisung (einschließlich Eigenverbrauch),20000,42349,Wuppertal,Wuppertal,Korzert,15,Nordrhein-Westfalen,7.142821,51.225311,1976,NA,FALSE,AWG Abfallwirtschaftsgesellschaft mbH Wuppertal,KWK961736706188,"Abfall (Hausmüll, Siedl.abf.)"
SEE941568392261,ABR967341150460,Verbrennung,"SEE945150729886, SEE941568392261",RZR I Turbine2,Teileinspeisung (einschließlich Eigenverbrauch),14900,45699,Recklinghausen,Herten,Im Emscherbruch,11,Nordrhein-Westfalen,7.163621,51.556437,1981,NA,FALSE,RZR I,KWK989782274000,"Abfall (Hausmüll, Siedl.abf.)"
SEE923271533315,ABR903507845016,Verbrennung,"SEE923271533315, SEE947996339434",RZR II Turbine3,Teileinspeisung (einschließlich Eigenverbrauch),23585,45699,Recklinghausen,Herten,Im Emscherbruch,11,Nordrhein-Westfalen,7.161814,51.557204,2009,NA,FALSE,RZR II,KWK934791000669,"Abfall (Hausmüll, Siedl.abf.)"
SEE947996339434,ABR903507845016,Verbrennung,"SEE923271533315, SEE947996339434",RZR II Turbine4,Teileinspeisung (einschließlich Eigenverbrauch),12300,45699,Recklinghausen,Herten,Im Emscherbruch,11,Nordrhein-Westfalen,7.160517,51.556921,2019,NA,FALSE,RZR II,KWK934791000669,"Abfall (Hausmüll, Siedl.abf.)"
SEE985796237000,ABR989927274988,Verbrennung,"SEE985796237000, SEE958518628752, SEE995462815548",HKW Schildescher Str GT,Teileinspeisung (einschließlich Eigenverbrauch),24000,33611,Bielefeld,Bielefeld,Schildescher Straße,16/5-HW,Nordrhein-Westfalen,8.538522,52.033525,1977,NA,FALSE,Heizkraftwerk Schildescher Straße,KWK963542737653,"Erdgas, Erdölgas"
SEE930673793902,ABR949574336156,Verbrennung,NA,Bergkamen A,Teileinspeisung (einschließlich Eigenverbrauch),780000,59192,Unna,Bergkamen,Westenhellweg,111,Nordrhein-Westfalen,7.619083,51.636945,1981,NA,FALSE,Bergkamen A,NA,Steinkohlen
SEE945908806647,ABR949574336156,Verbrennung,SEE945908806647,Herne 4,Teileinspeisung (einschließlich Eigenverbrauch),490000,44653,Herne,Herne,Hertener Straße,16,Nordrhein-Westfalen,7.18396,51.549201,1989,NA,FALSE,Herne,KWK965539454406,Steinkohlen
SEE966920434281,ABR977403855622,Verbrennung,"SEE966920434281, SEE999539592561, SEE958184152735",Gasturbine 12,Volleinspeisung,50200,24939,Flensburg,Flensburg,Batteriestraße,48,Schleswig-Holstein,9.430341,54.805049,2016,NA,FALSE,HKW Flensburg,KWK965332234939,"Erdgas, Erdölgas"
SEE946537967655,NA,Verbrennung,"SEE941974735591, SEE946537967655",Hochdruckdampfturbine,Volleinspeisung,17800,03052,Cottbus,Cottbus,Werner-von-Siemens-Straße,16,Brandenburg,14.370314,51.760946,1999,2022,TRUE,Heizkraftwerk Cottbus,KWK920466473852,Wirbelschichtkohle
SEE946744372112,ABR962424139622,Verbrennung,"SEE946744372112, SEE909438607068, SEE905366486355",IPH Strom GTX1,Volleinspeisung,54000,65929,Frankfurt am Main,Frankfurt,Brüningstraße,50,Hessen,8.537975,50.096118,2003,NA,FALSE,IPH Block A,KWK955718937547,"Erdgas, Erdölgas"
SEE978888539755,ABR954442910864,Verbrennung,"SEE978888539755, SEE911129038174",Mittel-Niederdruckdampfturbine,Volleinspeisung,48900,03052,Cottbus,Cottbus,Werner-von-Siemens-Straße,16,Brandenburg,14.370314,51.760946,1999,NA,FALSE,Heizkraftwerk Cottbus,KWK935774960826,"Erdgas, Erdölgas"
SEE922395631839,ABR964500950114,Verbrennung,"SEE922395631839, SEE976320012538",Block1,Teileinspeisung (einschließlich Eigenverbrauch),110000,38239,Salzgitter,Salzgitter,Eisenhüttenstraße,99,Niedersachsen,10.431187,52.16102,2010,NA,FALSE,KW Salzgitter,KWK999886122770,"Hochofengas, Konvertergas"
SEE914989602134,ABR962424139622,Verbrennung,"SEE914989602134, SEE969540726491, SEE931652054403",IPH Strom GTX2,Volleinspeisung,50000,65929,Frankfurt am Main,Frankfurt,Brüningstraße,50,Hessen,8.529953,50.091397,2011,NA,FALSE,IPH ADS-Anlage,KWK914409711613,"Erdgas, Erdölgas"
SEE980327120226,ABR948070381080,Verbrennung,"SEE980327120226, SEE976219797843, SEE996720450723",SWM HKW Sued GuD2 GT61,Teileinspeisung (einschließlich Eigenverbrauch),146500,81371,München,München,Schäftlarnstraße,15,Bayern,11.5555,48.114,2021,NA,FALSE,SWM HKW Sued GuD2,KWK943320019553,"Erdgas, Erdölgas"
SEE976219797843,ABR948070381080,Verbrennung,"SEE980327120226, SEE976219797843, SEE996720450723",SWM HKW Sued GuD2 GT62,Teileinspeisung (einschließlich Eigenverbrauch),146500,81371,München,München,Schäftlarnstraße,15,Bayern,11.5555,48.114,2021,NA,FALSE,SWM HKW Sued GuD2,KWK943320019553,"Erdgas, Erdölgas"
SEE996720450723,ABR948070381080,Verbrennung,"SEE980327120226, SEE976219797843, SEE996720450723",SWM HKW Sued GuD2 DT60,Teileinspeisung (einschließlich Eigenverbrauch),131585,81371,München,München,Schäftlarnstraße,15,Bayern,11.5555,48.114,2004,NA,FALSE,SWM HKW Sued GuD2,KWK943320019553,"Erdgas, Erdölgas"
SEE969540726491,ABR962424139622,Verbrennung,"SEE914989602134, SEE969540726491, SEE931652054403",IPH Strom GTX3,Volleinspeisung,50000,65929,Frankfurt am Main,Frankfurt,Brüningstraße,50,Hessen,8.529953,50.091397,2011,NA,FALSE,IPH ADS-Anlage,KWK914409711613,"Erdgas, Erdölgas"
SEE976320012538,ABR964500950114,Verbrennung,"SEE922395631839, SEE976320012538",Block2,Teileinspeisung (einschließlich Eigenverbrauch),110000,38239,Salzgitter,Salzgitter,Eisenhüttenstraße,99,Niedersachsen,10.431187,52.16102,2010,NA,FALSE,KW Salzgitter,KWK999886122770,"Hochofengas, Konvertergas"
SEE979791664664,ABR964500950114,Verbrennung,SEE979791664664,Ma 2,Teileinspeisung (einschließlich Eigenverbrauch),55000,38239,Salzgitter,Salzgitter,Eisenhüttenstraße,99,Niedersachsen,10.431187,52.16102,2006,NA,FALSE,KW Salzgitter,KWK904475551367,"Hochofengas, Konvertergas"
SEE933960350956,NA,Verbrennung,SEE933960350956,"HKW Chemnitz Nord II, Block C",Teileinspeisung (einschließlich Eigenverbrauch),100000,09114,Chemnitz,Chemnitz,Dammweg,10,Sachsen,12.922094,50.858374,1990,2024,TRUE,HKW Chemnitz Nord II,KWK933909875571,Rohbraunkohlen
SEE941875842596,ABR964500950114,Verbrennung,NA,Ma 1,Teileinspeisung (einschließlich Eigenverbrauch),40000,38239,Salzgitter,Salzgitter,Eisenhüttenstraße,99,Niedersachsen,10.431187,52.16102,1941,NA,FALSE,KW Salzgitter,NA,"Hochofengas, Konvertergas"
SEE969074173341,NA,Verbrennung,NA,Ma 3,Teileinspeisung (einschließlich Eigenverbrauch),40000,38239,Salzgitter,Salzgitter,Eisenhüttenstraße,99,Niedersachsen,10.431187,52.16102,1941,2025,TRUE,KW Salzgitter,NA,"Hochofengas, Konvertergas"
SEE944044057432,ABR948749059999,Verbrennung,"SEE944044057432, SEE928331694449, SEE909466066615, SEE946709181179, SEE972779194474, SEE974236609859, SEE955076814825","Motor-Heizkraftwerk Chemnitz-Nord, Motor 1",Teileinspeisung (einschließlich Eigenverbrauch),12650,09114,Chemnitz,Chemnitz,Blankenburgstraße,2,Sachsen,12.919515,50.854711,2023,NA,FALSE,Motor-Heizkraftwerk Chemnitz-Nord,KWK908860356919,"Erdgas, Erdölgas"
SEE936761155751,ABR948749059999,Verbrennung,"SEE936761155751, SEE912224455828, SEE901205245022, SEE917303295586, SEE903779951637","Motor-Heizkraftwerk Chemnitz-Süd, Motor 1",Teileinspeisung (einschließlich Eigenverbrauch),12900,09125,Chemnitz,Chemnitz,Südstraße,1,Sachsen,12.918069,50.797766,2022,NA,FALSE,Motor-Heizkraftwerk Chemnitz-Süd,KWK977208826292,"Erdgas, Erdölgas"
SEE928331694449,ABR948749059999,Verbrennung,"SEE944044057432, SEE928331694449, SEE909466066615, SEE946709181179, SEE972779194474, SEE974236609859, SEE955076814825","Motor-Heizkraftwerk Chemnitz-Nord, Motor 2",Teileinspeisung (einschließlich Eigenverbrauch),12650,09114,Chemnitz,Chemnitz,Blankenburgstraße,2,Sachsen,12.919515,50.854711,2023,NA,FALSE,Motor-Heizkraftwerk Chemnitz-Nord,KWK908860356919,"Erdgas, Erdölgas"
SEE909466066615,ABR948749059999,Verbrennung,"SEE944044057432, SEE928331694449, SEE909466066615, SEE946709181179, SEE972779194474, SEE974236609859, SEE955076814825",Motor-Heizkraftwerk Chemnitz-Nord. Motor 3,Teileinspeisung (einschließlich Eigenverbrauch),12650,09114,Chemnitz,Chemnitz,Blankenburgstraße,2,Sachsen,12.919515,50.854711,2023,NA,FALSE,Motor-Heizkraftwerk Chemnitz-Nord,KWK908860356919,"Erdgas, Erdölgas"
SEE946709181179,ABR948749059999,Verbrennung,"SEE944044057432, SEE928331694449, SEE909466066615, SEE946709181179, SEE972779194474, SEE974236609859, SEE955076814825","Motor-Heizkraftwerk Chemnitz-Nord, Motor 4",Teileinspeisung (einschließlich Eigenverbrauch),12650,09114,Chemnitz,Chemnitz,Blankenburgstraße,2,Sachsen,12.919515,50.854711,2023,NA,FALSE,Motor-Heizkraftwerk Chemnitz-Nord,KWK908860356919,"Erdgas, Erdölgas"
SEE972779194474,ABR948749059999,Verbrennung,"SEE944044057432, SEE928331694449, SEE909466066615, SEE946709181179, SEE972779194474, SEE974236609859, SEE955076814825","Motor-Heizkraftwerk Chemnitz-Nord, Motor 5",Teileinspeisung (einschließlich Eigenverbrauch),12650,09114,Chemnitz,Chemnitz,Blankenburgstraße,2,Sachsen,12.919515,50.854711,2023,NA,FALSE,Motor-Heizkraftwerk Chemnitz-Nord,KWK908860356919,"Erdgas, Erdölgas"
SEE974236609859,ABR948749059999,Verbrennung,"SEE944044057432, SEE928331694449, SEE909466066615, SEE946709181179, SEE972779194474, SEE974236609859, SEE955076814825","Motor-Heizkraftwerk Chemnitz-Nord, Motor 6",Teileinspeisung (einschließlich Eigenverbrauch),12650,09114,Chemnitz,Chemnitz,Blankenburgstraße,2,Sachsen,12.919515,50.854711,2023,NA,FALSE,Motor-Heizkraftwerk Chemnitz-Nord,KWK908860356919,"Erdgas, Erdölgas"
SEE955076814825,ABR948749059999,Verbrennung,"SEE944044057432, SEE928331694449, SEE909466066615, SEE946709181179, SEE972779194474, SEE974236609859, SEE955076814825","Motor-Heizkraftwerk Chemnitz-Nord, Motor 7",Teileinspeisung (einschließlich Eigenverbrauch),12650,09114,Chemnitz,Chemnitz,Blankenburgstraße,2,Sachsen,12.919515,50.854711,2023,NA,FALSE,Motor-Heizkraftwerk Chemnitz-Nord,KWK908860356919,"Erdgas, Erdölgas"
SEE912224455828,ABR948749059999,Verbrennung,"SEE936761155751, SEE912224455828, SEE901205245022, SEE917303295586, SEE903779951637","Motor-Heizkraftwerk Chemnitz-Süd, Motor 2",Teileinspeisung (einschließlich Eigenverbrauch),12900,09125,Chemnitz,Chemnitz,Südstraße,1,Sachsen,12.918069,50.797766,2022,NA,FALSE,Motor-Heizkraftwerk Chemnitz-Süd,KWK977208826292,"Erdgas, Erdölgas"
SEE901205245022,ABR948749059999,Verbrennung,"SEE936761155751, SEE912224455828, SEE901205245022, SEE917303295586, SEE903779951637","Motor-Heizkraftwerk Chemnitz-Süd, Motor 3",Teileinspeisung (einschließlich Eigenverbrauch),12900,09125,Chemnitz,Chemnitz,Südstraße,1,Sachsen,12.918069,50.797766,2022,NA,FALSE,Motor-Heizkraftwerk Chemnitz-Süd,KWK977208826292,"Erdgas, Erdölgas"
SEE917303295586,ABR948749059999,Verbrennung,"SEE936761155751, SEE912224455828, SEE901205245022, SEE917303295586, SEE903779951637","Motor-Heizkraftwerk Chemnitz-Süd, Motor 4",Teileinspeisung (einschließlich Eigenverbrauch),12900,09125,Chemnitz,Chemnitz,Südstraße,1,Sachsen,12.918069,50.797766,2022,NA,FALSE,Motor-Heizkraftwerk Chemnitz-Süd,KWK977208826292,"Erdgas, Erdölgas"
SEE903779951637,ABR948749059999,Verbrennung,"SEE936761155751, SEE912224455828, SEE901205245022, SEE917303295586, SEE903779951637","Motor-Heizkraftwerk Chemnitz-Süd, Motor 5",Teileinspeisung (einschließlich Eigenverbrauch),12900,09125,Chemnitz,Chemnitz,Südstraße,1,Sachsen,12.918069,50.797766,2022,NA,FALSE,Motor-Heizkraftwerk Chemnitz-Süd,KWK977208826292,"Erdgas, Erdölgas"
SEE988601422752,ABR981914756675,Verbrennung,"SEE988601422752, SEE936473203580, SEE912583238223, SEE969004747543, SEE951160693116, SEE998644964959, SEE994538470544, SEE959025997980, SEE991087959599, SEE963454497492",Gasmotor 1 Jena,Volleinspeisung,12616,07745,Jena,Jena,Rudolstädter Straße,41,Thüringen,11.587266,50.89659,2022,NA,FALSE,HKW Jena,KWK906079041145,"Erdgas, Erdölgas"
SEE998984420832,ABR957659462591,Verbrennung,"SEE998984420832, SEE920837459195",HKW Nord Generator A,Volleinspeisung,68200,38440,Wolfsburg,Wolfsburg,Berliner Ring,2,Niedersachsen,10.786269,52.4326,1998,NA,FALSE,HKW Nord,KWK941683047183,"Erdgas, Erdölgas"
SEE920837459195,NA,Verbrennung,"SEE998984420832, SEE920837459195",HKW Nord Generator B,Volleinspeisung,68200,38440,Wolfsburg,Wolfsburg,Berliner Ring,2,Niedersachsen,10.78609,52.432649,1998,2024,TRUE,HKW Nord,KWK941683047183,Steinkohlen
SEE915108754215,ABR990169007968,Verbrennung,SEE915108754215,Kraftwerk Basell Wesseling,Teileinspeisung (einschließlich Eigenverbrauch),102000,50389,Rhein-Erft-Kreis,Wesseling,Brühler Straße,60,Nordrhein-Westfalen,6.965477,50.839811,1962,NA,FALSE,Kraftwerk Basell Wesseling,KWK914277375764,Andere Mineralölprodukte
SEE971914041024,ABR990169007968,Verbrennung,SEE971914041024,Gasturbine Basell Wesseling,Teileinspeisung (einschließlich Eigenverbrauch),51900,50389,Rhein-Erft-Kreis,Wesseling,Brühler Straße,60,Nordrhein-Westfalen,6.965077,50.84122,1996,NA,FALSE,Gasturbine Basell Wesseling,KWK972248356402,"Erdgas, Erdölgas"
SEE974051053875,ABR940385957257,Verbrennung,NA,Turbine 4,Teileinspeisung (einschließlich Eigenverbrauch),15600,26826,Leer,Weener,Industriestraße,46,Niedersachsen,7.353963,53.180994,2021,NA,FALSE,Kraftwerk Weener,NA,"Abfall (Hausmüll, Siedl.abf.)"
SEE936473203580,ABR981914756675,Verbrennung,"SEE988601422752, SEE936473203580, SEE912583238223, SEE969004747543, SEE951160693116, SEE998644964959, SEE994538470544, SEE959025997980, SEE991087959599, SEE963454497492",Gasmotor 2 Jena,Volleinspeisung,12616,07745,Jena,Jena,Rudolstädter Straße,41,Thüringen,11.587255,50.896589,2022,NA,FALSE,HKW Jena,KWK906079041145,"Erdgas, Erdölgas"
SEE912583238223,ABR981914756675,Verbrennung,"SEE988601422752, SEE936473203580, SEE912583238223, SEE969004747543, SEE951160693116, SEE998644964959, SEE994538470544, SEE959025997980, SEE991087959599, SEE963454497492",Gasmotor 3 Jena,Volleinspeisung,12616,07745,Jena,Jena,Rudolstädter Straße,41,Thüringen,11.587259,50.896592,2022,NA,FALSE,HKW Jena,KWK906079041145,"Erdgas, Erdölgas"
SEE969004747543,ABR981914756675,Verbrennung,"SEE988601422752, SEE936473203580, SEE912583238223, SEE969004747543, SEE951160693116, SEE998644964959, SEE994538470544, SEE959025997980, SEE991087959599, SEE963454497492",Gasmotor 4 Jena,Volleinspeisung,12616,07745,Jena,Jena,Rudolstädter Straße,41,Thüringen,11.587268,50.896588,2022,NA,FALSE,HKW Jena,KWK906079041145,"Erdgas, Erdölgas"
SEE951160693116,ABR981914756675,Verbrennung,"SEE988601422752, SEE936473203580, SEE912583238223, SEE969004747543, SEE951160693116, SEE998644964959, SEE994538470544, SEE959025997980, SEE991087959599, SEE963454497492",Gasmotor 5 Jena,Volleinspeisung,12616,07745,Jena,Jena,Rudolstädter Straße,41,Thüringen,11.587272,50.896593,2022,NA,FALSE,HKW Jena,KWK906079041145,"Erdgas, Erdölgas"
SEE922153723905,ABR903466659754,Verbrennung,SEE922153723905,Heizkraftwerk I,Volleinspeisung,24100,46045,Oberhausen,Oberhausen,Danziger Str.,31,Nordrhein-Westfalen,6.862269,51.470843,1971,NA,FALSE,Heizkraftwerk I,KWK913649047278,"Erdgas, Erdölgas"
SEE998945127831,NA,Verbrennung,SEE998945127831,Heizkraftwerk II,Volleinspeisung,26800,46145,Oberhausen,Oberhausen,Friedrichstr.,37,Nordrhein-Westfalen,6.846322,51.511719,1996,2019,TRUE,Heizkraftwerk II,KWK961802886998,NA
SEE953718174887,ABR917063786638,Verbrennung,NA,Spitzenlastkraftwerk Veits Gasturbine,Volleinspeisung,21760,87448,Oberallgäu,Waltenhofen,Veits,13,Bayern,10.318995,47.683669,1988,NA,FALSE,Spitzenlastkraftwerk Veits,NA,"Erdgas, Erdölgas"
SEE973101826070,ABR995906584290,Verbrennung,"SEE973101826070, SEE931001040675",Kraftwerk Plattling GT,Volleinspeisung,78157,94447,Deggendorf,Plattling,Gottlieb-Daimler-Straße,7,Bayern,12.868406,48.800824,2010,NA,FALSE,Kraftwerk Plattling,KWK979605900612,"Erdgas, Erdölgas"
SEE931001040675,ABR995906584290,Verbrennung,"SEE973101826070, SEE931001040675",KW Plattling DT,Volleinspeisung,39078,94447,Deggendorf,Plattling,Gottlieb-Daimler-Straße,7,Bayern,12.868386,48.80084,2010,NA,FALSE,Kraftwerk Plattling,KWK979605900612,"Erdgas, Erdölgas"
SEE926982393704,ABR987873605191,Verbrennung,SEE926982393704,BHKW 10,Volleinspeisung,10310,12059,Berlin,Berlin,Weigandufer,49,Berlin,13.455028,52.479086,2023,NA,FALSE,Fernheizwerk 7-BHKW 10,KWK940584903703,"Erdgas, Erdölgas"
SEE958909269267,ABR962424139622,Verbrennung,SEE958909269267,IPH Ersatzbrennstoffverbrennung Turbine,Volleinspeisung,86000,65929,Frankfurt am Main,Frankfurt,Brüningstraße,50,Hessen,8.53133,50.079283,2014,NA,FALSE,IPH Ersatzbrennstoffverbrennungsanlage,KWK957652698027,"Abfall (Hausmüll, Siedl.abf.)"
SEE958518628752,ABR989927274988,Verbrennung,"SEE985796237000, SEE958518628752, SEE995462815548",HKW Schildescher Straße DT 3,Teileinspeisung (einschließlich Eigenverbrauch),20500,33611,Bielefeld,Bielefeld,Schildescher Straße,16/5-HW,Nordrhein-Westfalen,8.538522,52.033525,1966,NA,FALSE,Heizkraftwerk Schildescher Straße,KWK963542737653,"Erdgas, Erdölgas"
SEE964290104919,ABR942892589341,Verbrennung,"SEE951582148140, SEE983509659989, SEE964290104919, SEE920825895844, SEE979557966681, SEE945401341942, SEE997770651436, SEE966089822219, SEE945569399960, SEE916830465356",BHKW KW5 53,Teileinspeisung (einschließlich Eigenverbrauch),10020,55120,Mainz,Mainz,Kraftwerkallee,1,Rheinland-Pfalz,8.2409,50.027031,2020,NA,FALSE,NA,KWK950748281981,"Erdgas, Erdölgas"
SEE920825895844,ABR942892589341,Verbrennung,"SEE951582148140, SEE983509659989, SEE964290104919, SEE920825895844, SEE979557966681, SEE945401341942, SEE997770651436, SEE966089822219, SEE945569399960, SEE916830465356",BHKW KW5 54,Teileinspeisung (einschließlich Eigenverbrauch),10020,55120,Mainz,Mainz,Kraftwerkallee,1,Rheinland-Pfalz,8.2409,50.027031,2020,NA,FALSE,NA,KWK950748281981,"Erdgas, Erdölgas"
SEE979557966681,ABR942892589341,Verbrennung,"SEE951582148140, SEE983509659989, SEE964290104919, SEE920825895844, SEE979557966681, SEE945401341942, SEE997770651436, SEE966089822219, SEE945569399960, SEE916830465356",BHKW KW5 55,Teileinspeisung (einschließlich Eigenverbrauch),10020,55120,Mainz,Mainz,Kraftwerkallee,1,Rheinland-Pfalz,8.2409,50.027031,2020,NA,FALSE,NA,KWK950748281981,"Erdgas, Erdölgas"
SEE923769915258,ABR955348431156,Verbrennung,"SEE923769915258, SEE942019110397, SEE980608407671, SEE976880282228, SEE949895584069",HKW Sandreuth (GT1),Volleinspeisung,53693,90441,Nürnberg,Nürnberg,Sandreuthstraße,55 a,Bayern,11.062094,49.439192,2005,NA,FALSE,HKW Sandreuth (Gas-GuD),KWK980332511361,"Erdgas, Erdölgas"
SEE945401341942,ABR942892589341,Verbrennung,"SEE951582148140, SEE983509659989, SEE964290104919, SEE920825895844, SEE979557966681, SEE945401341942, SEE997770651436, SEE966089822219, SEE945569399960, SEE916830465356",BHKW KW5 56,Teileinspeisung (einschließlich Eigenverbrauch),10020,55120,Mainz,Mainz,Kraftwerkallee,1,Rheinland-Pfalz,8.2409,50.027031,2020,NA,FALSE,NA,KWK950748281981,"Erdgas, Erdölgas"
SEE997770651436,ABR942892589341,Verbrennung,"SEE951582148140, SEE983509659989, SEE964290104919, SEE920825895844, SEE979557966681, SEE945401341942, SEE997770651436, SEE966089822219, SEE945569399960, SEE916830465356",BHKW KW5 57,Teileinspeisung (einschließlich Eigenverbrauch),10020,55120,Mainz,Mainz,Kraftwerkallee,1,Rheinland-Pfalz,8.2409,50.027031,2020,NA,FALSE,NA,KWK950748281981,"Erdgas, Erdölgas"
SEE966089822219,ABR942892589341,Verbrennung,"SEE951582148140, SEE983509659989, SEE964290104919, SEE920825895844, SEE979557966681, SEE945401341942, SEE997770651436, SEE966089822219, SEE945569399960, SEE916830465356",BHKW KW5 58,Teileinspeisung (einschließlich Eigenverbrauch),10020,55120,Mainz,Mainz,Kraftwerkallee,1,Rheinland-Pfalz,8.2409,50.027031,2020,NA,FALSE,NA,KWK950748281981,"Erdgas, Erdölgas"
SEE945569399960,ABR942892589341,Verbrennung,"SEE951582148140, SEE983509659989, SEE964290104919, SEE920825895844, SEE979557966681, SEE945401341942, SEE997770651436, SEE966089822219, SEE945569399960, SEE916830465356",BHKW KW5 59,Teileinspeisung (einschließlich Eigenverbrauch),10020,55120,Mainz,Mainz,Kraftwerkallee,1,Rheinland-Pfalz,8.2409,50.027031,2020,NA,FALSE,NA,KWK950748281981,"Erdgas, Erdölgas"
SEE916830465356,ABR942892589341,Verbrennung,"SEE951582148140, SEE983509659989, SEE964290104919, SEE920825895844, SEE979557966681, SEE945401341942, SEE997770651436, SEE966089822219, SEE945569399960, SEE916830465356",BHKW KW5 5A,Teileinspeisung (einschließlich Eigenverbrauch),10020,55120,Mainz,Mainz,Kraftwerkallee,1,Rheinland-Pfalz,8.2409,50.027031,2020,NA,FALSE,NA,KWK950748281981,"Erdgas, Erdölgas"
SEE920494524915,ABR905104647567,Verbrennung,"SEE920494524915, SEE914414538991, SEE976850689781",GuD Mitte GT11,Teileinspeisung (einschließlich Eigenverbrauch),206000,67063,Ludwigshafen am Rhein,Ludwigshafen,Carl-Bosch-Straße,38,Rheinland-Pfalz,8.434017,49.494936,2005,NA,FALSE,GuD Mitte,KWK918059342388,"Erdgas, Erdölgas"
SEE900128586359,ABR955348431156,Verbrennung,SEE900128586359,HKW-Sandreuth (Müll),Volleinspeisung,26280,90441,Nürnberg,Nürnberg,Sandreuthstraße,55,Bayern,11.06193,49.438897,1992,NA,FALSE,HKW-Sandreuth (Müll),KWK930382142619,Dampf (zum Beispiel Prozesswärme)
SEE965768299069,ABR992263293315,Verbrennung,"SEE965768299069, SEE900403199748",Heizkraftwerk Halle-Trotha - Gasturbine,Volleinspeisung,56242,06118,Halle (Saale),Halle,Brachwitzer Straße,23,Sachsen-Anhalt,11.943448,51.523806,1994,NA,FALSE,Heizkraftwerk Halle-Trotha,KWK943914155445,"Erdgas, Erdölgas"
SEE944122961347,ABR905104647567,Verbrennung,"SEE944122961347, SEE923421872301, SEE943309807898",GuD Süd GT1,Teileinspeisung (einschließlich Eigenverbrauch),175000,67063,Ludwigshafen am Rhein,Ludwigshafen,Carl-Bosch-Straße,38,Rheinland-Pfalz,8.434017,49.494936,1997,NA,FALSE,GuD Mitte,KWK999420626023,"Erdgas, Erdölgas"
SEE923421872301,ABR905104647567,Verbrennung,"SEE944122961347, SEE923421872301, SEE943309807898",GuD Süd GT2,Teileinspeisung (einschließlich Eigenverbrauch),167500,67063,Ludwigshafen am Rhein,Ludwigshafen,Carl-Bosch-Straße,38,Rheinland-Pfalz,8.434017,49.494936,1997,NA,FALSE,GuD Süd,KWK999420626023,"Erdgas, Erdölgas"
SEE943309807898,ABR905104647567,Verbrennung,"SEE944122961347, SEE923421872301, SEE943309807898",GuD Süd DT,Teileinspeisung (einschließlich Eigenverbrauch),72000,67063,Ludwigshafen am Rhein,Ludwigshafen,Carl-Bosch-Straße,38,Rheinland-Pfalz,8.434017,49.494936,1997,NA,FALSE,GuD Süd,KWK999420626023,Dampf (zum Beispiel Prozesswärme)
SEE927473609168,ABR958220872382,Verbrennung,"SEE927473609168, SEE930901366434",BNA0174,Teileinspeisung (einschließlich Eigenverbrauch),73563,84508,Altötting,Burgkirchen,Industrieparkstraße,1,Bayern,12.72044,48.177679,1967,NA,FALSE,BNA0174,KWK906248118494,"Erdgas, Erdölgas"
SEE914414538991,ABR905104647567,Verbrennung,"SEE920494524915, SEE914414538991, SEE976850689781",GuD Mitte GT12,Teileinspeisung (einschließlich Eigenverbrauch),206000,67063,Ludwigshafen am Rhein,Ludwigshafen,Carl-Bosch-Straße,38,Rheinland-Pfalz,8.434017,49.494936,2005,NA,FALSE,GuD Mitte,KWK918059342388,"Erdgas, Erdölgas"
SEE976850689781,ABR905104647567,Verbrennung,"SEE920494524915, SEE914414538991, SEE976850689781",GuD Mitte DT10,Teileinspeisung (einschließlich Eigenverbrauch),90500,67063,Ludwigshafen am Rhein,Ludwigshafen,Carl-Bosch-Straße,38,Rheinland-Pfalz,8.434017,49.494936,2005,NA,FALSE,GuD Mitte,KWK918059342388,Dampf (zum Beispiel Prozesswärme)
SEE923480721565,NA,Verbrennung,SEE923480721565,A855 GT1,Teileinspeisung (einschließlich Eigenverbrauch),48000,67063,Ludwigshafen am Rhein,Ludwigshafen,Carl-Bosch-Straße,38,Rheinland-Pfalz,8.434017,49.494936,1992,2022,TRUE,A855 GT1,KWK910315184572,"Erdgas, Erdölgas"
SEE956943312185,ABR905104647567,Verbrennung,NA,A718 KT9,Teileinspeisung (einschließlich Eigenverbrauch),45750,67063,Ludwigshafen am Rhein,Ludwigshafen,Carl-Bosch-Straße,38,Rheinland-Pfalz,8.434017,49.494936,2008,NA,FALSE,A718 KT9,NA,Dampf (zum Beispiel Prozesswärme)
SEE902840312209,NA,Verbrennung,"SEE902840312209, SEE959837176825, SEE976459856379, SEE906899424722",S300 NKT,Teileinspeisung (einschließlich Eigenverbrauch),40000,67063,Ludwigshafen am Rhein,Ludwigshafen,Carl-Bosch-Straße,38,Rheinland-Pfalz,8.434017,49.494936,1964,2023,TRUE,KW Nord,KWK936184494703,Dampf (zum Beispiel Prozesswärme)
SEE959837176825,NA,Verbrennung,"SEE902840312209, SEE959837176825, SEE976459856379, SEE906899424722",S300 VT2,Teileinspeisung (einschließlich Eigenverbrauch),29000,67063,Ludwigshafen am Rhein,Ludwigshafen,Carl-Bosch-Straße,38,Rheinland-Pfalz,8.434017,49.494936,1964,2024,TRUE,KW Nord,KWK936184494703,Dampf (zum Beispiel Prozesswärme)
SEE976459856379,ABR905104647567,Verbrennung,"SEE902840312209, SEE959837176825, SEE976459856379, SEE906899424722",S300 VT1,Teileinspeisung (einschließlich Eigenverbrauch),28500,67063,Ludwigshafen am Rhein,Ludwigshafen,Carl-Bosch-Straße,38,Rheinland-Pfalz,8.434017,49.494936,1964,NA,FALSE,KW Nord,KWK936184494703,Dampf (zum Beispiel Prozesswärme)
SEE906899424722,ABR905104647567,Verbrennung,"SEE902840312209, SEE959837176825, SEE976459856379, SEE906899424722",S300 NT7,Teileinspeisung (einschließlich Eigenverbrauch),24500,67063,Ludwigshafen am Rhein,Ludwigshafen,Carl-Bosch-Straße,38,Rheinland-Pfalz,8.434017,49.494936,2001,NA,FALSE,KW Nord,KWK936184494703,Dampf (zum Beispiel Prozesswärme)
SEE940474859066,ABR905104647567,Verbrennung,SEE940474859066,Z564 VT1,Teileinspeisung (einschließlich Eigenverbrauch),12500,67063,Ludwigshafen am Rhein,Ludwigshafen,Carl-Bosch-Straße,38,Rheinland-Pfalz,8.434017,49.494936,1992,NA,FALSE,Z564,KWK915919082026,Dampf (zum Beispiel Prozesswärme)
SEE993957305321,ABR953775680116,Verbrennung,"SEE993957305321, SEE945436960576, SEE932621971301",G25,Teileinspeisung (einschließlich Eigenverbrauch),14500,36039,Fulda,Fulda,Hermann-Muth-Straße,6,Hessen,9.681688,50.569061,1992,NA,FALSE,G25,KWK903377758669,"Erdgas, Erdölgas"
SEE968474056711,ABR981894412400,Verbrennung,"SEE968474056711, SEE919189403703, SEE988616317180, SEE969023487444, SEE964717210810, SEE913609763316",Generator 6,Volleinspeisung,22111,65203,Wiesbaden,Wiesbaden,Rheingaustraße,190-196,Hessen,8.247685,50.034858,2021,NA,FALSE,Heizkraftwerk ISW,KWK903243410165,"Erdgas, Erdölgas"
SEE919189403703,ABR981894412400,Verbrennung,"SEE968474056711, SEE919189403703, SEE988616317180, SEE969023487444, SEE964717210810, SEE913609763316",Generator 7,Volleinspeisung,22111,65203,Wiesbaden,Wiesbaden,Rheingaustraße,190-196,Hessen,8.247999,50.035035,2021,NA,FALSE,Heizkraftwerk ISW,KWK903243410165,"Erdgas, Erdölgas"
SEE906257837416,ABR939623529011,Verbrennung,"SEE954086855965, SEE995943794058, SEE906257837416",5MKA,Teileinspeisung (einschließlich Eigenverbrauch),30000,16303,Uckermark,Schwedt,Passower Chaussee,111,Brandenburg,14.225934,53.089336,1972,NA,FALSE,IKW,KWK900687803676,Andere Mineralölprodukte
SEE960529046555,ABR939623529011,Verbrennung,NA,6MKA,Teileinspeisung (einschließlich Eigenverbrauch),36000,16303,Uckermark,Schwedt,Passower Chaussee,111,Brandenburg,14.225934,53.089336,1994,NA,FALSE,IKW,NA,Andere Mineralölprodukte
SEE943750140889,ABR939623529011,Verbrennung,NA,4MKA,Teileinspeisung (einschließlich Eigenverbrauch),63000,16303,Uckermark,Schwedt,Passower Chaussee,111,Brandenburg,14.225934,53.089336,2011,NA,FALSE,IKW,NA,Andere Mineralölprodukte
SEE999539592561,ABR977403855622,Verbrennung,"SEE966920434281, SEE999539592561, SEE958184152735",Dampfturbine 12,Volleinspeisung,27900,24939,Flensburg,Flensburg,Batteriestraße,48,Schleswig-Holstein,9.430341,54.805049,2016,NA,FALSE,HKW Flensburg,KWK965332234939,"Erdgas, Erdölgas"
SEE958184152735,ABR977403855622,Verbrennung,"SEE966920434281, SEE999539592561, SEE958184152735",Dampfturbine 7,Volleinspeisung,34160,24939,Flensburg,Flensburg,Batteriestraße,48,Schleswig-Holstein,9.430341,54.805049,1980,NA,FALSE,HKW Flensburg,KWK965332234939,"Erdgas, Erdölgas"
SEE940780197517,ABR955133866064,Verbrennung,SEE940780197517,Felix Schoeller GmbH ＆ Co.KG Osnabrück,Teileinspeisung (einschließlich Eigenverbrauch),15200,49086,Osnabrück,Osnabrück,Burg Gretesch,45,Niedersachsen,8.119747,52.274461,1994,NA,FALSE,Schoeller Technocell Osnabrück,KWK935150593242,"Erdgas, Erdölgas"
SEE987633796220,ABR901203303755,Verbrennung,"SEE987633796220, SEE932928232242",GKH 1,Teileinspeisung (einschließlich Eigenverbrauch),150000,30419,Region Hannover,Hannover,Stelinger Straße,19,Niedersachsen,9.65067,52.420476,1989,2026,TRUE,GKH 1,KWK989915996304,Steinkohlen
SEE932928232242,ABR901203303755,Verbrennung,"SEE987633796220, SEE932928232242",GKH 2,Teileinspeisung (einschließlich Eigenverbrauch),150000,30419,Region Hannover,Hannover,Stelinger Straße,19,Niedersachsen,9.65067,52.420476,1989,NA,FALSE,NA,KWK989915996304,Steinkohlen
SEE999585452499,ABR901203303755,Verbrennung,"SEE999585452499, SEE983959934148, SEE965551192713",HKW Linden GT1,Teileinspeisung (einschließlich Eigenverbrauch),82350,30449,Region Hannover,Hannover,Spinnereistraße,9,Niedersachsen,9.71504,52.372251,2011,NA,FALSE,HKW,KWK981611975508,"Erdgas, Erdölgas"
SEE983959934148,ABR901203303755,Verbrennung,"SEE999585452499, SEE983959934148, SEE965551192713",HKW Linden DT,Teileinspeisung (einschließlich Eigenverbrauch),79400,30449,Region Hannover,Hannover,Spinnereistraße,9,Niedersachsen,9.71504,52.372251,1996,NA,FALSE,HKW,KWK981611975508,"Erdgas, Erdölgas"
SEE965551192713,ABR901203303755,Verbrennung,"SEE999585452499, SEE983959934148, SEE965551192713",HKW Linden GT3,Teileinspeisung (einschließlich Eigenverbrauch),70250,30449,Region Hannover,Hannover,Spinnereistraße,9,Niedersachsen,9.71504,52.372251,2009,NA,FALSE,HKW GT3,KWK981611975508,"Erdgas, Erdölgas"
SEE926313104276,ABR916522919808,Verbrennung,"SEE907282834715, SEE926313104276, SEE994351082467, SEE970820981745","Kraftwerk VI, Block 62, GT621",Volleinspeisung,56500,45772,Recklinghausen,Marl,Paul-Baumann-Straße,1,Nordrhein-Westfalen,7.100271,51.685674,2022,NA,FALSE,Kraftwerk VI,KWK958587529455,"Erdgas, Erdölgas"
SEE957488519732,ABR969896401462,Verbrennung,SEE957488519732,MM Neuss GmbH DT,Teileinspeisung (einschließlich Eigenverbrauch),10500,41460,Rhein-Kreis Neuss,Neuss,Düsseldorfer Straße,182 - 184,Nordrhein-Westfalen,6.697,51.220072,1971,NA,FALSE,NA,KWK961683196049,"Erdgas, Erdölgas"
SEE935397901879,ABR993122874003,Verbrennung,"SEE935397901879, SEE933851011843",Turbine 21,Teileinspeisung (einschließlich Eigenverbrauch),17900,50769,Köln,Köln,Alte Str.,201,Nordrhein-Westfalen,6.846753,51.067642,1964,NA,FALSE,Kessel 3,KWK985673677042,Sonstige hergestellte Gase
SEE907933719545,NA,Verbrennung,SEE907933719545,Kraftwerk Herrenhausen Block B,Volleinspeisung,120000,30419,Region Hannover,Hannover,Leinhäuser Weg,1 A,Niedersachsen,9.680308,52.39919,1974,2021,TRUE,KWH Block B,KWK961118317803,"Erdgas, Erdölgas"
SEE990438768378,NA,Verbrennung,SEE990438768378,Dampfturbine 8,Volleinspeisung,35900,24939,Flensburg,Flensburg,Batteriestraße,48,Schleswig-Holstein,9.430341,54.805049,1985,2024,TRUE,HKW Flensburg,KWK919914035148,Steinkohlen
SEE957285549260,ABR977403855622,Verbrennung,"SEE957285549260, SEE970667868155, SEE949216632202",Dampfturbine 9,Volleinspeisung,35900,24939,Flensburg,Flensburg,Batteriestraße,48,Schleswig-Holstein,9.430341,54.805049,1988,NA,FALSE,HKW Flensburg,KWK925291805595,Steinkohlen
SEE987913244618,ABR959271720820,Verbrennung,"SEE903702464654, SEE980976424690, SEE995754822537, SEE961202959384, SEE927766801477, SEE997216629753, SEE988265559689, SEE987913244618, SEE953784241926, SEE943242699390",PKV Dampfsammelschienen-KWK-Anlage Generator / Turbine DT 7,Teileinspeisung (einschließlich Eigenverbrauch),12700,26316,Friesland,Varel,Dangaster Straße,38,Niedersachsen,8.132755,53.403091,2003,NA,FALSE,PKV Dampfsammelschienen-KWK-Anlage,KWK944671995718,NA
SEE953784241926,ABR959271720820,Verbrennung,"SEE903702464654, SEE980976424690, SEE995754822537, SEE961202959384, SEE927766801477, SEE997216629753, SEE988265559689, SEE987913244618, SEE953784241926, SEE943242699390",PKV Dampfsammelschienen-KWK-Anlage Generator / Turbine DT 9,Teileinspeisung (einschließlich Eigenverbrauch),13410,26316,Friesland,Varel,Dangaster Straße,38,Niedersachsen,8.132755,53.403091,2011,NA,FALSE,PKV Dampfsammelschienen-KWK-Anlage,KWK944671995718,NA
SEE954169155876,ABR900068875636,Verbrennung,SEE954169155876,Heizkraftwerk-Offenbach-EVO,Teileinspeisung (einschließlich Eigenverbrauch),54700,63067,Offenbach am Main,Offenbach,Andréstraße,71,Hessen,8.745203,50.111696,1988,NA,FALSE,Heizkraftwerk-Offenbach-EVO,KWK909107067834,Steinkohlen
SEE938782869693,ABR900068875636,Verbrennung,"SEE938782869693, SEE977514334252",Müllheizkraftwerk Offenbach Turbine 1,Teileinspeisung (einschließlich Eigenverbrauch),19600,63069,Offenbach am Main,Offenbach,Dietzenbacher Straße,189,Hessen,8.768438,50.065036,2016,NA,FALSE,Müllheizkraftwerk Offenbach Turbine 1,KWK987773293894,"Abfall (Hausmüll, Siedl.abf.)"
SEE988841475051,ABR901061041783,Verbrennung,SEE988841475051,HKW Witzenhausen,Teileinspeisung (einschließlich Eigenverbrauch),32800,37213,Werra-Meißner-Kreis,Witzenhausen,Kasseler Landstraße,23,Hessen,9.84796,51.31931,2009,NA,FALSE,HKW Witzenhausen,KWK959339720557,"Abfall (Hausmüll, Siedl.abf.)"
SEE907396256311,NA,Verbrennung,"SEE964450365167, SEE970931306376, SEE986520256656, SEE952058615067, SEE907396256311, SEE993292613167, SEE988089360973",Solvay Rb TA8,Teileinspeisung (einschließlich Eigenverbrauch),28000,47495,Wesel,Rheinberg,Xantener Straße,237,Nordrhein-Westfalen,6.578615,51.564318,1962,2019,TRUE,Solvay Rb Kraftwerk,KWK972796708609,Dampf (zum Beispiel Prozesswärme)
SEE943297204990,ABR983490316724,Verbrennung,SEE943297204990,ESLL-SBR-GuD-Heizkraftwerk-Süd,Teileinspeisung (einschließlich Eigenverbrauch),39029.2,66117,Regionalverband Saarbrücken,Saarbrücken,Untertürkheimer Straße,NA,Saarland,6.974176,49.213431,2012,NA,FALSE,ZF-SBR-GuD-Heizkraftwerk,KWK983829267765,"Erdgas, Erdölgas"
SEE949722134498,ABR949972975438,Verbrennung,"SEE964215288830, SEE956631893736, SEE949722134498, SEE952807166543, SEE945580171361, SEE907828499484, SEE983086557883",F03G2,Teileinspeisung (einschließlich Eigenverbrauch),13200,40589,Düsseldorf,Düsseldorf,Henkelstraße,67,Nordrhein-Westfalen,6.839394,51.175553,1965,NA,FALSE,Holthausen,KWK933766051545,"Erdgas, Erdölgas"
SEE952807166543,ABR949972975438,Verbrennung,"SEE964215288830, SEE956631893736, SEE949722134498, SEE952807166543, SEE945580171361, SEE907828499484, SEE983086557883",F03G3,Teileinspeisung (einschließlich Eigenverbrauch),13200,40589,Düsseldorf,Düsseldorf,Henkelstraße,67,Nordrhein-Westfalen,6.839394,51.175553,1965,NA,FALSE,Holthausen,KWK933766051545,"Erdgas, Erdölgas"
SEE945580171361,ABR949972975438,Verbrennung,"SEE964215288830, SEE956631893736, SEE949722134498, SEE952807166543, SEE945580171361, SEE907828499484, SEE983086557883",F13G5,Teileinspeisung (einschließlich Eigenverbrauch),20000,40589,Düsseldorf,Düsseldorf,Henkelstraße,67,Nordrhein-Westfalen,6.839394,51.175553,1980,NA,FALSE,Holthausen,KWK933766051545,"Erdgas, Erdölgas"
SEE907828499484,ABR949972975438,Verbrennung,"SEE964215288830, SEE956631893736, SEE949722134498, SEE952807166543, SEE945580171361, SEE907828499484, SEE983086557883",F13G6,Teileinspeisung (einschließlich Eigenverbrauch),20000,40589,Düsseldorf,Düsseldorf,Henkelstraße,67,Nordrhein-Westfalen,6.839394,51.175553,1983,NA,FALSE,Holthausen,KWK933766051545,"Erdgas, Erdölgas"
SEE967844487346,ABR998610428485,Verbrennung,"SEE967844487346, SEE972526098451, SEE944095305490, SEE910471578864, SEE994055148599, SEE997615300505",Heizkraftwerk an der Friedensbrücke GasturbineI,Volleinspeisung,51500,97080,Würzburg,Würzburg,Veitshöchheimer Straße,1,Bayern,9.923883,49.80073,2005,NA,FALSE,GuDI,KWK901242653446,"Erdgas, Erdölgas"
SEE972526098451,ABR998610428485,Verbrennung,"SEE967844487346, SEE972526098451, SEE944095305490, SEE910471578864, SEE994055148599, SEE997615300505",Heizkraftwerk an der Friedensbrücke DampfturbineIII,Volleinspeisung,23500,97080,Würzburg,Würzburg,Veitshöchheimer Straße,1,Bayern,9.923883,49.80073,1971,NA,FALSE,GuDI,KWK901242653446,"Erdgas, Erdölgas"
SEE944095305490,ABR998610428485,Verbrennung,"SEE967844487346, SEE972526098451, SEE944095305490, SEE910471578864, SEE994055148599, SEE997615300505",Heizkraftwerk an der Friedensbrücke GasturbineII,Volleinspeisung,30500,97080,Würzburg,Würzburg,Veitshöchheimer Straße,1,Bayern,9.923883,49.80073,2009,NA,FALSE,GuDII,KWK901242653446,"Erdgas, Erdölgas"
SEE910471578864,ABR998610428485,Verbrennung,"SEE967844487346, SEE972526098451, SEE944095305490, SEE910471578864, SEE994055148599, SEE997615300505",Heizkraftwerk an der Friedensbrücke DampfturbineII,Volleinspeisung,25500,97080,Würzburg,Würzburg,Veitshöchheimer Straße,1,Bayern,9.923883,49.80073,1993,NA,FALSE,GuDII,KWK901242653446,"Erdgas, Erdölgas"
SEE928072880231,ABR962424139622,Verbrennung,"SEE928072880231, SEE902238950303, SEE919137629452, SEE935809614632, SEE948546582201",IPH Strom VT5,Volleinspeisung,13900,65929,Frankfurt am Main,Frankfurt,Brüningstraße,50,Hessen,8.5317,50.091388,1980,NA,FALSE,IPH Block B,KWK936060116484,"Erdgas, Erdölgas"
SEE911129038174,ABR954442910864,Verbrennung,"SEE978888539755, SEE911129038174",BHKW-Anlage,Volleinspeisung,53916,03052,Cottbus,Cottbus,Werner-von-Siemens-Straße,16,Brandenburg,14.36839,51.760521,2022,NA,FALSE,Heizkraftwerk Cottbus,KWK935774960826,"Erdgas, Erdölgas"
SEE937536026146,ABR946446968408,Verbrennung,"SEE937536026146, SEE982928435068",GuD Marzahn Gasturbine,Teileinspeisung (einschließlich Eigenverbrauch),196000,12681,Berlin,Berlin,Allee der Kosmonauten,26 B,Berlin,13.521298,52.525284,2020,NA,FALSE,HKW Marzahn,KWK971642837913,"Erdgas, Erdölgas"
SEE982928435068,ABR946446968408,Verbrennung,"SEE937536026146, SEE982928435068",GuD Marzahn Dampfturbine,Volleinspeisung,70500,12681,Berlin,Berlin,Allee der Kosmonauten,26 B,Berlin,13.521298,52.525284,2020,NA,FALSE,HKW Marzahn,KWK971642837913,Dampf (zum Beispiel Prozesswärme)
SEE934669010578,ABR987228640990,Verbrennung,SEE934669010578,Bitterfeld GuD,Volleinspeisung,110000,06749,Anhalt-Bitterfeld,Bitterfeld-Wolfen,Parsevalstraße,3 B,Sachsen-Anhalt,12.304538,51.62902,2000,NA,FALSE,GuD Bitterfeld,KWK982239300055,"Erdgas, Erdölgas"
SEE915432109163,ABR914764874992,Verbrennung,NA,Irsching 6,Volleinspeisung,320000,85088,Pfaffenhofen a.d. Ilm,Vohburg,Paarstraße,30,Bayern,11.580019,48.767533,2023,NA,FALSE,Irsching,NA,"Erdgas, Erdölgas"
SEE914878135613,ABR905763255080,Verbrennung,"SEE999966551940, SEE914878135613",HKW Potsdam-Süd Block2,Volleinspeisung,42000,14478,Potsdam,Potsdam,Zum Heizwerk,20,Brandenburg,13.112052,52.366822,1996,NA,FALSE,HKW Potsdam-Süd,KWK944922270977,"Erdgas, Erdölgas"
SEE972128015696,ABR933233078730,Verbrennung,SEE972128015696,BHKW Merheim RheinEnergie,Volleinspeisung,31161,51109,Köln,Köln,Ostmerheimer Str.,557,Nordrhein-Westfalen,7.046648,50.956105,2020,NA,FALSE,NA,KWK919918272037,"Erdgas, Erdölgas"
SEE918337255669,NA,Verbrennung,"SEE918337255669, SEE949133098242, SEE904455926604, SEE980046698020",Turbine 6,Teileinspeisung (einschließlich Eigenverbrauch),20000,76187,Karlsruhe,Karlsruhe,Mitscherlichstraße,NA,Baden-Württemberg,8.312688,49.040172,1969,2021,TRUE,Kraftwerk SEM,KWK989471515711,Dampf (zum Beispiel Prozesswärme)
SEE975793104498,ABR946797556101,Verbrennung,SEE975793104498,GM4,Teileinspeisung (einschließlich Eigenverbrauch),10387,83022,Rosenheim,Rosenheim,Schönfeldstraße,15,Bayern,12.134196,47.856828,2013,NA,FALSE,NA,KWK948544085254,"Erdgas, Erdölgas"
SEE911097916719,ABR999627822365,Verbrennung,"SEE911097916719, SEE945682618689",Gasturbine Model Sachsen Papier,Teileinspeisung (einschließlich Eigenverbrauch),30649.26,04838,Nordsachsen,Eilenburg,Am Schanzberg,1,Sachsen,12.590274,51.467629,2009,NA,FALSE,Gasturbine Stora Enso Sachsen,KWK971183668724,"Erdgas, Erdölgas"
SEE905257392765,ABR908854555205,Verbrennung,SEE905257392765,Kesselhaus,Teileinspeisung (einschließlich Eigenverbrauch),16000,17389,Vorpommern-Greifswald,Anklam,Bluthsluster Straße,24,Mecklenburg-Vorpommern,13.709494,53.854372,1993,NA,FALSE,Kesselhaus,KWK992301155766,"Erdgas, Erdölgas"
SEE956085205437,ABR982790226122,Verbrennung,"SEE956085205437, SEE921503407342, SEE903050601572",Turbine/Generator 8,Teileinspeisung (einschließlich Eigenverbrauch),46000,84489,Altötting,Burghausen,Johannes-Hess-Straße,24,Bayern,12.847223,48.181096,1979,NA,FALSE,Thermisches Kraftwerk Burghausen,KWK914990324575,"Erdgas, Erdölgas"
SEE955310827123,ABR996401106758,Verbrennung,"SEE955310827123, SEE986249505394, SEE939468630132, SEE923244371197, SEE936196276359",Heizkraftwerk Leipzig Nord DT8B,Teileinspeisung (einschließlich Eigenverbrauch),25743,04105,Leipzig,Leipzig,Eutritzscher Straße,14b,Sachsen,12.377018,51.351219,2022,NA,FALSE,Heizkraftwerk Leipzig Nord,KWK996648203869,"Erdgas, Erdölgas"
SEE986249505394,ABR996401106758,Verbrennung,"SEE955310827123, SEE986249505394, SEE939468630132, SEE923244371197, SEE936196276359",Heizkraftwerk Leipzig Nord DT8C,Teileinspeisung (einschließlich Eigenverbrauch),26110,04105,Leipzig,Leipzig,Eutritzscher Straße,14b,Sachsen,12.377018,51.351219,2022,NA,FALSE,Heizkraftwerk Leipzig Nord,KWK996648203869,"Erdgas, Erdölgas"
SEE934531299087,ABR951461392695,Verbrennung,"SEE934531299087, SEE955111508221, SEE975166535577",Gasturbine GT,Volleinspeisung,22200,79639,Lörrach,Grenzach-Wyhlen,Emil-Barell-Straße,3,Baden-Württemberg,7.662787,47.546735,2017,NA,FALSE,Kraftwerk Grenzach-Wyhlen,KWK932919387036,"Erdgas, Erdölgas"
SEE947816911833,ABR982790226122,Verbrennung,SEE947816911833,Gasturbinenanlage 12,Teileinspeisung (einschließlich Eigenverbrauch),141000,84489,Altötting,Burghausen,Johannes-Hess-Straße,24,Bayern,12.846853,48.180977,2001,NA,FALSE,Thermisches Kraftwerk Burghausen,KWK955205624882,"Erdgas, Erdölgas"
SEE921503407342,ABR982790226122,Verbrennung,"SEE956085205437, SEE921503407342, SEE903050601572",Turbine/Generator 10,Teileinspeisung (einschließlich Eigenverbrauch),37800,84489,Altötting,Burghausen,Johannes-Hess-Straße,24,Bayern,12.847654,48.181065,2014,NA,FALSE,Thermisches Kraftwerk Burghausen,KWK914990324575,"Erdgas, Erdölgas"
SEE903050601572,ABR982790226122,Verbrennung,"SEE956085205437, SEE921503407342, SEE903050601572",Turbine/Generator 9,Teileinspeisung (einschließlich Eigenverbrauch),13600,84489,Altötting,Burghausen,Johannes-Hess-Straße,24,Bayern,12.847652,48.181041,1987,NA,FALSE,Thermisches Kraftwerk Burghausen,KWK914990324575,"Erdgas, Erdölgas"
SEE940039139749,ABR907617485391,Verbrennung,SEE940039139749,SW Karlsruhe Heizkraftwerk West Generator 3,Volleinspeisung,42000,76189,Karlsruhe,Karlsruhe,Honsellstraße,36,Baden-Württemberg,8.348024,49.01436,1984,NA,FALSE,SW Karlsruhe Heizkraftwerk West,KWK938490530205,"Erdgas, Erdölgas"
SEE927282130440,ABR983490316724,Verbrennung,SEE927282130440,Gasmotorenkraftwerk Römerbrücke,Volleinspeisung,53109,66121,Regionalverband Saarbrücken,Saarbrücken,Bismarckstraße,153,Saarland,7.016974,49.223076,2022,NA,FALSE,Gasmotorenkraftwerk Römerbrücke,KWK936177951015,"Erdgas, Erdölgas"
SEE921877855527,ABR974109816049,Verbrennung,"SEE921877855527, SEE988178455061, SEE966530598731",Gasturbine 01 Industriekraftwerk,Teileinspeisung (einschließlich Eigenverbrauch),63500,06406,Salzlandkreis,Bernburg,Köthensche Straße,1 a,Sachsen-Anhalt,11.751221,51.802614,2019,NA,FALSE,Solvay Bernburg Industriekraftwerk,KWK973765965245,"Erdgas, Erdölgas"
SEE949133098242,ABR949572880835,Verbrennung,"SEE918337255669, SEE949133098242, SEE904455926604, SEE980046698020",Turbine 7,Teileinspeisung (einschließlich Eigenverbrauch),20000,76187,Karlsruhe,Karlsruhe,Mitscherlichstraße,NA,Baden-Württemberg,8.312716,49.040244,1968,NA,FALSE,NA,KWK989471515711,Dampf (zum Beispiel Prozesswärme)
SEE904455926604,ABR949572880835,Verbrennung,"SEE918337255669, SEE949133098242, SEE904455926604, SEE980046698020",Turbine 4,Teileinspeisung (einschließlich Eigenverbrauch),20000,76187,Karlsruhe,Karlsruhe,Mitscherlichstraße,11,Baden-Württemberg,8.312158,49.041072,2010,NA,FALSE,NA,KWK989471515711,Dampf (zum Beispiel Prozesswärme)
SEE980046698020,ABR949572880835,Verbrennung,"SEE918337255669, SEE949133098242, SEE904455926604, SEE980046698020",Turbine 5,Teileinspeisung (einschließlich Eigenverbrauch),57300,76187,Karlsruhe,Karlsruhe,Mitscherlichstraße,NA,Baden-Württemberg,8.311712,49.04086,2020,NA,FALSE,NA,KWK989471515711,Dampf (zum Beispiel Prozesswärme)
SEE955548455112,ABR902662529014,Verbrennung,SEE955548455112,Restmüllheizkraftwerk,Teileinspeisung (einschließlich Eigenverbrauch),13000,71032,Böblingen,Böblingen,Musberger Sträßle,11,Baden-Württemberg,9.063295,48.692744,1999,NA,FALSE,RMHKW Böblingen,KWK916358762647,Dampf (zum Beispiel Prozesswärme)
SEE936443066245,ABR917372275175,Verbrennung,SEE936443066245,Müllheizkraftwerk Ulm-Donautal Turbine,Teileinspeisung (einschließlich Eigenverbrauch),11000,89079,Ulm,Ulm,Siemensstraße,1,Baden-Württemberg,9.954668,48.363428999999996,1997,NA,FALSE,NA,KWK968361681873,"Abfall (Hausmüll, Siedl.abf.)"
SEE909553236495,ABR985120957345,Verbrennung,SEE909553236495,Turbine Pronsfeld,Volleinspeisung,12982,54597,Eifelkreis Bitburg-Prüm,Pronsfeld,Im Scheid,1,Rheinland-Pfalz,6.347946,50.169556,2021,NA,FALSE,KWK Pronsfeld,KWK939572846207,"Erdgas, Erdölgas"
SEE976589352260,ABR944854763394,Verbrennung,"SEE976589352260, SEE925652456091",Müllheizkraftwerk Kassel M8,Volleinspeisung,17700,34123,Kassel,Kassel,Am Lossewerk,8,Hessen,9.528661,51.315782,2012,NA,FALSE,Müllheizkraftwerk Kassel,KWK907146532412,"Abfall (Hausmüll, Siedl.abf.)"
SEE928076311489,ABR998317421772,Verbrennung,"SEE928076311489, SEE992472260238",Fernwärmekraftwerk Kassel DT2,Volleinspeisung,38000,34134,Kassel,Kassel,Dennhäuser Straße,122,Hessen,9.486453,51.277989,1989,NA,FALSE,Fernwärmekraftwerk Kassel,KWK940030917728,Rohbraunkohlen
SEE948351715917,ABR995455200986,Verbrennung,SEE948351715917,GuD Herne,Volleinspeisung,621000,44653,Herne,Herne,Hertener Straße,16,Nordrhein-Westfalen,7.18335,51.5489,2022,NA,FALSE,GuD Herne,KWK917215996748,"Erdgas, Erdölgas"
SEE902238950303,ABR962424139622,Verbrennung,"SEE928072880231, SEE902238950303, SEE919137629452, SEE935809614632, SEE948546582201",IPH Strom GT1,Volleinspeisung,10800,65929,Frankfurt am Main,Frankfurt,Brüningstraße,50,Hessen,8.5317,50.091388,1958,NA,FALSE,---,KWK936060116484,"Erdgas, Erdölgas"
SEE920992144554,ABR991982851172,Verbrennung,SEE920992144554,HKW Mitte GuD BMHKW,Volleinspeisung,104240,38114,Braunschweig,Braunschweig,Reiherstraße,3,Niedersachsen,10.5136,52.2787,2023,NA,FALSE,HKW Mitte GuD BMHKW,KWK918570325808,"Erdgas, Erdölgas"
SEE958335974377,ABR991589008986,Verbrennung,SEE958335974377,Dampfturbine,Volleinspeisung,13700,56626,Mayen-Koblenz,Andernach,Koblenzer Straße,141,Rheinland-Pfalz,7.429402,50.432873,2008,NA,FALSE,IHKW Andernach,KWK953417953745,"Abfall (Hausmüll, Siedl.abf.)"
SEE919137629452,ABR962424139622,Verbrennung,"SEE928072880231, SEE902238950303, SEE919137629452, SEE935809614632, SEE948546582201",IPH Strom VT1,Volleinspeisung,18560,65929,Frankfurt am Main,Frankfurt,Brüningstraße,50,Hessen,8.5317,50.091388,1982,NA,FALSE,IPH Block B,KWK936060116484,"Erdgas, Erdölgas"
SEE988429673565,ABR940574202045,Verbrennung,SEE988429673565,TREA Breisgau,Volleinspeisung,17505,79427,Breisgau-Hochschwarzwald,Eschbach,Heitersheimer Straße,0,Baden-Württemberg,7.61687,47.890718,2004,NA,FALSE,TREA Breisgau,KWK979824550889,"Abfall (Hausmüll, Siedl.abf.)"
SEE988616317180,ABR981894412400,Verbrennung,"SEE968474056711, SEE919189403703, SEE988616317180, SEE969023487444, SEE964717210810, SEE913609763316",Generator 4,Volleinspeisung,11660,65203,Wiesbaden,Wiesbaden,Rheingaustraße,190-196,Hessen,8.248767,50.034962,1996,NA,FALSE,Generator 4,KWK903243410165,"Erdgas, Erdölgas"
SEE964717210810,ABR981894412400,Verbrennung,"SEE968474056711, SEE919189403703, SEE988616317180, SEE969023487444, SEE964717210810, SEE913609763316",Generator 3,Volleinspeisung,10573,65203,Wiesbaden,Wiesbaden,Rheingaustraße,190-196,Hessen,8.248697,50.034903,1977,NA,FALSE,NA,KWK903243410165,"Erdgas, Erdölgas"
SEE988178455061,ABR974109816049,Verbrennung,"SEE921877855527, SEE988178455061, SEE966530598731",Gasturbine 02 Industriekraftwerk,Teileinspeisung (einschließlich Eigenverbrauch),63500,06406,Salzlandkreis,Bernburg,Köthensche Straße,1A,Sachsen-Anhalt,11.751596,51.802479,2020,NA,FALSE,Solvay Bernburg Industriekraftwerk,KWK973765965245,"Erdgas, Erdölgas"
SEE966530598731,ABR974109816049,Verbrennung,"SEE921877855527, SEE988178455061, SEE966530598731",Gegendruckdampfturbine Industriekraftwerk,Teileinspeisung (einschließlich Eigenverbrauch),21700,06406,Salzlandkreis,Bernburg,Köthensche Straße,1 a,Sachsen-Anhalt,11.751566,51.802328,1994,NA,FALSE,Solvay Bernburg Industriekraftwerk,KWK973765965245,Dampf (zum Beispiel Prozesswärme)
SEE956268312785,ABR974109816049,Verbrennung,SEE956268312785,Kondensationsturbine EKT,Teileinspeisung (einschließlich Eigenverbrauch),40490,06406,Salzlandkreis,Bernburg,Köthensche Straße,1,Sachsen-Anhalt,11.758964,51.80076,2009,NA,FALSE,Solvay Bernburg EKT-Anlage,KWK939906723679,Dampf (zum Beispiel Prozesswärme)
SEE933851011843,ABR993122874003,Verbrennung,"SEE935397901879, SEE933851011843",Turbine 22,Teileinspeisung (einschließlich Eigenverbrauch),19200,50769,Köln,Köln,Alte Str.,201,Nordrhein-Westfalen,6.846753,51.067642,1964,NA,FALSE,Kessel 3,KWK985673677042,Sonstige hergestellte Gase
SEE909438607068,ABR962424139622,Verbrennung,"SEE946744372112, SEE909438607068, SEE905366486355",IPH Strom VT3,Volleinspeisung,13000,65929,Frankfurt am Main,Frankfurt,Brüningstraße,50,Hessen,8.531411,50.091333,2021,NA,FALSE,IPH Block A,KWK955718937547,"Erdgas, Erdölgas"
SEE905366486355,ABR962424139622,Verbrennung,"SEE946744372112, SEE909438607068, SEE905366486355",IPH Strom VT4,Volleinspeisung,27000,65929,Frankfurt am Main,Frankfurt,Brüningstraße,50,Hessen,8.531411,50.091333,2021,NA,FALSE,IPH Block A,KWK955718937547,"Erdgas, Erdölgas"
SEE913516809497,ABR972496418143,Verbrennung,SEE913516809497,Datteln 4,Teileinspeisung (einschließlich Eigenverbrauch),1100000,45711,Recklinghausen,Datteln,Im Löringhof,10,Nordrhein-Westfalen,7.34248,51.63313,2020,NA,FALSE,Datteln 4,KWK994225363173,Steinkohlen
SEE980016033738,ABR915068942295,Verbrennung,"SEE980016033738, SEE980331579218",Rheinhafen-Dampfkraftwerk RDK 7,Teileinspeisung (einschließlich Eigenverbrauch),536000,76189,Karlsruhe,Karlsruhe,Fettweisstraße,42,Baden-Württemberg,8.30175,49.01193,1985,NA,FALSE,Rheinhafen-Dampfkraftwerk,KWK990225909441,Steinkohlen
SEE936502086450,ABR962424139622,Verbrennung,"SEE936502086450, SEE974805767829",IPH Strom GTX 7,Volleinspeisung,90814,65929,Frankfurt am Main,Frankfurt,Brüningstraße,50,Hessen,8.532036,50.090615,2022,NA,FALSE,IPH Block 7,KWK993788265825,"Erdgas, Erdölgas"
SEE974805767829,ABR962424139622,Verbrennung,"SEE936502086450, SEE974805767829",IPH Strom GTX 8,Volleinspeisung,90684,65929,Frankfurt am Main,Frankfurt,Brüningstraße,50,Hessen,8.532036,50.090615,2022,NA,FALSE,IPH Block 8,KWK993788265825,"Erdgas, Erdölgas"
SEE918791805134,ABR993122874003,Verbrennung,SEE918791805134,Turbine 23,Teileinspeisung (einschließlich Eigenverbrauch),17900,50769,Köln,Köln,Alte Str.,201,Nordrhein-Westfalen,6.846753,51.067642,1963,NA,FALSE,Kessel 4,KWK967106417128,Sonstige hergestellte Gase
SEE948546582201,NA,Verbrennung,"SEE928072880231, SEE902238950303, SEE919137629452, SEE935809614632, SEE948546582201",IPH Strom VT2,Volleinspeisung,18560,65929,Frankfurt am Main,Frankfurt,Brüningstraße,50,Hessen,8.5317,50.091388,1983,2025,TRUE,IPH Block B,KWK936060116484,"Erdgas, Erdölgas"
SEE953991032447,ABR949245215742,Verbrennung,SEE953991032447,KWKK Heidelberg,Teileinspeisung (einschließlich Eigenverbrauch),15000,69120,Heidelberg,Heidelberg,Im Neuenheimer Feld,530,Baden-Württemberg,8.672957,49.421759,2001,NA,FALSE,KWKK Heidelberg,KWK976687631816,"Erdgas, Erdölgas"
SEE929865645150,ABR993122874003,Verbrennung,NA,Turbine 24,Teileinspeisung (einschließlich Eigenverbrauch),10400,50769,Köln,Köln,Alte Str.,201,Nordrhein-Westfalen,6.846753,51.067642,1966,NA,FALSE,Kessel 3/4,NA,Sonstige hergestellte Gase
SEE993292613167,ABR948966352149,Verbrennung,"SEE964450365167, SEE970931306376, SEE986520256656, SEE952058615067, SEE907396256311, SEE993292613167, SEE988089360973",Solvay Rb TA8,Teileinspeisung (einschließlich Eigenverbrauch),15940,47495,Wesel,Rheinberg,Xantener Straße,237,Nordrhein-Westfalen,6.577786,51.563892,2021,NA,FALSE,Solvay Rb Kraftwerk,KWK972796708609,Dampf (zum Beispiel Prozesswärme)
SEE926090463146,ABR946446968408,Verbrennung,"SEE926090463146, SEE962934119541, SEE905484009146",HKW Charlottenburg Gasturbine 4,Teileinspeisung (einschließlich Eigenverbrauch),73000,10589,Berlin,Berlin,Am Spreebord,5,Berlin,13.311595,52.521291,1976,NA,FALSE,HKW Charlottenburg,KWK915336403503,"Erdgas, Erdölgas"
SEE962934119541,ABR946446968408,Verbrennung,"SEE926090463146, SEE962934119541, SEE905484009146",HKW Charlottenburg Gasturbine 5,Teileinspeisung (einschließlich Eigenverbrauch),73000,10589,Berlin,Berlin,Am Spreebord,5,Berlin,13.311595,52.521291,1976,NA,FALSE,HKW Charlottenburg,KWK915336403503,"Erdgas, Erdölgas"
SEE988668060393,NA,Verbrennung,SEE988668060393,Turbine 31,Teileinspeisung (einschließlich Eigenverbrauch),33600,50769,Köln,Köln,Alte Str.,201,Nordrhein-Westfalen,6.846753,51.067642,1967,2026,TRUE,Kessel 5,KWK909558022888,Sonstige hergestellte Gase
SEE905554171988,NA,Verbrennung,SEE905554171988,Hafen Block 6,Teileinspeisung (einschließlich Eigenverbrauch),330000,28237,Bremen,Bremen,Otavistraße,9,Bremen,8.726764,53.124672,1979,2021,TRUE,Hafen,KWK938289400580,Steinkohlen
SEE971280976463,ABR963548037979,Verbrennung,SEE971280976463,MHKW Turbine,Volleinspeisung,13200,73037,Göppingen,Göppingen,Iltishofweg,40,Baden-Württemberg,9.671377,48.68247,1975,NA,FALSE,NA,KWK929654367690,"Abfall (Hausmüll, Siedl.abf.)"
SEE948481095354,ABR931234317674,Verbrennung,"SEE948481095354, SEE930751125922",Generator 1,Teileinspeisung (einschließlich Eigenverbrauch),15000,31171,Hildesheim,Nordstemmen,Calenberger Straße,36,Niedersachsen,9.794217,52.170307,1988,NA,FALSE,KWK-Anlage Zuckerfabrik,KWK991860804771,"Erdgas, Erdölgas"
SEE924172977710,ABR901047920507,Verbrennung,NA,Mittelsbüren GT3,Volleinspeisung,87000,28237,Bremen,Bremen,Auf den Delben,35,Bremen,8.688056,53.128278,1975,NA,FALSE,Mittelsbüren,NA,"Heizöl, leicht"
SEE958310939391,ABR940613066898,Verbrennung,SEE958310939391,MKK,Teileinspeisung (einschließlich Eigenverbrauch),35000,28237,Bremen,Bremen,Otavistraße,9,Bremen,8.726764,53.124672,2009,NA,FALSE,Hafen,KWK991297043828,Industrieabfall
SEE928761575349,ABR964713805508,Verbrennung,SEE928761575349,EEW Großräschen GmbH,Teileinspeisung (einschließlich Eigenverbrauch),25000,01983,Oberspreewald-Lausitz,Großräschen,Bergmannstraße,900 r,Brandenburg,13.979457,51.582067,2008,NA,FALSE,EEW Großräschen GmbH,KWK955712527546,"Abfall (Hausmüll, Siedl.abf.)"
SEE930751125922,ABR931234317674,Verbrennung,"SEE948481095354, SEE930751125922",Generator 2,Teileinspeisung (einschließlich Eigenverbrauch),15000,31171,Hildesheim,Nordstemmen,Calenberger Straße,36,Niedersachsen,9.794087,52.170386,1993,NA,FALSE,Generator 2,KWK991860804771,"Erdgas, Erdölgas"
SEE981220191160,NA,Verbrennung,SEE981220191160,HKW Oberkirch,Teileinspeisung (einschließlich Eigenverbrauch),20000,77704,Ortenaukreis,Oberkirch,Hauptstraße,2,Baden-Württemberg,8.08621,48.525262,1987,2024,TRUE,HKW Oberkirch,KWK962451470507,Steinkohlen
SEE989202977269,ABR940244377455,Verbrennung,NA,GUD Mibü,Teileinspeisung (einschließlich Eigenverbrauch),460000,28237,Bremen,Bremen,Auf den Delben,35,Bremen,8.682747,53.129744,2014,NA,FALSE,Mittelsbüren,NA,"Erdgas, Erdölgas"
SEE941053107073,ABR977437284269,Verbrennung,SEE941053107073,Stromerzeugung Barby,Teileinspeisung (einschließlich Eigenverbrauch),17951,39249,Salzlandkreis,Barby,Monplaisirstraße,22,Sachsen-Anhalt,11.877509,51.984821,2013,NA,FALSE,KWK-Anlage Barby,KWK928950408144,"Erdgas, Erdölgas"
SEE915604855232,ABR915579840684,Verbrennung,"SEE915604855232, SEE904653296578, SEE905588844841",GuD-Anlage (Gasturbine),Volleinspeisung,32250,63741,Aschaffenburg,Aschaffenburg,Weichertstraße,7,Bayern,9.153506,49.988891,2013,NA,FALSE,GuD-Anlage,KWK921564179417,"Erdgas, Erdölgas"
SEE986413873564,ABR940613066898,Verbrennung,"SEE972694764301, SEE986413873564, SEE950201173198",MHKW_Gen2,Teileinspeisung (einschließlich Eigenverbrauch),13700,28219,Bremen,Bremen,Oken,2,Bremen,8.816116,53.113561,2004,NA,FALSE,MHKW,KWK917626016615,"Abfall (Hausmüll, Siedl.abf.)"
SEE950201173198,ABR940613066898,Verbrennung,"SEE972694764301, SEE986413873564, SEE950201173198",MHKW_Gen4,Teileinspeisung (einschließlich Eigenverbrauch),50000,28219,Bremen,Bremen,Oken,2,Bremen,8.816116,53.113561,2013,NA,FALSE,MHKW,KWK917626016615,"Abfall (Hausmüll, Siedl.abf.)"
SEE956337212497,ABR999275057935,Verbrennung,"SEE956337212497, SEE964903137297, SEE998479256069",Dampfturbine I Südzucker Ochsenfurt,Teileinspeisung (einschließlich Eigenverbrauch),14400,97199,Würzburg,Ochsenfurt,Marktbreiter Straße,74,Bayern,10.081824,49.666099,1978,NA,FALSE,KWK Südzucker Ochsenfurt,KWK971693297841,Dampf (zum Beispiel Prozesswärme)
SEE918609979057,ABR996401106758,Verbrennung,"SEE918609979057, SEE980915157566",Heizkraftwerk Leipzig Süd GTA 9A,Teileinspeisung (einschließlich Eigenverbrauch),66766,04279,Leipzig,Leipzig,Bornaische Straße,120,Sachsen,12.38509,51.297278,2022,NA,FALSE,NA,KWK904000055377,"Erdgas, Erdölgas"
SEE980915157566,ABR996401106758,Verbrennung,"SEE918609979057, SEE980915157566",Heizkraftwerk Leipzig Süd GTA 9B,Teileinspeisung (einschließlich Eigenverbrauch),66465,04279,Leipzig,Leipzig,Bornaische Straße,120,Sachsen,12.38509,51.297278,2022,NA,FALSE,NA,KWK904000055377,"Erdgas, Erdölgas"
SEE977368296324,ABR926412045777,Verbrennung,"SEE977368296324, SEE914740925915, SEE956308510836, SEE963197749315, SEE976252866650",MOT 1,Teileinspeisung (einschließlich Eigenverbrauch),10387,75175,Pforzheim,Pforzheim,Hohwiesenweg,19,Baden-Württemberg,8.725477,48.896998,2021,NA,FALSE,Heizkraftwerk Pforzheim,KWK944903507467,"Erdgas, Erdölgas"
SEE914740925915,ABR926412045777,Verbrennung,"SEE977368296324, SEE914740925915, SEE956308510836, SEE963197749315, SEE976252866650",MOT 2,Teileinspeisung (einschließlich Eigenverbrauch),10387,75175,Pforzheim,Pforzheim,Hohwiesenweg,19,Baden-Württemberg,8.725477,48.896998,2021,NA,FALSE,Heizkraftwerk Pforzheim,KWK944903507467,"Erdgas, Erdölgas"
SEE956308510836,ABR926412045777,Verbrennung,"SEE977368296324, SEE914740925915, SEE956308510836, SEE963197749315, SEE976252866650",MOT 3,Teileinspeisung (einschließlich Eigenverbrauch),10387,75175,Pforzheim,Pforzheim,Hohwiesenweg,19,Baden-Württemberg,8.725477,48.896998,2021,NA,FALSE,Heizkraftwerk Pforzheim,KWK944903507467,"Erdgas, Erdölgas"
SEE963197749315,ABR926412045777,Verbrennung,"SEE977368296324, SEE914740925915, SEE956308510836, SEE963197749315, SEE976252866650",MOT 4,Teileinspeisung (einschließlich Eigenverbrauch),10387,75175,Pforzheim,Pforzheim,Hohwiesenweg,19,Baden-Württemberg,8.725477,48.896998,2021,NA,FALSE,Heizkraftwerk Pforzheim,KWK944903507467,"Erdgas, Erdölgas"
SEE976252866650,ABR926412045777,Verbrennung,"SEE977368296324, SEE914740925915, SEE956308510836, SEE963197749315, SEE976252866650",MOT 5,Teileinspeisung (einschließlich Eigenverbrauch),10387,75175,Pforzheim,Pforzheim,Hohwiesenweg,19,Baden-Württemberg,8.725477,48.896998,2021,NA,FALSE,Heizkraftwerk Pforzheim,KWK944903507467,"Erdgas, Erdölgas"
SEE972475289894,ABR900121894048,Verbrennung,"SEE972466462527, SEE972475289894, SEE949123804273, SEE951684578067, SEE938158660541",Gasturbine 1 - GuD MPE,Teileinspeisung (einschließlich Eigenverbrauch),14250,33699,Bielefeld,Bielefeld,Niedernholz,23,Nordrhein-Westfalen,8.618136,51.999589,2005,NA,FALSE,GuD Kraftwerk Hillegossen,KWK969952298944,"Erdgas, Erdölgas"
SEE949123804273,NA,Verbrennung,"SEE972466462527, SEE972475289894, SEE949123804273, SEE951684578067, SEE938158660541",Gasturbine 2 - GuD MPE,Teileinspeisung (einschließlich Eigenverbrauch),14250,33699,Bielefeld,Bielefeld,Niedernholz,23,Nordrhein-Westfalen,8.614187,52.000329,2005,2021,TRUE,GuD Kraftwerk Hillegossen,KWK969952298944,"Erdgas, Erdölgas"
SEE960100973492,ABR930724592683,Verbrennung,"SEE960100973492, SEE934530018092",HKW Wedel Block 1,Volleinspeisung,152800,22880,Pinneberg,Wedel,Tinsdaler Weg,146,Schleswig-Holstein,9.724102,53.568151,1993,NA,FALSE,HKW Wedel Block 1,KWK962490364225,Steinkohlen
SEE934530018092,ABR930724592683,Verbrennung,"SEE960100973492, SEE934530018092",HKW Wedel Block 2,Volleinspeisung,133600,22880,Pinneberg,Wedel,Tinsdaler Weg,146,Schleswig-Holstein,9.724102,53.568151,1993,NA,FALSE,HKW Wedel,KWK962490364225,Steinkohlen
SEE987197130805,ABR930724592683,Verbrennung,"SEE987197130805, SEE901401382521",Tiefstack HKW Block 20,Volleinspeisung,205000,22113,Hamburg,Hamburg,Andreas-Meyer-Straße,8,Hamburg,10.065517,53.526083,1993,NA,FALSE,NA,KWK990564253250,Steinkohlen
SEE913896693631,ABR930724592683,Verbrennung,"SEE913896693631, SEE973601397087, SEE999106955379",Tiefstack GuD GT41,Volleinspeisung,51000,22113,Hamburg,Hamburg,Andreas-Meyer-Straße,8,Hamburg,10.065517,53.526083,2009,NA,FALSE,GuD Tiefstack,KWK916286884688,"Erdgas, Erdölgas"
SEE950041295098,NA,Verbrennung,NA,GTKW Wedel,Volleinspeisung,55000,22880,Pinneberg,Wedel,Tinsdaler Weg,146,Schleswig-Holstein,9.724102,53.568151,1972,2024,TRUE,GTKW Wedel,NA,"Heizöl, leicht"
SEE969775213346,ABR975955212252,Verbrennung,SEE969775213346,"Shell Energy and Chemicals Park, Kraftwerk Godorf",Teileinspeisung (einschließlich Eigenverbrauch),107000,50997,Köln,Köln,Godorfer Hauptstr.,150,Nordrhein-Westfalen,6.976044,50.854,2016,NA,FALSE,RLR Kraftwerk Godorf,KWK900260868313,Raffineriegas
SEE916662059105,ABR991486622452,Verbrennung,"SEE916662059105, SEE942226311273, SEE908746529123",GuD-Block 1,Volleinspeisung,37000,18069,Rostock,Rostock,Schmarler Damm,5,Mecklenburg-Vorpommern,12.083541,54.1256,1996,NA,FALSE,HKW Rostock-Marienehe,KWK974097130684,"Erdgas, Erdölgas"
SEE920575296687,ABR916522919808,Verbrennung,"SEE920575296687, SEE920801236685","Kraftwerk VII, Block 71, GT711",Volleinspeisung,57210,45772,Recklinghausen,Marl,Paul-Baumann-Straße,1,Nordrhein-Westfalen,7.081799,51.683793,2022,NA,FALSE,Kraftwerk VII,KWK956006870591,"Erdgas, Erdölgas"
SEE942226311273,ABR991486622452,Verbrennung,"SEE916662059105, SEE942226311273, SEE908746529123",GuD-Block 2,Volleinspeisung,37000,18069,Rostock,Rostock,Schmarler Damm,5,Mecklenburg-Vorpommern,12.083541,54.1256,1996,NA,FALSE,HKW Rostock-Marienehe,KWK974097130684,"Erdgas, Erdölgas"
SEE908746529123,ABR991486622452,Verbrennung,"SEE916662059105, SEE942226311273, SEE908746529123",GuD-Block 3,Volleinspeisung,37000,18069,Rostock,Rostock,Schmarler Damm,5,Mecklenburg-Vorpommern,12.083541,54.1256,1996,NA,FALSE,HKW Rostock-Marienehe,KWK974097130684,"Erdgas, Erdölgas"
SEE944111876263,ABR986163576012,Verbrennung,SEE944111876263,PPO1 - Eisenhüttenstadt,Volleinspeisung,32000,15890,Oder-Spree,Eisenhüttenstadt,Oderlandstraße,109,Brandenburg,14.639684,52.172833,2009,NA,FALSE,PPO1 - EBS Heizkraftwerk - Eisenhüttenstadt,KWK912511556702,Industrieabfall
SEE957709110953,NA,Verbrennung,SEE957709110953,Heizkraftwerk HKW,Teileinspeisung (einschließlich Eigenverbrauch),27700,78224,Konstanz,Singen,Alusingenplatz,1,Baden-Württemberg,8.854196,47.76199,1982,2024,TRUE,NA,KWK955836103794,Steinkohlen
SEE950589701143,ABR912255793326,Verbrennung,NA,Gaskraftwerk Emden - Gasturbine,Volleinspeisung,54000,26725,Emden,Emden,Zum Kraftwerk,NA,Niedersachsen,7.210348,53.340524,1973,NA,FALSE,GuD Kraftwerk Emden,NA,"Erdgas, Erdölgas"
SEE965782597448,ABR915068942295,Verbrennung,"SEE965782597448, SEE975556152230",Heizkraftwerk Altbach/Deizisau HKW 2 DT (Solobetrieb),Teileinspeisung (einschließlich Eigenverbrauch),354000,73776,Esslingen,Altbach,Industriestraße,11,Baden-Württemberg,9.375283,48.718754,1997,NA,FALSE,Heizkraftwerk Altbach/Deizisau,KWK989781465805,Steinkohlen
SEE935952275827,ABR976340054143,Verbrennung,"SEE976376888927, SEE943682372433, SEE935952275827",Dampfturbine,Teileinspeisung (einschließlich Eigenverbrauch),14240,39164,Börde,Wanzleben-Börde,Magdeburger Landstraße,1,Sachsen-Anhalt,11.385528,52.072729,1994,NA,FALSE,KWK-Anlage,KWK968016506131,"Erdgas, Erdölgas"
SEE975556152230,ABR915068942295,Verbrennung,"SEE965782597448, SEE975556152230",Heizkraftwerk Altbach/Deizisau HKW 2 GT E (Solobetrieb),Teileinspeisung (einschließlich Eigenverbrauch),65000,73776,Esslingen,Altbach,Industriestraße,11,Baden-Württemberg,9.375283,48.718754,1997,NA,FALSE,Heizkraftwerk Altbach/Deizisau,KWK989781465805,"Erdgas, Erdölgas"
SEE990523934756,ABR975955212252,Verbrennung,SEE990523934756,"Shell Energy and Chemicals Park, Kraftwerk Wesseling, Turbine 1",Teileinspeisung (einschließlich Eigenverbrauch),35000,50389,Rhein-Erft-Kreis,Wesseling,Ludwigshafener Str.,1,Nordrhein-Westfalen,7.005498,50.814133,1993,NA,FALSE,"Shell Deutschland Oil GmbH, RRS, Turbine 1",KWK990836902398,"Heizöl, schwer"
SEE997867646000,ABR924424666799,Verbrennung,"SEE997867646000, SEE990603147649, SEE927419839802","Heizkraftwerk Bonn-Nord, Dampfturbine GuD-Anlage",Teileinspeisung (einschließlich Eigenverbrauch),62000,53115,Bonn,Bonn,Karlstr.,2,Nordrhein-Westfalen,7.079951,50.733443,2013,NA,FALSE,GuD-Anlage Bonn-Nord,KWK922383776528,"Erdgas, Erdölgas"
SEE956216040883,ABR967773538492,Verbrennung,"SEE943766131437, SEE956216040883",Turbine 2,Teileinspeisung (einschließlich Eigenverbrauch),11800,97424,Schweinfurt,Schweinfurt,Hafenstraße,30,Bayern,10.224193,50.029986,1990,NA,FALSE,GKS-Gemeinschaftskraftwerk Schweinfurt GmbH,KWK964377899691,Steinkohlen
SEE917110358740,ABR916475137915,Verbrennung,SEE917110358740,Steinbeis Energie EBS Kessel 6,Volleinspeisung,21400,25348,Steinburg,Glückstadt,Stadtstraße,20,Schleswig-Holstein,9.428581,53.782356,2010,NA,FALSE,EBS Kessel 6,KWK972979675841,"Abfall (Hausmüll, Siedl.abf.)"
SEE950593842498,ABR921682617990,Verbrennung,SEE950593842498,Remondis Thermische Abfallverwertung GmbH,Volleinspeisung,27000,39418,Salzlandkreis,Staßfurt,Butterwecker Weg,6,Sachsen-Anhalt,11.575467,51.866625,2007,NA,FALSE,REMONDIS THermische Abfallverwertung,KWK933040841626,"Abfall (Hausmüll, Siedl.abf.)"
SEE917497526305,ABR916566675685,Verbrennung,"SEE917497526305, SEE989834346082",KWK GT1,Teileinspeisung (einschließlich Eigenverbrauch),15551.5,21683,Stade,Stade,Johann-Rathje-Köser-Str.,NA,Niedersachsen,9.493085,53.655889,2012,NA,FALSE,KWK AOS GmbH,KWK913106539070,"Erdgas, Erdölgas"
SEE906326984744,ABR949574336156,Verbrennung,NA,Weiher 3,Teileinspeisung (einschließlich Eigenverbrauch),724000,66287,Regionalverband Saarbrücken,Quierschied,Kraftwerk Weiher,2,Saarland,7.028434,49.333966,1976,NA,FALSE,KW Weiher,NA,Steinkohlen
SEE954971534470,ABR949574336156,Verbrennung,NA,Bexbach,Teileinspeisung (einschließlich Eigenverbrauch),780000,66450,Saarpfalz-Kreis,Bexbach,Grubenstraße,NA,Saarland,7.237308,49.36139,1983,NA,FALSE,KW Bexbach,NA,Steinkohlen
SEE987838157994,ABR949574336156,Verbrennung,"SEE987838157994, SEE919393178787, SEE923485223774",Fenne HKV,Teileinspeisung (einschließlich Eigenverbrauch),236000,66333,Regionalverband Saarbrücken,Völklingen,Saarbrücker Straße,135,Saarland,6.881947,49.24903,1989,NA,FALSE,KW Fenne,KWK957305809749,Steinkohlen
SEE919393178787,ABR949574336156,Verbrennung,"SEE987838157994, SEE919393178787, SEE923485223774",Fenne MKV,Teileinspeisung (einschließlich Eigenverbrauch),195000,66333,Regionalverband Saarbrücken,Völklingen,Saarbrücker Straße,135,Saarland,6.879994,49.248835,1982,NA,FALSE,KW Fenne,KWK957305809749,Steinkohlen
SEE981003349412,ABR980561100190,Verbrennung,"SEE981003349412, SEE934591835126, SEE900073920406, SEE953266686481, SEE977770417713",T6,Teileinspeisung (einschließlich Eigenverbrauch),23020,24534,Neumünster,Neumünster,Bismarckstraße,51,Schleswig-Holstein,9.987944,54.081997,2014,NA,FALSE,HKW Neumünster,KWK943096849477,"Abfall (Hausmüll, Siedl.abf.)"
SEE923485223774,NA,Verbrennung,"SEE987838157994, SEE919393178787, SEE923485223774",Fenne MKV Gasturbine,Volleinspeisung,35000,66333,Regionalverband Saarbrücken,Völklingen,Saarbrücker Straße,135,Saarland,6.879994,49.248835,1982,2024,TRUE,KW Fenne,KWK957305809749,"Heizöl, leicht"
SEE934591835126,NA,Verbrennung,"SEE981003349412, SEE934591835126, SEE900073920406, SEE953266686481, SEE977770417713",T4,Teileinspeisung (einschließlich Eigenverbrauch),17360,24534,Neumünster,Neumünster,Bismarckstraße,51,Schleswig-Holstein,9.987944,54.081997,1974,2024,TRUE,HKW Neumünster,KWK943096849477,Steinkohlen
SEE900073920406,NA,Verbrennung,"SEE981003349412, SEE934591835126, SEE900073920406, SEE953266686481, SEE977770417713",T5,Teileinspeisung (einschließlich Eigenverbrauch),21800,24534,Neumünster,Neumünster,Bismarckstraße,51,Schleswig-Holstein,9.987944,54.081997,1983,2021,TRUE,HKW Neumünster,KWK943096849477,Steinkohlen
SEE971282697380,ABR915068942295,Verbrennung,NA,Heizkraftwerk Altbach/Deizisau Block 4 GT A (solo),Teileinspeisung (einschließlich Eigenverbrauch),50000,73776,Esslingen,Altbach,Industriestraße,11,Baden-Württemberg,9.37403,48.718125,1971,NA,FALSE,Heizkraftwerk Altbach/Deizisau,NA,"Erdgas, Erdölgas"
SEE918143230942,ABR949574336156,Verbrennung,SEE918143230942,Walsum 10,Teileinspeisung (einschließlich Eigenverbrauch),790000,47179,Duisburg,Duisburg,Dr.-Wilhelm-Roelen-Str.,129,Nordrhein-Westfalen,6.709618,51.526844,2013,NA,FALSE,KW Walsum,KWK966253064131,Steinkohlen
SEE924286409503,ABR969583028477,Verbrennung,SEE924286409503,IKW Rüdersdorf,Teileinspeisung (einschließlich Eigenverbrauch),35540,15562,Märkisch-Oderland,Rüdersdorf,Siedlerweg,11,Brandenburg,13.829107,52.488205,2007,NA,FALSE,IKW Rüdersdorf,KWK903368349234,Industrieabfall
SEE977898966292,ABR903858935077,Verbrennung,SEE977898966292,MVR Rugenberger Damm Müll,Teileinspeisung (einschließlich Eigenverbrauch),28875,21129,Hamburg,Hamburg,Rugenberger Damm,1,Hamburg,9.93467,53.521125,1999,NA,FALSE,MVR Rugenberger Damm Müll,KWK943259355487,"Abfall (Hausmüll, Siedl.abf.)"
SEE987361570932,ABR922793638713,Verbrennung,SEE987361570932,HKW BRB,Volleinspeisung,36960,14772,Brandenburg an der Havel,Brandenburg,Upstallstraße,9,Brandenburg,12.542451,52.43,1997,NA,FALSE,HKW BRB,KWK998208971089,"Erdgas, Erdölgas"
SEE911764038249,ABR914764874992,Verbrennung,SEE911764038249,Franken DT1,Volleinspeisung,395000,90449,Nürnberg,Nürnberg,Felsenstraße,14,Bayern,11.00767,49.42092,1973,NA,FALSE,Franken,KWK965548349922,"Erdgas, Erdölgas"
SEE982367992610,ABR914764874992,Verbrennung,SEE982367992610,Franken GT2,Volleinspeisung,58000,90449,Nürnberg,Nürnberg,Felsenstraße,14,Bayern,11.00767,49.42092,1975,NA,FALSE,Franken,KWK978891012092,"Erdgas, Erdölgas"
SEE904968236689,NA,Verbrennung,NA,Kraftwerk Farge,Volleinspeisung,380000,28777,Bremen,Bremen,Wilhelmshavener Straße,6,Bremen,8.519465,53.198738,1969,2024,TRUE,Kraftwerk Farge,NA,Steinkohlen
SEE909927513559,ABR942892589341,Verbrennung,"SEE909927513559, SEE996285049943",KW3 GT31,Teileinspeisung (einschließlich Eigenverbrauch),296300,55120,Mainz,Mainz,Kraftwerkallee,1,Rheinland-Pfalz,8.2409,50.027031,2001,NA,FALSE,KW3 GT31,KWK906718231418,"Erdgas, Erdölgas"
SEE996285049943,ABR942892589341,Verbrennung,"SEE909927513559, SEE996285049943",KW3 DT32,Volleinspeisung,139700,55120,Mainz,Mainz,Kraftwerkallee,1,Rheinland-Pfalz,8.2409,50.027031,2001,NA,FALSE,KW3 DT32,KWK906718231418,"Erdgas, Erdölgas"
SEE976415135319,ABR977437284269,Verbrennung,SEE976415135319,BHKW Kre,Teileinspeisung (einschließlich Eigenverbrauch),14330,47809,Krefeld,Krefeld,Düsseldorfer Straße,191,Nordrhein-Westfalen,6.66368,51.338941,1996,NA,FALSE,BHKW Kre,KWK910950421445,"Erdgas, Erdölgas"
SEE926239714443,ABR977437284269,Verbrennung,SEE926239714443,DT Kre,Teileinspeisung (einschließlich Eigenverbrauch),26775,47809,Krefeld,Krefeld,Düsseldorfer Strasse,191,Nordrhein-Westfalen,6.66368,51.338941,1964,NA,FALSE,DT Kre,KWK933048766860,"Erdgas, Erdölgas"
SEE970425279599,ABR974649691397,Verbrennung,NA,Kraftwerk Wilhelmshaven Onyx,Volleinspeisung,790000,26386,Wilhelmshaven,Wilhelmshaven,Niedersachsendamm,10,Niedersachsen,8.135986,53.575142,2015,NA,FALSE,Kraftwerk Wilhelmshaven Onyx,NA,Steinkohlen
SEE958847865460,ABR972405386327,Verbrennung,SEE958847865460,Kraftwerk Zolling,Teileinspeisung (einschließlich Eigenverbrauch),501000,85406,Freising,Zolling,Leiningerstraße,1,Bayern,11.796122,48.455489,1985,NA,FALSE,Kraftwerk Zolling,KWK982123341850,Steinkohlen
SEE925694194494,NA,Verbrennung,NA,UPM Augsburg Gaskraftwerk,Teileinspeisung (einschließlich Eigenverbrauch),31000,86153,Augsburg,Augsburg,Georg-Haindl-Straße,4,Bayern,10.899984,48.379336,1992,2023,TRUE,Gaskraftwerk UPM Augsburg,NA,"Erdgas, Erdölgas"
SEE927716043575,ABR982903799758,Verbrennung,"SEE927716043575, SEE953954419285",MVA EEW Hannover,Teileinspeisung (einschließlich Eigenverbrauch),29600,30659,Region Hannover,Hannover,Moorwaldweg,310,Niedersachsen,9.853278,52.411981,2005,NA,FALSE,KWK EEW Hannover,KWK979015164277,"Abfall (Hausmüll, Siedl.abf.)"
SEE906215229154,ABR997110877342,Verbrennung,NA,MVA EEW Helmstedt,Teileinspeisung (einschließlich Eigenverbrauch),46800,38372,Helmstedt,Büddenstedt,Am Kraftwerk,2,Niedersachsen,10.978255,52.169999,2014,NA,FALSE,MVA EEW Helmstedt,NA,"Abfall (Hausmüll, Siedl.abf.)"
SEE962777669616,ABR972405386327,Verbrennung,NA,Zolling GT1,Volleinspeisung,25000,85406,Freising,Zolling,Leiningerstraße,1,Bayern,11.796122,48.455489,1986,NA,FALSE,Zolling GT1,NA,"Heizöl, leicht"
SEE949509046600,ABR972405386327,Verbrennung,NA,Zolling GT2,Volleinspeisung,25000,85406,Freising,Zolling,Leiningerstraße,1,Bayern,11.796122,48.455489,1976,NA,FALSE,Zolling GT2,NA,"Heizöl, leicht"
SEE999977738880,NA,Verbrennung,SEE999977738880,IKW Deuben,Teileinspeisung (einschließlich Eigenverbrauch),78000,06682,Burgenlandkreis,Teuchern,Industriestraße,1,Sachsen-Anhalt,12.078231,51.112211,1936,2021,TRUE,IKW Deuben,KWK904334277650,Rohbraunkohlen
SEE923959807806,ABR905104647567,Verbrennung,NA,Turbine 3,Teileinspeisung (einschließlich Eigenverbrauch),11300,68169,Mannheim,Mannheim,Otto-Hahn-Straße,1,Baden-Württemberg,8.453057,49.522141,2006,NA,FALSE,NA,NA,"Abfall (Hausmüll, Siedl.abf.)"
SEE998479256069,ABR999275057935,Verbrennung,"SEE956337212497, SEE964903137297, SEE998479256069",Dampfturbine III Südzucker AG Ochsenfurt,Teileinspeisung (einschließlich Eigenverbrauch),17435,97199,Würzburg,Ochsenfurt,Marktbreiter Straße,74,Bayern,10.081824,49.666099,1987,NA,FALSE,KWK Südzucker Ochsenfurt,KWK971693297841,"Erdgas, Erdölgas"
SEE998111672394,ABR912191079669,Verbrennung,SEE998111672394,IKW Wählitz,Teileinspeisung (einschließlich Eigenverbrauch),35000,06679,Burgenlandkreis,Hohenmölsen,Fabrikstraße,26,Sachsen-Anhalt,12.075961,51.166724,1994,NA,FALSE,IKW Wählitz,KWK931153961392,Rohbraunkohlen
SEE970305352633,ABR999275057935,Verbrennung,"SEE970305352633, SEE972612434835",Dampfturbine III Südzucker Zeitz,Teileinspeisung (einschließlich Eigenverbrauch),19350,06712,Burgenlandkreis,Zeitz,Albrechtstraße,54,Sachsen-Anhalt,12.116093,51.050518,1993,NA,FALSE,DTS 3,KWK984200154087,Dampf (zum Beispiel Prozesswärme)
SEE972356296461,ABR920434659202,Verbrennung,"SEE972356296461, SEE903153060207",Gasturbine,Teileinspeisung (einschließlich Eigenverbrauch),39920,79108,Freiburg im Breisgau,Freiburg,Engesserstraße,8,Baden-Württemberg,7.843591,48.023343,1998,NA,FALSE,GuD Anlage WVK,KWK925991416213,"Erdgas, Erdölgas"
SEE947225300921,ABR906817615676,Verbrennung,"SEE947225300921, SEE930522848685, SEE904887370686",GT1,Volleinspeisung,37600,06237,Saalekreis,Leuna,NA,NA,Sachsen-Anhalt,12.00582,51.319176,1994,NA,FALSE,GuD1,KWK993502288529,"Erdgas, Erdölgas"
SEE945740636167,ABR995125557297,Verbrennung,"SEE945740636167, SEE902686859227",Generator 1,Teileinspeisung (einschließlich Eigenverbrauch),23000,29525,Uelzen,Uelzen,An der Zuckerfabrik,1,Niedersachsen,10.557572,52.975128,1965,NA,FALSE,NA,KWK915454658397,"Erdgas, Erdölgas"
SEE902686859227,ABR995125557297,Verbrennung,"SEE945740636167, SEE902686859227",Generator 2,Teileinspeisung (einschließlich Eigenverbrauch),17100,29525,Uelzen,Uelzen,An der Zuckerfabrik,1,Niedersachsen,10.557572,52.975128,1965,NA,FALSE,NA,KWK915454658397,"Erdgas, Erdölgas"
SEE913088869400,ABR998317421772,Verbrennung,SEE913088869400,Kombi-HKW GT1,Volleinspeisung,15680,34134,Kassel,Kassel,Dennhäuser Straße,122,Hessen,9.486453,51.277989,2021,NA,FALSE,Kombi-HKW,KWK989546720705,"Erdgas, Erdölgas"
SEE982127973149,ABR998317421772,Verbrennung,SEE982127973149,Kombi-HKW GT2,Volleinspeisung,31950,34134,Kassel,Kassel,Dennhäuser Straße,122,Hessen,9.486453,51.277989,2005,NA,FALSE,Kombi-HKW,KWK976416145218,"Erdgas, Erdölgas"
SEE965779402670,NA,Verbrennung,"SEE965779402670, SEE915666168653",MHKW Pirmasens Verbrennung,Teileinspeisung (einschließlich Eigenverbrauch),17750,66954,Pirmasens,Pirmasens,Staffelberg,4,Rheinland-Pfalz,7.594584,49.228242,1999,2022,TRUE,MHKW Pirmasens,KWK981461122923,"Abfall (Hausmüll, Siedl.abf.)"
SEE912975333499,ABR977205562452,Verbrennung,"SEE912975333499, SEE933094075404",UPM Schongau HKW 3 GT,Volleinspeisung,47000,86956,Weilheim-Schongau,Schongau,Friedrich-Haindl-Straße,10,Bayern,10.902341,47.808151,2014,NA,FALSE,UPM Schongau HKW 3 GT,KWK966187925461,"Erdgas, Erdölgas"
SEE933094075404,ABR977205562452,Verbrennung,"SEE912975333499, SEE933094075404",UPM Schongau HKW 3 DT,Volleinspeisung,30170,86956,Weilheim-Schongau,Schongau,Friedrich-Haindl-Straße,10,Bayern,10.902341,47.808151,2014,NA,FALSE,UPM Schongau HKW 3 DT,KWK966187925461,"Erdgas, Erdölgas"
SEE917211801770,ABR977205562452,Verbrennung,NA,UPM Schongau DKW T4,Volleinspeisung,45000,86956,Weilheim-Schongau,Schongau,Friedrich-Haindl-Straße,10,Bayern,10.902341,47.808151,1968,NA,FALSE,KWK-Anlage,NA,"Erdgas, Erdölgas"
SEE931986160672,ABR977205562452,Verbrennung,NA,UPM Schongau DKW T5,Volleinspeisung,45000,86956,Weilheim-Schongau,Schongau,Friedrich-Haindl-Straße,10,Bayern,10.902341,47.808151,1971,NA,FALSE,KWK-Anlage,NA,"Erdgas, Erdölgas"
SEE920864082298,ABR906206974056,Verbrennung,"SEE920864082298, SEE926897163430, SEE964077382691, SEE970688261195, SEE954183997452",01 Std GT1,Teileinspeisung (einschließlich Eigenverbrauch),47971,21683,Stade,Stade,Bützflether Sand,9,Niedersachsen,9.486712,53.635353,2014,NA,FALSE,01 Std GT1,KWK918790135164,"Erdgas, Erdölgas"
SEE926897163430,ABR906206974056,Verbrennung,"SEE920864082298, SEE926897163430, SEE964077382691, SEE970688261195, SEE954183997452",01 Std GT2,Teileinspeisung (einschließlich Eigenverbrauch),47645,21683,Stade,Stade,Bützflether Sand,9,Niedersachsen,9.486712,53.635353,2014,NA,FALSE,01 Std GT2,KWK918790135164,"Erdgas, Erdölgas"
SEE964077382691,ABR906206974056,Verbrennung,"SEE920864082298, SEE926897163430, SEE964077382691, SEE970688261195, SEE954183997452",01 Std GT3,Teileinspeisung (einschließlich Eigenverbrauch),47352,21683,Stade,Stade,Bützflether Sand,9,Niedersachsen,9.486712,53.635353,2014,NA,FALSE,01 Std GT3,KWK918790135164,"Erdgas, Erdölgas"
SEE970688261195,ABR906206974056,Verbrennung,"SEE920864082298, SEE926897163430, SEE964077382691, SEE970688261195, SEE954183997452",01 Std ST1,Teileinspeisung (einschließlich Eigenverbrauch),16900,21683,Stade,Stade,Bützflether Sand,9,Niedersachsen,9.486712,53.635353,1975,NA,FALSE,01 Std ST1,KWK918790135164,Dampf (zum Beispiel Prozesswärme)
SEE954183997452,ABR906206974056,Verbrennung,"SEE920864082298, SEE926897163430, SEE964077382691, SEE970688261195, SEE954183997452",01 Std ST2,Teileinspeisung (einschließlich Eigenverbrauch),18732,21683,Stade,Stade,Bützflether Sand,9,Niedersachsen,9.486712,53.635353,2014,NA,FALSE,01 Std ST2,KWK918790135164,Dampf (zum Beispiel Prozesswärme)
SEE946934017984,ABR910489390564,Verbrennung,SEE946934017984,EBS-HKW Rostock,Teileinspeisung (einschließlich Eigenverbrauch),22400,18147,Rostock,Rostock,Ost-West-Str.,25,Mecklenburg-Vorpommern,12.143755,54.144615,2010,NA,FALSE,EBS-HKW Rostock,KWK910956894274,"Abfall (Hausmüll, Siedl.abf.)"
SEE945093389369,ABR916522919808,Verbrennung,"SEE945093389369, SEE977273010268","Kraftwerk IV, GT 421",Volleinspeisung,47990,45772,Recklinghausen,Marl,Paul-Baumann-Straße,1,Nordrhein-Westfalen,7.0917,51.687267,2016,NA,FALSE,"Kraftwerk IV, GT 421",KWK959279537420,"Erdgas, Erdölgas"
SEE997526539162,NA,Verbrennung,NA,Kraftwerk-Kirchlengern_GT2,Volleinspeisung,19500,32278,Herford,Kirchlengern,Bahnhofstraße,40,Nordrhein-Westfalen,8.649123,52.195696,1973,2026,TRUE,Kraftwerk-Kirchlengern,NA,"Heizöl, leicht"
SEE931050475398,ABR933233078730,Verbrennung,"SEE931050475398, SEE984335626152, SEE916609233650",GuD Niehl 3 RheinEnergie,Volleinspeisung,459900,50735,Köln,Köln,Am Molenkopf,3,Nordrhein-Westfalen,6.989637,50.974163,2016,NA,FALSE,GuD Niehl 3 RheinEnergie,KWK933191900180,"Erdgas, Erdölgas"
SEE905484009146,NA,Verbrennung,"SEE926090463146, SEE962934119541, SEE905484009146",HKW Charlottenburg Gasturbine 6,Teileinspeisung (einschließlich Eigenverbrauch),68000,10589,Berlin,Berlin,Am Spreebord,5,Berlin,13.311595,52.521291,1976,2018,TRUE,HKW Charlottenburg,KWK915336403503,"Heizöl, leicht"
SEE967478674402,NA,Verbrennung,"SEE967478674402, SEE956656118067, SEE945212899878",HKW Wilmersdorf Gasturbine 1,Teileinspeisung (einschließlich Eigenverbrauch),93000,14199,Berlin,Berlin,Forckenbeckstraße,3-6,Berlin,13.307836,52.479616,1977,2018,TRUE,HKW Wilmersdorf,KWK942192985393,"Heizöl, leicht"
SEE956656118067,NA,Verbrennung,"SEE967478674402, SEE956656118067, SEE945212899878",HKW Wilmersdorf Gasturbine 2,Teileinspeisung (einschließlich Eigenverbrauch),93000,14199,Berlin,Berlin,Forckenbeckstraße,3-6,Berlin,13.307836,52.479616,1977,2021,TRUE,HKW Wilmersdorf,KWK942192985393,"Heizöl, leicht"
SEE945212899878,NA,Verbrennung,"SEE967478674402, SEE956656118067, SEE945212899878",HKW Wilmersdorf Gasturbine 3,Teileinspeisung (einschließlich Eigenverbrauch),93000,14199,Berlin,Berlin,Forckenbeckstraße,3-6,Berlin,13.307836,52.479616,1977,2021,TRUE,HKW Wilmersdorf,KWK942192985393,"Heizöl, leicht"
SEE904819420762,ABR946446968408,Verbrennung,"SEE904819420762, SEE948541471333, SEE992187994404, SEE906289335911, SEE937077388406, SEE908100911113, SEE951682067112, SEE938513255061",HKW Mitte Gasturbine 1,Teileinspeisung (einschließlich Eigenverbrauch),172000,10179,Berlin,Berlin,Köpenicker Straße,60,Berlin,13.420356,52.510133,1997,NA,FALSE,HKW Mitte,KWK935959094025,"Erdgas, Erdölgas"
SEE948541471333,ABR946446968408,Verbrennung,"SEE904819420762, SEE948541471333, SEE992187994404, SEE906289335911, SEE937077388406, SEE908100911113, SEE951682067112, SEE938513255061",HKW Mitte Gasturbine 2,Teileinspeisung (einschließlich Eigenverbrauch),172000,10179,Berlin,Berlin,Köpenicker Straße,60,Berlin,13.420356,52.510133,1997,NA,FALSE,HKW Mitte,KWK935959094025,"Erdgas, Erdölgas"
SEE992187994404,ABR946446968408,Verbrennung,"SEE904819420762, SEE948541471333, SEE992187994404, SEE906289335911, SEE937077388406, SEE908100911113, SEE951682067112, SEE938513255061",HKW Mitte Dampfturbine,Volleinspeisung,117160,10179,Berlin,Berlin,Köpenicker Straße,60,Berlin,13.420356,52.510133,1997,NA,FALSE,HKW Mitte,KWK935959094025,Dampf (zum Beispiel Prozesswärme)
SEE997719859992,ABR946446968408,Verbrennung,"SEE997719859992, SEE988684097793, SEE965333653821",HKW Klingenberg Dampfturbine 1,Teileinspeisung (einschließlich Eigenverbrauch),60000,10317,Berlin,Berlin,Köpenicker Chaussee,42-45,Berlin,13.496284,52.488195,1981,NA,FALSE,HKW Klingenberg,KWK900787937066,"Erdgas, Erdölgas"
SEE988684097793,ABR946446968408,Verbrennung,"SEE997719859992, SEE988684097793, SEE965333653821",HKW Klingenberg Dampfturbine 2,Teileinspeisung (einschließlich Eigenverbrauch),64000,10317,Berlin,Berlin,Köpenicker Chaussee,42-45,Berlin,13.496219,52.488169,1981,NA,FALSE,HKW Klingenberg,KWK900787937066,"Erdgas, Erdölgas"
SEE965333653821,ABR946446968408,Verbrennung,"SEE997719859992, SEE988684097793, SEE965333653821",HKW Klingenberg Dampfturbine 3,Teileinspeisung (einschließlich Eigenverbrauch),64000,10317,Berlin,Berlin,Köpenicker Chaussee,42-45,Berlin,13.496242,52.48818,1982,NA,FALSE,HKW Klingenberg,KWK900787937066,"Erdgas, Erdölgas"
SEE981109871657,ABR946446968408,Verbrennung,SEE981109871657,HKW Moabit Dampfturbine,Teileinspeisung (einschließlich Eigenverbrauch),100000,13353,Berlin,Berlin,Friedrich-Krause-Ufer,10-15,Berlin,13.34598,52.537963,1990,NA,FALSE,HKW Moabit,KWK989909531702,Steinkohlen
SEE989834346082,ABR916566675685,Verbrennung,"SEE917497526305, SEE989834346082",KWK GT2,Teileinspeisung (einschließlich Eigenverbrauch),15551.5,21683,Stade,Stade,Johann-Rathje-Köser-Str.,-,Niedersachsen,9.493147,53.650417,2012,NA,FALSE,KWK AOS GmbH,KWK913106539070,"Erdgas, Erdölgas"
SEE963909310185,NA,Verbrennung,NA,HKW Moabit Gasturbine 5,Volleinspeisung,17000,13353,Berlin,Berlin,Friedrich-Krause-Ufer,10-15,Berlin,13.34598,52.537963,1971,2025,TRUE,HKW Moabit,NA,"Heizöl, leicht"
SEE954780579013,ABR948343575833,Verbrennung,NA,IN_WERK_PST_Gesamt,Teileinspeisung (einschließlich Eigenverbrauch),45178,85057,Ingolstadt,Ingolstadt,Ettinger Straße,105,Bayern,11.410985,48.784663,1990,NA,FALSE,IN_WERK_PST_Gesamt,NA,Dieselkraftstoff
SEE992645841813,NA,Verbrennung,NA,HKW Moabit Gasturbine 6,Volleinspeisung,17000,13353,Berlin,Berlin,Friedrich-Krause-Ufer,10-15,Berlin,13.34598,52.537963,1971,2025,TRUE,HKW Moabit,NA,"Heizöl, leicht"
SEE973931205885,ABR937659587982,Verbrennung,"SEE946556052639, SEE973931205885",GSH Green Steam Hürth - Stromerzeugung nach KWKG,Volleinspeisung,20000,50354,Rhein-Erft-Kreis,Hürth,Bertrams-Jagdweg,12,Nordrhein-Westfalen,6.835363,50.858799,2025,NA,FALSE,GSH Hürth,KWK916638417281,Industrieabfall
SEE930596800480,ABR967895852209,Verbrennung,NA,Gasturbinenkraftwerk Ahrensfelde GT A,Volleinspeisung,38340,16356,Barnim,Ahrensfelde,Lindenberger Straße,12,Brandenburg,13.570582,52.580922,1990,NA,FALSE,GTKW Ahrensfelde,NA,"Erdgas, Erdölgas"
SEE929797382345,ABR967895852209,Verbrennung,NA,Gasturbinenkraftwerk Ahrensfelde GT B,Volleinspeisung,38240,16356,Barnim,Ahrensfelde,Lindenberger Straße,12,Brandenburg,13.570582,52.580922,1990,NA,FALSE,GTKW Ahrensfelde,NA,"Erdgas, Erdölgas"
SEE988046628214,ABR967895852209,Verbrennung,NA,Gasturbinenkraftwerk Ahrensfelde GT C,Volleinspeisung,38340,16356,Barnim,Ahrensfelde,Lindenberger Straße,12,Brandenburg,13.570582,52.580922,1991,NA,FALSE,GTKW Ahrensfelde,NA,"Erdgas, Erdölgas"
SEE923527691592,ABR967895852209,Verbrennung,NA,Gasturbinenkraftwerk Ahrensfelde GT D,Volleinspeisung,38340,16356,Barnim,Ahrensfelde,Lindenberger Straße,12,Brandenburg,13.570582,52.580922,1992,NA,FALSE,GTKW Ahrensfelde,NA,"Erdgas, Erdölgas"
SEE988848971327,ABR946446968408,Verbrennung,"SEE988848971327, SEE908048039481","HKW Reuter, Dampfturbine M",Teileinspeisung (einschließlich Eigenverbrauch),36360,13599,Berlin,Berlin,Otternbuchtstraße,11,Berlin,13.246424,52.531837,1998,NA,FALSE,HKW Reuter,KWK958709638133,Dampf (zum Beispiel Prozesswärme)
SEE990015251552,ABR990388771138,Verbrennung,SEE990015251552,ABR990388771138,Teileinspeisung (einschließlich Eigenverbrauch),13200,37213,Werra-Meißner-Kreis,Witzenhausen,Kasseler Landstraße,23,Hessen,9.84796,51.31931,1975,NA,FALSE,Gaskraftwerk,KWK996863186060,"Erdgas, Erdölgas"
SEE989328541450,ABR946446968408,Verbrennung,"SEE989328541450, SEE974883809046, SEE992498266191, SEE907063235991, SEE962142129998",HKW Reuter West Dampfturbine D,Teileinspeisung (einschließlich Eigenverbrauch),300000,13599,Berlin,Berlin,Großer Spreering,5,Berlin,13.239704,52.532189,1987,NA,FALSE,HKW Reuter West,KWK970131554485,Steinkohlen
SEE974883809046,ABR946446968408,Verbrennung,"SEE989328541450, SEE974883809046, SEE992498266191, SEE907063235991, SEE962142129998",HKW Reuter West Dampfturbine E,Teileinspeisung (einschließlich Eigenverbrauch),300000,13599,Berlin,Berlin,Großer Spreering,5,Berlin,13.239704,52.532189,1988,NA,FALSE,HKW Reuter West,KWK970131554485,Steinkohlen
SEE956884287917,ABR958599094392,Verbrennung,SEE956884287917,Generator 2,Teileinspeisung (einschließlich Eigenverbrauch),12300,67547,Worms,Worms,Im Pfaffenwinkel,6,Rheinland-Pfalz,8.361577,49.653253,1990,NA,FALSE,Generator 2,KWK920624002351,"Erdgas, Erdölgas"
SEE995462815548,ABR989927274988,Verbrennung,"SEE985796237000, SEE958518628752, SEE995462815548",HKW Schildescher Straße DT 4,Teileinspeisung (einschließlich Eigenverbrauch),28500,33611,Bielefeld,Bielefeld,Schildescher Strasse,16-5- hw,Nordrhein-Westfalen,8.538534,52.033528,1966,NA,FALSE,Heizkraftwerk Schildescher Straße,KWK963542737653,"Erdgas, Erdölgas"
SEE977273010268,ABR916522919808,Verbrennung,"SEE945093389369, SEE977273010268","Kraftwerk IV, DT 411",Volleinspeisung,13960,45772,Recklinghausen,Marl,Paul-Baumann-Straße,1,Nordrhein-Westfalen,7.0917,51.687267,2016,NA,FALSE,"Kraftwerk IV, DT 411",KWK959279537420,"Erdgas, Erdölgas"
SEE974201537415,ABR914764874992,Verbrennung,NA,Huntorf GT,Volleinspeisung,323000,26931,Wesermarsch,Elsfleth,Große Hellmer,4,Niedersachsen,8.388178,53.195932,1978,NA,FALSE,Luftspeicher-Gasturbinenkraftwerk  Huntorf,NA,"Erdgas, Erdölgas"
SEE957900196671,NA,Verbrennung,NA,Kraftwerk Marbach GT 2,Volleinspeisung,77800,71672,Ludwigsburg,Marbach,Thomas-Alva-Edison-Ring,6,Baden-Württemberg,9.23754,48.92753,1971,2023,TRUE,Kraftwerk Marbach,NA,"Heizöl, leicht"
SEE904088512342,NA,Verbrennung,NA,Kraftwerk Marbach MAR 3 DT,Volleinspeisung,275000,71672,Ludwigsburg,Marbach,Thomas-Alva-Edison-Ring,6,Baden-Württemberg,9.229475,48.9274,1975,2023,TRUE,Kraftwerk Marbach,NA,"Heizöl, leicht"
SEE994391041424,ABR915068942295,Verbrennung,NA,Kraftwerk Marbach MAR 3 GT (solo),Volleinspeisung,85000,71672,Ludwigsburg,Marbach,Ludwigsburger Straße,100/1,Baden-Württemberg,9.229475,48.9274,1975,NA,FALSE,Kraftwerk Marbach,NA,"Heizöl, leicht"
SEE987326760026,ABR954489789225,Verbrennung,"SEE987326760026, SEE935395375856",Generator 1,Teileinspeisung (einschließlich Eigenverbrauch),18650,31249,Peine,Hohenhameln,Zuckerfabrik,3,Niedersachsen,10.034072,52.232353,2008,NA,FALSE,NA,KWK977761431278,"Erdgas, Erdölgas"
SEE935395375856,NA,Verbrennung,"SEE987326760026, SEE935395375856",Generator 2,Teileinspeisung (einschließlich Eigenverbrauch),12560,31249,Peine,Hohenhameln,Zuckerfabrik,3,Niedersachsen,10.034072,52.232353,1984,2022,TRUE,NA,KWK977761431278,"Erdgas, Erdölgas"
SEE938923083674,NA,Verbrennung,"SEE938923083674, SEE923577153439, SEE991559435767, SEE993836152862, SEE953373967701, SEE901120268069, SEE952266131625","Kraftwerk I, T14",Volleinspeisung,63200,45772,Recklinghausen,Marl,Paul-Baumann-Straße,1,Nordrhein-Westfalen,7.102346,51.685791,1971,2024,TRUE,KW I - Block 4,KWK984053380794,Steinkohlen
SEE933361522259,ABR915068942295,Verbrennung,NA,Kraftwerk Marbach MAR 4,Volleinspeisung,310000,71672,Ludwigsburg,Marbach,Thomas-Alva-Edison-Ring,6,Baden-Württemberg,9.22817,48.92722,2024,NA,FALSE,Kraftwerk Marbach,NA,"Heizöl, leicht"
SEE996047653111,ABR991164117607,Verbrennung,SEE996047653111,"KW TRB Bitterfeld, Bitterfeld-Wolfen, Oststr. 1",Teileinspeisung (einschließlich Eigenverbrauch),11440,06749,Anhalt-Bitterfeld,Bitterfeld-Wolfen,Oststraße,1,Sachsen-Anhalt,12.289129,51.629972,2009,NA,FALSE,"KW TRB Bitterfeld, Bitterfeld-Wolfen, Oststr. 1",KWK909294650307,"Abfall (Hausmüll, Siedl.abf.)"
SEE997988564504,NA,Verbrennung,"SEE997988564504, SEE913581044274",BKR Gasturbine,Teileinspeisung (einschließlich Eigenverbrauch),11400,55543,Bad Kreuznach,Bad Kreuznach,Michelinstraße,1,Rheinland-Pfalz,7.885568,49.857651,2006,2024,TRUE,BKR Gasturbine,KWK992770352130,"Erdgas, Erdölgas"
SEE975464070619,ABR985889377026,Verbrennung,"SEE975464070619, SEE932265704129, SEE964935453853",GT1,Volleinspeisung,24770,17034,Mecklenburgische Seenplatte,Neubrandenburg,Warliner Straße,22,Mecklenburg-Vorpommern,13.29566,53.56255,1997,NA,FALSE,GuD HKW NB GT1,KWK968900703165,"Erdgas, Erdölgas"
SEE994335340088,ABR987887293926,Verbrennung,"SEE994335340088, SEE983424047212, SEE946069613440, SEE969511682320, SEE937997291855, SEE900549498521, SEE939848582457",HKW DT,Teileinspeisung (einschließlich Eigenverbrauch),17500,15236,Frankfurt (Oder),Frankfurt,Am Hohen Feld,4,Brandenburg,14.531091,52.318435,1997,NA,FALSE,HKW Frankfurt (Oder),KWK995167944833,Staub- und Trockenkohle
SEE932265704129,ABR985889377026,Verbrennung,"SEE975464070619, SEE932265704129, SEE964935453853",GT2,Volleinspeisung,24219,17034,Mecklenburgische Seenplatte,Neubrandenburg,Warliner Straße,22,Mecklenburg-Vorpommern,13.295641,53.562544,1997,NA,FALSE,GuD HKW NB GT2,KWK968900703165,"Erdgas, Erdölgas"
SEE961660070034,ABR933233078730,Verbrennung,"SEE961660070034, SEE915426748132, SEE978207781308",Block 4 Merkenich RheinEnergie,Volleinspeisung,18100,50769,Köln,Köln,Merkenicher Hauptstr.,2,Nordrhein-Westfalen,6.962693,51.018527,2010,2026,TRUE,Block 4 Merkenich RheinEnergie,KWK966796897609,"Erdgas, Erdölgas"
SEE915426748132,NA,Verbrennung,"SEE961660070034, SEE915426748132, SEE978207781308",Block 6 Merkenich RheinEnergie,Volleinspeisung,85200,50769,Köln,Köln,Merkenicher Hauptstr.,2,Nordrhein-Westfalen,6.962693,51.018527,2010,2025,TRUE,Block 6 Merkenich RheinEnergie,KWK966796897609,Wirbelschichtkohle
SEE978207781308,ABR933233078730,Verbrennung,"SEE961660070034, SEE915426748132, SEE978207781308",GuD Merkenich RheinEnergie,Volleinspeisung,110200,50769,Köln,Köln,Merkenicher Hauptstr.,2,Nordrhein-Westfalen,6.962693,51.018527,2004,NA,FALSE,GuD Merkenich RheinEnergie,KWK966796897609,"Erdgas, Erdölgas"
SEE964935453853,ABR985889377026,Verbrennung,"SEE975464070619, SEE932265704129, SEE964935453853",DT,Volleinspeisung,27500,17034,Mecklenburgische Seenplatte,Neubrandenburg,Warliner Straße,22,Mecklenburg-Vorpommern,13.295642,53.562548,1997,NA,FALSE,GuD HKW NB DT,KWK968900703165,"Erdgas, Erdölgas"
SEE984335626152,ABR933233078730,Verbrennung,"SEE931050475398, SEE984335626152, SEE916609233650",GT Niehl 2 RheinEnergie,Volleinspeisung,274000,50735,Köln,Köln,Am Molenkopf,3,Nordrhein-Westfalen,6.988033,50.974163,2005,NA,FALSE,GuD Niehl 2 RheinEnergie,KWK933191900180,"Erdgas, Erdölgas"
SEE996990805407,NA,Verbrennung,SEE996990805407,HKW Mitte Kessel 1,Volleinspeisung,49400,38114,Braunschweig,Braunschweig,Reiherstraße,3,Niedersachsen,10.5148,52.2782,1985,2024,TRUE,HKW Mitte K1,KWK998440399238,Steinkohlen
SEE981876305560,ABR977766043292,Verbrennung,NA,TREA Leuna 1,Teileinspeisung (einschließlich Eigenverbrauch),18545,06237,Saalekreis,Leuna,An der B 91,Tor 12,Sachsen-Anhalt,11.994285,51.324915,2005,NA,FALSE,TREA Leuna,NA,"Abfall (Hausmüll, Siedl.abf.)"
SEE925794342412,ABR977766043292,Verbrennung,NA,TREA Leuna 2,Teileinspeisung (einschließlich Eigenverbrauch),18545,06237,Saalekreis,Leuna,An der B 91,Tor 12,Sachsen-Anhalt,11.994628,51.3259,2007,NA,FALSE,NA,NA,"Abfall (Hausmüll, Siedl.abf.)"
SEE975094128629,NA,Verbrennung,SEE975094128629,HKW Mitte Kessel 12,Volleinspeisung,22400,38114,Braunschweig,Braunschweig,Reiherstraße,3,Niedersachsen,10.5151,52.2781,1971,2024,TRUE,HKW Mitte K12,KWK946529323216,"Erdgas, Erdölgas"
SEE960652233358,ABR901293420585,Verbrennung,"SEE960652233358, SEE947677200282",Schkopau A,Volleinspeisung,500000,06258,Saalekreis,Schkopau,An der Bober,100,Sachsen-Anhalt,11.950833,51.401111,1995,NA,FALSE,Kraftwerk Schkopau,KWK966210001988,Rohbraunkohlen
SEE963817764100,ABR991982851172,Verbrennung,SEE963817764100,HKW Nord GT,Volleinspeisung,29000,38112,Braunschweig,Braunschweig,Sandanger,1,Niedersachsen,10.5072,52.3056,1990,NA,FALSE,HKW Nord GT,KWK996548102033,"Erdgas, Erdölgas"
SEE904165703137,ABR995015782372,Verbrennung,"SEE904165703137, SEE918705951896, SEE971164680486",GT1,Volleinspeisung,52000,01987,Oberspreewald-Lausitz,Schwarzheide,Schipkauer Straße,1,Brandenburg,13.889436,51.478138,1994,NA,FALSE,Kraftwerk Schwarzheide,KWK933793839482,"Erdgas, Erdölgas"
SEE918705951896,ABR995015782372,Verbrennung,"SEE904165703137, SEE918705951896, SEE971164680486",GT2,Volleinspeisung,40940,01987,Oberspreewald-Lausitz,Schwarzheide,Schipkauer Straße,1,Brandenburg,13.889436,51.478138,1994,NA,FALSE,Kraftwerk Schwarzheide,KWK933793839482,"Erdgas, Erdölgas"
SEE971164680486,ABR995015782372,Verbrennung,"SEE904165703137, SEE918705951896, SEE971164680486",DT1,Volleinspeisung,25840,01987,Oberspreewald-Lausitz,Schwarzheide,Schipkauer Straße,1,Brandenburg,13.889436,51.478138,1994,NA,FALSE,Kraftwerk Schwarzheide,KWK933793839482,"Erdgas, Erdölgas"
SEE947677200282,ABR901293420585,Verbrennung,"SEE960652233358, SEE947677200282",Schkopau B,Volleinspeisung,500000,06258,Saalekreis,Schkopau,An der Bober,100,Sachsen-Anhalt,11.950833,51.401111,1996,NA,FALSE,Kraftwerk Schkopau,KWK966210001988,Rohbraunkohlen
SEE919134316447,ABR901293420585,Verbrennung,NA,Schkopau A+B Bahngenerator,Volleinspeisung,112000,06258,Saalekreis,Schkopau,An der Bober,100,Sachsen-Anhalt,11.950833,51.401111,1996,NA,FALSE,Kraftwerk Schkopau,NA,NA
SEE918623387630,ABR943061014046,Verbrennung,SEE918623387630,EEW Stapelfeld GmbH,Teileinspeisung (einschließlich Eigenverbrauch),16400,22145,Stormarn,Stapelfeld,Ahrensburger Weg,4,Schleswig-Holstein,10.223464,53.618167,1979,NA,FALSE,EEW Stapellfeld GmbH,KWK949666175328,"Abfall (Hausmüll, Siedl.abf.)"
SEE952352206145,ABR914764874992,Verbrennung,NA,Scholven B,Teileinspeisung (einschließlich Eigenverbrauch),370000,45896,Gelsenkirchen,Gelsenkirchen,Glückaufstraße,56,Nordrhein-Westfalen,7.00565,51.59997,1968,NA,FALSE,Scholven,NA,Steinkohlen
SEE933236950972,ABR914764874992,Verbrennung,NA,Scholven C,Teileinspeisung (einschließlich Eigenverbrauch),370000,45896,Gelsenkirchen,Gelsenkirchen,Glückaufstraße,56,Nordrhein-Westfalen,7.00565,51.59997,1969,NA,FALSE,Kraftwerk Scholven,NA,Steinkohlen
SEE920672219015,ABR942024745645,Verbrennung,SEE920672219015,Generator 5,Teileinspeisung (einschließlich Eigenverbrauch),16500,49090,Osnabrück,Osnabrück,Römereschstraße,33,Niedersachsen,8.024338,52.295197,1977,NA,FALSE,NA,KWK929549255538,Wirbelschichtkohle
SEE989054024678,NA,Verbrennung,SEE989054024678,Scholven FWK,Teileinspeisung (einschließlich Eigenverbrauch),70000,45896,Gelsenkirchen,Gelsenkirchen,Glückaufstraße,56,Nordrhein-Westfalen,7.00565,51.59997,1985,2023,TRUE,Kraftwerk Scholven,KWK996962541579,Steinkohlen
SEE939692270074,ABR914764874992,Verbrennung,"SEE939692270074, SEE970579995963, SEE938587513135",Scholven 1 GT1,Teileinspeisung (einschließlich Eigenverbrauch),55000,45896,Gelsenkirchen,Gelsenkirchen,Glückaufstraße,56,Nordrhein-Westfalen,7.009876,51.60242,2023,NA,FALSE,Scholven 1,KWK930663970870,"Erdgas, Erdölgas"
SEE918916993708,ABR987228640990,Verbrennung,NA,Wolfen GT,Volleinspeisung,50000,06766,Anhalt-Bitterfeld,Bitterfeld-Wolfen,Sensientstraße,7,Sachsen-Anhalt,12.256139,51.656639,1996,NA,FALSE,SLKW Wolfen,NA,"Erdgas, Erdölgas"
SEE966844914388,ABR987228640990,Verbrennung,NA,Großkayna GT1,Volleinspeisung,45625,06242,Saalekreis,Großkayna,Werkstraße,1,Sachsen-Anhalt,11.946559,51.291051,1994,NA,FALSE,SLKW Großkayna,NA,"Heizöl, leicht"
SEE941844408532,ABR987228640990,Verbrennung,NA,Großkayna GT2,Volleinspeisung,45625,06242,Saalekreis,Großkayna,Werkstraße,1,Sachsen-Anhalt,11.946559,51.291051,1994,NA,FALSE,SLKW Großkayna,NA,"Heizöl, leicht"
SEE905270326723,ABR987228640990,Verbrennung,NA,Großkayna GT3,Volleinspeisung,45625,06242,Saalekreis,Großkayna,Werkstraße,1,Sachsen-Anhalt,11.946559,51.291051,1994,NA,FALSE,SLKW Großkayna,NA,"Heizöl, leicht"
SEE915883553447,ABR978915559800,Verbrennung,NA,Irsching 5 DT,Volleinspeisung,286000,85088,Pfaffenhofen a.d. Ilm,Vohburg,Paarstraße,30,Bayern,11.580019,48.767533,2010,NA,FALSE,Irsching 5,NA,"Erdgas, Erdölgas"
SEE973737205324,ABR978915559800,Verbrennung,NA,Irsching 5 GT1,Volleinspeisung,287000,85088,Pfaffenhofen a.d. Ilm,Vohburg,Paarstraße,30,Bayern,11.580019,48.767533,2010,NA,FALSE,Irsching 5,NA,"Erdgas, Erdölgas"
SEE924780675428,ABR978915559800,Verbrennung,NA,Irsching 5 GT2,Volleinspeisung,287000,85088,Pfaffenhofen a.d. Ilm,Vohburg,Paarstraße,30,Bayern,11.580019,48.767533,2010,NA,FALSE,Irsching 5,NA,"Erdgas, Erdölgas"
SEE983424047212,NA,Verbrennung,"SEE994335340088, SEE983424047212, SEE946069613440, SEE969511682320, SEE937997291855, SEE900549498521, SEE939848582457",HKW GT,Volleinspeisung,25000,15236,Frankfurt (Oder),Frankfurt,Am Hohen Feld,4,Brandenburg,14.531104,52.31844,1997,2022,TRUE,NA,KWK995167944833,"Erdgas, Erdölgas"
SEE968234156613,ABR997575881632,Verbrennung,SEE968234156613,LEV KWX G20,Teileinspeisung (einschließlich Eigenverbrauch),25600,51373,Leverkusen,Leverkusen,Kaiser-Wilhelm-Allee,80,Nordrhein-Westfalen,6.988981,51.017621,1981,NA,FALSE,LEV X-Kraftwerk,KWK948233643628,"Erdgas, Erdölgas"
SEE957509710094,ABR994305088439,Verbrennung,"SEE957509710094, SEE974059990561",AHKW-Neunkirchen,Teileinspeisung (einschließlich Eigenverbrauch),14000,66538,Neunkirchen,Neunkirchen,Am Blücherflöz,12,Saarland,7.169839,49.338527,1977,NA,FALSE,AHKW-Neunkirchen,KWK928853742802,"Abfall (Hausmüll, Siedl.abf.)"
SEE944429192826,ABR989695941518,Verbrennung,SEE944429192826,SEE944429192826 (MHKW Burgkirchen (Müllverbrennung)),Volleinspeisung,16600,84508,Altötting,Burgkirchen,Bruck,110,Bayern,12.736252,48.185265,1994,NA,FALSE,Müllheizkraftwerk Burgkirchen,KWK998803794304,"Abfall (Hausmüll, Siedl.abf.)"
SEE923577153439,NA,Verbrennung,"SEE938923083674, SEE923577153439, SEE991559435767, SEE993836152862, SEE953373967701, SEE901120268069, SEE952266131625","Kraftwerk I,  T15",Volleinspeisung,76100,45772,Recklinghausen,Marl,Paul-Baumann-Straße,1,Nordrhein-Westfalen,7.100092,51.685144,1983,2024,TRUE,KW I - Block 5,KWK984053380794,Steinkohlen
SEE993408840296,ABR908946607690,Verbrennung,NA,"Kraftwerk I, EKT16",Volleinspeisung,46796,45772,Recklinghausen,Marl,Paul-Baumann-Straße,1,Nordrhein-Westfalen,7.101964,51.685697,1972,NA,FALSE,KW I - EKT16,NA,Steinkohlen
SEE948129095272,ABR914764874992,Verbrennung,NA,Irsching 4,Volleinspeisung,586000,85088,Pfaffenhofen a.d. Ilm,Vohburg,Paarstraße,30,Bayern,11.580019,48.767533,2011,NA,FALSE,NA,NA,"Erdgas, Erdölgas"
SEE945959654273,NA,Verbrennung,NA,"Kraftwerk II, T26",Volleinspeisung,67001,45772,Recklinghausen,Marl,Paul-Baumann-Straße,1,Nordrhein-Westfalen,7.093103,51.696331,1966,2017,TRUE,"KW II, BI3 -T26",NA,Steinkohlen
SEE984037976906,NA,Verbrennung,"SEE984037976906, SEE934361309352, SEE918056935682","Kraftwerk III, GT311",Volleinspeisung,62560,45772,Recklinghausen,Marl,Paul-Baumann-Straße,1,Nordrhein-Westfalen,7.077938,51.690099,1973,2025,TRUE,KW III - GT 311,KWK915061073002,"Erdgas, Erdölgas"
SEE934361309352,NA,Verbrennung,"SEE984037976906, SEE934361309352, SEE918056935682","Kraftwerk III, GT312",Volleinspeisung,79000,45772,Recklinghausen,Marl,Paul-Baumann-Straße,1,Nordrhein-Westfalen,7.077633,51.689954,1974,2025,TRUE,KW III - GT 312,KWK915061073002,"Erdgas, Erdölgas"
SEE963541517812,NA,Verbrennung,NA,Irsching 3,Volleinspeisung,440000,85088,Pfaffenhofen a.d. Ilm,Vohburg,Paarstraße,30,Bayern,11.580019,48.767533,1974,2023,TRUE,Irsching 3,NA,"Heizöl, leicht"
SEE918056935682,NA,Verbrennung,"SEE984037976906, SEE934361309352, SEE918056935682","Kraftwerk III, DT310",Volleinspeisung,35450,45772,Recklinghausen,Marl,Paul-Baumann-Straße,1,Nordrhein-Westfalen,7.077804,51.690002,1973,2025,TRUE,KW III - DT 310,KWK915061073002,"Erdgas, Erdölgas"
SEE970579995963,ABR914764874992,Verbrennung,"SEE939692270074, SEE970579995963, SEE938587513135",Scholven 1 DT,Teileinspeisung (einschließlich Eigenverbrauch),30802,45896,Gelsenkirchen,Gelsenkirchen,Glückaufstraße,56,Nordrhein-Westfalen,7.009876,51.60242,2023,NA,FALSE,Scholven GuD,KWK930663970870,Dampf (zum Beispiel Prozesswärme)
SEE938587513135,ABR914764874992,Verbrennung,"SEE939692270074, SEE970579995963, SEE938587513135",Scholven 1 GT2,Teileinspeisung (einschließlich Eigenverbrauch),55000,45896,Gelsenkirchen,Gelsenkirchen,Glückaufstraße,56,Nordrhein-Westfalen,7.009876,51.60242,2023,NA,FALSE,Scholven 1,KWK930663970870,"Erdgas, Erdölgas"
SEE991559435767,NA,Verbrennung,"SEE938923083674, SEE923577153439, SEE991559435767, SEE993836152862, SEE953373967701, SEE901120268069, SEE952266131625","Kraftwerk I, KT5",Volleinspeisung,16000,45772,Recklinghausen,Marl,Paul-Baumann-Straße,1,Nordrhein-Westfalen,7.101401,51.685043,1940,2024,TRUE,KW I - KT5,KWK984053380794,Steinkohlen
SEE993836152862,NA,Verbrennung,"SEE938923083674, SEE923577153439, SEE991559435767, SEE993836152862, SEE953373967701, SEE901120268069, SEE952266131625","Kraftwerk I, KT7",Volleinspeisung,18000,45772,Recklinghausen,Marl,Paul-Baumann-Straße,1,Nordrhein-Westfalen,7.101635,51.685003,1941,2024,TRUE,KW I - KT7,KWK984053380794,Steinkohlen
SEE953373967701,NA,Verbrennung,"SEE938923083674, SEE923577153439, SEE991559435767, SEE993836152862, SEE953373967701, SEE901120268069, SEE952266131625","Kraftwerk I, GT9",Volleinspeisung,15750,45772,Recklinghausen,Marl,Paul-Baumann-Straße,1,Nordrhein-Westfalen,7.101656,51.685015,1941,2024,TRUE,KW I - GT9,KWK984053380794,Steinkohlen
SEE901120268069,NA,Verbrennung,"SEE938923083674, SEE923577153439, SEE991559435767, SEE993836152862, SEE953373967701, SEE901120268069, SEE952266131625","Kraftwerk I, GT11",Volleinspeisung,18400,45772,Recklinghausen,Marl,Paul-Baumann-Straße,1,Nordrhein-Westfalen,7.101825,51.685051,1942,2024,TRUE,KW I - GT11,KWK984053380794,Steinkohlen
SEE912994271871,ABR934901121420,Verbrennung,SEE912994271871,Hamborn 3,Teileinspeisung (einschließlich Eigenverbrauch),64000,47166,Duisburg,Duisburg,Kaiser-Wilhelm-Str.,100,Nordrhein-Westfalen,6.742047,51.491517,1958,NA,FALSE,Hamborn,KWK936258307939,"Hochofengas, Konvertergas"
SEE922477386435,ABR914764874992,Verbrennung,SEE922477386435,Franken DT2,Volleinspeisung,395000,90449,Nürnberg,Nürnberg,Felsenstraße,14,Bayern,11.00767,49.42092,1975,NA,FALSE,Franken,KWK966425707347,"Erdgas, Erdölgas"
SEE941166182769,ABR997575881632,Verbrennung,"SEE969707026280, SEE941166182769, SEE976193474983, SEE945462188876, SEE956973616802, SEE976489828827",LEV KWG G22,Teileinspeisung (einschließlich Eigenverbrauch),13400,51373,Leverkusen,Leverkusen,Kaiser-Wilhelm-Allee,80,Nordrhein-Westfalen,6.988981,51.017621,1991,NA,FALSE,LEV G-Kraftwerk,KWK960698970675,Steinkohlen
SEE976193474983,ABR997575881632,Verbrennung,"SEE969707026280, SEE941166182769, SEE976193474983, SEE945462188876, SEE956973616802, SEE976489828827",LEV KWG G21,Teileinspeisung (einschließlich Eigenverbrauch),13400,51373,Leverkusen,Leverkusen,Kaiser-Wilhelm-Allee,80,Nordrhein-Westfalen,6.988981,51.017621,1989,NA,FALSE,LEV G-Kraftwerk,KWK960698970675,Steinkohlen
SEE945462188876,ABR997575881632,Verbrennung,"SEE969707026280, SEE941166182769, SEE976193474983, SEE945462188876, SEE956973616802, SEE976489828827",LEV KWG G19,Teileinspeisung (einschließlich Eigenverbrauch),29000,51373,Leverkusen,Leverkusen,Kaiser-Wilhelm-Allee,80,Nordrhein-Westfalen,6.988981,51.017621,1971,NA,FALSE,LEV G-Kraftwerk,KWK960698970675,"Erdgas, Erdölgas"
SEE956973616802,NA,Verbrennung,"SEE969707026280, SEE941166182769, SEE976193474983, SEE945462188876, SEE956973616802, SEE976489828827",LEV KWG G12,Teileinspeisung (einschließlich Eigenverbrauch),18000,51373,Leverkusen,Leverkusen,Kaiser-Wilhelm-Allee,80,Nordrhein-Westfalen,6.988981,51.017621,1958,2025,TRUE,LEV G-Kraftwerk,KWK960698970675,Steinkohlen
SEE976489828827,ABR997575881632,Verbrennung,"SEE969707026280, SEE941166182769, SEE976193474983, SEE945462188876, SEE956973616802, SEE976489828827",LEV KWG G11,Teileinspeisung (einschließlich Eigenverbrauch),20000,51373,Leverkusen,Leverkusen,Kaiser-Wilhelm-Allee,80,Nordrhein-Westfalen,6.988981,51.017621,1955,NA,FALSE,LEV G-Kraftwerk,KWK960698970675,Steinkohlen
SEE929161243203,ABR914764874992,Verbrennung,SEE929161243203,Staudinger 5,Volleinspeisung,550000,63538,Main-Kinzig-Kreis,Großkrotzenburg,Hanauer Landstraße,150,Hessen,8.952222,50.088056,1992,NA,FALSE,Staudinger,KWK944171721893,Steinkohlen
SEE988182827533,ABR914764874992,Verbrennung,NA,Staudinger 4,Volleinspeisung,660000,63538,Main-Kinzig-Kreis,Großkrotzenburg,Hanauer Landstraße,150,Hessen,8.952222,50.088056,1977,NA,FALSE,Staudinger,NA,"Erdgas, Erdölgas"
SEE950675787617,ABR914764874992,Verbrennung,NA,Ingolstadt 3,Volleinspeisung,420000,85098,Eichstätt,Großmehring,Bayernwerkstraße,30,Bayern,11.50246,48.761882,1973,NA,FALSE,Ingolstadt,NA,"Heizöl, schwer"
SEE983645175053,ABR914764874992,Verbrennung,NA,Ingolstadt 4,Volleinspeisung,420000,85098,Eichstätt,Großmehring,Bayernwerkstraße,30,Bayern,11.50246,48.761882,1974,NA,FALSE,Ingolstadt,NA,"Heizöl, schwer"
SEE987807988154,ABR914764874992,Verbrennung,NA,Audorf GT,Volleinspeisung,90000,24783,Rendsburg-Eckernförde,Osterrönfeld,Schäferkatenweg,1,Schleswig-Holstein,9.72286,54.29068,2004,NA,FALSE,Gasturbinenkraftwerk Audorf,NA,"Heizöl, leicht"
SEE911567250299,ABR914764874992,Verbrennung,NA,Itzehoe GT,Volleinspeisung,89000,25588,Steinburg,Oldendorf,Straße nach Huje,1,Schleswig-Holstein,9.44951,53.96645,1972,NA,FALSE,Gasturbinenkraftwerk Itzehoe,NA,"Heizöl, leicht"
SEE934897209904,NA,Verbrennung,NA,Wilhelmshaven GT,Volleinspeisung,57000,26386,Wilhelmshaven,Wilhelmshaven,Zum Kraftwerk,20,Niedersachsen,8.146384,53.564549,1976,2023,TRUE,NA,NA,"Heizöl, leicht"
SEE907162822238,NA,Verbrennung,NA,Wilhelmshaven 1 DT,Volleinspeisung,782000,26386,Wilhelmshaven,Wilhelmshaven,Zum Kraftwerk,20,Niedersachsen,8.146384,53.564549,1976,2021,TRUE,Wilhelmshaven,NA,Steinkohlen
SEE977258693776,NA,Verbrennung,NA,Wilhelmshaven 1 ZT,Volleinspeisung,140000,26386,Wilhelmshaven,Wilhelmshaven,Zum Kraftwerk,20,Niedersachsen,8.146384,53.564549,1998,2021,TRUE,Wilhelmshaven,NA,Steinkohlen
SEE952266131625,NA,Verbrennung,"SEE938923083674, SEE923577153439, SEE991559435767, SEE993836152862, SEE953373967701, SEE901120268069, SEE952266131625","Kraftwerk I, KT13",Volleinspeisung,21000,45772,Recklinghausen,Marl,Paul-Baumann-Straße,1,Nordrhein-Westfalen,7.101994,51.685101,1949,2024,TRUE,KW I - KT13,KWK984053380794,Steinkohlen
SEE990603147649,ABR924424666799,Verbrennung,"SEE997867646000, SEE990603147649, SEE927419839802","Heizkraftwerk Bonn-Nord, Gasturbine 1 der GuD-Anlage",Volleinspeisung,24700,53115,Bonn,Bonn,Karlstr.,2,Nordrhein-Westfalen,7.079003,50.733591,1998,NA,FALSE,"Heizkraftwerk Bonn-Nord, GuD-Anlage",KWK922383776528,"Erdgas, Erdölgas"
SEE903153060207,ABR920434659202,Verbrennung,"SEE972356296461, SEE903153060207",Dampfturbine9,Teileinspeisung (einschließlich Eigenverbrauch),19017,79108,Freiburg im Breisgau,Freiburg,Engesserstraße,8,Baden-Württemberg,7.843791,48.022651,2020,NA,FALSE,GuD Anlage WVK,KWK925991416213,"Erdgas, Erdölgas"
SEE924302504816,ABR924424666799,Verbrennung,SEE924302504816,"HKW Bonn-Nord, Turbogruppe 4",Volleinspeisung,14120,53115,Bonn,Bonn,Karlstr.,2,Nordrhein-Westfalen,7.080194,50.734131,1991,NA,FALSE,NA,KWK938972741372,Dampf (zum Beispiel Prozesswärme)
SEE986936308987,ABR932924700936,Verbrennung,"SEE986936308987, SEE975343602986, SEE991627285584, SEE975369197862",KWK-Anlage: Generator 1,Teileinspeisung (einschließlich Eigenverbrauch),11000,50127,Rhein-Erft-Kreis,Bergheim,Kölner Straße,110,Nordrhein-Westfalen,6.665196,50.945486,1961,NA,FALSE,NA,KWK933567723788,Rohbraunkohlen
SEE997842921603,NA,Verbrennung,SEE997842921603,EVE Premnitz,Teileinspeisung (einschließlich Eigenverbrauch),25000,14727,Havelland,Premnitz,Dr.-Herbert-Rein-Straße,1,Brandenburg,12.358153,52.529564,2009,2021,TRUE,EVE Premnitz,KWK974765231057,"Abfall (Hausmüll, Siedl.abf.)"
SEE987278903410,ABR964500950114,Verbrennung,SEE987278903410,Ma 4,Teileinspeisung (einschließlich Eigenverbrauch),35000,38239,Salzgitter,Salzgitter,Eisenhüttenstraße,99,Niedersachsen,10.431187,52.16102,2022,NA,FALSE,KW Salzgitter,KWK956471601263,"Hochofengas, Konvertergas"
SEE957686843929,ABR921056642009,Verbrennung,"SEE937822704543, SEE957686843929, SEE935842892271",Turbine 1,Teileinspeisung (einschließlich Eigenverbrauch),10560,64293,Darmstadt,Darmstadt,Otto-Röhm-Straße,19,Hessen,8.645482,49.883267,1991,NA,FALSE,NA,KWK986117737889,"Abfall (Hausmüll, Siedl.abf.)"
SEE916877868585,ABR934901121420,Verbrennung,SEE916877868585,Hamborn 4,Teileinspeisung (einschließlich Eigenverbrauch),108000,47166,Duisburg,Duisburg,Kaiser-Wilhelm-Str.,100,Nordrhein-Westfalen,6.742047,51.491517,1976,NA,FALSE,Hamborn,KWK959085058058,"Hochofengas, Konvertergas"
SEE915966254872,ABR934901121420,Verbrennung,SEE915966254872,Hamborn 5,Teileinspeisung (einschließlich Eigenverbrauch),241000,47166,Duisburg,Duisburg,Kaiser-Wilhelm-Str.,100,Nordrhein-Westfalen,6.742047,51.491517,2003,NA,FALSE,Hamborn,KWK961308665028,"Hochofengas, Konvertergas"
SEE912020488365,ABR934901121420,Verbrennung,SEE912020488365,Ruhrort 2,Teileinspeisung (einschließlich Eigenverbrauch),64000,47166,Duisburg,Duisburg,Kaiser-Wilhelm-Str.,100,Nordrhein-Westfalen,6.742047,51.491517,1955,NA,FALSE,Ruhrort,KWK929287388499,"Hochofengas, Konvertergas"
SEE949799257847,ABR934901121420,Verbrennung,SEE949799257847,Ruhrort 3,Teileinspeisung (einschließlich Eigenverbrauch),101000,47166,Duisburg,Duisburg,Kaiser-Wilhelm-Str.,100,Nordrhein-Westfalen,6.742047,51.491517,1963,NA,FALSE,Ruhrort,KWK979853350009,"Hochofengas, Konvertergas"
SEE975343602986,ABR932924700936,Verbrennung,"SEE986936308987, SEE975343602986, SEE991627285584, SEE975369197862",KWK-Anlage: Generator 2,Teileinspeisung (einschließlich Eigenverbrauch),11000,50127,Rhein-Erft-Kreis,Bergheim,Kölner Straße,110,Nordrhein-Westfalen,6.665215,50.945462,1961,NA,FALSE,NA,KWK933567723788,Rohbraunkohlen
SEE936262825863,ABR934901121420,Verbrennung,SEE936262825863,Ruhrort 4,Teileinspeisung (einschließlich Eigenverbrauch),177000,47166,Duisburg,Duisburg,Kaiser-Wilhelm-Str.,100,Nordrhein-Westfalen,6.742047,51.491517,1969,NA,FALSE,Ruhrort 4,KWK922055991310,"Hochofengas, Konvertergas"
SEE919296928137,ABR912461372179,Verbrennung,SEE919296928137,Sammelschienen-Kraftwerk Gas- und Dampfturbinen,Volleinspeisung,116149,63906,Miltenberg,Erlenbach,Glanzstoffstr.,1,Bayern,9.152091,49.827814,1956,NA,FALSE,NA,KWK993310729399,"Erdgas, Erdölgas"
SEE945933440847,ABR966979333931,Verbrennung,"SEE945933440847, SEE995596088894",Wuppertal Kraftwerk Turbine 4,Teileinspeisung (einschließlich Eigenverbrauch),17000,42289,Wuppertal,Wuppertal,Öhder Straße,28,Nordrhein-Westfalen,7.236474,51.263502,1963,NA,FALSE,NA,KWK973738451362,"Erdgas, Erdölgas"
SEE912257091857,ABR910780781979,Verbrennung,"SEE912257091857, SEE999588015110",Turbine 7,Teileinspeisung (einschließlich Eigenverbrauch),47500,60439,Frankfurt am Main,Frankfurt,Heddernheimer Landstraße,157,Hessen,8.636703,50.161636,2005,NA,FALSE,MHKW Frankfurt Turbine 7,KWK988964824651,"Abfall (Hausmüll, Siedl.abf.)"
SEE988421065542,ABR997575881632,Verbrennung,"SEE911850657996, SEE994134561226, SEE988421065542, SEE980525088564, SEE993301547841, SEE917033307511",UER N230 NST2,Teileinspeisung (einschließlich Eigenverbrauch),15910,47829,Krefeld,Krefeld,Rheinuferstraße,7,Nordrhein-Westfalen,6.66235,51.368132,1964,NA,FALSE,UER N230,KWK960101120369,Steinkohlen
SEE980525088564,ABR997575881632,Verbrennung,"SEE911850657996, SEE994134561226, SEE988421065542, SEE980525088564, SEE993301547841, SEE917033307511",UER N230 NST3,Teileinspeisung (einschließlich Eigenverbrauch),33000,47829,Krefeld,Krefeld,Rheinuferstraße,7,Nordrhein-Westfalen,6.66235,51.368132,1971,NA,FALSE,UER N230,KWK960101120369,"Erdgas, Erdölgas"
SEE993301547841,ABR997575881632,Verbrennung,"SEE911850657996, SEE994134561226, SEE988421065542, SEE980525088564, SEE993301547841, SEE917033307511",UER N230 NST4,Teileinspeisung (einschließlich Eigenverbrauch),29700,47829,Krefeld,Krefeld,Rheinuferstraße,7,Nordrhein-Westfalen,6.66235,51.368132,1967,NA,FALSE,UER N230,KWK960101120369,"Erdgas, Erdölgas"
SEE930522848685,ABR906817615676,Verbrennung,"SEE947225300921, SEE930522848685, SEE904887370686",GT3,Volleinspeisung,37600,06237,Saalekreis,Leuna,NA,NA,Sachsen-Anhalt,12.005717,51.319092,1994,NA,FALSE,GuD1,KWK993502288529,"Erdgas, Erdölgas"
SEE980823248912,ABR959810346610,Verbrennung,"SEE980823248912, SEE946476002431, SEE911507913505, SEE960162708360",Turbine 7,Teileinspeisung (einschließlich Eigenverbrauch),28028,93309,Kelheim,Kelheim,Regensburger Straße,109,Bayern,11.903115,48.905598,2014,2026,TRUE,Kraftwerk Faserzentrum Kelheim,KWK924302909963,"Erdgas, Erdölgas"
SEE921449009914,ABR916600849546,Verbrennung,SEE921449009914,Dampfturbine IV CropEnergies Zeitz,Teileinspeisung (einschließlich Eigenverbrauch),20273,06712,Burgenlandkreis,Zeitz,Albrechtstraße,54,Sachsen-Anhalt,12.116093,51.050518,2004,NA,FALSE,DTS 4,KWK943749983442,"Erdgas, Erdölgas"
SEE902329484380,ABR999275057935,Verbrennung,"SEE902329484380, SEE972239033510",Dampfturbine I Südzucker Wabern,Teileinspeisung (einschließlich Eigenverbrauch),12540,34590,Schwalm-Eder-Kreis,Wabern,Homberger Straße,1,Hessen,9.359043,51.101498,1976,NA,FALSE,T1,KWK906705806070,Dampf (zum Beispiel Prozesswärme)
SEE917033307511,NA,Verbrennung,"SEE911850657996, SEE994134561226, SEE988421065542, SEE980525088564, SEE993301547841, SEE917033307511",UER N230 VST4,Teileinspeisung (einschließlich Eigenverbrauch),14900,47829,Krefeld,Krefeld,Rheinuferstraße,7,Nordrhein-Westfalen,6.66235,51.368132,1967,2026,TRUE,UER N230,KWK960101120369,"Erdgas, Erdölgas"
SEE945161671891,NA,Verbrennung,NA,HKW Moabit Gasturbine 7,Teileinspeisung (einschließlich Eigenverbrauch),17000,13353,Berlin,Berlin,Friedrich-Krause-Ufer,10-15,Berlin,13.34598,52.537963,1971,2020,TRUE,HKW Moabit,NA,"Heizöl, leicht"
SEE910161577337,ABR997575881632,Verbrennung,SEE910161577337,UER L57 M1,Teileinspeisung (einschließlich Eigenverbrauch),18200,47829,Krefeld,Krefeld,Rheinuferstraße,7,Nordrhein-Westfalen,6.66235,51.368132,1993,NA,FALSE,NA,KWK926794300648,Steinkohlen
SEE991050894971,ABR906817615676,Verbrennung,NA,EKT,Volleinspeisung,14700,06237,Saalekreis,Leuna,NA,NA,Sachsen-Anhalt,12.007396,51.318071,2000,NA,FALSE,EKT,NA,Dampf (zum Beispiel Prozesswärme)
SEE908048039481,NA,Verbrennung,"SEE988848971327, SEE908048039481",HKW Reuter Dampfturbine C,Teileinspeisung (einschließlich Eigenverbrauch),132000,13599,Berlin,Berlin,Otternbuchtstraße,11,Berlin,13.246424,52.531837,1969,2019,TRUE,HKW Reuter,KWK958709638133,Steinkohlen
SEE994422897143,ABR931164928988,Verbrennung,SEE994422897143,"HKW Pfaffenwald, Generator 60",Teileinspeisung (einschließlich Eigenverbrauch),12400,70569,Stuttgart,Stuttgart,Pfaffenwaldring,8,Baden-Württemberg,9.110171,48.750065,1968,NA,FALSE,Heizkraftwerk Pfaffenwald,KWK920305758072,"Erdgas, Erdölgas"
SEE900957573537,ABR906817615676,Verbrennung,NA,KT1,Volleinspeisung,21600,06237,Saalekreis,Leuna,NA,NA,Sachsen-Anhalt,12.007066,51.319101,2010,NA,FALSE,KT1,NA,Dampf (zum Beispiel Prozesswärme)
SEE934298270268,ABR944873398522,Verbrennung,SEE934298270268,T.A. Lauta,Teileinspeisung (einschließlich Eigenverbrauch),21000,02991,Bautzen,Lauta,Ind-u Gewg L Straße B,5,Sachsen,14.111551,51.451263,2004,NA,FALSE,T.A. Lauta,KWK989296347740,"Abfall (Hausmüll, Siedl.abf.)"
SEE959858570855,ABR906817615676,Verbrennung,"SEE959858570855, SEE992864019192, SEE998623498277",GT4,Volleinspeisung,39000,06237,Saalekreis,Leuna,NA,NA,Sachsen-Anhalt,11.998618,51.298946,1998,NA,FALSE,GuD2,KWK914199943805,"Erdgas, Erdölgas"
SEE946736241334,ABR944468185339,Verbrennung,SEE946736241334,HKW Aalen,Volleinspeisung,79190,73432,Ostalbkreis,Aalen,Palm Allee,1,Baden-Württemberg,10.115459,48.82359,2021,NA,FALSE,NA,KWK922242031607,"Erdgas, Erdölgas"
SEE999588015110,ABR910780781979,Verbrennung,"SEE912257091857, SEE999588015110",Turbine 3,Teileinspeisung (einschließlich Eigenverbrauch),27500,60439,Frankfurt am Main,Frankfurt,Heddernheimer Landstraße,157,Hessen,8.636703,50.161636,1986,NA,FALSE,MHKW Frankfurt Turbine 3,KWK988964824651,"Abfall (Hausmüll, Siedl.abf.)"
SEE902796244388,ABR947227410345,Verbrennung,SEE902796244388,Turbine 4,Teileinspeisung (einschließlich Eigenverbrauch),14000,31061,Hildesheim,Alfeld,Mühlenmasch,1,Niedersachsen,9.82186,51.983469,1970,NA,FALSE,Gaskraftwerk,KWK960010869281,"Erdgas, Erdölgas"
SEE904983741502,ABR977766043292,Verbrennung,"SEE904983741502, SEE948093740512, SEE953730197888, SEE953182244383",MHKW Mannheim Generator T60,Teileinspeisung (einschließlich Eigenverbrauch),27600,68169,Mannheim,Mannheim,Otto-Hahn-Straße,1,Baden-Württemberg,8.451769,49.521486,2010,NA,FALSE,HKW Mannheim,KWK936433816119,"Abfall (Hausmüll, Siedl.abf.)"
SEE975361659900,ABR937875031863,Verbrennung,SEE975361659900,SWD KWL GuD F,Volleinspeisung,605000,40221,Düsseldorf,Düsseldorf,Auf der Lausward,75,Nordrhein-Westfalen,6.731094,51.222827,2016,NA,FALSE,KWL,KWK920278383165,"Erdgas, Erdölgas"
SEE932949912406,ABR984639805598,Verbrennung,NA,Energiezentrale Notstrom,Volleinspeisung,14520,12529,Dahme-Spreewald,Schönefeld,Hugo-Eckener-Allee,12,Brandenburg,13.528782,52.366763,2010,NA,FALSE,Notstrom,NA,"Heizöl, leicht"
SEE999705546763,ABR999275057935,Verbrennung,"SEE929003106239, SEE994929345864, SEE999705546763",Dampfturbine III Südzucker Rain,Teileinspeisung (einschließlich Eigenverbrauch),11000,86641,Donau-Ries,Rain,Donauwörther Straße,50,Bayern,10.907875,48.697821,1961,NA,FALSE,NA,KWK919503609996,Dampf (zum Beispiel Prozesswärme)
SEE957083466325,ABR937875031863,Verbrennung,SEE957083466325,SWD KWL AGuD,Volleinspeisung,102000,40221,Düsseldorf,Düsseldorf,Auf der Lausward,75,Nordrhein-Westfalen,6.731094,51.222827,2000,NA,FALSE,SWD KWL A GuD,KWK971349275605,"Erdgas, Erdölgas"
SEE960507530304,ABR931164928988,Verbrennung,SEE960507530304,"HKW Pfaffenwald, Generator 50",Teileinspeisung (einschließlich Eigenverbrauch),12100,70569,Stuttgart,Stuttgart,Pfaffenwaldring,8,Baden-Württemberg,9.110171,48.750065,1969,NA,FALSE,Heizkraftwerk Pfaffenwald,KWK912524754959,"Erdgas, Erdölgas"
SEE967243760361,ABR994845843888,Verbrennung,"SEE967243760361, SEE911689709217, SEE901516014812",Dampfturbine 3,Teileinspeisung (einschließlich Eigenverbrauch),14400,37412,Göttingen,Herzberg,Andreasberger Straße,1,Niedersachsen,10.357415,51.663482,1983,NA,FALSE,Heizkraftwerk,KWK989801719529,"Erdgas, Erdölgas"
SEE967390177067,ABR927630247806,Verbrennung,NA,GOES Anlagen Dotternhausen Blöcke 1+2+3+4,Teileinspeisung (einschließlich Eigenverbrauch),17000,72359,Zollernalbkreis,Dotternhausen,Dormettinger Straße,25,Baden-Württemberg,8.80643,48.145818,2000,NA,FALSE,NA,NA,Andere Mineralölprodukte
SEE960935066536,ABR937350878372,Verbrennung,"SEE960935066536, SEE946501569267",TG7,Teileinspeisung (einschließlich Eigenverbrauch),12000,47443,Wesel,Moers,Römerstraße,733,Nordrhein-Westfalen,6.64674,51.469695,1974,NA,FALSE,NA,KWK997020008744,Dampf (zum Beispiel Prozesswärme)
SEE946501569267,ABR937350878372,Verbrennung,"SEE960935066536, SEE946501569267",TG8,Teileinspeisung (einschließlich Eigenverbrauch),12600,47443,Wesel,Moers,Römerstraße,733,Nordrhein-Westfalen,6.64674,51.469695,1995,NA,FALSE,NA,KWK997020008744,Dampf (zum Beispiel Prozesswärme)
SEE939468630132,NA,Verbrennung,"SEE955310827123, SEE986249505394, SEE939468630132, SEE923244371197, SEE936196276359",Heizkraftwerk Leipzig Nord DT83,Volleinspeisung,45600,04105,Leipzig,Leipzig,Eutritzscher Straße,14b,Sachsen,12.378503,51.351271,1996,2021,TRUE,HKW Leipzig Nord,KWK996648203869,NA
SEE923244371197,ABR996401106758,Verbrennung,"SEE955310827123, SEE986249505394, SEE939468630132, SEE923244371197, SEE936196276359",Heizkraftwerk Leipzig Nord GT81,Teileinspeisung (einschließlich Eigenverbrauch),64783,04105,Leipzig,Leipzig,Eutritzscher Straße,14 b,Sachsen,12.378325,51.351554,1996,NA,FALSE,HKW Leipzig Nord,KWK996648203869,NA
SEE936196276359,ABR996401106758,Verbrennung,"SEE955310827123, SEE986249505394, SEE939468630132, SEE923244371197, SEE936196276359",Heizkraftwerk Leipzig Nord GT82,Teileinspeisung (einschließlich Eigenverbrauch),65867,04105,Leipzig,Leipzig,Eutritzscher Straße,14b,Sachsen,12.378666,51.351546,2022,NA,FALSE,HKW Leipzig Nord,KWK996648203869,NA
SEE934706805181,ABR964032312961,Verbrennung,NA,W08_PST_Mantelobjekt,Teileinspeisung (einschließlich Eigenverbrauch),20073,71287,Böblingen,Weissach,Porschestraße,911,Baden-Württemberg,8.901349,48.851301,2016,NA,FALSE,W08_PST_Mantelobjekt,NA,Andere Mineralölprodukte
SEE957952105034,ABR998812183045,Verbrennung,SEE957952105034,Heizkraftwerk Meggle,Teileinspeisung (einschließlich Eigenverbrauch),13600,83512,Rosenheim,Reitmehring,Megglestraße,6,Bayern,12.185151,48.056366,2016,NA,FALSE,Heizkraftwerk Meggle,KWK977432854115,"Erdgas, Erdölgas"
SEE961847934449,ABR957659462591,Verbrennung,"SEE961847934449, SEE998387657606",VW Baunatal Gasturbine,Teileinspeisung (einschließlich Eigenverbrauch),51000,34225,Kassel,Baunatal,Im Lehnhof,NA,Hessen,9.437126,51.253038,2013,NA,FALSE,GuD Baunatal,KWK931211857315,"Erdgas, Erdölgas"
SEE998387657606,ABR957659462591,Verbrennung,"SEE961847934449, SEE998387657606",VW Baunatal Dampfturbine,Teileinspeisung (einschließlich Eigenverbrauch),30259,34225,Kassel,Baunatal,Im Lehnhof,NA,Hessen,9.437259,51.253036,2013,NA,FALSE,GuD Baunatal,KWK931211857315,Dampf (zum Beispiel Prozesswärme)
SEE967194778880,ABR916198639970,Verbrennung,"SEE967194778880, SEE968254365774, SEE901410470721, SEE950477241393",GT1,Volleinspeisung,65000,01159,Dresden,Dresden,Oederaner Straße,21,Sachsen,13.707669,51.042464,1995,NA,FALSE,Gasturbinen Heizkraftwerk Nossener Brücke,KWK994666424310,"Erdgas, Erdölgas"
SEE968254365774,ABR916198639970,Verbrennung,"SEE967194778880, SEE968254365774, SEE901410470721, SEE950477241393",GT2,Volleinspeisung,65000,01159,Dresden,Dresden,Oederaner Straße,21,Sachsen,13.707669,51.042464,1995,NA,FALSE,Gasturbinen Heizkraftwerk Nossener Brücke,KWK994666424310,"Erdgas, Erdölgas"
SEE960158091162,ABR959896661423,Verbrennung,NA,T3,Teileinspeisung (einschließlich Eigenverbrauch),13000,66763,Saarlouis,Dillingen,Werkstraße,1,Saarland,6.739424,49.350292,1971,NA,FALSE,NA,NA,Dampf (zum Beispiel Prozesswärme)
SEE913203719740,ABR959896661423,Verbrennung,SEE913203719740,GKW,Teileinspeisung (einschließlich Eigenverbrauch),95558,66763,Saarlouis,Dillingen,Werkstraße,1,Saarland,6.741494,49.35483,2009,NA,FALSE,GKW,KWK957383743393,"Hochofengas, Konvertergas"
SEE901410470721,ABR916198639970,Verbrennung,"SEE967194778880, SEE968254365774, SEE901410470721, SEE950477241393",GT3,Volleinspeisung,65000,01159,Dresden,Dresden,Oederaner Straße,21,Sachsen,13.707669,51.042464,1995,NA,FALSE,Gasturbinen Heizkraftwerk Nossener Brücke,KWK994666424310,"Erdgas, Erdölgas"
SEE950477241393,ABR916198639970,Verbrennung,"SEE967194778880, SEE968254365774, SEE901410470721, SEE950477241393",DT,Volleinspeisung,75000,01159,Dresden,Dresden,Oederaner Straße,21,Sachsen,13.707669,51.042464,1995,NA,FALSE,Gasturbinen Heizkraftwerk Nossener Brücke,KWK994666424310,"Erdgas, Erdölgas"
SEE976333173899,ABR912255793326,Verbrennung,NA,Gaskraftwerk Landesbergen - Gasturbine,Volleinspeisung,66000,31628,Nienburg (Weser),Landesbergen,Hävern,1,Niedersachsen,9.115922,52.54612,1972,NA,FALSE,NA,NA,"Erdgas, Erdölgas"
SEE973464796218,ABR960754487345,Verbrennung,"SEE973464796218, SEE975248607116",Dampfturbine FSK Kuhheide 32a,Volleinspeisung,32400,16303,Uckermark,Schwedt,Kuhheide,34,Brandenburg,14.312093,53.078074,2011,NA,FALSE,Feststoffkesselanlage Schwedt,KWK937323881699,"Abfall (Hausmüll, Siedl.abf.)"
SEE939242219362,ABR990956524470,Verbrennung,"SEE939242219362, SEE992213654456",Huckingen A,Volleinspeisung,320000,47259,Duisburg,Duisburg,Ehinger Str.,200,Nordrhein-Westfalen,6.719111,51.371067,1975,NA,FALSE,Huckingen,KWK992802935348,"Hochofengas, Konvertergas"
SEE992213654456,ABR990956524470,Verbrennung,"SEE939242219362, SEE992213654456",Huckingen B,Volleinspeisung,320000,47259,Duisburg,Duisburg,Ehinger Str.,200,Nordrhein-Westfalen,6.719111,51.371067,1976,NA,FALSE,Huckingen,KWK992802935348,"Hochofengas, Konvertergas"
SEE916609233650,ABR933233078730,Verbrennung,"SEE931050475398, SEE984335626152, SEE916609233650",DT Niehl 2 RheinEnergie,Volleinspeisung,147001,50735,Köln,Köln,Am Molenkopf,3,Nordrhein-Westfalen,6.988033,50.974163,2005,NA,FALSE,GuD Niehl 2 RheinEnergie,KWK933191900180,Dampf (zum Beispiel Prozesswärme)
SEE923791565131,ABR963477861232,Verbrennung,SEE923791565131,Rheinstraße,Volleinspeisung,11326,96052,Bamberg,Bamberg,Rheinstraße,6,Bayern,10.85454,49.91123,2014,NA,FALSE,MHKW,KWK995006919664,"Abfall (Hausmüll, Siedl.abf.)"
SEE927630371594,ABR920742611459,Verbrennung,"SEE927630371594, SEE932468680374",Grubenheizkraftwerk Amsdorf,Teileinspeisung (einschließlich Eigenverbrauch),45189,06317,Mansfeld-Südharz,Seegebiet Mansfelder Land,Chausseestraße,1,Sachsen-Anhalt,11.720459,51.46316,1960,NA,FALSE,NA,KWK982159287078,Staub- und Trockenkohle
SEE995596088894,ABR966979333931,Verbrennung,"SEE945933440847, SEE995596088894",Wuppertal Kraftwerk Turbine 3,Teileinspeisung (einschließlich Eigenverbrauch),12000,42289,Wuppertal,Wuppertal,Öhder Straße,28,Nordrhein-Westfalen,7.236474,51.263502,1957,NA,FALSE,NA,KWK973738451362,"Erdgas, Erdölgas"
SEE962737235608,ABR918948257595,Verbrennung,"SEE962737235608, SEE983188443459",Block 1,Teileinspeisung (einschließlich Eigenverbrauch),33600,39126,Magdeburg,Magdeburg,Kraftwerk-Privatweg,7,Sachsen-Anhalt,11.678394,52.184192,2005,NA,FALSE,Block 1,KWK931354211562,"Abfall (Hausmüll, Siedl.abf.)"
SEE999819576335,ABR918948257595,Verbrennung,"SEE999819576335, SEE993055410941",Block 2,Volleinspeisung,33600,39126,Magdeburg,Magdeburg,Kraftwerk-Privatweg,7,Sachsen-Anhalt,11.678394,52.184192,2006,NA,FALSE,Block 2,KWK951062445165,"Abfall (Hausmüll, Siedl.abf.)"
SEE905192478234,ABR938191936481,Verbrennung,NA,Knapsack I - Gasturbine GT12,Volleinspeisung,295000,50354,Rhein-Erft-Kreis,Hürth,Industriestraße,300,Nordrhein-Westfalen,6.845286,50.858679,2007,NA,FALSE,Knapsack I,NA,"Erdgas, Erdölgas"
SEE988477355802,ABR995637607350,Verbrennung,SEE988477355802,GKM Block 9,Teileinspeisung (einschließlich Eigenverbrauch),911000,68199,Mannheim,Mannheim,Marguerrestraße,1,Baden-Württemberg,8.492516,49.446975,2015,NA,FALSE,Grosskraftwerk Mannheim,KWK955152797837,Steinkohlen
SEE903983424590,ABR912255793326,Verbrennung,SEE903983424590,Kraftwerk Knapsack II,Volleinspeisung,450000,50354,Rhein-Erft-Kreis,Hürth,Industriestraße,300,Nordrhein-Westfalen,6.845286,50.858679,2013,NA,FALSE,NA,KWK918526365247,"Erdgas, Erdölgas"
SEE999346426134,ABR912255793326,Verbrennung,NA,Kraftwerk Landesbergen Dampfturbine,Volleinspeisung,450000,31628,Nienburg (Weser),Landesbergen,Hävern,1,Niedersachsen,9.115922,52.54612,1973,NA,FALSE,NA,NA,"Erdgas, Erdölgas"
SEE989503748513,ABR937875031863,Verbrennung,NA,SWD KWL GTE1,Volleinspeisung,67500,40221,Düsseldorf,Düsseldorf,Auf der Lausward,75,Nordrhein-Westfalen,6.731094,51.222827,1974,NA,FALSE,SWD KWL GTE1,NA,"Erdgas, Erdölgas"
SEE972458947407,ABR937875031863,Verbrennung,NA,SWD KWL GTE2,Volleinspeisung,65500,40221,Düsseldorf,Düsseldorf,Auf der Lausward,75,Nordrhein-Westfalen,6.731094,51.222827,1975,NA,FALSE,SWD KWL GTE2,NA,"Erdgas, Erdölgas"
SEE907597880766,ABR912255793326,Verbrennung,NA,Kraftwerk Emden Dampfturbine,Volleinspeisung,450000,26725,Emden,Emden,Zum Kraftwerk,NA,Niedersachsen,7.207285,53.34007,1973,NA,FALSE,NA,NA,"Erdgas, Erdölgas"
SEE969051180959,ABR999275057935,Verbrennung,"SEE910623192382, SEE969051180959, SEE941850023651",Dampfturbine I Südzucker Offstein,Teileinspeisung (einschließlich Eigenverbrauch),14000,67283,Bad Dürkheim,Obrigheim,Wormser Straße,11,Rheinland-Pfalz,8.222021,49.599524,1981,NA,FALSE,KWK Südzucker Offstein,KWK943827883756,Dampf (zum Beispiel Prozesswärme)
SEE909002940690,ABR995637607350,Verbrennung,SEE909002940690,GKM Block 6,Teileinspeisung (einschließlich Eigenverbrauch),280000,68199,Mannheim,Mannheim,Marguerrestraße,1,Baden-Württemberg,8.492516,49.446975,2005,NA,FALSE,Grosskraftwerk Mannheim,KWK941150281331,NA
SEE988699847857,ABR995637607350,Verbrennung,NA,GKM Block 7,Volleinspeisung,475000,68199,Mannheim,Mannheim,Marguerrestraße,1,Baden-Württemberg,8.492516,49.446975,1982,NA,FALSE,Grosskraftwerk Mannheim,NA,NA
SEE975507584615,ABR995637607350,Verbrennung,NA,GKM Block 8,Teileinspeisung (einschließlich Eigenverbrauch),480000,68199,Mannheim,Mannheim,Marguerrestraße,1,Baden-Württemberg,8.492516,49.446975,1993,NA,FALSE,Grosskraftwerk Mannheim,NA,NA
SEE976549634931,ABR937875031863,Verbrennung,NA,SWD KWF GTKW,Volleinspeisung,87600,40233,Düsseldorf,Düsseldorf,Behrenstraße,85,Nordrhein-Westfalen,6.815135,51.225419,1972,NA,FALSE,NA,NA,"Heizöl, leicht"
SEE925652456091,ABR944854763394,Verbrennung,"SEE976589352260, SEE925652456091",Müllheizkraftwerk Kassel M7,Volleinspeisung,10500,34123,Kassel,Kassel,Am Lossewerk,8,Hessen,9.528661,51.315782,1985,NA,FALSE,NA,KWK907146532412,"Abfall (Hausmüll, Siedl.abf.)"
SEE910102553963,NA,Verbrennung,SEE910102553963,Gasturbinenanlage Castrop-Rauxel,Teileinspeisung (einschließlich Eigenverbrauch),10300,44579,Recklinghausen,Castrop-Rauxel,Kekulestraße,30,Nordrhein-Westfalen,7.296986,51.576526,1992,2026,TRUE,NA,KWK948647190909,"Erdgas, Erdölgas"
SEE969670581717,ABR942892589341,Verbrennung,SEE969670581717,KW2 DT27,Teileinspeisung (einschließlich Eigenverbrauch),270000,55120,Mainz,Mainz,Kraftwerkallee,1,Rheinland-Pfalz,8.2409,50.027031,1977,NA,FALSE,KW2 DT27,KWK945197870466,"Erdgas, Erdölgas"
SEE982563254987,ABR942892589341,Verbrennung,NA,KW2 GT26,Teileinspeisung (einschließlich Eigenverbrauch),95000,55120,Mainz,Mainz,Kraftwerkallee,1,Rheinland-Pfalz,8.2409,50.027031,1977,NA,FALSE,KW2 GT26,NA,"Erdgas, Erdölgas"
SEE986030306643,ABR995093192032,Verbrennung,"SEE986030306643, SEE990760688887",MHKW DTS,Teileinspeisung (einschließlich Eigenverbrauch),20000,55120,Mainz,Mainz,Kraftwerkallee,1,Rheinland-Pfalz,8.2409,50.027031,2009,NA,FALSE,MHKW DTS,KWK908989764497,"Abfall (Hausmüll, Siedl.abf.)"
SEE934927915690,ABR915068942295,Verbrennung,NA,Rheinhafen- Dampfkraftwerk RDK 4S GT,Volleinspeisung,239000,76189,Karlsruhe,Karlsruhe,Fettweisstraße,42,Baden-Württemberg,8.30255,49.01325,1998,NA,FALSE,Rheinhafen-Dampfkraftwerk,NA,"Erdgas, Erdölgas"
SEE968136280119,ABR915068942295,Verbrennung,NA,Rheinhafen- Dampfkraftwerk  RDK 4S DT,Volleinspeisung,124500,76189,Karlsruhe,Karlsruhe,Fettweisstraße,42,Baden-Württemberg,8.30255,49.01325,1998,NA,FALSE,Rheinhafen-Dampfkraftwerk,NA,"Erdgas, Erdölgas"
SEE980331579218,ABR915068942295,Verbrennung,"SEE980016033738, SEE980331579218",Rheinhafen-Dampfkraftwerk RDK 8,Teileinspeisung (einschließlich Eigenverbrauch),912000,76189,Karlsruhe,Karlsruhe,Fettweisstraße,42,Baden-Württemberg,8.30676,49.01355,2014,NA,FALSE,Rheinhafen-Dampfkraftwerk,KWK990225909441,Steinkohlen
SEE946476002431,ABR959810346610,Verbrennung,"SEE980823248912, SEE946476002431, SEE911507913505, SEE960162708360",Turbine 6,Teileinspeisung (einschließlich Eigenverbrauch),22500,93309,Kelheim,Kelheim,Regensburger Straße,109,Bayern,11.903115,48.905598,1970,2026,TRUE,Kraftwerk Faserzentrum Kelheim,KWK924302909963,"Erdgas, Erdölgas"
SEE937157344278,NA,Verbrennung,NA,Kraftwerk Walheim Block 1,Volleinspeisung,107000,74399,Ludwigsburg,Walheim,Mühlstraße,1,Baden-Württemberg,9.1575,49.01755,1964,2024,TRUE,Kraftwerk Walheim,NA,Steinkohlen
SEE964114029633,NA,Verbrennung,NA,Kraftwerk Walheim Block 2,Volleinspeisung,160000,74399,Ludwigsburg,Walheim,Mühlstraße,1,Baden-Württemberg,9.15788,49.01762,1967,2025,TRUE,Kraftwerk Walheim,NA,Steinkohlen
SEE911613995433,ABR915068942295,Verbrennung,NA,Kraftwerk Walheim GTD,Teileinspeisung (einschließlich Eigenverbrauch),143000,74399,Ludwigsburg,Walheim,Mühlstraße,1,Baden-Württemberg,9.15943,49.01598,1981,NA,FALSE,Kraftwerk Walheim,NA,"Heizöl, leicht"
SEE986331287955,ABR999859507658,Verbrennung,SEE986331287955,Fab Berrenrath,Teileinspeisung (einschließlich Eigenverbrauch),107000,50354,Rhein-Erft-Kreis,Hürth,Bertrams-Jagdweg,10,Nordrhein-Westfalen,6.836991,50.857309,1992,NA,FALSE,Berrenrath,KWK905488329080,Rohbraunkohlen
SEE971943692655,ABR943204443238,Verbrennung,"SEE971943692655, SEE985117126280",ST_HKW_T8,Teileinspeisung (einschließlich Eigenverbrauch),24050,63811,Aschaffenburg,Stockstadt,Obernburger Straße,1-9,Bayern,9.068953,49.976593,1982,2023,TRUE,ST_HKW,KWK912976608886,Steinkohlen
SEE907150117643,NA,Verbrennung,NA,Neurath A,Volleinspeisung,294000,41517,Rhein-Kreis Neuss,Grevenbroich,Energiestraße,101,Nordrhein-Westfalen,6.612286,51.037649,1972,2022,TRUE,Neurath,NA,Rohbraunkohlen
SEE979012663285,NA,Verbrennung,NA,Neurath B,Teileinspeisung (einschließlich Eigenverbrauch),318000,41517,Rhein-Kreis Neuss,Grevenbroich,Energiestraße,101,Nordrhein-Westfalen,6.612286,51.037649,1972,2021,TRUE,Neurath,NA,Rohbraunkohlen
SEE978971638464,NA,Verbrennung,NA,Neurath C,Volleinspeisung,316000,41517,Rhein-Kreis Neuss,Grevenbroich,Energiestraße,101,Nordrhein-Westfalen,6.612286,51.037649,1973,2024,TRUE,Neurath,NA,Rohbraunkohlen
SEE931736847297,NA,Verbrennung,"SEE931736847297, SEE976414005279, SEE925599434282, SEE993592183001",Neurath D,Teileinspeisung (einschließlich Eigenverbrauch),647000,41517,Rhein-Kreis Neuss,Grevenbroich,Energiestraße,101,Nordrhein-Westfalen,6.612286,51.037649,1975,2024,TRUE,Neurath,KWK914345641296,Rohbraunkohlen
SEE976414005279,NA,Verbrennung,"SEE931736847297, SEE976414005279, SEE925599434282, SEE993592183001",Neurath E,Teileinspeisung (einschließlich Eigenverbrauch),645000,41517,Rhein-Kreis Neuss,Grevenbroich,Energiestraße,101,Nordrhein-Westfalen,6.612286,51.037649,1976,2024,TRUE,Neurath,KWK914345641296,Rohbraunkohlen
SEE925599434282,ABR999859507658,Verbrennung,"SEE931736847297, SEE976414005279, SEE925599434282, SEE993592183001",Neurath F,Teileinspeisung (einschließlich Eigenverbrauch),1110000,41517,Rhein-Kreis Neuss,Grevenbroich,Energiestraße,101,Nordrhein-Westfalen,6.612286,51.037649,2012,NA,FALSE,NA,KWK914345641296,Rohbraunkohlen
SEE993592183001,ABR999859507658,Verbrennung,"SEE931736847297, SEE976414005279, SEE925599434282, SEE993592183001",Neurath G,Teileinspeisung (einschließlich Eigenverbrauch),1110000,41517,Rhein-Kreis Neuss,Grevenbroich,Energiestraße,101,Nordrhein-Westfalen,6.612286,51.037649,2012,NA,FALSE,NA,KWK914345641296,Rohbraunkohlen
SEE967605837250,NA,Verbrennung,SEE967605837250,Niederaußem C,Teileinspeisung (einschließlich Eigenverbrauch),333000,50129,Rhein-Erft-Kreis,Bergheim,Werkstr.,NA,Nordrhein-Westfalen,6.66972,50.990677,1965,2021,TRUE,Niederaußem,KWK905725046404,Rohbraunkohlen
SEE912764206645,ABR935301344747,Verbrennung,"SEE912764206645, SEE982350358232, SEE971304457053, SEE922581598120",HKW - GuD1,Volleinspeisung,12700,91052,Erlangen,Erlangen,Äußere Brucker Straße,33,Bayern,11.001407,49.593549,2005,NA,FALSE,HKW - GuD1,KWK951030433361,"Erdgas, Erdölgas"
SEE901786750397,NA,Verbrennung,"SEE901786750397, SEE930228090937, SEE921905907730, SEE957229968300, SEE983252937631",Niederaußem E,Volleinspeisung,324000,50129,Rhein-Erft-Kreis,Bergheim,Werkstr.,NA,Nordrhein-Westfalen,6.66972,50.990677,1970,2024,TRUE,Niederaußem,KWK988203176473,Rohbraunkohlen
SEE930228090937,NA,Verbrennung,"SEE901786750397, SEE930228090937, SEE921905907730, SEE957229968300, SEE983252937631",Niederaußem F,Volleinspeisung,334000,50129,Rhein-Erft-Kreis,Bergheim,Werkstr.,NA,Nordrhein-Westfalen,6.66972,50.990677,1971,2024,TRUE,Niederaußem,KWK988203176473,Rohbraunkohlen
SEE934668342441,NA,Verbrennung,SEE934668342441,HKW - K6 DT2,Volleinspeisung,19200,91052,Erlangen,Erlangen,Äußere Brucker Straße,33,Bayern,11.001407,49.593549,1979,2020,TRUE,HKW - K6 DT2,KWK918387770501,Steinkohlen
SEE921905907730,ABR999859507658,Verbrennung,"SEE901786750397, SEE930228090937, SEE921905907730, SEE957229968300, SEE983252937631",Niederaußem G,Teileinspeisung (einschließlich Eigenverbrauch),668000,50129,Rhein-Erft-Kreis,Bergheim,Werkstr.,NA,Nordrhein-Westfalen,6.66972,50.990677,1974,NA,FALSE,Niederaußem,KWK988203176473,Rohbraunkohlen
SEE957229968300,ABR999859507658,Verbrennung,"SEE901786750397, SEE930228090937, SEE921905907730, SEE957229968300, SEE983252937631",Niederaußem H,Teileinspeisung (einschließlich Eigenverbrauch),690000,50129,Rhein-Erft-Kreis,Bergheim,Werkstr.,NA,Nordrhein-Westfalen,6.66972,50.990677,1974,NA,FALSE,Niederaußem,KWK988203176473,Rohbraunkohlen
SEE983252937631,ABR999859507658,Verbrennung,"SEE901786750397, SEE930228090937, SEE921905907730, SEE957229968300, SEE983252937631",Niederaußem K,Teileinspeisung (einschließlich Eigenverbrauch),998000,50129,Rhein-Erft-Kreis,Bergheim,Werkstr.,NA,Nordrhein-Westfalen,6.66972,50.990677,2003,NA,FALSE,Niederaußem,KWK988203176473,Rohbraunkohlen
SEE957639615832,ABR913995817099,Verbrennung,NA,Prüfstand 15,Teileinspeisung (einschließlich Eigenverbrauch),14000,86153,Augsburg,Augsburg,Stadtbachstraße,1,Bayern,10.898292,48.379884,2009,NA,FALSE,NA,NA,Dieselkraftstoff
SEE991324265957,ABR952631851608,Verbrennung,SEE991324265957,DT06,Volleinspeisung,15552,53909,Euskirchen,Zülpich,Zum Mühlengraben,1,Nordrhein-Westfalen,6.649895,50.706211,2010,NA,FALSE,K06,KWK951302152204,"Erdgas, Erdölgas"
SEE991220769276,ABR907042335667,Verbrennung,"SEE991220769276, SEE914857304191, SEE908089235248",Dormagen DT,Teileinspeisung (einschließlich Eigenverbrauch),194000,41540,Rhein-Kreis Neuss,Dormagen,Alte Heerstraße,1,Nordrhein-Westfalen,6.818407,51.086969,2000,NA,FALSE,Dormagen,KWK986209567356,NA
SEE901884895389,ABR990773625367,Verbrennung,"SEE901884895389, SEE946029200710, SEE991039408854, SEE982694984074",Dampfturbine 1,Teileinspeisung (einschließlich Eigenverbrauch),12988,79106,Freiburg im Breisgau,Freiburg,Hartmannstraße,1,Baden-Württemberg,7.836509,48.008506,2012,NA,FALSE,Heizkraftwerk,KWK955540541530,"Erdgas, Erdölgas"
SEE904421343152,NA,Verbrennung,NA,Weisweiler E,Teileinspeisung (einschließlich Eigenverbrauch),375000,52249,Städteregion Aachen,Eschweiler,Am Kraftwerk,17,Nordrhein-Westfalen,6.319244,50.837339,1965,2021,TRUE,Weißweiler,NA,Rohbraunkohlen
SEE933685962403,NA,Verbrennung,NA,Weisweiler F,Teileinspeisung (einschließlich Eigenverbrauch),361000,52249,Städteregion Aachen,Eschweiler,Am Kraftwerk,17,Nordrhein-Westfalen,6.319244,50.837339,1967,2025,TRUE,Weißweiler,NA,Rohbraunkohlen
SEE987007884447,ABR999859507658,Verbrennung,"SEE987007884447, SEE909886576275",Weisweiler G,Volleinspeisung,703000,52249,Städteregion Aachen,Eschweiler,Am Kraftwerk,17,Nordrhein-Westfalen,6.319244,50.837339,1974,NA,FALSE,Weißweiler,KWK993917524199,Rohbraunkohlen
SEE909886576275,ABR999859507658,Verbrennung,"SEE987007884447, SEE909886576275",Weisweiler G VGT,Volleinspeisung,202000,52249,Städteregion Aachen,Eschweiler,Am Kraftwerk,17,Nordrhein-Westfalen,6.319244,50.837339,2006,NA,FALSE,Weißweiler,KWK993917524199,"Erdgas, Erdölgas"
SEE955314088254,ABR999859507658,Verbrennung,"SEE955314088254, SEE999117793854",Weisweiler H,Teileinspeisung (einschließlich Eigenverbrauch),696000,52249,Städteregion Aachen,Eschweiler,Am Kraftwerk,17,Nordrhein-Westfalen,6.319244,50.837339,1975,NA,FALSE,Weißweiler,KWK900269228767,Rohbraunkohlen
SEE999117793854,ABR999859507658,Verbrennung,"SEE955314088254, SEE999117793854",Weisweiler H VGT,Teileinspeisung (einschließlich Eigenverbrauch),202000,52249,Städteregion Aachen,Eschweiler,Am Kraftwerk,17,Nordrhein-Westfalen,6.319244,50.837339,2006,NA,FALSE,Weißweiler,KWK900269228767,"Erdgas, Erdölgas"
SEE992750539261,NA,Verbrennung,NA,Frimmersdorf P,Volleinspeisung,333000,41517,Rhein-Kreis Neuss,Grevenbroich,Energiestraße,10,Nordrhein-Westfalen,6.578014,51.052199,1966,2021,TRUE,Frimmersdorf,NA,Rohbraunkohlen
SEE999431209765,NA,Verbrennung,NA,Frimmersdorf Q,Volleinspeisung,321000,41517,Rhein-Kreis Neuss,Grevenbroich,Energiestraße,10,Nordrhein-Westfalen,6.578014,51.052199,1970,2021,TRUE,Frimmersdorf,NA,Rohbraunkohlen
SEE914857304191,ABR907042335667,Verbrennung,"SEE991220769276, SEE914857304191, SEE908089235248",Dormagen GT1,Teileinspeisung (einschließlich Eigenverbrauch),189000,41540,Rhein-Kreis Neuss,Dormagen,Alte Heerstraße,1,Nordrhein-Westfalen,6.818407,51.086969,2000,NA,FALSE,Dormagen,KWK986209567356,"Erdgas, Erdölgas"
SEE908089235248,ABR907042335667,Verbrennung,"SEE991220769276, SEE914857304191, SEE908089235248",Dormagen GT2,Teileinspeisung (einschließlich Eigenverbrauch),189000,41540,Rhein-Kreis Neuss,Dormagen,Alte Heerstraße,1,Nordrhein-Westfalen,6.818407,51.086969,2000,NA,FALSE,Dormagen,KWK986209567356,"Erdgas, Erdölgas"
SEE924647197780,NA,Verbrennung,"SEE924647197780, SEE994761683902",Dortmund DT,Teileinspeisung (einschließlich Eigenverbrauch),11400,44143,Dortmund,Dortmund,Weißenburger Straße,70,Nordrhein-Westfalen,7.476772,51.518958,2013,2022,TRUE,Dortmund Kessel 11-14,KWK902317600129,"Erdgas, Erdölgas"
SEE906830618081,ABR999859507658,Verbrennung,SEE906830618081,Fab Fortuna,Teileinspeisung (einschließlich Eigenverbrauch),30000,50129,Rhein-Erft-Kreis,Bergheim,Auenheimer Straße,NA,Nordrhein-Westfalen,6.668061,50.984615,1948,NA,FALSE,Fab Fortuna,KWK906781815140,Rohbraunkohlen
SEE905721866655,ABR999859507658,Verbrennung,SEE905721866655,Fab Frechen,Teileinspeisung (einschließlich Eigenverbrauch),82000,50226,Rhein-Erft-Kreis,Frechen,Ludwigstraße,NA,Nordrhein-Westfalen,6.799371,50.899426,1962,NA,FALSE,Fab Frechen,KWK947212833791,Rohbraunkohlen
SEE999145467468,ABR999859507658,Verbrennung,SEE999145467468,GoWerk F,Teileinspeisung (einschließlich Eigenverbrauch),83000,50354,Rhein-Erft-Kreis,Hürth,Goldenbergstraße,2,Nordrhein-Westfalen,6.844459,50.862541,1992,NA,FALSE,Goldenberg,KWK912090341409,Rohbraunkohlen
SEE994761683902,NA,Verbrennung,"SEE924647197780, SEE994761683902",Dortmund GT,Teileinspeisung (einschließlich Eigenverbrauch),14500,44143,Dortmund,Dortmund,Weißenburger Straße,70,Nordrhein-Westfalen,7.476772,51.518958,2013,2022,TRUE,Dortmund Kessel 11-14,KWK902317600129,"Erdgas, Erdölgas"
SEE967441234602,ABR973918567203,Verbrennung,"SEE967441234602, SEE909297051026, SEE950981928360, SEE960254517375",GT1,Teileinspeisung (einschließlich Eigenverbrauch),24880,49808,Emsland,Lingen,Raffineriestraße,1,Niedersachsen,7.302882,52.562754,1996,NA,FALSE,Kraftwerk BP Lingen,KWK997021354642,"Erdgas, Erdölgas"
SEE909297051026,ABR973918567203,Verbrennung,"SEE967441234602, SEE909297051026, SEE950981928360, SEE960254517375",GT2,Teileinspeisung (einschließlich Eigenverbrauch),24880,49808,Emsland,Lingen,Raffineriestraße,1,Niedersachsen,7.302741,52.562758,1996,NA,FALSE,Kraftwerk BP Lingen,KWK997021354642,"Erdgas, Erdölgas"
SEE950981928360,ABR973918567203,Verbrennung,"SEE967441234602, SEE909297051026, SEE950981928360, SEE960254517375",TG4,Teileinspeisung (einschließlich Eigenverbrauch),10900,49808,Emsland,Lingen,Raffineriestraße,1,Niedersachsen,7.303162,52.562571,1996,NA,FALSE,Kraftwerk BP Lingen,KWK997021354642,"Erdgas, Erdölgas"
SEE960254517375,ABR973918567203,Verbrennung,"SEE967441234602, SEE909297051026, SEE950981928360, SEE960254517375",TG6,Teileinspeisung (einschließlich Eigenverbrauch),10100,49808,Emsland,Lingen,Raffineriestraße,1,Niedersachsen,7.303323,52.562157,1996,NA,FALSE,Kraftwerk BP Lingen,KWK997021354642,"Erdgas, Erdölgas"
SEE985908351792,ABR907042335667,Verbrennung,"SEE985908351792, SEE933564106935, SEE951620659119, SEE994418588468, SEE921098709050, SEE925192446583, SEE979958390276, SEE911671792326, SEE929022761297",Emsland B DT,Volleinspeisung,372600,49808,Emsland,Lingen,Schüttorfer Straße,100,Niedersachsen,7.30525,52.48027,1974,NA,FALSE,Emsland B,KWK992353517345,"Erdgas, Erdölgas"
SEE933564106935,ABR907042335667,Verbrennung,"SEE985908351792, SEE933564106935, SEE951620659119, SEE994418588468, SEE921098709050, SEE925192446583, SEE979958390276, SEE911671792326, SEE929022761297",Emsland B GT1,Volleinspeisung,60000,49808,Emsland,Lingen,Schüttorfer Straße,100,Niedersachsen,7.30525,52.48027,2011,NA,FALSE,Emsland B,KWK992353517345,"Erdgas, Erdölgas"
SEE951620659119,ABR907042335667,Verbrennung,"SEE985908351792, SEE933564106935, SEE951620659119, SEE994418588468, SEE921098709050, SEE925192446583, SEE979958390276, SEE911671792326, SEE929022761297",Emsland B GT2,Volleinspeisung,60000,49808,Emsland,Lingen,Schüttorfer Straße,100,Niedersachsen,7.30525,52.48027,2011,NA,FALSE,Emsland B,KWK992353517345,"Erdgas, Erdölgas"
SEE994418588468,ABR907042335667,Verbrennung,"SEE985908351792, SEE933564106935, SEE951620659119, SEE994418588468, SEE921098709050, SEE925192446583, SEE979958390276, SEE911671792326, SEE929022761297",Emsland C DT,Volleinspeisung,372600,49808,Emsland,Lingen,Schüttorfer Straße,100,Niedersachsen,7.30525,52.48027,1975,NA,FALSE,Emsland C,KWK992353517345,"Erdgas, Erdölgas"
SEE921098709050,ABR907042335667,Verbrennung,"SEE985908351792, SEE933564106935, SEE951620659119, SEE994418588468, SEE921098709050, SEE925192446583, SEE979958390276, SEE911671792326, SEE929022761297",Emsland C GT1,Volleinspeisung,60000,49808,Emsland,Lingen,Schüttorfer Straße,100,Niedersachsen,7.30525,52.48027,2011,NA,FALSE,Emsland C,KWK992353517345,"Erdgas, Erdölgas"
SEE925192446583,ABR907042335667,Verbrennung,"SEE985908351792, SEE933564106935, SEE951620659119, SEE994418588468, SEE921098709050, SEE925192446583, SEE979958390276, SEE911671792326, SEE929022761297",Emsland C GT2,Volleinspeisung,60000,49808,Emsland,Lingen,Schüttorfer Straße,100,Niedersachsen,7.30525,52.48027,2011,NA,FALSE,Emsland C,KWK992353517345,"Erdgas, Erdölgas"
SEE979958390276,ABR907042335667,Verbrennung,"SEE985908351792, SEE933564106935, SEE951620659119, SEE994418588468, SEE921098709050, SEE925192446583, SEE979958390276, SEE911671792326, SEE929022761297",Emsland D DT,Volleinspeisung,345135,49808,Emsland,Lingen,Schüttorfer Straße,100,Niedersachsen,7.30525,52.48027,2010,NA,FALSE,Emsland D,KWK992353517345,"Erdgas, Erdölgas"
SEE911671792326,ABR907042335667,Verbrennung,"SEE985908351792, SEE933564106935, SEE951620659119, SEE994418588468, SEE921098709050, SEE925192446583, SEE979958390276, SEE911671792326, SEE929022761297",Emsland D GT1,Volleinspeisung,297930,49808,Emsland,Lingen,Schüttorfer Straße,100,Niedersachsen,7.30525,52.48027,2010,NA,FALSE,Emsland D,KWK992353517345,"Erdgas, Erdölgas"
SEE929022761297,ABR907042335667,Verbrennung,"SEE985908351792, SEE933564106935, SEE951620659119, SEE994418588468, SEE921098709050, SEE925192446583, SEE979958390276, SEE911671792326, SEE929022761297",Emsland D GT2,Volleinspeisung,297930,49808,Emsland,Lingen,Schüttorfer Straße,100,Niedersachsen,7.30525,52.48027,2010,NA,FALSE,Emsland D,KWK992353517345,"Erdgas, Erdölgas"
SEE923304040681,ABR907042335667,Verbrennung,NA,Gersteinwerk F GT (F1),Teileinspeisung (einschließlich Eigenverbrauch),72000,59368,Unna,Werne,Hammer Straße,2,Nordrhein-Westfalen,7.710467,51.67324,1972,NA,FALSE,Gersteinwerk F,NA,"Erdgas, Erdölgas"
SEE970816213751,NA,Verbrennung,SEE970816213751,Ibbenbüren B,Teileinspeisung (einschließlich Eigenverbrauch),838000,49479,Steinfurt,Ibbenbüren,Schwarzer Weg,25,Nordrhein-Westfalen,7.750047,52.285881,1985,2021,TRUE,Ibbenbüren,KWK966938162008,Steinkohlen
SEE996891820448,ABR932374056560,Verbrennung,"SEE929785534022, SEE979423615132, SEE993787055366, SEE996891820448, SEE925411264011",Turbine 3,Teileinspeisung (einschließlich Eigenverbrauch),12000,47829,Krefeld,Krefeld,Parkstraße,234,Nordrhein-Westfalen,6.634418,51.378911,1978,NA,FALSE,NA,KWK953635124002,Dampf (zum Beispiel Prozesswärme)
SEE992607731794,ABR932374056560,Verbrennung,NA,Turbine 4,Teileinspeisung (einschließlich Eigenverbrauch),13840,47829,Krefeld,Krefeld,Parkstraße,234,Nordrhein-Westfalen,6.634418,51.378911,2001,NA,FALSE,NA,NA,Dampf (zum Beispiel Prozesswärme)
SEE985331675700,ABR946983035717,Verbrennung,SEE985331675700,HKW Magirusstraße,Teileinspeisung (einschließlich Eigenverbrauch),15600,89077,Ulm,Ulm,Magirusstraße,21,Baden-Württemberg,9.964729,48.396928,1992,NA,FALSE,HKW Magirusstraße,KWK940735218458,"Erdgas, Erdölgas"
SEE953266686481,ABR980561100190,Verbrennung,"SEE981003349412, SEE934591835126, SEE900073920406, SEE953266686481, SEE977770417713",T2,Teileinspeisung (einschließlich Eigenverbrauch),12800,24534,Neumünster,Neumünster,Bismarckstraße,51,Schleswig-Holstein,9.987944,54.081997,1982,NA,FALSE,NA,KWK943096849477,Steinkohlen
SEE977770417713,ABR980561100190,Verbrennung,"SEE981003349412, SEE934591835126, SEE900073920406, SEE953266686481, SEE977770417713",T3,Teileinspeisung (einschließlich Eigenverbrauch),15520,24534,Neumünster,Neumünster,Bismarckstraße,51,Schleswig-Holstein,9.987944,54.081997,1979,NA,FALSE,HKW Neumünster,KWK943096849477,"Abfall (Hausmüll, Siedl.abf.)"
SEE942237774470,ABR907042335667,Verbrennung,NA,Gersteinwerk F DT (F2),Teileinspeisung (einschließlich Eigenverbrauch),355000,59368,Unna,Werne,Hammer Straße,2,Nordrhein-Westfalen,7.710467,51.67324,1972,NA,FALSE,Gersteinwerk F,NA,"Erdgas, Erdölgas"
SEE944148486770,ABR941211411547,Verbrennung,"SEE944148486770, SEE957163765348",Generator 4,Teileinspeisung (einschließlich Eigenverbrauch),22770,50997,Köln,Köln,Harry-Kloepfer-Str.,1,Nordrhein-Westfalen,6.918464,50.873503,2017,NA,FALSE,NA,KWK901031577328,Andere Gase
SEE932787342328,ABR907042335667,Verbrennung,NA,Gersteinwerk G GT (G1),Teileinspeisung (einschließlich Eigenverbrauch),72000,59368,Unna,Werne,Hammer Straße,2,Nordrhein-Westfalen,7.710467,51.67324,1973,NA,FALSE,Gersteinwerk G,NA,"Erdgas, Erdölgas"
SEE957163765348,ABR941211411547,Verbrennung,"SEE944148486770, SEE957163765348",Generator 3,Teileinspeisung (einschließlich Eigenverbrauch),14000,50997,Köln,Köln,Harry-Kloepfer-Str.,1,Nordrhein-Westfalen,6.918464,50.873503,2020,NA,FALSE,ENVE,KWK901031577328,Andere Gase
SEE908672656115,ABR907042335667,Verbrennung,NA,Gersteinwerk G DT (G2),Teileinspeisung (einschließlich Eigenverbrauch),355000,59368,Unna,Werne,Hammer Straße,2,Nordrhein-Westfalen,7.710467,51.67324,1973,NA,FALSE,Gersteinwerk G,NA,"Erdgas, Erdölgas"
SEE995899706617,ABR907042335667,Verbrennung,NA,Gersteinwerk I GT (I1),Teileinspeisung (einschließlich Eigenverbrauch),72000,59368,Unna,Werne,Hammer Straße,2,Nordrhein-Westfalen,7.710467,51.67324,1974,NA,FALSE,Gersteinwerk I,NA,"Erdgas, Erdölgas"
SEE939426112649,ABR907042335667,Verbrennung,NA,Gersteinwerk I DT (I2),Teileinspeisung (einschließlich Eigenverbrauch),355000,59368,Unna,Werne,Hammer Straße,2,Nordrhein-Westfalen,7.710467,51.67324,1973,NA,FALSE,Gersteinwerk I,NA,"Erdgas, Erdölgas"
SEE964242179781,ABR907042335667,Verbrennung,NA,Gersteinwerk K,Teileinspeisung (einschließlich Eigenverbrauch),112500,59368,Unna,Werne,Hammer Straße,2,Nordrhein-Westfalen,7.710467,51.67324,1984,NA,FALSE,Gersteinwerk Block K (Werne),NA,"Erdgas, Erdölgas"
SEE904604163027,ABR907042335667,Verbrennung,SEE904604163027,Karnap B,Teileinspeisung (einschließlich Eigenverbrauch),48000,45329,Essen,Essen,Arenbergstr.,45,Nordrhein-Westfalen,7.000281,51.51543,1987,NA,FALSE,Karnap,KWK954613665869,"Abfall (Hausmüll, Siedl.abf.)"
SEE919366422664,ABR956205387616,Verbrennung,"SEE976325553869, SEE919366422664, SEE906120609386",DTS 3,Teileinspeisung (einschließlich Eigenverbrauch),17040,68305,Mannheim,Mannheim,Sandhofer Straße,176,Baden-Württemberg,8.464671,49.535948,2012,NA,FALSE,HKW Essity Mannheim,KWK900692271637,"Erdgas, Erdölgas"
SEE955937262338,ABR911954122932,Verbrennung,"SEE955937262338, SEE993054223955",„Turbosatz 1“,Teileinspeisung (einschließlich Eigenverbrauch),25600,46049,Oberhausen,Oberhausen,Liricher Str.,121,Nordrhein-Westfalen,6.832886,51.482689,2006,NA,FALSE,GMVA Oberhausen,KWK930120559938,"Abfall (Hausmüll, Siedl.abf.)"
SEE968847258773,ABR915068942295,Verbrennung,NA,Heizkraftwerk Heilbronn HLB 5,Volleinspeisung,137000,74076,Heilbronn,Heilbronn,Lichtenbergerstraße,21,Baden-Württemberg,9.20814,49.17389,1965,NA,FALSE,Heizkraftwerk Heilbronn,NA,Steinkohlen
SEE935086224739,ABR915068942295,Verbrennung,NA,Heizkraftwerk Heilbronn HLB 6,Volleinspeisung,137000,74076,Heilbronn,Heilbronn,Lichtenbergerstraße,23,Baden-Württemberg,9.20814,49.1741,1966,NA,FALSE,Heizkraftwerk Heilbronn,NA,Steinkohlen
SEE948609940009,ABR915068942295,Verbrennung,"SEE948609940009, SEE900364034072",Heizkraftwerk Heilbronn HLB 7,Teileinspeisung (einschließlich Eigenverbrauch),822000,74076,Heilbronn,Heilbronn,Lichtenbergerstraße,23,Baden-Württemberg,9.20734,49.17718,1985,NA,FALSE,Heizkraftwerk Heilbronn,KWK945299053842,Steinkohlen
SEE913657334902,ABR948343575833,Verbrennung,NA,NEC_WERK_PST_SÜD,Teileinspeisung (einschließlich Eigenverbrauch),20570,74172,Heilbronn,Neckarsulm,NSU-Straße,1,Baden-Württemberg,9.22132,49.193807,1994,NA,FALSE,NEC_WERK_PST_SÜD,NA,Andere Mineralölprodukte
SEE996231694999,NA,Verbrennung,SEE996231694999,Dampfturbine WSK Kuhheide 1,Teileinspeisung (einschließlich Eigenverbrauch),14000,16303,Uckermark,Schwedt,Kuhheide,1,Brandenburg,14.309287,53.076405,2011,2018,TRUE,Wirbelschichtkesselanlage Schwedt,KWK974974314572,Industrieabfall
SEE993054223955,ABR911954122932,Verbrennung,"SEE955937262338, SEE993054223955",„Turbosatz 2“,Teileinspeisung (einschließlich Eigenverbrauch),49500,46049,Oberhausen,Oberhausen,Liricher Str.,121,Nordrhein-Westfalen,6.832886,51.482689,1991,NA,FALSE,GMVA Oberhausen,KWK930120559938,"Abfall (Hausmüll, Siedl.abf.)"
SEE931406146903,ABR999014678889,Verbrennung,NA,LBG-1/599,Volleinspeisung,15000,45896,Gelsenkirchen,Gelsenkirchen,Pawiker Straße,30,Nordrhein-Westfalen,7.026289,51.597958,2025,NA,FALSE,Ruhr Oel GmbH,NA,Andere Gase
SEE978327902850,NA,Verbrennung,NA,Westfalen E,Teileinspeisung (einschließlich Eigenverbrauch),800000,59071,Hamm,Hamm,Siegenbeckstraße,10,Nordrhein-Westfalen,7.969927,51.682608,2014,2021,TRUE,Westfalen,NA,Steinkohlen
SEE906120609386,ABR956205387616,Verbrennung,"SEE976325553869, SEE919366422664, SEE906120609386",DTS 2,Teileinspeisung (einschließlich Eigenverbrauch),28500,68305,Mannheim,Mannheim,Sandhofer Straße,176,Baden-Württemberg,8.464721,49.535897,1969,NA,FALSE,HKW Essity Mannheim,KWK900692271637,"Erdgas, Erdölgas"
SEE970806189455,ABR999412623818,Verbrennung,SEE970806189455,BHKW-G66-KWK-groß,Teileinspeisung (einschließlich Eigenverbrauch),12900,08058,Zwickau,Zwickau,Glauchauer Straße,40,Sachsen,12.484255,50.793913,2014,NA,FALSE,KWK-G66/1,KWK938523460486,"Erdgas, Erdölgas"
SEE972471937317,NA,Verbrennung,SEE972471937317,Moorburg Block A,Volleinspeisung,860000,21079,Hamburg,Hamburg,Moorburger Schanze,2,Hamburg,9.949603,53.487504,2015,2021,TRUE,NA,KWK979726913522,Steinkohlen
SEE999848168525,NA,Verbrennung,SEE999848168525,Moorburg Block B,Volleinspeisung,860000,21079,Hamburg,Hamburg,Moorburger Schanze,2,Hamburg,9.949603,53.487504,2015,2021,TRUE,NA,KWK929917147069,Steinkohlen
SEE992973663477,NA,Verbrennung,NA,Heizkraftwerk Stuttgart-Münster GT 16,Teileinspeisung (einschließlich Eigenverbrauch),23300,70376,Stuttgart,Stuttgart,Voltastraße,45,Baden-Württemberg,9.21823,48.81348,1974,2022,TRUE,Heizkraftwerk Stuttgart-Münster,NA,"Heizöl, leicht"
SEE964170331206,ABR940080653300,Verbrennung,SEE964170331206,MHKW Coburg,Teileinspeisung (einschließlich Eigenverbrauch),10600,96450,Coburg,Coburg,Glender Straße,30,Bayern,10.954816,50.284487,1988,NA,FALSE,MHKW Coburg,KWK974523117500,"Abfall (Hausmüll, Siedl.abf.)"
SEE951401550147,ABR915068942295,Verbrennung,NA,Heizkraftwerk Stuttgart-Münster GT 17,Teileinspeisung (einschließlich Eigenverbrauch),23300,70376,Stuttgart,Stuttgart,Voltastraße,45,Baden-Württemberg,9.21823,48.81348,1974,2026,TRUE,Heizkraftwerk Stuttgart-Münster,NA,"Heizöl, leicht"
SEE985887784048,ABR915068942295,Verbrennung,NA,Heizkraftwerk Stuttgart-Münster GT 18,Teileinspeisung (einschließlich Eigenverbrauch),23400,70376,Stuttgart,Stuttgart,Voltastraße,45,Baden-Württemberg,9.21823,48.81348,1974,NA,FALSE,Heizkraftwerk Stuttgart-Münster,NA,"Heizöl, leicht"
SEE998383491525,ABR915068942295,Verbrennung,"SEE998383491525, SEE905714722562, SEE962877818310, SEE966349705634, SEE936388385937",Heizkraftwerk Stuttgart-Münster DT 12,Teileinspeisung (einschließlich Eigenverbrauch),47200,70376,Stuttgart,Stuttgart,Voltastraße,45,Baden-Württemberg,9.2193,48.814775,1982,NA,FALSE,Heizkraftwerk Stuttgart-Münster,KWK915597122472,"Erdgas, Erdölgas"
SEE905714722562,ABR915068942295,Verbrennung,"SEE998383491525, SEE905714722562, SEE962877818310, SEE966349705634, SEE936388385937",Heizkraftwerk Stuttgart-Münster DT 15,Teileinspeisung (einschließlich Eigenverbrauch),47200,70376,Stuttgart,Stuttgart,Voltastraße,45,Baden-Württemberg,9.2193,48.814775,1984,NA,FALSE,Heizkraftwerk Stuttgart-Münster,KWK915597122472,"Erdgas, Erdölgas"
SEE962877818310,ABR915068942295,Verbrennung,"SEE998383491525, SEE905714722562, SEE962877818310, SEE966349705634, SEE936388385937",Heizkraftwerk Stuttgart-Münster DT 19,Teileinspeisung (einschließlich Eigenverbrauch),19600,70376,Stuttgart,Stuttgart,Voltastraße,45,Baden-Württemberg,9.2193,48.814775,2009,NA,FALSE,Heizkraftwerk Stuttgart-Münster,KWK915597122472,"Erdgas, Erdölgas"
SEE918407219966,ABR936418504406,Verbrennung,"SEE918407219966, SEE970401548961",GuD Steinitz - HKW 1,Teileinspeisung (einschließlich Eigenverbrauch),11600,29410,Altmarkkreis Salzwedel,Salzwedel,Bobbenmärsche,11,Sachsen-Anhalt,11.104099,52.828012,1994,NA,FALSE,NA,KWK934891886002,"Erdgas, Erdölgas"
SEE912008346410,ABR996222643838,Verbrennung,"SEE900252837358, SEE912008346410",Dampfturbine,NA,10800,76593,Rastatt,Gernsbach,Fabrikstraße,1,Baden-Württemberg,8.344384,48.738171,1974,NA,FALSE,Dampfturbine,KWK955247874368,Dampf (zum Beispiel Prozesswärme)
SEE985453029962,ABR947079820699,Verbrennung,"SEE985453029962, SEE952937205877",Könnern Generator 1,Teileinspeisung (einschließlich Eigenverbrauch),11000,06420,Salzlandkreis,Könnern,An den Sieben Stücken,1,Sachsen-Anhalt,11.757678,51.697436,1993,NA,FALSE,NA,KWK934193332092,Braunkohlenbriketts
SEE952937205877,ABR947079820699,Verbrennung,"SEE985453029962, SEE952937205877",Könnern Generator 2,Teileinspeisung (einschließlich Eigenverbrauch),20000,06420,Salzlandkreis,Könnern,An den Sieben Stücken,1,Sachsen-Anhalt,11.757669,51.697462,1993,NA,FALSE,NA,KWK934193332092,Braunkohlenbriketts
SEE982064018118,ABR987972265807,Verbrennung,"SEE958827094903, SEE982064018118, SEE999756197518, SEE932782707160",Gasturbine 2,Teileinspeisung (einschließlich Eigenverbrauch),16000,56727,Mayen-Koblenz,Mayen,Polcher Straße,113,Rheinland-Pfalz,7.233567,50.321124,2015,NA,FALSE,Kraftwerk Weig,KWK989347953357,"Erdgas, Erdölgas"
SEE998558143099,ABR960290477190,Verbrennung,SEE998558143099,Generator Jülich,Teileinspeisung (einschließlich Eigenverbrauch),25210,52428,Düren,Jülich,Dürener Str.,20,Nordrhein-Westfalen,6.373128,50.916621,2004,NA,FALSE,HKW Jülich,KWK939911003629,"Erdgas, Erdölgas"
SEE943427876363,ABR915068942295,Verbrennung,SEE943427876363,Kraftwerk Rostock Block A,Teileinspeisung (einschließlich Eigenverbrauch),553000,18147,Rostock,Rostock,Am Kühlturm,1,Mecklenburg-Vorpommern,12.13102,54.14065,1994,NA,FALSE,KNG Kraftwerk Rostock,KWK996755198690,Steinkohlen
SEE925011950635,ABR969687795213,Verbrennung,"SEE951966828576, SEE925011950635",Turbine VE 40 ZV MVA IN,Teileinspeisung (einschließlich Eigenverbrauch),22800,85055,Ingolstadt,Ingolstadt,Am Mailinger Bach,141,Bayern,11.492171,48.765557,1996,NA,FALSE,NA,KWK936837735139,"Abfall (Hausmüll, Siedl.abf.)"
SEE982556430190,ABR975347388190,Verbrennung,"SEE982556430190, SEE912935247576",Raffineriekraftwerk Leuna HDT,Teileinspeisung (einschließlich Eigenverbrauch),33600,06237,Saalekreis,Leuna,Am Haupttor,3691,Sachsen-Anhalt,12.001454,51.291343,1997,NA,FALSE,Raffineriekraftwerk Leuna,KWK937899080434,Andere Mineralölprodukte
SEE999756197518,ABR987972265807,Verbrennung,"SEE958827094903, SEE982064018118, SEE999756197518, SEE932782707160",Dampfturbine 2,Teileinspeisung (einschließlich Eigenverbrauch),18500,56727,Mayen-Koblenz,Mayen,Polcher Straße,113,Rheinland-Pfalz,7.233824,50.321056,2015,NA,FALSE,Kraftwerk Weig,KWK989347953357,"Erdgas, Erdölgas"
SEE932782707160,ABR987972265807,Verbrennung,"SEE958827094903, SEE982064018118, SEE999756197518, SEE932782707160",Dampfturbine 3,Teileinspeisung (einschließlich Eigenverbrauch),28800,56727,Mayen-Koblenz,Mayen,Polcher Straße,113,Rheinland-Pfalz,7.234155,50.321326,2015,NA,FALSE,Kraftwerk Weig,KWK989347953357,"Erdgas, Erdölgas"
SEE912160334607,ABR975347388190,Verbrennung,SEE912160334607,Leuna GT2,Teileinspeisung (einschließlich Eigenverbrauch),37600,06237,Saalekreis,Leuna,NA,NA,Sachsen-Anhalt,12.00582,51.319176,1994,NA,FALSE,GuD1,KWK931116298008,"Erdgas, Erdölgas"
SEE927727929912,ABR949975645017,Verbrennung,NA,MVA-Turbine,Teileinspeisung (einschließlich Eigenverbrauch),33000,52249,Städteregion Aachen,Eschweiler,Zum Hagelkreuz,22,Nordrhein-Westfalen,6.316214,50.840739,1996,NA,FALSE,Weisweiler,NA,"Abfall (Hausmüll, Siedl.abf.)"
SEE997020557907,ABR970612839575,Verbrennung,"SEE997020557907, SEE959802115149, SEE958244704843",DGW TG 15,Teileinspeisung (einschließlich Eigenverbrauch),18240,44147,Dortmund,Dortmund,Weidenstraße,70,Nordrhein-Westfalen,7.438918,51.543854,1989,NA,FALSE,NA,KWK930409909997,Dampf (zum Beispiel Prozesswärme)
SEE912935247576,ABR975347388190,Verbrennung,"SEE982556430190, SEE912935247576",Raffineriekraftwerk Leuna MDT,Teileinspeisung (einschließlich Eigenverbrauch),38300,06237,Saalekreis,Leuna,Am Haupttor,3691,Sachsen-Anhalt,12.001454,51.291343,1997,NA,FALSE,Raffineriekraftwerk Leuna,KWK937899080434,Andere Mineralölprodukte
SEE974711013546,ABR975347388190,Verbrennung,NA,Raffineriekraftwerk Leuna NDT,Teileinspeisung (einschließlich Eigenverbrauch),34200,06237,Saalekreis,Leuna,Am Haupttor,3691,Sachsen-Anhalt,12.001454,51.291343,1997,NA,FALSE,Raffineriekraftwerk Leuna,NA,Andere Mineralölprodukte
SEE925720506642,ABR978405828997,Verbrennung,"SEE925720506642, SEE979861364876, SEE993412996354, SEE975193004329, SEE920201147345",Kraftwerk WI GT,Teileinspeisung (einschließlich Eigenverbrauch),17500,36266,Hersfeld-Rotenburg,Heringen,In der Aue,1,Hessen,9.994601,50.891251,1962,NA,FALSE,Kraftwerk WI,KWK983320083819,"Erdgas, Erdölgas"
SEE979861364876,ABR978405828997,Verbrennung,"SEE925720506642, SEE979861364876, SEE993412996354, SEE975193004329, SEE920201147345",Kraftwerk WI DT 2.1,Teileinspeisung (einschließlich Eigenverbrauch),53549,36266,Hersfeld-Rotenburg,Heringen,In der Aue,1,Hessen,9.994601,50.891251,2009,NA,FALSE,Kraftwerk WI,KWK983320083819,"Erdgas, Erdölgas"
SEE993412996354,ABR978405828997,Verbrennung,"SEE925720506642, SEE979861364876, SEE993412996354, SEE975193004329, SEE920201147345",Kraftwerk WI DT3,Teileinspeisung (einschließlich Eigenverbrauch),12254,36266,Hersfeld-Rotenburg,Heringen,In der Aue,1,Hessen,9.994601,50.891251,1967,NA,FALSE,Kraftwerk WI,KWK983320083819,"Erdgas, Erdölgas"
SEE975193004329,ABR978405828997,Verbrennung,"SEE925720506642, SEE979861364876, SEE993412996354, SEE975193004329, SEE920201147345",Kraftwerk WI DT4,Teileinspeisung (einschließlich Eigenverbrauch),28504,36266,Hersfeld-Rotenburg,Heringen,In der Aue,1,Hessen,9.994601,50.891251,1982,NA,FALSE,Kraftwerk WI,KWK983320083819,"Erdgas, Erdölgas"
SEE970554561831,ABR978405828997,Verbrennung,"SEE907064154956, SEE906462907775, SEE990935582224, SEE970554561831, SEE913280112274, SEE916865356940, SEE952488583202",Kraftwerk HA DT2,Teileinspeisung (einschließlich Eigenverbrauch),22500,36269,Hersfeld-Rotenburg,Philippsthal,Hattorfer Straße,1,Hessen,9.957986,50.848488,2017,NA,FALSE,Kraftwerk HA,KWK937588847799,Dampf (zum Beispiel Prozesswärme)
SEE913280112274,ABR978405828997,Verbrennung,"SEE907064154956, SEE906462907775, SEE990935582224, SEE970554561831, SEE913280112274, SEE916865356940, SEE952488583202",Kraftwerk HA DT4,Teileinspeisung (einschließlich Eigenverbrauch),21000,36269,Hersfeld-Rotenburg,Philippsthal,Hattorfer Straße,1,Hessen,9.957986,50.848488,1962,NA,FALSE,Kraftwerk Ha,KWK937588847799,Dampf (zum Beispiel Prozesswärme)
SEE916865356940,ABR978405828997,Verbrennung,"SEE907064154956, SEE906462907775, SEE990935582224, SEE970554561831, SEE913280112274, SEE916865356940, SEE952488583202",Kraftwerk HA GT4,Teileinspeisung (einschließlich Eigenverbrauch),32604,36269,Hersfeld-Rotenburg,Philippsthal,Hattorfer Straße,1,Hessen,9.957986,50.848488,2012,NA,FALSE,Kraftwerk HA,KWK937588847799,"Erdgas, Erdölgas"
SEE952488583202,ABR978405828997,Verbrennung,"SEE907064154956, SEE906462907775, SEE990935582224, SEE970554561831, SEE913280112274, SEE916865356940, SEE952488583202",Kraftwerk HA DT1,Teileinspeisung (einschließlich Eigenverbrauch),28504,36269,Hersfeld-Rotenburg,Philippsthal,Hattorfer Straße,1,Hessen,9.957986,50.848488,1967,NA,FALSE,Kraftwerk HA,KWK937588847799,Dampf (zum Beispiel Prozesswärme)
SEE944503176377,ABR915068942295,Verbrennung,NA,Heizkraftwerk  Altbach/Deizisau HKW 1,Teileinspeisung (einschließlich Eigenverbrauch),476000,73776,Esslingen,Altbach,Industriestraße,11,Baden-Württemberg,9.36748,48.71905,1985,NA,FALSE,Heizkraftwerk Altbach/Deizisau,NA,Steinkohlen
SEE998644964959,ABR981914756675,Verbrennung,"SEE988601422752, SEE936473203580, SEE912583238223, SEE969004747543, SEE951160693116, SEE998644964959, SEE994538470544, SEE959025997980, SEE991087959599, SEE963454497492",Gasturbine 1 Jena,Volleinspeisung,40000,07745,Jena,Jena,Rudolstädter Straße,41,Thüringen,11.584172,50.895678,1996,NA,FALSE,HKW Jena,KWK906079041145,"Erdgas, Erdölgas"
SEE950355589975,ABR978405828997,Verbrennung,"SEE936181210535, SEE950355589975, SEE979396678813, SEE972969049737, SEE955837429145",Kraftwerk ZI DT 2,Teileinspeisung (einschließlich Eigenverbrauch),29962,39326,Börde,Zielitz,Farsleber Straße,1,Sachsen-Anhalt,11.672539,52.299865,2010,NA,FALSE,Kraftwerk ZI,KWK917214660930,Dampf (zum Beispiel Prozesswärme)
SEE979396678813,ABR978405828997,Verbrennung,"SEE936181210535, SEE950355589975, SEE979396678813, SEE972969049737, SEE955837429145",Kraftwerk ZI DT1,Teileinspeisung (einschließlich Eigenverbrauch),18336,39326,Börde,Zielitz,Farsleber Straße,1,Sachsen-Anhalt,11.672539,52.299865,1980,NA,FALSE,Kraftwerk ZI,KWK917214660930,Dampf (zum Beispiel Prozesswärme)
SEE963975943188,ABR915068942295,Verbrennung,NA,Heizkraftwerk Altbach/Deizisau GT B,Teileinspeisung (einschließlich Eigenverbrauch),60000,73776,Esslingen,Altbach,Industriestraße,11,Baden-Württemberg,9.37096,48.717125,1973,NA,FALSE,Heizkraftwerk Altbach/Deizisau,NA,"Erdgas, Erdölgas"
SEE904161631090,ABR915068942295,Verbrennung,NA,Heizkraftwerk Altbach/Deizisau GT C,Teileinspeisung (einschließlich Eigenverbrauch),87000,73776,Esslingen,Altbach,Industriestraße,11,Baden-Württemberg,9.370416,48.717125,1975,NA,FALSE,Heizkraftwerk Altbach/Deizisau,NA,"Erdgas, Erdölgas"
SEE994538470544,ABR981914756675,Verbrennung,"SEE988601422752, SEE936473203580, SEE912583238223, SEE969004747543, SEE951160693116, SEE998644964959, SEE994538470544, SEE959025997980, SEE991087959599, SEE963454497492",Gasturbine 2 Jena,Volleinspeisung,40000,07745,Jena,Jena,Rudolstädter Straße,41,Thüringen,11.585727,50.896781,1996,NA,FALSE,HKW Jena,KWK906079041145,"Erdgas, Erdölgas"
SEE926471060193,ABR978405828997,Verbrennung,"SEE992769312817, SEE996145759296, SEE926471060193, SEE997894865399, SEE970114818481",Kraftwerk UB DT1,Teileinspeisung (einschließlich Eigenverbrauch),11493,36414,Wartburgkreis,Unterbreizbach,Schachtstraße,10,Thüringen,9.976418,50.816047,2002,NA,FALSE,Kraftwerk UB,KWK992250652682,Dampf (zum Beispiel Prozesswärme)
SEE959025997980,ABR981914756675,Verbrennung,"SEE988601422752, SEE936473203580, SEE912583238223, SEE969004747543, SEE951160693116, SEE998644964959, SEE994538470544, SEE959025997980, SEE991087959599, SEE963454497492",Gasturbine 3 Jena,Volleinspeisung,40000,07745,Jena,Jena,Rudolstädter Straße,41,Thüringen,11.585727,50.896781,1996,NA,FALSE,HKW Jena,KWK906079041145,"Erdgas, Erdölgas"
SEE991087959599,ABR981914756675,Verbrennung,"SEE988601422752, SEE936473203580, SEE912583238223, SEE969004747543, SEE951160693116, SEE998644964959, SEE994538470544, SEE959025997980, SEE991087959599, SEE963454497492",Dampfturbine 1 Jena,Volleinspeisung,26000,07745,Jena,Jena,Rudolstädter Straße,41,Thüringen,11.585727,50.896781,1996,NA,FALSE,HKW Jena,KWK906079041145,"Erdgas, Erdölgas"
SEE963454497492,ABR981914756675,Verbrennung,"SEE988601422752, SEE936473203580, SEE912583238223, SEE969004747543, SEE951160693116, SEE998644964959, SEE994538470544, SEE959025997980, SEE991087959599, SEE963454497492",Dampfturbine 2 Jena,Volleinspeisung,40000,07745,Jena,Jena,Rudolstädter Straße,41,Thüringen,11.585727,50.896781,1996,NA,FALSE,HKW Jena,KWK906079041145,"Erdgas, Erdölgas"
SEE970114818481,ABR978405828997,Verbrennung,"SEE992769312817, SEE996145759296, SEE926471060193, SEE997894865399, SEE970114818481",Kraftwerk UB DT3,Teileinspeisung (einschließlich Eigenverbrauch),12252,36414,Wartburgkreis,Unterbreizbach,Schachtstraße,10,Thüringen,9.976418,50.816047,1964,NA,FALSE,Kraftwerk UB,KWK992250652682,Dampf (zum Beispiel Prozesswärme)
SEE998199911088,ABR935946752716,Verbrennung,SEE998199911088,Kraftwerk Lippendorf Block S,Teileinspeisung (einschließlich Eigenverbrauch),942000,04575,Leipzig,Neukieritzsch,Hauptstraße,200,Sachsen,12.3741,51.1821,1999,NA,FALSE,Kraftwerk Lippendorf,KWK934944666445,Rohbraunkohlen
SEE970667868155,ABR977403855622,Verbrennung,"SEE957285549260, SEE970667868155, SEE949216632202",Gasturbine 13,Volleinspeisung,60600,24939,Flensburg,Flensburg,Batteriestraße,48,Schleswig-Holstein,9.430341,54.805049,2022,NA,FALSE,Kessel 13,KWK925291805595,"Erdgas, Erdölgas"
SEE949216632202,ABR977403855622,Verbrennung,"SEE957285549260, SEE970667868155, SEE949216632202",Dampfturbine 13,Volleinspeisung,38700,24939,Flensburg,Flensburg,Batteriestraße,48,Schleswig-Holstein,9.430341,54.805049,2022,NA,FALSE,Kessel 13,KWK925291805595,"Erdgas, Erdölgas"
SEE950895373805,ABR983490316724,Verbrennung,"SEE975188536989, SEE950895373805",Dampfturbinenanlage DT3,Volleinspeisung,34600,66121,Regionalverband Saarbrücken,Saarbrücken,Bismarckstraße,143,Saarland,7.014908,49.224142,2011,NA,FALSE,HKW Römerbrücke,KWK905064482697,"Erdgas, Erdölgas"
SEE965067693100,ABR953821483791,Verbrennung,SEE965067693100,Kraftwerk DK,Teileinspeisung (einschließlich Eigenverbrauch),22100,47053,Duisburg,Duisburg,Werthauser Str.,182,Nordrhein-Westfalen,6.742004,51.422284,2011,NA,FALSE,Kraftwerk DK,KWK966070106342,"Hochofengas, Konvertergas"
SEE936668903264,ABR946983035717,Verbrennung,SEE936668903264,BHKW1,Volleinspeisung,20774,89077,Ulm,Ulm,Magirusstraße,21,Baden-Württemberg,9.9667,48.397309,2022,NA,FALSE,BHKW1,KWK928937203502,"Erdgas, Erdölgas"
SEE924053403383,ABR975955212252,Verbrennung,SEE924053403383,"Shell Energy and Chemicals Park, Kraftwerk Wesseling, Turbine 5",Teileinspeisung (einschließlich Eigenverbrauch),34300,50389,Rhein-Erft-Kreis,Wesseling,Ludwigshafener Str.,1,Nordrhein-Westfalen,7.005498,50.814133,1979,NA,FALSE,"Shell Deutschland Oil GmbH, RRS, Turbine 5",KWK950691372415,"Heizöl, schwer"
SEE945682618689,ABR999627822365,Verbrennung,"SEE911097916719, SEE945682618689",Dampfturbine Model Sachsen Papier,Teileinspeisung (einschließlich Eigenverbrauch),16620,04838,Nordsachsen,Eilenburg,Am Schanzberg,1,Sachsen,12.590274,51.467629,1994,NA,FALSE,Dampfturbine Stora Enso Sachsen,KWK971183668724,"Erdgas, Erdölgas"
SEE951684578067,ABR900121894048,Verbrennung,"SEE972466462527, SEE972475289894, SEE949123804273, SEE951684578067, SEE938158660541",Gasturbine 2 - GuD MPE,Teileinspeisung (einschließlich Eigenverbrauch),15250,33699,Bielefeld,Bielefeld,Niedernholz,7,Nordrhein-Westfalen,8.614187,52.000329,2021,NA,FALSE,GuD Kraftwerk Hillegossen,KWK969952298944,"Erdgas, Erdölgas"
SEE973793127974,ABR900552771949,Verbrennung,SEE973793127974,KW Mittelsbüren Block 4,Teileinspeisung (einschließlich Eigenverbrauch),240000,28237,Bremen,Bremen,Auf den Delben,35,Bremen,8.683707,53.129382,1975,NA,FALSE,NA,KWK932097809368,"Hochofengas, Konvertergas"
SEE915851127786,ABR944096107796,Verbrennung,SEE915851127786,BHKW Schwarzer Weg,Volleinspeisung,22535,52070,Städteregion Aachen,Aachen,Schwarzer Weg,19 b,Nordrhein-Westfalen,6.113831,50.797493,2023,NA,FALSE,STAWAG BHKW Schwarzer Weg,KWK916984566398,"Erdgas, Erdölgas"
SEE942019110397,ABR955348431156,Verbrennung,"SEE923769915258, SEE942019110397, SEE980608407671, SEE976880282228, SEE949895584069",HKW Sandreuth (GT2),Volleinspeisung,53637,90441,Nürnberg,Nürnberg,Sandreuthstraße,55a,Bayern,11.062048,49.439162,2005,NA,FALSE,HKW Sandreuth (Gas-GuD),KWK980332511361,"Erdgas, Erdölgas"
SEE980608407671,ABR955348431156,Verbrennung,"SEE923769915258, SEE942019110397, SEE980608407671, SEE976880282228, SEE949895584069",HKW Sandreuth (DT1),Volleinspeisung,16076,90441,Nürnberg,Nürnberg,Sandreuthstraße,55a,Bayern,11.062048,49.439162,2010,NA,FALSE,HKW Sandreuth (Gas-GuD),KWK980332511361,"Erdgas, Erdölgas"
SEE976880282228,ABR955348431156,Verbrennung,"SEE923769915258, SEE942019110397, SEE980608407671, SEE976880282228, SEE949895584069",HKW Sandreuth (DT2),Volleinspeisung,44450,90441,Nürnberg,Nürnberg,Sandreuthstraße,55a,Bayern,11.062048,49.439162,1982,NA,FALSE,HKW Sandreuth (Gas-GuD),KWK980332511361,"Erdgas, Erdölgas"
SEE949895584069,ABR955348431156,Verbrennung,"SEE923769915258, SEE942019110397, SEE980608407671, SEE976880282228, SEE949895584069",HKW Sandreuth (DT3),Volleinspeisung,44450,90441,Nürnberg,Nürnberg,Sandreuthstraße,55a,Bayern,11.062048,49.439162,1982,NA,FALSE,HKW Sandreuth (Gas-GuD),KWK980332511361,"Erdgas, Erdölgas"
SEE936042422251,ABR985033328102,Verbrennung,"SEE936042422251, SEE954883124240",GT,Teileinspeisung (einschließlich Eigenverbrauch),16971,41460,Rhein-Kreis Neuss,Neuss,Düsseldorfer Straße,182-184,Nordrhein-Westfalen,6.695903,51.219793,2025,NA,FALSE,GT-AHK,KWK913051073667,"Erdgas, Erdölgas"
SEE967916097817,ABR925253318750,Verbrennung,SEE967916097817,KRONOS TITAN Nordenham GuD,Teileinspeisung (einschließlich Eigenverbrauch),17142,26954,Wesermarsch,Nordenham,Titanstr.,1,Niedersachsen,8.492393,53.498644,2013,NA,FALSE,KRONOS TITAN GuD Nordenham,KWK949599045583,"Erdgas, Erdölgas"
SEE908964165929,ABR900449927985,Verbrennung,"SEE915645322953, SEE924373150776, SEE959229794460, SEE997242656822, SEE908964165929",T-DT,Volleinspeisung,10500,99087,Erfurt,Erfurt,Stotternheimer Straße,40,Thüringen,11.04654,51.020551,2022,NA,FALSE,GuD Erfurt-Ost,KWK938150504461,"Erdgas, Erdölgas"
SEE919939073064,ABR957659462591,Verbrennung,"SEE919939073064, SEE984196895179, SEE943210695102",GT 31 GuD Süd Wolfsburg,Volleinspeisung,49500,38440,Wolfsburg,Wolfsburg,Berliner Ring,2,Niedersachsen,10.786137,52.432069,2021,NA,FALSE,GuD Süd Wolfsburg,KWK972852495511,"Erdgas, Erdölgas"
SEE984196895179,ABR957659462591,Verbrennung,"SEE919939073064, SEE984196895179, SEE943210695102",GT32 GuD Süd Wolfsburg,Volleinspeisung,49500,38440,Wolfsburg,Wolfsburg,Berliner Ring,2,Niedersachsen,10.786453,52.432075,2021,NA,FALSE,GuD Süd Wolfsburg,KWK972852495511,"Erdgas, Erdölgas"
SEE943210695102,ABR957659462591,Verbrennung,"SEE919939073064, SEE984196895179, SEE943210695102",DT30 GuD Süd Wolfsburg,Volleinspeisung,37000,38440,Wolfsburg,Wolfsburg,Berliner Ring,2,Niedersachsen,10.786605,52.431368,2021,NA,FALSE,GuD Süd Wolfsburg,KWK972852495511,Dampf (zum Beispiel Prozesswärme)
SEE940303116315,ABR924151992529,Verbrennung,"SEE988580370860, SEE940303116315",Turbosatz 5,Teileinspeisung (einschließlich Eigenverbrauch),32320,14727,Havelland,Premnitz,Dr.-Herbert-Rein-Straße,1,Brandenburg,12.358153,52.529564,2021,NA,FALSE,Turbosatz 5,KWK980274155487,"Abfall (Hausmüll, Siedl.abf.)"
SEE953451314137,ABR903834398421,Verbrennung,"SEE953451314137, SEE988994692473, SEE960000126950",BHKW Modul 11,Volleinspeisung,10606,63457,Main-Kinzig-Kreis,Hanau,NA,NA,Hessen,8.959419,50.094104,2026,NA,FALSE,BHKW Hanau,KWK926085490737,"Erdgas, Erdölgas"
SEE923049388338,ABR937647465537,Verbrennung,NA,MHKW Wiesbaden,NA,22000,65205,Wiesbaden,Wiesbaden,Deponiestraße,NA,Hessen,8.262684,50.042549,2025,NA,FALSE,MHKW Wiesbaden,NA,"Abfall (Hausmüll, Siedl.abf.)"
SEE988994692473,ABR903834398421,Verbrennung,"SEE953451314137, SEE988994692473, SEE960000126950",BHKW Modul 12,Volleinspeisung,10600,63457,Main-Kinzig-Kreis,Hanau,NA,NA,Hessen,8.959419,50.094104,2026,NA,FALSE,BHKW Hanau,KWK926085490737,"Erdgas, Erdölgas"
SEE960000126950,ABR903834398421,Verbrennung,"SEE953451314137, SEE988994692473, SEE960000126950",BHKW Modul 13,Volleinspeisung,10600,63457,Main-Kinzig-Kreis,Hanau,NA,NA,Hessen,8.959419,50.094104,2026,NA,FALSE,BHKW Hanau,KWK926085490737,"Erdgas, Erdölgas"
SEE994055148599,ABR998610428485,Verbrennung,"SEE967844487346, SEE972526098451, SEE944095305490, SEE910471578864, SEE994055148599, SEE997615300505",Heizkraftwerk an der Friedensbrücke DampfturbineIV,Volleinspeisung,20500,97080,Würzburg,Würzburg,Veitshöchheimer Straße,1,Bayern,9.923883,49.80073,2021,NA,FALSE,GuDI,KWK901242653446,"Erdgas, Erdölgas"
SEE993546424112,ABR922996319600,Verbrennung,NA,Turbine 2,Teileinspeisung (einschließlich Eigenverbrauch),20000,31789,Hameln-Pyrmont,Hameln,Heinrich-Schoormann-Weg,1,Niedersachsen,9.385329,52.097869,1952,NA,FALSE,NA,NA,"Abfall (Hausmüll, Siedl.abf.)"
SEE989887901764,ABR922996319600,Verbrennung,"SEE998261618013, SEE989887901764, SEE914179988338",Turbine 5,Teileinspeisung (einschließlich Eigenverbrauch),20400,31789,Hameln-Pyrmont,Hameln,Heinrich-Schoormann-Weg,1,Niedersachsen,9.385329,52.097869,2009,NA,FALSE,NA,KWK958838959376,"Abfall (Hausmüll, Siedl.abf.)"
SEE910950875330,ABR907042335667,Verbrennung,NA,bnBm GasKW BIB GT1,Volleinspeisung,34800,68647,Bergstraße,Biblis,Bei den Münchäckern,50,Hessen,8.415141,49.706078,2023,NA,FALSE,NA,NA,"Erdgas, Erdölgas"
SEE907370296296,ABR902783160172,Verbrennung,"SEE900838448145, SEE955292024220, SEE907370296296",MKW SAD Turbine 5,Teileinspeisung (einschließlich Eigenverbrauch),30000,92421,Schwandorf,Schwandorf,Alustraße,7,Bayern,12.085763,49.310957,1992,NA,FALSE,Müllkraftwerk Schwandorf,KWK950266063304,"Abfall (Hausmüll, Siedl.abf.)"
SEE960934136643,ABR907042335667,Verbrennung,NA,bnBm GasKW BIB GT2,Volleinspeisung,34800,68647,Bergstraße,Biblis,Bei den Münchäckern,50,Hessen,8.415141,49.706078,2023,NA,FALSE,NA,NA,"Erdgas, Erdölgas"
SEE902280549463,ABR907042335667,Verbrennung,NA,bnBm GasKW BIB GT3,Volleinspeisung,34800,68647,Bergstraße,Biblis,Bei den Münchäckern,50,Hessen,8.415141,49.706078,2023,NA,FALSE,NA,NA,"Erdgas, Erdölgas"
SEE920753145547,ABR907042335667,Verbrennung,NA,bnBm GasKW BIB GT4,Volleinspeisung,34800,68647,Bergstraße,Biblis,Bei den Münchäckern,50,Hessen,8.415141,49.706078,2023,NA,FALSE,NA,NA,NA
SEE927542617698,ABR907042335667,Verbrennung,NA,bnBm GasKW BIB GT5,Volleinspeisung,34800,68647,Bergstraße,Biblis,Bei den Münchäckern,50,Hessen,8.415141,49.706078,2023,NA,FALSE,NA,NA,"Erdgas, Erdölgas"
SEE915847711449,ABR907042335667,Verbrennung,NA,bnBm GasKW BIB GT6,Volleinspeisung,34800,68647,Bergstraße,Biblis,Bei den Münchäckern,50,Hessen,8.415141,49.706078,2023,NA,FALSE,NA,NA,"Erdgas, Erdölgas"
SEE912980761904,ABR907042335667,Verbrennung,NA,bnBm GasKW BIB GT7,Volleinspeisung,34800,68647,Bergstraße,Biblis,Bei den Münchäckern,50,Hessen,8.415141,49.706078,2023,NA,FALSE,NA,NA,"Erdgas, Erdölgas"
SEE918332839635,ABR907042335667,Verbrennung,NA,bnBm GasKW BIB GT8,Volleinspeisung,34800,68647,Bergstraße,Biblis,Bei den Münchäckern,50,Hessen,8.415141,49.706078,2023,NA,FALSE,NA,NA,"Erdgas, Erdölgas"
SEE922908994215,ABR907042335667,Verbrennung,NA,bnBm GasKW BIB GT9,Volleinspeisung,34800,68647,Bergstraße,Biblis,Bei den Münchäckern,50,Hessen,8.415141,49.706078,2023,NA,FALSE,NA,NA,"Erdgas, Erdölgas"
SEE931497805147,ABR907042335667,Verbrennung,NA,bnBm GasKW BIB GT10,Volleinspeisung,34800,68647,Bergstraße,Biblis,Bei den Münchäckern,50,Hessen,8.415141,49.706078,2023,NA,FALSE,NA,NA,"Erdgas, Erdölgas"
SEE976107471893,ABR907042335667,Verbrennung,NA,bnBm GasKW BIB GT11,Volleinspeisung,34800,68647,Bergstraße,Biblis,Bei den Münchäckern,50,Hessen,8.415141,49.706078,2023,NA,FALSE,NA,NA,"Erdgas, Erdölgas"
SEE936770778460,ABR948070381080,Verbrennung,NA,SWM HKW Sued GuD1 GT11,Teileinspeisung (einschließlich Eigenverbrauch),145900,81371,München,München,Schäftlarnstraße,15,Bayern,11.5555,48.114,2026,NA,FALSE,SWM HKW Sued GuD1,NA,"Erdgas, Erdölgas"
SEE926128454535,ABR948070381080,Verbrennung,NA,SWM HKW Sued GuD1 DT12,Teileinspeisung (einschließlich Eigenverbrauch),74200,81371,München,München,Schäftlarnstraße,15,Bayern,11.5555,48.114,2026,NA,FALSE,SWM HKW Sued GuD1,NA,"Erdgas, Erdölgas"
SEE916274994887,ABR961758056360,Verbrennung,NA,bnBm Gaskraftwerk Leipheim,Volleinspeisung,311600,89340,Günzburg,Leipheim,Am Tower,5,Bayern,10.23254,48.434778,2023,NA,FALSE,bnBm Gaskraftwerk Leipheim,NA,"Erdgas, Erdölgas"
SEE992864019192,ABR906817615676,Verbrennung,"SEE959858570855, SEE992864019192, SEE998623498277",GT5,Volleinspeisung,56500,06237,Saalekreis,Leuna,NA,NA,Sachsen-Anhalt,11.99845,51.298854,2022,NA,FALSE,GuD2,KWK914199943805,"Erdgas, Erdölgas"
SEE998623498277,ABR906817615676,Verbrennung,"SEE959858570855, SEE992864019192, SEE998623498277",DT3,Volleinspeisung,24400,06237,Saalekreis,Leuna,NA,NA,Sachsen-Anhalt,11.998216,51.298812,2022,NA,FALSE,GuD2,KWK914199943805,Dampf (zum Beispiel Prozesswärme)
SEE938158660541,ABR900121894048,Verbrennung,"SEE972466462527, SEE972475289894, SEE949123804273, SEE951684578067, SEE938158660541",Gasturbine 1 - GuD MPE,Teileinspeisung (einschließlich Eigenverbrauch),14250,33699,Bielefeld,Bielefeld,Niedernholz,7,Nordrhein-Westfalen,8.614198,52.000332,2005,NA,FALSE,GuD Kraftwerk Hillegossen,KWK969952298944,"Erdgas, Erdölgas"
SEE900403199748,ABR992263293315,Verbrennung,"SEE965768299069, SEE900403199748",Heizkraftwerk Halle-Trotha - Dampfturbine,Volleinspeisung,12471,06118,Halle (Saale),Halle,Brachwitzer Straße,23,Sachsen-Anhalt,11.943448,51.523806,1994,NA,FALSE,Heizkraftwerk Halle-Trotha,KWK943914155445,NA
SEE917960395155,ABR947732302289,Verbrennung,"SEE917960395155, SEE917925869486, SEE927303933470",Nordland GuD-Anlage Gasturbine,Volleinspeisung,61492,26892,Emsland,Dörpen,Nordlandallee,1,Niedersachsen,7.358261,52.97993,2022,NA,FALSE,GuD-Anlage Nordland Papier,KWK973172161834,"Erdgas, Erdölgas"
SEE917925869486,ABR947732302289,Verbrennung,"SEE917960395155, SEE917925869486, SEE927303933470",Nordland GuD-Anlage HD-DTS,Volleinspeisung,23840,26892,Emsland,Dörpen,Nordlandallee,1,Niedersachsen,7.358261,52.97993,2022,NA,FALSE,GuD-Anlage Nordland Papier,KWK973172161834,"Erdgas, Erdölgas"
SEE946069613440,ABR987887293926,Verbrennung,"SEE994335340088, SEE983424047212, SEE946069613440, SEE969511682320, SEE937997291855, SEE900549498521, SEE939848582457",HKW FFO GM1,Teileinspeisung (einschließlich Eigenverbrauch),10423,15236,Frankfurt (Oder),Frankfurt,Am Hohen Feld,4,Brandenburg,14.53262,52.318213,2022,NA,FALSE,HKW Frankfurt (Oder),KWK995167944833,"Erdgas, Erdölgas"
SEE969511682320,ABR987887293926,Verbrennung,"SEE994335340088, SEE983424047212, SEE946069613440, SEE969511682320, SEE937997291855, SEE900549498521, SEE939848582457",HKW FFO GM2,Teileinspeisung (einschließlich Eigenverbrauch),10423,15236,Frankfurt (Oder),Frankfurt,Am Hohen Feld,4,Brandenburg,14.53262,52.318213,2022,NA,FALSE,HKW Frankfurt (Oder),KWK995167944833,"Erdgas, Erdölgas"
SEE937997291855,ABR987887293926,Verbrennung,"SEE994335340088, SEE983424047212, SEE946069613440, SEE969511682320, SEE937997291855, SEE900549498521, SEE939848582457",HKW FFO GM3,Teileinspeisung (einschließlich Eigenverbrauch),10423,15236,Frankfurt (Oder),Frankfurt,Am Hohen Feld,4,Brandenburg,14.53262,52.318213,2022,NA,FALSE,HKW Frankfurt (Oder),KWK995167944833,"Erdgas, Erdölgas"
SEE900549498521,ABR987887293926,Verbrennung,"SEE994335340088, SEE983424047212, SEE946069613440, SEE969511682320, SEE937997291855, SEE900549498521, SEE939848582457",HKW FFO GM4,Teileinspeisung (einschließlich Eigenverbrauch),10423,15236,Frankfurt (Oder),Frankfurt,Am Hohen Feld,4,Brandenburg,14.53262,52.318213,2022,NA,FALSE,HKW Frankfurt (Oder),KWK995167944833,"Erdgas, Erdölgas"
SEE939848582457,ABR987887293926,Verbrennung,"SEE994335340088, SEE983424047212, SEE946069613440, SEE969511682320, SEE937997291855, SEE900549498521, SEE939848582457",HKW FFO GM5,Teileinspeisung (einschließlich Eigenverbrauch),10423,15236,Frankfurt (Oder),Frankfurt,Am Hohen Feld,4,Brandenburg,14.53262,52.318213,2022,NA,FALSE,HKW Frankfurt (Oder),KWK995167944833,"Erdgas, Erdölgas"
SEE903181060330,NA,Verbrennung,NA,BHKW - Hüttenfeld 18,Volleinspeisung,60000,51427,Rheinisch-Bergischer Kreis,Bergisch Gladbach,Hüttenfeld,18,Nordrhein-Westfalen,7.105079,50.954747,2012,2022,TRUE,NA,NA,"Erdgas, Erdölgas"
SEE960273606623,ABR902447264949,Verbrennung,SEE960273606623,Biomasseheizkraftwerk Hannover Stöcken,Teileinspeisung (einschließlich Eigenverbrauch),23256,30419,Region Hannover,Hannover,Stelinger Straße,19,Niedersachsen,9.648952,52.419366,2025,NA,FALSE,Biomasseheizkraftwerk Hannover Stöcken,KWK917211611430,Dampf (zum Beispiel Prozesswärme)
SEE972922507168,ABR901047920507,Verbrennung,"SEE972922507168, SEE906392287978, SEE910929866741, SEE927787059284, SEE915137840866, SEE905751443291, SEE960175509510, SEE940200876787, SEE966202630769",BHKW Hastedt Motor 01,Volleinspeisung,11809.55,28207,Bremen,Bremen,Hastedter Osterdeich,255,Bremen,8.874991,53.058606,2022,NA,FALSE,Hastedt BHKW,KWK953856566780,"Erdgas, Erdölgas"
SEE906392287978,ABR901047920507,Verbrennung,"SEE972922507168, SEE906392287978, SEE910929866741, SEE927787059284, SEE915137840866, SEE905751443291, SEE960175509510, SEE940200876787, SEE966202630769",BHKW Hastedt Motor 02,Volleinspeisung,11809.56,28207,Bremen,Bremen,Hastedter Osterdeich,255,Bremen,8.874929,53.058563,2022,NA,FALSE,Hastedt BHKW,KWK953856566780,"Erdgas, Erdölgas"
SEE917347897449,ABR965173080283,Verbrennung,NA,Wärmekraftwerk Zolling Motor 1,Volleinspeisung,10605,85406,Freising,Zolling,Leiningerstraße,1,Bayern,11.796122,48.455489,2027,NA,FALSE,Wärmekraftwerk Zolling,NA,"Erdgas, Erdölgas"
SEE910929866741,ABR901047920507,Verbrennung,"SEE972922507168, SEE906392287978, SEE910929866741, SEE927787059284, SEE915137840866, SEE905751443291, SEE960175509510, SEE940200876787, SEE966202630769",BHKW Hastedt Motor 03,Teileinspeisung (einschließlich Eigenverbrauch),11809.56,28207,Bremen,Bremen,Hastedter Osterdeich,255,Bremen,8.874929,53.058563,2022,NA,FALSE,BHKW Hastedt,KWK953856566780,"Erdgas, Erdölgas"
SEE927787059284,ABR901047920507,Verbrennung,"SEE972922507168, SEE906392287978, SEE910929866741, SEE927787059284, SEE915137840866, SEE905751443291, SEE960175509510, SEE940200876787, SEE966202630769",BHKW Hastedt Motor 04,Teileinspeisung (einschließlich Eigenverbrauch),11809.56,28207,Bremen,Bremen,Hastedter Osterdeich,255,Bremen,8.874929,53.058563,2022,NA,FALSE,BHKW Hastedt,KWK953856566780,"Erdgas, Erdölgas"
SEE915137840866,ABR901047920507,Verbrennung,"SEE972922507168, SEE906392287978, SEE910929866741, SEE927787059284, SEE915137840866, SEE905751443291, SEE960175509510, SEE940200876787, SEE966202630769",BHKW Hastedt Motor 05,Volleinspeisung,11809.56,28207,Bremen,Bremen,Hastedter Osterdeich,255,Bremen,8.874929,53.058563,2022,NA,FALSE,BHKW Hastedt,KWK953856566780,"Erdgas, Erdölgas"
SEE905751443291,ABR901047920507,Verbrennung,"SEE972922507168, SEE906392287978, SEE910929866741, SEE927787059284, SEE915137840866, SEE905751443291, SEE960175509510, SEE940200876787, SEE966202630769",BHKW Hastedt Motor 06,Volleinspeisung,11809.56,28207,Bremen,Bremen,Hastedter Osterdeich,255,Bremen,8.874929,53.058563,2022,NA,FALSE,BHKW Hastedt,KWK953856566780,"Erdgas, Erdölgas"
SEE960175509510,ABR901047920507,Verbrennung,"SEE972922507168, SEE906392287978, SEE910929866741, SEE927787059284, SEE915137840866, SEE905751443291, SEE960175509510, SEE940200876787, SEE966202630769",BHKW Hastedt Motor 07,Teileinspeisung (einschließlich Eigenverbrauch),11809.56,28207,Bremen,Bremen,Hastedter Osterdeich,255,Bremen,8.874929,53.058563,2022,NA,FALSE,BHKW Hastedt,KWK953856566780,"Erdgas, Erdölgas"
SEE940200876787,ABR901047920507,Verbrennung,"SEE972922507168, SEE906392287978, SEE910929866741, SEE927787059284, SEE915137840866, SEE905751443291, SEE960175509510, SEE940200876787, SEE966202630769",BHKW Hastedt Motor 08,Teileinspeisung (einschließlich Eigenverbrauch),11809.56,28207,Bremen,Bremen,Hastedter Osterdeich,255,Bremen,8.874929,53.058563,2022,NA,FALSE,BHKW Hastedt,KWK953856566780,"Erdgas, Erdölgas"
SEE966202630769,ABR901047920507,Verbrennung,"SEE972922507168, SEE906392287978, SEE910929866741, SEE927787059284, SEE915137840866, SEE905751443291, SEE960175509510, SEE940200876787, SEE966202630769",BHKW Hastedt Motor 09,Volleinspeisung,11809.56,28207,Bremen,Bremen,Hastedter Osterdeich,255,Bremen,8.874929,53.058563,2022,NA,FALSE,BHKW Hastedt,KWK953856566780,"Erdgas, Erdölgas"
SEE997481303822,ABR965173080283,Verbrennung,NA,Wärmekraftwerk Zolling Motor 2,Volleinspeisung,10605,85406,Freising,Zolling,Leiningerstraße,1,Bayern,11.796122,48.455489,2027,NA,FALSE,Wärmekraftwerk Zolling,NA,"Erdgas, Erdölgas"
SEE920806611845,ABR965173080283,Verbrennung,NA,Wärmekraftwerk Zolling Motor 3,Volleinspeisung,10605,85406,Freising,Zolling,Leiningerstraße,1,Bayern,11.796122,48.455489,2027,NA,FALSE,Wärmekraftwerk Zolling,NA,"Erdgas, Erdölgas"
SEE992535288735,ABR965173080283,Verbrennung,NA,Wärmekraftwerk Zolling Motor 4,Volleinspeisung,10605,85406,Freising,Zolling,Leiningerstraße,1,Bayern,11.796122,48.455489,2027,NA,FALSE,Wärmekraftwerk Zolling,NA,"Erdgas, Erdölgas"
SEE978654614532,ABR907042335667,Verbrennung,NA,Gersteinwerk H1,Volleinspeisung,46000,59368,Unna,Werne,Hammer Straße,2,Nordrhein-Westfalen,7.710467,51.67324,2022,NA,FALSE,Gersteinwerk H1,NA,"Erdgas, Erdölgas"
SEE971304457053,ABR935301344747,Verbrennung,"SEE912764206645, SEE982350358232, SEE971304457053, SEE922581598120",HKW -  K6 DT2,Volleinspeisung,17028,91052,Erlangen,Erlangen,Äußere Brucker Straße,33,Bayern,11.001425,49.593548,2022,NA,FALSE,Kessel 6,KWK951030433361,"Erdgas, Erdölgas"
SEE994351082467,ABR916522919808,Verbrennung,"SEE907282834715, SEE926313104276, SEE994351082467, SEE970820981745","Kraftwerk VI, Block 61, DT610",Volleinspeisung,35800,45772,Recklinghausen,Marl,Paul-Baumann-Straße,1,Nordrhein-Westfalen,7.099389,51.685476,2022,NA,FALSE,KW VI,KWK958587529455,"Erdgas, Erdölgas"
SEE970820981745,ABR916522919808,Verbrennung,"SEE907282834715, SEE926313104276, SEE994351082467, SEE970820981745","Kraftwerk VI, Block 62, DT620",Volleinspeisung,36080,45772,Recklinghausen,Marl,Paul-Baumann-Straße,1,Nordrhein-Westfalen,7.100271,51.685674,2022,NA,FALSE,Kraftwerk VI,KWK958587529455,"Erdgas, Erdölgas"
SEE915666168653,ABR991847459277,Verbrennung,"SEE965779402670, SEE915666168653",MHKW  Pirmasens Verbrennung II,Teileinspeisung (einschließlich Eigenverbrauch),19150,66954,Pirmasens,Pirmasens,Staffelberg,4,Rheinland-Pfalz,7.594584,49.228242,2022,NA,FALSE,MHKW Pirmasens Verbrennung II,KWK981461122923,"Abfall (Hausmüll, Siedl.abf.)"
SEE929182899328,ABR968299612550,Verbrennung,NA,Prüfstände Brühl 3/52,Teileinspeisung (einschließlich Eigenverbrauch),20758,73733,Esslingen,Esslingen,Palmenwaldstraße,27,Baden-Württemberg,9.26915,48.74443,2019,NA,FALSE,NA,NA,Dieselkraftstoff
SEE987007882719,ABR978697896049,Verbrennung,"SEE987007882719, SEE955053582136, SEE990778985312, SEE956527009524",GuD West 40 Gasturbine,Volleinspeisung,101000,38440,Wolfsburg,Wolfsburg,Berliner Ring,2,Niedersachsen,10.756246,52.444588,2023,NA,FALSE,GuD West Block 40,KWK911294868781,"Erdgas, Erdölgas"
SEE955053582136,ABR978697896049,Verbrennung,"SEE987007882719, SEE955053582136, SEE990778985312, SEE956527009524",GuD West 40 Dampfturbine,Volleinspeisung,48990,38440,Wolfsburg,Wolfsburg,Berliner Ring,2,Niedersachsen,10.75653,52.444481,2023,NA,FALSE,GuD West,KWK911294868781,Dampf (zum Beispiel Prozesswärme)
SEE977613214097,ABR972456627639,Verbrennung,"SEE998526561375, SEE977613214097, SEE950689982695",SN-Süd-GUD-GT01,Teileinspeisung (einschließlich Eigenverbrauch),23060,19061,Schwerin,Schwerin,Pampower Str.,50,Mecklenburg-Vorpommern,11.397351,53.578199,2022,NA,FALSE,SN-Süd-GUD-GT01,KWK996286158309,"Erdgas, Erdölgas"
SEE950689982695,ABR972456627639,Verbrennung,"SEE998526561375, SEE977613214097, SEE950689982695",SN-Süd-GUD-GT02,Teileinspeisung (einschließlich Eigenverbrauch),23060,19061,Schwerin,Schwerin,Pampower Str.,50,Mecklenburg-Vorpommern,11.397351,53.578199,2022,NA,FALSE,SN-Süd-GUD-GT02,KWK996286158309,"Erdgas, Erdölgas"
SEE920801236685,ABR916522919808,Verbrennung,"SEE920575296687, SEE920801236685","Kraftwerk VII, Block 71, DT710",Volleinspeisung,36330,45772,Recklinghausen,Marl,Paul-Baumann-Straße,1,Nordrhein-Westfalen,7.081799,51.683793,2022,NA,FALSE,Kraftwerk VII,KWK956006870591,"Erdgas, Erdölgas"
SEE905588844841,ABR915579840684,Verbrennung,"SEE915604855232, SEE904653296578, SEE905588844841",GuD-Anlage (Dampfturbine),Volleinspeisung,16463,63741,Aschaffenburg,Aschaffenburg,Weichertstraße,7,Bayern,9.153506,49.988891,2013,NA,FALSE,GuD-Anlage,KWK921564179417,"Erdgas, Erdölgas"
SEE930982693153,ABR938191936481,Verbrennung,NA,Knapsack I - Gasturbine  GT11,Volleinspeisung,295000,50354,Rhein-Erft-Kreis,Hürth,Industriestraße,300,Nordrhein-Westfalen,6.845286,50.858679,2007,NA,FALSE,Knapsack 1 - GT11,NA,"Erdgas, Erdölgas"
SEE959576281422,ABR938191936481,Verbrennung,NA,Knapsack I - Dampfturbine - DT 10,Volleinspeisung,290000,50354,Rhein-Erft-Kreis,Hürth,Industriestraße,300,Nordrhein-Westfalen,6.845286,50.858679,2007,NA,FALSE,Knapsack 1 - Dampfturbine DT 10,NA,"Erdgas, Erdölgas"
SEE974059990561,ABR994305088439,Verbrennung,"SEE957509710094, SEE974059990561",AHKW-Neunkirchen Turbine 5,Teileinspeisung (einschließlich Eigenverbrauch),13500,66538,Neunkirchen,Neunkirchen,Am Blücherflöz,12,Saarland,7.169839,49.338527,2023,NA,FALSE,AHKW-Neunkirchen Turbine 5,KWK928853742802,"Abfall (Hausmüll, Siedl.abf.)"
SEE992472260238,ABR998317421772,Verbrennung,"SEE928076311489, SEE992472260238",Fernwärmekraftwerk Kassel DT1,Volleinspeisung,22800,34134,Kassel,Kassel,Dennhäuser Straße,122,Hessen,9.486453,51.277989,2024,NA,FALSE,Fernwärmekraftwerk Kassel DT2,KWK940030917728,Rohbraunkohlen
SEE919544829094,ABR991982851172,Verbrennung,SEE919544829094,HKW Mitte GTHKW,Volleinspeisung,68410,38114,Braunschweig,Braunschweig,Reiherstraße,3,Niedersachsen,10.513774,52.279513,2023,NA,FALSE,HKW-Mitte GTHKW,KWK920965969320,"Erdgas, Erdölgas"
SEE995521057735,ABR963996598664,Verbrennung,NA,ZRE Generator 1 (KT),Volleinspeisung,20800,22525,Hamburg,Hamburg,Schnackenburgallee,100,Hamburg,9.911636,53.583875,2027,NA,FALSE,ZRE,NA,Industrieabfall
SEE990778985312,ABR978697896049,Verbrennung,"SEE987007882719, SEE955053582136, SEE990778985312, SEE956527009524",GuD West 50 Gasturbine,Volleinspeisung,101000,38440,Wolfsburg,Wolfsburg,Berliner Ring,2,Niedersachsen,10.760007,52.44387,2023,NA,FALSE,GuD West,KWK911294868781,"Erdgas, Erdölgas"
SEE956527009524,ABR978697896049,Verbrennung,"SEE987007882719, SEE955053582136, SEE990778985312, SEE956527009524",GuD West 50 Dampfturbine,Volleinspeisung,48990,38440,Wolfsburg,Wolfsburg,Berliner Ring,2,Niedersachsen,10.759464,52.44318,2023,NA,FALSE,GuD West,KWK911294868781,Dampf (zum Beispiel Prozesswärme)
SEE940820504671,ABR905763255080,Verbrennung,NA,MHKW Potsdam-Süd,Volleinspeisung,21212,14478,Potsdam,Potsdam,Zum Heizwerk,20,Brandenburg,13.112052,52.366822,2027,NA,FALSE,NA,NA,"Erdgas, Erdölgas"
SEE927419839802,ABR924424666799,Verbrennung,"SEE997867646000, SEE990603147649, SEE927419839802","Heizkraftwerk Bonn-Nord, Gasturbine 2 der GuD-Anlage",Teileinspeisung (einschließlich Eigenverbrauch),39291,53115,Bonn,Bonn,Karlstr.,2,Nordrhein-Westfalen,7.079448,50.733206,2024,NA,FALSE,"Heizkraftwerk Bonn-Nord, GuD-Anlage",KWK922383776528,"Erdgas, Erdölgas"
SEE959496642280,ABR942457189252,Verbrennung,SEE959496642280,AVA Velsen GmbH,Teileinspeisung (einschließlich Eigenverbrauch),21000,66127,Regionalverband Saarbrücken,Saarbrücken,Alte Grube Velsen,16,Saarland,6.833503,49.215476,1997,NA,FALSE,NA,KWK973356103179,"Abfall (Hausmüll, Siedl.abf.)"
SEE973366398565,ABR942038476511,Verbrennung,SEE973366398565,SEE PPO2,Volleinspeisung,21900,06792,Anhalt-Bitterfeld,Sandersdorf,Auf der Sonnenseite,3a,Sachsen-Anhalt,12.231415,51.63799,2025,NA,FALSE,PPO2 - KWK Anlage,KWK908254833286,"Abfall (Hausmüll, Siedl.abf.)"
SEE976404468497,ABR972456627639,Verbrennung,"SEE958702894895, SEE976404468497",SN-Lankow-GUD-2023,Volleinspeisung,14100,19057,Schwerin,Schwerin,Grevesmühlener Str.,28,Mecklenburg-Vorpommern,11.371742,53.653939,2023,NA,FALSE,SN-Lankow-GUD-2023,KWK924989076750,"Erdgas, Erdölgas"
SEE973601397087,ABR930724592683,Verbrennung,"SEE913896693631, SEE973601397087, SEE999106955379",Tiefstack GuD DT40,Volleinspeisung,28000,22113,Hamburg,Hamburg,Andreas-Meyer-Straße,8,Hamburg,10.065517,53.526083,2009,NA,FALSE,Tiefstack GuD,KWK916286884688,NA
SEE922581598120,ABR935301344747,Verbrennung,"SEE912764206645, SEE982350358232, SEE971304457053, SEE922581598120",HKW - DT1,Volleinspeisung,10200,91052,Erlangen,Erlangen,Äußere Brucker Straße,33,Bayern,11.001407,49.593549,2005,NA,FALSE,NA,KWK951030433361,"Erdgas, Erdölgas"
SEE908293161302,ABR934301629526,Verbrennung,"SEE959613772449, SEE974521954909, SEE908293161302",Dampfturbine 7,Teileinspeisung (einschließlich Eigenverbrauch),10800,76855,Südliche Weinstraße,Annweiler,Wasgaustraße,5,Rheinland-Pfalz,7.935984,49.209711,2014,NA,FALSE,NA,KWK972432352388,"Erdgas, Erdölgas"
SEE984166693200,ABR928200421176,Verbrennung,SEE984166693200,Boehringer Ingelheim - 6482 - PSI - KWK,Teileinspeisung (einschließlich Eigenverbrauch),12000,55218,Mainz-Bingen,Ingelheim,Binger Strasse,173,Rheinland-Pfalz,8.04034,49.972424,2024,NA,FALSE,Boehringer Ingelheim - 6482 - PSI - KWK,KWK937546638773,Industrieabfall
SEE987789318420,ABR904226410349,Verbrennung,NA,KWK Anlage Kläranlage,Teileinspeisung (einschließlich Eigenverbrauch),23000,79400,Lörrach,Kandern,Im Dörfli,30,Baden-Württemberg,7.642949,47.686674,2017,NA,FALSE,NA,NA,Andere Gase
SEE955515172301,ABR915068942295,Verbrennung,SEE955515172301,Heizkraftwerk Heilbronn GuD HLB 8,Teileinspeisung (einschließlich Eigenverbrauch),685000,74076,Heilbronn,Heilbronn,Lichtenbergerstraße,23,Baden-Württemberg,9.20809,49.17877,2026,NA,FALSE,Heizkraftwerk Heilbronn,KWK953459530850,"Erdgas, Erdölgas"
SEE983792679077,ABR915068942295,Verbrennung,NA,Heizkraftwerk Altbach/Deizisau GuD HKW 3,Teileinspeisung (einschließlich Eigenverbrauch),675000,73776,Esslingen,Altbach,Industriestraße,11,Baden-Württemberg,9.369,48.7171,2026,NA,FALSE,Heizkraftwerk Altbach/Deizisau,NA,"Erdgas, Erdölgas"
SEE972298576188,ABR967988325672,Verbrennung,NA,GK Hanau,Volleinspeisung,10387,63450,Main-Kinzig-Kreis,Hanau,Leipziger Straße,17,Hessen,8.925482,50.129803,2025,NA,FALSE,NA,NA,"Erdgas, Erdölgas"
SEE963848288279,ABR918948257595,Verbrennung,SEE963848288279,Dampfturbine Block 3,Volleinspeisung,33830,39126,Magdeburg,Magdeburg,Kraftwerk-Privatweg,7,Sachsen-Anhalt,11.676075,52.185771,2024,NA,FALSE,Müllheizkraftwerk Rothensee GmbH,KWK953306747660,"Abfall (Hausmüll, Siedl.abf.)"
SEE973821807274,ABR967895852209,Verbrennung,NA,H2ready GTKW Lippendorf,Volleinspeisung,875000,04575,Leipzig,Neukieritzsch,NA,NA,Sachsen,12.376,51.177,2029,NA,FALSE,H2ready GTKW Lippendorf,NA,"Erdgas, Erdölgas"
SEE960894923635,ABR967895852209,Verbrennung,NA,H2ready GTKW Schwarze Pumpe,Volleinspeisung,870000,03130,Bautzen,Spremberg,NA,NA,Sachsen,14.353,51.519,2029,NA,FALSE,H2ready GTKW Schwarze Pumpe,NA,"Erdgas, Erdölgas"
SEE999106955379,ABR930724592683,Verbrennung,"SEE913896693631, SEE973601397087, SEE999106955379",Tiefstack GuD GT42,Volleinspeisung,51000,22113,Hamburg,Hamburg,Andreas-Meyer-Straße,8,Hamburg,10.065517,53.526083,2009,NA,FALSE,Tiefstack GuD,KWK916286884688,"Erdgas, Erdölgas"
SEE966349705634,ABR915068942295,Verbrennung,"SEE998383491525, SEE905714722562, SEE962877818310, SEE966349705634, SEE936388385937",Heizkraftwerk Stuttgart-Münster GT 88,Teileinspeisung (einschließlich Eigenverbrauch),61500,70376,Stuttgart,Stuttgart,Voltastraße,45,Baden-Württemberg,9.21921,48.81365,2025,NA,FALSE,Heizkraftwerk Stuttgart-Münster,KWK915597122472,"Erdgas, Erdölgas"
SEE936388385937,ABR915068942295,Verbrennung,"SEE998383491525, SEE905714722562, SEE962877818310, SEE966349705634, SEE936388385937",Heizkraftwerk Stuttgart-Münster GT 87,Teileinspeisung (einschließlich Eigenverbrauch),61500,70376,Stuttgart,Stuttgart,Voltastraße,45,Baden-Württemberg,9.21921,48.81365,2025,NA,FALSE,Heizkraftwerk Stuttgart-Münster,KWK915597122472,"Erdgas, Erdölgas"
SEE941023539989,ABR944096107796,Verbrennung,SEE941023539989,Gasturbine Eisenbahnweg,Volleinspeisung,13445,52068,Städteregion Aachen,Aachen,Philipsstraße,15,Nordrhein-Westfalen,6.129888,50.775658,2029,NA,FALSE,Gasturbine Eisenbahnweg,KWK961825152179,"Erdgas, Erdölgas"
SEE925244101545,ABR930724592683,Verbrennung,"SEE925244101545, SEE911241677473, SEE901278961454",Dradenau GuD GT1,Volleinspeisung,64000,21129,Hamburg,Hamburg,Dradenaustraße,6,Hamburg,9.914912,53.517978,2027,NA,FALSE,GuD Dradenau,KWK924101784006,"Erdgas, Erdölgas"
SEE911241677473,ABR930724592683,Verbrennung,"SEE925244101545, SEE911241677473, SEE901278961454",Dradenau GuD GT2,Volleinspeisung,64000,21129,Hamburg,Hamburg,Dradenaustraße,6,Hamburg,9.914912,53.517978,2027,NA,FALSE,GuD Dradenau,KWK924101784006,"Erdgas, Erdölgas"
SEE997443441159,ABR926412045777,Verbrennung,SEE997443441159,Erzeugung im Westen,Teileinspeisung (einschließlich Eigenverbrauch),14000,75179,Pforzheim,Pforzheim,NA,NA,Baden-Württemberg,8.663437,48.88482,2028,NA,FALSE,NA,KWK958437053093,"Erdgas, Erdölgas"
SEE918810715130,ABR967988325672,Verbrennung,"SEE917943562765, SEE915289541482, SEE994429144455, SEE957769851605, SEE973558674446, SEE918810715130, SEE900931819460, SEE975123428881, SEE920100405072",HKW West Block 11,Volleinspeisung,60000,60327,Frankfurt am Main,Frankfurt,Gutleutstraße,231,Hessen,8.652582,50.098874,2026,NA,FALSE,11WD2FFW-000203E,KWK943123692861,"Erdgas, Erdölgas"
SEE900931819460,ABR967988325672,Verbrennung,"SEE917943562765, SEE915289541482, SEE994429144455, SEE957769851605, SEE973558674446, SEE918810715130, SEE900931819460, SEE975123428881, SEE920100405072",HKW West Block 12,Volleinspeisung,60000,60327,Frankfurt am Main,Frankfurt,Gutleutstraße,231,Hessen,8.652766,50.098783,2026,NA,FALSE,11WD2FFW-000203E,KWK943123692861,"Erdgas, Erdölgas"
SEE932468680374,ABR920742611459,Verbrennung,"SEE927630371594, SEE932468680374",Dampfturbinenanlage 12,Teileinspeisung (einschließlich Eigenverbrauch),15555,06317,Mansfeld-Südharz,Seegebiet Mansfelder Land,Chausseestraße,1,Sachsen-Anhalt,11.720459,51.46316,2026,NA,FALSE,ROMONTA,KWK982159287078,"Abfall (Hausmüll, Siedl.abf.)"
SEE929910590541,ABR943061014046,Verbrennung,SEE929910590541,STA - MHKW,Teileinspeisung (einschließlich Eigenverbrauch),32000,22145,Stormarn,Stapelfeld,Ahrensburger Weg,2,Schleswig-Holstein,10.223754,53.616382,2025,NA,FALSE,EEW Stapelfeld GmbH,KWK920050773146,"Abfall (Hausmüll, Siedl.abf.)"
SEE948656227306,ABR951295961296,Verbrennung,NA,GT 3,Volleinspeisung,50000,32278,Herford,Kirchlengern,Bahnhofstraße,40,Nordrhein-Westfalen,8.648026,52.195739,2031,NA,FALSE,GT 3,NA,"Erdgas, Erdölgas"
