nr_MASTR,nr_betreiber,energie_type,verknuepfte_einheiten,name,einspeisung,leistung_brutto,plz,landkreis,ort,strasse,hausnummer,bundesland,laenge,breite,jahr_inbetriebnahme,jahr_stillgelegt,stillgelegt,name_KW,energietraeger,nr_KW
SEE941914562225,ABR901644242491,Wasser,"SEE941914562225, SEE953255355404",Wasserkraftanlage Oder - Turbine 1 - Talsperre,Teileinspeisung (einschließlich Eigenverbrauch),4700,37431,Göttingen,Bad Lauterberg,Odertalsperre,0,Niedersachsen,10.504712,51.646122,1934,NA,FALSE,NA,Speicherwasseranlage,NA
SEE970236396232,ABR925987931874,Wasser,"SEE970236396232, SEE917396858910",WKW II,Volleinspeisung,8500,83342,Traunstein,Tacherting,Kraftwerkstraße,1,Bayern,12.576,48.068,1910,NA,FALSE,NA,Laufwasseranlage,NA
SEE980008908440,ABR925987931874,Wasser,SEE980008908440,WKW III,Volleinspeisung,19000,84579,Altötting,Unterneukirchen,Mühlthal,1,Bayern,12.652,48.154,1920,NA,FALSE,WKW III,Laufwasseranlage,NA
SEE986939069267,ABR925987931874,Wasser,SEE986939069267,WKW I,Volleinspeisung,1900,83308,Traunstein,Trostberg,Schwarzauer Straße,5,Bayern,12.546325,48.024852,1910,NA,FALSE,WKW I,Laufwasseranlage,NA
SEE931190822052,ABR989535072051,Wasser,SEE931190822052,3126407 - Wasserkraftanlage 1,Volleinspeisung,1717,87477,Oberallgäu,Sulzberg,Illerstraße,12,Bayern,10.323696,47.691143,2011,NA,FALSE,HWK,Laufwasseranlage,NA
SEE919626417423,ABR943890275502,Wasser,SEE919626417423,Kraftwerk Kahlenberg Generator 1,Teileinspeisung (einschließlich Eigenverbrauch),1350,45468,Mülheim an der Ruhr,Mülheim,Ruhrinselweg,1,Nordrhein-Westfalen,6.875463,51.421632,2000,NA,FALSE,Kraftwerk Kahlenberg,Laufwasseranlage,NA
SEE998337266582,ABR989402884855,Wasser,"SEE998337266582, SEE906326722117, SEE973276921297, SEE911899162451",WKW Böfinger Halde Generator 1,Volleinspeisung,5018.75,89075,Ulm,Ulm,Talfinger Uferstraße,10,Baden-Württemberg,10.025642,48.423819,1953,NA,FALSE,WKW Böfinger Halde Generator 1,Laufwasseranlage,NA
SEE924412591423,ABR953010524540,Wasser,"SEE924412591423, SEE925894626634",Weserkraftwerk Bremen Turbine 1,Volleinspeisung,5000,28207,Bremen,Bremen,Hastedter Osterdeich,NA,Bremen,8.863932,53.061351,2011,NA,FALSE,NA,Laufwasseranlage,NA
SEE925894626634,ABR953010524540,Wasser,"SEE924412591423, SEE925894626634",Weserkraftwerk Bremen Turbine 2,Teileinspeisung (einschließlich Eigenverbrauch),5000,28207,Bremen,Bremen,Hastedter Osterdeich,NA,Bremen,8.863896,53.061364,2011,NA,FALSE,NA,Laufwasseranlage,NA
SEE938477978983,ABR937352321692,Wasser,"SEE938477978983, SEE965966201352, SEE968039156900, SEE927000188951",Biggekraftwerk Generator 1,Volleinspeisung,5000,57439,Olpe,Attendorn,NA,NA,Nordrhein-Westfalen,7.893554,51.116695,1965,NA,FALSE,Biggekraftwerk,Speicherwasseranlage,NA
SEE965966201352,ABR937352321692,Wasser,"SEE938477978983, SEE965966201352, SEE968039156900, SEE927000188951",Biggekraftwerk Generator 2,Volleinspeisung,5000,57439,Olpe,Attendorn,NA,NA,Nordrhein-Westfalen,7.893335,51.11673,1965,NA,FALSE,Biggekraftwerk,Speicherwasseranlage,NA
SEE989743813804,ABR921440481122,Wasser,SEE989743813804,Schwabmünchen M1,Volleinspeisung,2600,86830,Augsburg,Schwabmünchen,Krumbacher Straße,59,Bayern,10.729,48.191,1956,NA,FALSE,Schwabmünchen,Laufwasseranlage,NA
SEE968039156900,ABR937352321692,Wasser,"SEE938477978983, SEE965966201352, SEE968039156900, SEE927000188951",Biggekraftwerk Generator 3,Volleinspeisung,5000,57439,Olpe,Attendorn,NA,NA,Nordrhein-Westfalen,7.893097,51.116742,1965,NA,FALSE,NA,Speicherwasseranlage,NA
SEE961273659862,ABR921440481122,Wasser,SEE961273659862,Mittelstetten M1,Volleinspeisung,2400,86830,Augsburg,Schwabmünchen,NA,NA,Bayern,10.72,49.21,1970,NA,FALSE,Mittelstetten,Laufwasseranlage,NA
SEE928550187227,ABR921440481122,Wasser,SEE928550187227,Großaitingen M1,Teileinspeisung (einschließlich Eigenverbrauch),2400,86845,Augsburg,Großaitingen,NA,NA,Bayern,10.76,48.23,1970,NA,FALSE,Großaitingen,Laufwasseranlage,NA
SEE950719469462,ABR921440481122,Wasser,SEE950719469462,Bobingen M1,Volleinspeisung,2600,86399,Augsburg,Bobingen,NA,NA,Bayern,10.8,48.26,1982,NA,FALSE,Bobingen,Laufwasseranlage,NA
SEE922978278147,ABR921440481122,Wasser,SEE922978278147,Inningen M1,Volleinspeisung,2500,86199,Augsburg,Augsburg,NA,NA,Bayern,10.83,48.29,1983,NA,FALSE,Inningen,Laufwasseranlage,NA
SEE943168209864,ABR970552780272,Wasser,SEE943168209864,Wasserkraftanlage Bochum-Stiepel,Volleinspeisung,1040,44797,Bochum,Bochum,Brockhauser Str.,149 a,Nordrhein-Westfalen,7.220887,51.412809,2017,NA,FALSE,Wasserkraftanlage Bochum-Stiepel,Laufwasseranlage,NA
SEE997618549246,ABR921440481122,Wasser,SEE997618549246,Oberegg M1,Teileinspeisung (einschließlich Eigenverbrauch),1100,86519,Günzburg,Wiesenbach,Kanalweg,2,Bayern,10.31,48.28,1942,NA,FALSE,Oberegg,Laufwasseranlage,NA
SEE992020915382,ABR921440481122,Wasser,"SEE992020915382, SEE992283118681, SEE938968890992, SEE956217611815",Fluhmühle M3,Teileinspeisung (einschließlich Eigenverbrauch),1090,87764,Unterallgäu,Legau,NA,NA,Bayern,10.192668,47.839568,1944,NA,FALSE,Fluhmühle,Laufwasseranlage,NA
SEE992283118681,ABR921440481122,Wasser,"SEE992020915382, SEE992283118681, SEE938968890992, SEE956217611815",Fluhmühle M2,Teileinspeisung (einschließlich Eigenverbrauch),1090,87764,Unterallgäu,Legau,Fluhmühle,NA,Bayern,10.192668,47.839568,1944,NA,FALSE,Fluhmühle,Laufwasseranlage,NA
SEE926056992161,ABR921440481122,Wasser,"SEE926056992161, SEE940075857089",Altusried M1,Teileinspeisung (einschließlich Eigenverbrauch),3025,87452,Oberallgäu,Altusried,Äußere Illerstraße,6,Bayern,10.227499,47.817052,1961,NA,FALSE,Altusried,Laufwasseranlage,NA
SEE940075857089,ABR921440481122,Wasser,"SEE926056992161, SEE940075857089",Altusried M2,Teileinspeisung (einschließlich Eigenverbrauch),3025,87452,Oberallgäu,Altusried,Äußere Illerstraße,NA,Bayern,10.227499,47.817052,1961,NA,FALSE,Altusried,Laufwasseranlage,NA
SEE938968890992,ABR921440481122,Wasser,"SEE992020915382, SEE992283118681, SEE938968890992, SEE956217611815",Fluhmühle M1,Teileinspeisung (einschließlich Eigenverbrauch),1120,87764,Unterallgäu,Legau,Fluhmühle,NA,Bayern,10.192668,47.839568,1944,NA,FALSE,Fluhmühle,Laufwasseranlage,NA
SEE956217611815,ABR921440481122,Wasser,"SEE992020915382, SEE992283118681, SEE938968890992, SEE956217611815",Fluhmühle M4,Teileinspeisung (einschließlich Eigenverbrauch),1190,87764,Unterallgäu,Legau,NA,NA,Bayern,10.192668,47.839568,1944,NA,FALSE,Fluhmühle,Laufwasseranlage,NA
SEE936647298558,ABR921440481122,Wasser,"SEE936647298558, SEE963568957363, SEE923959812879, SEE910649562176",Legau M1,Teileinspeisung (einschließlich Eigenverbrauch),1155,87764,Unterallgäu,Legau,Sack,47,Bayern,10.181145,47.869845,1943,NA,FALSE,Legau,Laufwasseranlage,NA
SEE904210485728,ABR985524030989,Wasser,SEE904210485728,WKA Siebnach,Volleinspeisung,1030,86833,Augsburg,Ettringen,NA,NA,Bayern,10.686142,48.141153,2003,NA,FALSE,NA,Laufwasseranlage,NA
SEE990075658995,ABR901644242491,Wasser,SEE990075658995,Wasserkraftanlage Oker - Turbine 1 - Talsperre,Teileinspeisung (einschließlich Eigenverbrauch),4140,38642,Goslar,Goslar,Okertal,NA,Niedersachsen,10.471164,51.85775,1957,NA,FALSE,Wasserkraftanlage Odertalsperre,Speicherwasseranlage,NA
SEE942841354174,ABR901644242491,Wasser,"SEE942841354174, SEE955419269251, SEE994392960823, SEE951254791995",Wasserkraftanlage Söse - Turbine 1 - Hochwasser,Teileinspeisung (einschließlich Eigenverbrauch),1258,37520,Göttingen,Osterode,Sösetalsperre,1,Niedersachsen,10.306052,51.738146,1932,NA,FALSE,NA,Speicherwasseranlage,NA
SEE901878447143,ABR968352420016,Wasser,SEE901878447143,"WKW""ATEX""",Volleinspeisung,1770,94481,Freyung-Grafenau,Grafenau,Elsenthal,15,Bayern,13.267489,48.391979,2018,NA,FALSE,"WKW""ATEX""",Laufwasseranlage,NA
SEE963568957363,ABR921440481122,Wasser,"SEE936647298558, SEE963568957363, SEE923959812879, SEE910649562176",Legau M2,Teileinspeisung (einschließlich Eigenverbrauch),1210,87764,Unterallgäu,Legau,Sack,47,Bayern,10.181145,47.869845,1943,NA,FALSE,Legau,Laufwasseranlage,NA
SEE923959812879,ABR921440481122,Wasser,"SEE936647298558, SEE963568957363, SEE923959812879, SEE910649562176",Legau M3,Teileinspeisung (einschließlich Eigenverbrauch),1210,87764,Unterallgäu,Legau,Sack,47,Bayern,10.181145,47.869845,1943,NA,FALSE,Legau,Laufwasseranlage,NA
SEE910649562176,ABR921440481122,Wasser,"SEE936647298558, SEE963568957363, SEE923959812879, SEE910649562176",Legau M4,Volleinspeisung,1345,87764,Unterallgäu,Legau,Sack,47,Bayern,10.181145,47.869845,2016,NA,FALSE,Legau,Laufwasseranlage,NA
SEE988972242911,ABR925974012494,Wasser,"SEE988972242911, SEE919604603343",Schoden Maschine 1,Volleinspeisung,1750,54441,Trier-Saarburg,Schoden,Hauptstraße,NA,Rheinland-Pfalz,6.574464,49.638191,1982,NA,FALSE,NA,Laufwasseranlage,NA
SEE985207643796,ABR998231634548,Wasser,"SEE985207643796, SEE989473483247","Wasserkraftanlage am Hochablass im Lech (Fluss-km 47,000)- Turbine 1",Volleinspeisung,1720,86152,Augsburg,Augsburg,NA,NA,Bayern,10.936912,48.343924,2013,NA,FALSE,"Wasserkraftanlage am Hochablass im Lech (Fluss-km 47,000)",Laufwasseranlage,NA
SEE919604603343,ABR925974012494,Wasser,"SEE988972242911, SEE919604603343",Schoden Maschine 2,Volleinspeisung,1750,54441,Trier-Saarburg,Schoden,Hauptstraße,NA,Rheinland-Pfalz,6.574464,49.638191,1982,NA,FALSE,NA,Laufwasseranlage,NA
SEE972862938909,ABR992390403199,Wasser,SEE972862938909,WKA,Volleinspeisung,1710,08328,Erzgebirgskreis,Stützengrün,NA,NA,Sachsen,12.60143,50.530107,1997,NA,FALSE,TSE,Laufwasseranlage,NA
SEE989473483247,ABR998231634548,Wasser,"SEE985207643796, SEE989473483247","Wasserkraftanlage am Hochablass im Lech (Fluss-km 47,000)- Turbine 2",Volleinspeisung,1720,86152,Augsburg,Augsburg,NA,NA,Bayern,10.936912,48.343924,2013,NA,FALSE,"Wasserkraftanlage am Hochablass im Lech (Fluss-km 47,000)",Laufwasseranlage,NA
SEE906326722117,ABR989402884855,Wasser,"SEE998337266582, SEE906326722117, SEE973276921297, SEE911899162451",WKW Böfinger Halde Generator 2,Volleinspeisung,5018.75,89075,Ulm,Ulm,Talfinger Uferstraße,10,Baden-Württemberg,10.025348,48.4239,1953,NA,FALSE,WKW Böfinger Halde Generator 2,Laufwasseranlage,NA
SEE988258591474,ABR989402884855,Wasser,"SEE988258591474, SEE979323976623, SEE929004634809, SEE919573712381",WKW Donaustetten Generator 1,Volleinspeisung,1600,89079,Ulm,Ulm,Am Kraftwerk,18,Baden-Württemberg,9.924173,48.323767,1936,NA,FALSE,WKW Donaustetten Generator 1,Laufwasseranlage,NA
SEE918933000502,ABR921440481122,Wasser,"SEE918933000502, SEE910494465844",Ellgau M1,Teileinspeisung (einschließlich Eigenverbrauch),5000,86679,Augsburg,Ellgau,NA,NA,Bayern,10.878428,48.596926,1952,NA,FALSE,Ellgau,Laufwasseranlage,NA
SEE979323976623,ABR989402884855,Wasser,"SEE988258591474, SEE979323976623, SEE929004634809, SEE919573712381",WKW Donaustetten Generator 2,Volleinspeisung,1600,89079,Ulm,Ulm,Am Kraftwerk,18,Baden-Württemberg,9.924138,48.323787,1936,NA,FALSE,WKW Donaustetten Generator 2,Laufwasseranlage,NA
SEE929004634809,ABR989402884855,Wasser,"SEE988258591474, SEE979323976623, SEE929004634809, SEE919573712381",WKW Donaustetten Generator 3,Volleinspeisung,1600,89079,Ulm,Ulm,Am Kraftwerk,18,Baden-Württemberg,9.923764,48.323847,1936,NA,FALSE,WKW Donaustetten Generator 3,Laufwasseranlage,NA
SEE919573712381,ABR989402884855,Wasser,"SEE988258591474, SEE979323976623, SEE929004634809, SEE919573712381",WKW Donaustetten Generator 4,Volleinspeisung,1600,89079,Ulm,Ulm,Am Kraftwerk,18,Baden-Württemberg,9.923885,48.323834,1936,NA,FALSE,WKW Donaustetten Generator 4,Laufwasseranlage,NA
SEE910494465844,ABR921440481122,Wasser,"SEE918933000502, SEE910494465844",Ellgau M2,Teileinspeisung (einschließlich Eigenverbrauch),5000,86679,Augsburg,Ellgau,NA,NA,Bayern,10.878428,48.596926,1952,NA,FALSE,NA,Laufwasseranlage,NA
SEE965606617895,ABR921440481122,Wasser,"SEE965606617895, SEE969167735944",Höchstädt M1,Volleinspeisung,5000,89420,Dillingen a.d. Donau,Höchstädt,Wertinger Straße,28 a,Bayern,10.582656,48.603538,1982,NA,FALSE,Höchstädt,Laufwasseranlage,NA
SEE969167735944,ABR921440481122,Wasser,"SEE965606617895, SEE969167735944",Höchstädt M2,Volleinspeisung,5000,89420,Dillingen a.d. Donau,Höchstädt,Wertinger Straße,28 a,Bayern,10.582656,48.603538,1982,NA,FALSE,Höchstädt,Laufwasseranlage,NA
SEE922767690112,ABR921440481122,Wasser,"SEE922767690112, SEE912827261192",Oberpeiching M1,Teileinspeisung (einschließlich Eigenverbrauch),6150,86698,Donau-Ries,Oberndorf,NA,NA,Bayern,10.878493,48.646414,1954,NA,FALSE,Oberpeiching,Laufwasseranlage,NA
SEE912827261192,ABR921440481122,Wasser,"SEE922767690112, SEE912827261192",Oberpeiching M2,Teileinspeisung (einschließlich Eigenverbrauch),6150,86698,Donau-Ries,Oberndorf,NA,NA,Bayern,10.878493,48.646414,1954,NA,FALSE,Oberpeiching,Laufwasseranlage,NA
SEE950641511031,ABR921440481122,Wasser,"SEE950641511031, SEE971021553687",Rain M1,Volleinspeisung,5600,86641,Donau-Ries,Rain,Kraftwerkstraße,21,Bayern,10.897772,48.692522,1956,NA,FALSE,Rain,Laufwasseranlage,NA
SEE971021553687,ABR921440481122,Wasser,"SEE950641511031, SEE971021553687",Rain M2,Volleinspeisung,5600,86641,Donau-Ries,Rain,Kraftwerkstraße,21,Bayern,10.897772,48.692522,1955,NA,FALSE,Rain,Laufwasseranlage,NA
SEE958143966052,ABR921440481122,Wasser,"SEE958143966052, SEE970662273428",Feldheim M1,Volleinspeisung,4250,86694,Donau-Ries,Niederschönenfeld,NA,NA,Bayern,10.922256,48.727945,1960,NA,FALSE,Feldheim,Laufwasseranlage,NA
SEE970662273428,ABR921440481122,Wasser,"SEE958143966052, SEE970662273428",Feldheim M2,Teileinspeisung (einschließlich Eigenverbrauch),4250,86694,Donau-Ries,Niederschönenfeld,NA,NA,Bayern,10.922256,48.727945,1960,NA,FALSE,Feldheim,Laufwasseranlage,NA
SEE982012221850,ABR921440481122,Wasser,"SEE982012221850, SEE923015194116",Dillingen M1,Volleinspeisung,3700,89407,Dillingen a.d. Donau,Dillingen,Inselwörth,1,Bayern,10.489529,48.567712,1981,NA,FALSE,Dillingen,Laufwasseranlage,NA
SEE923015194116,ABR921440481122,Wasser,"SEE982012221850, SEE923015194116",Dillingen M2,Volleinspeisung,3700,89407,Dillingen a.d. Donau,Dillingen,Inselwörth,1,Bayern,10.49,48.568,1981,NA,FALSE,Dillingen,Laufwasseranlage,NA
SEE940295005505,ABR921440481122,Wasser,"SEE940295005505, SEE920350961595",Schwenningen M1,Volleinspeisung,4300,89443,Dillingen a.d. Donau,Schwenningen,Riedstraße,4 a,Bayern,10.675,48.645,1983,NA,FALSE,Schwenningen,Laufwasseranlage,NA
SEE920350961595,ABR921440481122,Wasser,"SEE940295005505, SEE920350961595",Schwenningen M2,Volleinspeisung,4300,89443,Dillingen a.d. Donau,Schwenningen,Riedstraße,4 a,Bayern,10.675,48.645,1983,NA,FALSE,Schwenningen,Laufwasseranlage,NA
SEE964433342024,ABR921440481122,Wasser,"SEE964433342024, SEE970949606178",Donauwörth M1,Volleinspeisung,4250,86609,Donau-Ries,Donauwörth,Am Kesseldamm,2,Bayern,10.77,48.7,1984,NA,FALSE,Donauwörth,Laufwasseranlage,NA
SEE970949606178,ABR921440481122,Wasser,"SEE964433342024, SEE970949606178",Donauwörth M2,Volleinspeisung,4250,86609,Donau-Ries,Donauwörth,Am Kesseldamm,2,Bayern,10.77,48.7,1984,NA,FALSE,Donauwörth,Laufwasseranlage,NA
SEE943181515102,ABR921440481122,Wasser,"SEE943181515102, SEE962922475031, SEE978382998973",Meitingen M1,Volleinspeisung,4210,86405,Augsburg,Meitingen,Bernhard-Monath-Straße,46,Bayern,10.865,48.547,1922,NA,FALSE,Meitingen,Laufwasseranlage,NA
SEE962922475031,ABR921440481122,Wasser,"SEE943181515102, SEE962922475031, SEE978382998973",Meitingen M2,Volleinspeisung,4210,86405,Augsburg,Meitingen,Bernhard-Monath-Straße,46,Bayern,10.865,48.547,1922,NA,FALSE,Meitingen,Laufwasseranlage,NA
SEE978382998973,ABR921440481122,Wasser,"SEE943181515102, SEE962922475031, SEE978382998973",Meitingen M3,Volleinspeisung,4210,86405,Augsburg,Meitingen,Bernhard-Monath-Straße,46,Bayern,10.865,48.547,1922,NA,FALSE,Meitingen,Laufwasseranlage,NA
SEE954573036662,NA,Wasser,"SEE954573036662, SEE963615482282, SEE917001338059",WKA Steinhelle I (M1),Volleinspeisung,1750,59939,Hochsauerlandkreis,Olsberg,Talstraße,60,Nordrhein-Westfalen,8.486,51.344,1939,2020,TRUE,WKA Steinhelle I,Laufwasseranlage,NA
SEE963615482282,ABR965117304406,Wasser,"SEE954573036662, SEE963615482282, SEE917001338059",WKA Steinhelle I (M2),Volleinspeisung,1225,59939,Hochsauerlandkreis,Olsberg,Talstraße,60,Nordrhein-Westfalen,8.486,51.344,1928,NA,FALSE,WKA Steinhelle I,Laufwasseranlage,NA
SEE952242150978,ABR915068942295,Wasser,"SEE952242150978, SEE944923156256, SEE989300885374, SEE964658207085",WKW Unteropfingen M1,Teileinspeisung (einschließlich Eigenverbrauch),3325,88457,Biberach,Kirchdorf,Kraftwerkstraße,NA,Baden-Württemberg,10.12884,48.0632,1924,NA,FALSE,NA,Laufwasseranlage,NA
SEE951711414108,ABR976468898247,Wasser,SEE951711414108,Wasserkraftwerk Eberbach Itterkraftwerk,Volleinspeisung,1100,69412,Rhein-Neckar-Kreis,Eberbach,Schweizer Wehr,8,Baden-Württemberg,8.996684,49.478325,2000,NA,FALSE,NA,Speicherwasseranlage,NA
SEE927801150010,ABR949153948510,Wasser,"SEE927801150010, SEE946683293844",WWS Conradty OW Generator 1,Volleinspeisung,1200,83059,Rosenheim,Kolbermoor,Conradtystraße,27a,Bayern,12.040618,47.849008,1996,NA,FALSE,WWS Conradty OW,Laufwasseranlage,NA
SEE960078603339,ABR941179943845,Wasser,SEE960078603339,Kraftwerke Angermühle,Volleinspeisung,1790,83352,Traunstein,Altenmarkt,Angermühle,1 -5,Bayern,12.531514,48.002646,2008,NA,FALSE,NA,Laufwasseranlage,NA
SEE907206914165,ABR921440481122,Wasser,"SEE907206914165, SEE973631938410, SEE969329179456, SEE967362636714",Steinbach M1,Teileinspeisung (einschließlich Eigenverbrauch),1320,87764,Unterallgäu,Legau,NA,NA,Bayern,10.14103,47.895053,2019,NA,FALSE,Steinbach,Laufwasseranlage,NA
SEE973631938410,ABR921440481122,Wasser,"SEE907206914165, SEE973631938410, SEE969329179456, SEE967362636714",Steinbach M2,Teileinspeisung (einschließlich Eigenverbrauch),1220,87764,Unterallgäu,Legau,Illerstraße,40,Bayern,10.14103,47.895053,1938,NA,FALSE,Steinbach,Laufwasseranlage,NA
SEE969329179456,ABR921440481122,Wasser,"SEE907206914165, SEE973631938410, SEE969329179456, SEE967362636714",Steinbach M3,Teileinspeisung (einschließlich Eigenverbrauch),1220,87764,Unterallgäu,Legau,Illerstraße,40,Bayern,10.14103,47.895053,1938,NA,FALSE,Steinbach,Laufwasseranlage,NA
SEE967362636714,ABR921440481122,Wasser,"SEE907206914165, SEE973631938410, SEE969329179456, SEE967362636714",Steinbach M4,Teileinspeisung (einschließlich Eigenverbrauch),1190,87764,Unterallgäu,Legau,Illerstraße,40,Bayern,10.14103,47.895053,1938,NA,FALSE,Steinbach,Laufwasseranlage,NA
SEE967349265258,ABR921440481122,Wasser,"SEE967349265258, SEE931263948993, SEE915286512409, SEE984930037421",Lautrach M1,Teileinspeisung (einschließlich Eigenverbrauch),1230,87763,Unterallgäu,Lautrach,Am Stausee,2,Bayern,10.10975,47.91878,1986,NA,FALSE,Lautrach,Laufwasseranlage,NA
SEE931263948993,ABR921440481122,Wasser,"SEE967349265258, SEE931263948993, SEE915286512409, SEE984930037421",Lautrach M2,Teileinspeisung (einschließlich Eigenverbrauch),1130,87763,Unterallgäu,Lautrach,Am Stausee,2,Bayern,10.10975,47.91878,1948,NA,FALSE,Lautrach,Laufwasseranlage,NA
SEE915286512409,ABR921440481122,Wasser,"SEE967349265258, SEE931263948993, SEE915286512409, SEE984930037421",Lautrach M3,Teileinspeisung (einschließlich Eigenverbrauch),1130,87763,Unterallgäu,Lautrach,Am Stausee,2,Bayern,10.10975,47.91878,1948,NA,FALSE,Lautrach,Laufwasseranlage,NA
SEE984930037421,ABR921440481122,Wasser,"SEE967349265258, SEE931263948993, SEE915286512409, SEE984930037421",Lautrach M4,Teileinspeisung (einschließlich Eigenverbrauch),1100,87763,Unterallgäu,Lautrach,Am Stausee,2,Bayern,10.10975,47.91878,1948,NA,FALSE,Lautrach,Laufwasseranlage,NA
SEE923922739561,ABR915068942295,Wasser,"SEE923922739561, SEE954178233008",Oberelchingen M1,Teileinspeisung (einschließlich Eigenverbrauch),4675,89278,Neu-Ulm,Nersingen,NA,NA,Bayern,10.108527,48.439202,1961,NA,FALSE,Oberelchingen,Laufwasseranlage,NA
SEE954178233008,ABR915068942295,Wasser,"SEE923922739561, SEE954178233008",Oberelchingen M2,Teileinspeisung (einschließlich Eigenverbrauch),4675,89278,Neu-Ulm,Nersingen,NA,NA,Bayern,10.108527,48.439202,1960,NA,FALSE,Oberelchingen,Laufwasseranlage,NA
SEE902057423743,ABR915068942295,Wasser,"SEE902057423743, SEE979702214278",Leipheim M1,Teileinspeisung (einschließlich Eigenverbrauch),4685,89340,Günzburg,Leipheim,NA,NA,Bayern,10.194315,48.444027,1961,NA,FALSE,Leipheim,Laufwasseranlage,NA
SEE979702214278,ABR915068942295,Wasser,"SEE902057423743, SEE979702214278",Leipheim M2,Teileinspeisung (einschließlich Eigenverbrauch),4685,89340,Günzburg,Leipheim,NA,NA,Bayern,10.194315,48.444027,1962,NA,FALSE,Leipheim,Laufwasseranlage,NA
SEE936392641883,ABR915068942295,Wasser,"SEE936392641883, SEE974502359259",Günzburg M1,Teileinspeisung (einschließlich Eigenverbrauch),4500,89312,Günzburg,Günzburg,Am Donaukraftwerk,21,Bayern,10.265039,48.45996,1962,NA,FALSE,Günzburg,Laufwasseranlage,NA
SEE974502359259,ABR915068942295,Wasser,"SEE936392641883, SEE974502359259",Günzburg M2,Teileinspeisung (einschließlich Eigenverbrauch),4500,89312,Günzburg,Günzburg,Am Donaukraftwerk,21,Bayern,10.265039,48.45996,1962,NA,FALSE,Günzburg,Laufwasseranlage,NA
SEE906267306926,ABR915068942295,Wasser,"SEE906267306926, SEE966555726904",Offingen M1,Teileinspeisung (einschließlich Eigenverbrauch),3675,89362,Günzburg,Offingen,NA,NA,Bayern,10.33765,48.48509,1963,NA,FALSE,Offingen,Laufwasseranlage,NA
SEE966555726904,ABR915068942295,Wasser,"SEE906267306926, SEE966555726904",Offingen M2,Teileinspeisung (einschließlich Eigenverbrauch),3675,89362,Günzburg,Offingen,NA,NA,Bayern,10.33765,48.48509,1963,NA,FALSE,Offingen,Laufwasseranlage,NA
SEE953247868998,ABR915068942295,Wasser,"SEE953247868998, SEE969162503395",Gundelfingen M1,Teileinspeisung (einschließlich Eigenverbrauch),3675,89423,Dillingen a.d. Donau,Gundelfingen,NA,NA,Bayern,10.384698,48.505652,1964,NA,FALSE,Gundelfingen,Laufwasseranlage,NA
SEE969162503395,ABR915068942295,Wasser,"SEE953247868998, SEE969162503395",Gundelfingen M2,Teileinspeisung (einschließlich Eigenverbrauch),3675,89423,Dillingen a.d. Donau,Gundelfingen,NA,NA,Bayern,10.384698,48.505652,1964,NA,FALSE,Gundelfingen,Laufwasseranlage,NA
SEE903626449133,ABR915068942295,Wasser,"SEE903626449133, SEE909482931270",Faimingen M1,Teileinspeisung (einschließlich Eigenverbrauch),5050,89415,Dillingen a.d. Donau,Lauingen,Römerstraße,1,Bayern,10.411241,48.558574,1965,NA,FALSE,Faimingen,Laufwasseranlage,NA
SEE909482931270,ABR915068942295,Wasser,"SEE903626449133, SEE909482931270",Faimingen M2,Teileinspeisung (einschließlich Eigenverbrauch),5050,89415,Dillingen a.d. Donau,Lauingen,Römerstraße,1,Bayern,10.411241,48.558574,1965,NA,FALSE,Faimingen,Laufwasseranlage,NA
SEE934039077637,ABR921440481122,Wasser,"SEE934039077637, SEE973496721325, SEE989756000338, SEE976533716001, SEE924793743626",Gersthofen M1,Teileinspeisung (einschließlich Eigenverbrauch),1974,86368,Augsburg,Gersthofen,Adolf-von-Baeyer-Straße,1,Bayern,10.88511,48.446018,1901,NA,FALSE,Gersthofen,Laufwasseranlage,NA
SEE973496721325,ABR921440481122,Wasser,"SEE934039077637, SEE973496721325, SEE989756000338, SEE976533716001, SEE924793743626",Gersthofen M2,Teileinspeisung (einschließlich Eigenverbrauch),1974,86368,Augsburg,Gersthofen,Adolf-von-Baeyer-Straße,1,Bayern,10.88511,48.446018,1901,NA,FALSE,Gersthofen,Laufwasseranlage,NA
SEE989756000338,ABR921440481122,Wasser,"SEE934039077637, SEE973496721325, SEE989756000338, SEE976533716001, SEE924793743626",Gersthofen M3,Teileinspeisung (einschließlich Eigenverbrauch),1974,86368,Augsburg,Gersthofen,Adolf-von-Baeyer-Straße,1,Bayern,10.88511,48.446018,1901,NA,FALSE,Gersthofen,Laufwasseranlage,NA
SEE976533716001,ABR921440481122,Wasser,"SEE934039077637, SEE973496721325, SEE989756000338, SEE976533716001, SEE924793743626",Gersthofen M4,Teileinspeisung (einschließlich Eigenverbrauch),1974,86368,Augsburg,Gersthofen,Adolf-von-Baeyer-Straße,1,Bayern,10.88511,48.446018,1901,NA,FALSE,Gersthofen,Laufwasseranlage,NA
SEE967558939506,ABR920411149450,Wasser,"SEE967558939506, SEE901604837408, SEE935602197158, SEE985755138850, SEE948936460041, SEE961245060139, SEE915246106037, SEE905826160993",Saalachkraftwerk E1,Volleinspeisung,1280,83435,Berchtesgadener Land,Bad Reichenhall,Thumseestraße,25,Bayern,12.863147,47.718211,1914,NA,FALSE,NA,Laufwasseranlage,NA
SEE916635297251,ABR920411149450,Wasser,SEE916635297251,Kraftwerk Kammerl,Volleinspeisung,1424,82442,Garmisch-Partenkirchen,Saulgrub,Kammerl,1,Bayern,10.986994,47.661935,2014,NA,FALSE,NA,Laufwasseranlage,NA
SEE966142515577,ABR925896046164,Wasser,"SEE966142515577, SEE902318691782",KWW M 1,Volleinspeisung,1700,86167,Augsburg,Augsburg,NA,NA,Bayern,10.898005,48.390781,2010,NA,FALSE,KW Wolfzahnauwehr,Laufwasseranlage,NA
SEE924793743626,ABR921440481122,Wasser,"SEE934039077637, SEE973496721325, SEE989756000338, SEE976533716001, SEE924793743626",Gersthofen M5,Teileinspeisung (einschließlich Eigenverbrauch),1974,86368,Augsburg,Gersthofen,Adolf-von-Baeyer-Straße,1,Bayern,10.88511,48.446018,1901,NA,FALSE,Gersthofen,Laufwasseranlage,NA
SEE911187764817,ABR921440481122,Wasser,"SEE911187764817, SEE964354309908, SEE942361504011, SEE920786021696",Langweid M2,Teileinspeisung (einschließlich Eigenverbrauch),1630,86462,Augsburg,Langweid,Lechwerkstraße,19,Bayern,10.866455,48.498123,1907,NA,FALSE,Langweid,Laufwasseranlage,NA
SEE964354309908,ABR921440481122,Wasser,"SEE911187764817, SEE964354309908, SEE942361504011, SEE920786021696",Langweid M1,Teileinspeisung (einschließlich Eigenverbrauch),1630,86462,Augsburg,Langweid,Lechwerkstraße,19,Bayern,10.866455,48.498123,1907,NA,FALSE,Langweid,Laufwasseranlage,NA
SEE942361504011,ABR921440481122,Wasser,"SEE911187764817, SEE964354309908, SEE942361504011, SEE920786021696",Langweid M3,Teileinspeisung (einschließlich Eigenverbrauch),1630,86462,Augsburg,Langweid,Lechwerkstraße,19,Bayern,10.866455,48.498123,1907,NA,FALSE,Langweid,Laufwasseranlage,NA
SEE920786021696,ABR921440481122,Wasser,"SEE911187764817, SEE964354309908, SEE942361504011, SEE920786021696",Langweid M5,Teileinspeisung (einschließlich Eigenverbrauch),2400,86462,Augsburg,Langweid,Lechwerkstraße,19,Bayern,10.866455,48.498123,1938,NA,FALSE,Langweid,Laufwasseranlage,NA
SEE942092289713,ABR931281976800,Wasser,"SEE942092289713, SEE983443477878, SEE974948708802",Wasserkraftwerk Großarmschlag,Volleinspeisung,1655,94481,Freyung-Grafenau,Grafenau,NA,NA,Bayern,13.359764,48.883159,2018,NA,FALSE,NA,Laufwasseranlage,NA
SEE926165902051,ABR951304713342,Wasser,SEE926165902051,Kraftwerk Türkheim,Volleinspeisung,1150,86842,Unterallgäu,Türkheim,Unteres Wehr,1,Bayern,10.656656,48.077347,1996,NA,FALSE,Kraftwerk Türkheim,Laufwasseranlage,NA
SEE980896063863,ABR907152889371,Wasser,SEE980896063863,T 14 PSKW Kirchentellinsfurt,Volleinspeisung,1300,72138,Tübingen,Kirchentellinsfurt,Tübinger Straße,41,Baden-Württemberg,9.132536,48.535783,1926,NA,FALSE,Maschine 1,Speicherwasseranlage,NA
SEE902318691782,ABR925896046164,Wasser,"SEE966142515577, SEE902318691782",KWW M 2,Volleinspeisung,1700,86167,Augsburg,Augsburg,NA,NA,Bayern,10.897948,48.390779,2010,NA,FALSE,KW Wolfzahnauwehr,Laufwasseranlage,NA
SEE983443477878,ABR931281976800,Wasser,"SEE942092289713, SEE983443477878, SEE974948708802",Wasserkraftwerk Großarmschlag,Volleinspeisung,1840,94481,Freyung-Grafenau,Grafenau,NA,NA,Bayern,13.359705,48.883164,1955,NA,FALSE,NA,Laufwasseranlage,NA
SEE918289313004,ABR940074841256,Wasser,"SEE918289313004, SEE910718764784",WKW Kostheim Generator 1,Volleinspeisung,2500,55246,Wiesbaden,Mainz-Kostheim,Bruchstück,3,Hessen,8.334702,50.001259,2009,NA,FALSE,WKW Kostheim Generator 1,Laufwasseranlage,NA
SEE910718764784,ABR940074841256,Wasser,"SEE918289313004, SEE910718764784",WKW Kostheim Generator 2,Volleinspeisung,2500,55246,Wiesbaden,Mainz-Kostheim,Bruchstück,3,Hessen,8.334591,50.001221,2009,NA,FALSE,WKW Kostheim Generator 2,Laufwasseranlage,NA
SEE987545686459,ABR985051542115,Wasser,"SEE987545686459, SEE986309801299",Wasserkraftwerk Warmatsgund,Volleinspeisung,4800,87561,Oberallgäu,Oberstdorf,Anatswald,6,Bayern,10.263409,47.347217,1992,NA,FALSE,Wasserkraftwerk Warmatsgund,Laufwasseranlage,NA
SEE970954735412,ABR994476905917,Wasser,SEE970954735412,Kraftwerk Faltenbach,Volleinspeisung,1600,87561,Oberallgäu,Oberstdorf,Am Faltenbach,2,Bayern,10.286999,47.403575,2011,NA,FALSE,Kraftwerk Faltenbach,Laufwasseranlage,NA
SEE990044480152,ABR958587897523,Wasser,"SEE990044480152, SEE946616056263",Kraftwerk Füssen M 1,Volleinspeisung,4990,87629,Ostallgäu,Füssen,Lusalten,1,Bayern,10.69479,47.563017,2007,NA,FALSE,Kraftwerk Füssen,Laufwasseranlage,NA
SEE946616056263,ABR958587897523,Wasser,"SEE990044480152, SEE946616056263",Kraftwerk Füssen M 2,Volleinspeisung,4990,87629,Ostallgäu,Füssen,Lusalten,1,Bayern,10.69479,47.563022,2007,NA,FALSE,Kraftwerk Füssen,Laufwasseranlage,NA
SEE997662385807,ABR976579954320,Wasser,"SEE977558085097, SEE900235334515, SEE997662385807",Werk 1 Maschine 5,Volleinspeisung,1180,87534,Oberallgäu,Oberstaufen,Hinterhalden,15,Bayern,9.97422,47.530563,1976,NA,FALSE,Krebs,Laufwasseranlage,NA
SEE975181843893,ABR914764874992,Wasser,"SEE975181843893, SEE941230688883",Offenbach K1,Volleinspeisung,2200,60314,Frankfurt am Main,Frankfurt,Franziusstraße,23,Hessen,8.72605,50.1097,1985,NA,FALSE,Kraftwerk Offenbach,Laufwasseranlage,NA
SEE941230688883,ABR914764874992,Wasser,"SEE975181843893, SEE941230688883",Offenbach K2,Volleinspeisung,2200,60314,Frankfurt am Main,Frankfurt,Franziusstraße,23,Hessen,8.72605,50.1097,1985,NA,FALSE,Kraftwerk Offenbach,Laufwasseranlage,NA
SEE911201147978,ABR914764874992,Wasser,"SEE911201147978, SEE975697104891",Kesselstadt K1,Volleinspeisung,2600,63477,Main-Kinzig-Kreis,Maintal,Kesselstädter Straße,60,Hessen,8.87051,50.1268,1921,NA,FALSE,Kraftwerk Kesselstadt,Laufwasseranlage,NA
SEE975697104891,ABR914764874992,Wasser,"SEE911201147978, SEE975697104891",Kesselstadt K2,Volleinspeisung,2600,63477,Main-Kinzig-Kreis,Maintal,Kesselstädter Straße,60,Hessen,8.87051,50.1268,1921,NA,FALSE,Kraftwerk Kesselstadt,Laufwasseranlage,NA
SEE974395331738,ABR999208137895,Wasser,"SEE977849329251, SEE974395331738, SEE954479037329",GN_T2_Kaplan,Volleinspeisung,1100,83471,Berchtesgadener Land,Berchtesgaden,Gartenau,8,Bayern,13.03778,47.656465,2013,NA,FALSE,NA,Laufwasseranlage,NA
SEE977512784516,ABR997116496912,Wasser,"SEE977512784516, SEE982332501670, SEE947313574326",Kraftwerk Rosenheim MS1,Volleinspeisung,11700,83101,Rosenheim,Rohrdorf,Ahornstraße,10,Bayern,12.153611,47.838056,1960,NA,FALSE,Rosenheim,Laufwasseranlage,NA
SEE975539952376,ABR920789268791,Wasser,"SEE975539952376, SEE995156555835, SEE904955359575",KW Ryburg-Schwörstadt M2,Teileinspeisung (einschließlich Eigenverbrauch),28300,79739,Lörrach,Schwörstadt,Kraftwerkstraße,1,Baden-Württemberg,7.836103,47.587069,1930,NA,FALSE,Kraftwerk Ryburg Schwörstadt,Laufwasseranlage,NA
SEE974080003018,ABR997116496912,Wasser,"SEE974080003018, SEE946142465416, SEE975444777408",TögingNeu MS1,Volleinspeisung,40000,84513,Altötting,Töging,Auenstraße,1,Bayern,12.584221,48.2484,2022,NA,FALSE,TögingNeu,Laufwasseranlage,NA
SEE946142465416,ABR997116496912,Wasser,"SEE974080003018, SEE946142465416, SEE975444777408",TögingNeu MS2,Volleinspeisung,40000,84513,Altötting,Töging,Auenstraße,1,Bayern,12.584221,48.2484,2022,NA,FALSE,Kraftwerk Töging Neu,Laufwasseranlage,NA
SEE975444777408,ABR997116496912,Wasser,"SEE974080003018, SEE946142465416, SEE975444777408",TögingNeu MS3,Volleinspeisung,40000,84513,Altötting,Töging,Auenstraße,1,Bayern,12.584221,48.2484,2022,NA,FALSE,Kraftwerk Töging Neu,Laufwasseranlage,NA
SEE907807877043,ABR957744875459,Wasser,SEE907807877043,Kraftwerk Rott,Volleinspeisung,5000,83395,Berchtesgadener Land,Freilassing,Kraftwerk,1,Bayern,12.993885,47.835241,2004,NA,FALSE,Kraftwerk Rott,Laufwasseranlage,NA
SEE995156555835,ABR920789268791,Wasser,"SEE975539952376, SEE995156555835, SEE904955359575",KW Ryburg-Schwörstadt M3,Teileinspeisung (einschließlich Eigenverbrauch),28300,79739,Lörrach,Schwörstadt,Kraftwerkstraße,1,Baden-Württemberg,7.836103,47.587069,1931,NA,FALSE,Kraftwerk Ryburg Schwörstadt,Laufwasseranlage,NA
SEE904955359575,ABR920789268791,Wasser,"SEE975539952376, SEE995156555835, SEE904955359575",KW Ryburg-Schwörstadt M4,Teileinspeisung (einschließlich Eigenverbrauch),28300,79739,Lörrach,Schwörstadt,Kraftwerkstraße,1,Baden-Württemberg,7.836103,47.587069,1931,NA,FALSE,Kraftwerk Ryburg -Schwörstadt,Laufwasseranlage,NA
SEE905804223849,ABR918910130901,Wasser,"SEE905804223849, SEE910013400721, SEE973556997929, SEE902489482608, SEE994853801559, SEE991332001752, SEE947227591686, SEE949717053087, SEE981577033014, SEE925074451797",KW Laufenburg Maschine 1,Teileinspeisung (einschließlich Eigenverbrauch),10600,5080,NA,Laufenburg,Baslerstrasse,NA,NA,8.048725,47.556217,1990,NA,FALSE,Kraftwerk Laufenburg,Laufwasseranlage,NA
SEE973493827723,ABR972811767499,Wasser,"SEE973493827723, SEE929404505242, SEE991505581654, SEE962376547568, SEE976184145496",KW Rheinfelden Maschine 1,Teileinspeisung (einschließlich Eigenverbrauch),22900,4310,NA,Rheinfelden,Chleigrüt,NA,NA,7.812283,47.56897,2010,NA,FALSE,Kraftwerk Rheinfelden,Laufwasseranlage,NA
SEE931261988564,ABR972811767499,Wasser,"SEE931261988564, SEE934890098444, SEE927287469774, SEE982064123652, SEE942749879687, SEE925326526723, SEE921196877927, SEE935645540645, SEE911430024132, SEE910204132950, SEE934727232676",KW Wyhlen Straflo 01,Teileinspeisung (einschließlich Eigenverbrauch),4600,79639,Lörrach,Grenzach-Wyhlen,Am Wasserkraftwerk,NA,Baden-Württemberg,7.707671,47.538747,1992,NA,FALSE,NA,Laufwasseranlage,NA
SEE910013400721,ABR918910130901,Wasser,"SEE905804223849, SEE910013400721, SEE973556997929, SEE902489482608, SEE994853801559, SEE991332001752, SEE947227591686, SEE949717053087, SEE981577033014, SEE925074451797",KW Laufenburg Maschine 2,Volleinspeisung,10600,5080,NA,Laufenburg,Baslerstrasse,NA,NA,8.048661,47.556236,1990,NA,FALSE,Kraftwerk Laufenburg,Laufwasseranlage,NA
SEE934890098444,ABR972811767499,Wasser,"SEE931261988564, SEE934890098444, SEE927287469774, SEE982064123652, SEE942749879687, SEE925326526723, SEE921196877927, SEE935645540645, SEE911430024132, SEE910204132950, SEE934727232676",KW Wyhlen Straflo 02,Teileinspeisung (einschließlich Eigenverbrauch),4600,79639,Lörrach,Grenzach-Wyhlen,Am Wasserkraftwerk,NA,Baden-Württemberg,7.707881,47.538792,1993,NA,FALSE,NA,Laufwasseranlage,NA
SEE979442108769,ABR918600156716,Wasser,SEE979442108769,Hauptkraftwerk,NA,4000,83413,Traunstein,Fridolfing,Lebenau,9,Bayern,12.874403,47.957924,2002,NA,FALSE,Hauptkraftwerk,Laufwasseranlage,NA
SEE908977758781,ABR978348168945,Wasser,"SEE973933126119, SEE908977758781",99700052 Farchau Wasser,Teileinspeisung (einschließlich Eigenverbrauch),1600,23909,Herzogtum Lauenburg,Farchau,Am Kanal,1,Schleswig-Holstein,10.763404,53.67805,2000,NA,FALSE,99700052 Farchau Wasser 2,Laufwasseranlage,NA
SEE989291732510,ABR968112198223,Wasser,SEE989291732510,KW Sylvenstein I,Teileinspeisung (einschließlich Eigenverbrauch),2508,83661,Bad Tölz-Wolfratshausen,Lenggries,Sylvenstein,1,Bayern,11.552035,47.590562,1959,NA,FALSE,NA,Speicherwasseranlage,NA
SEE964236871431,ABR968112198223,Wasser,SEE964236871431,KW Sylvenstein II,Teileinspeisung (einschließlich Eigenverbrauch),3780,83661,Bad Tölz-Wolfratshausen,Lenggries,Sylvenstein,1,Bayern,11.552035,47.590562,2000,NA,FALSE,NA,Speicherwasseranlage,NA
SEE995862682368,ABR917063786638,Wasser,"SEE903189842945, SEE924714158645, SEE978176260606, SEE995862682368, SEE904768778150",Wasserkraftwerk Lechbruck M4,Volleinspeisung,2227.5,86983,Ostallgäu,Lechbruck,Helmensteiner Straße,25,Bayern,10.797394,47.692868,2016,NA,FALSE,Wasserkraftwerk Lechbruck,Laufwasseranlage,NA
SEE922484588716,ABR917063786638,Wasser,"SEE922484588716, SEE911411690646",Wasserkraftwerk Horn M1,Volleinspeisung,2112,87645,Ostallgäu,Schwangau,Forchenweg,30 a,Bayern,10.711064,47.566545,1999,NA,FALSE,Wasserkraftwerk Horn,Laufwasseranlage,NA
SEE911411690646,ABR917063786638,Wasser,"SEE922484588716, SEE911411690646",Wasserkraftwerk Horn M2,Volleinspeisung,2880,87645,Ostallgäu,Schwangau,Forchenweg,30 a,Bayern,10.711064,47.566545,1999,NA,FALSE,Wasserkraftwerk Horn,Laufwasseranlage,NA
SEE926834704542,ABR917063786638,Wasser,"SEE926834704542, SEE938091194936",Wasserkraftwerk Keselstraße M1,Volleinspeisung,1385.5,87435,Kempten (Allgäu),Kempten,Keselstraße,16,Bayern,10.322294,47.718535,2009,NA,FALSE,NA,Laufwasseranlage,NA
SEE938091194936,ABR917063786638,Wasser,"SEE926834704542, SEE938091194936",Wasserkraftwerk Keselstraße M2,Volleinspeisung,1385.5,87435,Kempten (Allgäu),Kempten,Keselstraße,16,Bayern,10.322294,47.718535,2009,NA,FALSE,NA,Laufwasseranlage,NA
SEE909060573243,ABR999401230768,Wasser,"SEE909060573243, SEE915714081316",SWM Isarwerk 3 M1,Volleinspeisung,1650,80469,München,München,Hefner-Alteneck-Straße,24,Bayern,11.561,48.1194,1979,NA,FALSE,SWM Isarwerk 3,Laufwasseranlage,NA
SEE915714081316,ABR999401230768,Wasser,"SEE909060573243, SEE915714081316",SWM Isarwerk 3 M2,Volleinspeisung,1650,80469,München,München,Hefner-Alteneck-Straße,24,Bayern,11.561,48.1194,1979,NA,FALSE,SWM Isarwerk 3,Laufwasseranlage,NA
SEE921679055279,ABR914764874992,Wasser,"SEE921679055279, SEE911179819280",Gottfrieding K1,Volleinspeisung,3000,84177,Dingolfing-Landau,Gottfrieding,Isarweg,1,Bayern,12.5422,48.6447,1978,NA,FALSE,NA,Laufwasseranlage,NA
SEE911179819280,ABR914764874992,Wasser,"SEE921679055279, SEE911179819280",Gottfrieding K2,Volleinspeisung,3000,84177,Dingolfing-Landau,Gottfrieding,Isarweg,1,Bayern,12.5422,48.6447,1974,NA,FALSE,NA,Laufwasseranlage,NA
SEE941797895144,ABR934779480995,Wasser,SEE941797895144,Hitzinger,Volleinspeisung,1620,94244,Regen,Teisnach,Adolf-Pfleiderer-Straße,19,Bayern,12.99977,49.042385,2009,NA,FALSE,NA,Laufwasseranlage,NA
SEE995833202618,ABR914764874992,Wasser,SEE995833202618,TW Gottfrieding K (Ro) 1,Volleinspeisung,5000,84177,Dingolfing-Landau,Gottfrieding,Isarweg,1,Bayern,12.5422,48.6447,2009,NA,FALSE,TW Gottfrieding,Laufwasseranlage,NA
SEE930248546148,ABR914764874992,Wasser,"SEE930248546148, SEE949049420311, SEE926125006225",Landau K1,Volleinspeisung,4200,94431,Dingolfing-Landau,Pilsting,Stauseestraße,1,Bayern,12.6602,48.6681,1984,NA,FALSE,NA,Laufwasseranlage,NA
SEE949049420311,ABR914764874992,Wasser,"SEE930248546148, SEE949049420311, SEE926125006225",Landau K3,Volleinspeisung,4200,94431,Dingolfing-Landau,Pilsting,Stauseestraße,1,Bayern,12.6602,48.6681,1984,NA,FALSE,Landau,Laufwasseranlage,NA
SEE923058511512,ABR914764874992,Wasser,"SEE923058511512, SEE901248773803, SEE982462684892",Ettling K2,Volleinspeisung,4100,94522,Dingolfing-Landau,Wallersdorf,Kraftwerkstr.,1,Bayern,12.7943,48.6953,1988,NA,FALSE,NA,Laufwasseranlage,NA
SEE901248773803,ABR914764874992,Wasser,"SEE923058511512, SEE901248773803, SEE982462684892",Ettling K3,Volleinspeisung,4100,94522,Dingolfing-Landau,Wallersdorf,Kraftwerkstr.,1,Bayern,12.7943,48.6953,1988,NA,FALSE,NA,Laufwasseranlage,NA
SEE969190320896,ABR914764874992,Wasser,"SEE969190320896, SEE991388294085, SEE932569427427",Pielweichs K1,Volleinspeisung,4200,94447,Deggendorf,Plattling,An der Staustufe,1,Bayern,12.8698,48.7619,1994,NA,FALSE,NA,Laufwasseranlage,NA
SEE991388294085,ABR914764874992,Wasser,"SEE969190320896, SEE991388294085, SEE932569427427",Pielweichs K2,Volleinspeisung,4200,94447,Deggendorf,Plattling,An der Staustufe,1,Bayern,12.8698,48.7619,1994,NA,FALSE,NA,Laufwasseranlage,NA
SEE932569427427,ABR914764874992,Wasser,"SEE969190320896, SEE991388294085, SEE932569427427",Pielweichs K3,Volleinspeisung,4200,94447,Deggendorf,Plattling,An der Staustufe,1,Bayern,12.8698,48.7619,1994,NA,FALSE,NA,Laufwasseranlage,NA
SEE961284659301,ABR914764874992,Wasser,"SEE961284659301, SEE941328262162",Obernach F1,Volleinspeisung,6400,82432,Bad Tölz-Wolfratshausen,Walchensee,Einsiedl,NA,Bayern,11.3084,47.568600000000004,1955,NA,FALSE,NA,Laufwasseranlage,NA
SEE941328262162,ABR914764874992,Wasser,"SEE961284659301, SEE941328262162",Obernach F2,Volleinspeisung,6400,82432,Bad Tölz-Wolfratshausen,Walchensee,Einsiedl,NA,Bayern,11.3084,47.568600000000004,1955,NA,FALSE,NA,Laufwasseranlage,NA
SEE935573961376,ABR999401230768,Wasser,"SEE935573961376, SEE963949142524, SEE920847840785, SEE945785612836",SWM Uppenborn 1 Gen1,Teileinspeisung (einschließlich Eigenverbrauch),8800,85368,Freising,Wang,Werkstraße,25,Bayern,11.99778,48.4933,1930,NA,FALSE,SWM Uppenborn 1,Laufwasseranlage,NA
SEE958265383348,ABR955890399539,Wasser,SEE958265383348,Eigene Anlage - KW I,Volleinspeisung,1100,85221,Dachau,Dachau,Am Alten Wehr,1,Bayern,11.427353,48.25516,1951,NA,FALSE,KW I -Turbine_1,Laufwasseranlage,NA
SEE993206709856,ABR955890399539,Wasser,SEE993206709856,Eigene Anlage - KW I,Volleinspeisung,1100,85221,Dachau,Dachau,Am Alten Wehr,1,Bayern,11.427353,48.25516,1951,NA,FALSE,KW I - Turbine_2,Laufwasseranlage,NA
SEE998908296567,ABR914764874992,Wasser,SEE998908296567,Niedernach K1,Volleinspeisung,2200,83676,Bad Tölz-Wolfratshausen,Jachenau,Niedernach,55 1/3,Bayern,11.3937,47.5848,1951,NA,FALSE,NA,Laufwasseranlage,NA
SEE934510144209,ABR914764874992,Wasser,SEE934510144209,Schönmühl K1,Volleinspeisung,5000,82377,Weilheim-Schongau,Penzberg,Schönmühl,3,Bayern,11.4092,47.744,1922,NA,FALSE,NA,Laufwasseranlage,NA
SEE977277909087,ABR914764874992,Wasser,"SEE977277909087, SEE992625046054, SEE949500107867",Mühltal F1,Volleinspeisung,3740,82064,München,Straßlach-Dingharting,Mühlthal,7,Bayern,11.4854,47.9964,2011,NA,FALSE,NA,Laufwasseranlage,NA
SEE992625046054,ABR914764874992,Wasser,"SEE977277909087, SEE992625046054, SEE949500107867",Mühltal F2,Teileinspeisung (einschließlich Eigenverbrauch),3730,82064,München,Straßlach-Dingharting,Mühlthal,7,Bayern,11.4854,47.9964,2011,NA,FALSE,NA,Laufwasseranlage,NA
SEE949500107867,ABR914764874992,Wasser,"SEE977277909087, SEE992625046054, SEE949500107867",Mühltal F3,Volleinspeisung,3730,82064,München,Straßlach-Dingharting,Mühlthal,7,Bayern,11.4854,47.9964,1924,NA,FALSE,NA,Laufwasseranlage,NA
SEE981801599002,ABR914764874992,Wasser,"SEE981801599002, SEE933655686827",Höllriegelskreuth K1,Volleinspeisung,1550,82065,München,Baierbrunn,Beim Kraftwerk,1,Bayern,11.5054,48.0328,1940,NA,FALSE,NA,Laufwasseranlage,NA
SEE933655686827,ABR914764874992,Wasser,"SEE981801599002, SEE933655686827",Höllriegelskreuth K2,Volleinspeisung,1550,82065,München,Baierbrunn,Beim Kraftwerk,1,Bayern,11.5054,48.0328,1940,NA,FALSE,NA,Laufwasseranlage,NA
SEE975971327114,ABR983739334434,Wasser,SEE975971327114,WKA Breitwies,Teileinspeisung (einschließlich Eigenverbrauch),2200,76599,Rastatt,Weisenbach,Fabrikstraße,336,Baden-Württemberg,8.364082,48.710752,2001,NA,FALSE,WKA Breitwies,Laufwasseranlage,NA
SEE971683848824,ABR983739334434,Wasser,SEE971683848824,WKA Schlechtau,Teileinspeisung (einschließlich Eigenverbrauch),1450,76599,Rastatt,Weisenbach,In der Schlechtau,4,Baden-Württemberg,8.364104,48.721909,2019,NA,FALSE,WKA Schlechtau,Laufwasseranlage,NA
SEE977817022917,ABR914764874992,Wasser,"SEE977817022917, SEE996547660190, SEE950442426213, SEE967321278092",Pullach K1,Volleinspeisung,1300,82049,München,Pullach,Badstraße,18,Bayern,11.5232,48.054,1904,NA,FALSE,NA,Laufwasseranlage,NA
SEE996547660190,ABR914764874992,Wasser,"SEE977817022917, SEE996547660190, SEE950442426213, SEE967321278092",Pullach K2,Volleinspeisung,1300,82049,München,Pullach,Badstraße,18,Bayern,11.5232,48.054,1904,NA,FALSE,NA,Laufwasseranlage,NA
SEE950442426213,ABR914764874992,Wasser,"SEE977817022917, SEE996547660190, SEE950442426213, SEE967321278092",Pullach K3,Volleinspeisung,1300,82049,München,Pullach,Badstraße,18,Bayern,11.5232,48.054,1904,NA,FALSE,NA,Laufwasseranlage,NA
SEE967321278092,ABR914764874992,Wasser,"SEE977817022917, SEE996547660190, SEE950442426213, SEE967321278092",Pullach K4,Volleinspeisung,1300,82049,München,Pullach,Badstraße,18,Bayern,11.5232,48.054,1904,NA,FALSE,NA,Laufwasseranlage,NA
SEE939120695769,ABR914764874992,Wasser,SEE939120695769,Haag K(Ro)1,Volleinspeisung,4100,85410,Freising,Haag,Hagenaustraße,14,Bayern,11.8355,48.4547,2000,NA,FALSE,NA,Laufwasseranlage,NA
SEE931699316403,ABR914764874992,Wasser,"SEE931699316403, SEE919412154723, SEE916697461249",Dingolfing K1,Volleinspeisung,5000,84130,Dingolfing-Landau,Dingolfing,Bayernwerkstraße,55,Bayern,12.4839,48.6346,1957,NA,FALSE,Dingolfing,Laufwasseranlage,NA
SEE919412154723,ABR914764874992,Wasser,"SEE931699316403, SEE919412154723, SEE916697461249",Dingolfing K2,Volleinspeisung,5000,84130,Dingolfing-Landau,Dingolfing,Bayernwerkstraße,55,Bayern,12.4839,48.6346,1957,NA,FALSE,NA,Laufwasseranlage,NA
SEE916697461249,ABR914764874992,Wasser,"SEE931699316403, SEE919412154723, SEE916697461249",Dingolfing K3,Volleinspeisung,5000,84130,Dingolfing-Landau,Dingolfing,Bayernwerkstraße,55,Bayern,12.4839,48.6346,1958,NA,FALSE,NA,Laufwasseranlage,NA
SEE941459970745,ABR914764874992,Wasser,"SEE941459970745, SEE928715410504, SEE956682707471",Gummering K1,Volleinspeisung,5500,84183,Dingolfing-Landau,Niederviehbach,Untere Au,80,Bayern,12.3975,48.6229,1957,NA,FALSE,NA,Laufwasseranlage,NA
SEE928715410504,ABR914764874992,Wasser,"SEE941459970745, SEE928715410504, SEE956682707471",Gummering K2,Volleinspeisung,5500,84183,Dingolfing-Landau,Niederviehbach,Untere Au,80,Bayern,12.3975,48.6229,1957,NA,FALSE,NA,Laufwasseranlage,NA
SEE956682707471,ABR914764874992,Wasser,"SEE941459970745, SEE928715410504, SEE956682707471",Gummering K3,Volleinspeisung,5500,84183,Dingolfing-Landau,Niederviehbach,Untere Au,80,Bayern,12.3975,48.6229,1957,NA,FALSE,NA,Laufwasseranlage,NA
SEE959715874706,ABR914764874992,Wasser,"SEE959715874706, SEE992196002671, SEE982564834379, SEE980276191377, SEE945845418224, SEE907673676115, SEE954199811421",Niederaichbach K1,Volleinspeisung,5400,84051,Landshut,Essenbach,Dammstraße,26,Bayern,12.3014,48.6035,1951,NA,FALSE,NA,Laufwasseranlage,NA
SEE958833819255,ABR914764874992,Wasser,SEE958833819255,Niederaichbach K2,Volleinspeisung,5400,84100,Landshut,Niederaichbach,Kraftwerkstraße,26,Bayern,12.3014,48.6035,1951,NA,FALSE,NA,Laufwasseranlage,NA
SEE992196002671,ABR914764874992,Wasser,"SEE959715874706, SEE992196002671, SEE982564834379, SEE980276191377, SEE945845418224, SEE907673676115, SEE954199811421",Niederaichbach K3,Volleinspeisung,5400,84051,Landshut,Essenbach,Dammstraße,26,Bayern,12.3014,48.6035,1951,NA,FALSE,NA,Laufwasseranlage,NA
SEE907837230047,ABR914764874992,Wasser,"SEE907837230047, SEE946976628933, SEE903494881059",Prem K(Ro)1,Teileinspeisung (einschließlich Eigenverbrauch),6400,86983,Ostallgäu,Lechbruck,Am Premer Lechsee,NA,Bayern,10.7897,47.6767,1971,NA,FALSE,Prem,Laufwasseranlage,NA
SEE946976628933,ABR914764874992,Wasser,"SEE907837230047, SEE946976628933, SEE903494881059",Prem K(Ro)2,Teileinspeisung (einschließlich Eigenverbrauch),6400,86983,Ostallgäu,Lechbruck,Am Premer Lechsee,NA,Bayern,10.7897,47.6767,1971,NA,FALSE,Prem,Laufwasseranlage,NA
SEE903494881059,ABR914764874992,Wasser,"SEE907837230047, SEE946976628933, SEE903494881059",Prem K(Ro)3,Teileinspeisung (einschließlich Eigenverbrauch),6400,86983,Ostallgäu,Lechbruck,Am Premer Lechsee,NA,Bayern,10.7897,47.6767,1971,NA,FALSE,Prem,Laufwasseranlage,NA
SEE929915888797,ABR914764874992,Wasser,"SEE929915888797, SEE954975672987, SEE926876352800",Urspring K(Ro) 1,Volleinspeisung,4000,86983,Ostallgäu,Lechbruck,Via Claudia,NA,Bayern,10.8265,47.7159,1966,NA,FALSE,NA,Laufwasseranlage,NA
SEE963949142524,ABR999401230768,Wasser,"SEE935573961376, SEE963949142524, SEE920847840785, SEE945785612836",SWM Uppenborn 1 Gen2,Teileinspeisung (einschließlich Eigenverbrauch),8800,85368,Freising,Wang,Werkstraße,25,Bayern,11.99778,48.4933,1930,NA,FALSE,SWM Uppenborn 1,Laufwasseranlage,NA
SEE920847840785,ABR999401230768,Wasser,"SEE935573961376, SEE963949142524, SEE920847840785, SEE945785612836",SWM Uppenborn 1 Gen3,Teileinspeisung (einschließlich Eigenverbrauch),8800,85368,Freising,Wang,Werkstraße,25,Bayern,11.99778,48.4933,1930,NA,FALSE,SWM Uppenborn 1,Laufwasseranlage,NA
SEE945785612836,ABR999401230768,Wasser,"SEE935573961376, SEE963949142524, SEE920847840785, SEE945785612836",SWM Uppenborn 1 Gen4,Teileinspeisung (einschließlich Eigenverbrauch),1100,85368,Freising,Wang,Werkstraße,25,Bayern,11.99778,48.4933,1930,NA,FALSE,SWM Uppenborn 1,Laufwasseranlage,NA
SEE907834312319,ABR999401230768,Wasser,"SEE907834312319, SEE931485815622, SEE980479559837",SWM Uppenborn 2 Gen1,Teileinspeisung (einschließlich Eigenverbrauch),6000,84184,Landshut,Tiefenbach,Schloßberg,1,Bayern,12.1011,48.5152,1951,NA,FALSE,SWM Uppenborn 2,Laufwasseranlage,NA
SEE931485815622,ABR999401230768,Wasser,"SEE907834312319, SEE931485815622, SEE980479559837",SWM Uppenborn 2 Gen2,Teileinspeisung (einschließlich Eigenverbrauch),6000,84184,Landshut,Tiefenbach,Schloßberg,1,Bayern,12.1011,48.5152,1951,NA,FALSE,SWM Uppenborn 2,Laufwasseranlage,NA
SEE980479559837,ABR999401230768,Wasser,"SEE907834312319, SEE931485815622, SEE980479559837",SWM Uppenborn 2 Gen3,Teileinspeisung (einschließlich Eigenverbrauch),6000,84184,Landshut,Tiefenbach,Schloßberg,1,Bayern,12.1011,48.5152,1951,NA,FALSE,SWM Uppenborn 2,Laufwasseranlage,NA
SEE950279907527,ABR970889844142,Wasser,SEE950279907527,WKW Horster Mühle,Volleinspeisung,2000,45279,Essen,Essen,Antonienallee,19,Nordrhein-Westfalen,7.10892,51.429707,2009,NA,FALSE,WKW Horster Mühle,Laufwasseranlage,NA
SEE990884635767,ABR970889844142,Wasser,SEE990884635767,WKW Stockheim,Teileinspeisung (einschließlich Eigenverbrauch),1670,86825,Unterallgäu,Bad Wörishofen,NA,NA,Bayern,10.645501,47.99041,2009,NA,FALSE,WKW Stockheim,Laufwasseranlage,NA
SEE954975672987,ABR914764874992,Wasser,"SEE929915888797, SEE954975672987, SEE926876352800",Urspring K(Ro) 2,Volleinspeisung,4000,86983,Ostallgäu,Lechbruck,Via Claudia,NA,Bayern,10.8265,47.7159,1966,NA,FALSE,NA,Laufwasseranlage,NA
SEE926876352800,ABR914764874992,Wasser,"SEE929915888797, SEE954975672987, SEE926876352800",Urspring K(Ro) 3,Volleinspeisung,4000,86983,Ostallgäu,Lechbruck,Via Claudia,NA,Bayern,10.8265,47.7159,1966,NA,FALSE,NA,Laufwasseranlage,NA
SEE950140538850,ABR914764874992,Wasser,"SEE950140538850, SEE988465448257, SEE960357727398",Dessau K(Ro)1,Volleinspeisung,4200,86977,Weilheim-Schongau,Burggen,Dessau,NA,Bayern,10.8255,47.7396,1967,NA,FALSE,NA,Laufwasseranlage,NA
SEE988465448257,ABR914764874992,Wasser,"SEE950140538850, SEE988465448257, SEE960357727398",Dessau K(Ro)2,Volleinspeisung,4200,86977,Weilheim-Schongau,Burggen,Dessau,NA,Bayern,10.8255,47.7396,1967,NA,FALSE,NA,Laufwasseranlage,NA
SEE960357727398,ABR914764874992,Wasser,"SEE950140538850, SEE988465448257, SEE960357727398",Dessau K(Ro)3,Volleinspeisung,4200,86977,Weilheim-Schongau,Burggen,Dessau,NA,Bayern,10.8255,47.7396,1967,NA,FALSE,NA,Laufwasseranlage,NA
SEE909678604209,ABR914764874992,Wasser,"SEE909678604209, SEE972635175418",Kinsau K(Ro)1,Volleinspeisung,4200,86981,Landsberg am Lech,Kinsau,Apfeldorfer Straße,16,Bayern,10.9227,47.8757,1992,NA,FALSE,NA,Laufwasseranlage,NA
SEE972635175418,ABR914764874992,Wasser,"SEE909678604209, SEE972635175418",Kinsau K(Ro)2,Volleinspeisung,4200,86981,Landsberg am Lech,Kinsau,Apfeldorfer Straße,16,Bayern,10.9227,47.8757,1992,NA,FALSE,NA,Laufwasseranlage,NA
SEE966268586802,ABR914764874992,Wasser,SEE966268586802,Klein Kinsau K1,Volleinspeisung,1500,86981,Landsberg am Lech,Kinsau,Apfeldorfer Straße,16,Bayern,10.9221,47.8726,1992,NA,FALSE,NA,Laufwasseranlage,NA
SEE964721515031,ABR914764874992,Wasser,"SEE964721515031, SEE988114672156, SEE924169304048",Kaufering K(Ro)1,Volleinspeisung,6100,86916,Landsberg am Lech,Kaufering,Lechfeldwiesen,NA,Bayern,10.8619,48.1139,1975,NA,FALSE,NA,Laufwasseranlage,NA
SEE988114672156,ABR914764874992,Wasser,"SEE964721515031, SEE988114672156, SEE924169304048",Kaufering K(Ro)2,Volleinspeisung,6100,86916,Landsberg am Lech,Kaufering,Lechfeldwiesen,NA,Bayern,10.8619,48.1139,1975,NA,FALSE,NA,Laufwasseranlage,NA
SEE924169304048,ABR914764874992,Wasser,"SEE964721515031, SEE988114672156, SEE924169304048",Kaufering K(Ro)3,Volleinspeisung,6100,86916,Landsberg am Lech,Kaufering,Lechfeldwiesen,NA,Bayern,10.8619,48.1139,1975,NA,FALSE,NA,Laufwasseranlage,NA
SEE932109633288,ABR914764874992,Wasser,"SEE932109633288, SEE948263410344, SEE972467909069",Schwabstadl K(Ro)1,Volleinspeisung,4300,86937,Landsberg am Lech,Scheuring,Zollhaus,NA,Bayern,10.8673,48.1484,1981,NA,FALSE,NA,Laufwasseranlage,NA
SEE948263410344,ABR914764874992,Wasser,"SEE932109633288, SEE948263410344, SEE972467909069",Schwabstadl K(Ro)2,Volleinspeisung,4300,86937,Landsberg am Lech,Scheuring,Zollhaus,NA,Bayern,10.8673,48.1484,1981,NA,FALSE,NA,Laufwasseranlage,NA
SEE972467909069,ABR914764874992,Wasser,"SEE932109633288, SEE948263410344, SEE972467909069",Schwabstadl K(Ro)3,Volleinspeisung,4300,86937,Landsberg am Lech,Scheuring,Zollhaus,NA,Bayern,10.8673,48.1484,1981,NA,FALSE,NA,Laufwasseranlage,NA
SEE930232746332,ABR914764874992,Wasser,"SEE930232746332, SEE907294548426, SEE927477486369",Scheuring K(Ro)1,Volleinspeisung,4500,86937,Landsberg am Lech,Scheuring,NA,NA,Bayern,10.8836,48.1803,1980,NA,FALSE,NA,Laufwasseranlage,NA
SEE907294548426,ABR914764874992,Wasser,"SEE930232746332, SEE907294548426, SEE927477486369",Scheuring K(Ro)2,Volleinspeisung,4500,86937,Landsberg am Lech,Scheuring,NA,NA,Bayern,10.8836,48.1803,1980,NA,FALSE,NA,Laufwasseranlage,NA
SEE927477486369,ABR914764874992,Wasser,"SEE930232746332, SEE907294548426, SEE927477486369",Scheuring K(Ro)3,Volleinspeisung,4500,86937,Landsberg am Lech,Scheuring,NA,NA,Bayern,10.8836,48.1803,1980,NA,FALSE,NA,Laufwasseranlage,NA
SEE973546643669,ABR914764874992,Wasser,"SEE973546643669, SEE975578379660, SEE907339611450",Prittriching K(Ro)1,Volleinspeisung,4100,86931,Landsberg am Lech,Prittriching,Lechstraße,16,Bayern,10.9048,48.2105,1984,NA,FALSE,NA,Laufwasseranlage,NA
SEE975578379660,ABR914764874992,Wasser,"SEE973546643669, SEE975578379660, SEE907339611450",Prittriching K(Ro)2,Volleinspeisung,4100,86931,Landsberg am Lech,Prittriching,Lechstraße,16,Bayern,10.9048,48.2105,1984,NA,FALSE,NA,Laufwasseranlage,NA
SEE907339611450,ABR914764874992,Wasser,"SEE973546643669, SEE975578379660, SEE907339611450",Prittriching K(Ro)3,Volleinspeisung,4100,86931,Landsberg am Lech,Prittriching,Lechfeldstraße,16,Bayern,10.9048,48.2105,1984,NA,FALSE,NA,Laufwasseranlage,NA
SEE909007092769,ABR914764874992,Wasser,"SEE909007092769, SEE935359739632, SEE996794687834",Merching K(Ro)1,Volleinspeisung,4500,86504,Aichach-Friedberg,Merching,Friedenaustraße,NA,Bayern,10.9374,48.2659,1978,NA,FALSE,Merching,Laufwasseranlage,NA
SEE935359739632,ABR914764874992,Wasser,"SEE909007092769, SEE935359739632, SEE996794687834",Merching K(Ro)3,Volleinspeisung,4500,86504,Aichach-Friedberg,Merching,Friedenaustraße,NA,Bayern,10.9374,48.2659,1978,NA,FALSE,Merching,Laufwasseranlage,NA
SEE966899497201,ABR914764874992,Wasser,"SEE966899497201, SEE940987834352, SEE987122619900, SEE935021701530, SEE967947956008, SEE901618758560",Finsing K1,Volleinspeisung,2157,85464,Erding,Finsing,Seestraße,3,Bayern,11.7997,48.2217,1924,NA,FALSE,NA,Laufwasseranlage,NA
SEE940987834352,ABR914764874992,Wasser,"SEE966899497201, SEE940987834352, SEE987122619900, SEE935021701530, SEE967947956008, SEE901618758560",Finsing K2,Volleinspeisung,2157,85464,Erding,Finsing,Seestraße,3,Bayern,11.7997,48.2217,1924,NA,FALSE,NA,Laufwasseranlage,NA
SEE950590148739,ABR959423059587,Wasser,SEE950590148739,Praterkraftwerk Gen1,Volleinspeisung,2500,80538,München,München,Widenmayerstraße,NA,Bayern,11.59106,48.13774,2010,NA,FALSE,Praterkraftwerk,Laufwasseranlage,NA
SEE967947956008,ABR914764874992,Wasser,"SEE966899497201, SEE940987834352, SEE987122619900, SEE935021701530, SEE967947956008, SEE901618758560",Finsing K3,Volleinspeisung,1504,85464,Erding,Finsing,Seestraße,3,Bayern,11.7997,48.2217,1924,NA,FALSE,NA,Laufwasseranlage,NA
SEE964547669994,ABR914764874992,Wasser,"SEE964547669994, SEE911141860432, SEE907623234099, SEE929896845130, SEE988531591306, SEE916044649719",Finsterau Pr(AF)1,Volleinspeisung,1300,86956,Weilheim-Schongau,Schongau,Rösenau,4,Bayern,10.9285,47.8341,1950,NA,FALSE,Finsterau,Laufwasseranlage,NA
SEE911141860432,ABR914764874992,Wasser,"SEE964547669994, SEE911141860432, SEE907623234099, SEE929896845130, SEE988531591306, SEE916044649719",Finsterau Pr(AF)2,Volleinspeisung,1300,86956,Weilheim-Schongau,Schongau,Rösenau,4,Bayern,10.9285,47.8341,1950,NA,FALSE,Finsterau,Laufwasseranlage,NA
SEE900419589533,ABR914764874992,Wasser,"SEE900419589533, SEE973320889771, SEE993345571505, SEE948303973549, SEE988199618315, SEE927287823132",Sperber Pr(AF)1,Volleinspeisung,1200,86978,Weilheim-Schongau,Hohenfurch,Am Lech,14,Bayern,10.9236,47.8621,1947,NA,FALSE,Sperber,Laufwasseranlage,NA
SEE973320889771,ABR914764874992,Wasser,"SEE900419589533, SEE973320889771, SEE993345571505, SEE948303973549, SEE988199618315, SEE927287823132",Sperber Pr(AF)2,Volleinspeisung,1200,86978,Weilheim-Schongau,Hohenfurch,Am Lech,14,Bayern,10.9236,47.8621,1947,NA,FALSE,NA,Laufwasseranlage,NA
SEE982564834379,ABR914764874992,Wasser,"SEE959715874706, SEE992196002671, SEE982564834379, SEE980276191377, SEE945845418224, SEE907673676115, SEE954199811421",Altheim K1,Volleinspeisung,5718,84051,Landshut,Essenbach,Kraftwerkstraße,22,Bayern,12.2181,48.5836,1951,NA,FALSE,Altheim,Laufwasseranlage,NA
SEE980276191377,ABR914764874992,Wasser,"SEE959715874706, SEE992196002671, SEE982564834379, SEE980276191377, SEE945845418224, SEE907673676115, SEE954199811421",Altheim K2,Volleinspeisung,5718,84051,Landshut,Essenbach,Kraftwerkstraße,22,Bayern,12.2181,48.5836,1951,NA,FALSE,Altheim,Laufwasseranlage,NA
SEE945845418224,ABR914764874992,Wasser,"SEE959715874706, SEE992196002671, SEE982564834379, SEE980276191377, SEE945845418224, SEE907673676115, SEE954199811421",Altheim K3,Volleinspeisung,5718,84051,Landshut,Essenbach,Kraftwerkstraße,22,Bayern,12.2181,48.5836,1951,NA,FALSE,Altheim,Laufwasseranlage,NA
SEE931240961458,ABR914764874992,Wasser,"SEE931240961458, SEE994123191090, SEE945677591157, SEE949853625339, SEE955674416315, SEE937486636945",Apfeldorf Pr(AF)1,Volleinspeisung,1200,86920,Landsberg am Lech,Denklingen,Bei Forchau,NA,Bayern,10.9304,47.9031,1944,NA,FALSE,Apfeldorf,Laufwasseranlage,NA
SEE994123191090,ABR914764874992,Wasser,"SEE931240961458, SEE994123191090, SEE945677591157, SEE949853625339, SEE955674416315, SEE937486636945",Apfeldorf Pr(AF)2,Volleinspeisung,1200,86920,Landsberg am Lech,Denklingen,Bei Forchau,NA,Bayern,10.9304,47.9031,1944,NA,FALSE,Apfeldorf,Laufwasseranlage,NA
SEE968055183164,ABR914764874992,Wasser,"SEE968055183164, SEE960970385661, SEE937767544112, SEE991925021754, SEE941091256856, SEE971497052936",Epfach Pr(AF)1,Volleinspeisung,1400,86920,Landsberg am Lech,Epfach,Flößerstraße,NA,Bayern,10.9115,47.9095,1948,NA,FALSE,NA,Laufwasseranlage,NA
SEE960970385661,ABR914764874992,Wasser,"SEE968055183164, SEE960970385661, SEE937767544112, SEE991925021754, SEE941091256856, SEE971497052936",Epfach Pr(AF)2,Volleinspeisung,1400,86920,Landsberg am Lech,Epfach,Flößerstraße,990,Bayern,10.9115,47.9095,1948,NA,FALSE,NA,Laufwasseranlage,NA
SEE993638704894,ABR914764874992,Wasser,"SEE993638704894, SEE963807893650, SEE932270059351, SEE918744313280, SEE978818827099, SEE927051587383",Lechblick Pr(AF)1,Volleinspeisung,1300,86920,Landsberg am Lech,Denklingen,Dr.-Manfred-Hirschvogel-Straße,16,Bayern,10.871,47.9353,1943,NA,FALSE,Lechblick,Laufwasseranlage,NA
SEE963807893650,ABR914764874992,Wasser,"SEE993638704894, SEE963807893650, SEE932270059351, SEE918744313280, SEE978818827099, SEE927051587383",Lechblick Pr(AF)2,Volleinspeisung,1300,86920,Landsberg am Lech,Denklingen,Dr.-Manfred-Hirschvogel-Straße,16,Bayern,10.871,47.9353,1943,NA,FALSE,NA,Laufwasseranlage,NA
SEE970231748524,ABR914764874992,Wasser,"SEE970231748524, SEE955601587859, SEE914555659944, SEE938714014153, SEE993153252665, SEE943352668064",Lechmühlen Pr(AF)1,Volleinspeisung,1300,86925,Landsberg am Lech,Fuchstal,Herrengasse,NA,Bayern,10.8758,47.9506,1943,NA,FALSE,Lechmühlen,Laufwasseranlage,NA
SEE955601587859,ABR914764874992,Wasser,"SEE970231748524, SEE955601587859, SEE914555659944, SEE938714014153, SEE993153252665, SEE943352668064",Lechmühlen Pr(AF)2,Volleinspeisung,1300,86925,Landsberg am Lech,Fuchstal,Herrengasse,NA,Bayern,10.8758,47.9506,1943,NA,FALSE,NA,Laufwasseranlage,NA
SEE978713223279,ABR914764874992,Wasser,"SEE978713223279, SEE912763580982, SEE981763247720, SEE959223473040, SEE907469400894, SEE916105034607",Dornstetten Pr(AF)1,Volleinspeisung,1400,86944,Landsberg am Lech,Unterdießen,NA,NA,Bayern,10.8787,47.9773,1943,NA,FALSE,Dornstetten,Laufwasseranlage,NA
SEE912763580982,ABR914764874992,Wasser,"SEE978713223279, SEE912763580982, SEE981763247720, SEE959223473040, SEE907469400894, SEE916105034607",Dornstetten Pr(AF)2,Volleinspeisung,1400,86944,Landsberg am Lech,Unterdießen,NA,NA,Bayern,10.8787,47.9773,1943,NA,FALSE,Dornstetten,Laufwasseranlage,NA
SEE965436607783,ABR914764874992,Wasser,"SEE965436607783, SEE918418425370, SEE920841603935, SEE953875897209, SEE990579437850, SEE913070705747",Pitzling Pr(AF)1,Volleinspeisung,1300,86899,Landsberg am Lech,Landsberg,Andernach,NA,Bayern,10.8764,48.0092,1944,NA,FALSE,Pitzling,Laufwasseranlage,NA
SEE918418425370,ABR914764874992,Wasser,"SEE965436607783, SEE918418425370, SEE920841603935, SEE953875897209, SEE990579437850, SEE913070705747",Pitzling Pr(AF)2,Volleinspeisung,1300,86899,Landsberg am Lech,Landsberg,Andernach,NA,Bayern,10.8764,48.0092,1944,NA,FALSE,Pitzling,Laufwasseranlage,NA
SEE919874990334,ABR914764874992,Wasser,"SEE919874990334, SEE963159143878, SEE997276286897, SEE941518167338, SEE901637934099, SEE923862420826",Landsberg Pr(AF)1,Volleinspeisung,1300,86899,Landsberg am Lech,Landsberg,Am Englischen Garten,NA,Bayern,10.8719,48.0342,1943,NA,FALSE,Landsberg,Laufwasseranlage,NA
SEE963159143878,ABR914764874992,Wasser,"SEE919874990334, SEE963159143878, SEE997276286897, SEE941518167338, SEE901637934099, SEE923862420826",Landsberg Pr(AF)2,Volleinspeisung,1300,86899,Landsberg am Lech,Landsberg,Am Englischen Garten,NA,Bayern,10.8719,48.0342,1943,NA,FALSE,NA,Laufwasseranlage,NA
SEE932259668697,ABR914764874992,Wasser,"SEE932259668697, SEE934999181948, SEE940552188637",Unterbergen K(Ro)1,Volleinspeisung,4700,86511,Aichach-Friedberg,Schmiechen,Lechfeldstraße,NA,Bayern,10.9259,48.2377,1983,NA,FALSE,NA,Laufwasseranlage,NA
SEE934999181948,ABR914764874992,Wasser,"SEE932259668697, SEE934999181948, SEE940552188637",Unterbergen K(Ro)2,Volleinspeisung,4700,86511,Aichach-Friedberg,Schmiechen,Lechfeldstraße,NA,Bayern,10.9259,48.2377,1983,NA,FALSE,NA,Laufwasseranlage,NA
SEE940552188637,ABR914764874992,Wasser,"SEE932259668697, SEE934999181948, SEE940552188637",Unterbergen K(Ro)3,Volleinspeisung,4700,86511,Aichach-Friedberg,Schmiechen,Lechfeldstraße,NA,Bayern,10.9259,48.2377,1983,NA,FALSE,NA,Laufwasseranlage,NA
SEE900963630248,ABR914764874992,Wasser,"SEE900963630248, SEE980892645759, SEE902745894848, SEE979394589432",Aufkirchen D F1,Volleinspeisung,9000,85445,Erding,Oberding,Bayernwerkstraße,1,Bayern,11.8583,48.3047,1924,NA,FALSE,Aufkirchen,Laufwasseranlage,NA
SEE982462684892,ABR914764874992,Wasser,"SEE923058511512, SEE901248773803, SEE982462684892",Ettling K1,Volleinspeisung,4100,94522,Dingolfing-Landau,Wallersdorf,Kraftwerkstr.,1,Bayern,12.7943,48.6953,1988,NA,FALSE,NA,Laufwasseranlage,NA
SEE926125006225,ABR914764874992,Wasser,"SEE930248546148, SEE949049420311, SEE926125006225",Landau K2,Volleinspeisung,4200,94431,Dingolfing-Landau,Pilsting,Stauseestraße,1,Bayern,12.6602,48.6681,1984,NA,FALSE,Landau,Laufwasseranlage,NA
SEE980892645759,ABR914764874992,Wasser,"SEE900963630248, SEE980892645759, SEE902745894848, SEE979394589432",Aufkirchen D F2,Volleinspeisung,9000,85445,Erding,Oberding,Bayernwerkstraße,1,Bayern,11.8583,48.3047,1924,NA,FALSE,Aufkirchen,Laufwasseranlage,NA
SEE902745894848,ABR914764874992,Wasser,"SEE900963630248, SEE980892645759, SEE902745894848, SEE979394589432",Aufkirchen E F1,Volleinspeisung,9000,85445,Erding,Oberding,Bayernwerkstraße,1,Bayern,11.8583,48.3047,1924,NA,FALSE,Aufkirchen,Laufwasseranlage,NA
SEE906074606738,ABR914764874992,Wasser,"SEE906074606738, SEE956908340703, SEE937685363109, SEE902444234136",Eitting D F1,Volleinspeisung,9000,85462,Erding,Eitting,Am Moosrain,10,Bayern,11.8819,48.359,1925,NA,FALSE,Eitting,Laufwasseranlage,NA
SEE956908340703,ABR914764874992,Wasser,"SEE906074606738, SEE956908340703, SEE937685363109, SEE902444234136",Eitting D F2,Volleinspeisung,9000,85462,Erding,Eitting,Am Moosrain,10,Bayern,11.8819,48.359,1925,NA,FALSE,Eitting,Laufwasseranlage,NA
SEE996794687834,ABR914764874992,Wasser,"SEE909007092769, SEE935359739632, SEE996794687834",Merching K(Ro)2,Volleinspeisung,4500,86504,Aichach-Friedberg,Merching,Friedenaustraße,NA,Bayern,10.9374,48.2659,1978,NA,FALSE,Merching,Laufwasseranlage,NA
SEE942874408851,ABR913566443917,Wasser,"SEE942874408851, SEE928008659436",Wasserkraft Auer T1 780KVA,Volleinspeisung,1560,83352,Traunstein,Altenmarkt,Wasserburger Straße,9,Bayern,12.532665,48.004396,2011,NA,FALSE,Elektrizitätswerk Auer Gmbh＆Co.KG,Laufwasseranlage,NA
SEE951973048226,ABR961097002011,Wasser,"SEE951973048226, SEE959488903122, SEE916491118639",Hengsen WKA Generator 1,Teileinspeisung (einschließlich Eigenverbrauch),1500,58239,Unna,Schwerte,Zum Kellerbach,52,Nordrhein-Westfalen,7.637769,51.458982,2013,NA,FALSE,NA,Laufwasseranlage,NA
SEE959488903122,ABR961097002011,Wasser,"SEE951973048226, SEE959488903122, SEE916491118639",Hengsen WKA Generator 2,Teileinspeisung (einschließlich Eigenverbrauch),1500,58239,Unna,Schwerte,Zum Kellerbach,52,Nordrhein-Westfalen,7.63768,51.458952,2013,NA,FALSE,NA,Laufwasseranlage,NA
SEE902741184738,ABR990790479998,Wasser,SEE902741184738,Wasserkraftwerk Kranzberg e.K.,Volleinspeisung,2500,85402,Freising,Kranzberg,Flurstraße,41,Bayern,12.243346,48.85763,1910,NA,FALSE,NA,Laufwasseranlage,NA
SEE906084256275,ABR916198639970,Wasser,SEE906084256275,WKW Freital I,Volleinspeisung,1130,01705,Sächsische Schweiz-Osterzgebirge,Freital,Rabenauer Grund,1,Sachsen,13.623583,50.9685,2012,NA,FALSE,WKW Freital I,Laufwasseranlage,NA
SEE974122433711,ABR916198639970,Wasser,SEE974122433711,WKW Tharandt I,Volleinspeisung,1660,01737,Sächsische Schweiz-Osterzgebirge,Tharandt,Pienner Straße,62,Sachsen,13.582696,50.970895,2013,NA,FALSE,WKW Tharandt I,Laufwasseranlage,NA
SEE979394589432,ABR914764874992,Wasser,"SEE900963630248, SEE980892645759, SEE902745894848, SEE979394589432",Aufkirchen E F2,Volleinspeisung,9000,85445,Erding,Oberding,Bayernwerkstraße,1,Bayern,11.8583,48.3047,1924,NA,FALSE,Aufkirchen,Laufwasseranlage,NA
SEE937685363109,ABR914764874992,Wasser,"SEE906074606738, SEE956908340703, SEE937685363109, SEE902444234136",Eitting E F1,Volleinspeisung,9000,85462,Erding,Eitting,Am Moosrain,10,Bayern,11.8819,48.359,1925,NA,FALSE,Eitting,Laufwasseranlage,NA
SEE902444234136,ABR914764874992,Wasser,"SEE906074606738, SEE956908340703, SEE937685363109, SEE902444234136",Eitting E F2,Volleinspeisung,9000,85462,Erding,Eitting,Am Moosrain,10,Bayern,11.8819,48.359,1925,NA,FALSE,Eitting,Laufwasseranlage,NA
SEE906382407782,ABR914764874992,Wasser,"SEE906382407782, SEE967003406416, SEE948865320546, SEE928579781840, SEE926693191903, SEE912494745674, SEE966014390042, SEE913336549115",Pfrombach D F7,Volleinspeisung,4380,85368,Freising,Moosburg,Am Kraftwerk,1,Bayern,11.9922,48.4417,1929,NA,FALSE,NA,Laufwasseranlage,NA
SEE967003406416,ABR914764874992,Wasser,"SEE906382407782, SEE967003406416, SEE948865320546, SEE928579781840, SEE926693191903, SEE912494745674, SEE966014390042, SEE913336549115",Pfrombach D F2,Volleinspeisung,4380,85368,Freising,Moosburg,Am Kraftwerk,1,Bayern,11.9922,48.4417,1929,NA,FALSE,NA,Laufwasseranlage,NA
SEE948865320546,ABR914764874992,Wasser,"SEE906382407782, SEE967003406416, SEE948865320546, SEE928579781840, SEE926693191903, SEE912494745674, SEE966014390042, SEE913336549115",Pfrombach D F1,Volleinspeisung,4380,85368,Freising,Moosburg,Am Kraftwerk,1,Bayern,11.9922,48.4417,1929,NA,FALSE,NA,Laufwasseranlage,NA
SEE928579781840,ABR914764874992,Wasser,"SEE906382407782, SEE967003406416, SEE948865320546, SEE928579781840, SEE926693191903, SEE912494745674, SEE966014390042, SEE913336549115",Pfrombach D F3,Volleinspeisung,4380,85368,Freising,Moosburg,Am Kraftwerk,1,Bayern,11.9922,48.4417,1929,NA,FALSE,NA,Laufwasseranlage,NA
SEE926693191903,ABR914764874992,Wasser,"SEE906382407782, SEE967003406416, SEE948865320546, SEE928579781840, SEE926693191903, SEE912494745674, SEE966014390042, SEE913336549115",Pfrombach D F4,Volleinspeisung,4380,85368,Freising,Moosburg,Am Kraftwerk,1,Bayern,11.9922,48.4417,1929,NA,FALSE,NA,Laufwasseranlage,NA
SEE912494745674,ABR914764874992,Wasser,"SEE906382407782, SEE967003406416, SEE948865320546, SEE928579781840, SEE926693191903, SEE912494745674, SEE966014390042, SEE913336549115",Pfrombach E F8,Volleinspeisung,14000,85368,Freising,Moosburg,Am Kraftwerk,1,Bayern,11.9922,48.4417,1929,NA,FALSE,Pfrombach,Laufwasseranlage,NA
SEE997722783727,ABR914764874992,Wasser,"SEE997722783727, SEE938443144244",Dornau K1,Volleinspeisung,12000,86956,Weilheim-Schongau,Schongau,Lechuferstraße,21,Bayern,10.9041,47.8001,1960,NA,FALSE,Dornau,Laufwasseranlage,NA
SEE938443144244,ABR914764874992,Wasser,"SEE997722783727, SEE938443144244",Dornau K2,Volleinspeisung,6200,86956,Weilheim-Schongau,Schongau,Lechuferstraße,21,Bayern,10.9041,47.8001,1960,NA,FALSE,Dornau,Laufwasseranlage,NA
SEE943459066435,ABR958511586448,Wasser,SEE943459066435,Eisenbahnerwehr,Volleinspeisung,3200,86163,Augsburg,Augsburg,Lechrainstraße,NA,Bayern,10.938161,48.35688,2006,NA,FALSE,Eisenbahnerwehr,Laufwasseranlage,NA
SEE973735100829,ABR914764874992,Wasser,"SEE973735100829, SEE988003538396",Obernau K1,Volleinspeisung,1600,63843,Miltenberg,Niedernberg,Stückerweg,200,Bayern,9.12748,49.9325,1930,NA,FALSE,NA,Laufwasseranlage,NA
SEE988003538396,ABR914764874992,Wasser,"SEE973735100829, SEE988003538396",Obernau K2,Volleinspeisung,1600,63843,Miltenberg,Niedernberg,Stückerweg,200,Bayern,9.12748,49.9325,1930,NA,FALSE,NA,Laufwasseranlage,NA
SEE966547123742,ABR914764874992,Wasser,"SEE966547123742, SEE945544560750",Wallstadt K1,Volleinspeisung,1700,63839,Miltenberg,Kleinwallstadt,Schleusenweg,6,Bayern,9.16192,49.8684,1930,NA,FALSE,NA,Laufwasseranlage,NA
SEE945544560750,ABR914764874992,Wasser,"SEE966547123742, SEE945544560750",Wallstadt K2,Volleinspeisung,1700,63839,Miltenberg,Kleinwallstadt,Schleusenstraße,6,Bayern,9.16192,49.8684,1930,NA,FALSE,NA,Laufwasseranlage,NA
SEE948449553322,ABR914764874992,Wasser,"SEE948449553322, SEE976432696626",Klingenberg K1,Volleinspeisung,1500,63911,Miltenberg,Klingenberg,Wilhelmstraße,40,Bayern,9.18274,49.7788,2005,NA,FALSE,NA,Laufwasseranlage,NA
SEE976432696626,ABR914764874992,Wasser,"SEE948449553322, SEE976432696626",Klingenberg K2,Volleinspeisung,1500,63911,Miltenberg,Klingenberg,Wilhelmstraße,40,Bayern,9.18274,49.7788,2005,NA,FALSE,NA,Laufwasseranlage,NA
SEE996346947409,ABR914764874992,Wasser,"SEE996346947409, SEE929187763228",Heubach K1,Volleinspeisung,1700,63920,Miltenberg,Großheubach,Staustufe,3,Bayern,9.23302,49.7138,2007,NA,FALSE,NA,Laufwasseranlage,NA
SEE929187763228,ABR914764874992,Wasser,"SEE996346947409, SEE929187763228",Heubach K2,Volleinspeisung,1700,63920,Miltenberg,Großheubach,Staustufe,3,Bayern,9.23302,49.7138,1932,NA,FALSE,NA,Laufwasseranlage,NA
SEE951849600299,ABR914764874992,Wasser,"SEE951849600299, SEE947151545007",Faulbach K1,Volleinspeisung,2050,97877,Main-Tauber-Kreis,Wertheim,Nibelungenstraße,115,Baden-Württemberg,9.43853,49.7802,1939,NA,FALSE,NA,Laufwasseranlage,NA
SEE947151545007,ABR914764874992,Wasser,"SEE951849600299, SEE947151545007",Faulbach K2,Volleinspeisung,2050,97877,Main-Tauber-Kreis,Wertheim,Nibelungenstraße,NA,Baden-Württemberg,9.43853,49.7802,1939,NA,FALSE,NA,Laufwasseranlage,NA
SEE967088738358,ABR914764874992,Wasser,"SEE967088738358, SEE973858167631",Eichel K1,Volleinspeisung,1550,97892,Main-Spessart,Kreuzwertheim,Bahnhofstraße,NA,Bayern,9.55451,49.7557,1939,NA,FALSE,NA,Laufwasseranlage,NA
SEE969439735917,ABR938879346625,Wasser,SEE969439735917,Wasserkraftwerk Ludwigswehr,Teileinspeisung (einschließlich Eigenverbrauch),1550,84028,Landshut,Landshut,Badstraße,1,Bayern,12.148776,48.536805,1982,NA,FALSE,Wasserkraftwerk Ludwigswehr,Laufwasseranlage,NA
SEE973858167631,ABR914764874992,Wasser,"SEE967088738358, SEE973858167631",Eichel K2,Volleinspeisung,1550,97892,Main-Spessart,Kreuzwertheim,Bahnhofstraße,1,Bayern,9.55451,49.7557,1939,NA,FALSE,NA,Laufwasseranlage,NA
SEE957614189266,ABR914764874992,Wasser,"SEE957614189266, SEE955270885751",Lengfurt K1,Volleinspeisung,1300,97855,Main-Spessart,Triefenstein,Bahnhofstraße,37,Bayern,9.5926,49.8105,1940,NA,FALSE,NA,Laufwasseranlage,NA
SEE955270885751,ABR914764874992,Wasser,"SEE957614189266, SEE955270885751",Lengfurt K2,Volleinspeisung,1300,97855,Main-Spessart,Triefenstein,Bahnhofstraße,37,Bayern,9.5926,49.8105,1940,NA,FALSE,NA,Laufwasseranlage,NA
SEE963972158493,ABR914764874992,Wasser,"SEE963972158493, SEE951472006123, SEE912637892661",Rothenfels K1,Volleinspeisung,2100,97851,Main-Spessart,Rothenfels,An der Staatsstraße,NA,Bayern,9.5863,49.9001,1939,NA,FALSE,NA,Laufwasseranlage,NA
SEE951472006123,ABR914764874992,Wasser,"SEE963972158493, SEE951472006123, SEE912637892661",Rothenfels K2,Volleinspeisung,2100,97851,Main-Spessart,Rothenfels,An der Staatsstraße,NA,Bayern,9.5863,49.9001,2020,NA,FALSE,NA,Laufwasseranlage,NA
SEE953557008725,ABR914764874992,Wasser,"SEE953557008725, SEE953584327523",Steinbach K1,Volleinspeisung,2100,97816,Main-Spessart,Lohr,Sackenbacher Straße,0,Bayern,9.60477,50.0129,1939,NA,FALSE,NA,Laufwasseranlage,NA
SEE953584327523,ABR914764874992,Wasser,"SEE953557008725, SEE953584327523",Steinbach K2,Volleinspeisung,2100,97816,Main-Spessart,Lohr,Sackenbacher Straße,0,Bayern,9.60477,50.0129,1939,NA,FALSE,NA,Laufwasseranlage,NA
SEE969823541339,ABR914764874992,Wasser,SEE969823541339,Harrbach K1,Volleinspeisung,3000,97753,Main-Spessart,Karlstadt,Am Bahnhof,1,Bayern,9.7188,50.0008,2011,NA,FALSE,NA,Laufwasseranlage,NA
SEE946384157988,ABR914764874992,Wasser,SEE946384157988,Himmelstadt K1,Volleinspeisung,2500,97267,Main-Spessart,Himmelstadt,Kraftwerkstraße,12 b,Bayern,9.8035,49.9211,1940,NA,FALSE,NA,Laufwasseranlage,NA
SEE972645013168,ABR914764874992,Wasser,SEE972645013168,Erlabrunn K1,Volleinspeisung,2700,97250,Würzburg,Erlabrunn,Schleusenweg,NA,Bayern,9.85312,49.8553,1934,NA,FALSE,NA,Laufwasseranlage,NA
SEE992718763905,ABR938879346625,Wasser,SEE992718763905,Wasserkraftwerk Maxwehr,Teileinspeisung (einschließlich Eigenverbrauch),4980,84028,Landshut,Landshut,Bauhofstraße,5 c,Bayern,12.154945,48.54003,1955,NA,FALSE,Wasserkraftwerk Maxwehr,Laufwasseranlage,NA
SEE959238736178,ABR914764874992,Wasser,"SEE959238736178, SEE954739051270",Limbach K1,Volleinspeisung,1850,97483,Haßberge,Eltmann,Schifferweg,1,Bayern,10.646,49.9794,1951,NA,FALSE,NA,Laufwasseranlage,NA
SEE954739051270,ABR914764874992,Wasser,"SEE959238736178, SEE954739051270",Limbach K2,Volleinspeisung,1850,97483,Haßberge,Eltmann,Schifferweg,1,Bayern,10.646,49.9794,1951,NA,FALSE,NA,Laufwasseranlage,NA
SEE957652368142,ABR996908337280,Wasser,"SEE957652368142, SEE955087943149, SEE900757418854, SEE918404708951",KW-Hirschsprung_T1,Volleinspeisung,1700,95100,Wunsiedel i. Fichtelgebirge,Selb,Hirschsprung,1,Bayern,12.15772,50.119909,2006,NA,FALSE,NA,Laufwasseranlage,NA
SEE925696034736,ABR914764874992,Wasser,"SEE925696034736, SEE939729147911",Forchheim K (Ro)1,Volleinspeisung,1550,91301,Forchheim,Forchheim,Zur Staustufe,11,Bayern,11.0437,49.7408,2000,NA,FALSE,NA,Laufwasseranlage,NA
SEE939729147911,ABR914764874992,Wasser,"SEE925696034736, SEE939729147911",Forchheim K (Ro)2,Volleinspeisung,1550,91301,Forchheim,Forchheim,Zur Staustufe,11,Bayern,11.0437,49.7408,2000,NA,FALSE,NA,Laufwasseranlage,NA
SEE973911109639,ABR914764874992,Wasser,"SEE973911109639, SEE951454599278",Randersacker K1,Volleinspeisung,1100,97084,Würzburg,Würzburg,Winterhäuser Straße,109 c,Bayern,9.9793,49.753,2011,NA,FALSE,NA,Laufwasseranlage,NA
SEE951454599278,ABR914764874992,Wasser,"SEE973911109639, SEE951454599278",Randersacker K2,Volleinspeisung,1100,97084,Würzburg,Würzburg,Winterhäuser Straße,109 c,Bayern,9.9793,49.753,2011,NA,FALSE,NA,Laufwasseranlage,NA
SEE906209130107,ABR914764874992,Wasser,"SEE906209130107, SEE931844300899",Marktbreit K1,Volleinspeisung,1050,97340,Kitzingen,Marktbreit,Ochsenfurter Straße,68,Bayern,10.1246,49.6661,1955,NA,FALSE,NA,Laufwasseranlage,NA
SEE931844300899,ABR914764874992,Wasser,"SEE906209130107, SEE931844300899",Marktbreit K2,Volleinspeisung,1050,97340,Kitzingen,Marktbreit,Ochsenfurter Straße,68,Bayern,10.1246,49.6661,1955,NA,FALSE,NA,Laufwasseranlage,NA
SEE966734086836,ABR914764874992,Wasser,"SEE966734086836, SEE941370920362",Kitzingen K1,Volleinspeisung,1500,97318,Kitzingen,Kitzingen,An der Staustufe,5,Bayern,10.1537,49.7213,2012,NA,FALSE,NA,Laufwasseranlage,NA
SEE941370920362,ABR914764874992,Wasser,"SEE966734086836, SEE941370920362",Kitzingen K2,Volleinspeisung,1500,97318,Kitzingen,Kitzingen,An der Staustufe,5,Bayern,10.1537,49.7213,2012,NA,FALSE,NA,Laufwasseranlage,NA
SEE923486608952,ABR914764874992,Wasser,"SEE923486608952, SEE977833271375",Dettelbach K1,Volleinspeisung,2100,97337,Kitzingen,Dettelbach,An der Staustufe,NA,Bayern,10.1812,49.794,1958,NA,FALSE,NA,Laufwasseranlage,NA
SEE977833271375,ABR914764874992,Wasser,"SEE923486608952, SEE977833271375",Dettelbach K2,Volleinspeisung,2100,97337,Kitzingen,Dettelbach,An der Staustufe,NA,Bayern,10.1812,49.794,1958,NA,FALSE,NA,Laufwasseranlage,NA
SEE926289193182,ABR914764874992,Wasser,SEE926289193182,Gerlachshausen K1,Volleinspeisung,2400,97359,Kitzingen,Schwarzach,Schweinfurter Straße,122,Bayern,10.2217,49.818600000000004,1957,NA,FALSE,NA,Laufwasseranlage,NA
SEE934189010102,ABR926924870508,Wasser,"SEE934189010102, SEE987146503971, SEE991447237619, SEE932034678705",WKA Schongau Generator 1,Teileinspeisung (einschließlich Eigenverbrauch),1162,86956,Weilheim-Schongau,Schongau,Friedrich-Haindl-Straße,10,Bayern,10.902341,47.808151,2000,NA,FALSE,Wasserkraftanlage,Laufwasseranlage,NA
SEE963175010048,ABR914764874992,Wasser,SEE963175010048,Volkach K1,Volleinspeisung,1500,97332,Kitzingen,Volkach,Am Hallburger Wehr,1,Bayern,10.2202,49.8599,1957,NA,FALSE,NA,Laufwasseranlage,NA
SEE909953605891,ABR914764874992,Wasser,"SEE909953605891, SEE925076359084",Wipfeld K1,Volleinspeisung,1600,97537,Schweinfurt,Wipfeld,Obereisenheimer Straße,17,Bayern,10.1816,49.9116,1951,NA,FALSE,NA,Laufwasseranlage,NA
SEE925076359084,ABR914764874992,Wasser,"SEE909953605891, SEE925076359084",Wipfeld K2,Volleinspeisung,1600,97537,Schweinfurt,Wipfeld,Obereisenheimer Straße,17,Bayern,10.1816,49.9116,1951,NA,FALSE,NA,Laufwasseranlage,NA
SEE958006666853,ABR914764874992,Wasser,"SEE958006666853, SEE919447246097",Garstadt K1,Volleinspeisung,2000,97493,Schweinfurt,Bergrheinfeld,Schleusenweg,3,Bayern,10.1777,49.9788,1956,NA,FALSE,NA,Laufwasseranlage,NA
SEE919447246097,ABR914764874992,Wasser,"SEE958006666853, SEE919447246097",Garstadt K2,Volleinspeisung,2000,97493,Schweinfurt,Bergrheinfeld,Schleusenweg,3,Bayern,10.1777,49.9788,1956,NA,FALSE,NA,Laufwasseranlage,NA
SEE920306050854,ABR914764874992,Wasser,"SEE920306050854, SEE978662552659",Knetzgau K1,Volleinspeisung,1500,97478,Haßberge,Knetzgau,Alte Fährstraße,15,Bayern,10.5509,49.9998,1960,NA,FALSE,NA,Laufwasseranlage,NA
SEE978662552659,ABR914764874992,Wasser,"SEE920306050854, SEE978662552659",Knetzgau K2,Volleinspeisung,1500,97478,Haßberge,Knetzgau,Alte Fährstraße,15,Bayern,10.5509,49.9998,1960,NA,FALSE,NA,Laufwasseranlage,NA
SEE971442831029,ABR987818723812,Wasser,"SEE971442831029, SEE916012836226",Kraftwerk Illerursprung,Volleinspeisung,1680,87561,Oberallgäu,Oberstdorf,Karweidach,1,Bayern,10.278251,47.429242,2020,NA,FALSE,NA,Laufwasseranlage,NA
SEE955164569354,ABR999733704708,Wasser,SEE955164569354,KW Rottenacker,Volleinspeisung,1132,89616,Alb-Donau-Kreis,Rottenacker,Bahnhofstraße,2 1,Baden-Württemberg,9.691386,48.232693,2007,NA,FALSE,NA,Laufwasseranlage,NA
SEE934892683617,ABR914764874992,Wasser,"SEE934892683617, SEE914184029613",Ottendorf K1,Volleinspeisung,3150,97503,Haßberge,Gädheim,Wasserkraftwerk Ottendorf,1,Bayern,10.3793,50.0155,1962,NA,FALSE,LW Ottendorf RMD,Laufwasseranlage,NA
SEE914184029613,ABR914764874992,Wasser,"SEE934892683617, SEE914184029613",Ottendorf K2,Volleinspeisung,3150,97503,Haßberge,Gädheim,Wasserkraftwerk Ottendorf,1,Bayern,10.3793,50.0155,1962,NA,FALSE,LW Ottendorf RMD,Laufwasseranlage,NA
SEE971671917280,ABR914764874992,Wasser,"SEE971671917280, SEE942758458804, SEE962082581726",Hirschaid F1,Volleinspeisung,1300,96129,Bamberg,Strullendorf,Am Kraftwerk,1,Bayern,10.9615,49.8325,1923,NA,FALSE,NA,Laufwasseranlage,NA
SEE942758458804,ABR914764874992,Wasser,"SEE971671917280, SEE942758458804, SEE962082581726",Hirschaid F2,Volleinspeisung,1300,96129,Bamberg,Strullendorf,Am Kraftwerk,1,Bayern,10.9615,49.8325,2020,NA,FALSE,NA,Speicherwasseranlage,NA
SEE962082581726,ABR914764874992,Wasser,"SEE971671917280, SEE942758458804, SEE962082581726",Hirschaid F3,Volleinspeisung,1300,96129,Bamberg,Strullendorf,Am Kraftwerk,1,Bayern,10.9615,49.8325,1923,NA,FALSE,NA,Laufwasseranlage,NA
SEE920333592006,ABR907506418141,Wasser,"SEE920333592006, SEE914815331221, SEE983609692084",Bad Abbach K1,Volleinspeisung,3200,93077,Kelheim,Bad Abbach,Brückenstraße,2,Bayern,12.0129,48.9259,1978,NA,FALSE,LW Bad Abbach RMD,Laufwasseranlage,NA
SEE914815331221,ABR907506418141,Wasser,"SEE920333592006, SEE914815331221, SEE983609692084",TW Abbach (Ro) K1,Volleinspeisung,3600,93077,Kelheim,Bad Abbach,Inselstraße,1,Bayern,12.0188,48.945,2000,NA,FALSE,LW TW Abbach RMD,Laufwasseranlage,NA
SEE983609692084,ABR907506418141,Wasser,"SEE920333592006, SEE914815331221, SEE983609692084",Bad Abbach K2,Volleinspeisung,3200,93077,Kelheim,Bad Abbach,Brückenstraße,2,Bayern,12.0129,48.9259,1978,NA,FALSE,LW Bad Abbach RMD,Laufwasseranlage,NA
SEE967568340279,ABR999733704708,Wasser,SEE967568340279,WKW Felsenwehr,Volleinspeisung,2880,87437,Kempten (Allgäu),Kempten,Albert-Einstein-Straße,18,Bayern,10.318561,47.69813,2011,NA,FALSE,NA,Laufwasseranlage,NA
SEE933647139935,ABR907506418141,Wasser,"SEE933647139935, SEE976392258995, SEE918271567637",Geisling K1,Volleinspeisung,8333,93102,Regensburg,Pfatter,Wiesenweg,100,Bayern,12.3441,48.9739,1985,NA,FALSE,NA,Laufwasseranlage,NA
SEE976392258995,ABR907506418141,Wasser,"SEE933647139935, SEE976392258995, SEE918271567637",Geisling K2,Volleinspeisung,8333,93102,Regensburg,Pfatter,Wiesenweg,100,Bayern,12.3441,48.9739,1985,NA,FALSE,NA,Laufwasseranlage,NA
SEE918271567637,ABR907506418141,Wasser,"SEE933647139935, SEE976392258995, SEE918271567637",Geisling K3,Volleinspeisung,8333,93102,Regensburg,Pfatter,Wiesenweg,100,Bayern,12.3441,48.9739,1985,NA,FALSE,NA,Laufwasseranlage,NA
SEE906833955756,ABR915078705217,Wasser,"SEE906833955756, SEE956181405151",Wasserkraft Henne M1,Teileinspeisung (einschließlich Eigenverbrauch),1500,59872,Hochsauerlandkreis,Meschede,Talsperrenstraße,901 Z,Nordrhein-Westfalen,8.269829,51.338132,1956,NA,FALSE,Wasserkraft Henne M1,Speicherwasseranlage,NA
SEE914255494401,ABR968112198223,Wasser,"SEE914255494401, SEE978513264274",KW Hilpoltstein,Volleinspeisung,3300,91161,Roth,Hilpoltstein,An der Kanalschleuse,NA,Bayern,11.224305,49.194762,1993,NA,FALSE,KW Hilpoltstein,Laufwasseranlage,NA
SEE958904516366,ABR968112198223,Wasser,SEE958904516366,KW Leerstetten,Teileinspeisung (einschließlich Eigenverbrauch),1093,90596,Roth,Schwanstetten,Schleuse,1,Bayern,11.109383,49.291733,2013,NA,FALSE,NA,Laufwasseranlage,NA
SEE935560628848,ABR907506418141,Wasser,"SEE935560628848, SEE967078876749, SEE954281393200",Straubing K1,Volleinspeisung,7166.66,94315,Straubing,Straubing,Kagerser Hauptstraße,164,Bayern,12.5562,48.8966,1994,NA,FALSE,LW Straubing RMD,Laufwasseranlage,NA
SEE967078876749,ABR907506418141,Wasser,"SEE935560628848, SEE967078876749, SEE954281393200",Straubing K2,Volleinspeisung,7166.66,94315,Straubing,Straubing,Kagerser Hauptstraße,164,Bayern,12.5562,48.8966,1994,NA,FALSE,LW Straubling RMD,Laufwasseranlage,NA
SEE954281393200,ABR907506418141,Wasser,"SEE935560628848, SEE967078876749, SEE954281393200",Straubing K3,Volleinspeisung,7166.66,94315,Straubing,Straubing,Kagerser Hauptstraße,164,Bayern,12.5562,48.8966,1994,NA,FALSE,LW Straubing  RMD,Laufwasseranlage,NA
SEE961721463447,ABR989228118929,Wasser,"SEE961721463447, SEE986717695909, SEE911869851446, SEE921533796287",WKW Pleidelsheim Turbine 1,Volleinspeisung,1100,74385,Ludwigsburg,Pleidelsheim,An der Mundelsheimer Str.,NA,Baden-Württemberg,9.202174,48.970201,1915,NA,FALSE,WKW Pleidelsheim,Laufwasseranlage,NA
SEE986717695909,ABR989228118929,Wasser,"SEE961721463447, SEE986717695909, SEE911869851446, SEE921533796287",WKW Pleidelsheim Turbine 2,Volleinspeisung,1100,74385,Ludwigsburg,Pleidelsheim,An der Mundelsheimer Str.,NA,Baden-Württemberg,9.202174,48.970201,1915,NA,FALSE,WKW Pleidelsheim,Laufwasseranlage,NA
SEE911869851446,ABR989228118929,Wasser,"SEE961721463447, SEE986717695909, SEE911869851446, SEE921533796287",WKW Pleidelsheim Turbine 3,Volleinspeisung,1100,74385,Ludwigsburg,Pleidelsheim,An der Mundelsheimer Str.,NA,Baden-Württemberg,9.202174,48.970201,1915,NA,FALSE,WKW Pleidelsheim,Laufwasseranlage,NA
SEE921533796287,ABR989228118929,Wasser,"SEE961721463447, SEE986717695909, SEE911869851446, SEE921533796287",WKW Pleidelsheim Turbine 4,Volleinspeisung,1100,74385,Ludwigsburg,Pleidelsheim,An der Mundelsheimer Str.,NA,Baden-Württemberg,9.202174,48.970201,1915,NA,FALSE,WKW Pleidelsheim,Laufwasseranlage,NA
SEE944905384776,ABR989228118929,Wasser,SEE944905384776,Wasserkraftwerk Cramberg,Volleinspeisung,3630,65558,Rhein-Lahn-Kreis,Cramberg,Am Kraftwerk,0,Rheinland-Pfalz,7.950302,50.337274,1926,NA,FALSE,NA,Laufwasseranlage,NA
SEE997960181545,ABR943890275502,Wasser,SEE997960181545,Kraftwerk Kahlenberg Generator 2,Teileinspeisung (einschließlich Eigenverbrauch),2300,45468,Mülheim an der Ruhr,Mülheim,Ruhrinselweg,1,Nordrhein-Westfalen,6.875457,51.421685,1989,NA,FALSE,Kraftwerk Kahlenberg,Laufwasseranlage,NA
SEE923086225696,ABR943890275502,Wasser,SEE923086225696,Kraftwerk Kahlenberg Generator 3,Teileinspeisung (einschließlich Eigenverbrauch),3000,45479,Mülheim an der Ruhr,Mülheim,Ruhrinselweg,1,Nordrhein-Westfalen,6.875478,51.42164,2000,NA,FALSE,Kraftwerk Kahlenberg,Laufwasseranlage,NA
SEE903247354816,ABR989228118929,Wasser,SEE903247354816,Wasserkraftwerk Kalkofen,Volleinspeisung,1728,56379,Rhein-Lahn-Kreis,Dörnberg,Lahnstraße,NA,Rheinland-Pfalz,7.896656,50.313008,1955,NA,FALSE,Wasserkraftwerk Kalkofen,Laufwasseranlage,NA
SEE999978461985,ABR989228118929,Wasser,SEE999978461985,Wasserkraftwerk Nassau,Volleinspeisung,1400,56377,Rhein-Lahn-Kreis,Nassau,Koppelheck,NA,Rheinland-Pfalz,7.787703,50.316512,1985,NA,FALSE,Wasserkraftwerk Nassau,Laufwasseranlage,NA
SEE936951085240,ABR989228118929,Wasser,SEE936951085240,Wasserkraftwerk Dausenau,Volleinspeisung,1400,56132,Rhein-Lahn-Kreis,Dausenau,An der Schleuse,NA,Rheinland-Pfalz,7.744362,50.320872,1986,NA,FALSE,Wasserkraftwerk Dausenau,Laufwasseranlage,NA
SEE976649073463,ABR989228118929,Wasser,SEE976649073463,Wasserkraftwerk Lahnstein,Volleinspeisung,1728,56112,Rhein-Lahn-Kreis,Lahnstein,Hohenrhein,NA,Rheinland-Pfalz,7.617079,50.307416,1957,NA,FALSE,Wasserkraftwerk Lahnstein,Laufwasseranlage,NA
SEE974692629507,ABR989228118929,Wasser,SEE974692629507,Wasserkraftwerk Altwied,Volleinspeisung,1200,56567,Neuwied,Neuwied,Im Wiedtal,NA,Rheinland-Pfalz,7.471168,50.482558,1912,NA,FALSE,Wasserkraftwerk Altwied,Laufwasseranlage,NA
SEE901119308769,ABR914764874992,Wasser,"SEE901119308769, SEE978220018726, SEE904144531522, SEE903345407018",Viereth K1,Volleinspeisung,2900,96191,Bamberg,Viereth-Trunstadt,Schleuse,3,Bayern,10.7875,49.9249,2007,NA,FALSE,NA,Laufwasseranlage,NA
SEE978220018726,ABR914764874992,Wasser,"SEE901119308769, SEE978220018726, SEE904144531522, SEE903345407018",Viereth F1,Volleinspeisung,1100,96191,Bamberg,Viereth-Trunstadt,Schleuse,3,Bayern,10.7875,49.9249,1983,NA,FALSE,NA,Laufwasseranlage,NA
SEE904144531522,ABR914764874992,Wasser,"SEE901119308769, SEE978220018726, SEE904144531522, SEE903345407018",Viereth F2,Volleinspeisung,1100,96191,Bamberg,Viereth-Trunstadt,Schleuse,3,Bayern,10.7875,49.9249,1983,NA,FALSE,NA,Laufwasseranlage,NA
SEE903345407018,ABR914764874992,Wasser,"SEE901119308769, SEE978220018726, SEE904144531522, SEE903345407018",Viereth F3,Volleinspeisung,1100,96191,Bamberg,Viereth-Trunstadt,Schleuse,3,Bayern,10.7875,49.9249,1983,NA,FALSE,NA,Laufwasseranlage,NA
SEE917162985055,ABR952797902978,Wasser,SEE917162985055,Wasserkraftwerk Griesheim,Teileinspeisung (einschließlich Eigenverbrauch),6000,60529,Frankfurt am Main,Frankfurt,An der Staustufe,5a,Hessen,8.599441,50.088595,1933,NA,FALSE,Wasserkraftwerk Griesheim,Laufwasseranlage,NA
SEE934726768800,ABR952797902978,Wasser,SEE934726768800,Wasserkraftwerk Eddersheim,Volleinspeisung,5400,65451,Groß-Gerau,Kelsterbach,NA,NA,Hessen,8.47633,50.039265,1941,NA,FALSE,Wasserkraftwerk Eddersheim,Laufwasseranlage,NA
SEE942923924141,ABR915078705217,Wasser,"SEE942923924141, SEE994326672372",WasserKraft Möhne HKW(A) M1,Teileinspeisung (einschließlich Eigenverbrauch),2500,59519,Soest,Möhnesee,Brüningser Straße,901 Z,Nordrhein-Westfalen,8.054345,51.490398,1913,NA,FALSE,WasserKraft Möhne HKW(A) M1,Speicherwasseranlage,NA
SEE994326672372,ABR915078705217,Wasser,"SEE942923924141, SEE994326672372",WasserKraft Möhne HKW(A) M2,Teileinspeisung (einschließlich Eigenverbrauch),2500,59519,Soest,Möhnesee,Brüningser Straße,901 Z,Nordrhein-Westfalen,8.054345,51.490398,1913,NA,FALSE,WasserKraft Möhne HKW(A) M2,Speicherwasseranlage,NA
SEE910198021377,ABR915078705217,Wasser,"SEE929573869206, SEE910198021377, SEE988811412871",WasserKraft Sorpe M1,Volleinspeisung,2500,59846,Hochsauerlandkreis,Sundern,Zum Ausgleichsweiher,901,Nordrhein-Westfalen,7.971364,51.351681,1935,NA,FALSE,Wasserkraft Sorpe M1,Speicherwasseranlage,NA
SEE988811412871,ABR915078705217,Wasser,"SEE929573869206, SEE910198021377, SEE988811412871",Wasserkraft Sorpe M2,Volleinspeisung,2500,59846,Hochsauerlandkreis,Sundern,Zum Ausgleichsweiher,901,Nordrhein-Westfalen,7.971364,51.351681,1935,NA,FALSE,Wasserkraft Sorpe M2,Speicherwasseranlage,NA
SEE943972986142,ABR968112198223,Wasser,SEE943972986142,KW Eixendorf I,Teileinspeisung (einschließlich Eigenverbrauch),1300,92431,Schwandorf,Neunburg,Eixendorf,12,Bayern,12.44772,49.360608,1976,NA,FALSE,KW Eixendorf I,Speicherwasseranlage,NA
SEE966363477586,ABR916198639970,Wasser,SEE966363477586,WKW Dorfhain I,Volleinspeisung,1200,01738,Sächsische Schweiz-Osterzgebirge,Dorfhain,Am Wasserwerk,3,Sachsen,13.565333,50.938028,2012,NA,FALSE,NA,Wasserkraftanlage in Trinkwassersystem,NA
SEE901602471161,ABR982790226122,Wasser,"SEE901602471161, SEE913911815888, SEE959377024433, SEE979257485857, SEE925023182710",Alzwerk Maschine 1,Teileinspeisung (einschließlich Eigenverbrauch),10080,84489,Altötting,Burghausen,Johannes-Hess-Straße,24,Bayern,12.85338,48.183251,1922,NA,FALSE,Alzwerk,Laufwasseranlage,NA
SEE913911815888,ABR982790226122,Wasser,"SEE901602471161, SEE913911815888, SEE959377024433, SEE979257485857, SEE925023182710",Alzwerk Maschine 2,Teileinspeisung (einschließlich Eigenverbrauch),10080,84489,Altötting,Burghausen,Johannes-Hess-Straße,24,Bayern,12.853364,48.183277,1922,NA,FALSE,Alzwerk,Laufwasseranlage,NA
SEE959377024433,ABR982790226122,Wasser,"SEE901602471161, SEE913911815888, SEE959377024433, SEE979257485857, SEE925023182710",Alzwerk Maschine 3,Teileinspeisung (einschließlich Eigenverbrauch),10080,84489,Altötting,Burghausen,Johannes-Hess-Straße,24,Bayern,12.853395,48.183259,1923,NA,FALSE,Alzwerk,Laufwasseranlage,NA
SEE979257485857,ABR982790226122,Wasser,"SEE901602471161, SEE913911815888, SEE959377024433, SEE979257485857, SEE925023182710",Alzwerk Maschine 4,Teileinspeisung (einschließlich Eigenverbrauch),10080,84489,Altötting,Burghausen,Johannes-Hess-Straße,24,Bayern,12.853355,48.183204,1923,NA,FALSE,Alzwerk,Laufwasseranlage,NA
SEE925023182710,ABR982790226122,Wasser,"SEE901602471161, SEE913911815888, SEE959377024433, SEE979257485857, SEE925023182710",Alzwerk Maschine 5,Teileinspeisung (einschließlich Eigenverbrauch),10080,84489,Altötting,Burghausen,Johannes-Hess-Straße,24,Bayern,12.85341,48.183447,1923,NA,FALSE,Alzwerk,Laufwasseranlage,NA
SEE972202087915,ABR901037990749,Wasser,"SEE985645724682, SEE972202087915",Wasserkraftwerk Lißberg Generator 2,Volleinspeisung,1300,63683,Wetteraukreis,Ortenberg,Neudorfweg,NA,Hessen,9.092411,50.376184,1928,NA,FALSE,Wasserkraftwerk Lißberg,Speicherwasseranlage,NA
SEE902972372973,ABR976042022266,Wasser,SEE902972372973,WKA Nachrodt,Teileinspeisung (einschließlich Eigenverbrauch),1500,58769,Märkischer Kreis,Nachrodt-Wiblingwerde,Hagener Straße,143,Nordrhein-Westfalen,7.637621,51.34595,1927,NA,FALSE,NA,Laufwasseranlage,NA
SEE997604872419,ABR985250519932,Wasser,"SEE997604872419, SEE922895546091, SEE904072281353, SEE996070331635, SEE983430016462",WKW Raisdorf I Turbine 1,Volleinspeisung,1030,24223,Plön,Schwentinental,Rastorfer Mühle,10,Schleswig-Holstein,10.237902,54.292793,1909,NA,FALSE,WKW Raisdorf I,Laufwasseranlage,NA
SEE945422802538,ABR981894928901,Wasser,SEE945422802538,WKA Höllbach,Teileinspeisung (einschließlich Eigenverbrauch),2025,94469,Deggendorf,Deggendorf,Ruselbergstraße,87,Bayern,13.00721,48.859317,2009,NA,FALSE,NA,Laufwasseranlage,NA
SEE937882058518,ABR981894928901,Wasser,SEE937882058518,WKA Sauloch,Teileinspeisung (einschließlich Eigenverbrauch),2600,94469,Deggendorf,Deggendorf,Ruselbergstraße,87,Bayern,13.007251,48.859321,2009,NA,FALSE,WKA Sauloch,Laufwasseranlage,NA
SEE931160816487,ABR976042022266,Wasser,SEE931160816487,WKA Obererlau,Volleinspeisung,1276,94130,Passau,Obernzell,Erlautal,15,Bayern,13.580579,48.581427,1959,NA,FALSE,NA,Laufwasseranlage,NA
SEE965374627256,ABR942134045673,Wasser,SEE965374627256,Kraftwerk Gumpenried,Volleinspeisung,1600,94244,Regen,Geiersthal,Gumpenried,1,Bayern,12.999383,49.072837,1984,NA,FALSE,Kraftwerk Gumpenried,Laufwasseranlage,NA
SEE945993832644,ABR918115212532,Wasser,"SEE945993832644, SEE947636805725",Kraftwerk Kriebstein 2Z,Volleinspeisung,4360,09648,Mittelsachsen,Kriebstein,An der Talsperre,2 Z,Sachsen,13.014856,51.035956,2010,NA,FALSE,NA,Laufwasseranlage,NA
SEE930386629253,ABR918115212532,Wasser,SEE930386629253,Kraftwerk Kriebstein,Volleinspeisung,4360,09648,Mittelsachsen,Kriebstein,An der Talsperre,2 x,Sachsen,13.014612,51.035889,2012,NA,FALSE,Kraftwerk Kriebstein 2X,Laufwasseranlage,NA
SEE905906772405,ABR966843331803,Wasser,SEE905906772405,Kraftwerk Wolfsheck,Volleinspeisung,3790,76596,Rastatt,Forbach,Wolfsheck,1,Baden-Württemberg,8.352502,48.696611,2001,NA,FALSE,Kraftwerk Wolfsheck,Laufwasseranlage,NA
SEE903320710720,ABR961356265997,Wasser,SEE903320710720,Kraftwerk Baienfurt,Volleinspeisung,1168,88255,Ravensburg,Baienfurt,Dr.-Haug-Straße,NA,Baden-Württemberg,9.664789,47.829636,2000,NA,FALSE,Kraftwerk Baienfurt,Laufwasseranlage,NA
SEE955966715911,ABR925652335860,Wasser,SEE955966715911,Isarkraftwerk,Volleinspeisung,2124,83646,Bad Tölz-Wolfratshausen,Bad Tölz,Zum Isarkraftwerk,2,Bayern,11.54117,47.777129,2005,NA,FALSE,NA,Laufwasseranlage,NA
SEE950427721036,ABR907506418141,Wasser,SEE950427721036,Riedenburg PSW,Volleinspeisung,4000,93339,Kelheim,Riedenburg,Gasslweg,1,Bayern,11.688586,48.974089,1987,NA,FALSE,NA,Speicherwasseranlage,NA
SEE963787688062,ABR914764874992,Wasser,"SEE963787688062, SEE962597527578, SEE935976236132, SEE950988570012, SEE944518084070, SEE938153286029, SEE995447721338, SEE935963507269",Kachlet K2,Volleinspeisung,6712.5,94034,Passau,Passau,Schleusenweg,10,Bayern,13.4089,48.5794,1927,NA,FALSE,NA,Laufwasseranlage,NA
SEE962597527578,ABR914764874992,Wasser,"SEE963787688062, SEE962597527578, SEE935976236132, SEE950988570012, SEE944518084070, SEE938153286029, SEE995447721338, SEE935963507269",Kachlet K1,Volleinspeisung,6712.5,94034,Passau,Passau,Schleusenweg,10,Bayern,13.4089,48.5794,1927,NA,FALSE,NA,Laufwasseranlage,NA
SEE935976236132,ABR914764874992,Wasser,"SEE963787688062, SEE962597527578, SEE935976236132, SEE950988570012, SEE944518084070, SEE938153286029, SEE995447721338, SEE935963507269",Kachlet K3,Volleinspeisung,6712.5,94034,Passau,Passau,Schleusenweg,10,Bayern,13.4089,48.5794,1927,NA,FALSE,NA,Laufwasseranlage,NA
SEE950988570012,ABR914764874992,Wasser,"SEE963787688062, SEE962597527578, SEE935976236132, SEE950988570012, SEE944518084070, SEE938153286029, SEE995447721338, SEE935963507269",Kachlet K4,Volleinspeisung,6712.5,94034,Passau,Passau,Schleusenweg,10,Bayern,13.4089,48.5794,1927,NA,FALSE,NA,Laufwasseranlage,NA
SEE944518084070,ABR914764874992,Wasser,"SEE963787688062, SEE962597527578, SEE935976236132, SEE950988570012, SEE944518084070, SEE938153286029, SEE995447721338, SEE935963507269",Kachlet K5,Volleinspeisung,6712.5,94034,Passau,Passau,Schleusenweg,10,Bayern,13.4089,48.5794,1927,NA,FALSE,NA,Laufwasseranlage,NA
SEE938153286029,ABR914764874992,Wasser,"SEE963787688062, SEE962597527578, SEE935976236132, SEE950988570012, SEE944518084070, SEE938153286029, SEE995447721338, SEE935963507269",Kachlet K6,Volleinspeisung,6712.5,94034,Passau,Passau,Schleusenweg,10,Bayern,13.4089,48.5794,1927,NA,FALSE,NA,Laufwasseranlage,NA
SEE995447721338,ABR914764874992,Wasser,"SEE963787688062, SEE962597527578, SEE935976236132, SEE950988570012, SEE944518084070, SEE938153286029, SEE995447721338, SEE935963507269",Kachlet K7,Volleinspeisung,6712.5,94034,Passau,Passau,Schleusenweg,10,Bayern,13.4089,48.5794,1927,NA,FALSE,NA,Laufwasseranlage,NA
SEE935963507269,ABR914764874992,Wasser,"SEE963787688062, SEE962597527578, SEE935976236132, SEE950988570012, SEE944518084070, SEE938153286029, SEE995447721338, SEE935963507269",Kachlet K8,Volleinspeisung,6712.5,94034,Passau,Passau,Schleusenweg,10,Bayern,13.4089,48.5794,1927,NA,FALSE,NA,Laufwasseranlage,NA
SEE930324632208,ABR907506418141,Wasser,SEE930324632208,Kelheim PSW,Volleinspeisung,3000,93309,Kelheim,Kelheim,Mitterfeldstraße,100,Bayern,11.868203,48.921787,1987,NA,FALSE,NA,Speicherwasseranlage,NA
SEE967443742020,ABR947029358135,Wasser,SEE967443742020,Wasserkraftwerk Zweribach,Volleinspeisung,1120,79263,Emmendingen,Simonswald,Wehrleweg,4,Baden-Württemberg,8.103897,48.052862,1924,NA,FALSE,NA,Speicherwasseranlage,NA
SEE915093936771,ABR916185866136,Wasser,SEE915093936771,WKW Biessenhofen M3,Volleinspeisung,1120,87640,Ostallgäu,Biessenhofen,Bachtelsee,2,Bayern,10.648616,47.847568,1962,NA,FALSE,NA,Laufwasseranlage,NA
SEE941192278153,ABR916185866136,Wasser,SEE941192278153,WKW Biessenhofen M4,Volleinspeisung,1120,87640,Ostallgäu,Biessenhofen,Bachtelsee,2,Bayern,10.648616,47.847568,1962,NA,FALSE,NA,Laufwasseranlage,NA
SEE991677470527,ABR992594793409,Wasser,"SEE991677470527, SEE961755569979, SEE912154732181",KW-Hoellenstein M1,Teileinspeisung (einschließlich Eigenverbrauch),1120,94267,Regen,Prackenbach,Höllensteinsee,1,Bayern,12.864389,49.128451,2000,NA,FALSE,NA,Laufwasseranlage,NA
SEE959264884584,ABR938084769295,Wasser,"SEE959264884584, SEE977600961171, SEE916571034606",Bertoldsheim E K1,Volleinspeisung,6600,86643,Neuburg-Schrobenhausen,Rennertshofen,Burgheimer Straße,33,Bayern,11.0208,48.7362,1967,NA,FALSE,NA,Laufwasseranlage,NA
SEE977600961171,ABR938084769295,Wasser,"SEE959264884584, SEE977600961171, SEE916571034606",Bertoldsheim E K2,Volleinspeisung,6600,86643,Neuburg-Schrobenhausen,Rennertshofen,Burgheimer Straße,33,Bayern,11.0208,48.7362,1967,NA,FALSE,NA,Laufwasseranlage,NA
SEE916571034606,ABR938084769295,Wasser,"SEE959264884584, SEE977600961171, SEE916571034606",Bertoldsheim E K3,Volleinspeisung,6600,86643,Neuburg-Schrobenhausen,Rennertshofen,Burgheimer Straße,33,Bayern,11.0208,48.7362,1967,NA,FALSE,NA,Laufwasseranlage,NA
SEE987595269732,ABR907506418141,Wasser,"SEE987595269732, SEE949835412094",Regensburg K1,Volleinspeisung,4200,93049,Regensburg,Regensburg,Winzerweg,6,Bayern,12.0756,49.0273,1977,NA,FALSE,NA,Laufwasseranlage,NA
SEE949835412094,ABR907506418141,Wasser,"SEE987595269732, SEE949835412094",Regensburg K2,Volleinspeisung,4200,93049,Regensburg,Regensburg,Winzerweg,6,Bayern,12.0756,49.0273,1977,NA,FALSE,NA,Laufwasseranlage,NA
SEE976583275305,ABR907506418141,Wasser,"SEE976583275305, SEE991413909144",Schweinfurt K1,Volleinspeisung,2000,97421,Schweinfurt,Schweinfurt,Gutermann-Promenade,11,Bayern,10.2293,50.0402,1963,NA,FALSE,NA,Laufwasseranlage,NA
SEE991413909144,ABR907506418141,Wasser,"SEE976583275305, SEE991413909144",Schweinfurt K2,Volleinspeisung,2000,97421,Schweinfurt,Schweinfurt,Gutermann-Promenade,11,Bayern,10.2293,50.0402,1963,NA,FALSE,NA,Laufwasseranlage,NA
SEE993827105563,ABR938084769295,Wasser,"SEE993827105563, SEE906889375157, SEE994048824899",Bittenbrunn E K1,Volleinspeisung,7000,86633,Neuburg-Schrobenhausen,Neuburg,Kraftwerkstraße,8,Bayern,11.1437,48.735,1969,NA,FALSE,NA,Laufwasseranlage,NA
SEE906889375157,ABR938084769295,Wasser,"SEE993827105563, SEE906889375157, SEE994048824899",Bittenbrunn E K2,Volleinspeisung,7000,86633,Neuburg-Schrobenhausen,Neuburg,Kraftwerkstraße,8,Bayern,11.1437,48.735,1969,NA,FALSE,NA,Laufwasseranlage,NA
SEE964673859078,ABR938084769295,Wasser,"SEE964673859078, SEE920999677857, SEE960680903568",Bergheim E K1,Volleinspeisung,8300,86673,Neuburg-Schrobenhausen,Bergheim,Förchenau,NA,Bayern,11.2732,48.7512,1970,NA,FALSE,NA,Laufwasseranlage,NA
SEE994048824899,ABR938084769295,Wasser,"SEE993827105563, SEE906889375157, SEE994048824899",Bittenbrunn E K3,Volleinspeisung,7000,86633,Neuburg-Schrobenhausen,Neuburg,Kraftwerkstraße,8,Bayern,11.1437,48.735,1969,NA,FALSE,NA,Laufwasseranlage,NA
SEE920999677857,ABR938084769295,Wasser,"SEE964673859078, SEE920999677857, SEE960680903568",Bergheim E K3,Volleinspeisung,8300,86673,Neuburg-Schrobenhausen,Bergheim,Förchenau,NA,Bayern,11.2732,48.7512,1970,NA,FALSE,NA,Laufwasseranlage,NA
SEE987320451586,ABR989228118929,Wasser,SEE987320451586,Wasserkraftwerk Elisenhütte,Volleinspeisung,2568,56377,Rhein-Lahn-Kreis,Nassau,Elisenhütte,NA,Rheinland-Pfalz,7.829882,50.304131,1930,NA,FALSE,NA,Laufwasseranlage,NA
SEE933078887559,ABR938084769295,Wasser,"SEE933078887559, SEE972180197972, SEE955407848307",Ingolstadt E K1,Volleinspeisung,6700,85049,Ingolstadt,Ingolstadt,Stauseestraße,20,Bayern,11.4116,48.7508,1971,NA,FALSE,NA,Laufwasseranlage,NA
SEE960680903568,ABR938084769295,Wasser,"SEE964673859078, SEE920999677857, SEE960680903568",Bergheim E K2,Volleinspeisung,8300,86673,Neuburg-Schrobenhausen,Bergheim,Förchenau,NA,Bayern,11.2732,48.7512,1970,NA,FALSE,NA,Laufwasseranlage,NA
SEE972180197972,ABR938084769295,Wasser,"SEE933078887559, SEE972180197972, SEE955407848307",Ingolstadt E K2,Volleinspeisung,6700,85049,Ingolstadt,Ingolstadt,Stauseestraße,20,Bayern,11.4116,48.7508,1971,NA,FALSE,NA,Laufwasseranlage,NA
SEE955407848307,ABR938084769295,Wasser,"SEE933078887559, SEE972180197972, SEE955407848307",Ingolstadt E K3,Volleinspeisung,6700,85049,Ingolstadt,Ingolstadt,Stauseestraße,20,Bayern,11.4116,48.7508,1971,NA,FALSE,NA,Laufwasseranlage,NA
SEE923223371170,ABR938084769295,Wasser,"SEE923223371170, SEE954220263762, SEE936428070663",Vohburg E K1,Volleinspeisung,9700,85088,Pfaffenhofen a.d. Ilm,Vohburg,Am Stausee,1,Bayern,11.6012,48.7785,1992,NA,FALSE,NA,Laufwasseranlage,NA
SEE954220263762,ABR938084769295,Wasser,"SEE923223371170, SEE954220263762, SEE936428070663",Vohburg E K2,Volleinspeisung,9700,85088,Pfaffenhofen a.d. Ilm,Vohburg,Am Stausee,1,Bayern,11.6012,48.7785,1992,NA,FALSE,NA,Laufwasseranlage,NA
SEE936428070663,ABR938084769295,Wasser,"SEE923223371170, SEE954220263762, SEE936428070663",Vohburg E K3,Volleinspeisung,9700,85088,Pfaffenhofen a.d. Ilm,Vohburg,Am Stausee,1,Bayern,11.6012,48.7785,1992,NA,FALSE,NA,Laufwasseranlage,NA
SEE968240296907,ABR940073241088,Wasser,"SEE968240296907, SEE950208762586, SEE968986286460",Untereichen F2,Teileinspeisung (einschließlich Eigenverbrauch),4000,89281,Neu-Ulm,Altenstadt,Werkstraße,60,Bayern,10.0828,48.22591,1931,NA,FALSE,NA,Laufwasseranlage,NA
SEE950208762586,ABR940073241088,Wasser,"SEE968240296907, SEE950208762586, SEE968986286460",Untereichen F1,Teileinspeisung (einschließlich Eigenverbrauch),4000,89281,Neu-Ulm,Altenstadt,Werkstraße,60,Bayern,10.0828,48.22591,1931,NA,FALSE,NA,Laufwasseranlage,NA
SEE968986286460,ABR940073241088,Wasser,"SEE968240296907, SEE950208762586, SEE968986286460",Untereichen F3,Teileinspeisung (einschließlich Eigenverbrauch),2000,89281,Neu-Ulm,Altenstadt,Werkstraße,60,Bayern,10.0828,48.22591,1931,NA,FALSE,NA,Laufwasseranlage,NA
SEE940791401320,ABR940073241088,Wasser,"SEE940791401320, SEE933649593711, SEE910532842996",Au F1,Volleinspeisung,4000,89257,Neu-Ulm,Illertissen,Franz-Eugen-Huber-Straße,90,Bayern,10.083421,48.226098,1931,NA,FALSE,NA,Laufwasseranlage,NA
SEE933649593711,ABR940073241088,Wasser,"SEE940791401320, SEE933649593711, SEE910532842996",Au F2,Volleinspeisung,4000,89257,Neu-Ulm,Illertissen,Franz-Eugen-Huber-Straße,90,Bayern,10.083421,48.226098,1931,NA,FALSE,NA,Laufwasseranlage,NA
SEE910532842996,ABR940073241088,Wasser,"SEE940791401320, SEE933649593711, SEE910532842996",Au F3,Volleinspeisung,2000,89257,Neu-Ulm,Illertissen,Franz-Eugen-Huber-Straße,90,Bayern,10.083421,48.226098,1931,NA,FALSE,NA,Laufwasseranlage,NA
SEE962112279715,ABR999503804287,Wasser,SEE962112279715,Wasserkraftwerk,Volleinspeisung,1700,86879,Unterallgäu,Wiedergeltingen,Am Stausee,1,Bayern,10.653385,48.024984,1968,NA,FALSE,NA,Laufwasseranlage,NA
SEE917592750575,ABR918554127800,Wasser,SEE917592750575,WK Oberau Pietron-Rist GbR,NA,1530,82496,Garmisch-Partenkirchen,Oberau,Am Werkkanal,10,Bayern,11.122864,47.560308,2009,NA,FALSE,NA,Laufwasseranlage,NA
SEE991286059373,ABR952929488691,Wasser,"SEE991286059373, SEE909880203153",RISE WKW Niederhausen,Teileinspeisung (einschließlich Eigenverbrauch),1900,55585,Bad Kreuznach,Norheim,Wasserkraftwerk,1,Rheinland-Pfalz,7.792034,49.810396,2022,NA,FALSE,NA,Laufwasseranlage,NA
SEE906879977286,ABR990209271212,Wasser,"SEE906879977286, SEE973678500984, SEE925317566486",WKW Oberilzmühle M1,Volleinspeisung,1559,94121,Passau,Salzweg,Oberilzmühle,6,Bayern,13.445948,48.607642,1965,NA,FALSE,NA,Laufwasseranlage,NA
SEE973678500984,ABR990209271212,Wasser,"SEE906879977286, SEE973678500984, SEE925317566486",WKW Oberilzmühle M2,Volleinspeisung,1559,94121,Passau,Salzweg,Oberilzmühle,6,Bayern,13.445948,48.607642,1966,NA,FALSE,NA,Laufwasseranlage,NA
SEE961755569979,ABR992594793409,Wasser,"SEE991677470527, SEE961755569979, SEE912154732181",KW-Hoellenstein M2,Teileinspeisung (einschließlich Eigenverbrauch),1160,94267,Regen,Prackenbach,Höllensteinsee,1,Bayern,12.864389,49.128451,2000,NA,FALSE,NA,Laufwasseranlage,NA
SEE912154732181,ABR992594793409,Wasser,"SEE991677470527, SEE961755569979, SEE912154732181",KW-Hoellenstein M3,Teileinspeisung (einschließlich Eigenverbrauch),1120,94267,Regen,Prackenbach,Höllensteinsee,1,Bayern,12.864389,49.128451,2000,NA,FALSE,NA,Laufwasseranlage,NA
SEE912637892661,ABR914764874992,Wasser,"SEE963972158493, SEE951472006123, SEE912637892661",Rothenfels K(Ro)3,Volleinspeisung,2100,97851,Main-Spessart,Rothenfels,An der Staatsstr.,1,Bayern,9.5863,49.9001,1939,NA,FALSE,NA,Laufwasseranlage,NA
SEE915212370134,ABR964445887131,Wasser,"SEE915212370134, SEE925179546336",WKW Cannstatt M1,Teileinspeisung (einschließlich Eigenverbrauch),1150,70190,Stuttgart,Stuttgart,Am Leuzebad,22,Baden-Württemberg,9.21,48.799788,1930,NA,FALSE,NA,Laufwasseranlage,NA
SEE925179546336,ABR964445887131,Wasser,"SEE915212370134, SEE925179546336",WKW Cannstatt M2,Teileinspeisung (einschließlich Eigenverbrauch),1150,70190,Stuttgart,Stuttgart,Am Leuzebad,22,Baden-Württemberg,9.21,48.799788,1930,NA,FALSE,NA,Laufwasseranlage,NA
SEE949976071341,ABR910338178589,Wasser,SEE949976071341,Wasserkraftwerk,Volleinspeisung,1300,07745,Jena,Jena,Göschwitzer Straße,10,Thüringen,11.597678,50.896494,1992,NA,FALSE,NA,Laufwasseranlage,NA
SEE904824178818,ABR960504436517,Wasser,"SEE904824178818, SEE978109781093",WKW Hirschhorn M1,Teileinspeisung (einschließlich Eigenverbrauch),2500,69434,Bergstraße,Hirschhorn,Schönbrunner Straße,1,Hessen,8.9026,49.4496,1933,NA,FALSE,NA,Laufwasseranlage,NA
SEE978109781093,ABR960504436517,Wasser,"SEE904824178818, SEE978109781093",WKW Hirschhorn M2,Teileinspeisung (einschließlich Eigenverbrauch),2500,69434,Bergstraße,Hirschhorn,Schönbrunner Straße,1,Hessen,8.9026,49.4496,1933,NA,FALSE,NA,Laufwasseranlage,NA
SEE909748722529,ABR960504436517,Wasser,"SEE909748722529, SEE920424303696",WKW Neckarsteinach M1,Teileinspeisung (einschließlich Eigenverbrauch),2200,69239,Bergstraße,Neckarsteinach,Hirschhorner Straße,5,Hessen,8.842,49.401,1931,NA,FALSE,NA,Laufwasseranlage,NA
SEE920424303696,ABR960504436517,Wasser,"SEE909748722529, SEE920424303696",WKW Neckarsteinach M2,Teileinspeisung (einschließlich Eigenverbrauch),2200,69239,Bergstraße,Neckarsteinach,Hirschhorner Straße,5,Hessen,8.842,49.401,1931,NA,FALSE,NA,Laufwasseranlage,NA
SEE929404505242,ABR972811767499,Wasser,"SEE973493827723, SEE929404505242, SEE991505581654, SEE962376547568, SEE976184145496",KW Rheinfelden Maschine 2,Volleinspeisung,23600,4310,NA,Rheinfelden,Chleigrüt,NA,NA,7.811953,47.569062,2010,NA,FALSE,Kraftwerk Rheinfelden,Laufwasseranlage,NA
SEE991505581654,ABR972811767499,Wasser,"SEE973493827723, SEE929404505242, SEE991505581654, SEE962376547568, SEE976184145496",KW Rheinfelden Maschine 3,Volleinspeisung,23600,4310,NA,Rheinfelden,Chleigrüt,NA,NA,7.81219,47.569025,2010,NA,FALSE,Kraftwerk Rheinfelden,Laufwasseranlage,NA
SEE962376547568,ABR972811767499,Wasser,"SEE973493827723, SEE929404505242, SEE991505581654, SEE962376547568, SEE976184145496",KW Rheinfelden Maschine 4,Teileinspeisung (einschließlich Eigenverbrauch),23600,4310,NA,Rheinfelden,Chleigrüt,NA,NA,7.811972,47.569069,2010,NA,FALSE,Kraftwerk Rheinfelden,Laufwasseranlage,NA
SEE976184145496,ABR972811767499,Wasser,"SEE973493827723, SEE929404505242, SEE991505581654, SEE962376547568, SEE976184145496",KW Rheinfelden Maschine 5,Volleinspeisung,1800,4310,NA,Rheinfelden,Chleigrüt,NA,NA,7.811972,47.569109,2010,NA,FALSE,NA,Laufwasseranlage,NA
SEE966870188975,ABR930625476808,Wasser,SEE966870188975,Kraftwerk Merkenbach,Volleinspeisung,1500,35745,Lahn-Dill-Kreis,Herborn,NA,NA,Hessen,8.317616,50.660709,1929,NA,FALSE,NA,Speicherwasseranlage,NA
SEE973556997929,ABR918910130901,Wasser,"SEE905804223849, SEE910013400721, SEE973556997929, SEE902489482608, SEE994853801559, SEE991332001752, SEE947227591686, SEE949717053087, SEE981577033014, SEE925074451797",KW Laufenburg Maschine 3,Volleinspeisung,10600,5080,NA,Laufenburg,Baslerstrasse,NA,NA,8.048635,47.556221,1991,NA,FALSE,Kraftwerk Laufenburg,Laufwasseranlage,NA
SEE909400536488,ABR915068942295,Wasser,"SEE909400536488, SEE945113079652, SEE917537868679",WKW Rudolf-Fettweis-Werk NDW M1,Teileinspeisung (einschließlich Eigenverbrauch),1270,76596,Rastatt,Forbach,Werkstraße,5,Baden-Württemberg,8.356231,48.673025,1918,NA,FALSE,NA,Laufwasseranlage,NA
SEE902489482608,ABR918910130901,Wasser,"SEE905804223849, SEE910013400721, SEE973556997929, SEE902489482608, SEE994853801559, SEE991332001752, SEE947227591686, SEE949717053087, SEE981577033014, SEE925074451797",KW Laufenburg Maschine 4,Volleinspeisung,10600,5080,NA,Laufenburg,Baslerstrasse,NA,NA,8.048612,47.5562,1990,NA,FALSE,Kraftwerk Laufenburg,Laufwasseranlage,NA
SEE958280018317,ABR952284473974,Wasser,SEE958280018317,Wasserkraftwerk Raffelberg,Volleinspeisung,4900,45478,Mülheim an der Ruhr,Mülheim,Raffelbergbrücke,8,Nordrhein-Westfalen,6.826893,51.442028,2001,NA,FALSE,NA,Laufwasseranlage,NA
SEE994853801559,ABR918910130901,Wasser,"SEE905804223849, SEE910013400721, SEE973556997929, SEE902489482608, SEE994853801559, SEE991332001752, SEE947227591686, SEE949717053087, SEE981577033014, SEE925074451797",KW Laufenburg Maschine 5,Volleinspeisung,10600,5080,NA,Laufenburg,Baslerstrasse,NA,NA,8.04869,47.556213,1991,NA,FALSE,Kraftwerk Laufenburg,Laufwasseranlage,NA
SEE991332001752,ABR918910130901,Wasser,"SEE905804223849, SEE910013400721, SEE973556997929, SEE902489482608, SEE994853801559, SEE991332001752, SEE947227591686, SEE949717053087, SEE981577033014, SEE925074451797",KW Laufenburg Maschine 6,Volleinspeisung,10600,5080,NA,Laufenburg,Baslerstrasse,NA,NA,8.048612,47.556202999999996,1991,NA,FALSE,Kraftwerk Laufenburg,Laufwasseranlage,NA
SEE947227591686,ABR918910130901,Wasser,"SEE905804223849, SEE910013400721, SEE973556997929, SEE902489482608, SEE994853801559, SEE991332001752, SEE947227591686, SEE949717053087, SEE981577033014, SEE925074451797",KW Laufenburg Maschine 7,Volleinspeisung,10600,5080,NA,Laufenburg,Baslerstrasse,NA,NA,8.048658,47.556223,1991,NA,FALSE,Kraftwerk Laufenburg,Laufwasseranlage,NA
SEE949717053087,ABR918910130901,Wasser,"SEE905804223849, SEE910013400721, SEE973556997929, SEE902489482608, SEE994853801559, SEE991332001752, SEE947227591686, SEE949717053087, SEE981577033014, SEE925074451797",KW Laufenburg Maschine 8,Volleinspeisung,10600,5080,NA,Laufenburg,Baslerstrasse,NA,NA,8.048679,47.556232,1992,NA,FALSE,Kraftwerk Laufenburg,Laufwasseranlage,NA
SEE981577033014,ABR918910130901,Wasser,"SEE905804223849, SEE910013400721, SEE973556997929, SEE902489482608, SEE994853801559, SEE991332001752, SEE947227591686, SEE949717053087, SEE981577033014, SEE925074451797",KW Laufenburg Maschine 9,Volleinspeisung,10600,5080,NA,Laufenburg,Baslerstrasse,NA,NA,8.048584,47.55623,1992,NA,FALSE,Kraftwerk Laufenburg,Laufwasseranlage,NA
SEE925074451797,ABR918910130901,Wasser,"SEE905804223849, SEE910013400721, SEE973556997929, SEE902489482608, SEE994853801559, SEE991332001752, SEE947227591686, SEE949717053087, SEE981577033014, SEE925074451797",KW Laufenburg Maschine 10,Teileinspeisung (einschließlich Eigenverbrauch),10600,5080,NA,Laufenburg,Baslerstrasse,NA,NA,8.048715,47.5562,1992,NA,FALSE,Kraftwerk Laufenburg,Laufwasseranlage,NA
SEE918342857247,ABR904516658390,Wasser,SEE918342857247,Wasser,Volleinspeisung,2000,39240,Salzlandkreis,Calbe,Schwarzer Friedensstraße,60,Sachsen-Anhalt,11.77777,51.901369,2006,NA,FALSE,NA,Laufwasseranlage,NA
SEE931723719453,ABR985062114349,Wasser,SEE931723719453,6000001289_WAK Rappbodetalsperre UKW_(MD00150),Volleinspeisung,4500,06502,Harz,Thale,Am Stausee,0,Sachsen-Anhalt,10.89696,51.740224,1970,NA,FALSE,NA,Laufwasseranlage,NA
SEE994187247351,ABR989646990305,Wasser,SEE994187247351,Wasserkraft Obermühle Fürstenfeldbruck,Volleinspeisung,1360,82256,Fürstenfeldbruck,Fürstenfeldbruck,Auf der Lände,10,Bayern,11.249304,48.174924,1949,NA,FALSE,NA,Laufwasseranlage,NA
SEE959802144125,ABR915068942295,Wasser,"SEE959802144125, SEE904350356629",WKW Oberesslingen M1,Teileinspeisung (einschließlich Eigenverbrauch),1300,73730,Esslingen,Esslingen,Nymphaeaweg,15,Baden-Württemberg,9.3308,48.725042,1929,NA,FALSE,NA,Laufwasseranlage,NA
SEE904350356629,ABR915068942295,Wasser,"SEE959802144125, SEE904350356629",WKW Oberesslingen M2,Teileinspeisung (einschließlich Eigenverbrauch),1300,73730,Esslingen,Esslingen,Nymphaeaweg,15,Baden-Württemberg,9.3308,48.725042,1929,NA,FALSE,NA,Laufwasseranlage,NA
SEE950059648688,ABR915068942295,Wasser,"SEE950059648688, SEE943954645074",WKW Obertürkheim M1,Volleinspeisung,2050,70329,Stuttgart,Stuttgart,Am Westkai,63,Baden-Württemberg,9.263528,48.752553,1967,NA,FALSE,NA,Laufwasseranlage,NA
SEE943954645074,ABR915068942295,Wasser,"SEE950059648688, SEE943954645074",WKW Obertürkheim M2,Volleinspeisung,2050,70329,Stuttgart,Stuttgart,Am Westkai,63,Baden-Württemberg,9.263528,48.752553,1967,NA,FALSE,NA,Laufwasseranlage,NA
SEE927287469774,ABR972811767499,Wasser,"SEE931261988564, SEE934890098444, SEE927287469774, SEE982064123652, SEE942749879687, SEE925326526723, SEE921196877927, SEE935645540645, SEE911430024132, SEE910204132950, SEE934727232676",KW Wyhlen Straflo 03,Teileinspeisung (einschließlich Eigenverbrauch),4600,79639,Lörrach,Grenzach-Wyhlen,Am Wasserkraftwerk,NA,Baden-Württemberg,7.707679,47.538778,1993,NA,FALSE,NA,Laufwasseranlage,NA
SEE982064123652,ABR972811767499,Wasser,"SEE931261988564, SEE934890098444, SEE927287469774, SEE982064123652, SEE942749879687, SEE925326526723, SEE921196877927, SEE935645540645, SEE911430024132, SEE910204132950, SEE934727232676",KW Wyhlen Straflo 04,Teileinspeisung (einschließlich Eigenverbrauch),4600,79639,Lörrach,Grenzach-Wyhlen,Am Wasserkraftwerk,NA,Baden-Württemberg,7.707782,47.538723,1993,NA,FALSE,NA,Laufwasseranlage,NA
SEE942749879687,ABR972811767499,Wasser,"SEE931261988564, SEE934890098444, SEE927287469774, SEE982064123652, SEE942749879687, SEE925326526723, SEE921196877927, SEE935645540645, SEE911430024132, SEE910204132950, SEE934727232676",KW Wyhlen Straflo 05,Teileinspeisung (einschließlich Eigenverbrauch),4600,79639,Lörrach,Grenzach-Wyhlen,Am Wasserkraftwerk,NA,Baden-Württemberg,7.707776,47.538777,1993,NA,FALSE,NA,Laufwasseranlage,NA
SEE925326526723,ABR972811767499,Wasser,"SEE931261988564, SEE934890098444, SEE927287469774, SEE982064123652, SEE942749879687, SEE925326526723, SEE921196877927, SEE935645540645, SEE911430024132, SEE910204132950, SEE934727232676",KW Wyhlen Straflo 06,Teileinspeisung (einschließlich Eigenverbrauch),4600,79639,Lörrach,Grenzach-Wyhlen,Am Wasserkraftwerk,NA,Baden-Württemberg,7.707706,47.538779,1993,NA,FALSE,NA,Laufwasseranlage,NA
SEE934614973477,ABR918287479993,Wasser,"SEE934614973477, SEE932005346817, SEE906820886636",WKA Schwitten Generator 1,Volleinspeisung,1200,58708,Märkischer Kreis,Menden,Fröndenberger Straße,NA,Nordrhein-Westfalen,7.768566,51.469174,1923,NA,FALSE,NA,Laufwasseranlage,NA
SEE921196877927,ABR972811767499,Wasser,"SEE931261988564, SEE934890098444, SEE927287469774, SEE982064123652, SEE942749879687, SEE925326526723, SEE921196877927, SEE935645540645, SEE911430024132, SEE910204132950, SEE934727232676",KW Wyhlen Francis 06,Teileinspeisung (einschließlich Eigenverbrauch),2184,79639,Lörrach,Grenzach-Wyhlen,Am Wasserkraftwerk,NA,Baden-Württemberg,7.707744,47.538762,1912,NA,FALSE,NA,Laufwasseranlage,NA
SEE915374226362,ABR987228640990,Wasser,"SEE948407320041, SEE915374226362",WKW Aue Hakenkrümme T2,Volleinspeisung,1030,08280,Erzgebirgskreis,Aue-Bad Schlema,An der Hakenkrümme,1,Sachsen,12.724015,50.582158,1924,NA,FALSE,NA,Laufwasseranlage,NA
SEE935645540645,ABR972811767499,Wasser,"SEE931261988564, SEE934890098444, SEE927287469774, SEE982064123652, SEE942749879687, SEE925326526723, SEE921196877927, SEE935645540645, SEE911430024132, SEE910204132950, SEE934727232676",KW Wyhlen Francis 07,Teileinspeisung (einschließlich Eigenverbrauch),2184,79639,Lörrach,Grenzach-Wyhlen,Am Wasserkraftwerk,NA,Baden-Württemberg,7.707776,47.538777,1912,NA,FALSE,NA,Laufwasseranlage,NA
SEE911430024132,ABR972811767499,Wasser,"SEE931261988564, SEE934890098444, SEE927287469774, SEE982064123652, SEE942749879687, SEE925326526723, SEE921196877927, SEE935645540645, SEE911430024132, SEE910204132950, SEE934727232676",KW Wyhlen Francis 08,Teileinspeisung (einschließlich Eigenverbrauch),2184,79639,Lörrach,Grenzach-Wyhlen,Am Wasserkraftwerk,NA,Baden-Württemberg,7.707723,47.538776,1912,NA,FALSE,NA,Laufwasseranlage,NA
SEE910204132950,ABR972811767499,Wasser,"SEE931261988564, SEE934890098444, SEE927287469774, SEE982064123652, SEE942749879687, SEE925326526723, SEE921196877927, SEE935645540645, SEE911430024132, SEE910204132950, SEE934727232676",KW Wyhlen Francis 09,Teileinspeisung (einschließlich Eigenverbrauch),2184,79639,Lörrach,Grenzach-Wyhlen,Am Wasserkraftwerk,NA,Baden-Württemberg,7.707797,47.53877,1912,NA,FALSE,NA,Laufwasseranlage,NA
SEE965643402225,ABR926842967274,Wasser,SEE965643402225,BhP B115 Wasserkraftwerk,Teileinspeisung (einschließlich Eigenverbrauch),4990,87544,Oberallgäu,Blaichach,Sonthofener Straße,30,Bayern,10.255537,47.539303,2012,NA,FALSE,NA,Laufwasseranlage,NA
SEE934727232676,ABR972811767499,Wasser,"SEE931261988564, SEE934890098444, SEE927287469774, SEE982064123652, SEE942749879687, SEE925326526723, SEE921196877927, SEE935645540645, SEE911430024132, SEE910204132950, SEE934727232676",KW Wyhlen Francis 10,Teileinspeisung (einschließlich Eigenverbrauch),2184,79639,Lörrach,Grenzach-Wyhlen,Am Wasserkraftwerk,NA,Baden-Württemberg,7.707565,47.538757,1912,NA,FALSE,NA,Laufwasseranlage,NA
SEE930463303328,ABR915068942295,Wasser,"SEE930463303328, SEE977141514843",WKW Hofen M 1,Volleinspeisung,1700,70378,Stuttgart,Stuttgart,Mühlhäuser Straße,370,Baden-Württemberg,9.2243,48.83765,1935,NA,FALSE,NA,Laufwasseranlage,NA
SEE977141514843,ABR915068942295,Wasser,"SEE930463303328, SEE977141514843",WKW Hofen M2,Volleinspeisung,1700,70378,Stuttgart,Stuttgart,Mühlhäuser Straße,370,Baden-Württemberg,9.2243,48.83765,1935,NA,FALSE,NA,Laufwasseranlage,NA
SEE991193518611,ABR915068942295,Wasser,"SEE991193518611, SEE906971845865, SEE985986636842",WKW Aldingen M1,Teileinspeisung (einschließlich Eigenverbrauch),1200,71686,Ludwigsburg,Remseck,Brückenstraße,1,Baden-Württemberg,9.25862,48.866775,1939,NA,FALSE,NA,Laufwasseranlage,NA
SEE995657932302,ABR915068942295,Wasser,"SEE995657932302, SEE902919983613",WKW Poppenweiler M1,Teileinspeisung (einschließlich Eigenverbrauch),2100,71642,Ludwigsburg,Ludwigsburg,Neckartalstraße,102,Baden-Württemberg,9.246645,48.91245,1956,NA,FALSE,NA,Laufwasseranlage,NA
SEE902919983613,ABR915068942295,Wasser,"SEE995657932302, SEE902919983613",WKW Poppenweiler M2,Teileinspeisung (einschließlich Eigenverbrauch),2100,71642,Ludwigsburg,Ludwigsburg,Neckartalstraße,102,Baden-Württemberg,9.246645,48.91245,1956,NA,FALSE,NA,Laufwasseranlage,NA
SEE984849872564,ABR915068942295,Wasser,"SEE984849872564, SEE906656670133",WKW Marbach M1,Teileinspeisung (einschließlich Eigenverbrauch),1600,71672,Ludwigsburg,Marbach,Am alten Kraftwerk,4,Baden-Württemberg,9.23945,48.9282,1941,NA,FALSE,NA,Laufwasseranlage,NA
SEE906656670133,ABR915068942295,Wasser,"SEE984849872564, SEE906656670133",WKW Marbach M2,Teileinspeisung (einschließlich Eigenverbrauch),1600,71672,Ludwigsburg,Marbach,Am alten Kraftwerk,4,Baden-Württemberg,9.23945,48.9282,1941,NA,FALSE,NA,Laufwasseranlage,NA
SEE920220644351,ABR915068942295,Wasser,"SEE920220644351, SEE904982226147",WKW Hessigheim M1,Teileinspeisung (einschließlich Eigenverbrauch),2400,74394,Ludwigsburg,Hessigheim,Brückenstraße,7,Baden-Württemberg,9.193475,48.99324,1952,NA,FALSE,NA,Laufwasseranlage,NA
SEE904982226147,ABR915068942295,Wasser,"SEE920220644351, SEE904982226147",WKW Hessigheim M2,Teileinspeisung (einschließlich Eigenverbrauch),2400,74394,Ludwigsburg,Hessigheim,Brückenstraße,7,Baden-Württemberg,9.193475,48.99324,1952,NA,FALSE,NA,Laufwasseranlage,NA
SEE987485946217,ABR915068942295,Wasser,"SEE987485946217, SEE934530610180",WKW Besigheim M1,Teileinspeisung (einschließlich Eigenverbrauch),1700,74354,Ludwigsburg,Besigheim,Hessigheimer Straße,8,Baden-Württemberg,9.14711,49.00315,1953,NA,FALSE,NA,Laufwasseranlage,NA
SEE934530610180,ABR915068942295,Wasser,"SEE987485946217, SEE934530610180",WKW Besigheim M2,Teileinspeisung (einschließlich Eigenverbrauch),1700,74354,Ludwigsburg,Besigheim,Hessigheimer Straße,8,Baden-Württemberg,9.14711,49.00315,1953,NA,FALSE,NA,Laufwasseranlage,NA
SEE963004786144,ABR915068942295,Wasser,"SEE963004786144, SEE979440768293",WKW Heidelberg M1,Teileinspeisung (einschließlich Eigenverbrauch),1300,69120,Heidelberg,Heidelberg,Ziegelhäuser Landstraße,40,Baden-Württemberg,8.71705,49.416,2000,NA,FALSE,NA,Laufwasseranlage,NA
SEE979440768293,ABR915068942295,Wasser,"SEE963004786144, SEE979440768293",WKW Heidelberg M2,Teileinspeisung (einschließlich Eigenverbrauch),1300,69120,Heidelberg,Heidelberg,Ziegelhäuser Landstraße,40,Baden-Württemberg,8.71705,49.416,2000,NA,FALSE,NA,Laufwasseranlage,NA
SEE928241964991,ABR915068942295,Wasser,"SEE928241964991, SEE930797982657, SEE928363385049",WKW Schwabenheim M1,Teileinspeisung (einschließlich Eigenverbrauch),2400,69221,Rhein-Neckar-Kreis,Dossenheim,Windhof,12,Baden-Württemberg,8.63815,49.44225,1925,NA,FALSE,NA,Laufwasseranlage,NA
SEE930797982657,ABR915068942295,Wasser,"SEE928241964991, SEE930797982657, SEE928363385049",WKW Schwabenheim M2,Teileinspeisung (einschließlich Eigenverbrauch),2400,69221,Rhein-Neckar-Kreis,Dossenheim,Windhof,12,Baden-Württemberg,8.63815,49.44225,2006,NA,FALSE,NA,Laufwasseranlage,NA
SEE928363385049,ABR915068942295,Wasser,"SEE928241964991, SEE930797982657, SEE928363385049",WKW Schwabenheim M3,Teileinspeisung (einschließlich Eigenverbrauch),2400,69221,Rhein-Neckar-Kreis,Dossenheim,Windhof,12,Baden-Württemberg,8.63815,49.44225,1925,NA,FALSE,NA,Laufwasseranlage,NA
SEE980337143772,ABR915068942295,Wasser,"SEE980337143772, SEE982833830750",WKW Reckingen M2,Teileinspeisung (einschließlich Eigenverbrauch),21000,79761,Waldshut,Waldshut-Tiengen,Tiengener Straße,8,Baden-Württemberg,8.33813,47.57085,1941,NA,FALSE,WKW Reckingen,Laufwasseranlage,NA
SEE955634700423,ABR915068942295,Wasser,"SEE955634700423, SEE975648364909, SEE922473273890",WKW Säckingen M2,Teileinspeisung (einschließlich Eigenverbrauch),23000,79713,Waldshut,Bad Säckingen,Murger Weg,2,Baden-Württemberg,7.95655,47.55773,1966,NA,FALSE,Rheinkraftwerk Säckingen,Laufwasseranlage,NA
SEE908180148553,ABR982438629292,Wasser,"SEE908180148553, SEE930644880600, SEE935023344155",BJ27,Teileinspeisung (einschließlich Eigenverbrauch),1050,94078,Freyung-Grafenau,Freyung,Aigenstadl,1,Bayern,13.500817,48.810808,1908,NA,FALSE,NA,Laufwasseranlage,NA
SEE930644880600,ABR982438629292,Wasser,"SEE908180148553, SEE930644880600, SEE935023344155",BJ26,Teileinspeisung (einschließlich Eigenverbrauch),1350,94078,Freyung-Grafenau,Freyung,Aigenstadl,1,Bayern,13.500789,48.81081,1908,NA,FALSE,NA,Laufwasseranlage,NA
SEE935023344155,ABR982438629292,Wasser,"SEE908180148553, SEE930644880600, SEE935023344155",BJ25,Teileinspeisung (einschließlich Eigenverbrauch),1350,94078,Freyung-Grafenau,Freyung,Aigenstadl,1,Bayern,13.500915000000001,48.810579,1908,NA,FALSE,NA,Laufwasseranlage,NA
SEE953919819037,ABR982438629292,Wasser,"SEE993387803589, SEE953919819037, SEE993874339485, SEE992451305493",BJ13,Teileinspeisung (einschließlich Eigenverbrauch),1200,94078,Freyung-Grafenau,Freyung,Aigenstadl,1,Bayern,13.499195,48.811527,1904,NA,FALSE,NA,Laufwasseranlage,NA
SEE992451305493,ABR982438629292,Wasser,"SEE993387803589, SEE953919819037, SEE993874339485, SEE992451305493",BJ11,Teileinspeisung (einschließlich Eigenverbrauch),1250,94078,Freyung-Grafenau,Freyung,Aigenstadl,1,Bayern,13.500352,48.811244,1904,NA,FALSE,NA,Laufwasseranlage,NA
SEE924669631507,ABR915068942295,Wasser,"SEE924669631507, SEE940365032028",WKW Freudenberg M1,Teileinspeisung (einschließlich Eigenverbrauch),2150,97896,Main-Tauber-Kreis,Freudenberg,Schleusenweg,10,Baden-Württemberg,9.31997,49.75436,1934,NA,FALSE,NA,Laufwasseranlage,NA
SEE904492858944,ABR925974012494,Wasser,"SEE904492858944, SEE902101762255",Baldeney Maschine 1,Volleinspeisung,4550,45133,Essen,Essen,Freiherr-vom-Stein-Str.,100,Nordrhein-Westfalen,7.000815,51.397281,1933,NA,FALSE,NA,Laufwasseranlage,NA
SEE902101762255,ABR925974012494,Wasser,"SEE904492858944, SEE902101762255",Baldeney Maschine 2,Volleinspeisung,4550,45133,Essen,Essen,Freiherr-vom-Stein-Str.,100,Nordrhein-Westfalen,7.000815,51.397281,1993,NA,FALSE,NA,Laufwasseranlage,NA
SEE920202521878,ABR915068942295,Wasser,SEE920202521878,WKW Lauffen M1,Teileinspeisung (einschließlich Eigenverbrauch),2500,74348,Heilbronn,Lauffen,Neckarstraße,51 1,Baden-Württemberg,9.16017,49.07224,1942,NA,FALSE,NA,Laufwasseranlage,NA
SEE937849602679,ABR925974012494,Wasser,"SEE937849602679, SEE937360320199, SEE920872442510, SEE906312850534",Detzem Maschine 1,Volleinspeisung,6000,54340,Trier-Saarburg,Detzem,Am Moselufer,1,Rheinland-Pfalz,6.841582,49.824611,1962,NA,FALSE,NA,Laufwasseranlage,NA
SEE937360320199,ABR925974012494,Wasser,"SEE937849602679, SEE937360320199, SEE920872442510, SEE906312850534",Detzem Maschine 2,Volleinspeisung,6000,54340,Trier-Saarburg,Detzem,Am Moselufer,1,Rheinland-Pfalz,6.841582,49.824611,1962,NA,FALSE,NA,Laufwasseranlage,NA
SEE920872442510,ABR925974012494,Wasser,"SEE937849602679, SEE937360320199, SEE920872442510, SEE906312850534",Detzem Maschine 3,Volleinspeisung,6000,54340,Trier-Saarburg,Detzem,Am Moselufer,1,Rheinland-Pfalz,6.841582,49.824611,1962,NA,FALSE,NA,Laufwasseranlage,NA
SEE906312850534,ABR925974012494,Wasser,"SEE937849602679, SEE937360320199, SEE920872442510, SEE906312850534",Detzem Maschine 4,Volleinspeisung,6000,54340,Trier-Saarburg,Detzem,Am Moselufer,1,Rheinland-Pfalz,6.841582,49.824611,1962,NA,FALSE,NA,Laufwasseranlage,NA
SEE990386558748,ABR925974012494,Wasser,"SEE990386558748, SEE908296774073, SEE953280009242, SEE919660881013",Dhronwerk Maschine 1,Volleinspeisung,2027,54340,Trier-Saarburg,Leiwen,Euchariusstraße,1,Rheinland-Pfalz,6.883632,49.821627,1913,NA,FALSE,NA,Speicherwasseranlage,NA
SEE925878652192,ABR925974012494,Wasser,"SEE925878652192, SEE929405778768, SEE991358537341, SEE968613122536",Enkirch Maschine 1,Volleinspeisung,4600,56850,Bernkastel-Wittlich,Enkirch,An der B 53,1,Rheinland-Pfalz,7.127371,49.978199,1966,NA,FALSE,NA,Laufwasseranlage,NA
SEE929405778768,ABR925974012494,Wasser,"SEE925878652192, SEE929405778768, SEE991358537341, SEE968613122536",Enkirch Maschine 2,Volleinspeisung,4600,56850,Bernkastel-Wittlich,Enkirch,An der B 53,1,Rheinland-Pfalz,7.127371,49.978199,1966,NA,FALSE,NA,Laufwasseranlage,NA
SEE991358537341,ABR925974012494,Wasser,"SEE925878652192, SEE929405778768, SEE991358537341, SEE968613122536",Enkirch Maschine 3,Volleinspeisung,4600,56850,Bernkastel-Wittlich,Enkirch,An der B 53,1,Rheinland-Pfalz,7.127371,49.978199,1966,NA,FALSE,NA,Laufwasseranlage,NA
SEE968613122536,ABR925974012494,Wasser,"SEE925878652192, SEE929405778768, SEE991358537341, SEE968613122536",Enkirch Maschine 4,Volleinspeisung,4600,56850,Bernkastel-Wittlich,Enkirch,An der B 53,1,Rheinland-Pfalz,7.127371,49.978199,1966,NA,FALSE,NA,Laufwasseranlage,NA
SEE971746670720,ABR925974012494,Wasser,"SEE971746670720, SEE999735538103, SEE966521084113, SEE991810618885",Fankel Maschine 1,Volleinspeisung,4100,56814,Cochem-Zell,Bruttig-Fankel,Am Stausee,NA,Rheinland-Pfalz,7.225694,50.123925,1963,NA,FALSE,NA,Laufwasseranlage,NA
SEE999735538103,ABR925974012494,Wasser,"SEE971746670720, SEE999735538103, SEE966521084113, SEE991810618885",Fankel Maschine 2,Volleinspeisung,4100,56814,Cochem-Zell,Bruttig-Fankel,Am Stausee,NA,Rheinland-Pfalz,7.225694,50.123925,1963,NA,FALSE,NA,Laufwasseranlage,NA
SEE966521084113,ABR925974012494,Wasser,"SEE971746670720, SEE999735538103, SEE966521084113, SEE991810618885",Fankel Maschine 3,Volleinspeisung,4100,56814,Cochem-Zell,Bruttig-Fankel,Am Stausee,NA,Rheinland-Pfalz,7.225694,50.123925,1963,NA,FALSE,NA,Laufwasseranlage,NA
SEE991810618885,ABR925974012494,Wasser,"SEE971746670720, SEE999735538103, SEE966521084113, SEE991810618885",Fankel Maschine 4,Volleinspeisung,4100,56814,Cochem-Zell,Bruttig-Fankel,Am Stausee,NA,Rheinland-Pfalz,7.225694,50.123925,1963,NA,FALSE,NA,Laufwasseranlage,NA
SEE944656117388,ABR925974012494,Wasser,"SEE944656117388, SEE977356213593",Heimbach Maschine 1,Volleinspeisung,8000,52396,Düren,Heimbach,Kleestraße,NA,Nordrhein-Westfalen,6.479026,50.628592,1905,NA,FALSE,NA,Speicherwasseranlage,NA
SEE977356213593,ABR925974012494,Wasser,"SEE944656117388, SEE977356213593",Heimbach Maschine 2,Volleinspeisung,8000,52396,Düren,Heimbach,Kleestraße,NA,Nordrhein-Westfalen,6.479026,50.628592,1905,NA,FALSE,NA,Speicherwasseranlage,NA
SEE959484452549,ABR925974012494,Wasser,"SEE959484452549, SEE910821502136",Kanzem Maschine 1,Volleinspeisung,1150,54441,Trier-Saarburg,Kanzem,Alter Weg,1,Rheinland-Pfalz,6.576964,49.665679,1987,NA,FALSE,NA,Laufwasseranlage,NA
SEE910821502136,ABR925974012494,Wasser,"SEE959484452549, SEE910821502136",Kanzem Maschine 2,Volleinspeisung,1150,54441,Trier-Saarburg,Kanzem,Alter Weg,1,Rheinland-Pfalz,6.576964,49.665679,1987,NA,FALSE,NA,Laufwasseranlage,NA
SEE969960549656,ABR925974012494,Wasser,"SEE969960549656, SEE960468805602, SEE984419170205",Kettwig Maschine 1,Volleinspeisung,1544,45219,Essen,Essen,Zur Alten Fähre,32,Nordrhein-Westfalen,6.935374,51.360374,1949,NA,FALSE,NA,Laufwasseranlage,NA
SEE960468805602,ABR925974012494,Wasser,"SEE969960549656, SEE960468805602, SEE984419170205",Kettwig Maschine 2,Volleinspeisung,1544,45219,Essen,Essen,Zur Alten Fähre,32,Nordrhein-Westfalen,6.935374,51.360374,1949,NA,FALSE,NA,Laufwasseranlage,NA
SEE984419170205,ABR925974012494,Wasser,"SEE969960549656, SEE960468805602, SEE984419170205",Kettwig Maschine 3,Volleinspeisung,1544,45219,Essen,Essen,Zur Alten Fähre,32,Nordrhein-Westfalen,6.935374,51.360374,1949,NA,FALSE,NA,Laufwasseranlage,NA
SEE931158678738,ABR925974012494,Wasser,"SEE931158678738, SEE996485724770, SEE996357195448, SEE961061178896",Koblenz Maschine 1,Volleinspeisung,4000,56073,Koblenz,Koblenz,Pastor-Klein-Straße,NA,Rheinland-Pfalz,7.581639,50.36601,1951,NA,FALSE,NA,Laufwasseranlage,NA
SEE996485724770,ABR925974012494,Wasser,"SEE931158678738, SEE996485724770, SEE996357195448, SEE961061178896",Koblenz Maschine 2,Volleinspeisung,4000,56073,Koblenz,Koblenz,Pastor-Klein-Straße,NA,Rheinland-Pfalz,7.581639,50.36601,1951,NA,FALSE,NA,Laufwasseranlage,NA
SEE996357195448,ABR925974012494,Wasser,"SEE931158678738, SEE996485724770, SEE996357195448, SEE961061178896",Koblenz Maschine 3,Volleinspeisung,4000,56073,Koblenz,Koblenz,Pastor-Klein-Straße,NA,Rheinland-Pfalz,7.581639,50.36601,1951,NA,FALSE,NA,Laufwasseranlage,NA
SEE961061178896,ABR925974012494,Wasser,"SEE931158678738, SEE996485724770, SEE996357195448, SEE961061178896",Koblenz Maschine 4,Volleinspeisung,4000,56073,Koblenz,Koblenz,Pastor-Klein-Straße,NA,Rheinland-Pfalz,7.581639,50.36601,1951,NA,FALSE,NA,Laufwasseranlage,NA
SEE986868067259,ABR925974012494,Wasser,SEE986868067259,Lisdorf Maschine 1,Volleinspeisung,1400,66740,Saarlouis,Saarlouis,An der Kappelnmühle,NA,Saarland,6.765019,49.295681,1987,NA,FALSE,NA,Laufwasseranlage,NA
SEE950135068416,ABR925974012494,Wasser,"SEE950135068416, SEE964590313721",Mettlach Maschine 1,Volleinspeisung,3250,66693,Merzig-Wadern,Mettlach,Oktavienstraße,26,Saarland,6.582261,49.491556,1984,NA,FALSE,NA,Laufwasseranlage,NA
SEE964590313721,ABR925974012494,Wasser,"SEE950135068416, SEE964590313721",Mettlach Maschine 2,Volleinspeisung,3250,66693,Merzig-Wadern,Mettlach,Oktavienstraße,26,Saarland,6.582261,49.491556,1984,NA,FALSE,NA,Laufwasseranlage,NA
SEE969618944758,ABR925974012494,Wasser,"SEE969618944758, SEE931088083121, SEE941420464426, SEE961196425506",Zeltingen Maschine 1,Volleinspeisung,3400,54492,Bernkastel-Wittlich,Zeltingen-Rachtig,Uferallee,1,Rheinland-Pfalz,7.022275,49.951866,1964,NA,FALSE,NA,Laufwasseranlage,NA
SEE931088083121,ABR925974012494,Wasser,"SEE969618944758, SEE931088083121, SEE941420464426, SEE961196425506",Zeltingen Maschine 2,Volleinspeisung,3400,54492,Bernkastel-Wittlich,Zeltingen-Rachtig,Uferallee,1,Rheinland-Pfalz,7.022275,49.951866,1964,NA,FALSE,NA,Laufwasseranlage,NA
SEE941420464426,ABR925974012494,Wasser,"SEE969618944758, SEE931088083121, SEE941420464426, SEE961196425506",Zeltingen Maschine 3,Volleinspeisung,3400,54492,Bernkastel-Wittlich,Zeltingen-Rachtig,Uferallee,1,Rheinland-Pfalz,7.022275,49.951866,1964,NA,FALSE,NA,Laufwasseranlage,NA
SEE961196425506,ABR925974012494,Wasser,"SEE969618944758, SEE931088083121, SEE941420464426, SEE961196425506",Zeltingen Maschine 4,Volleinspeisung,3400,54492,Bernkastel-Wittlich,Zeltingen-Rachtig,Uferallee,1,Rheinland-Pfalz,7.022275,49.951866,1964,NA,FALSE,NA,Laufwasseranlage,NA
SEE914513090444,ABR925974012494,Wasser,"SEE914513090444, SEE922911017253, SEE923624580645, SEE934654061066",Wintrich Maschine 1,Volleinspeisung,5000,54487,Bernkastel-Wittlich,Wintrich,Am Stauwehr,6,Rheinland-Pfalz,6.94986,49.880512,1965,NA,FALSE,NA,Laufwasseranlage,NA
SEE922911017253,ABR925974012494,Wasser,"SEE914513090444, SEE922911017253, SEE923624580645, SEE934654061066",Wintrich Maschine 2,Volleinspeisung,5000,54487,Bernkastel-Wittlich,Wintrich,Am Stauwehr,6,Rheinland-Pfalz,6.94986,49.880512,1965,NA,FALSE,NA,Laufwasseranlage,NA
SEE923624580645,ABR925974012494,Wasser,"SEE914513090444, SEE922911017253, SEE923624580645, SEE934654061066",Wintrich Maschine 3,Volleinspeisung,5000,54487,Bernkastel-Wittlich,Wintrich,Am Stauwehr,6,Rheinland-Pfalz,6.94986,49.880512,1965,NA,FALSE,NA,Laufwasseranlage,NA
SEE934654061066,ABR925974012494,Wasser,"SEE914513090444, SEE922911017253, SEE923624580645, SEE934654061066",Wintrich Maschine 4,Volleinspeisung,5000,54487,Bernkastel-Wittlich,Wintrich,Am Stauwehr,6,Rheinland-Pfalz,6.94986,49.880512,1965,NA,FALSE,NA,Laufwasseranlage,NA
SEE950624794208,ABR925974012494,Wasser,"SEE950624794208, SEE967019106539, SEE941176001043, SEE936922240418",Lehmen Maschine 1,Volleinspeisung,5000,56332,Mayen-Koblenz,Niederfell,An der B49,NA,Rheinland-Pfalz,7.460082,50.274805,1962,NA,FALSE,NA,Laufwasseranlage,NA
SEE967019106539,ABR925974012494,Wasser,"SEE950624794208, SEE967019106539, SEE941176001043, SEE936922240418",Lehmen Maschine 2,Volleinspeisung,5000,56332,Mayen-Koblenz,Niederfell,An der B49,NA,Rheinland-Pfalz,7.460082,50.274805,1962,NA,FALSE,NA,Laufwasseranlage,NA
SEE941176001043,ABR925974012494,Wasser,"SEE950624794208, SEE967019106539, SEE941176001043, SEE936922240418",Lehmen Maschiene 3,Volleinspeisung,5000,56332,Mayen-Koblenz,Niederfell,An der B49,NA,Rheinland-Pfalz,7.460082,50.274805,1962,NA,FALSE,NA,Laufwasseranlage,NA
SEE936922240418,ABR925974012494,Wasser,"SEE950624794208, SEE967019106539, SEE941176001043, SEE936922240418",Lehmen Maschine 4,Volleinspeisung,5000,56332,Mayen-Koblenz,Niederfell,An der B49,NA,Rheinland-Pfalz,7.460082,50.274805,1962,NA,FALSE,NA,Laufwasseranlage,NA
SEE940474876544,ABR925974012494,Wasser,"SEE940474876544, SEE992559962321, SEE918483749111, SEE931478434564",Müden Maschine 1,Volleinspeisung,4100,56254,Cochem-Zell,Müden,An der B416,NA,Rheinland-Pfalz,7.332838,50.184978,1965,NA,FALSE,NA,Laufwasseranlage,NA
SEE992559962321,ABR925974012494,Wasser,"SEE940474876544, SEE992559962321, SEE918483749111, SEE931478434564",Müden Maschine 2,Volleinspeisung,4100,56254,Cochem-Zell,Müden,An der B416,NA,Rheinland-Pfalz,7.332838,50.184978,1965,NA,FALSE,NA,Laufwasseranlage,NA
SEE918483749111,ABR925974012494,Wasser,"SEE940474876544, SEE992559962321, SEE918483749111, SEE931478434564",Müden Maschine 3,Volleinspeisung,4100,56254,Cochem-Zell,Müden,An der B416,NA,Rheinland-Pfalz,7.332838,50.184978,1965,NA,FALSE,NA,Laufwasseranlage,NA
SEE931478434564,ABR925974012494,Wasser,"SEE940474876544, SEE992559962321, SEE918483749111, SEE931478434564",Müden Maschine 4,Volleinspeisung,4100,56254,Cochem-Zell,Müden,An der B416,NA,Rheinland-Pfalz,7.332838,50.184978,1965,NA,FALSE,NA,Laufwasseranlage,NA
SEE966970929270,ABR925974012494,Wasser,"SEE966970929270, SEE997982071411, SEE944886199833, SEE985446296883",Neef Maschine 1,Volleinspeisung,4100,56858,Cochem-Zell,Neef,Moseluferstraße,NA,Rheinland-Pfalz,7.136049,50.087306,1966,NA,FALSE,NA,Laufwasseranlage,NA
SEE997982071411,ABR925974012494,Wasser,"SEE966970929270, SEE997982071411, SEE944886199833, SEE985446296883",Neef Maschine 2,Volleinspeisung,4100,56858,Cochem-Zell,Neef,Moseluferstraße,NA,Rheinland-Pfalz,7.136049,50.087306,1966,NA,FALSE,NA,Laufwasseranlage,NA
SEE944886199833,ABR925974012494,Wasser,"SEE966970929270, SEE997982071411, SEE944886199833, SEE985446296883",Neef Maschine 3,Volleinspeisung,4100,56858,Cochem-Zell,Neef,Moseluferstraße,NA,Rheinland-Pfalz,7.136049,50.087306,1966,NA,FALSE,NA,Laufwasseranlage,NA
SEE985446296883,ABR925974012494,Wasser,"SEE966970929270, SEE997982071411, SEE944886199833, SEE985446296883",Neef Maschine 4,Volleinspeisung,4100,56858,Cochem-Zell,Neef,Moseluferstraße,NA,Rheinland-Pfalz,7.136049,50.087306,1966,NA,FALSE,NA,Laufwasseranlage,NA
SEE973130941546,ABR925974012494,Wasser,"SEE973130941546, SEE957410090674",Rehlingen Maschine 1,Volleinspeisung,2250,66701,Merzig-Wadern,Beckingen,An der Staustufe,NA,Saarland,6.699235,49.373781,1982,NA,FALSE,NA,Laufwasseranlage,NA
SEE957410090674,ABR925974012494,Wasser,"SEE973130941546, SEE957410090674",Rehlingen Maschine 2,Volleinspeisung,2250,66701,Merzig-Wadern,Beckingen,An der Staustufe,NA,Saarland,6.699235,49.373781,1982,NA,FALSE,NA,Laufwasseranlage,NA
SEE965922127559,ABR925974012494,Wasser,"SEE965922127559, SEE941619779157, SEE977519384276, SEE909057995010",Trier Maschine 1,Volleinspeisung,4700,54294,Trier,Trier,An der B51,NA,Rheinland-Pfalz,6.624563,49.727954,1962,NA,FALSE,NA,Laufwasseranlage,NA
SEE941619779157,ABR925974012494,Wasser,"SEE965922127559, SEE941619779157, SEE977519384276, SEE909057995010",Trier Maschine 2,Volleinspeisung,4700,54294,Trier,Trier,An der B51,NA,Rheinland-Pfalz,6.624563,49.727954,1962,NA,FALSE,NA,Laufwasseranlage,NA
SEE977519384276,ABR925974012494,Wasser,"SEE965922127559, SEE941619779157, SEE977519384276, SEE909057995010",Trier Maschiene 3,Volleinspeisung,4700,54294,Trier,Trier,An der B51,NA,Rheinland-Pfalz,6.624563,49.727954,1962,NA,FALSE,NA,Laufwasseranlage,NA
SEE909057995010,ABR925974012494,Wasser,"SEE965922127559, SEE941619779157, SEE977519384276, SEE909057995010",Trier Maschine 4,Volleinspeisung,4700,54294,Trier,Trier,An der B51,NA,Rheinland-Pfalz,6.624563,49.727954,1962,NA,FALSE,NA,Laufwasseranlage,NA
SEE965607171433,ABR925974012494,Wasser,SEE965607171433,Saarbrücken Maschine 1,Volleinspeisung,2200,66115,Regionalverband Saarbrücken,Saarbrücken,An der Staustufe,NA,Saarland,6.929466,49.240277,1999,NA,FALSE,NA,Laufwasseranlage,NA
SEE911476679648,ABR925974012494,Wasser,"SEE911476679648, SEE918573116014",Serrig Maschine 1,Volleinspeisung,6050,54441,Trier-Saarburg,Taben-Rodt,An der Staustufe,44,Rheinland-Pfalz,6.59306,49.56614,1985,NA,FALSE,NA,Laufwasseranlage,NA
SEE918573116014,ABR925974012494,Wasser,"SEE911476679648, SEE918573116014",Serrig Maschine 2,Volleinspeisung,6050,54441,Trier-Saarburg,Taben-Rodt,An der Staustufe,44,Rheinland-Pfalz,6.59306,49.56614,1985,NA,FALSE,NA,Laufwasseranlage,NA
SEE997586162263,ABR915068942295,Wasser,"SEE997586162263, SEE917250397289, SEE977812651266, SEE968905495126",RKI Iffezheim M1,Teileinspeisung (einschließlich Eigenverbrauch),27000,76473,Rastatt,Iffezheim,An der Staustufe,27,Baden-Württemberg,8.110667,48.832775,1978,NA,FALSE,Rheinkraftwerk Iffezheim,Laufwasseranlage,NA
SEE917250397289,ABR915068942295,Wasser,"SEE997586162263, SEE917250397289, SEE977812651266, SEE968905495126",RKI Iffezheim M2,Teileinspeisung (einschließlich Eigenverbrauch),27000,76473,Rastatt,Iffezheim,An der Staustufe,27,Baden-Württemberg,8.110667,48.832775,1978,NA,FALSE,Rheinkraftwerk Iffezheim,Laufwasseranlage,NA
SEE977812651266,ABR915068942295,Wasser,"SEE997586162263, SEE917250397289, SEE977812651266, SEE968905495126",RKI Iffezheim M3,Teileinspeisung (einschließlich Eigenverbrauch),27000,76473,Rastatt,Iffezheim,An der Staustufe,27,Baden-Württemberg,8.110667,48.832775,1978,NA,FALSE,Rheinkraftwerk Iffezheim,Laufwasseranlage,NA
SEE944282768275,ABR912255793326,Wasser,SEE944282768275,Wasserkraftwerk Affoldern,Volleinspeisung,3200,34549,Waldeck-Frankenberg,Edertal,Am Mühlengraben,NA,Hessen,9.083188,51.164119,1929,NA,FALSE,NA,Laufwasseranlage,NA
SEE968905495126,ABR915068942295,Wasser,"SEE997586162263, SEE917250397289, SEE977812651266, SEE968905495126",RKI Iffezheim M4,Teileinspeisung (einschließlich Eigenverbrauch),27000,76473,Rastatt,Iffezheim,An der Staustufe,27,Baden-Württemberg,8.110667,48.832775,1978,NA,FALSE,Rheinkraftwerk Iffezheim,Laufwasseranlage,NA
SEE946412220059,ABR915068942295,Wasser,SEE946412220059,RKI Iffezheim M5,Teileinspeisung (einschließlich Eigenverbrauch),38850,76473,Rastatt,Iffezheim,An der Staustufe,27,Baden-Württemberg,8.110667,48.832775,2013,NA,FALSE,Rheinkraftwerk Iffezheim,Laufwasseranlage,NA
SEE980274382876,ABR915068942295,Wasser,SEE980274382876,RKI Iffezheim M6 Fischpass,Teileinspeisung (einschließlich Eigenverbrauch),1050,76473,Rastatt,Iffezheim,An der Staustufe,27,Baden-Württemberg,8.11023,48.83309,2001,NA,FALSE,NA,Laufwasseranlage,NA
SEE959257013229,ABR931456877406,Wasser,SEE959257013229,RKI Kehl M1,Teileinspeisung (einschließlich Eigenverbrauch),1360,77694,Ortenaukreis,Kehl,Kulturwehrstraße,2,Baden-Württemberg,7.80723,48.54637,2009,NA,FALSE,NA,Laufwasseranlage,NA
SEE911717955975,ABR999430332785,Wasser,"SEE911717955975, SEE912312351919",WKW Horkheim M1,Teileinspeisung (einschließlich Eigenverbrauch),2150,74081,Heilbronn,Heilbronn,Schleusenstraße,37,Baden-Württemberg,9.19514,49.12454,1929,NA,FALSE,NA,Laufwasseranlage,NA
SEE912312351919,ABR999430332785,Wasser,"SEE911717955975, SEE912312351919",WKW Horkheim M2,Teileinspeisung (einschließlich Eigenverbrauch),2150,74081,Heilbronn,Heilbronn,Schleusenstraße,37,Baden-Württemberg,9.16595,49.11794,1929,NA,FALSE,NA,Laufwasseranlage,NA
SEE954055722441,ABR907506418141,Wasser,SEE954055722441,TW Regensburg (Ro) K1,Volleinspeisung,2300,93049,Regensburg,Regensburg,Winzerweg,6,Bayern,12.0778,49.0284,1990,NA,FALSE,NA,Laufwasseranlage,NA
SEE980236751542,ABR912255793326,Wasser,SEE980236751542,Wasserkraftwerk Drakenburg,Volleinspeisung,5633,31623,Nienburg (Weser),Drakenburg,Balger Straße,1,Niedersachsen,9.210493,52.689892,1956,NA,FALSE,NA,Laufwasseranlage,NA
SEE948068633795,ABR912255793326,Wasser,SEE948068633795,Wasserkraftwerk Dörverden,Volleinspeisung,5000,27313,Verden,Dörverden,Sympherallee,56,Niedersachsen,9.212374,52.852579,1914,NA,FALSE,NA,Laufwasseranlage,NA
SEE994615652641,ABR912255793326,Wasser,SEE994615652641,Wasserkraftwerk Langwedel,Volleinspeisung,6468,27337,Verden,Blender,Am Wehr,1,Niedersachsen,9.152923,52.963663,1958,NA,FALSE,NA,Laufwasseranlage,NA
SEE918960474468,ABR977231640704,Wasser,"SEE918960474468, SEE964833150069, SEE905381729390",SKWE T1,Volleinspeisung,1400,83404,Berchtesgadener Land,Ainring,Saalachau,4,Bayern,12.953783,47.793492,1987,NA,FALSE,NA,Laufwasseranlage,NA
SEE964833150069,ABR977231640704,Wasser,"SEE918960474468, SEE964833150069, SEE905381729390",SKWE T2,Volleinspeisung,1400,83404,Berchtesgadener Land,Ainring,Saalachau,4,Bayern,12.953783,47.793492,1987,NA,FALSE,NA,Laufwasseranlage,NA
SEE964628336104,ABR915078705217,Wasser,SEE964628336104,Wasserkraft Lister,Volleinspeisung,2040,57439,Olpe,Attendorn,Listertalstraße,2,Nordrhein-Westfalen,7.852993,51.097067,1965,NA,FALSE,NA,Wasserkraftanlage in Brauchwassersystem,NA
SEE925688545622,ABR912255793326,Wasser,SEE925688545622,Wasserkraftwerk Werrawerk,Volleinspeisung,2600,34346,Göttingen,Hann. Münden,Letzter Heller,8,Niedersachsen,9.710029,51.408727,1924,NA,FALSE,NA,Laufwasseranlage,NA
SEE951159196086,ABR999430332785,Wasser,SEE951159196086,WKW Lauffen,NA,2500,74348,Heilbronn,Lauffen,Neckarstraße,51 1,Baden-Württemberg,9.160057,49.072172,1942,NA,FALSE,NA,Laufwasseranlage,NA
SEE952350247010,ABR912255793326,Wasser,SEE952350247010,Laufwasserkraftwerk Wahnhausen,Volleinspeisung,4000,34346,Göttingen,Hann. Münden,Letzter Heller,8,Niedersachsen,9.710029,51.408727,1980,NA,FALSE,NA,Laufwasseranlage,NA
SEE978319002940,ABR912255793326,Wasser,SEE978319002940,Laufwasserkraftwerk Schlüsselburg,Volleinspeisung,5633,27337,Verden,Blender,Am Wehr,1,Niedersachsen,9.082528,52.482184,1958,NA,FALSE,NA,Laufwasseranlage,NA
SEE977976723557,ABR912255793326,Wasser,SEE977976723557,Laufwasserkraftwerk Landesbergen,Volleinspeisung,4500,27313,Verden,Dörverden,Sympherallee,56 y,Niedersachsen,9.111688,52.575945,1991,NA,FALSE,NA,Laufwasseranlage,NA
SEE908414233055,ABR995637607350,Wasser,SEE908414233055,KW-Feudenheim_MA0005,Teileinspeisung (einschließlich Eigenverbrauch),1300,68259,Mannheim,Mannheim,Lauffener Straße,74,Baden-Württemberg,8.534695,49.478025,2011,NA,FALSE,NA,Laufwasseranlage,NA
SEE959082252213,ABR912255793326,Wasser,"SEE959082252213, SEE909712947040, SEE936572436667",Laufwasserkraftwerk Petershagen - Einheit 1,Volleinspeisung,1120,32469,Minden-Lübbecke,Petershagen,Am Wehr,NA,Nordrhein-Westfalen,8.980619,52.367579,1953,NA,FALSE,NA,Laufwasseranlage,NA
SEE903194846822,ABR989687554566,Wasser,"SEE903194846822, SEE956832567474",WU KH01 E221 01 G01,Teileinspeisung (einschließlich Eigenverbrauch),1250,42477,Oberbergischer Kreis,Radevormwald,Rader Straße,1,Nordrhein-Westfalen,7.300657,51.199395,1988,NA,FALSE,NA,Laufwasseranlage,NA
SEE993873124600,ABR995637607350,Wasser,SEE993873124600,KW-Feudenheim_MA0004,Teileinspeisung (einschließlich Eigenverbrauch),5000,68259,Mannheim,Mannheim,Lauffener Straße,74,Baden-Württemberg,8.534695,49.478025,1927,NA,FALSE,NA,Laufwasseranlage,NA
SEE900600559253,ABR937637196106,Wasser,SEE900600559253,RADAG Wehrkraftwerk,Volleinspeisung,28450,79804,Waldshut,Dogern,Zollstraße,NA,Baden-Württemberg,8.171721,47.597978,2009,NA,FALSE,Rheinkraftwerk Albbruck-Dogern (RADAG),Laufwasseranlage,NA
SEE907686447658,ABR935436324768,Wasser,SEE907686447658,Sperrenkraftwerk Wehr,Volleinspeisung,1200,79664,Waldshut,Wehr,Todtmooser Straße,150,Baden-Württemberg,7.925798,47.652259,2001,NA,FALSE,NA,Laufwasseranlage,NA
SEE901752522324,ABR915068942295,Wasser,SEE901752522324,Rheinhafen-Dampfkraftwerk RDK 8 Wasserturbine,Teileinspeisung (einschließlich Eigenverbrauch),1800,76189,Karlsruhe,Karlsruhe,Fettweisstraße,42,Baden-Württemberg,8.30523,49.01346,2014,NA,FALSE,NA,Abwasserkraftanlage,NA
SEE955978509164,ABR988666610835,Wasser,"SEE955978509164, SEE937356687909, SEE990364668339",SKW Hohenwarte 1 Maschine C,Volleinspeisung,4000,07338,Saalfeld-Rudolstadt,Hohenwarte,Ortsstraße,NA,Thüringen,11.49,50.61,1941,NA,FALSE,NA,Speicherwasseranlage,NA
SEE948851382060,ABR988666610835,Wasser,SEE948851382060,SKW Eichicht Maschine D,Volleinspeisung,1700,07338,Saalfeld-Rudolstadt,Kaulsdorf,Am Ausgleichbecken,0,Thüringen,11.447822,50.614534,1945,NA,FALSE,NA,Speicherwasseranlage,NA
SEE971797699879,ABR988666610835,Wasser,SEE971797699879,SKW Eichicht Maschine E,Volleinspeisung,1700,07338,Saalfeld-Rudolstadt,Kaulsdorf,Am Ausgleichbecken,0,Thüringen,11.447822,50.614534,1946,NA,FALSE,NA,Speicherwasseranlage,NA
SEE950536544908,ABR997116496912,Wasser,"SEE950536544908, SEE961226195928, SEE944229371742",Kraftwerk Feldkirchen MS1,Volleinspeisung,12733,83543,Rosenheim,Rott,Oberwöhrn,100,Bayern,12.156944,47.960556,1970,NA,FALSE,Kraftwerk Feldkirchen,Laufwasseranlage,NA
SEE946979186225,ABR997116496912,Wasser,"SEE946979186225, SEE991316727548, SEE931012437020, SEE969267129582, SEE953174240607, SEE941548257580",Triebwerk Gars,Volleinspeisung,5000,83536,Mühldorf a. Inn,Gars,Agg,4,Bayern,12.313904,48.152881,2013,NA,FALSE,NA,Laufwasseranlage,NA
SEE969507902654,ABR997116496912,Wasser,"SEE969507902654, SEE967404406039, SEE943021591570, SEE995735564722, SEE968493660913, SEE995049451596, SEE937353642390, SEE927407069969, SEE978319698396, SEE984899087819, SEE982484501641",Kraftwerk Wasserburg MS1 20 kV,Volleinspeisung,4820,83512,Rosenheim,Wasserburg,Innwerkstraße,15,Bayern,12.219167,48.057778,1938,NA,FALSE,Kraftwerk Wasserburg,Laufwasseranlage,NA
SEE989745723057,ABR997116496912,Wasser,"SEE989745723057, SEE971686772294, SEE927234931354, SEE900123363948, SEE985411751317",Kraftwerk Teufelsbruck MS1,Volleinspeisung,5000,83564,Rosenheim,Soyen,Ponschabaustraße,25,Bayern,12.271667,48.114444,1938,NA,FALSE,NA,Laufwasseranlage,NA
SEE967404406039,ABR997116496912,Wasser,"SEE969507902654, SEE967404406039, SEE943021591570, SEE995735564722, SEE968493660913, SEE995049451596, SEE937353642390, SEE927407069969, SEE978319698396, SEE984899087819, SEE982484501641",Triebwerk Wasserburg,Volleinspeisung,5000,83512,Rosenheim,Wasserburg,Ponschabaustraße,30,Bayern,12.219444,48.0575,2009,NA,FALSE,NA,Laufwasseranlage,NA
SEE991316727548,ABR997116496912,Wasser,"SEE946979186225, SEE991316727548, SEE931012437020, SEE969267129582, SEE953174240607, SEE941548257580",Kraftwerk Gars MS1,Volleinspeisung,5000,83536,Mühldorf a. Inn,Gars,Agg,4,Bayern,12.312222,48.153611,1938,NA,FALSE,NA,Laufwasseranlage,NA
SEE923908213993,ABR997116496912,Wasser,"SEE923908213993, SEE909616423312",Kraftwerk Jettenbach2 MS1,Volleinspeisung,2500,84555,Mühldorf a. Inn,Jettenbach,Fraham,70,Bayern,12.381765,48.17761,2004,NA,FALSE,NA,Laufwasseranlage,NA
SEE909616423312,ABR997116496912,Wasser,"SEE923908213993, SEE909616423312",Kraftwerk Jettenbach2 MS2,Volleinspeisung,2500,84555,Mühldorf a. Inn,Jettenbach,Fraham,70,Bayern,12.381765,48.17761,2004,NA,FALSE,NA,Laufwasseranlage,NA
SEE987892423134,NA,Wasser,SEE987892423134,Kraftwerk Töging MS1,Volleinspeisung,6093,84513,Altötting,Töging,Werkstraße,18,Bayern,12.585556,48.250278,1924,2021,TRUE,NA,Laufwasseranlage,NA
SEE923389370246,ABR997116496912,Wasser,"SEE923389370246, SEE941348086168, SEE925570951074, SEE931353190974",Kraftwerk Neuötting MS1,Volleinspeisung,8700,84524,Altötting,Neuötting,Innstraße,11,Bayern,12.691111,48.249722,1951,NA,FALSE,NA,Laufwasseranlage,NA
SEE921294761234,ABR997116496912,Wasser,"SEE921294761234, SEE949459256067, SEE974434785997",Kraftwerk Perach MS1,Volleinspeisung,6466,84567,Altötting,Perach,Niederperach,45,Bayern,12.789507,48.261444,1977,NA,FALSE,Kraftwerk Perach,Laufwasseranlage,NA
SEE928246905913,ABR997116496912,Wasser,"SEE928246905913, SEE920405564993, SEE976445927045",Kraftwerk Stammham,Volleinspeisung,7733,84533,Altötting,Stammham,Innstufenstraße,15,Bayern,12.865833,48.247222,1955,NA,FALSE,NA,Laufwasseranlage,NA
SEE918010406043,ABR988666610835,Wasser,"SEE918010406043, SEE946036204770",SKW Wisenta A,Volleinspeisung,1445,07924,Saale-Orla-Kreis,Eßbach,Am Kraftwerk,1,Thüringen,11.71,50.57,1939,NA,FALSE,NA,Speicherwasseranlage,NA
SEE982332501670,ABR997116496912,Wasser,"SEE977512784516, SEE982332501670, SEE947313574326",Kraftwerk Rosenheim MS2,Volleinspeisung,11700,83101,Rosenheim,Rohrdorf,Ahornstraße,10,Bayern,12.153611,47.838056,1960,NA,FALSE,Rosenheim,Laufwasseranlage,NA
SEE946036204770,ABR988666610835,Wasser,"SEE918010406043, SEE946036204770",SKW Wisenta B,Volleinspeisung,1400,07924,Saale-Orla-Kreis,Eßbach,Am Kraftwerk,1,Thüringen,11.71,50.57,1949,NA,FALSE,NA,Speicherwasseranlage,NA
SEE934263406685,ABR988666610835,Wasser,"SEE934263406685, SEE945639527927",SKW Burgkhammer C,Volleinspeisung,1240,07907,Saale-Orla-Kreis,Schleiz,NA,NA,Thüringen,11.72,50.55,1932,NA,FALSE,NA,Speicherwasseranlage,NA
SEE945639527927,ABR988666610835,Wasser,"SEE934263406685, SEE945639527927",SKW Burgkhammer D,Volleinspeisung,1240,07907,Saale-Orla-Kreis,Schleiz,NA,NA,Thüringen,11.72,50.55,1937,NA,FALSE,NA,Speicherwasseranlage,NA
SEE958060508489,ABR905602812955,Wasser,"SEE958060508489, SEE982918539134, SEE907185079756",Hengstey M1,Volleinspeisung,1400,58089,Hagen,Hagen,Seestraße,NA,Nordrhein-Westfalen,7.455568,51.400267,1930,NA,FALSE,NA,Laufwasseranlage,NA
SEE982918539134,ABR905602812955,Wasser,"SEE958060508489, SEE982918539134, SEE907185079756",Hengstey M2,Volleinspeisung,1120,58089,Hagen,Hagen,Seestraße,NA,Nordrhein-Westfalen,7.455568,51.400267,1930,NA,FALSE,NA,Laufwasseranlage,NA
SEE907185079756,ABR905602812955,Wasser,"SEE958060508489, SEE982918539134, SEE907185079756",Hengstey M3,Volleinspeisung,1400,58089,Hagen,Hagen,Seestraße,NA,Nordrhein-Westfalen,7.455568,51.400267,1930,NA,FALSE,NA,Laufwasseranlage,NA
SEE985430056127,ABR907042335667,Wasser,"SEE985430056127, SEE940155566344",Rockenau M1,Volleinspeisung,2850,69412,Rhein-Neckar-Kreis,Eberbach,Neckarelzer Landstraße,12,Baden-Württemberg,9.006024,49.431553,1933,NA,FALSE,NA,Laufwasseranlage,NA
SEE940155566344,ABR907042335667,Wasser,"SEE985430056127, SEE940155566344",Rockenau M2,Volleinspeisung,2850,69412,Rhein-Neckar-Kreis,Eberbach,Neckarelzer Landstraße,12,Baden-Württemberg,9.006024,49.431553,1933,NA,FALSE,NA,Laufwasseranlage,NA
SEE993325149885,ABR915068942295,Wasser,"SEE993325149885, SEE955688807031",WKW Aitrach M1,Teileinspeisung (einschließlich Eigenverbrauch),4500,88319,Ravensburg,Aitrach,Furtweg,13,Baden-Württemberg,10.108,47.93885,1950,NA,FALSE,NA,Laufwasseranlage,NA
SEE955688807031,ABR915068942295,Wasser,"SEE993325149885, SEE955688807031",WKW Aitrach M2,Teileinspeisung (einschließlich Eigenverbrauch),4500,88319,Ravensburg,Aitrach,Furtweg,13,Baden-Württemberg,10.108,47.93885,1950,NA,FALSE,NA,Laufwasseranlage,NA
SEE952563244745,ABR915068942295,Wasser,"SEE952563244745, SEE915930430462, SEE916589914358",WKW Tannheim M1,Teileinspeisung (einschließlich Eigenverbrauch),3000,88459,Biberach,Tannheim,Illerkraftwerk Zwei,NA,Baden-Württemberg,10.11863,48.008,1923,NA,FALSE,NA,Laufwasseranlage,NA
SEE915930430462,ABR915068942295,Wasser,"SEE952563244745, SEE915930430462, SEE916589914358",WKW Tannheim M2,Teileinspeisung (einschließlich Eigenverbrauch),3000,88459,Biberach,Tannheim,Am Illerkraftwerk,2,Baden-Württemberg,10.11863,48.008,1923,NA,FALSE,NA,Laufwasseranlage,NA
SEE916589914358,ABR915068942295,Wasser,"SEE952563244745, SEE915930430462, SEE916589914358",WKW Tannheim M3,Teileinspeisung (einschließlich Eigenverbrauch),3000,88459,Biberach,Tannheim,Am Illerkraftwerk,2,Baden-Württemberg,10.11863,48.008,1923,NA,FALSE,NA,Laufwasseranlage,NA
SEE955790928549,ABR915068942295,Wasser,SEE955790928549,WKW Tannheim M4,Teileinspeisung (einschließlich Eigenverbrauch),4500,88459,Biberach,Tannheim,Illerkraftwerk Zwei,NA,Baden-Württemberg,10.11904,48.00796,1930,NA,FALSE,NA,Laufwasseranlage,NA
SEE944923156256,ABR915068942295,Wasser,"SEE952242150978, SEE944923156256, SEE989300885374, SEE964658207085",WKW Unteropfingen M2,Teileinspeisung (einschließlich Eigenverbrauch),3325,88457,Biberach,Kirchdorf,Kraftwerkstraße,4,Baden-Württemberg,10.12884,48.0632,1924,NA,FALSE,NA,Laufwasseranlage,NA
SEE989300885374,ABR915068942295,Wasser,"SEE952242150978, SEE944923156256, SEE989300885374, SEE964658207085",WKW Unteropfingen M3,Teileinspeisung (einschließlich Eigenverbrauch),3325,88457,Biberach,Kirchdorf,Kraftwerkstraße,4,Baden-Württemberg,10.12884,48.0632,1924,NA,FALSE,NA,Laufwasseranlage,NA
SEE964658207085,ABR915068942295,Wasser,"SEE952242150978, SEE944923156256, SEE989300885374, SEE964658207085",WKW Unteropfingen M4,Teileinspeisung (einschließlich Eigenverbrauch),4225,88457,Biberach,Kirchdorf,Kraftwerkstraße,4,Baden-Württemberg,10.12884,48.0632,1924,NA,FALSE,NA,Laufwasseranlage,NA
SEE965755251490,ABR915068942295,Wasser,"SEE965755251490, SEE929681132193, SEE982923767645, SEE925268162232",WKW Dettingen M1,Teileinspeisung (einschließlich Eigenverbrauch),3600,88451,Biberach,Dettingen,Illerkraftwerk IV,NA,Baden-Württemberg,10.13319,48.11221,2014,NA,FALSE,NA,Laufwasseranlage,NA
SEE929681132193,ABR915068942295,Wasser,"SEE965755251490, SEE929681132193, SEE982923767645, SEE925268162232",WKW Dettingen M2,Teileinspeisung (einschließlich Eigenverbrauch),3600,88451,Biberach,Dettingen,Illerkraftwerk IV,NA,Baden-Württemberg,10.13319,48.11221,1927,NA,FALSE,NA,Laufwasseranlage,NA
SEE982923767645,ABR915068942295,Wasser,"SEE965755251490, SEE929681132193, SEE982923767645, SEE925268162232",WKW Dettingen M3,Teileinspeisung (einschließlich Eigenverbrauch),3600,88451,Biberach,Dettingen,Illerkraftwerk IV,NA,Baden-Württemberg,10.13319,48.11221,1927,NA,FALSE,NA,Laufwasseranlage,NA
SEE940345318739,ABR920022022463,Wasser,SEE940345318739,Drahtzug,Teileinspeisung (einschließlich Eigenverbrauch),2810,87437,Kempten (Allgäu),Kempten,Drahtzug,2,Bayern,10.322931,47.711693,1920,NA,FALSE,NA,Laufwasseranlage,NA
SEE994092353536,ABR915068942295,Wasser,SEE994092353536,WKW Bettenhausen M3,Teileinspeisung (einschließlich Eigenverbrauch),2000,72175,Rottweil,Dornhan,Werkstraße,17,Baden-Württemberg,8.53953,48.37634,1923,NA,FALSE,NA,Laufwasseranlage,NA
SEE976637378563,ABR905602812955,Wasser,"SEE976637378563, SEE982629644189, SEE948594525229",Wetter M1,Volleinspeisung,2400,58300,Ennepe-Ruhr-Kreis,Wetter,Schöntaler Straße,66,Nordrhein-Westfalen,7.392634,51.379547,1931,NA,FALSE,NA,Laufwasseranlage,NA
SEE982629644189,ABR905602812955,Wasser,"SEE976637378563, SEE982629644189, SEE948594525229",Wetter M2,Volleinspeisung,2400,58300,Ennepe-Ruhr-Kreis,Wetter,Schöntaler Straße,66,Nordrhein-Westfalen,7.392634,51.379547,1931,NA,FALSE,NA,Laufwasseranlage,NA
SEE948594525229,ABR905602812955,Wasser,"SEE976637378563, SEE982629644189, SEE948594525229",Wetter M3,Volleinspeisung,2400,58300,Ennepe-Ruhr-Kreis,Wetter,Schöntaler Straße,66,Nordrhein-Westfalen,7.392634,51.379547,1931,NA,FALSE,NA,Laufwasseranlage,NA
SEE952737641967,ABR964445887131,Wasser,"SEE952737641967, SEE975006170401, SEE906502707495",Kochendorf M1,Volleinspeisung,2200,74177,Heilbronn,Bad Friedrichshall,Am Neckarkanal,3,Baden-Württemberg,9.207417,49.216834,1925,NA,FALSE,NA,Laufwasseranlage,NA
SEE975006170401,ABR964445887131,Wasser,"SEE952737641967, SEE975006170401, SEE906502707495",Kochendorf M2,Volleinspeisung,2200,74177,Heilbronn,Bad Friedrichshall,Am Neckarkanal,3,Baden-Württemberg,9.207417,49.216834,1925,NA,FALSE,NA,Laufwasseranlage,NA
SEE906502707495,ABR964445887131,Wasser,"SEE952737641967, SEE975006170401, SEE906502707495",Kochendorf M3,Volleinspeisung,2200,74177,Heilbronn,Bad Friedrichshall,Am Neckarkanal,3,Baden-Württemberg,9.207417,49.216834,1925,NA,FALSE,NA,Laufwasseranlage,NA
SEE918920292644,ABR907042335667,Wasser,"SEE918920292644, SEE943491751207",WKW Kleinostheim M1,Volleinspeisung,4850,63801,Aschaffenburg,Kleinostheim,Schleuse,3,Bayern,9.048779,50.007207,1971,NA,FALSE,NA,Laufwasseranlage,NA
SEE943491751207,ABR907042335667,Wasser,"SEE918920292644, SEE943491751207",WKW Kleinostheim M2,Volleinspeisung,4850,63801,Aschaffenburg,Kleinostheim,Schleuse,3,Bayern,9.048779,50.007207,1971,NA,FALSE,NA,Laufwasseranlage,NA
SEE985107396679,ABR925974012494,Wasser,SEE985107396679,Schwammenauel Maschine 1,Volleinspeisung,14000,52396,Düren,Heimbach,Steinbachtal,NA,Nordrhein-Westfalen,6.444536,50.637915,1938,NA,FALSE,Schwammenauel,Speicherwasseranlage,NA
SEE932789982829,ABR907042335667,Wasser,SEE932789982829,Palzem,Volleinspeisung,4500,54439,Trier-Saarburg,Palzem,Friedens Aue,1,Rheinland-Pfalz,6.371913,49.565935,1964,NA,FALSE,NA,Laufwasseranlage,NA
SEE902383749623,ABR907042335667,Wasser,SEE902383749623,Neckarzimmern,Volleinspeisung,3500,74865,Neckar-Odenwald-Kreis,Neckarzimmern,Neckarstraße,14,Baden-Württemberg,9.132354,49.316799,1935,NA,FALSE,NA,Laufwasseranlage,NA
SEE935949048892,ABR915068942295,Wasser,"SEE935949048892, SEE975862748837, SEE901506319514, SEE936411567903, SEE999927238279, SEE903121707776",WKW Rudolf-Fettweis-Werk Murgwerk M1,Teileinspeisung (einschließlich Eigenverbrauch),4400,76596,Rastatt,Forbach,Werkstraße,5,Baden-Württemberg,8.3535,48.6695,1918,NA,FALSE,NA,Speicherwasseranlage,NA
SEE975862748837,ABR915068942295,Wasser,"SEE935949048892, SEE975862748837, SEE901506319514, SEE936411567903, SEE999927238279, SEE903121707776",WKW Rudolf-Fettweis-Werk Murgwerk M2,Teileinspeisung (einschließlich Eigenverbrauch),4400,76596,Rastatt,Forbach,Werkstraße,5,Baden-Württemberg,8.3535,48.6695,1918,NA,FALSE,NA,Speicherwasseranlage,NA
SEE901506319514,ABR915068942295,Wasser,"SEE935949048892, SEE975862748837, SEE901506319514, SEE936411567903, SEE999927238279, SEE903121707776",WKW Rudolf-Fettweis-Werk Murgwerk M3,Teileinspeisung (einschließlich Eigenverbrauch),4400,76596,Rastatt,Forbach,Werkstraße,5,Baden-Württemberg,8.3535,48.6695,1918,NA,FALSE,NA,Speicherwasseranlage,NA
SEE936411567903,ABR915068942295,Wasser,"SEE935949048892, SEE975862748837, SEE901506319514, SEE936411567903, SEE999927238279, SEE903121707776",WKW Rudolf-Fettweis-Werk Murgwerk M4,Teileinspeisung (einschließlich Eigenverbrauch),4400,76596,Rastatt,Forbach,Werkstraße,5,Baden-Württemberg,8.3535,48.6695,1918,NA,FALSE,NA,Speicherwasseranlage,NA
SEE999927238279,ABR915068942295,Wasser,"SEE935949048892, SEE975862748837, SEE901506319514, SEE936411567903, SEE999927238279, SEE903121707776",WKW Rudolf-Fettweis-Werk Murgwerk M5,Teileinspeisung (einschließlich Eigenverbrauch),4400,76596,Rastatt,Forbach,Werkstraße,5,Baden-Württemberg,8.3535,48.6695,1918,NA,FALSE,NA,Speicherwasseranlage,NA
SEE945113079652,ABR915068942295,Wasser,"SEE909400536488, SEE945113079652, SEE917537868679",WKW Rudolf-Fettweis-Werk NDW M2,Teileinspeisung (einschließlich Eigenverbrauch),1270,76596,Rastatt,Forbach,Werkstraße,5,Baden-Württemberg,8.356231,48.673025,1918,NA,FALSE,NA,Laufwasseranlage,NA
SEE910627268137,ABR907042335667,Wasser,SEE910627268137,Neckargmünd,Volleinspeisung,2500,69118,Heidelberg,Heidelberg,Kleingemünder Straße,94,Baden-Württemberg,8.777546,49.410743,1930,NA,FALSE,NA,Laufwasseranlage,NA
SEE930143046750,ABR907042335667,Wasser,SEE930143046750,Gundelsheim,Volleinspeisung,3050,74831,Heilbronn,Gundelsheim,Im Wert,6,Baden-Württemberg,9.156138,49.280478,1935,NA,FALSE,NA,Laufwasseranlage,NA
SEE958755332368,ABR907042335667,Wasser,SEE958755332368,Gutenbach Altanlage,Volleinspeisung,3700,69437,Neckar-Odenwald-Kreis,Neckargerach,Mörtelsteiner Straße,29,Baden-Württemberg,9.071908,49.392947,1935,NA,FALSE,NA,Laufwasseranlage,NA
SEE938337630143,ABR907042335667,Wasser,SEE938337630143,Gutenbach Neuanlage,Volleinspeisung,3100,69437,Neckar-Odenwald-Kreis,Neckargerach,Mörtelsteiner Straße,29,Baden-Württemberg,9.071908,49.392947,1992,NA,FALSE,NA,Laufwasseranlage,NA
SEE984453739475,ABR915068942295,Wasser,SEE984453739475,WKW Rudolf-Fettweis-Werk PSW Schwarzenbach M7,Teileinspeisung (einschließlich Eigenverbrauch),21500,76596,Rastatt,Forbach,Werkstraße,5,Baden-Württemberg,8.35345,48.66915,1926,NA,FALSE,WKW Rudolf-Fettweis-Werk PSW Schwarzenbach,Speicherwasseranlage,NA
SEE901440918859,ABR937637196106,Wasser,"SEE901440918859, SEE934395809149, SEE991917215321",RADAG M1,Volleinspeisung,27940,79774,Waldshut,Albbruck,Kraftwerkstraße,34,Baden-Württemberg,8.132229,47.585988,1934,NA,FALSE,Rheinkraftwerk Albbruck-Dogern (RADAG),Laufwasseranlage,NA
SEE934395809149,ABR937637196106,Wasser,"SEE901440918859, SEE934395809149, SEE991917215321",RADAG M2,Volleinspeisung,27940,79774,Waldshut,Albbruck,Kraftwerkstraße,34,Baden-Württemberg,8.132229,47.585988,1934,NA,FALSE,Rheinkraftwerk Albbruck-Dogern (RADAG),Laufwasseranlage,NA
SEE975648364909,ABR915068942295,Wasser,"SEE955634700423, SEE975648364909, SEE922473273890",WKW Säckingen M3,Teileinspeisung (einschließlich Eigenverbrauch),23000,79713,Waldshut,Bad Säckingen,Murger Weg,2,Baden-Württemberg,7.95655,47.55773,1966,NA,FALSE,Rheinkraftwerk Säckingen,Laufwasseranlage,NA
SEE922473273890,ABR915068942295,Wasser,"SEE955634700423, SEE975648364909, SEE922473273890",WKW Säckingen M4,Teileinspeisung (einschließlich Eigenverbrauch),23000,79713,Waldshut,Bad Säckingen,Murger Weg,2,Baden-Württemberg,7.95655,47.55773,1966,NA,FALSE,Rheinkraftwerk Säckingen,Laufwasseranlage,NA
SEE978187174503,ABR969064982205,Wasser,"SEE978187174503, SEE996980679766",Kraftwerk Oberaudorf-Ebbs MS1,Volleinspeisung,30000,83080,Miesbach,Oberaudorf,Untere Innauen,1,Bayern,12.198737,47.641111,1992,NA,FALSE,Kraftwerk Oberaudorf-Ebbs,Laufwasseranlage,NA
SEE991917215321,ABR937637196106,Wasser,"SEE901440918859, SEE934395809149, SEE991917215321",RADAG M3,Volleinspeisung,27940,79774,Waldshut,Albbruck,Kraftwerkstraße,34,Baden-Württemberg,8.132229,47.585988,1934,NA,FALSE,Rheinkraftwerk Albbruck-Dogern (RADAG),Laufwasseranlage,NA
SEE945779125267,ABR973937302977,Wasser,SEE945779125267,Pfreimd T2,Volleinspeisung,3300,92723,Neustadt a.d. Waldnaab,Tännesberg,Tanzmühle,4,Bayern,12.281245,49.552212,2000,NA,FALSE,NA,Laufwasseranlage,NA
SEE941870180563,ABR973937302977,Wasser,SEE941870180563,Pfreimd A1,Volleinspeisung,1800,92555,Schwandorf,Trausnitz,Seestraße,5,Bayern,12.263452,49.517453,1952,NA,FALSE,NA,Laufwasseranlage,NA
SEE946492105505,ABR969064982205,Wasser,"SEE946492105505, SEE912351283974, SEE992421348512, SEE979623845346",Kraftwerk Braunau-Simbach MS1,Volleinspeisung,25600,84375,Rottal-Inn,Kirchdorf,Am Kirchdorfer Waldsee,1,Bayern,13.004125,48.244715,1954,NA,FALSE,Kraftwerk Braunau-Simbach,Laufwasseranlage,NA
SEE995234903107,ABR969064982205,Wasser,"SEE995234903107, SEE973513212348, SEE983560968952, SEE941054035436",Kraftwerk Passau-Ingling MS1,Volleinspeisung,21600,94036,Passau,Passau,Innstraße,121,Bayern,13.434929,48.553389,1965,NA,FALSE,Kraftwerk Passau-Ingling,Laufwasseranlage,NA
SEE907943989181,ABR950811337010,Wasser,"SEE907943989181, SEE929107540175",KW Nußdorf MS1 (im Besitz von Innwerk und ÖBK),Volleinspeisung,26500,83131,Rosenheim,Nußdorf,Am Inn,19,Bayern,12.136467,47.744866,1982,NA,FALSE,KW Nußdorf (im Besitz von Innwerk und ÖBK),Laufwasseranlage,NA
SEE964117025212,ABR950811337010,Wasser,"SEE964117025212, SEE977891692877, SEE969078917545",Kraftwerk Ering-Frauenstein MS1,Volleinspeisung,24300,94140,Rottal-Inn,Ering,Innwerkstraße,38,Bayern,13.16003,48.290828,1942,NA,FALSE,Kraftwerk Ering-Frauenstein,Laufwasseranlage,NA
SEE948455839281,ABR950811337010,Wasser,"SEE948455839281, SEE993233732025, SEE914861690945, SEE922429625575, SEE957367978162, SEE974979035090",Kraftwerk Egglfing-Obernberg MS1,Volleinspeisung,13450,94072,Passau,Bad Füssing,Am Innwerk,13,Bayern,13.318687,48.32025,1944,NA,FALSE,Kraftwerk Egglfing-Obernberg,Laufwasseranlage,NA
SEE902378631681,ABR967287372797,Wasser,"SEE902378631681, SEE971499223693, SEE965528786747, SEE961706754454, SEE991958709742",Kraftwerk Jochenstein MS1,Volleinspeisung,26400,94107,Passau,Untergriesbach,Am Kraftwerk,2,Bayern,13.707638,48.518284,1956,NA,FALSE,Kraftwerk Jochenstein,Laufwasseranlage,NA
SEE947313574326,ABR997116496912,Wasser,"SEE977512784516, SEE982332501670, SEE947313574326",Kraftwerk Rosenheim MS3,Volleinspeisung,11700,83101,Rosenheim,Rohrdorf,Ahornstraße,10,Bayern,12.153611,47.838056,1960,NA,FALSE,Kraftwerk Rosenheim,Laufwasseranlage,NA
SEE917084256783,ABR935166532310,Wasser,SEE917084256783,GWS0024,Volleinspeisung,1150,31785,Hameln-Pyrmont,Hameln,Sudetenstraße,2,Niedersachsen,9.352847,52.105675,1986,NA,FALSE,NA,Laufwasseranlage,NA
SEE976865250884,ABR935166532310,Wasser,SEE976865250884,GWS0025,Volleinspeisung,2000,31787,Hameln-Pyrmont,Hameln,Inselstraße,5,Niedersachsen,9.351164,52.104279,1988,NA,FALSE,NA,Laufwasseranlage,NA
SEE940365032028,ABR915068942295,Wasser,"SEE924669631507, SEE940365032028",WKW Freudenberg M2,Teileinspeisung (einschließlich Eigenverbrauch),2150,97896,Main-Tauber-Kreis,Freudenberg,Schleusenweg,10,Baden-Württemberg,9.31997,49.75436,1934,NA,FALSE,NA,Laufwasseranlage,NA
SEE918714025250,ABR915068942295,Wasser,"SEE918714025250, SEE927932653541, SEE964481657378",illwerke vkw Kopswerk I M1,Volleinspeisung,96000,A-6793,NA,Gaschurn,Kopswerk,NA,NA,10.05815,46.971925,1969,NA,FALSE,illwerke vkw Kopswerk I,Speicherwasseranlage,NA
SEE927932653541,ABR915068942295,Wasser,"SEE918714025250, SEE927932653541, SEE964481657378",illwerke vkw Kopswerk I M2,Volleinspeisung,96000,A-6793,NA,Gaschurn,Kopswerk,NA,NA,10.05815,46.971925,1969,NA,FALSE,illwerke vkw Kopswerk I,Speicherwasseranlage,NA
SEE964481657378,ABR915068942295,Wasser,"SEE918714025250, SEE927932653541, SEE964481657378",illwerke vkw Kopswerk I M3,Volleinspeisung,96000,A-6793,NA,Gaschurn,Kopswerk,NA,NA,10.05815,46.971925,1969,NA,FALSE,illwerke vkw Kopswerk I,Speicherwasseranlage,NA
SEE901911520000,ABR915068942295,Wasser,"SEE901911520000, SEE932041539754, SEE971886830459, SEE943866326672, SEE921472787742, SEE957029086662, SEE990357023541",illwerke vkw Obervermuntwerk I M1,Volleinspeisung,18000,A-6794,NA,Partenen,Silvretta Hochalpenstrasse,NA,NA,10.05382,46.9272,1943,NA,FALSE,illwerke vkw Obervermuntwerk I,Speicherwasseranlage,NA
SEE932041539754,ABR915068942295,Wasser,"SEE901911520000, SEE932041539754, SEE971886830459, SEE943866326672, SEE921472787742, SEE957029086662, SEE990357023541",illwerke vkw Obervermuntwerk I M2,Volleinspeisung,18000,A-6794,NA,Partenen,Silvretta Hochalpenstrasse,NA,NA,10.05382,46.9272,1943,NA,FALSE,illwerke vkw Obervermuntwerk I,Speicherwasseranlage,NA
SEE952262880046,ABR915068942295,Wasser,"SEE952262880046, SEE918928929085, SEE932792338347",illwerke vkw Rodundwerk I M3,Volleinspeisung,50000,A-6773,NA,Vandans,Anton-Ammann-Straße,19,NA,9.8815,47.08514,1943,NA,FALSE,illwerke vkw Rodundwerk I,Speicherwasseranlage,NA
SEE918928929085,ABR915068942295,Wasser,"SEE952262880046, SEE918928929085, SEE932792338347",illwerke vkw Rodundwerk I M4,Volleinspeisung,50000,A-6773,NA,Vandans,Anton-Ammann-Straße,19,NA,9.8815,47.08514,1943,NA,FALSE,illwerke vkw Rodundwerk I,Speicherwasseranlage,NA
SEE971886830459,ABR915068942295,Wasser,"SEE901911520000, SEE932041539754, SEE971886830459, SEE943866326672, SEE921472787742, SEE957029086662, SEE990357023541",illwerke vkw Vermuntwerk M1,Volleinspeisung,85000,A-6794,NA,Partenen,Vermuntbahnstrasse,47,NA,10.05577,46.96883,1930,NA,FALSE,illwerke vkw Vermuntwerk,Speicherwasseranlage,NA
SEE943866326672,ABR915068942295,Wasser,"SEE901911520000, SEE932041539754, SEE971886830459, SEE943866326672, SEE921472787742, SEE957029086662, SEE990357023541",illwerke vkw Vermuntwerk M2,Volleinspeisung,85000,A-6794,NA,Partenen,Vermuntbahnstrasse,47,NA,10.05577,46.96883,1930,NA,FALSE,illwerke vkw Vermuntwerk,Speicherwasseranlage,NA
SEE941806615008,ABR926412045777,Wasser,SEE941806615008,FKW-Eutingen,Volleinspeisung,1019,75181,Pforzheim,Pforzheim,Inselstraße,0,Baden-Württemberg,8.747512,48.907914,1991,NA,FALSE,NA,Laufwasseranlage,NA
SEE921472787742,NA,Wasser,"SEE901911520000, SEE932041539754, SEE971886830459, SEE943866326672, SEE921472787742, SEE957029086662, SEE990357023541",illwerke vkw Vermuntwerk M3,Volleinspeisung,30000,A-6794,NA,Partenen,Vermuntbahnstrasse,47,NA,10.05577,46.96883,1930,2026,TRUE,illwerke vkw Vermuntwerk,Speicherwasseranlage,NA
SEE957029086662,NA,Wasser,"SEE901911520000, SEE932041539754, SEE971886830459, SEE943866326672, SEE921472787742, SEE957029086662, SEE990357023541",illwerke vkw Vermuntwerk M4,Volleinspeisung,30000,A-6794,NA,Partenen,Vermuntbahnstrasse,47,NA,10.05577,46.96883,1930,2026,TRUE,illwerke vkw Vermuntwerk,Speicherwasseranlage,NA
SEE990357023541,NA,Wasser,"SEE901911520000, SEE932041539754, SEE971886830459, SEE943866326672, SEE921472787742, SEE957029086662, SEE990357023541",illwerke vkw Vermuntwerk M5,Volleinspeisung,37000,A-6794,NA,Partenen,Vermuntbahnstrasse,47,NA,10.05577,46.96883,1930,2026,TRUE,illwerke vkw Vermuntwerk,Speicherwasseranlage,NA
SEE955261480668,ABR915068942295,Wasser,"SEE955261480668, SEE986008964080",illwerke vkw Latschauwerk M1,Volleinspeisung,4000,A-6774,NA,Tschagguns,Latschaustrasse,NA,NA,9.87529,47.07489,1950,NA,FALSE,NA,Speicherwasseranlage,NA
SEE986008964080,ABR915068942295,Wasser,"SEE955261480668, SEE986008964080",illwerke vkw Latschauwerk M2,Volleinspeisung,4000,A-6774,NA,Tschagguns,Latschaustrasse,NA,NA,9.87529,47.07489,1950,NA,FALSE,NA,Speicherwasseranlage,NA
SEE932792338347,ABR915068942295,Wasser,"SEE952262880046, SEE918928929085, SEE932792338347",illwerke vkw Rodundwerk I M1,Volleinspeisung,50000,A-6773,NA,Vandans,Anton-Ammann-Straße,19,NA,9.8815,47.08514,1943,NA,FALSE,illwerke vkw Rodundwerk I,Speicherwasseranlage,NA
SEE939790663518,ABR951932591886,Wasser,SEE939790663518,E412360101M3060112XG4000020800001,Volleinspeisung,1200,06667,Burgenlandkreis,Weißenfels,Leipziger Straße,112,Sachsen-Anhalt,11.981687,51.207515,1999,NA,FALSE,NA,Laufwasseranlage,NA
SEE932005346817,ABR918287479993,Wasser,"SEE934614973477, SEE932005346817, SEE906820886636",WKA Schwitten Generator 2,Volleinspeisung,1200,58708,Märkischer Kreis,Menden,Fröndenberger Straße,NA,Nordrhein-Westfalen,7.768638,51.469174,1923,NA,FALSE,NA,Laufwasseranlage,NA
SEE901604837408,ABR920411149450,Wasser,"SEE967558939506, SEE901604837408, SEE935602197158, SEE985755138850, SEE948936460041, SEE961245060139, SEE915246106037, SEE905826160993",Saalachkraftwerk E2,Volleinspeisung,1280,83435,Berchtesgadener Land,Bad Reichenhall,Thumseestraße,25,Bayern,12.863147,47.718211,1914,NA,FALSE,NA,Laufwasseranlage,NA
SEE935602197158,ABR920411149450,Wasser,"SEE967558939506, SEE901604837408, SEE935602197158, SEE985755138850, SEE948936460041, SEE961245060139, SEE915246106037, SEE905826160993",Saalachkraftwerk E3,Volleinspeisung,1280,83435,Berchtesgadener Land,Bad Reichenhall,Thumseestraße,25,Bayern,12.863147,47.718211,1914,NA,FALSE,NA,Laufwasseranlage,NA
SEE985755138850,ABR920411149450,Wasser,"SEE967558939506, SEE901604837408, SEE935602197158, SEE985755138850, SEE948936460041, SEE961245060139, SEE915246106037, SEE905826160993",Saalachkraftwerk E5,Volleinspeisung,1280,83435,Berchtesgadener Land,Bad Reichenhall,Thumseestraße,25,Bayern,12.863147,47.718211,1914,NA,FALSE,NA,Laufwasseranlage,NA
SEE948936460041,ABR920411149450,Wasser,"SEE967558939506, SEE901604837408, SEE935602197158, SEE985755138850, SEE948936460041, SEE961245060139, SEE915246106037, SEE905826160993",Saalachkraftwerk D1,Teileinspeisung (einschließlich Eigenverbrauch),1593,83435,Berchtesgadener Land,Bad Reichenhall,Thumseestraße,25,Bayern,12.863147,47.718211,1914,NA,FALSE,NA,Laufwasseranlage,NA
SEE961245060139,ABR920411149450,Wasser,"SEE967558939506, SEE901604837408, SEE935602197158, SEE985755138850, SEE948936460041, SEE961245060139, SEE915246106037, SEE905826160993",Saalachkraftwerk D3,Teileinspeisung (einschließlich Eigenverbrauch),1593,83435,Berchtesgadener Land,Bad Reichenhall,Thumseestraße,25,Bayern,12.863147,47.718211,1914,NA,FALSE,NA,Laufwasseranlage,NA
SEE915246106037,ABR920411149450,Wasser,"SEE967558939506, SEE901604837408, SEE935602197158, SEE985755138850, SEE948936460041, SEE961245060139, SEE915246106037, SEE905826160993",Saalachkraftwerk D4,Teileinspeisung (einschließlich Eigenverbrauch),2002.5,83435,Berchtesgadener Land,Bad Reichenhall,Thumseestraße,25,Bayern,12.863147,47.718211,1914,NA,FALSE,NA,Laufwasseranlage,NA
SEE905826160993,ABR920411149450,Wasser,"SEE967558939506, SEE901604837408, SEE935602197158, SEE985755138850, SEE948936460041, SEE961245060139, SEE915246106037, SEE905826160993",Saalachkraftwerk D2,Teileinspeisung (einschließlich Eigenverbrauch),1750,83435,Berchtesgadener Land,Bad Reichenhall,Thumseestraße,25,Bayern,12.863147,47.718211,1914,NA,FALSE,NA,Laufwasseranlage,NA
SEE955267790761,ABR944613332649,Wasser,"SEE955267790761, SEE900148733979",WKA Muldestausee,Volleinspeisung,1560,06774,Anhalt-Bitterfeld,Muldestausee,Muldensteiner Straße,999 R,Sachsen-Anhalt,12.356123,51.655264,2021,NA,FALSE,NA,Laufwasseranlage,NA
SEE925570951074,ABR997116496912,Wasser,"SEE923389370246, SEE941348086168, SEE925570951074, SEE931353190974",Kraftwerk Neuötting MS2,Volleinspeisung,8700,84524,Altötting,Neuötting,Innstraße,11,Bayern,12.691111,48.249722,1951,NA,FALSE,NA,Laufwasseranlage,NA
SEE931353190974,ABR997116496912,Wasser,"SEE923389370246, SEE941348086168, SEE925570951074, SEE931353190974",Kraftwerk Neuötting MS3,Volleinspeisung,8700,84524,Altötting,Neuötting,Innstraße,11,Bayern,12.691111,48.249722,1951,NA,FALSE,NA,Laufwasseranlage,NA
SEE907623234099,ABR914764874992,Wasser,"SEE964547669994, SEE911141860432, SEE907623234099, SEE929896845130, SEE988531591306, SEE916044649719",Finsterau Pr(AF)3,Volleinspeisung,1300,86956,Weilheim-Schongau,Schongau,Rösenaustraße,4,Bayern,10.9285,47.8341,1950,NA,FALSE,NA,Laufwasseranlage,NA
SEE929896845130,ABR914764874992,Wasser,"SEE964547669994, SEE911141860432, SEE907623234099, SEE929896845130, SEE988531591306, SEE916044649719",Finsterau Pr(AF)4,Volleinspeisung,1300,86956,Weilheim-Schongau,Schongau,Rösenaustraße,4,Bayern,10.9285,47.8341,1950,NA,FALSE,NA,Laufwasseranlage,NA
SEE988531591306,ABR914764874992,Wasser,"SEE964547669994, SEE911141860432, SEE907623234099, SEE929896845130, SEE988531591306, SEE916044649719",Finsterau Pr(AF)5,Volleinspeisung,1300,86956,Weilheim-Schongau,Schongau,Rösenaustraße,4,Bayern,10.9285,47.8341,1950,NA,FALSE,NA,Laufwasseranlage,NA
SEE916044649719,ABR914764874992,Wasser,"SEE964547669994, SEE911141860432, SEE907623234099, SEE929896845130, SEE988531591306, SEE916044649719",Finsterau Pr(AF)6,Volleinspeisung,1300,86956,Weilheim-Schongau,Schongau,Rösenaustraße,4,Bayern,10.9285,47.8341,1950,NA,FALSE,NA,Laufwasseranlage,NA
SEE920405564993,ABR997116496912,Wasser,"SEE928246905913, SEE920405564993, SEE976445927045",Kraftwerk Stammham MS2,Volleinspeisung,7733,84533,Altötting,Stammham,Innstufenstraße,15,Bayern,12.865833,48.247222,1955,NA,FALSE,NA,Laufwasseranlage,NA
SEE976445927045,ABR997116496912,Wasser,"SEE928246905913, SEE920405564993, SEE976445927045",Kraftwerk Stammham MS3,Volleinspeisung,7733,84533,Altötting,Stammham,Innstufenstraße,15,Bayern,12.865833,48.247222,1955,NA,FALSE,NA,Laufwasseranlage,NA
SEE949459256067,ABR997116496912,Wasser,"SEE921294761234, SEE949459256067, SEE974434785997",Kraftwerk Perach MS2,Volleinspeisung,6466,84567,Altötting,Perach,Niederperach,45,Bayern,12.789507,48.261444,1977,NA,FALSE,NA,Laufwasseranlage,NA
SEE974434785997,ABR997116496912,Wasser,"SEE921294761234, SEE949459256067, SEE974434785997",Kraftwerk Perach MS3,Volleinspeisung,6466,84567,Altötting,Perach,Niederperach,45,Bayern,12.789507,48.261444,1977,NA,FALSE,NA,Laufwasseranlage,NA
SEE989323268666,NA,Wasser,SEE989323268666,Kraftwerk Töging MS2,Volleinspeisung,6093,84513,Altötting,Töging,Werkstraße,18,Bayern,12.585556,48.250278,1924,2021,TRUE,NA,Laufwasseranlage,NA
SEE937161881158,NA,Wasser,SEE937161881158,Kraftwerk Töging MS3,Volleinspeisung,6093,84513,Altötting,Töging,Werkstraße,18,Bayern,12.585556,48.250278,1924,2021,TRUE,NA,Laufwasseranlage,NA
SEE910728541351,NA,Wasser,SEE910728541351,Kraftwerk Töging MS4,Volleinspeisung,6093,84513,Altötting,Töging,Werkstraße,18,Bayern,12.585556,48.250278,1924,2022,TRUE,NA,Laufwasseranlage,NA
SEE962318991879,NA,Wasser,SEE962318991879,Kraftwerk Töging MS5,Volleinspeisung,6093,84513,Altötting,Töging,Werkstraße,18,Bayern,12.585556,48.250278,1924,2022,TRUE,NA,Laufwasseranlage,NA
SEE965312155841,NA,Wasser,SEE965312155841,Kraftwerk Töging MS6,Volleinspeisung,6093,84513,Altötting,Töging,Werkstraße,18,Bayern,12.585556,48.250278,1924,2021,TRUE,NA,Laufwasseranlage,NA
SEE942159239255,NA,Wasser,SEE942159239255,Kraftwerk Töging MS7,Volleinspeisung,6093,84513,Altötting,Töging,Werkstraße,18,Bayern,12.585556,48.250278,1924,2021,TRUE,NA,Laufwasseranlage,NA
SEE959664119668,NA,Wasser,SEE959664119668,Kraftwerk Töging MS8,Volleinspeisung,6093,84513,Altötting,Töging,Werkstraße,18,Bayern,12.585556,48.250278,1924,2021,TRUE,NA,Laufwasseranlage,NA
SEE934634006773,NA,Wasser,SEE934634006773,Kraftwerk Töging MS9,Volleinspeisung,6093,84513,Altötting,Töging,Werkstraße,18,Bayern,12.585556,48.250278,1924,2021,TRUE,NA,Laufwasseranlage,NA
SEE912578563729,NA,Wasser,SEE912578563729,Kraftwerk Töging MS10,Volleinspeisung,6093,84513,Altötting,Töging,Werkstraße,18,Bayern,12.585556,48.250278,1924,2021,TRUE,NA,Laufwasseranlage,NA
SEE951867433930,NA,Wasser,SEE951867433930,Kraftwerk Töging MS11,Volleinspeisung,6093,84513,Altötting,Töging,Werkstraße,18,Bayern,12.585556,48.250278,1924,2021,TRUE,NA,Laufwasseranlage,NA
SEE959613694802,NA,Wasser,SEE959613694802,Kraftwerk Töging MS12,Volleinspeisung,6093,84513,Altötting,Töging,Werkstraße,18,Bayern,12.585556,48.250278,1924,2021,TRUE,NA,Laufwasseranlage,NA
SEE969568822243,NA,Wasser,SEE969568822243,Kraftwerk Töging MS13,Volleinspeisung,6093,84513,Altötting,Töging,Werkstraße,18,Bayern,12.585556,48.250278,1924,2021,TRUE,NA,Laufwasseranlage,NA
SEE938858606689,NA,Wasser,SEE938858606689,Kraftwerk Töging MS14,Volleinspeisung,6093,84513,Altötting,Töging,Werkstraße,18,Bayern,12.585556,48.250278,1924,2021,TRUE,NA,Laufwasseranlage,NA
SEE931012437020,ABR997116496912,Wasser,"SEE946979186225, SEE991316727548, SEE931012437020, SEE969267129582, SEE953174240607, SEE941548257580",Kraftwerk Gars MS2,Volleinspeisung,5000,83536,Mühldorf a. Inn,Gars,Agg,4,Bayern,12.312222,48.153611,1938,NA,FALSE,NA,Laufwasseranlage,NA
SEE969267129582,ABR997116496912,Wasser,"SEE946979186225, SEE991316727548, SEE931012437020, SEE969267129582, SEE953174240607, SEE941548257580",Kraftwerk Gars MS3,Volleinspeisung,5000,83536,Mühldorf a. Inn,Gars,Agg,4,Bayern,12.312222,48.153611,1938,NA,FALSE,NA,Laufwasseranlage,NA
SEE953174240607,ABR997116496912,Wasser,"SEE946979186225, SEE991316727548, SEE931012437020, SEE969267129582, SEE953174240607, SEE941548257580",Kraftwerk Gars MS4,Volleinspeisung,5000,83536,Mühldorf a. Inn,Gars,Agg,4,Bayern,12.312222,48.153611,1938,NA,FALSE,NA,Laufwasseranlage,NA
SEE941548257580,ABR997116496912,Wasser,"SEE946979186225, SEE991316727548, SEE931012437020, SEE969267129582, SEE953174240607, SEE941548257580",Kraftwerk Gars MS5,Volleinspeisung,5000,83536,Mühldorf a. Inn,Gars,Agg,4,Bayern,12.312222,48.153611,1938,NA,FALSE,NA,Laufwasseranlage,NA
SEE943021591570,ABR997116496912,Wasser,"SEE969507902654, SEE967404406039, SEE943021591570, SEE995735564722, SEE968493660913, SEE995049451596, SEE937353642390, SEE927407069969, SEE978319698396, SEE984899087819, SEE982484501641",Kraftwerk Wasserburg MS2 20 kV,Volleinspeisung,4820,83512,Rosenheim,Wasserburg,Innwerkstraße,15,Bayern,12.219167,48.057778,1938,NA,FALSE,NA,Laufwasseranlage,NA
SEE995735564722,ABR997116496912,Wasser,"SEE969507902654, SEE967404406039, SEE943021591570, SEE995735564722, SEE968493660913, SEE995049451596, SEE937353642390, SEE927407069969, SEE978319698396, SEE984899087819, SEE982484501641",Kraftwerk Wasserburg MS3 20 kV,Volleinspeisung,4820,83512,Rosenheim,Wasserburg,Innwerkstraße,15,Bayern,12.219167,48.057778,1938,NA,FALSE,NA,Laufwasseranlage,NA
SEE968493660913,ABR997116496912,Wasser,"SEE969507902654, SEE967404406039, SEE943021591570, SEE995735564722, SEE968493660913, SEE995049451596, SEE937353642390, SEE927407069969, SEE978319698396, SEE984899087819, SEE982484501641",Kraftwerk Wasserburg MS4 20 kV,Volleinspeisung,4820,83512,Rosenheim,Wasserburg,Innwerkstraße,15,Bayern,12.219167,48.057778,1938,NA,FALSE,NA,Laufwasseranlage,NA
SEE995049451596,ABR997116496912,Wasser,"SEE969507902654, SEE967404406039, SEE943021591570, SEE995735564722, SEE968493660913, SEE995049451596, SEE937353642390, SEE927407069969, SEE978319698396, SEE984899087819, SEE982484501641",Kraftwerk Wasserburg MS5 20 kV,Volleinspeisung,4820,83512,Rosenheim,Wasserburg,Innwerkstraße,15,Bayern,12.219167,48.057778,1938,NA,FALSE,NA,Laufwasseranlage,NA
SEE961226195928,ABR997116496912,Wasser,"SEE950536544908, SEE961226195928, SEE944229371742",Kraftwerk Feldkirchen MS2,Volleinspeisung,12733,83543,Rosenheim,Rott,Oberwöhrn,100,Bayern,12.156944,47.960556,1970,NA,FALSE,Kraftwerk Feldkirchen,Laufwasseranlage,NA
SEE944229371742,ABR997116496912,Wasser,"SEE950536544908, SEE961226195928, SEE944229371742",Kraftwerk Feldkrichen MS3,Volleinspeisung,12733,83543,Rosenheim,Rott,Oberwöhrn,100,Bayern,12.156944,47.960556,1970,NA,FALSE,Kraftwerk Feldkirchen,Laufwasseranlage,NA
SEE971686772294,ABR997116496912,Wasser,"SEE989745723057, SEE971686772294, SEE927234931354, SEE900123363948, SEE985411751317",Kraftwerk Teufelsbruck MS2,Volleinspeisung,5000,83564,Rosenheim,Soyen,Ponschabaustraße,25,Bayern,12.271667,48.114444,1938,NA,FALSE,NA,Laufwasseranlage,NA
SEE927234931354,ABR997116496912,Wasser,"SEE989745723057, SEE971686772294, SEE927234931354, SEE900123363948, SEE985411751317",Kraftwerk Teufelsbruck MS3,Volleinspeisung,5000,83564,Rosenheim,Soyen,Ponschabaustraße,25,Bayern,12.271667,48.114444,1938,NA,FALSE,NA,Laufwasseranlage,NA
SEE900123363948,ABR997116496912,Wasser,"SEE989745723057, SEE971686772294, SEE927234931354, SEE900123363948, SEE985411751317",Kraftwerk Teufelsbruck MS4,Volleinspeisung,5000,83564,Rosenheim,Soyen,Ponschabaustraße,25,Bayern,12.271667,48.114444,1938,NA,FALSE,NA,Laufwasseranlage,NA
SEE985411751317,ABR997116496912,Wasser,"SEE989745723057, SEE971686772294, SEE927234931354, SEE900123363948, SEE985411751317",Kraftwerk Teufelsbruck MS5,Volleinspeisung,5000,83564,Rosenheim,Soyen,Ponschabaustraße,25,Bayern,12.271667,48.114444,1938,NA,FALSE,NA,Laufwasseranlage,NA
SEE912351283974,ABR969064982205,Wasser,"SEE946492105505, SEE912351283974, SEE992421348512, SEE979623845346",Kraftwerk Braunau-Simbach MS2,Volleinspeisung,25600,84375,Rottal-Inn,Kirchdorf,Am Kirchdorfer Waldsee,1,Bayern,13.004125,48.244715,1954,NA,FALSE,Kraftwerk Braunau-Simbach,Laufwasseranlage,NA
SEE992421348512,ABR969064982205,Wasser,"SEE946492105505, SEE912351283974, SEE992421348512, SEE979623845346",Kraftwerk Braunau-Simbach MS3,Volleinspeisung,25600,84375,Rottal-Inn,Kirchdorf,Am Kirchdorfer Waldsee,1,Bayern,13.004125,48.244715,1954,NA,FALSE,Kraftwerk Braunau-Simbach,Laufwasseranlage,NA
SEE979623845346,ABR969064982205,Wasser,"SEE946492105505, SEE912351283974, SEE992421348512, SEE979623845346",Kraftwerk Braunau-Simbach MS4,Volleinspeisung,25600,84375,Rottal-Inn,Kirchdorf,Am Kirchdorfer Waldsee,1,Bayern,13.004125,48.244715,1954,NA,FALSE,Kraftwerk Braunau-Simbach,Laufwasseranlage,NA
SEE996980679766,ABR969064982205,Wasser,"SEE978187174503, SEE996980679766",Kraftwerk Oberaudorf-Ebbs MS2,Volleinspeisung,30000,83080,Miesbach,Oberaudorf,Untere Innauen,1,Bayern,12.198737,47.641111,1992,NA,FALSE,Kraftwerk Oberaudorf-Ebbs,Laufwasseranlage,NA
SEE973513212348,ABR969064982205,Wasser,"SEE995234903107, SEE973513212348, SEE983560968952, SEE941054035436",Kraftwerk Passau-Ingling MS2,Volleinspeisung,21600,94036,Passau,Passau,Innstraße,121,Bayern,13.434929,48.553389,1965,NA,FALSE,Kraftwerk Passau-Ingling,Laufwasseranlage,NA
SEE983560968952,ABR969064982205,Wasser,"SEE995234903107, SEE973513212348, SEE983560968952, SEE941054035436",Kraftwerk Passau-Ingling MS3,Volleinspeisung,21600,94036,Passau,Passau,Innstraße,121,Bayern,13.434929,48.553389,1965,NA,FALSE,Kraftwerk Passau-Ingling,Laufwasseranlage,NA
SEE941054035436,ABR969064982205,Wasser,"SEE995234903107, SEE973513212348, SEE983560968952, SEE941054035436",Kraftwerk Passau-Ingling MS4,Volleinspeisung,21600,94036,Passau,Passau,Innstraße,121,Bayern,13.434929,48.553389,1965,NA,FALSE,Kraftwerk Passau-Ingling,Laufwasseranlage,NA
SEE977891692877,ABR950811337010,Wasser,"SEE964117025212, SEE977891692877, SEE969078917545",Kraftwerk Ering-Frauenstein MS2,Volleinspeisung,24300,94140,Rottal-Inn,Ering,Innwerkstraße,38,Bayern,13.16003,48.290828,1942,NA,FALSE,Kraftwerk Ering-Frauenstein,Laufwasseranlage,NA
SEE969078917545,ABR950811337010,Wasser,"SEE964117025212, SEE977891692877, SEE969078917545",Kraftwerk Ering-Frauenstein MS3,Volleinspeisung,24300,94140,Rottal-Inn,Ering,Innwerkstraße,38,Bayern,13.16003,48.290828,1942,NA,FALSE,Kraftwerk Ering-Frauenstein,Laufwasseranlage,NA
SEE993233732025,ABR950811337010,Wasser,"SEE948455839281, SEE993233732025, SEE914861690945, SEE922429625575, SEE957367978162, SEE974979035090",Kraftwerk Egglfing-Obernberg MS2,Volleinspeisung,13450,94072,Passau,Bad Füssing,Am Innwerk,13,Bayern,13.318687,48.32025,1946,NA,FALSE,Kraftwerk Egglfing-Obernberg,Laufwasseranlage,NA
SEE914861690945,ABR950811337010,Wasser,"SEE948455839281, SEE993233732025, SEE914861690945, SEE922429625575, SEE957367978162, SEE974979035090",Kraftwerk Egglfing-Obernberg MS3,Volleinspeisung,13450,94072,Passau,Bad Füssing,Am Innwerk,13,Bayern,13.318687,48.32025,1949,NA,FALSE,Kraftwerk Egglfing-Obernberg,Laufwasseranlage,NA
SEE922429625575,ABR950811337010,Wasser,"SEE948455839281, SEE993233732025, SEE914861690945, SEE922429625575, SEE957367978162, SEE974979035090",Kraftwerk Egglfing-Obernberg MS4,Volleinspeisung,13450,94072,Passau,Bad Füssing,Am Innwerk,13,Bayern,13.318687,48.32025,1950,NA,FALSE,Kraftwerk Egglfing-Obernberg,Laufwasseranlage,NA
SEE957367978162,ABR950811337010,Wasser,"SEE948455839281, SEE993233732025, SEE914861690945, SEE922429625575, SEE957367978162, SEE974979035090",Kraftwerk Egglfing-Obernberg MS5,Volleinspeisung,13450,94072,Passau,Bad Füssing,Am Innwerk,13,Bayern,13.318687,48.32025,1950,NA,FALSE,Kraftwerk Egglfing-Obernberg,Laufwasseranlage,NA
SEE974979035090,ABR950811337010,Wasser,"SEE948455839281, SEE993233732025, SEE914861690945, SEE922429625575, SEE957367978162, SEE974979035090",Kraftwerk Egglfing-Obernberg MS6,Volleinspeisung,13450,94072,Passau,Bad Füssing,Am Innwerk,13,Bayern,13.318687,48.32025,1950,NA,FALSE,Kraftwerk Egglfing-Obernberg,Laufwasseranlage,NA
SEE981763247720,ABR914764874992,Wasser,"SEE978713223279, SEE912763580982, SEE981763247720, SEE959223473040, SEE907469400894, SEE916105034607",Dornstetten Pr(AF)3,Volleinspeisung,1400,86944,Landsberg am Lech,Unterdießen,St.-Gangwolf-Straße,NA,Bayern,10.8787,47.9773,1943,NA,FALSE,NA,Laufwasseranlage,NA
SEE959223473040,ABR914764874992,Wasser,"SEE978713223279, SEE912763580982, SEE981763247720, SEE959223473040, SEE907469400894, SEE916105034607",Dornstetten Pr(AF)4,Volleinspeisung,1400,86944,Landsberg am Lech,Unterdießen,St.-Gangwolf-Straße,NA,Bayern,10.8787,47.9773,1943,NA,FALSE,NA,Laufwasseranlage,NA
SEE907469400894,ABR914764874992,Wasser,"SEE978713223279, SEE912763580982, SEE981763247720, SEE959223473040, SEE907469400894, SEE916105034607",Dornstetten Pr(AF)5,Volleinspeisung,1400,86944,Landsberg am Lech,Unterdießen,St.-Gangwolf-Straße,NA,Bayern,10.8787,47.9773,1943,NA,FALSE,NA,Laufwasseranlage,NA
SEE916105034607,ABR914764874992,Wasser,"SEE978713223279, SEE912763580982, SEE981763247720, SEE959223473040, SEE907469400894, SEE916105034607",Dornstetten Pr(AF)6,Volleinspeisung,1400,86944,Landsberg am Lech,Unterdießen,St.-Gangwolf-Straße,NA,Bayern,10.8787,47.9773,1943,NA,FALSE,NA,Laufwasseranlage,NA
SEE937767544112,ABR914764874992,Wasser,"SEE968055183164, SEE960970385661, SEE937767544112, SEE991925021754, SEE941091256856, SEE971497052936",Epfach Pr(AF)3,Volleinspeisung,1400,86920,Landsberg am Lech,Epfach,Flößerstraße,NA,Bayern,10.9115,47.9095,1948,NA,FALSE,NA,Laufwasseranlage,NA
SEE991925021754,ABR914764874992,Wasser,"SEE968055183164, SEE960970385661, SEE937767544112, SEE991925021754, SEE941091256856, SEE971497052936",Epfach Pr(AF)4,Volleinspeisung,1400,86920,Landsberg am Lech,Epfach,Flößerstraße,NA,Bayern,10.9115,47.9095,1948,NA,FALSE,NA,Laufwasseranlage,NA
SEE941091256856,ABR914764874992,Wasser,"SEE968055183164, SEE960970385661, SEE937767544112, SEE991925021754, SEE941091256856, SEE971497052936",Epfach Pr(AF)5,Volleinspeisung,1400,86920,Landsberg am Lech,Epfach,Flößerstraße,NA,Bayern,10.9115,47.9095,1948,NA,FALSE,NA,Laufwasseranlage,NA
SEE971497052936,ABR914764874992,Wasser,"SEE968055183164, SEE960970385661, SEE937767544112, SEE991925021754, SEE941091256856, SEE971497052936",Epfach Pr(AF)6,Volleinspeisung,1400,86920,Landsberg am Lech,Epfach,Flößerstraße,NA,Bayern,10.9115,47.9095,1948,NA,FALSE,NA,Laufwasseranlage,NA
SEE997276286897,ABR914764874992,Wasser,"SEE919874990334, SEE963159143878, SEE997276286897, SEE941518167338, SEE901637934099, SEE923862420826",Landsberg Pr(AF)3,Volleinspeisung,1300,86899,Landsberg am Lech,Landsberg,Am Englischen Garten,NA,Bayern,10.8719,48.0342,1943,NA,FALSE,NA,Laufwasseranlage,NA
SEE941518167338,ABR914764874992,Wasser,"SEE919874990334, SEE963159143878, SEE997276286897, SEE941518167338, SEE901637934099, SEE923862420826",Landsberg Pr(AF)4,Volleinspeisung,1300,86899,Landsberg am Lech,Landsberg,Am Englischen Garten,NA,Bayern,10.8719,48.0342,1943,NA,FALSE,NA,Laufwasseranlage,NA
SEE901637934099,ABR914764874992,Wasser,"SEE919874990334, SEE963159143878, SEE997276286897, SEE941518167338, SEE901637934099, SEE923862420826",Landsberg Pr(AF)5,Volleinspeisung,1300,86899,Landsberg am Lech,Landsberg,Am Englischen Garten,NA,Bayern,10.8719,48.0342,1943,NA,FALSE,NA,Laufwasseranlage,NA
SEE923862420826,ABR914764874992,Wasser,"SEE919874990334, SEE963159143878, SEE997276286897, SEE941518167338, SEE901637934099, SEE923862420826",Landsberg Pr(AF)6,Volleinspeisung,1300,86899,Landsberg am Lech,Landsberg,Am Englischen Garten,NA,Bayern,10.8719,48.0342,1943,NA,FALSE,NA,Laufwasseranlage,NA
SEE932270059351,ABR914764874992,Wasser,"SEE993638704894, SEE963807893650, SEE932270059351, SEE918744313280, SEE978818827099, SEE927051587383",Lechblick Pr(AF)3,Volleinspeisung,1300,86920,Landsberg am Lech,Denklingen,Dr.-Manfred-Hirschvogel-Straße,16,Bayern,10.871,47.9353,1943,NA,FALSE,NA,Laufwasseranlage,NA
SEE918744313280,ABR914764874992,Wasser,"SEE993638704894, SEE963807893650, SEE932270059351, SEE918744313280, SEE978818827099, SEE927051587383",Lechblick Pr(AF)4,Volleinspeisung,1300,86920,Landsberg am Lech,Denklingen,Dr.-Manfred-Hirschvogel-Straße,16,Bayern,10.871,47.9353,1943,NA,FALSE,NA,Laufwasseranlage,NA
SEE978818827099,ABR914764874992,Wasser,"SEE993638704894, SEE963807893650, SEE932270059351, SEE918744313280, SEE978818827099, SEE927051587383",Lechblick Pr(AF)5,Volleinspeisung,1300,86920,Landsberg am Lech,Denklingen,Dr.-Manfred-Hirschvogel-Straße,NA,Bayern,10.871,47.9353,1943,NA,FALSE,NA,Laufwasseranlage,NA
SEE927051587383,ABR914764874992,Wasser,"SEE993638704894, SEE963807893650, SEE932270059351, SEE918744313280, SEE978818827099, SEE927051587383",Lechblick Pr(AF)6,Volleinspeisung,1300,86920,Landsberg am Lech,Denklingen,Dr.-Manfred-Hirschvogel-Straße,16,Bayern,10.871,47.9353,1943,NA,FALSE,NA,Laufwasseranlage,NA
SEE914555659944,ABR914764874992,Wasser,"SEE970231748524, SEE955601587859, SEE914555659944, SEE938714014153, SEE993153252665, SEE943352668064",Lechmühlen Pr(AF)3,Volleinspeisung,1300,86925,Landsberg am Lech,Fuchstal,Herrengasse,NA,Bayern,10.8758,47.9506,1943,NA,FALSE,NA,Laufwasseranlage,NA
SEE938714014153,ABR914764874992,Wasser,"SEE970231748524, SEE955601587859, SEE914555659944, SEE938714014153, SEE993153252665, SEE943352668064",Lechmühlen Pr(AF)4,Volleinspeisung,1300,86925,Landsberg am Lech,Fuchstal,Herrengasse,NA,Bayern,10.8758,47.9506,1943,NA,FALSE,NA,Laufwasseranlage,NA
SEE993153252665,ABR914764874992,Wasser,"SEE970231748524, SEE955601587859, SEE914555659944, SEE938714014153, SEE993153252665, SEE943352668064",Lechmühlen Pr(AF)5,Volleinspeisung,1300,86925,Landsberg am Lech,Fuchstal,Herrengasse,NA,Bayern,10.8758,47.9506,1943,NA,FALSE,NA,Laufwasseranlage,NA
SEE943352668064,ABR914764874992,Wasser,"SEE970231748524, SEE955601587859, SEE914555659944, SEE938714014153, SEE993153252665, SEE943352668064",Lechmühlen Pr(AF)6,Volleinspeisung,1300,86925,Landsberg am Lech,Fuchstal,Herrengasse,NA,Bayern,10.8758,47.9506,1943,NA,FALSE,NA,Laufwasseranlage,NA
SEE920841603935,ABR914764874992,Wasser,"SEE965436607783, SEE918418425370, SEE920841603935, SEE953875897209, SEE990579437850, SEE913070705747",Pitzling Pr(AF)3,Volleinspeisung,1300,86899,Landsberg am Lech,Landsberg,Andernach,NA,Bayern,10.8764,48.0092,1944,NA,FALSE,NA,Laufwasseranlage,NA
SEE953875897209,ABR914764874992,Wasser,"SEE965436607783, SEE918418425370, SEE920841603935, SEE953875897209, SEE990579437850, SEE913070705747",Pitzling Pr(AF)4,Volleinspeisung,1300,86899,Landsberg am Lech,Landsberg,Andernach,NA,Bayern,10.8764,48.0092,1944,NA,FALSE,NA,Laufwasseranlage,NA
SEE990579437850,ABR914764874992,Wasser,"SEE965436607783, SEE918418425370, SEE920841603935, SEE953875897209, SEE990579437850, SEE913070705747",Pitzling Pr(AF)5,Volleinspeisung,1300,86899,Landsberg am Lech,Landsberg,Andernach,NA,Bayern,10.8764,48.0092,1944,NA,FALSE,NA,Laufwasseranlage,NA
SEE913070705747,ABR914764874992,Wasser,"SEE965436607783, SEE918418425370, SEE920841603935, SEE953875897209, SEE990579437850, SEE913070705747",Pitzling Pr(AF)6,Volleinspeisung,1300,86899,Landsberg am Lech,Landsberg,Andernach,NA,Bayern,10.8764,48.0092,1944,NA,FALSE,NA,Laufwasseranlage,NA
SEE993345571505,ABR914764874992,Wasser,"SEE900419589533, SEE973320889771, SEE993345571505, SEE948303973549, SEE988199618315, SEE927287823132",Sperber Pr(AF)3,Volleinspeisung,1200,86978,Weilheim-Schongau,Hohenfurch,Am Lech,14,Bayern,10.9236,47.8621,1947,NA,FALSE,NA,Laufwasseranlage,NA
SEE948303973549,ABR914764874992,Wasser,"SEE900419589533, SEE973320889771, SEE993345571505, SEE948303973549, SEE988199618315, SEE927287823132",Sperber Pr(AF)4,Volleinspeisung,1200,86978,Weilheim-Schongau,Hohenfurch,Am Lech,14,Bayern,10.9236,47.8621,1947,NA,FALSE,NA,Laufwasseranlage,NA
SEE988199618315,ABR914764874992,Wasser,"SEE900419589533, SEE973320889771, SEE993345571505, SEE948303973549, SEE988199618315, SEE927287823132",Sperber Pr(AF)5,Volleinspeisung,1200,86978,Weilheim-Schongau,Hohenfurch,Am Lech,14,Bayern,10.9236,47.8621,1947,NA,FALSE,NA,Laufwasseranlage,NA
SEE927287823132,ABR914764874992,Wasser,"SEE900419589533, SEE973320889771, SEE993345571505, SEE948303973549, SEE988199618315, SEE927287823132",Sperber Pr(AF)6,Volleinspeisung,1200,86978,Weilheim-Schongau,Hohenfurch,Am Lech,14,Bayern,10.9236,47.8621,1947,NA,FALSE,NA,Laufwasseranlage,NA
SEE945677591157,ABR914764874992,Wasser,"SEE931240961458, SEE994123191090, SEE945677591157, SEE949853625339, SEE955674416315, SEE937486636945",Apfeldorf Pr(AF)3,Volleinspeisung,1200,86920,Landsberg am Lech,Denklingen,Bei Forchau,NA,Bayern,10.9304,47.9031,1944,NA,FALSE,NA,Laufwasseranlage,NA
SEE949853625339,ABR914764874992,Wasser,"SEE931240961458, SEE994123191090, SEE945677591157, SEE949853625339, SEE955674416315, SEE937486636945",Apfeldorf Pr(AF)4,Volleinspeisung,1200,86920,Landsberg am Lech,Denklingen,Bei Forchau,NA,Bayern,10.9304,47.9031,1944,NA,FALSE,NA,Laufwasseranlage,NA
SEE955674416315,ABR914764874992,Wasser,"SEE931240961458, SEE994123191090, SEE945677591157, SEE949853625339, SEE955674416315, SEE937486636945",Apfeldorf Pr(AF)5,Volleinspeisung,1200,86920,Landsberg am Lech,Denklingen,Bei Forchau,NA,Bayern,10.9304,47.9031,1944,NA,FALSE,NA,Laufwasseranlage,NA
SEE937486636945,ABR914764874992,Wasser,"SEE931240961458, SEE994123191090, SEE945677591157, SEE949853625339, SEE955674416315, SEE937486636945",Apfeldorf Pr(AF)6,Volleinspeisung,1200,86920,Landsberg am Lech,Denklingen,Bei Forchau,NA,Bayern,10.9304,47.9031,1944,NA,FALSE,NA,Laufwasseranlage,NA
SEE960733948324,ABR926924870508,Wasser,SEE960733948324,WKA Dornau K3,Teileinspeisung (einschließlich Eigenverbrauch),3750,86956,Weilheim-Schongau,Schongau,Lechuferstraße,21,Bayern,10.904398,47.800186,1959,NA,FALSE,NA,Laufwasseranlage,NA
SEE991447237619,ABR926924870508,Wasser,"SEE934189010102, SEE987146503971, SEE991447237619, SEE932034678705",WKA Schongau Generator 3,Teileinspeisung (einschließlich Eigenverbrauch),1395,86956,Weilheim-Schongau,Schongau,Friedrich-Haindl-Straße,10,Bayern,10.902341,47.808151,2000,NA,FALSE,NA,Laufwasseranlage,NA
SEE966948910484,ABR926924870508,Wasser,SEE966948910484,WKA Dornau K4,Teileinspeisung (einschließlich Eigenverbrauch),3750,86956,Weilheim-Schongau,Schongau,Lechuferstraße,21,Bayern,10.904398,47.800186,1959,NA,FALSE,NA,Laufwasseranlage,NA
SEE926246346859,ABR981894928901,Wasser,SEE926246346859,Oberberg 2b PSW,Volleinspeisung,7248,94469,Deggendorf,Deggendorf,Donnersberger Weg,25,Bayern,12.9946,48.851289,2007,NA,FALSE,NA,Speicherwasseranlage,NA
SEE937353642390,ABR997116496912,Wasser,"SEE969507902654, SEE967404406039, SEE943021591570, SEE995735564722, SEE968493660913, SEE995049451596, SEE937353642390, SEE927407069969, SEE978319698396, SEE984899087819, SEE982484501641",Kraftwerk Wasserburg MS1 110 kV,Volleinspeisung,4820,83512,Rosenheim,Wasserburg,Innwerkstraße,15,Bayern,12.219167,48.057778,1938,NA,FALSE,NA,Laufwasseranlage,NA
SEE927407069969,ABR997116496912,Wasser,"SEE969507902654, SEE967404406039, SEE943021591570, SEE995735564722, SEE968493660913, SEE995049451596, SEE937353642390, SEE927407069969, SEE978319698396, SEE984899087819, SEE982484501641",Kraftwerk Wasserburg MS2 110 kV,Volleinspeisung,4820,83512,Rosenheim,Wasserburg,Innwerkstraße,15,Bayern,12.219167,48.057778,1938,NA,FALSE,NA,Laufwasseranlage,NA
SEE978319698396,ABR997116496912,Wasser,"SEE969507902654, SEE967404406039, SEE943021591570, SEE995735564722, SEE968493660913, SEE995049451596, SEE937353642390, SEE927407069969, SEE978319698396, SEE984899087819, SEE982484501641",Kraftwerk Wasserburg MS4 110 kV,Volleinspeisung,4820,83512,Rosenheim,Wasserburg,Innwerkstraße,15,Bayern,12.219167,48.057778,1938,NA,FALSE,NA,Laufwasseranlage,NA
SEE984899087819,ABR997116496912,Wasser,"SEE969507902654, SEE967404406039, SEE943021591570, SEE995735564722, SEE968493660913, SEE995049451596, SEE937353642390, SEE927407069969, SEE978319698396, SEE984899087819, SEE982484501641",Kraftwerk Wasserburg MS5 110 kV,Volleinspeisung,4820,83512,Rosenheim,Wasserburg,Innwerkstraße,15,Bayern,12.219167,48.057778,1938,NA,FALSE,NA,Laufwasseranlage,NA
SEE982484501641,ABR997116496912,Wasser,"SEE969507902654, SEE967404406039, SEE943021591570, SEE995735564722, SEE968493660913, SEE995049451596, SEE937353642390, SEE927407069969, SEE978319698396, SEE984899087819, SEE982484501641",Kraftwerk Wasserburg MS3 110 kV,Volleinspeisung,4820,83512,Rosenheim,Wasserburg,Innwerkstraße,15,Bayern,12.219167,48.057778,1938,NA,FALSE,NA,Laufwasseranlage,NA
SEE971499223693,ABR967287372797,Wasser,"SEE902378631681, SEE971499223693, SEE965528786747, SEE961706754454, SEE991958709742",Kraftwerk Jochenstein MS2,Volleinspeisung,26400,94107,Passau,Untergriesbach,Am Kraftwerk,2,Bayern,13.707638,48.518284,1956,NA,FALSE,Kraftwerk Jochenstein,Laufwasseranlage,NA
SEE965528786747,ABR967287372797,Wasser,"SEE902378631681, SEE971499223693, SEE965528786747, SEE961706754454, SEE991958709742",Kraftwerk Jochenstein MS3,Volleinspeisung,26400,94107,Passau,Untergriesbach,Am Kraftwerk,2,Bayern,13.707638,48.518284,1956,NA,FALSE,Kraftwerk Jochenstein,Laufwasseranlage,NA
SEE961706754454,ABR967287372797,Wasser,"SEE902378631681, SEE971499223693, SEE965528786747, SEE961706754454, SEE991958709742",Kraftwerk Jochenstein MS4,Volleinspeisung,26400,94107,Passau,Untergriesbach,Am Kraftwerk,2,Bayern,13.707638,48.518284,1956,NA,FALSE,Kraftwerk Jochenstein MS4,Laufwasseranlage,NA
SEE991958709742,ABR967287372797,Wasser,"SEE902378631681, SEE971499223693, SEE965528786747, SEE961706754454, SEE991958709742",Kraftwerk Jochenstein MS5,Volleinspeisung,26400,94107,Passau,Untergriesbach,Am Kraftwerk,2,Bayern,13.707638,48.518284,1956,NA,FALSE,Kraftwerk Jochenstein,Laufwasseranlage,NA
SEE900148733979,ABR944613332649,Wasser,"SEE955267790761, SEE900148733979",WKA Muldestausee,Volleinspeisung,1560,06774,Anhalt-Bitterfeld,Muldestausee,Muldensteiner Straße,999 R,Sachsen-Anhalt,12.355846,51.655351,2021,NA,FALSE,NA,Laufwasseranlage,NA
SEE933265744528,ABR914764874992,Wasser,"SEE933265744528, SEE909400381729",Hemfurth F1,Volleinspeisung,10000,34549,Waldeck-Frankenberg,Edertal,Randstraße,NA,Hessen,9.05985,51.1834,1915,NA,FALSE,Hemfurth F1,Speicherwasseranlage,NA
SEE909400381729,ABR914764874992,Wasser,"SEE933265744528, SEE909400381729",Hemfurth F2,Volleinspeisung,10000,34549,Waldeck-Frankenberg,Edertal,Randstraße,NA,Hessen,9.05985,51.1834,1915,NA,FALSE,Hemfurth F2,Speicherwasseranlage,NA
SEE950450991048,ABR914764874992,Wasser,SEE950450991048,Roßhaupten SKW K1,Volleinspeisung,24900,87672,Ostallgäu,Roßhaupten,Forggenseestraße,100,Bayern,10.7501,47.6543,1954,NA,FALSE,Roßhaupten SKW K1,Speicherwasseranlage,NA
SEE913199703136,ABR914764874992,Wasser,SEE913199703136,Roßhaupten SKW K2,Volleinspeisung,24900,87672,Ostallgäu,Roßhaupten,Forggenseestraße,100,Bayern,10.7501,47.6543,1954,NA,FALSE,Roßhaupten SKW K2,Speicherwasseranlage,NA
SEE930595548697,ABR914764874992,Wasser,"SEE930595548697, SEE928459304602, SEE981832585265, SEE994984344970, SEE965777272787, SEE975302241416, SEE936406566188, SEE994080011080",Walchenseekraftwerk D F1,Volleinspeisung,18000,82431,Bad Tölz-Wolfratshausen,Kochel,Altjoch,21,Bayern,11.33818,47.629628,1924,NA,FALSE,Walchenseekraftwerk D F1,Speicherwasseranlage,NA
SEE928459304602,ABR914764874992,Wasser,"SEE930595548697, SEE928459304602, SEE981832585265, SEE994984344970, SEE965777272787, SEE975302241416, SEE936406566188, SEE994080011080",Walchenseekraftwerk D F2,Volleinspeisung,18000,82431,Bad Tölz-Wolfratshausen,Kochel,Altjoch,22,Bayern,11.33818,47.629628,1924,NA,FALSE,Walchenseekraftwerk D F2,Speicherwasseranlage,NA
SEE981832585265,ABR914764874992,Wasser,"SEE930595548697, SEE928459304602, SEE981832585265, SEE994984344970, SEE965777272787, SEE975302241416, SEE936406566188, SEE994080011080",Walchenseekraftwerk D F3,Volleinspeisung,18000,82431,Bad Tölz-Wolfratshausen,Kochel,Altjoch,22,Bayern,11.33818,47.629628,1924,NA,FALSE,Walchenseekraftwerk D F3,Speicherwasseranlage,NA
SEE994984344970,ABR914764874992,Wasser,"SEE930595548697, SEE928459304602, SEE981832585265, SEE994984344970, SEE965777272787, SEE975302241416, SEE936406566188, SEE994080011080",Walchenseekraftwerk D F4,Volleinspeisung,18000,82431,Bad Tölz-Wolfratshausen,Kochel,Altjoch,22,Bayern,11.33818,47.629628,1924,NA,FALSE,Walchenseekraftwerk D F4,Speicherwasseranlage,NA
SEE965777272787,ABR914764874992,Wasser,"SEE930595548697, SEE928459304602, SEE981832585265, SEE994984344970, SEE965777272787, SEE975302241416, SEE936406566188, SEE994080011080",Walchenseekraftwerk E Pe1,Volleinspeisung,13000,82431,Bad Tölz-Wolfratshausen,Kochel,Altjoch,22,Bayern,11.33818,47.629628,1924,NA,FALSE,Walchenseekraftwerk E Pe1,Speicherwasseranlage,NA
SEE975302241416,ABR914764874992,Wasser,"SEE930595548697, SEE928459304602, SEE981832585265, SEE994984344970, SEE965777272787, SEE975302241416, SEE936406566188, SEE994080011080",Walchenseekraftwerk E Pe2,Volleinspeisung,13000,82431,Bad Tölz-Wolfratshausen,Kochel,Altjoch,22,Bayern,11.33818,47.629628,1924,NA,FALSE,Walchenseekraftwerk E Pe2,Speicherwasseranlage,NA
SEE936406566188,ABR914764874992,Wasser,"SEE930595548697, SEE928459304602, SEE981832585265, SEE994984344970, SEE965777272787, SEE975302241416, SEE936406566188, SEE994080011080",Walchenseekraftwerk E Pe3,Volleinspeisung,13000,82431,Bad Tölz-Wolfratshausen,Kochel,Altjoch,22,Bayern,11.33818,47.629628,1924,NA,FALSE,Walchenseekraftwerk E Pe3,Speicherwasseranlage,NA
SEE994080011080,ABR914764874992,Wasser,"SEE930595548697, SEE928459304602, SEE981832585265, SEE994984344970, SEE965777272787, SEE975302241416, SEE936406566188, SEE994080011080",Walchenseekraftwerk E Pe4,Volleinspeisung,13000,82431,Bad Tölz-Wolfratshausen,Kochel,Altjoch,22,Bayern,11.33818,47.629628,1924,NA,FALSE,Walchenseekraftwerk E Pe4,Speicherwasseranlage,NA
SEE929107540175,ABR950811337010,Wasser,"SEE907943989181, SEE929107540175",KW Nußdorf MS2 (im Besitz von Innwerk und ÖBK),Volleinspeisung,23500,83131,Rosenheim,Nußdorf,Am Inn,19,Bayern,12.136467,47.744866,1982,NA,FALSE,Kraftwerk Nußdorf (im Besitz von Innwerk und ÖBK),Laufwasseranlage,NA
SEE909712947040,ABR912255793326,Wasser,"SEE959082252213, SEE909712947040, SEE936572436667",Laufwasserkraftwerk Petershagen - Einheit 2,Volleinspeisung,1120,32469,Minden-Lübbecke,Petershagen,Am Wehr,NA,Nordrhein-Westfalen,8.980619,52.367579,2011,NA,FALSE,NA,Laufwasseranlage,NA
SEE936572436667,ABR912255793326,Wasser,"SEE959082252213, SEE909712947040, SEE936572436667",Laufwasserkraftwerk Petershagen - Einheit 3,Volleinspeisung,1120,32469,Minden-Lübbecke,Petershagen,Am Wehr,NA,Nordrhein-Westfalen,8.980619,52.367579,2011,NA,FALSE,NA,Laufwasseranlage,NA
SEE974948708802,ABR931281976800,Wasser,"SEE942092289713, SEE983443477878, SEE974948708802",Hauptkraftwerk,Volleinspeisung,4028,94481,Freyung-Grafenau,Grafenau,NA,NA,Bayern,13.359763,48.883156,2024,NA,FALSE,NA,Speicherwasseranlage,NA
SEE904255114836,ABR992171795055,Wasser,SEE904255114836,Wasserkraft Wintersohl GmbH,Volleinspeisung,4000,58791,Märkischer Kreis,Werdohl,Im Ohl,NA,Nordrhein-Westfalen,7.783748,51.261112,1997,NA,FALSE,NA,Laufwasseranlage,NA
SEE937356687909,ABR988666610835,Wasser,"SEE955978509164, SEE937356687909, SEE990364668339",SKW Hohenwarte 1 Maschine A,Volleinspeisung,30000,07338,Saalfeld-Rudolstadt,Hohenwarte,Ortsstraße,NA,Thüringen,11.49,50.61,1959,NA,FALSE,SKW Hohenwarte 1,Speicherwasseranlage,NA
SEE990364668339,ABR988666610835,Wasser,"SEE955978509164, SEE937356687909, SEE990364668339",SKW Hohenwarte 1 Maschine B,Volleinspeisung,30000,07338,Saalfeld-Rudolstadt,Hohenwarte,Ortsstraße,NA,Thüringen,11.49,50.61,1959,NA,FALSE,SKW Hohenwarte 1,Speicherwasseranlage,NA
SEE982833830750,ABR915068942295,Wasser,"SEE980337143772, SEE982833830750",WKW Reckingen M1,Teileinspeisung (einschließlich Eigenverbrauch),21000,79761,Waldshut,Waldshut-Tiengen,Tiengener Straße,8,Baden-Württemberg,8.33813,47.57085,2026,NA,FALSE,WKW Reckingen,Laufwasseranlage,NA
