nr_MASTR,nr_betreiber,energie_type,verknuepfte_einheiten,name,einspeisung,leistung_brutto,plz,landkreis,ort,strasse,hausnummer,bundesland,laenge,breite,jahr_inbetriebnahme,jahr_stillgelegt,stillgelegt,energietraeger,name_KW,nr_KW
SEE960951557490,NA,Stromspeichereinheit,SEE960951557490,Speicher,NA,2500,25335,Pinneberg,Bokholt-Hanredder,Bahnhofstraße,13,Schleswig-Holstein,9.735,53.79,1923,2019,TRUE,Batterie,NA,NA
SEE938534551104,ABR989859343004,Stromspeichereinheit,NA,Bocholt Speicher,Teileinspeisung (einschließlich Eigenverbrauch),1125,46395,Borken,Bocholt,Alfred-Flender-Straße,77,Nordrhein-Westfalen,6.608,51.823,2016,NA,FALSE,Batterie,NA,NA
SEE972894381872,NA,Stromspeichereinheit,SEE972894381872,Homert 01,Teileinspeisung (einschließlich Eigenverbrauch),2500,59889,Hochsauerlandkreis,Eslohe,NA,NA,Nordrhein-Westfalen,NA,NA,2014,2019,TRUE,Batterie,NA,NA
SEE911690715313,ABR974239102593,Stromspeichereinheit,NA,Batteriespeicher Wernau,Volleinspeisung,2600,73249,Esslingen,Wernau,Junkersstraße,20,Baden-Württemberg,9.421,48.688,2017,NA,FALSE,Batterie,NA,NA
SEE966505165425,ABR974239102593,Stromspeichereinheit,NA,Batteriespeicher Heilbronn,Volleinspeisung,5200,74076,Heilbronn,Heilbronn,Lichtenbergerstraße,23,Baden-Württemberg,9.209,49.173,2018,NA,FALSE,Batterie,NA,NA
SEE943208281096,ABR921440481122,Stromspeichereinheit,NA,Rain BS1,Teileinspeisung (einschließlich Eigenverbrauch),1500,86641,Donau-Ries,Rain,Kraftwerkstraße,21,Bayern,10.897772,48.692522,2019,NA,FALSE,Batterie,NA,NA
SEE953508633730,ABR999401230768,Stromspeichereinheit,NA,SWM Leitzach 2 M21,Teileinspeisung (einschließlich Eigenverbrauch),22000,83620,Rosenheim,Feldkirchen-Westerham,Leitzachwerkstraße,50,Bayern,11.871,47.874,1984,NA,FALSE,Pumpspeicher,NA,NA
SEE913862454280,ABR901047920507,Stromspeichereinheit,NA,Hybridregelkraftwerk,Volleinspeisung,18000,28207,Bremen,Bremen,Hastedter Osterdeich,255,Bremen,8.874096,53.058934,2019,NA,FALSE,Batterie,NA,NA
SEE958562019667,NA,Stromspeichereinheit,NA,FutureEnergySolution,Teileinspeisung (einschließlich Eigenverbrauch),1400,21129,Hamburg,Hamburg,Vollhöfner Weiden,18,Hamburg,9.894684,53.506271,2019,2022,TRUE,Batterie,NA,NA
SEE949701129095,ABR907152889371,Stromspeichereinheit,NA,T 14 PSKW Kirchentellinsfurt,Volleinspeisung,1300,72138,Tübingen,Kirchentellinsfurt,Tübinger Straße,41,Baden-Württemberg,9.138454,48.545156,1926,NA,FALSE,Pumpspeicher,NA,NA
SEE907703023742,ABR908281121257,Stromspeichereinheit,NA,IKW Batteriespeicher,Teileinspeisung (einschließlich Eigenverbrauch),1080,15890,Oder-Spree,Eisenhüttenstadt,Jugendstraße,1,Brandenburg,14.632419,52.163396,2014,NA,FALSE,Batterie,NA,NA
SEE985288982944,ABR917550078642,Stromspeichereinheit,NA,ESS_EUREF-CAMPUS,Volleinspeisung,1250,10829,Berlin,Berlin,EUREF-Campus,9,Berlin,13.356239,52.481808,2019,NA,FALSE,Batterie,NA,NA
SEE995541369856,ABR903690099142,Stromspeichereinheit,NA,Batteriespeicher Gödenroth,Volleinspeisung,1250,56290,Rhein-Hunsrück-Kreis,Gödenroth,An der Trift,NA,Rheinland-Pfalz,7.498412,50.086232,2018,NA,FALSE,Batterie,NA,NA
SEE926367113644,ABR915068942295,Stromspeichereinheit,NA,Obervermuntwerk II Maschine 1 Turbine,Volleinspeisung,190000,A-6794,NA,Partenen,Silvretta Hochalpenstrasse,NA,NA,10.05995,46.93529,2018,NA,FALSE,Pumpspeicher,NA,NA
SEE905032397701,ABR977072703385,Stromspeichereinheit,NA,BAT WÖL,Volleinspeisung,4800,01665,Meißen,Diera-Zehren,NA,NA,Sachsen,13.343956,51.214239,2018,NA,FALSE,Batterie,NA,NA
SEE984944424651,ABR915068942295,Stromspeichereinheit,NA,Obervermuntwerk II Maschine 2 Turbine,Volleinspeisung,190000,A-6794,NA,Partenen,Silvretta Hochalpenstrasse,NA,NA,10.05995,46.93529,2018,NA,FALSE,Pumpspeicher,NA,NA
SEE973585970962,ABR977223013417,Stromspeichereinheit,NA,Batteriespeicher W2G,Volleinspeisung,2000,25541,Dithmarschen,Brunsbüttel,NA,NA,Schleswig-Holstein,9.19409,53.910335,2017,NA,FALSE,Batterie,NA,NA
SEE911836897996,ABR982105583193,Stromspeichereinheit,NA,Batteriespeicher Herdecke,Volleinspeisung,6250,58313,Ennepe-Ruhr-Kreis,Herdecke,Im Schiffwinkel,43,Nordrhein-Westfalen,7.45422,51.41129,2017,NA,FALSE,Batterie,NA,NA
SEE961724289518,NA,Stromspeichereinheit,NA,Speicherkraftwerk Kolitzheim,NA,3200,97509,Schweinfurt,Kolitzheim,NA,NA,Bayern,10.240278,49.912778,2016,2025,TRUE,Batterie,NA,NA
SEE955166555447,ABR998956874250,Stromspeichereinheit,NA,Speicherkraftwerk Wildflecken,Volleinspeisung,2250,97772,Bad Kissingen,Wildflecken,NA,NA,Bayern,9.936667,50.376111,2017,NA,FALSE,Batterie,NA,NA
SEE900291433160,ABR917063786638,Stromspeichereinheit,NA,Hybridspeicher AU,Volleinspeisung,16000,87477,Oberallgäu,Sulzberg,Au,7,Bayern,10.32208,47.685476,2018,NA,FALSE,Batterie,NA,NA
SEE932484697615,ABR999401230768,Stromspeichereinheit,NA,SWM Leitzach 2 M22,Teileinspeisung (einschließlich Eigenverbrauch),22000,83620,Rosenheim,Feldkirchen-Westerham,Leitzachwerkstraße,50,Bayern,11.871,47.874,1960,NA,FALSE,Pumpspeicher,NA,NA
SEE967069763799,ABR999401230768,Stromspeichereinheit,NA,SWM Leitzach 1 M11,Teileinspeisung (einschließlich Eigenverbrauch),48000,83620,Rosenheim,Feldkirchen-Westerham,Leitzachwerkstraße,50,Bayern,11.871,47.874,1984,NA,FALSE,Pumpspeicher,NA,NA
SEE905242636829,ABR921311094093,Stromspeichereinheit,NA,Batteriespeicher Garching Römerhofweg,Volleinspeisung,1442,85748,München,Garching,NA,NA,Bayern,11.6607,48.25963,2017,NA,FALSE,Batterie,NA,NA
SEE915286783892,ABR921665486551,Stromspeichereinheit,NA,Batteriespeicher Braderup,Volleinspeisung,2000,25923,Nordfriesland,Braderup,Lundsacker Weg,12a,Schleswig-Holstein,8.897112,54.832373,2015,NA,FALSE,Batterie,NA,NA
SEE934309192626,ABR988666610835,Stromspeichereinheit,NA,PSW Geesthacht PSS A,Volleinspeisung,40000,21502,Herzogtum Lauenburg,Geesthacht,Elbuferstraße,49,Schleswig-Holstein,10.394,53.419,1958,NA,FALSE,Pumpspeicher,NA,NA
SEE989415663904,ABR937505471571,Stromspeichereinheit,NA,BES LRB,Volleinspeisung,7300,04862,Nordsachsen,Mockrehna,Wildschützer Straße,999 x,Sachsen,12.897686,51.491738,2018,NA,FALSE,Batterie,NA,NA
SEE908200741672,ABR937505471571,Stromspeichereinheit,NA,BES LRB 2,Volleinspeisung,9125,04862,Nordsachsen,Mockrehna,Wildschützer Straße,999 y,Sachsen,12.897767,51.491928,2018,NA,FALSE,Batterie,NA,NA
SEE963081865633,ABR921213385473,Stromspeichereinheit,NA,BES BEN,Volleinspeisung,16425,04828,Leipzig,Bennewitz,Parkstraße,2,Sachsen,12.70713,51.356015,2018,NA,FALSE,Batterie,NA,NA
SEE976362409624,ABR976700826632,Stromspeichereinheit,NA,BES GRO,Volleinspeisung,17250,04539,Leipzig,Groitzsch,Luckaer Straße,29 z,Sachsen,12.293085,51.140876,2019,NA,FALSE,Batterie,NA,NA
SEE953605889740,ABR901203303755,Stromspeichereinheit,NA,Batteriespeicher Herrenhausen,Volleinspeisung,14000,30419,Region Hannover,Hannover,Leinhäuser Weg,5,Niedersachsen,9.681854,52.398519,2017,NA,FALSE,Batterie,NA,NA
SEE901763599254,ABR907212965823,Stromspeichereinheit,NA,"Stromspeicher 2,5 MW Bautzen",NA,2000,02625,Bautzen,Bautzen,Schliebenstraße,18,Sachsen,14.415262,51.18081,2018,NA,FALSE,Batterie,NA,NA
SEE993997172082,ABR986251713824,Stromspeichereinheit,NA,Stromspeicher BeSSY Aub - 2.500 kW,NA,2500,97239,Würzburg,Aub,Industriestraße,2,Bayern,10.051955,49.55176,2017,NA,FALSE,Batterie,NA,NA
SEE962764296498,ABR916120431191,Stromspeichereinheit,NA,Wittstock,Volleinspeisung,1600,16909,Ostprignitz-Ruppin,Wittstock,NA,NA,Brandenburg,12.524777,53.199592,2014,NA,FALSE,Batterie,NA,NA
SEE902511338712,ABR951531367424,Stromspeichereinheit,NA,Neuhardenberg,Volleinspeisung,5000,15320,Märkisch-Oderland,Neuhardenberg,Oderbruchstr. 20a,NA,Brandenburg,14.244593,52.617101,2015,NA,FALSE,Batterie,NA,NA
SEE966091400436,ABR922907721966,Stromspeichereinheit,NA,Q_ESS_Elverlingsen,Volleinspeisung,17080,58791,Märkischer Kreis,Werdohl,Auf der Mark,1,Nordrhein-Westfalen,7.704284,51.27486,2017,NA,FALSE,Batterie,NA,NA
SEE905490507995,ABR922907721966,Stromspeichereinheit,NA,Q_ESS_Luenen,Volleinspeisung,11920,44536,Unna,Lünen,Brunnenstraße,138,Nordrhein-Westfalen,7.46635,51.61662,2016,NA,FALSE,Batterie,NA,NA
SEE976927444749,ABR996025035908,Stromspeichereinheit,NA,RRKW Feldheim,Volleinspeisung,10000,14929,Potsdam-Mittelmark,Treuenbrietzen,Hinter den Gärten,15 b,Brandenburg,12.822563,52.009849,2016,NA,FALSE,Batterie,NA,NA
SEE905930139120,ABR967895852209,Stromspeichereinheit,NA,Big Battery Lausitz,Volleinspeisung,66000,03130,Spree-Neiße,Spremberg,An der alten Ziegelei,1,Brandenburg,14.348723,51.531359,2020,NA,FALSE,Batterie,NA,NA
SEE963007921467,ABR946734029859,Stromspeichereinheit,NA,AllgäuSpeicher Bruck,Volleinspeisung,1500,87541,Oberallgäu,Bad Hindelang,NA,NA,Bayern,10.384893,47.485158,2017,NA,FALSE,Batterie,NA,NA
SEE935506652999,ABR999566358659,Stromspeichereinheit,NA,Energiewende-Speicher,Volleinspeisung,11900,26316,Friesland,Varel,Oldenburger Straße,69 B,Niedersachsen,8.125477,53.375414,2018,NA,FALSE,Batterie,NA,NA
SEE931375347240,ABR930916959300,Stromspeichereinheit,NA,SMAREG 1,Volleinspeisung,10000,99867,Gotha,Gotha,NA,NA,Thüringen,10.709715,50.928557,2020,NA,FALSE,Batterie,NA,NA
SEE986418252418,ABR929322061196,Stromspeichereinheit,NA,Partition_1,Teileinspeisung (einschließlich Eigenverbrauch),3400,04349,Leipzig,Leipzig,BMW-Allee,1,Sachsen,12.448219,51.411189,2017,NA,FALSE,Batterie,NA,NA
SEE954351462355,ABR929322061196,Stromspeichereinheit,NA,Partition_2,Teileinspeisung (einschließlich Eigenverbrauch),3400,04349,Leipzig,Leipzig,BMW-Allee,1,Sachsen,12.448219,51.411189,2017,NA,FALSE,Batterie,NA,NA
SEE905647753862,ABR929322061196,Stromspeichereinheit,NA,Partition_3,Teileinspeisung (einschließlich Eigenverbrauch),3400,04349,Leipzig,Leipzig,BMW-Allee,1,Sachsen,12.448219,51.411189,2017,NA,FALSE,Batterie,NA,NA
SEE943565217936,ABR929322061196,Stromspeichereinheit,NA,Partition_4,Teileinspeisung (einschließlich Eigenverbrauch),3400,04349,Leipzig,Leipzig,BMW-Allee,1,Sachsen,12.448219,51.411189,2017,NA,FALSE,Batterie,NA,NA
SEE937501180224,ABR987308043314,Stromspeichereinheit,SEE937501180224,MEE-Projektgesellschaft 1 GmbH ＆ Co. KG Stromspeicher,Volleinspeisung,3600,01561,Meißen,Priestewitz,NA,NA,Sachsen,13.469493,51.271325,2022,NA,FALSE,Batterie,NA,NA
SEE914355585900,ABR989697632193,Stromspeichereinheit,SEE914355585900,B1 Batterien CR01,Volleinspeisung,3680,17291,Uckermark,Schenkenberg,NA,NA,Brandenburg,13.971033,53.364466,2023,NA,FALSE,Batterie,NA,NA
SEE924253067729,ABR937194923115,Stromspeichereinheit,NA,Hafenbatterie,Volleinspeisung,2000,20457,Hamburg,Hamburg,Buchheisterstraße,16,Hamburg,9.964187,53.5279,2016,NA,FALSE,Batterie,NA,NA
SEE980248054310,ABR945638489011,Stromspeichereinheit,SEE980248054310,ABO Batterie Gumpen,Teileinspeisung (einschließlich Eigenverbrauch),1500,64385,Odenwaldkreis,Reichelsheim,Hardtweg,9,Hessen,8.807806,49.698735,2023,NA,FALSE,Batterie,NA,NA
SEE985940483451,ABR999471620087,Stromspeichereinheit,NA,ABO Batterie Heimertingen,Volleinspeisung,1500,87751,Unterallgäu,Heimertingen,NA,NA,Bayern,10.157682,48.057631,2024,NA,FALSE,Batterie,NA,NA
SEE959442677670,ABR979726652810,Stromspeichereinheit,SEE959442677670,ABO Batterie Lahr,Volleinspeisung,1500,56288,Rhein-Hunsrück-Kreis,Lahr,NA,NA,Rheinland-Pfalz,7.365295,50.117891,2023,NA,FALSE,Batterie,NA,NA
SEE981067351215,ABR996401106758,Stromspeichereinheit,NA,Heizkraftwerk Leipzig Süd Schwarzstartbatterie 9C,Volleinspeisung,4000,04279,Leipzig,Leipzig,Bornaische Straße,120,Sachsen,12.38509,51.297278,2022,NA,FALSE,Batterie,NA,NA
SEE909817520346,ABR938933890415,Stromspeichereinheit,SEE909817520346,Speicher Brandscheid,Volleinspeisung,2700,54608,Eifelkreis Bitburg-Prüm,Brandscheid,NA,NA,Rheinland-Pfalz,6.304024,50.209261,2023,NA,FALSE,Batterie,NA,NA
SEE910896505094,ABR930026983264,Stromspeichereinheit,NA,Batteriespeicher PV- Anlage Hasselwerder,Volleinspeisung,1200,21129,Hamburg,Hamburg,Neuenfelder Fährdeich,88,Hamburg,9.787269,53.531392,2023,NA,FALSE,Batterie,NA,NA
SEE922338990610,ABR921226694227,Stromspeichereinheit,SEE922338990610,Batteriespeicher,Volleinspeisung,3000,78050,Schwarzwald-Baar-Kreis,Villingen-Schwenningen,NA,NA,Baden-Württemberg,8.393804,48.014767,2022,NA,FALSE,Batterie,NA,NA
SEE950941730194,ABR971927290969,Stromspeichereinheit,SEE950941730194,Batteriespeicher PV - Anlage Reckertshausen Hassberge,Teileinspeisung (einschließlich Eigenverbrauch),1450,97461,Haßberge,Hofheim,NA,NA,Bayern,10.516986,50.15628,2022,NA,FALSE,Batterie,NA,NA
SEE954562561007,ABR971927290969,Stromspeichereinheit,SEE954562561007,Batteriespeicher PV - Anlage Reckertshausen Hühnerellern,Teileinspeisung (einschließlich Eigenverbrauch),2256,97461,Haßberge,Hofheim,NA,NA,Bayern,10.508947,50.157465,2022,NA,FALSE,Batterie,NA,NA
SEE953918393026,ABR988218235882,Stromspeichereinheit,SEE953918393026,Batteriespeicher PV - Anlage Aasen-Donaueschingen,Volleinspeisung,2460,78166,Schwarzwald-Baar-Kreis,Donaueschingen,NA,NA,Baden-Württemberg,8.553939,47.999128,2023,NA,FALSE,Batterie,NA,NA
SEE988358912759,ABR981540880188,Stromspeichereinheit,SEE988358912759,VSP 30 GmbH ＆ Co. KG - Inno-Speicher Calbe,Volleinspeisung,1500,39240,Salzlandkreis,Calbe,NA,NA,Sachsen-Anhalt,11.712408,51.915851,2023,NA,FALSE,Batterie,NA,NA
SEE990143001883,ABR997700317975,Stromspeichereinheit,SEE990143001883,Speicher GS I 12740,Teileinspeisung (einschließlich Eigenverbrauch),2475,09603,Mittelsachsen,Großschirma,Am Steinberg,3 s,Sachsen,13.278084,50.978386,2022,NA,FALSE,Batterie,NA,NA
SEE944347555529,ABR989393706204,Stromspeichereinheit,SEE944347555529,PV Walshausen,Volleinspeisung,2475,66484,Südwestpfalz,Walshausen,NA,NA,Rheinland-Pfalz,7.45446,49.218971,2023,NA,FALSE,Batterie,NA,NA
SEE916582324970,ABR982511102919,Stromspeichereinheit,SEE916582324970,Solarpark Seckach BESS,Volleinspeisung,3700,74743,Neckar-Odenwald-Kreis,Seckach,NA,NA,Baden-Württemberg,9.346731,49.419715,2023,NA,FALSE,Batterie,NA,NA
SEE984446277410,ABR920405658623,Stromspeichereinheit,SEE984446277410,Büttel Speicher,Volleinspeisung,12000,25572,Steinburg,Büttel,NA,NA,Schleswig-Holstein,9.217374,53.909541,2023,NA,FALSE,Batterie,NA,NA
SEE998969352356,ABR975233471975,Stromspeichereinheit,SEE998969352356,WBS-Pinnow,Volleinspeisung,6000,19065,Ludwigslust-Parchim,Pinnow,NA,NA,Mecklenburg-Vorpommern,11.536881,53.580704,2023,NA,FALSE,Batterie,NA,NA
SEE937857006797,ABR958219853187,Stromspeichereinheit,SEE937857006797,WBS-Tarzow,Volleinspeisung,10000,23972,Nordwestmecklenburg,Lübow,NA,NA,Mecklenburg-Vorpommern,11.591472,53.81735,2023,NA,FALSE,Batterie,NA,NA
SEE900944307091,ABR952166828663,Stromspeichereinheit,SEE900944307091,Balder B02 - Speicher,Volleinspeisung,4000,17213,Mecklenburgische Seenplatte,Malchow,NA,NA,Mecklenburg-Vorpommern,12.383626,53.496037,2023,NA,FALSE,Batterie,NA,NA
SEE957312641844,ABR988498759030,Stromspeichereinheit,SEE957312641844,Schmölln II BESS,Volleinspeisung,2940,17291,Uckermark,Randowtal,NA,NA,Brandenburg,14.076107,53.31281,2022,NA,FALSE,Batterie,NA,NA
SEE940622968053,ABR992931025316,Stromspeichereinheit,NA,Speichersystem Innovation US2,Volleinspeisung,2900,96253,Coburg,Untersiemau,NA,NA,Bayern,10.991451,50.191316,2021,NA,FALSE,Batterie,NA,NA
SEE994340102589,ABR958691500777,Stromspeichereinheit,NA,Speicher BAB60,Volleinspeisung,3500,54655,Eifelkreis Bitburg-Prüm,Wilsecker,NA,NA,Rheinland-Pfalz,6.605058,50.018145,2023,NA,FALSE,Batterie,NA,NA
SEE952317222654,ABR977127224056,Stromspeichereinheit,SEE952317222654,Speicher Raderstetten,Volleinspeisung,3444,86577,Aichach-Friedberg,Sielenbach,NA,NA,Bayern,11.195795,48.389389,2022,NA,FALSE,Batterie,NA,NA
SEE915943244858,ABR993403842417,Stromspeichereinheit,SEE915943244858,Speicher Taiting BA 1,Volleinspeisung,3400,86453,Aichach-Friedberg,Dasing,NA,NA,Bayern,11.048032,48.397787,2023,NA,FALSE,Batterie,NA,NA
SEE958252031641,ABR987950086479,Stromspeichereinheit,SEE958252031641,Speicher Völkersleier,Volleinspeisung,2800,97797,Bad Kissingen,Wartmannsroth,NA,NA,Bayern,9.788662,50.186875,2022,NA,FALSE,Batterie,NA,NA
SEE980509026452,ABR925191815540,Stromspeichereinheit,SEE980509026452,Speicher Granheim II BA 1,Volleinspeisung,3400,89584,Alb-Donau-Kreis,Ehingen,NA,NA,Baden-Württemberg,9.582449,48.319174,2023,NA,FALSE,Batterie,NA,NA
SEE920612166553,ABR900044651520,Stromspeichereinheit,SEE920612166553,Speicher Hiersdorf BA 1,Volleinspeisung,3459.6,93343,Kelheim,Essing,NA,NA,Bayern,11.791647,48.949906,2023,NA,FALSE,Batterie,NA,NA
SEE930716288624,ABR966606989395,Stromspeichereinheit,SEE930716288624,Speicher Aichkirchen BA 1,Volleinspeisung,3459.6,93155,Regensburg,Hemau,NA,NA,Bayern,11.74548,49.00206,2023,NA,FALSE,Batterie,NA,NA
SEE928876901736,ABR952953591480,Stromspeichereinheit,SEE928876901736,Speicher Pfannenstiel,Volleinspeisung,2800,86551,Aichach-Friedberg,Aichach,NA,NA,Bayern,11.102456,48.474757,2022,NA,FALSE,Batterie,NA,NA
SEE966760545529,ABR973463132475,Stromspeichereinheit,SEE966760545529,Speicher Finsterwalde III,Volleinspeisung,3400,03238,Elbe-Elster,Finsterwalde,NA,NA,Brandenburg,13.713402,51.533527,2022,NA,FALSE,Batterie,NA,NA
SEE921528677294,ABR943531574261,Stromspeichereinheit,NA,Speicher Waidhaus,Volleinspeisung,3400,92726,Neustadt a.d. Waldnaab,Waidhaus,NA,NA,Bayern,12.469399,49.643667,2023,NA,FALSE,Batterie,NA,NA
SEE905115289190,ABR945006970776,Stromspeichereinheit,SEE905115289190,Speicher Eichkreith BA 1,Volleinspeisung,3400,93183,Regensburg,Kallmünz,NA,NA,Bayern,11.92939,49.14593,2023,NA,FALSE,Batterie,NA,NA
SEE975454370545,ABR903717957325,Stromspeichereinheit,SEE975454370545,Speicher Weikerstetten BA 1,Volleinspeisung,3400,97953,Main-Tauber-Kreis,Königheim,NA,NA,Baden-Württemberg,9.54815,49.60683,2023,NA,FALSE,Batterie,NA,NA
SEE965617763024,ABR950034796878,Stromspeichereinheit,SEE965617763024,23117 SP Bogen Speicher,Volleinspeisung,1200,94327,Straubing-Bogen,Bogen,NA,NA,Bayern,12.7013,48.93459,2024,NA,FALSE,Batterie,NA,NA
SEE986716550445,ABR985028010029,Stromspeichereinheit,NA,20343 SP Wimmelburg_Speicher,Volleinspeisung,1350,06313,Mansfeld-Südharz,Hergisdorf,NA,NA,Sachsen-Anhalt,11.50025,51.526904,2021,NA,FALSE,Batterie,NA,NA
SEE983085850367,ABR912540905649,Stromspeichereinheit,NA,20128 SP Hans-Seidel-Schacht Speicher,Volleinspeisung,3330,06295,Mansfeld-Südharz,Lutherstadt Eisleben,NA,NA,Sachsen-Anhalt,11.523455,51.553344,2021,NA,FALSE,Batterie,NA,NA
SEE941708872783,ABR998735752212,Stromspeichereinheit,NA,GBS KW Weiher,Volleinspeisung,15000,66287,Regionalverband Saarbrücken,Quierschied,Holzer Straße,NA,Saarland,7.031127,49.334731,2016,NA,FALSE,Batterie,NA,NA
SEE923480872250,ABR988666610835,Stromspeichereinheit,NA,PSW Geesthacht PSS B,Volleinspeisung,40000,21502,Herzogtum Lauenburg,Geesthacht,Elbuferstraße,49,Schleswig-Holstein,10.394,53.419,1958,NA,FALSE,Pumpspeicher,NA,NA
SEE966988528885,ABR988666610835,Stromspeichereinheit,NA,PSW Geesthacht PSS C,Volleinspeisung,40000,21502,Herzogtum Lauenburg,Geesthacht,Elbuferstraße,49,Schleswig-Holstein,10.394,53.419,1958,NA,FALSE,Pumpspeicher,NA,NA
SEE972367491114,NA,Stromspeichereinheit,NA,PSW Niederwartha PSS C,Volleinspeisung,20000,01156,Dresden,Dresden,Am Fährhaus,4,Sachsen,13.61,51.091,1958,2024,TRUE,Pumpspeicher,NA,NA
SEE973768834586,NA,Stromspeichereinheit,NA,PSW Niederwartha PSS D,Volleinspeisung,20000,01156,Dresden,Dresden,Am Fährhaus,4,Sachsen,13.61,51.091,1958,2024,TRUE,Pumpspeicher,NA,NA
SEE959926651769,ABR995767815588,Stromspeichereinheit,SEE959926651769,Hh-Batteriespeicher_Werk_Ost_4200,Volleinspeisung,4200,35452,Gießen,Heuchelheim,Rodheimer Straße,59,Hessen,8.633737,50.590034,2021,NA,FALSE,Batterie,NA,NA
SEE919443669678,ABR998735752212,Stromspeichereinheit,NA,GBS KW Fenne,Volleinspeisung,15000,66333,Regionalverband Saarbrücken,Völklingen,Saarbrücker Straße,135,Saarland,6.878758,49.247195,2016,NA,FALSE,Batterie,NA,NA
SEE990521990150,ABR998735752212,Stromspeichereinheit,NA,GBS KW Bexbach,Volleinspeisung,15000,66450,Saarpfalz-Kreis,Bexbach,Grubenstraße,NA,Saarland,7.239233,49.36396,2016,NA,FALSE,Batterie,NA,NA
SEE971138728251,ABR998735752212,Stromspeichereinheit,NA,GBS KW Herne,Volleinspeisung,15000,44653,Herne,Herne,Hertener Straße,16,Nordrhein-Westfalen,7.189822,51.552413,2016,NA,FALSE,Batterie,NA,NA
SEE964940893804,ABR998735752212,Stromspeichereinheit,NA,GBS KW Walsum,Volleinspeisung,15000,47179,Duisburg,Duisburg,Dr.-Wilhelm-Roelen-Str.,129,Nordrhein-Westfalen,6.711709,51.527123,2016,NA,FALSE,Batterie,NA,NA
SEE908096553144,ABR998735752212,Stromspeichereinheit,NA,GBS 2 KW Bexbach,Volleinspeisung,15000,66450,Saarpfalz-Kreis,Bexbach,Grubenstraße,NA,Saarland,7.239967,49.363746,2016,NA,FALSE,Batterie,NA,NA
SEE963224111412,ABR982988239613,Stromspeichereinheit,SEE963224111412,Batteriespeicher Cremzow,Teileinspeisung (einschließlich Eigenverbrauch),22000,17291,Uckermark,Randowtal,NA,NA,Brandenburg,14.030829,53.348402,2018,NA,FALSE,Batterie,NA,NA
SEE924380724335,ABR967954689265,Stromspeichereinheit,NA,BS Großenhain,Volleinspeisung,1500,01558,Meißen,Großenhain,Hohe Straße,12,Sachsen,13.544,51.299196,2020,NA,FALSE,Batterie,NA,NA
SEE940316838242,ABR973937302977,Stromspeichereinheit,NA,Batteriespeicher,Volleinspeisung,12500,92723,Neustadt a.d. Waldnaab,Tännesberg,Tanzmühle,4,Bayern,12.281245,49.552212,2019,NA,FALSE,Batterie,NA,NA
SEE948862230381,ABR997085549428,Stromspeichereinheit,NA,ISEA - M5BAT,Volleinspeisung,5410,52068,Städteregion Aachen,Aachen,Hüttenstraße,9,Nordrhein-Westfalen,6.129985,50.777096,2016,NA,FALSE,Batterie,NA,NA
SEE998534788504,ABR914764874992,Stromspeichereinheit,NA,Waldeck 1 Pumpspeicher,Volleinspeisung,75000,34549,Waldeck-Frankenberg,Edertal,Kraftwerkstraße,10,Hessen,9.04661,51.1669,1931,NA,FALSE,Pumpspeicher,NA,NA
SEE977346043964,ABR914764874992,Stromspeichereinheit,NA,Bringhausen M3 F1,Volleinspeisung,35000,34549,Waldeck-Frankenberg,Edertal,Kraftwerkstraße,10,Hessen,9.04611,51.1668,1931,NA,FALSE,Pumpspeicher,NA,NA
SEE943568591200,ABR914764874992,Stromspeichereinheit,NA,Bringhausen M4 F1,Volleinspeisung,35000,34549,Waldeck-Frankenberg,Edertal,Kraftwerkstraße,10,Hessen,9.04611,51.1668,1974,NA,FALSE,Pumpspeicher,NA,NA
SEE930853098728,ABR981894928901,Stromspeichereinheit,NA,Oberberg1 PSW Pe1,Volleinspeisung,1200,94469,Deggendorf,Deggendorf,Ruselbergstraße,84,Bayern,13.006911,48.85906,1960,NA,FALSE,Pumpspeicher,NA,NA
SEE970730890311,ABR981894928901,Stromspeichereinheit,NA,Oberberg1 PSW Pe2,Volleinspeisung,1200,94469,Deggendorf,Deggendorf,Ruselbergstraße,84,Bayern,13.006911,48.85906,2007,NA,FALSE,Pumpspeicher,NA,NA
SEE937801091558,ABR981894928901,Stromspeichereinheit,NA,Oberberg2a PSW F1,Volleinspeisung,4400,94469,Deggendorf,Deggendorf,Ruselbergstraße,84,Bayern,13.006911,48.85906,2007,NA,FALSE,Pumpspeicher,NA,NA
SEE934638364947,ABR945126522190,Stromspeichereinheit,SEE934638364947,Batteriespeicher Sengenthal,Teileinspeisung (einschließlich Eigenverbrauch),2520,92369,Neumarkt i.d. OPf.,Sengenthal,NA,NA,Bayern,11.448824,49.222876,2021,NA,FALSE,Batterie,NA,NA
SEE993590107580,ABR915068942295,Stromspeichereinheit,NA,PSW Glems 1,Teileinspeisung (einschließlich Eigenverbrauch),45000,72555,Reutlingen,Metzingen,Unterer Hof,2,Baden-Württemberg,9.28726,48.50519,1964,NA,FALSE,Pumpspeicher,NA,NA
SEE987119743892,ABR915068942295,Stromspeichereinheit,NA,PSW Glems 2,Teileinspeisung (einschließlich Eigenverbrauch),45000,72555,Reutlingen,Metzingen,Unterer Hof,2,Baden-Württemberg,9.28726,48.50519,1964,NA,FALSE,Pumpspeicher,NA,NA
SEE968091522767,ABR988666610835,Stromspeichereinheit,NA,PSW Hohenwarte 2 PSS A,Volleinspeisung,40000,07338,Saalfeld-Rudolstadt,Hohenwarte,Preßwitzer Straße,25,Thüringen,11.47,50.6,1965,NA,FALSE,Pumpspeicher,NA,NA
SEE902382668932,ABR988666610835,Stromspeichereinheit,NA,PSW Hohenwarte 2 PSS B,Volleinspeisung,40000,07338,Saalfeld-Rudolstadt,Hohenwarte,Preßwitzer Straße,25,Thüringen,11.47,50.6,1965,NA,FALSE,Pumpspeicher,NA,NA
SEE918037222657,ABR988666610835,Stromspeichereinheit,NA,PSW Hohenwarte 2 PSS C,Volleinspeisung,40000,07338,Saalfeld-Rudolstadt,Hohenwarte,Preßwitzer Straße,25,Thüringen,11.47,50.6,1965,NA,FALSE,Pumpspeicher,NA,NA
SEE961899492454,ABR988666610835,Stromspeichereinheit,NA,PSW Hohenwarte 2 PSS D,Volleinspeisung,40000,07338,Saalfeld-Rudolstadt,Hohenwarte,Preßwitzer Straße,25,Thüringen,11.47,50.6,1966,NA,FALSE,Pumpspeicher,NA,NA
SEE933303289677,ABR988666610835,Stromspeichereinheit,NA,PSW Wendefurth PSS A,Volleinspeisung,40000,06502,Harz,Thale,Hangstraße,2,Sachsen-Anhalt,10.907288,51.739106,1967,NA,FALSE,Pumpspeicher,NA,NA
SEE933745405604,ABR988666610835,Stromspeichereinheit,NA,PSW Hohenwarte 2 PSS E,Volleinspeisung,40000,07338,Saalfeld-Rudolstadt,Hohenwarte,Preßwitzer Straße,25,Thüringen,11.47,50.6,1965,NA,FALSE,Pumpspeicher,NA,NA
SEE992738364885,ABR988666610835,Stromspeichereinheit,NA,PSW Hohenwarte 2 PSS F,Volleinspeisung,40000,07338,Saalfeld-Rudolstadt,Hohenwarte,Preßwitzer Straße,25,Thüringen,11.47,50.6,1966,NA,FALSE,Pumpspeicher,NA,NA
SEE987143958569,ABR988666610835,Stromspeichereinheit,NA,PSW Hohenwarte 2 PSS G,Volleinspeisung,40000,07338,Saalfeld-Rudolstadt,Hohenwarte,Preßwitzer Straße,25,Thüringen,11.47,50.6,1966,NA,FALSE,Pumpspeicher,NA,NA
SEE900610669775,ABR988666610835,Stromspeichereinheit,NA,PSW Hohenwarte 2 PSS H,Volleinspeisung,40000,07338,Saalfeld-Rudolstadt,Hohenwarte,Preßwitzer Straße,25,Thüringen,11.47,50.6,1966,NA,FALSE,Pumpspeicher,NA,NA
SEE933174373390,NA,Stromspeichereinheit,NA,PSW Hohenwarte 1 PSS A,Volleinspeisung,30000,07338,Saalfeld-Rudolstadt,Hohenwarte,Ortsstraße,NA,Thüringen,11.49,50.61,1959,2024,TRUE,Pumpspeicher,NA,NA
SEE923433960119,ABR916198639970,Stromspeichereinheit,NA,Batteriespeicher Dresden - Reick,Volleinspeisung,2000,01277,Dresden,Dresden,Liebstädter Straße,1,Sachsen,13.785576,51.025495,2015,NA,FALSE,Batterie,NA,NA
SEE946228045150,ABR935436496069,Stromspeichereinheit,NA,Groß-Batteriespeicher Schwerin-Lankow,Volleinspeisung,8000,19057,Schwerin,Schwerin,Neumühler Weg,8,Mecklenburg-Vorpommern,11.369569,53.646095,2014,NA,FALSE,Batterie,NA,NA
SEE919076066929,ABR914764874992,Stromspeichereinheit,NA,Happurg F1,Volleinspeisung,40000,91230,Nürnberger Land,Happurg,Hauptstraße,26,Bayern,11.4733,49.4875,1958,NA,FALSE,Pumpspeicher,NA,NA
SEE987452387340,ABR914764874992,Stromspeichereinheit,NA,Happurg F2,Volleinspeisung,40000,91230,Nürnberger Land,Happurg,Hauptstraße,26,Bayern,11.4733,49.4875,1958,NA,FALSE,Pumpspeicher,NA,NA
SEE976266175403,ABR914764874992,Stromspeichereinheit,NA,Happurg F3,Volleinspeisung,40000,91230,Nürnberger Land,Happurg,Hauptstraße,26,Bayern,11.4733,49.4875,1958,NA,FALSE,Pumpspeicher,NA,NA
SEE909145211435,ABR977696905356,Stromspeichereinheit,SEE909145211435,E-Speicher 2,NA,1064,40724,Mettmann,Hilden,Nordpark,2-4,Nordrhein-Westfalen,6.936556,51.191917,2020,NA,FALSE,Batterie,NA,NA
SEE999790559914,ABR985310436612,Stromspeichereinheit,NA,BESS Jardelund,Volleinspeisung,48000,24994,Schleswig-Flensburg,Jardelund,Grenzstraße,3 A,Schleswig-Holstein,9.194541,54.850889,2018,NA,FALSE,Batterie,NA,NA
SEE974689428038,ABR966817884847,Stromspeichereinheit,NA,GBD Batterien,Volleinspeisung,1400,07548,Gera,Gera,Leibnizstraße,86,Thüringen,12.069422,50.894888,2016,NA,FALSE,Batterie,NA,NA
SEE997470241692,ABR912255793326,Stromspeichereinheit,NA,Batterie Dörverden,Volleinspeisung,5000,27313,Verden,Dörverden,Sympherallee,56,Niedersachsen,9.212374,52.852579,2016,NA,FALSE,Batterie,NA,NA
SEE945148512650,ABR988666610835,Stromspeichereinheit,NA,PSW Goldisthal PSS A,Volleinspeisung,265000,98746,Sonneberg,Goldisthal,Am Rotseifenbach,NA,Thüringen,11.01,50.51,2004,NA,FALSE,Pumpspeicher,NA,NA
SEE974189836364,ABR988666610835,Stromspeichereinheit,NA,PSW Goldisthal PSS B,Volleinspeisung,265000,98746,Sonneberg,Goldisthal,Am Rotseifenbach,NA,Thüringen,11.01,50.51,2003,NA,FALSE,Pumpspeicher,NA,NA
SEE943653719359,ABR988666610835,Stromspeichereinheit,NA,PSW Goldisthal PSS C,Volleinspeisung,265000,98746,Sonneberg,Goldisthal,Am Rotseifenbach,NA,Thüringen,11.01,50.51,2003,NA,FALSE,Pumpspeicher,NA,NA
SEE901345486644,ABR988666610835,Stromspeichereinheit,NA,PSW Goldisthal PSS D,Volleinspeisung,265000,98746,Sonneberg,Goldisthal,Am Rotseifenbach,NA,Thüringen,11.01,50.51,2004,NA,FALSE,Pumpspeicher,NA,NA
SEE939026884250,ABR988666610835,Stromspeichereinheit,NA,PSW Markersbach PSS A,Volleinspeisung,175000,08352,Erzgebirgskreis,Raschau-Markersbach,Oberbeckenstraße,8,Sachsen,12.88,50.52,1979,NA,FALSE,Pumpspeicher,NA,NA
SEE952165584195,ABR988666610835,Stromspeichereinheit,NA,PSW Markersbach PSS B,Volleinspeisung,175000,08352,Erzgebirgskreis,Raschau-Markersbach,Oberbeckenstraße,8,Sachsen,12.88,50.52,1980,NA,FALSE,Pumpspeicher,NA,NA
SEE910324388312,ABR992411297332,Stromspeichereinheit,NA,Batteriespeicher Chemnitz GmbH ＆ Co. KG,Volleinspeisung,15800,09114,Chemnitz,Chemnitz,Dammweg,15,Sachsen,12.917631,50.856837,2017,NA,FALSE,Batterie,NA,NA
SEE940802366570,ABR988666610835,Stromspeichereinheit,NA,PSW Markersbach PSS C,Volleinspeisung,175000,08352,Erzgebirgskreis,Raschau-Markersbach,Oberbeckenstraße,8,Sachsen,12.88,50.52,1980,NA,FALSE,Pumpspeicher,NA,NA
SEE904052511746,ABR988666610835,Stromspeichereinheit,NA,PSW Markersbach PSS D,Volleinspeisung,175000,08352,Erzgebirgskreis,Raschau-Markersbach,Oberbeckenstraße,8,Sachsen,12.88,50.52,1981,NA,FALSE,Pumpspeicher,NA,NA
SEE911219414864,ABR988666610835,Stromspeichereinheit,NA,PSW Markersbach PSS E,Volleinspeisung,175000,08352,Erzgebirgskreis,Raschau-Markersbach,Oberbeckenstraße,8,Sachsen,12.88,50.52,1981,NA,FALSE,Pumpspeicher,NA,NA
SEE983006552202,ABR988666610835,Stromspeichereinheit,NA,PSW Markersbach PSS F,Volleinspeisung,175000,08352,Erzgebirgskreis,Raschau-Markersbach,Oberbeckenstraße,8,Sachsen,12.88,50.52,1980,NA,FALSE,Pumpspeicher,NA,NA
SEE994506958166,NA,Stromspeichereinheit,NA,PSW Hohenwarte 1 PSS B,Volleinspeisung,30000,07338,Saalfeld-Rudolstadt,Hohenwarte,Ortsstraße,NA,Thüringen,11.49,50.61,1959,2024,TRUE,Pumpspeicher,NA,NA
SEE927738616955,ABR988666610835,Stromspeichereinheit,NA,PSW Bleiloch PSS A,Volleinspeisung,40000,07907,Saale-Orla-Kreis,Schleiz,An der Sperrmauer,NA,Thüringen,11.72,50.53,1932,NA,FALSE,Pumpspeicher,NA,NA
SEE992590425045,ABR988666610835,Stromspeichereinheit,NA,PSW Bleiloch PSS B,Volleinspeisung,40000,07907,Saale-Orla-Kreis,Schleiz,An der Sperrmauer,NA,Thüringen,11.72,50.53,1932,NA,FALSE,Pumpspeicher,NA,NA
SEE970535357835,ABR988666610835,Stromspeichereinheit,NA,PSW Wendefurth PSS B,Volleinspeisung,40000,06502,Harz,Thale,Hangstraße,2,Sachsen-Anhalt,10.907288,51.739106,1968,NA,FALSE,Pumpspeicher,NA,NA
SEE918067363207,ABR914764874992,Stromspeichereinheit,NA,Happurg F4,Volleinspeisung,40000,91230,Nürnberger Land,Happurg,Hauptstraße,26,Bayern,11.4733,49.4875,1958,NA,FALSE,Pumpspeicher,NA,NA
SEE933021962319,ABR914764874992,Stromspeichereinheit,NA,Waldeck 2 F1,Volleinspeisung,240000,34549,Waldeck-Frankenberg,Edertal,Kraftwerkstraße,10,Hessen,9.0462,51.1677,1974,NA,FALSE,Pumpspeicher,NA,NA
SEE996080766151,ABR914764874992,Stromspeichereinheit,NA,Waldeck 2 F2,Volleinspeisung,240000,34549,Waldeck-Frankenberg,Edertal,Kraftwerkstraße,10,Hessen,9.0462,51.1677,1974,NA,FALSE,Pumpspeicher,NA,NA
SEE991939746742,ABR938084769295,Stromspeichereinheit,NA,Langenprozelten E F1,Volleinspeisung,84200,97737,Main-Spessart,Gemünden,Am Sindersbach,25,Bayern,9.581174,50.05315,1976,NA,FALSE,Pumpspeicher,NA,NA
SEE937878572653,ABR938084769295,Stromspeichereinheit,NA,Langenprozelten E F2,Volleinspeisung,84200,97737,Main-Spessart,Gemünden,Am Sindersbach,25,Bayern,9.581174,50.05315,1976,NA,FALSE,Pumpspeicher,NA,NA
SEE998402334093,ABR989927274988,Stromspeichereinheit,NA,Batterie HKW Bi Hybrid,Teileinspeisung (einschließlich Eigenverbrauch),7500,33611,Bielefeld,Bielefeld,Schildescher Straße,16,Nordrhein-Westfalen,8.538534,52.033528,2020,NA,FALSE,Batterie,NA,NA
SEE906903701511,ABR999240312182,Stromspeichereinheit,NA,Hybridspeicher Werk Süd,Volleinspeisung,1500,59929,Hochsauerlandkreis,Brilon,Hegestraße,NA,Nordrhein-Westfalen,8.646649,51.378454,2017,NA,FALSE,Batterie,NA,NA
SEE947652720293,ABR917550078642,Stromspeichereinheit,NA,ESS_Tokai2_Elv,Volleinspeisung,2500,58791,Märkischer Kreis,Werdohl,Auf der Mark,1,Nordrhein-Westfalen,7.704284,51.27486,2021,NA,FALSE,Batterie,NA,NA
SEE930267705700,ABR915068942295,Stromspeichereinheit,NA,WKW Rudolf-Fettweis-Werk PSW Schwarzenbach M6,Teileinspeisung (einschließlich Eigenverbrauch),21700,76596,Rastatt,Forbach,Werkstraße,5,Baden-Württemberg,8.35345,48.66915,1926,NA,FALSE,Pumpspeicher,NA,NA
SEE957999997296,ABR943564721854,Stromspeichereinheit,NA,Speicherbatterie,Teileinspeisung (einschließlich Eigenverbrauch),1600,30419,Region Hannover,Hannover,Am Leineufer,51,Niedersachsen,9.633387,52.416815,2017,NA,FALSE,Batterie,NA,NA
SEE925333539921,ABR907042335667,Stromspeichereinheit,NA,Koepchenwerk Bl.,Volleinspeisung,165000,58313,Ennepe-Ruhr-Kreis,Herdecke,Im Schiffwinkel,43,Nordrhein-Westfalen,7.454357,51.411382,1989,NA,FALSE,Pumpspeicher,NA,NA
SEE965730885047,ABR907042335667,Stromspeichereinheit,NA,Vianden M1,Teileinspeisung (einschließlich Eigenverbrauch),100000,9463,NA,Stolzembourg,Rue de l'Energie,2,NA,6.12205,49.60893,1962,NA,FALSE,Pumpspeicher,NA,NA
SEE915170466979,ABR907042335667,Stromspeichereinheit,NA,Vianden M2,Teileinspeisung (einschließlich Eigenverbrauch),100000,9463,NA,Stolzembourg,Rue de l'Energie,2,NA,6.12205,49.60893,1962,NA,FALSE,Pumpspeicher,NA,NA
SEE962712912357,ABR907042335667,Stromspeichereinheit,NA,Vianden M3,Teileinspeisung (einschließlich Eigenverbrauch),100000,9463,NA,Stolzembourg,Rue de l'Energie,2,NA,6.12205,49.60893,1963,NA,FALSE,Pumpspeicher,NA,NA
SEE908227299279,ABR907042335667,Stromspeichereinheit,NA,Vianden M4,Teileinspeisung (einschließlich Eigenverbrauch),100000,9463,NA,Stolzembourg,Rue de l'Energie,2,NA,6.12205,49.60893,1963,NA,FALSE,Pumpspeicher,NA,NA
SEE903949785369,ABR907042335667,Stromspeichereinheit,NA,Vianden M5,Teileinspeisung (einschließlich Eigenverbrauch),100000,9463,NA,Stolzembourg,Rue de l'Energie,2,NA,6.12205,49.60893,1963,NA,FALSE,Pumpspeicher,NA,NA
SEE942100679987,ABR907042335667,Stromspeichereinheit,NA,Vianden M6,Teileinspeisung (einschließlich Eigenverbrauch),100000,9463,NA,Stolzembourg,Rue de l'Energie,2,NA,6.12205,49.60893,1964,NA,FALSE,Pumpspeicher,NA,NA
SEE947853008176,ABR907042335667,Stromspeichereinheit,NA,Vianden M7,Teileinspeisung (einschließlich Eigenverbrauch),100000,9463,NA,Stolzembourg,Rue de l'Energie,2,NA,6.12205,49.60893,1964,NA,FALSE,Pumpspeicher,NA,NA
SEE968458734758,ABR907042335667,Stromspeichereinheit,NA,Vianden M8,Teileinspeisung (einschließlich Eigenverbrauch),100000,9463,NA,Stolzembourg,Rue de l'Energie,2,NA,6.12205,49.60893,1963,NA,FALSE,Pumpspeicher,NA,NA
SEE929031511661,ABR907042335667,Stromspeichereinheit,NA,Vianden M9,Teileinspeisung (einschließlich Eigenverbrauch),100000,9463,NA,Stolzembourg,Rue de l'Energie,2,NA,6.12205,49.60893,1964,NA,FALSE,Pumpspeicher,NA,NA
SEE975561989005,ABR907042335667,Stromspeichereinheit,NA,Vianden M10,Teileinspeisung (einschließlich Eigenverbrauch),196000,9463,NA,Stolzembourg,Rue de l'Energie,2,NA,6.12205,49.60893,1975,NA,FALSE,Pumpspeicher,NA,NA
SEE932845933635,ABR907042335667,Stromspeichereinheit,NA,Vianden M11,Teileinspeisung (einschließlich Eigenverbrauch),198000,9463,NA,Stolzembourg,Rue de l'Energie,2,NA,6.12205,49.60893,2015,NA,FALSE,Pumpspeicher,NA,NA
SEE913265695471,ABR951406593484,Stromspeichereinheit,NA,Batteriespeicher,Teileinspeisung (einschließlich Eigenverbrauch),1890,48599,Borken,Gronau,Jöbkesweg,11,Nordrhein-Westfalen,7.055829,52.205643,2020,NA,FALSE,Batterie,NA,NA
SEE933095868289,ABR911461408246,Stromspeichereinheit,NA,Batteriespeicherkraftwerk,NA,15000,24582,Rendsburg-Eckernförde,Bordesholm,Bahnhofstraße,13,Schleswig-Holstein,10.04853,54.174171,2019,NA,FALSE,Batterie,NA,NA
SEE940779412058,ABR935436324768,Stromspeichereinheit,NA,KW Häusern MS A1,NA,30000,79837,Waldshut,Häusern,Schwarzabruck,2,Baden-Württemberg,8.187048,47.755234,1931,NA,FALSE,Pumpspeicher,NA,NA
SEE903926257506,ABR935436324768,Stromspeichereinheit,NA,KW Häusern MS A2,NA,30000,79837,Waldshut,Häusern,Schwarzabruck,2,Baden-Württemberg,8.187048,47.755234,1931,NA,FALSE,Pumpspeicher,NA,NA
SEE926786756569,ABR935436324768,Stromspeichereinheit,NA,KW Häusern MS B1,NA,30000,79837,Waldshut,Häusern,Schwarzabruck,2,Baden-Württemberg,8.187048,47.755234,1931,NA,FALSE,Pumpspeicher,NA,NA
SEE990811648037,ABR935436324768,Stromspeichereinheit,NA,KW Häusern MS B2,NA,30000,79837,Waldshut,Häusern,Schwarzabruck,2,Baden-Württemberg,8.187048,47.755234,1932,NA,FALSE,Pumpspeicher,NA,NA
SEE969304380679,ABR935436324768,Stromspeichereinheit,NA,KW Witznau MS A3,NA,55000,79777,Waldshut,Ühlingen-Birkendorf,Schwarzatalstraße,5,Baden-Württemberg,8.25186,47.687836,1946,NA,FALSE,Pumpspeicher,NA,NA
SEE961674911293,ABR935436324768,Stromspeichereinheit,NA,KW Witznau MS A4,NA,55000,79777,Waldshut,Ühlingen-Birkendorf,Schwarzatalstraße,5,Baden-Württemberg,8.25186,47.687836,1947,NA,FALSE,Pumpspeicher,NA,NA
SEE919035876514,ABR935436324768,Stromspeichereinheit,NA,KW Witznau MS B3,NA,55000,79777,Waldshut,Ühlingen-Birkendorf,Schwarzatalstraße,5,Baden-Württemberg,8.25186,47.687836,1950,NA,FALSE,Pumpspeicher,NA,NA
SEE971818871499,ABR935436324768,Stromspeichereinheit,NA,KW Witznau MS B4,NA,55000,79777,Waldshut,Ühlingen-Birkendorf,Schwarzatalstraße,5,Baden-Württemberg,8.25186,47.687836,1950,NA,FALSE,Pumpspeicher,NA,NA
SEE973234062512,ABR935436324768,Stromspeichereinheit,NA,KW Waldshut MS A5,NA,44000,79761,Waldshut,Waldshut-Tiengen,Kraftwerkstraße,13,Baden-Württemberg,8.193205,47.618006,1951,NA,FALSE,Pumpspeicher,NA,NA
SEE957253837467,ABR935436324768,Stromspeichereinheit,NA,KW Waldshut MS A6,NA,44000,79761,Waldshut,Waldshut-Tiengen,Kraftwerkstraße,13,Baden-Württemberg,8.193205,47.618006,1952,NA,FALSE,Pumpspeicher,NA,NA
SEE913198518410,ABR935436324768,Stromspeichereinheit,NA,KW Waldshut MS B5,NA,44000,79761,Waldshut,Waldshut-Tiengen,Kraftwerkstraße,13,Baden-Württemberg,8.193205,47.618006,1952,NA,FALSE,Pumpspeicher,NA,NA
SEE908495409905,ABR935436324768,Stromspeichereinheit,NA,KW Waldshut MS B6,NA,44000,79761,Waldshut,Waldshut-Tiengen,Kraftwerkstraße,13,Baden-Württemberg,8.193205,47.618006,1952,NA,FALSE,Pumpspeicher,NA,NA
SEE906636749798,ABR935436324768,Stromspeichereinheit,NA,KW Säckingen A7,NA,90000,79713,Waldshut,Bad Säckingen,Stollenweg,2,Baden-Württemberg,7.953006,47.565336,1966,NA,FALSE,Pumpspeicher,NA,NA
SEE945451865368,ABR935436324768,Stromspeichereinheit,NA,KW Säckingen A8,NA,90000,79713,Waldshut,Bad Säckingen,Stollenweg,2,Baden-Württemberg,7.953006,47.565336,1967,NA,FALSE,Pumpspeicher,NA,NA
SEE969767231167,ABR935436324768,Stromspeichereinheit,NA,KW Säckingen B7,NA,90000,79713,Waldshut,Bad Säckingen,Stollenweg,2,Baden-Württemberg,7.953006,47.565336,1967,NA,FALSE,Pumpspeicher,NA,NA
SEE930322142068,ABR935436324768,Stromspeichereinheit,NA,KW Säckingen B8,NA,90000,79713,Waldshut,Bad Säckingen,Stollenweg,2,Baden-Württemberg,7.953006,47.565336,1967,NA,FALSE,Pumpspeicher,NA,NA
SEE929967552172,ABR935436324768,Stromspeichereinheit,NA,KW Wehr MS A9,NA,227500,79664,Waldshut,Wehr,Todtmooser Straße,150,Baden-Württemberg,7.925798,47.652259,1975,NA,FALSE,Pumpspeicher,NA,NA
SEE931018364146,ABR935436324768,Stromspeichereinheit,NA,KW Wehr MS A10,NA,227500,79664,Waldshut,Wehr,Todtmooser Straße,150,Baden-Württemberg,7.925798,47.652259,1975,NA,FALSE,Pumpspeicher,NA,NA
SEE945727561772,ABR935436324768,Stromspeichereinheit,NA,KW Wehr MS B9,NA,227500,79664,Waldshut,Wehr,Todtmooser Straße,150,Baden-Württemberg,7.925798,47.652259,1976,NA,FALSE,Pumpspeicher,NA,NA
SEE954610139165,ABR935436324768,Stromspeichereinheit,NA,KW Wehr MS B10,NA,227500,79664,Waldshut,Wehr,Todtmooser Straße,150,Baden-Württemberg,7.925798,47.652259,1976,NA,FALSE,Pumpspeicher,NA,NA
SEE998292984538,ABR915068942295,Stromspeichereinheit,NA,illwerke vkw Kopswerk II M1,Volleinspeisung,175000,A-6793,NA,Gaschurn,Montafoner Strasse,NA,NA,10.04383,46.97749,2008,NA,FALSE,Pumpspeicher,NA,NA
SEE942841758538,ABR915068942295,Stromspeichereinheit,NA,illwerke vkw Kopswerk II M2,Volleinspeisung,175000,A-6793,NA,Gaschurn,Montafoner Strasse,NA,NA,10.04383,46.97749,2008,NA,FALSE,Pumpspeicher,NA,NA
SEE957189569340,ABR915068942295,Stromspeichereinheit,NA,illwerke vkw Kopswerk II M3,Volleinspeisung,175000,A-6793,NA,Gaschurn,Montafoner Strasse,NA,NA,10.04383,46.97749,2008,NA,FALSE,Pumpspeicher,NA,NA
SEE984246933080,ABR915068942295,Stromspeichereinheit,NA,illwerke vkw Lünerseewerk M1,Volleinspeisung,56000,A-6774,NA,Tschagguns,Latschaustrasse,NA,NA,9.87366,47.07376,1957,NA,FALSE,Pumpspeicher,NA,NA
SEE917379392493,ABR915068942295,Stromspeichereinheit,NA,illwerke vkw Lünerseewerk M2,Volleinspeisung,56000,A-6774,NA,Tschagguns,Latschaustrasse,NA,NA,9.87366,47.07376,1957,NA,FALSE,Pumpspeicher,NA,NA
SEE918046145015,ABR915068942295,Stromspeichereinheit,NA,illwerke vkw Lünerseewerk M3,Volleinspeisung,56000,A-6774,NA,Tschagguns,Latschaustrasse,NA,NA,9.87366,47.07376,1957,NA,FALSE,Pumpspeicher,NA,NA
SEE901022774309,ABR915068942295,Stromspeichereinheit,NA,illwerke vkw Lünerseewerk M4,Volleinspeisung,56000,A-6774,NA,Tschagguns,Latschaustrasse,NA,NA,9.87366,47.07376,1957,NA,FALSE,Pumpspeicher,NA,NA
SEE974634012046,ABR915068942295,Stromspeichereinheit,NA,illwerke vkw Lünerseewerk M5,Volleinspeisung,56000,A-6774,NA,Tschagguns,Latschaustrasse,NA,NA,9.87366,47.07376,1957,NA,FALSE,Pumpspeicher,NA,NA
SEE997585564112,ABR915068942295,Stromspeichereinheit,NA,illwerke vkw Rodundwerk II M1,Volleinspeisung,295000,A-6773,NA,Vandans,Anton-Ammann-Straße,13,NA,9.87458,47.0846,2011,NA,FALSE,Pumpspeicher,NA,NA
SEE940012750145,ABR915068942295,Stromspeichereinheit,NA,illwerke vkw Rellswerk M1,Volleinspeisung,12000,A-6773,NA,Vandans,Rellstalstrasse,NA,NA,9.8019,47.07685,2017,NA,FALSE,Pumpspeicher,NA,NA
SEE907120686209,ABR915068942295,Stromspeichereinheit,NA,illwerke vkw Rifawerk M1,Volleinspeisung,4000,A-6793,NA,Gaschurn,Außerbofa,NA,NA,10.04257,46.9748,1969,NA,FALSE,Pumpspeicher,NA,NA
SEE916524366044,ABR915068942295,Stromspeichereinheit,NA,illwerke vkw Rifawerk M2,Volleinspeisung,4000,A-6793,NA,Gaschurn,Außerbofa,NA,NA,10.04257,46.9748,1969,NA,FALSE,Pumpspeicher,NA,NA
SEE984394943115,ABR915068942295,Stromspeichereinheit,NA,illwerke vkw Rodundwerk I M2,Volleinspeisung,50000,A-6773,NA,Vandans,'Anton-Ammann-Straße,19,NA,9.8815,47.08514,1943,NA,FALSE,Pumpspeicher,NA,NA
SEE957063025665,ABR916185866136,Stromspeichereinheit,NA,Leinau Batteriespeicher,Volleinspeisung,7300,87666,Ostallgäu,Pforzen,Am Kraftwerk,1,Bayern,10.611841,47.912668,2021,NA,FALSE,Batterie,NA,NA
SEE930732971197,ABR966412572330,Stromspeichereinheit,NA,Speicher Test,Volleinspeisung,2500,90429,Nürnberg,Nürnberg,Fürther Straße,252,Bayern,11.027713,49.460469,2022,NA,FALSE,Batterie,NA,NA
SEE989733403879,ABR976760522116,Stromspeichereinheit,NA,KW Silz - Maschine 1,Volleinspeisung,250000,06424,NA,Silz,Dr. Meinrad Praxmarer Strasse,1,NA,10.967972,47.269072,1981,NA,FALSE,Pumpspeicher,NA,NA
SEE965029367872,ABR976760522116,Stromspeichereinheit,NA,KW Silz - Maschine 2,Volleinspeisung,250000,06424,NA,Silz,Dr. Meinrad Praxmarer Strasse,1,NA,10.967972,47.269072,1981,NA,FALSE,Pumpspeicher,NA,NA
SEE956127306573,ABR976760522116,Stromspeichereinheit,NA,KW Kühtai - Maschine 1,Volleinspeisung,144500,06183,NA,Kühtai,Kühtai,73,NA,11.005279,47.207436,1981,NA,FALSE,Pumpspeicher,NA,NA
SEE901980882672,ABR976760522116,Stromspeichereinheit,NA,KW Kühtai - Maschine 2,Volleinspeisung,144500,06183,NA,Kühtai,Kühtai,73,NA,11.005279,47.207436,1981,NA,FALSE,Pumpspeicher,NA,NA
SEE948856159582,ABR936072176544,Stromspeichereinheit,SEE948856159582,Solarpark Lärz-Rechlin (Speicher),Volleinspeisung,6860,17248,Mecklenburgische Seenplatte,Rechlin,NA,NA,Mecklenburg-Vorpommern,12.770728,53.308306,2023,NA,FALSE,Batterie,NA,NA
SEE929646974516,ABR992178161082,Stromspeichereinheit,SEE929646974516,"Theilheim, Speicher 1",Volleinspeisung,1475,97288,Würzburg,Theilheim,NA,NA,Bayern,10.057536,49.763056,2023,NA,FALSE,Batterie,NA,NA
SEE959638838588,ABR913995817099,Stromspeichereinheit,NA,Batteriespeicher,Teileinspeisung (einschließlich Eigenverbrauch),5800,86153,Augsburg,Augsburg,Sebastianstraße,31,Bayern,10.893675,48.381381,2021,NA,FALSE,Batterie,NA,NA
SEE948862206942,ABR996129212458,Stromspeichereinheit,SEE948862206942,Batteriespeicher Ammerland,Volleinspeisung,3200,26215,Ammerland,Wiefelstede,NA,NA,Niedersachsen,8.155154,53.180563,2023,NA,FALSE,Batterie,NA,NA
SEE971850267908,ABR958663820780,Stromspeichereinheit,SEE971850267908,Speicher Letschin 04/21,Volleinspeisung,4550,15324,Märkisch-Oderland,Letschin,NA,NA,Brandenburg,14.325782,52.644269,2023,NA,FALSE,Batterie,NA,NA
SEE943803920109,ABR987233398169,Stromspeichereinheit,SEE943803920109,Speicher Göhlsdorf 04/21,Volleinspeisung,4900,14797,Potsdam-Mittelmark,Kloster Lehnin,NA,NA,Brandenburg,12.813759,52.351617,2023,NA,FALSE,Batterie,NA,NA
SEE910282718817,ABR924305059061,Stromspeichereinheit,SEE910282718817,Speicher Gammertingen 04/21,Volleinspeisung,5250,72501,Reutlingen,Gammertingen,NA,NA,Baden-Württemberg,9.334422,48.249159,2024,NA,FALSE,Batterie,NA,NA
SEE948786499895,ABR966724179302,Stromspeichereinheit,SEE948786499895,Speicher Schnaittenbach II,Volleinspeisung,2400,92253,Amberg-Sulzbach,Schnaittenbach,Rohrweiherweg,bei 13,Bayern,12.023166,49.544,2023,NA,FALSE,Batterie,NA,NA
SEE991022436932,ABR993102390042,Stromspeichereinheit,NA,PV Speicher,NA,2507.9,94563,Deggendorf,Otzing,NA,NA,Bayern,12.781456,48.752604,2027,NA,FALSE,Batterie,NA,NA
SEE938734688372,ABR920292190237,Stromspeichereinheit,NA,Speicher Krücklham,NA,2000,83559,Mühldorf a. Inn,Mittergars,NA,NA,Bayern,12.33943,48.15559,2022,NA,FALSE,Batterie,NA,NA
SEE906551585525,ABR957841327066,Stromspeichereinheit,SEE906551585525,Speicher PVA_G9,Volleinspeisung,3800,18439,Vorpommern-Rügen,Stralsund,Voigdehäger Weg,NA,Mecklenburg-Vorpommern,13.0897,54.2779,2023,NA,FALSE,Batterie,NA,NA
SEE944822244566,ABR948346900267,Stromspeichereinheit,SEE944822244566,Batteriespeicher,Volleinspeisung,5300,93176,Regensburg,Beratzhausen,NA,NA,Bayern,11.785623,49.135103,2023,NA,FALSE,Batterie,NA,NA
SEE971990158586,ABR908690835417,Stromspeichereinheit,SEE971990158586,Speicher PV1,Volleinspeisung,4100,88633,Bodenseekreis,Heiligenberg,NA,NA,Baden-Württemberg,9.322083,47.862322,2023,NA,FALSE,Batterie,NA,NA
SEE970162171323,ABR903690099142,Stromspeichereinheit,SEE970162171323,ABO Wind Batterie Leutershausen,Volleinspeisung,2901,97618,Rhön-Grabfeld,Hohenroth,NA,NA,Bayern,10.158706,50.333655,2023,NA,FALSE,Batterie,NA,NA
SEE977231455070,ABR935588799933,Stromspeichereinheit,SEE977231455070,Batteriespeicher Inden,Volleinspeisung,4800,52459,Düren,Inden,NA,NA,Nordrhein-Westfalen,6.366094,50.877468,2022,NA,FALSE,Batterie,NA,NA
SEE988222104112,ABR990561781930,Stromspeichereinheit,SEE988222104112,Speicher Forsthof,Volleinspeisung,7000,92706,Neustadt a.d. Waldnaab,Luhe-Wildenau,NA,NA,Bayern,12.107263,49.592577,2023,NA,FALSE,Batterie,NA,NA
SEE931076843966,ABR980107077351,Stromspeichereinheit,SEE931076843966,Speicher Ottmarsfeld Nord,Volleinspeisung,5600,91798,Weißenburg-Gunzenhausen,Höttingen,NA,NA,Bayern,10.987926,49.087623,2023,NA,FALSE,Batterie,NA,NA
SEE983724235456,ABR916152227588,Stromspeichereinheit,SEE983724235456,Speicher Buch,Volleinspeisung,7000,96190,Haßberge,Untermerzbach,NA,NA,Bayern,10.80066,50.123298,2023,NA,FALSE,Batterie,NA,NA
SEE934542973051,ABR954696541371,Stromspeichereinheit,SEE934542973051,Speicher Übermatzhofen II BA 1,Volleinspeisung,3400,91788,Weißenburg-Gunzenhausen,Pappenheim,NA,NA,Bayern,10.96009,48.90715,2023,NA,FALSE,Batterie,NA,NA
SEE923635756794,ABR979080943807,Stromspeichereinheit,NA,Speicher Inno22-1,Volleinspeisung,2890,93170,Regensburg,Bernhardswald,NA,NA,Bayern,12.228265,49.124574,2026,NA,FALSE,Batterie,NA,NA
SEE935505546220,ABR979080943807,Stromspeichereinheit,NA,Speicher Gebot 3 - Inno22,Volleinspeisung,4420,97711,Bad Kissingen,Maßbach,NA,NA,Bayern,10.308542,50.15509,2026,NA,FALSE,Batterie,NA,NA
SEE974949152857,ABR923450846267,Stromspeichereinheit,NA,Batteriespeicher,Teileinspeisung (einschließlich Eigenverbrauch),9000,67063,Ludwigshafen am Rhein,Ludwigshafen,Industriestraße,3,Rheinland-Pfalz,8.425319,49.485519,2018,NA,FALSE,Batterie,NA,NA
SEE961083745526,ABR948070381080,Stromspeichereinheit,NA,SWM HKW Freimann BSP1,Volleinspeisung,2250,80807,München,München,Frankfurter Ring,181,Bayern,11.596,48.189,2020,NA,FALSE,Batterie,NA,NA
SEE924821338909,ABR948070381080,Stromspeichereinheit,NA,SWM HKW Freimann BSP2,Volleinspeisung,2250,80807,München,München,Frankfurter Ring,181,Bayern,11.596,48.189,2020,NA,FALSE,Batterie,NA,NA
SEE903095708120,ABR948070381080,Stromspeichereinheit,NA,SWM HKW Freimann BSP3,Volleinspeisung,2250,80807,München,München,Frankfurter Ring,181,Bayern,11.596,48.189,2020,NA,FALSE,Batterie,NA,NA
SEE981161419538,ABR948070381080,Stromspeichereinheit,NA,SWM HKW Freimann BSP4,Volleinspeisung,2250,80807,München,München,Frankfurter Ring,181,Bayern,11.596,48.189,2020,NA,FALSE,Batterie,NA,NA
SEE904769505083,ABR935436496069,Stromspeichereinheit,NA,Groß-Batteriespeicher Schwerin-Lankow Erweiterung,Volleinspeisung,8000,19053,Schwerin,Schwerin,Neumühler Weg,8,Mecklenburg-Vorpommern,11.369562,53.646234,2017,NA,FALSE,Batterie,NA,NA
SEE930312080578,ABR905556180636,Stromspeichereinheit,SEE930312080578,Speicher Lübars,Volleinspeisung,4200,39291,Jerichower Land,Lübars,NA,NA,Sachsen-Anhalt,12.152501000000001,52.18618,2024,NA,FALSE,Batterie,NA,NA
SEE945342909836,ABR926577335447,Stromspeichereinheit,SEE945342909836,Rote Jahne - Speicher 2 MW,Volleinspeisung,2000,04838,Nordsachsen,Doberschütz,NA,NA,Sachsen,12.673249,51.505488,2024,NA,FALSE,Batterie,NA,NA
SEE978524946848,ABR900433633809,Stromspeichereinheit,SEE978524946848,PV Speicher Lehe,Volleinspeisung,1165,25774,Dithmarschen,Lehe,NA,NA,Schleswig-Holstein,9.033623,54.341008,2023,NA,FALSE,Batterie,NA,NA
SEE913404448371,ABR953189709298,Stromspeichereinheit,NA,"Speicher 3,3 MW Ottenbüttel",Volleinspeisung,1650,25591,Steinburg,Ottenbüttel,NA,NA,Schleswig-Holstein,9.495506,53.981428,2022,NA,FALSE,Batterie,NA,NA
SEE954745323422,ABR938933890415,Stromspeichereinheit,SEE954745323422,Solarpark Bruchsal-Untergrombach Speicher,Volleinspeisung,1500,76646,Karlsruhe,Bruchsal,NA,NA,Baden-Württemberg,8.538888,49.098389,2024,NA,FALSE,Batterie,NA,NA
SEE979298824578,ABR926438919984,Stromspeichereinheit,SEE979298824578,ABO Wind Batterie Euskirchen,Volleinspeisung,3509,53881,Euskirchen,Euskirchen,NA,NA,Nordrhein-Westfalen,6.815017,50.697213,2024,NA,FALSE,Batterie,NA,NA
SEE954677148513,ABR904031907010,Stromspeichereinheit,SEE954677148513,ABO Wind Batterie Weichenried,Volleinspeisung,1928,86558,Pfaffenhofen a.d. Ilm,Hohenwart,NA,NA,Bayern,11.441305,48.600449,2023,NA,FALSE,Batterie,NA,NA
SEE995933662862,ABR966124521596,Stromspeichereinheit,SEE995933662862,Speicher Handenberg-West,Volleinspeisung,1280,66620,St. Wendel,Nonnweiler,NA,NA,Saarland,6.961,49.537744000000004,2022,NA,FALSE,Batterie,NA,NA
SEE912014586152,ABR917811080766,Stromspeichereinheit,SEE912014586152,20363 SP Kreuzbergfeld Speicher,Volleinspeisung,1200,82288,Fürstenfeldbruck,Kottgeisering,NA,NA,Bayern,11.11418,48.118046,2023,NA,FALSE,Batterie,NA,NA
SEE981601805600,ABR920404228902,Stromspeichereinheit,NA,Balder A09 - BSK,Volleinspeisung,3400,17091,Mecklenburgische Seenplatte,Tützpatz,NA,NA,Mecklenburg-Vorpommern,13.116539,53.691868,2023,NA,FALSE,Batterie,NA,NA
SEE911454349471,ABR935588799933,Stromspeichereinheit,SEE911454349471,Batteriespeicher Garzweiler,Volleinspeisung,6500,50181,Rhein-Kreis Neuss,Bedburg,NA,NA,Nordrhein-Westfalen,6.528732,51.051928,2023,NA,FALSE,Batterie,NA,NA
SEE934842271741,ABR935588799933,Stromspeichereinheit,SEE934842271741,Batteriespeicher Jackerath,Volleinspeisung,4050,50181,Rhein-Kreis Neuss,Bedburg,NA,NA,Nordrhein-Westfalen,6.486714,51.038155,2023,NA,FALSE,Batterie,NA,NA
SEE905843309764,ABR982105583193,Stromspeichereinheit,NA,Batteriespeicher Emsland,Volleinspeisung,45000,49808,Emsland,Lingen,Schüttorfer Straße,100,Niedersachsen,7.30525,52.48027,2022,NA,FALSE,Batterie,NA,NA
SEE971932533266,ABR982105583193,Stromspeichereinheit,NA,Batteriespeicher Werne,Volleinspeisung,72000,59368,Unna,Werne,Hammer Straße,2,Nordrhein-Westfalen,7.710467,51.67324,2022,NA,FALSE,Batterie,NA,NA
SEE935147494255,ABR982105583193,Stromspeichereinheit,NA,Batteriespeicher Herdecke 2,Volleinspeisung,6080,58313,Ennepe-Ruhr-Kreis,Herdecke,Im Schiffwinkel,43,Nordrhein-Westfalen,7.454357,51.411382,2021,NA,FALSE,Batterie,NA,NA
SEE991010009728,ABR921600705358,Stromspeichereinheit,NA,2MWh Speicher Gewerbegebiet Haßfurt,Volleinspeisung,2000,97437,Haßberge,Haßfurt,Heinrich-Hertz-Straße,1,Bayern,10.5447,50.03288,2020,NA,FALSE,Batterie,NA,NA
SEE977720016904,ABR932212103470,Stromspeichereinheit,NA,Batterie Breitenworbis,Volleinspeisung,10000,37339,Eichsfeld,Breitenworbis,NA,NA,Thüringen,10.460464,51.416043,2021,NA,FALSE,Batterie,NA,NA
SEE930624296063,ABR964420456963,Stromspeichereinheit,NA,Batteriespeicher WW Guntersblum,Volleinspeisung,2500,67583,Mainz-Bingen,Guntersblum,Gimbsheimer Straße,52,Rheinland-Pfalz,8.357918,49.794097,2022,NA,FALSE,Batterie,NA,NA
SEE949646756097,ABR962205572945,Stromspeichereinheit,NA,FZJ_BATA_10.55,Teileinspeisung (einschließlich Eigenverbrauch),1050,52428,Düren,Jülich,NA,NA,Nordrhein-Westfalen,6.414423,50.901963,2022,NA,FALSE,Batterie,NA,NA
SEE908743126042,NA,Stromspeichereinheit,NA,Outokumpu Krefeld Bat,Teileinspeisung (einschließlich Eigenverbrauch),4500,47807,Krefeld,Krefeld,Oberschlesienstraße,16,Nordrhein-Westfalen,6.555855,51.301683,2022,2024,TRUE,Batterie,NA,NA
SEE906246719242,ABR928139365190,Stromspeichereinheit,NA,BESS Uffing,Volleinspeisung,1100,82449,Garmisch-Partenkirchen,Uffing,Schachmoos,3,Bayern,11.092194,47.711946,2021,NA,FALSE,Batterie,NA,NA
SEE920981722466,ABR928139365190,Stromspeichereinheit,NA,BESS Weßling 1,Volleinspeisung,1100,82234,Starnberg,Weßling,Gautinger Straße,114 a,Bayern,11.290004,48.067614,2021,NA,FALSE,Batterie,NA,NA
SEE941919962679,ABR915243810968,Stromspeichereinheit,NA,BESS Icking 1 ＆ 2,Volleinspeisung,2000,82057,Bad Tölz-Wolfratshausen,Icking,Am Talfeld,45,Bayern,11.413801,47.949969,2021,NA,FALSE,Batterie,NA,NA
SEE993129333831,ABR985337797918,Stromspeichereinheit,NA,Werk 1 Clean Voltage Anlage,Teileinspeisung (einschließlich Eigenverbrauch),2000,81671,München,München,Atelierstraße,29,Bayern,11.608482,48.123852,2021,NA,FALSE,Batterie,NA,NA
SEE973893398717,ABR982320839334,Stromspeichereinheit,NA,Aluwerk Hamburg,Teileinspeisung (einschließlich Eigenverbrauch),1890,21129,Hamburg,Hamburg,Aluminiumstraße,1,Hamburg,9.892619,53.510022,2022,NA,FALSE,Batterie,NA,NA
SEE979355944249,ABR947476534601,Stromspeichereinheit,NA,Batteriespeicher,Teileinspeisung (einschließlich Eigenverbrauch),1900,58300,Ennepe-Ruhr-Kreis,Wetter,Osterfeldstraße,51,Nordrhein-Westfalen,7.349802,51.398183,2022,NA,FALSE,Batterie,NA,NA
SEE922838987950,ABR909835683665,Stromspeichereinheit,SEE922838987950,Batteriespeicher Fruchtreiferei Ost (Borna),Teileinspeisung (einschließlich Eigenverbrauch),1196,04552,Leipzig,Borna,Altenburger Straße,70A,Sachsen,12.49017,51.115267,2022,NA,FALSE,Batterie,NA,NA
SEE917689107459,ABR993892713618,Stromspeichereinheit,SEE917689107459,BESS Merseburg,Volleinspeisung,6670,06217,Saalekreis,Merseburg,NA,NA,Sachsen-Anhalt,11.968735,51.303371,2023,NA,FALSE,Batterie,NA,NA
SEE958414316241,ABR902437203125,Stromspeichereinheit,SEE958414316241,Batteriespeicher,Volleinspeisung,6200,86489,Günzburg,Deisenhausen,NA,NA,Bayern,10.339337,48.264961,2024,NA,FALSE,Batterie,NA,NA
SEE905093362557,ABR914100319637,Stromspeichereinheit,SEE905093362557,Speicher,Volleinspeisung,4000,38162,Wolfenbüttel,Cremlingen,NA,NA,Niedersachsen,10.70745,52.274311,2024,NA,FALSE,Batterie,NA,NA
SEE967403086416,ABR993892713618,Stromspeichereinheit,SEE967403086416,Speicher Braunsbedra,Volleinspeisung,5000,06217,Saalekreis,Merseburg,NA,NA,Sachsen-Anhalt,11.96842,51.303403,2024,NA,FALSE,Batterie,NA,NA
SEE999128430694,ABR939245079000,Stromspeichereinheit,NA,Batterie,NA,6670,02979,Bautzen,Elsterheide,NA,NA,Sachsen,14.187,51.447,2024,NA,FALSE,Batterie,NA,NA
SEE961244310587,ABR958515820081,Stromspeichereinheit,SEE961244310587,Ehndorf 1.1 Speicher,Volleinspeisung,6900,24647,Rendsburg-Eckernförde,Ehndorf,NA,NA,Schleswig-Holstein,9.919585,54.059398,2024,NA,FALSE,Batterie,NA,NA
SEE979885315311,ABR923029856338,Stromspeichereinheit,SEE979885315311,Lemwerder 1 Speicher,Volleinspeisung,6900,27809,Wesermarsch,Lemwerder,NA,NA,Niedersachsen,8.588147,53.141386,2024,NA,FALSE,Batterie,NA,NA
SEE933665632364,ABR944586491404,Stromspeichereinheit,SEE933665632364,Speicher Hohenzant I BA 2,Volleinspeisung,2800,92249,Amberg-Sulzbach,Vilseck,NA,NA,Bayern,11.79759,49.57909,2024,NA,FALSE,Batterie,NA,NA
SEE906489859750,ABR943531574261,Stromspeichereinheit,SEE906489859750,Speicher Volkershausen,Volleinspeisung,4250,97711,Bad Kissingen,Maßbach,NA,NA,Bayern,10.31324,50.15434,2024,NA,FALSE,Batterie,NA,NA
SEE961857651046,ABR941207377444,Stromspeichereinheit,SEE961857651046,BESS Antdorf,Volleinspeisung,1600,82387,Weilheim-Schongau,Antdorf,NA,NA,Bayern,11.343451,47.746002,2024,NA,FALSE,Batterie,NA,NA
SEE993641277965,ABR987226063142,Stromspeichereinheit,SEE993641277965,BESS Egling - InnoAus,Volleinspeisung,1600,82544,Bad Tölz-Wolfratshausen,Egling,An der ST2070,NA,Bayern,11.488862,47.924057,2024,NA,FALSE,Batterie,NA,NA
SEE923600545132,ABR921666897981,Stromspeichereinheit,SEE923600545132,Hierlacker Batterie,Volleinspeisung,2667,93326,Kelheim,Abensberg,NA,NA,Bayern,11.833753,48.842112,2024,NA,FALSE,Batterie,NA,NA
SEE914664041319,ABR929638987395,Stromspeichereinheit,SEE914664041319,GGEW Batterie Wald-Michelbach,Volleinspeisung,1600,69483,Bergstraße,Wald-Michelbach,NA,NA,Hessen,8.817222,49.560278,2024,NA,FALSE,Batterie,NA,NA
SEE972107201331,ABR973259896864,Stromspeichereinheit,SEE972107201331,Batterie Hambach I,Volleinspeisung,4060,52382,Düren,Niederzier,NA,NA,Nordrhein-Westfalen,6.516946,50.925061,2024,NA,FALSE,Batterie,NA,NA
SEE912650687299,ABR971095987821,Stromspeichereinheit,SEE912650687299,Speicher Mühlbuck,Volleinspeisung,1600,91550,Ansbach,Dinkelsbühl,NA,NA,Bayern,10.232173,49.116563,2024,NA,FALSE,Batterie,NA,NA
SEE956030501591,ABR971095987821,Stromspeichereinheit,SEE956030501591,Speicher Veitswend,Volleinspeisung,2108,91550,Ansbach,Dinkelsbühl,NA,NA,Bayern,10.217546,49.100105,2024,NA,FALSE,Batterie,NA,NA
SEE977219681118,ABR964569771910,Stromspeichereinheit,SEE977219681118,Speicher Hallenhausen,Volleinspeisung,3200,92345,Neumarkt i.d. OPf.,Dietfurt,NA,NA,Bayern,11.587928,49.01055,2024,NA,FALSE,Batterie,NA,NA
SEE989135536915,ABR920895460133,Stromspeichereinheit,SEE989135536915,Speicher Otterzhofen Süd,Volleinspeisung,2800,93339,Kelheim,Riedenburg,NA,NA,Bayern,11.691545,49.001286,2024,NA,FALSE,Batterie,NA,NA
SEE962757479327,ABR917448036990,Stromspeichereinheit,SEE962757479327,Speicher Otterzhofen West - Teilanlage 1,Volleinspeisung,3060,93339,Kelheim,Riedenburg,NA,NA,Bayern,11.679666,49.011265,2024,NA,FALSE,Batterie,NA,NA
SEE958484770691,ABR901755356155,Stromspeichereinheit,SEE958484770691,Speicher Osterberg,Volleinspeisung,3060,86975,Weilheim-Schongau,Bernbeuren,NA,NA,Bayern,10.737353,47.74639,2024,NA,FALSE,Batterie,NA,NA
SEE943109815024,ABR903837623278,Stromspeichereinheit,SEE943109815024,Speicher Beilrode I - Teilanlage 1,Volleinspeisung,9144,04886,Nordsachsen,Beilrode,Triftweg,999 Z,Sachsen,13.09173,51.574,2024,NA,FALSE,Batterie,NA,NA
SEE934212869257,ABR954551592142,Stromspeichereinheit,SEE934212869257,Speicher Schmelchen,Volleinspeisung,4760,85250,Dachau,Altomünster,NA,NA,Bayern,11.242692,48.411075,2024,NA,FALSE,Batterie,NA,NA
SEE982806373970,ABR932212103470,Stromspeichereinheit,NA,Batterie Eisenach,Volleinspeisung,10350,99817,Wartburgkreis,Eisenach,NA,NA,Thüringen,10.29271,50.978959,2022,NA,FALSE,Batterie,NA,NA
SEE997075725108,ABR930958989624,Stromspeichereinheit,SEE997075725108,PV Anlage Gottesgabe Speicher,Teileinspeisung (einschließlich Eigenverbrauch),1624,15320,Märkisch-Oderland,Neuhardenberg,NA,NA,Brandenburg,14.178554,52.648504,2023,NA,FALSE,Batterie,NA,NA
SEE988132310290,ABR947260383347,Stromspeichereinheit,SEE988132310290,PV Anlage Alttrebbin Speicher,Teileinspeisung (einschließlich Eigenverbrauch),1624,15320,Märkisch-Oderland,Neutrebbin,NA,NA,Brandenburg,14.238683,52.693553,2022,NA,FALSE,Batterie,NA,NA
SEE949344113291,ABR944666339244,Stromspeichereinheit,SEE949344113291,Batteriespeicher Energiezukunft Fuchstal,Volleinspeisung,5800,86925,Landsberg am Lech,Fuchstal,NA,NA,Bayern,10.83711,47.94192,2022,NA,FALSE,Batterie,NA,NA
SEE904906740858,ABR922571528427,Stromspeichereinheit,NA,trlyr 1,Volleinspeisung,6900,03253,Elbe-Elster,Doberlug-Kirchhain,NA,NA,Brandenburg,13.556414,51.617121,2022,NA,FALSE,Batterie,NA,NA
SEE912518222396,ABR911714982721,Stromspeichereinheit,SEE912518222396,APEX 4-MWh-Batteriespeicher SMA,Volleinspeisung,4000,18299,Rostock,Laage,Hans-Adam-Allee,1,Mecklenburg-Vorpommern,12.281649,53.904396,2022,NA,FALSE,Batterie,NA,NA
SEE971822836668,ABR911714982721,Stromspeichereinheit,SEE971822836668,APEX 2-MWh-Batteriespeicher MR,Volleinspeisung,1120,18299,Rostock,Laage,Hans-Adam-Allee,1,Mecklenburg-Vorpommern,12.285675,53.906365,2022,NA,FALSE,Batterie,NA,NA
SEE906665602583,ABR955614928649,Stromspeichereinheit,NA,BESS Haßfurt,Volleinspeisung,9240,97437,Haßberge,Haßfurt,Osttangente,NA,Bayern,10.530466,50.040778,2021,NA,FALSE,Batterie,NA,NA
SEE995828749425,ABR992955540574,Stromspeichereinheit,NA,Batteriespeicher Am Energiepark,Volleinspeisung,9240,95632,Wunsiedel i. Fichtelgebirge,Wunsiedel,Am Energiepark,1,Bayern,12.030448,50.041418,2019,NA,FALSE,Batterie,NA,NA
SEE905084646239,ABR912702227022,Stromspeichereinheit,NA,BTC_PFL P09,Teileinspeisung (einschließlich Eigenverbrauch),1100,48499,Emsland,Salzbergen,Neuenkirchener Straße,7,Niedersachsen,7.352292,52.317449,2021,NA,FALSE,Batterie,NA,NA
SEE916777318425,ABR912702227022,Stromspeichereinheit,NA,BTC_PFL P11,Teileinspeisung (einschließlich Eigenverbrauch),2000,48499,Emsland,Salzbergen,Neuenkirchener Straße,7,Niedersachsen,7.352292,52.317449,2021,NA,FALSE,Batterie,NA,NA
SEE905489670006,ABR912702227022,Stromspeichereinheit,NA,BTC_PFL P12,Teileinspeisung (einschließlich Eigenverbrauch),1600,48499,Emsland,Salzbergen,Neuenkirchener Straße,7,Niedersachsen,7.352292,52.317449,2021,NA,FALSE,Batterie,NA,NA
SEE995000682977,ABR932212103470,Stromspeichereinheit,NA,Batterie Diespeck,Volleinspeisung,20700,91456,Neustadt a.d. Aisch-Bad Windsheim,Diespeck,Gutenstettener Straße,2,Bayern,10.627815,49.601219,2022,NA,FALSE,Batterie,NA,NA
SEE954649497618,ABR989644624141,Stromspeichereinheit,NA,SMAREG4 Wartburgspeicher Eisenach,Volleinspeisung,60000,99817,Wartburgkreis,Eisenach,NA,NA,Thüringen,10.23115,51.00021,2022,NA,FALSE,Batterie,NA,NA
SEE961989517128,ABR948334917826,Stromspeichereinheit,SEE961989517128,Bad Düben Battery Storage,Volleinspeisung,13883,04849,Nordsachsen,Bad Düben,Steinlache,4,Sachsen,12.60389,51.58722,2022,NA,FALSE,Batterie,NA,NA
SEE932907515472,ABR948334917826,Stromspeichereinheit,SEE932907515472,Elsteraue Battery Storage,Volleinspeisung,13800,06729,Burgenlandkreis,Elsteraue,Dr.-Bergius-Straße,904 B,Sachsen-Anhalt,12.1975,51.074722,2022,NA,FALSE,Batterie,NA,NA
SEE934353123843,ABR932212103470,Stromspeichereinheit,NA,Batterie Iphofen,Volleinspeisung,20700,97346,Kitzingen,Iphofen,NA,NA,Bayern,10.254467,49.693979,2022,NA,FALSE,Batterie,NA,NA
SEE902746865687,ABR999401230768,Stromspeichereinheit,NA,SWM Uppenborn 1 BSP1,Teileinspeisung (einschließlich Eigenverbrauch),2610,85368,Freising,Wang,Werkstraße,25,Bayern,11.99778,48.4933,2022,NA,FALSE,Batterie,NA,NA
SEE945066910361,ABR999401230768,Stromspeichereinheit,NA,SWM Uppenborn 1 BSP2,Teileinspeisung (einschließlich Eigenverbrauch),2610,85368,Freising,Wang,Werkstraße,25,Bayern,11.99778,48.4933,2022,NA,FALSE,Batterie,NA,NA
SEE989968560507,ABR999401230768,Stromspeichereinheit,NA,SWM Uppenborn 1 BSP3,Teileinspeisung (einschließlich Eigenverbrauch),2610,85368,Freising,Wang,Werkstraße,25,Bayern,11.99778,48.4933,2022,NA,FALSE,Batterie,NA,NA
SEE970263793356,ABR999401230768,Stromspeichereinheit,NA,SWM Uppenborn 1 BSP4,Teileinspeisung (einschließlich Eigenverbrauch),2610,85368,Freising,Wang,Werkstraße,25,Bayern,11.99778,48.4933,2022,NA,FALSE,Batterie,NA,NA
SEE901573149502,ABR999401230768,Stromspeichereinheit,NA,SWM Uppenborn 1 BSP5,Teileinspeisung (einschließlich Eigenverbrauch),2610,85368,Freising,Wang,Werkstraße,25,Bayern,11.99778,48.4933,2022,NA,FALSE,Batterie,NA,NA
SEE901131362077,ABR999401230768,Stromspeichereinheit,NA,SWM Uppenborn 1 BSP6,Teileinspeisung (einschließlich Eigenverbrauch),2610,85368,Freising,Wang,Werkstraße,25,Bayern,11.99778,48.4933,2022,NA,FALSE,Batterie,NA,NA
SEE932565997221,ABR999401230768,Stromspeichereinheit,NA,SWM Uppenborn 1 BSP7,Teileinspeisung (einschließlich Eigenverbrauch),2610,85368,Freising,Wang,Werkstraße,25,Bayern,11.99778,48.4933,2022,NA,FALSE,Batterie,NA,NA
SEE958896843136,ABR999401230768,Stromspeichereinheit,NA,SWM Uppenborn 1 BSP8,Teileinspeisung (einschließlich Eigenverbrauch),2610,85368,Freising,Wang,Werkstraße,25,Bayern,11.99778,48.4933,2022,NA,FALSE,Batterie,NA,NA
SEE973530454349,ABR999401230768,Stromspeichereinheit,NA,SWM Uppenborn 1 BSP9,Teileinspeisung (einschließlich Eigenverbrauch),2610,85368,Freising,Wang,Werkstraße,25,Bayern,11.99778,48.4933,2022,NA,FALSE,Batterie,NA,NA
SEE954154513360,ABR999401230768,Stromspeichereinheit,NA,SWM Uppenborn 1 BSP10,Teileinspeisung (einschließlich Eigenverbrauch),2610,85368,Freising,Wang,Werkstraße,25,Bayern,11.99778,48.4933,2022,NA,FALSE,Batterie,NA,NA
SEE936573140181,ABR944748454773,Stromspeichereinheit,SEE936573140181,Solarpark Baiersdorf 3,Volleinspeisung,1016,93339,Kelheim,Riedenburg,NA,NA,Bayern,11.737522,48.96239,2025,NA,FALSE,Batterie,NA,NA
SEE906917494423,ABR917063786638,Stromspeichereinheit,NA,ECOspeicher Au,Volleinspeisung,6900,87477,Oberallgäu,Sulzberg,Au,7,Bayern,10.32208,47.685476,2022,NA,FALSE,Batterie,NA,NA
SEE992720555451,ABR936534469825,Stromspeichereinheit,NA,Freudenberg x frequenz 556kWh,Volleinspeisung,1228,12487,Berlin,Berlin,Groß-Berliner Damm,119,Berlin,13.527288,52.437892,2022,NA,FALSE,Batterie,NA,NA
SEE923801709234,ABR932212103470,Stromspeichereinheit,NA,Batterie Schwabmünchen,Volleinspeisung,16000,86830,Augsburg,Schwabmünchen,NA,NA,Bayern,10.733512,48.19142,2022,NA,FALSE,Batterie,NA,NA
SEE963374030953,ABR932212103470,Stromspeichereinheit,NA,Batterie Rechtenbach,Volleinspeisung,16000,35625,Lahn-Dill-Kreis,Hüttenberg,NA,NA,Hessen,8.559037,50.530118,2022,NA,FALSE,Batterie,NA,NA
SEE954482465522,ABR932212103470,Stromspeichereinheit,NA,Batterie Hessisch Lichtenau,Volleinspeisung,12000,37235,Werra-Meißner-Kreis,Hessisch Lichtenau,NA,NA,Hessen,9.721949,51.19175,2022,NA,FALSE,Batterie,NA,NA
SEE922480517116,ABR903690099142,Stromspeichereinheit,NA,Batteriespeicheranlage Poing,Teileinspeisung (einschließlich Eigenverbrauch),7560,85586,Ebersberg,Poing,Gruber Straße,61 a,Bayern,11.798913,48.169188,2022,NA,FALSE,Batterie,NA,NA
SEE983340579781,ABR901300660683,Stromspeichereinheit,NA,SMAREG3 Eisfeld,Volleinspeisung,12000,98673,Hildburghausen,Eisfeld,NA,NA,Thüringen,10.90725,50.438379,2022,NA,FALSE,Batterie,NA,NA
SEE989457180636,ABR994641387562,Stromspeichereinheit,NA,SMAREG5 Hildburghausen,Volleinspeisung,12000,98646,Hildburghausen,Hildburghausen,Weitersrodaer Straße,80,Thüringen,10.751057,50.429894,2022,NA,FALSE,Batterie,NA,NA
SEE949834584921,ABR987834075223,Stromspeichereinheit,NA,Batteriespeicher UW Meitingen,Volleinspeisung,7560,86405,Augsburg,Meitingen,Bernhard-Monath-Straße,44,Bayern,10.864086,48.548342,2022,NA,FALSE,Batterie,NA,NA
SEE995116152746,ABR950827077191,Stromspeichereinheit,SEE995116152746,Solarspeicher WW Tettau,Teileinspeisung (einschließlich Eigenverbrauch),1020,01945,Oberspreewald-Lausitz,Tettau,Frauendorfer Straße,37,Brandenburg,13.738991,51.429098,2022,NA,FALSE,Batterie,NA,NA
SEE943609681808,ABR924571267894,Stromspeichereinheit,NA,BES DD,Teileinspeisung (einschließlich Eigenverbrauch),12000,01259,Dresden,Dresden,Heidenauer Straße,NA,Sachsen,13.839151,50.990515,2022,NA,FALSE,Batterie,NA,NA
SEE919868593923,ABR943425101504,Stromspeichereinheit,SEE919868593923,PV Sonneberg Batteriespeicher,Volleinspeisung,2322,96515,Sonneberg,Sonneberg,Friedrich-Engels-Straße,155,Thüringen,11.195476,50.349668,2024,NA,FALSE,Batterie,NA,NA
SEE993386073921,ABR965368824784,Stromspeichereinheit,NA,Speicher-Hodenhagen-Inno,Teileinspeisung (einschließlich Eigenverbrauch),1250,29693,Heidekreis,Hodenhagen,NA,NA,Niedersachsen,9.606574,52.766543,2026,NA,FALSE,Batterie,NA,NA
SEE995184714136,ABR963795573701,Stromspeichereinheit,SEE995184714136,Solar Zerbst Batterie,Volleinspeisung,17560,39261,Anhalt-Bitterfeld,Zerbst,NA,NA,Sachsen-Anhalt,12.119583,51.97525,2025,NA,FALSE,Batterie,NA,NA
SEE966315774480,ABR986529344316,Stromspeichereinheit,SEE966315774480,Dolgelin Speicher,Volleinspeisung,4200,15306,Märkisch-Oderland,Lindendorf,NA,NA,Brandenburg,14.413481,52.509934,2025,NA,FALSE,Batterie,NA,NA
SEE952807129814,ABR984070696229,Stromspeichereinheit,SEE952807129814,Crinitz 1 Speicher,Volleinspeisung,1800,03246,Elbe-Elster,Crinitz,NA,NA,Brandenburg,13.775715,51.744763,2025,NA,FALSE,Batterie,NA,NA
SEE925543621515,ABR963986876604,Stromspeichereinheit,NA,ECO POWER ONE AB,Teileinspeisung (einschließlich Eigenverbrauch),51750,24855,Schleswig-Flensburg,Bollingstedt,NA,NA,Schleswig-Holstein,9.473966,54.577266,2025,NA,FALSE,Batterie,NA,NA
SEE913795928759,ABR995829519652,Stromspeichereinheit,NA,SMAREG9 Freiberg,Volleinspeisung,20000,09599,Mittelsachsen,Freiberg,Knappenweg,1e,Sachsen,13.363287,50.910436,2024,NA,FALSE,Batterie,NA,NA
SEE901024459440,ABR976207446951,Stromspeichereinheit,NA,ECO POWER THREE,Volleinspeisung,300000,39443,Salzlandkreis,Staßfurt,NA,NA,Sachsen-Anhalt,11.6375,51.9105,2027,NA,FALSE,Batterie,NA,NA
SEE921947771573,ABR967753257795,Stromspeichereinheit,NA,Speicher Stresow,Volleinspeisung,2900,39291,Jerichower Land,Stresow,Krüssauer Straße,11,Sachsen-Anhalt,12.033445,52.263369,2023,NA,FALSE,Batterie,NA,NA
SEE927168175756,ABR940486198085,Stromspeichereinheit,NA,Pumpspeicherwerk Rönkhausen PSW1,Volleinspeisung,69000,57413,Olpe,Finnentrop,Glinge,9,Nordrhein-Westfalen,7.971745,51.227233,2019,NA,FALSE,Pumpspeicher,NA,NA
SEE921862229227,ABR940486198085,Stromspeichereinheit,NA,Pumpspeicherwerk Rönkhausen PSW2,Volleinspeisung,69000,57413,Olpe,Finnentrop,Glinge,9,Nordrhein-Westfalen,7.971745,51.227233,2019,NA,FALSE,Pumpspeicher,NA,NA
SEE909599581535,ABR973937302977,Stromspeichereinheit,NA,Pfreimd T1,Volleinspeisung,29000,92723,Neustadt a.d. Waldnaab,Tännesberg,Tanzmühle,4,Bayern,12.281245,49.552212,1959,NA,FALSE,Pumpspeicher,NA,NA
SEE979602348998,ABR916198639970,Stromspeichereinheit,NA,Batteriespeicher PVA Nossen,Volleinspeisung,3600,01683,Meißen,Nossen,Hauptstraße,1,Sachsen,13.289532,51.084145,2026,NA,FALSE,Batterie,NA,NA
SEE991322361361,ABR973937302977,Stromspeichereinheit,NA,Pfreimd R1,Volleinspeisung,33000,92555,Schwandorf,Trausnitz,Seestraße,6,Bayern,12.284608,49.530115,1955,NA,FALSE,Pumpspeicher,NA,NA
SEE972377801989,ABR973937302977,Stromspeichereinheit,NA,Pfreimd R2,Volleinspeisung,33000,92555,Schwandorf,Trausnitz,Seestraße,6,Bayern,12.284608,49.530115,1955,NA,FALSE,Pumpspeicher,NA,NA
SEE925690509520,ABR973937302977,Stromspeichereinheit,NA,Pfreimd R3,Volleinspeisung,33000,92555,Schwandorf,Trausnitz,Seestraße,6,Bayern,12.284608,49.530115,1961,NA,FALSE,Pumpspeicher,NA,NA
SEE989204666888,ABR982709906572,Stromspeichereinheit,SEE989204666888,Solarpark Dorfen - Speicher,Volleinspeisung,1472,84405,Erding,Dorfen,NA,NA,Bayern,12.178791,48.258737000000004,2025,NA,FALSE,Batterie,NA,NA
SEE928595720434,ABR982989341797,Stromspeichereinheit,NA,PV Epe Batt,Volleinspeisung,5000,48599,Borken,Gronau,NA,NA,Nordrhein-Westfalen,7.028543,52.174207,2026,NA,FALSE,Batterie,NA,NA
SEE945798007834,ABR996011346957,Stromspeichereinheit,NA,Speicher Eggenreuth,Volleinspeisung,6670,95326,Kulmbach,Kulmbach,NA,NA,Bayern,11.47151,50.13151,2026,NA,FALSE,Batterie,NA,NA
SEE910986337741,ABR906864070299,Stromspeichereinheit,NA,HMM-2022-005-1 Langhagen-Speicher,Teileinspeisung (einschließlich Eigenverbrauch),1500,18279,Rostock,Lalendorf,Am Kieswerk,NA,Mecklenburg-Vorpommern,12.433232,53.677372,2024,NA,FALSE,Batterie,NA,NA
SEE968732216758,ABR906864070299,Stromspeichereinheit,NA,HMM-2022-036 Zurow-Speicher,Teileinspeisung (einschließlich Eigenverbrauch),1100,23992,Nordwestmecklenburg,Zurow,NA,NA,Mecklenburg-Vorpommern,11.622288,53.866795,2024,NA,FALSE,Batterie,NA,NA
SEE906209865634,ABR906864070299,Stromspeichereinheit,NA,067-Treuenbrietzen-Speicher,Volleinspeisung,2250,14929,Potsdam-Mittelmark,Treuenbrietzen,NA,NA,Brandenburg,12.844824,52.082912,2024,NA,FALSE,Batterie,NA,NA
SEE994614006186,ABR990968760699,Stromspeichereinheit,SEE994614006186,MJ 6. Speicher,Volleinspeisung,7100,94554,Deggendorf,Moos,NA,NA,Bayern,12.973369,48.731559,2025,NA,FALSE,Batterie,NA,NA
SEE963176274500,ABR921509253592,Stromspeichereinheit,SEE963176274500,MJ 12. Speicher,Volleinspeisung,4750,94554,Deggendorf,Moos,NA,NA,Bayern,12.975337,48.728528,2025,NA,FALSE,Batterie,NA,NA
SEE912414171583,ABR978149412605,Stromspeichereinheit,SEE912414171583,Speicher Krumpa West,Volleinspeisung,6670,06242,Saalekreis,Braunsbedra,NA,NA,Sachsen-Anhalt,11.849017,51.289289,2027,NA,FALSE,Batterie,NA,NA
SEE910346930148,ABR978149412605,Stromspeichereinheit,SEE910346930148,Speicher Krumpa Ost,Volleinspeisung,6670,06242,Saalekreis,Braunsbedra,NA,NA,Sachsen-Anhalt,11.848977,51.289163,2027,NA,FALSE,Batterie,NA,NA
SEE957605324850,ABR905133523580,Stromspeichereinheit,SEE957605324850,MJ 13. Speicher,Volleinspeisung,9000,94554,Deggendorf,Moos,NA,NA,Bayern,12.937551,48.746791,2025,NA,FALSE,Batterie,NA,NA
SEE995613098226,ABR990561781930,Stromspeichereinheit,SEE995613098226,Speicher Gelpertsricht,Volleinspeisung,4000,92706,Neustadt a.d. Waldnaab,Luhe-Wildenau,NA,NA,Bayern,12.10169,49.58779,2026,NA,FALSE,Batterie,NA,NA
SEE986862951462,ABR916152227588,Stromspeichereinheit,SEE986862951462,Hinterer Grieß - BESS,Volleinspeisung,3048,96190,Haßberge,Untermerzbach,NA,NA,Bayern,10.84931,50.11968,2026,NA,FALSE,Batterie,NA,NA
SEE993343765999,ABR964894427667,Stromspeichereinheit,SEE993343765999,Köpfelholz - BESS,Volleinspeisung,8944,86577,Aichach-Friedberg,Sielenbach,NA,NA,Bayern,11.18322,48.38851,2026,NA,FALSE,Batterie,NA,NA
SEE985742900385,ABR973463132475,Stromspeichereinheit,SEE985742900385,Reutern - BESS 1,Volleinspeisung,4472,86465,Augsburg,Welden,NA,NA,Bayern,10.63583,48.46365,2026,NA,FALSE,Batterie,NA,NA
SEE916616739619,ABR973463132475,Stromspeichereinheit,SEE916616739619,Schweinberg - BESS,Volleinspeisung,4064,74736,Neckar-Odenwald-Kreis,Hardheim,NA,NA,Baden-Württemberg,9.53486,49.61088,2026,NA,FALSE,Batterie,NA,NA
SEE944672731872,ABR980648329308,Stromspeichereinheit,SEE944672731872,Seibersdorf - BESS,Volleinspeisung,4472,93170,Regensburg,Bernhardswald,NA,NA,Bayern,12.23422,49.12596,2026,NA,FALSE,Batterie,NA,NA
SEE935103691353,ABR974439140241,Stromspeichereinheit,SEE935103691353,PB PV 12 Speicher,Teileinspeisung (einschließlich Eigenverbrauch),1584,33104,Paderborn,Paderborn,NA,NA,Nordrhein-Westfalen,8.693179,51.767903,2025,NA,FALSE,Batterie,NA,NA
SEE913483427694,ABR903837623278,Stromspeichereinheit,SEE913483427694,Speicher Beilrode II - Teilanlage 1,Volleinspeisung,10400,04886,Nordsachsen,Beilrode,Am Dorfe,901,Sachsen,13.09123,51.574,2025,NA,FALSE,Batterie,NA,NA
SEE908124563169,ABR919873372919,Stromspeichereinheit,SEE908124563169,Rötenbach - BESS 1,Volleinspeisung,4472,73566,Ostalbkreis,Bartholomä,NA,NA,Baden-Württemberg,9.96358,48.74331,2026,NA,FALSE,Batterie,NA,NA
SEE908699490754,ABR962668359183,Stromspeichereinheit,SEE908699490754,BAT Querfurt,Volleinspeisung,3000,06268,Saalekreis,Querfurt,NA,NA,Sachsen-Anhalt,11.575877,51.376858,2026,NA,FALSE,Batterie,NA,NA
SEE918002872818,ABR944527333541,Stromspeichereinheit,SEE918002872818,Speicher Oeversee,Volleinspeisung,3000,24988,Schleswig-Flensburg,Oeversee,NA,NA,Schleswig-Holstein,9.395,54.722,2024,NA,FALSE,Batterie,NA,NA
SEE922419700923,ABR981354740210,Stromspeichereinheit,SEE922419700923,"Speicher Schweitenkirchen - P22-472 - 4.000,00 kW BESS Inn23-2/024",Volleinspeisung,4000,85301,Pfaffenhofen a.d. Ilm,Schweitenkirchen,NA,NA,Bayern,11.593935,48.49323,2026,NA,FALSE,Batterie,NA,NA
SEE970361842536,ABR904311566517,Stromspeichereinheit,SEE970361842536,Speicher Stamsried - P22-221,Volleinspeisung,2000,93491,Cham,Stamsried,NA,NA,Bayern,12.512933,49.244838,2025,NA,FALSE,Batterie,NA,NA
SEE926237890071,ABR969796136747,Stromspeichereinheit,NA,Speicher Seetz - P22-360,Volleinspeisung,4000,19357,Prignitz,Karstädt,NA,NA,Brandenburg,11.640651,53.169364,2025,NA,FALSE,Batterie,NA,NA
SEE934558486040,ABR900642870026,Stromspeichereinheit,SEE934558486040,"Speicher Wölfersheim - P23-039 - 3.000,00 kW Inn23-2/038",Volleinspeisung,3000,61200,Wetteraukreis,Wölfersheim,NA,NA,Hessen,8.877797,50.412868,2026,NA,FALSE,Batterie,NA,NA
SEE972805528464,ABR921739040672,Stromspeichereinheit,SEE972805528464,"Speicher Laaber - P23-003 - BESS 2.000,00 kW - Inn23-2/023",Volleinspeisung,2000,93164,Regensburg,Laaber,NA,NA,Bayern,11.920451,49.058271,2026,NA,FALSE,Batterie,NA,NA
SEE916398160267,ABR971851466164,Stromspeichereinheit,SEE916398160267,"Solarpark Denkendorf V - P23-354 - BESS 2.000,00 kW Inn23-2/036",Volleinspeisung,2000,85095,Eichstätt,Denkendorf,NA,NA,Bayern,11.445506,48.942118,2026,NA,FALSE,Batterie,NA,NA
SEE967356540492,ABR981923295486,Stromspeichereinheit,SEE967356540492,Speicher Weinheim - P23-055,Volleinspeisung,2000,69469,Rhein-Neckar-Kreis,Weinheim,NA,NA,Baden-Württemberg,8.623854,49.549711,2025,NA,FALSE,Batterie,NA,NA
SEE982694811646,ABR981446327817,Stromspeichereinheit,SEE982694811646,Speicher Mosbach - P18-016,Volleinspeisung,2032,91555,Ansbach,Feuchtwangen,NA,NA,Bayern,10.260333,49.164556,2025,NA,FALSE,Batterie,NA,NA
SEE984534310180,ABR967390846826,Stromspeichereinheit,SEE984534310180,Speicher Dinkelscherben - P22-217,Volleinspeisung,3000,86424,Augsburg,Dinkelscherben,NA,NA,Bayern,10.613372,48.337672,2025,NA,FALSE,Batterie,NA,NA
SEE949683286496,ABR973028189746,Stromspeichereinheit,SEE949683286496,Speicher Colbitz II - P23-206 - Inn23-2/029 - 3.000 kW,Volleinspeisung,3000,39326,Börde,Colbitz,NA,NA,Sachsen-Anhalt,11.612733,52.337252,2026,NA,FALSE,Batterie,NA,NA
SEE933372231157,ABR964413271108,Stromspeichereinheit,SEE933372231157,"Speicher Beratzhausen III - P23-025 - 4.000,00 kW Inn23-2/039",Volleinspeisung,4000,93176,Regensburg,Beratzhausen,NA,NA,Bayern,11.850423,49.149049,2026,NA,FALSE,Batterie,NA,NA
SEE917403814939,ABR940440356254,Stromspeichereinheit,NA,Speicher Bakum - P23-151,Volleinspeisung,2000,49456,Vechta,Bakum,NA,NA,Niedersachsen,8.18743,52.760226,2025,NA,FALSE,Batterie,NA,NA
SEE960417872129,ABR916301468374,Stromspeichereinheit,NA,Speicher Walsleben - P21-275,Volleinspeisung,2000,16818,Ostprignitz-Ruppin,Walsleben,NA,NA,Brandenburg,12.686608,52.943893,2026,NA,FALSE,Batterie,NA,NA
SEE992016833690,ABR982924706339,Stromspeichereinheit,SEE992016833690,Speicher Sappenfeld - P22-271 - 2.000 kW Inn23-2/035,Volleinspeisung,2000,85132,Eichstätt,Schernfeld,NA,NA,Bayern,11.146881,48.941599,2026,NA,FALSE,Batterie,NA,NA
SEE936876390009,ABR970975048409,Stromspeichereinheit,SEE936876390009,Speicher Hambergen - P21-149 - Inn23-2/033 - 2.000 kW,Volleinspeisung,2000,27729,Osterholz,Hambergen,NA,NA,Niedersachsen,8.812028,53.273833,2026,NA,FALSE,Batterie,NA,NA
SEE978289806845,ABR960180079954,Stromspeichereinheit,SEE978289806845,"Speicher Martinsheim - P23-148 - 4.000,00 kW Inn23-2/034",Volleinspeisung,4000,97340,Kitzingen,Martinsheim,NA,NA,Bayern,10.175776,49.60641,2026,NA,FALSE,Batterie,NA,NA
SEE971658562977,ABR985560393888,Stromspeichereinheit,SEE971658562977,Speicher Prosselsheim - P23-089 - 3.000 kW - Inn23-2/026,Volleinspeisung,3000,97279,Würzburg,Prosselsheim,NA,NA,Bayern,10.102511,49.858894,2026,NA,FALSE,Batterie,NA,NA
SEE930257157069,ABR915512098011,Stromspeichereinheit,SEE930257157069,"Speicher Altdorf bei Nürnberg II - P23-349 - BESS 5.000,00 kW Inn23-2/028",Volleinspeisung,5000,90518,Nürnberger Land,Altdorf,NA,NA,Bayern,11.419545,49.413608,2026,NA,FALSE,Batterie,NA,NA
SEE989669456239,ABR919237614525,Stromspeichereinheit,NA,Batteriespeicher Schneeberg,Volleinspeisung,2500,08289,Erzgebirgskreis,Schneeberg,Joseph-Haydn-Straße,5,Sachsen,12.648727,50.606617,2023,NA,FALSE,Batterie,NA,NA
SEE921117533901,ABR949619863210,Stromspeichereinheit,NA,Batteriespeicher SJM,Teileinspeisung (einschließlich Eigenverbrauch),2200,58256,Ennepe-Ruhr-Kreis,Ennepetal,Jacobstraße,41,Nordrhein-Westfalen,7.388988,51.296924,2024,NA,FALSE,Batterie,NA,NA
SEE920332685334,ABR902428166637,Stromspeichereinheit,SEE920332685334,PASM Großspeicher Hannover I (Intillion),Volleinspeisung,5400,30625,Region Hannover,Hannover,Neue-Land-Straße,6,Niedersachsen,9.799777,52.392921,2025,NA,FALSE,Batterie,NA,NA
SEE921509939243,ABR902428166637,Stromspeichereinheit,NA,PASM Großspeicher Bamberg I (Intillion),Volleinspeisung,5400,96050,Bamberg,Bamberg,Gutenbergstraße,13,Bayern,10.925901,49.883288,2024,NA,FALSE,Batterie,NA,NA
SEE982668250747,ABR978317570168,Stromspeichereinheit,NA,ECO POWER FOUR,Volleinspeisung,300000,54516,Bernkastel-Wittlich,Wittlich,NA,NA,Rheinland-Pfalz,6.921417,49.973056,2028,NA,FALSE,Batterie,NA,NA
SEE916532936024,ABR907042335667,Stromspeichereinheit,NA,Batteriespeicher Westfalen 1,Volleinspeisung,174240,59071,Hamm,Hamm,Siegenbeckstraße,10,Nordrhein-Westfalen,7.970723,51.682563,2024,NA,FALSE,Batterie,NA,NA
SEE993116568932,ABR907042335667,Stromspeichereinheit,NA,Batteriespeicher Neurath,Volleinspeisung,99000,41517,Rhein-Kreis Neuss,Grevenbroich,Energiestraße,101,Nordrhein-Westfalen,6.612286,51.037649,2025,NA,FALSE,Batterie,NA,NA
SEE968425507361,ABR903690099142,Stromspeichereinheit,NA,Batteriespeicher Gödenroth II,Volleinspeisung,1250,56290,Rhein-Hunsrück-Kreis,Gödenroth,An der Trift,NA,Rheinland-Pfalz,7.498412,50.086232,2018,NA,FALSE,Batterie,NA,NA
SEE969128758715,ABR910457324294,Stromspeichereinheit,NA,BESS Maisach Trading,Volleinspeisung,3000,82216,Fürstenfeldbruck,Maisach,NA,NA,Bayern,11.239558,48.216899,2023,NA,FALSE,Batterie,NA,NA
SEE930847992643,ABR902645313012,Stromspeichereinheit,NA,PES Ohrdruf,Volleinspeisung,10350,99885,Gotha,Ohrdruf,Hohenkirchener Straße,15,Thüringen,10.731221,50.833887,2024,NA,FALSE,Batterie,NA,NA
SEE933438588133,ABR988526864590,Stromspeichereinheit,SEE933438588133,CEC Haren Batteriespeicher,Teileinspeisung (einschließlich Eigenverbrauch),4000,49733,Emsland,Haren,NA,NA,Niedersachsen,7.177295,52.761005,2023,NA,FALSE,Batterie,NA,NA
SEE927387600947,ABR915068942295,Stromspeichereinheit,NA,Solarpark Rot an der Rot Speicher,Teileinspeisung (einschließlich Eigenverbrauch),2000,88430,Biberach,Rot,NA,NA,Baden-Württemberg,10.037084,47.957506,2026,NA,FALSE,Batterie,NA,NA
SEE983264343635,ABR985095029641,Stromspeichereinheit,NA,Schaper Grid Energy Storage Herford,Volleinspeisung,18100,32051,Herford,Herford,Füllenkamp,NA,Nordrhein-Westfalen,8.656149,52.13008,2022,NA,FALSE,Batterie,NA,NA
SEE967332608451,ABR949449053171,Stromspeichereinheit,NA,BESS - Batteriespeicher SchwörerHaus KG,Volleinspeisung,3780,72531,Reutlingen,Hohenstein,Hans-Schwörer-Straße,8,Baden-Württemberg,9.3317,48.32019,2024,NA,FALSE,Batterie,NA,NA
SEE993970035267,ABR949449053171,Stromspeichereinheit,SEE993970035267,BESS - Batteriespeicher,Teileinspeisung (einschließlich Eigenverbrauch),3780,72531,Reutlingen,Hohenstein,Hans-Schwörer-Straße,8,Baden-Württemberg,9.331587,48.325782,2024,NA,FALSE,Batterie,NA,NA
SEE939662192023,ABR987772819477,Stromspeichereinheit,NA,Windpark Reußenköge Batteriespeicher 1,Volleinspeisung,6400,25821,Nordfriesland,Reußenköge,NA,NA,Schleswig-Holstein,8.907433,54.614885,2024,NA,FALSE,Batterie,NA,NA
SEE931225490034,ABR936221867897,Stromspeichereinheit,NA,SMAREG7 Monheim,Volleinspeisung,12000,86653,Donau-Ries,Monheim,Am Sendle,22,Bayern,10.84099,48.8401,2024,NA,FALSE,Batterie,NA,NA
SEE909212211870,ABR904352940161,Stromspeichereinheit,NA,SMAREG6 Gunzenhausen,Volleinspeisung,32040,91710,Weißenburg-Gunzenhausen,Gunzenhausen,Richard-Stücklen-Strasse,9,Bayern,10.741444,49.109329,2024,NA,FALSE,Batterie,NA,NA
SEE912013538152,ABR987772819477,Stromspeichereinheit,NA,Windpark Reußenköge Batteriespeicher 2,Volleinspeisung,6400,25821,Nordfriesland,Reußenköge,NA,NA,Schleswig-Holstein,8.907433,54.614885,2024,NA,FALSE,Batterie,NA,NA
SEE958354990617,ABR965734942418,Stromspeichereinheit,NA,BES ELS,Volleinspeisung,20295,06729,Burgenlandkreis,Elsteraue,Dr.-Bergius-Straße,NA,Sachsen-Anhalt,12.198517,51.075162,2024,NA,FALSE,Batterie,NA,NA
SEE943600523558,ABR985302903962,Stromspeichereinheit,NA,BES NM,Volleinspeisung,24500,24536,Neumünster,Neumünster,Brüningsweg,33,Schleswig-Holstein,10.005266,54.083979,2024,NA,FALSE,Batterie,NA,NA
SEE935182282947,ABR901431919438,Stromspeichereinheit,SEE935182282947,Göpfert Speicher,Teileinspeisung (einschließlich Eigenverbrauch),1200,97353,Kitzingen,Wiesentheid,Industriestraße,9,Bayern,10.332978,49.784245,2023,NA,FALSE,Batterie,NA,NA
SEE931269878324,ABR937435410039,Stromspeichereinheit,NA,Speicher Lohrmannshof Inn24-1-045,Volleinspeisung,6800,85132,Eichstätt,Schernfeld,NA,NA,Bayern,11.08047,48.95328,2026,NA,FALSE,Batterie,NA,NA
SEE917452204415,ABR948632491394,Stromspeichereinheit,NA,ECO POWER TWO,Volleinspeisung,103000,24850,Schleswig-Flensburg,Schuby,NA,NA,Schleswig-Holstein,9.4381,54.5204,2026,NA,FALSE,Batterie,NA,NA
SEE958152625766,ABR986790696589,Stromspeichereinheit,NA,Speicher Altenschwand,Volleinspeisung,4981,92439,Schwandorf,Bodenwöhr,NA,NA,Bayern,12.2392,49.287,2026,NA,FALSE,Batterie,NA,NA
SEE935177558965,ABR986790696589,Stromspeichereinheit,NA,Speicher Dettenschwang,Volleinspeisung,2380,86911,Landsberg am Lech,Dießen,NA,NA,Bayern,11.01182,47.96035,2026,NA,FALSE,Batterie,NA,NA
SEE934671907118,ABR964569771910,Stromspeichereinheit,SEE934671907118,Arnsdorf - BESS,Volleinspeisung,4064,92345,Neumarkt i.d. OPf.,Dietfurt,NA,NA,Bayern,11.58362,49.00028,2026,NA,FALSE,Batterie,NA,NA
SEE939416043052,ABR903837623278,Stromspeichereinheit,NA,Speicher Beilrode II - Teilanlage 2 (Inn24-1-047),Volleinspeisung,4080,04886,Nordsachsen,Beilrode,NA,NA,Sachsen,13.10339,51.57219,2027,NA,FALSE,Batterie,NA,NA
SEE914313759794,ABR967085125366,Stromspeichereinheit,NA,Batteriespeicher am DHE Dinslaken,Volleinspeisung,6960,46535,Wesel,Dinslaken,Thyssenstraße,153,Nordrhein-Westfalen,6.752518,51.55659,2025,NA,FALSE,Batterie,NA,NA
SEE939073368772,ABR901281177927,Stromspeichereinheit,NA,SFK Speicher,Volleinspeisung,1472,93186,Regensburg,Pettendorf,NA,NA,Bayern,12.030649,49.034703,2024,NA,FALSE,Batterie,NA,NA
SEE919013786194,ABR933776283783,Stromspeichereinheit,NA,Batteriespeicher Owschlag,Volleinspeisung,3000,24811,Rendsburg-Eckernförde,Owschlag,NA,NA,Schleswig-Holstein,9.646386,54.399119,2026,NA,FALSE,Batterie,NA,NA
SEE906076904238,ABR918889631058,Stromspeichereinheit,NA,Speicher Körbelitz I,Teileinspeisung (einschließlich Eigenverbrauch),3480,39175,Jerichower Land,Körbelitz,NA,NA,Sachsen-Anhalt,11.775671000000001,52.173401,2024,NA,FALSE,Batterie,NA,NA
SEE965903085878,ABR979859092910,Stromspeichereinheit,NA,Speicher Greußen,Volleinspeisung,3000,99718,Kyffhäuserkreis,Greußen,Grüninger Straße,1,Thüringen,10.955026,51.231252,2024,NA,FALSE,Batterie,NA,NA
SEE998246318181,ABR998428468130,Stromspeichereinheit,NA,Stromspeicher Seißen,Volleinspeisung,5000,89143,Alb-Donau-Kreis,Blaubeuren,NA,NA,Baden-Württemberg,9.742383,48.442076,2026,NA,FALSE,Batterie,NA,NA
SEE966483048338,ABR925006465137,Stromspeichereinheit,NA,PV 2024 Speicher,Volleinspeisung,2032,78357,Konstanz,Mühlingen,NA,NA,Baden-Württemberg,9.032596,47.911489,2026,NA,FALSE,Batterie,NA,NA
SEE969990307462,ABR950993882858,Stromspeichereinheit,NA,Solarpark Leer,Volleinspeisung,2400,26789,Leer,Leer,Im Hochmoor,NA,Niedersachsen,7.488787,53.269057,2025,NA,FALSE,Batterie,NA,NA
SEE964198735277,ABR963150956514,Stromspeichereinheit,SEE964198735277,Speicher Polt III 5.000 kW(Teil 1),Volleinspeisung,5000,19376,Ludwigslust-Parchim,Ruhner Berge,NA,NA,Mecklenburg-Vorpommern,11.830131,53.34552,2025,NA,FALSE,Batterie,NA,NA
SEE913338589386,ABR924960521125,Stromspeichereinheit,NA,Batterie Gunzenhof,Volleinspeisung,1334,92366,Neumarkt i.d. OPf.,Hohenfels,NA,NA,Bayern,11.84147,49.159602,2027,NA,FALSE,Batterie,NA,NA
SEE921411528078,ABR914840906388,Stromspeichereinheit,NA,Batterie Otterzhofen NordOst,Volleinspeisung,1267,93339,Kelheim,Riedenburg,NA,NA,Bayern,11.698816,49.00818,2027,NA,FALSE,Batterie,NA,NA
SEE950813721336,ABR924556367991,Stromspeichereinheit,SEE950813721336,SpeicherFredenbeck5472,Volleinspeisung,2000,21717,Stade,Fredenbeck,Eschhorn,1-1,Niedersachsen,9.372538,53.515937,2026,NA,FALSE,Batterie,NA,NA
SEE901523079712,ABR902428448054,Stromspeichereinheit,NA,SMAREG8 Calbe,Volleinspeisung,20500,39240,Salzlandkreis,Calbe,Barbyer Chaussee,NA,Sachsen-Anhalt,11.797483,51.924572,2024,NA,FALSE,Batterie,NA,NA
SEE905757464016,ABR914375207509,Stromspeichereinheit,NA,Batteriespeicher Sonnenwende Busdorf,Volleinspeisung,1500,24866,Schleswig-Flensburg,Busdorf,Am Königshügel,4,Schleswig-Holstein,9.549445,54.477055,2026,NA,FALSE,Batterie,NA,NA
SEE940602804401,ABR983762908664,Stromspeichereinheit,NA,Solarpark Schernikau 15 GmbH Batterie,Volleinspeisung,2500,39628,Stendal,Bismark,NA,NA,Sachsen-Anhalt,11.395421,52.822438,2026,NA,FALSE,Batterie,NA,NA
SEE982744743101,ABR968659874277,Stromspeichereinheit,NA,Solarpark Münchham 51 GmbH Batterie,Volleinspeisung,6200,94140,Rottal-Inn,Ering,NA,NA,Bayern,13.134735,48.333245,2025,NA,FALSE,Batterie,NA,NA
SEE915526861069,ABR932198268156,Stromspeichereinheit,NA,Frankfurt Oder West 1.1 Speicher,Volleinspeisung,4800,15234,Frankfurt (Oder),Frankfurt,NA,NA,Brandenburg,14.470091,52.322583,2026,NA,FALSE,Batterie,NA,NA
SEE959339286367,ABR940590301456,Stromspeichereinheit,NA,Elmenhorst Speicher,Volleinspeisung,4400,18510,Vorpommern-Rügen,Elmenhorst,NA,NA,Mecklenburg-Vorpommern,13.080915,54.222091,2026,NA,FALSE,Batterie,NA,NA
SEE923525733690,ABR994481451492,Stromspeichereinheit,NA,Weede Speicher,Volleinspeisung,5800,23795,Segeberg,Weede,NA,NA,Schleswig-Holstein,10.351996,53.920718,2026,NA,FALSE,Batterie,NA,NA
SEE924923815544,ABR989728844076,Stromspeichereinheit,NA,Klein Schönwalde Speicher,Volleinspeisung,4800,17498,Vorpommern-Greifswald,Weitenhagen,NA,NA,Mecklenburg-Vorpommern,13.414036,54.066688,2026,NA,FALSE,Batterie,NA,NA
SEE942088280779,ABR952694277919,Stromspeichereinheit,NA,Papendorf Speicher,Volleinspeisung,6800,17309,Vorpommern-Greifswald,Papendorf,NA,NA,Mecklenburg-Vorpommern,13.927374,53.485666,2026,NA,FALSE,Batterie,NA,NA
SEE902707065057,ABR906427447049,Stromspeichereinheit,NA,Speicher Kunzbauern-Feld,Volleinspeisung,1409,93339,Kelheim,Riedenburg,NA,NA,Bayern,11.747913,48.975481,2026,NA,FALSE,Batterie,NA,NA
SEE901873131559,ABR923885538072,Stromspeichereinheit,SEE901873131559,Stromspeicher Unterwendling,Volleinspeisung,1700,83379,Traunstein,Wonneberg,NA,NA,Bayern,12.716591,47.906261,2025,NA,FALSE,Batterie,NA,NA
SEE902070793007,ABR947523362188,Stromspeichereinheit,SEE902070793007,Geschendorf Speicher,Volleinspeisung,7668,23815,Segeberg,Geschendorf,NA,NA,Schleswig-Holstein,10.434488,53.925815,2026,NA,FALSE,Batterie,NA,NA
SEE961121249313,ABR990968760699,Stromspeichereinheit,NA,MJ6. Untere Hub Speicher,Volleinspeisung,7750,94554,Deggendorf,Moos,Burgstall,2,Bayern,12.972298,48.726867,2026,NA,FALSE,Batterie,NA,NA
SEE999434890212,ABR939517505596,Stromspeichereinheit,NA,Brinkum 1 Speicher,Volleinspeisung,6800,26835,Leer,Brinkum,NA,NA,Niedersachsen,7.584986,53.25775,2026,NA,FALSE,Batterie,NA,NA
SEE959642628977,ABR927989910574,Stromspeichereinheit,NA,Schülldorf Speicher,Volleinspeisung,5000,24790,Rendsburg-Eckernförde,Schülldorf,NA,NA,Schleswig-Holstein,9.760918,54.298378,2026,NA,FALSE,Batterie,NA,NA
SEE930406313285,ABR924975054830,Stromspeichereinheit,NA,"Batteriespeicher Hirschbach 1,8 MW",Volleinspeisung,1800,92275,Amberg-Sulzbach,Hirschbach,NA,NA,Bayern,11.606064,49.585123,2026,NA,FALSE,Batterie,NA,NA
SEE904812453767,ABR951133395542,Stromspeichereinheit,SEE904812453767,Speicher Solarpark Waffenbrunn 1200 kW,Volleinspeisung,1200,93494,Cham,Waffenbrunn,NA,NA,Bayern,12.646946,49.264542,2025,NA,FALSE,Batterie,NA,NA
SEE912896986712,ABR910091337148,Stromspeichereinheit,SEE912896986712,Inno BESS Hallbergmoos,Teileinspeisung (einschließlich Eigenverbrauch),4000,85399,Freising,Hallbergmoos,NA,NA,Bayern,11.725174,48.336284,2025,NA,FALSE,Batterie,NA,NA
SEE931990988538,ABR971164213813,Stromspeichereinheit,SEE931990988538,Inno BESS Brunnthal,Teileinspeisung (einschließlich Eigenverbrauch),2400,85649,München,Brunnthal,NA,NA,Bayern,11.669333,48.030372,2025,NA,FALSE,Batterie,NA,NA
SEE998912493204,ABR980626284179,Stromspeichereinheit,NA,Inno BESS Maisach West,Volleinspeisung,3200,82216,Fürstenfeldbruck,Maisach,NA,NA,Bayern,11.239759,48.219501,2026,NA,FALSE,Batterie,NA,NA
SEE955376395222,ABR935454212412,Stromspeichereinheit,NA,Speicher Hörbach Falteräcker,Volleinspeisung,1600,82278,Fürstenfeldbruck,Althegnenberg,NA,NA,Bayern,11.08492,48.22751,2025,NA,FALSE,Batterie,NA,NA
SEE946207548719,ABR975539904429,Stromspeichereinheit,NA,Energiepark Eggesin Speicher,Volleinspeisung,3268,17367,Vorpommern-Greifswald,Eggesin,Stettiner Landstr.,NA,Mecklenburg-Vorpommern,14.120511,53.666243,2026,NA,FALSE,Batterie,NA,NA
SEE953260746648,ABR990975340211,Stromspeichereinheit,SEE953260746648,Batteriespeicher Böhmreut,Volleinspeisung,2032,94104,Passau,Tittling,NA,NA,Bayern,13.391565,48.752427,2026,NA,FALSE,Batterie,NA,NA
SEE918110610098,ABR966756942882,Stromspeichereinheit,SEE918110610098,SP Möringen II PVA8 Speicher,Volleinspeisung,2556,39576,Stendal,Stendal,NA,NA,Sachsen-Anhalt,11.76828,52.58135,2025,NA,FALSE,Batterie,NA,NA
SEE986273261426,ABR949747616238,Stromspeichereinheit,NA,P22-218 Solarpark Beilngries-Arnbuch - Speicher,Volleinspeisung,2000,92339,Eichstätt,Beilngries,NA,NA,Bayern,11.544413,48.972237,2027,NA,FALSE,Batterie,NA,NA
SEE928823491136,ABR996212388879,Stromspeichereinheit,NA,P22-504 Solarpark Beilngries-Kirchbuch - Speicher,Volleinspeisung,3120,92339,Eichstätt,Beilngries,NA,NA,Bayern,11.513101,48.967836,2027,NA,FALSE,Batterie,NA,NA
SEE936362340648,ABR944820491054,Stromspeichereinheit,NA,P23-567 Solarpark Sparneck - Speicher,Volleinspeisung,4000,95234,Hof,Sparneck,NA,NA,Bayern,11.829858,50.156966,2027,NA,FALSE,Batterie,NA,NA
SEE909655122832,ABR970003145278,Stromspeichereinheit,NA,P23-018 Solarpark Gachenbach - Speicher,Volleinspeisung,3120,86565,Neuburg-Schrobenhausen,Gachenbach,NA,NA,Bayern,11.230389,48.518766,2025,NA,FALSE,Batterie,NA,NA
SEE955103697742,ABR922894625520,Stromspeichereinheit,NA,P23-328 Solarpark Karlskron IV - Speicher,Volleinspeisung,3120,85123,Neuburg-Schrobenhausen,Karlskron,NA,NA,Bayern,11.388721,48.65566,2027,NA,FALSE,Batterie,NA,NA
SEE936435018733,ABR909584132094,Stromspeichereinheit,SEE936435018733,P23-408 Solarpark Parsberg V - 3.000 kW Inn24-1/036 BESS,Volleinspeisung,3000,92331,Neumarkt i.d. OPf.,Parsberg,NA,NA,Bayern,11.679099,49.19457,2026,NA,FALSE,Batterie,NA,NA
SEE990451468248,ABR964731215914,Stromspeichereinheit,NA,Stromspeicher 1.740 kW,Teileinspeisung (einschließlich Eigenverbrauch),1740,95163,Wunsiedel i. Fichtelgebirge,Weißenstadt,Sparnecker Straße,1,Bayern,11.887701,50.10878,2025,NA,FALSE,Batterie,NA,NA
SEE965799757125,ABR912026099350,Stromspeichereinheit,SEE965799757125,Speicher Jerchel West - Teilanlage 2,Volleinspeisung,6160,14715,Havelland,Milower Land,NA,NA,Brandenburg,12.31941,52.4785,2025,NA,FALSE,Batterie,NA,NA
SEE999051917675,ABR912026099350,Stromspeichereinheit,SEE999051917675,Speicher Jerchel West - Teilanlage 3,Volleinspeisung,6160,14715,Havelland,Milower Land,NA,NA,Brandenburg,12.31948,52.47849,2025,NA,FALSE,Batterie,NA,NA
SEE957886026795,ABR912026099350,Stromspeichereinheit,SEE957886026795,Speicher Gebot 3,Volleinspeisung,3808,14715,Havelland,Milower Land,NA,NA,Brandenburg,12.33802,52.46114,2027,NA,FALSE,Batterie,NA,NA
SEE924578989171,ABR912026099350,Stromspeichereinheit,SEE924578989171,Speicher Gebot 4,Volleinspeisung,5712,14715,Havelland,Milower Land,NA,NA,Brandenburg,12.33802,52.46114,2027,NA,FALSE,Batterie,NA,NA
SEE964247284619,ABR986790696589,Stromspeichereinheit,SEE964247284619,Speicher Gebot InnAus,Volleinspeisung,6800,06780,Anhalt-Bitterfeld,Zörbig,NA,NA,Sachsen-Anhalt,12.07409,51.60297,2027,NA,FALSE,Batterie,NA,NA
SEE997256744171,ABR988208989320,Stromspeichereinheit,NA,ECO Battery 3 - Trading Egling,Volleinspeisung,3000,82544,Bad Tölz-Wolfratshausen,Egling,NA,NA,Bayern,11.488915,47.923851,2024,NA,FALSE,Batterie,NA,NA
SEE939346315557,ABR903837623278,Stromspeichereinheit,SEE939346315557,Speicher Beilrode I - Teilanlage 5,Volleinspeisung,6160,04886,Nordsachsen,Beilrode,NA,NA,Sachsen,13.090721,51.573939,2025,NA,FALSE,Batterie,NA,NA
SEE900310540558,ABR903837623278,Stromspeichereinheit,SEE900310540558,Speicher Beilrode I - Teilanlage 6,Volleinspeisung,6160,04886,Nordsachsen,Beilrode,NA,NA,Sachsen,13.087783,51.566173,2025,NA,FALSE,Batterie,NA,NA
SEE955678229164,ABR949032207394,Stromspeichereinheit,NA,Busbetriebshof Alsterdorf Batteriespeicher,Teileinspeisung (einschließlich Eigenverbrauch),4000,22297,Hamburg,Hamburg,Tessenowweg,2,Hamburg,10.0313,53.60966,2024,NA,FALSE,Batterie,NA,NA
SEE959751889641,ABR962763603907,Stromspeichereinheit,NA,Am Fuchsenacker 2 - Batteriespeicher 1,Volleinspeisung,1300,97877,Main-Tauber-Kreis,Wertheim,Am Fuchsenacker,2,Baden-Württemberg,9.58557,49.77255,2024,NA,FALSE,Batterie,NA,NA
SEE958348383814,ABR962763603907,Stromspeichereinheit,NA,Am Fuchsenacker 2 - Batteriespeicher 2,Volleinspeisung,1300,97877,Main-Tauber-Kreis,Wertheim,Am Fuchsenacker,2,Baden-Württemberg,9.58557,49.77255,2025,NA,FALSE,Batterie,NA,NA
SEE924266023187,ABR971512129636,Stromspeichereinheit,NA,stationärer Batteriespeicher Porsche Leipzig GmbH BT267,Teileinspeisung (einschließlich Eigenverbrauch),5000,04158,Leipzig,Leipzig,Porschestraße,1,Sachsen,12.295435,51.409943,2024,NA,FALSE,Batterie,NA,NA
SEE916041421592,ABR917063786638,Stromspeichereinheit,NA,NUKAspeicher,Volleinspeisung,1718,87448,Oberallgäu,Waltenhofen,Veits,13,Bayern,10.318823,47.68367,2024,NA,FALSE,Batterie,NA,NA
SEE964441765907,ABR945031589912,Stromspeichereinheit,SEE964441765907,Speicher 1 der Freiflächenanlage Deponie Edesheim,Volleinspeisung,1900,67483,Südliche Weinstraße,Edesheim,In den Wiesen,1,Rheinland-Pfalz,8.145555,49.249722,2025,NA,FALSE,Batterie,NA,NA
SEE992160397383,ABR946005608509,Stromspeichereinheit,NA,BESS MLH R (Batteriespeicher),Teileinspeisung (einschließlich Eigenverbrauch),3000,45478,Mülheim an der Ruhr,Mülheim,Rheinstraße,100,Nordrhein-Westfalen,6.84702,51.437835,2023,NA,FALSE,Batterie,NA,NA
SEE905867758128,ABR946269317469,Stromspeichereinheit,NA,"SIMONA BEES 2,5MW - Batteriespeicher",Teileinspeisung (einschließlich Eigenverbrauch),2500,55606,Bad Kreuznach,Kirn,Teichweg,16,Rheinland-Pfalz,7.457122,49.785049,2024,NA,FALSE,Batterie,NA,NA
SEE920118416138,ABR927397646904,Stromspeichereinheit,SEE920118416138,Speicher Steyerberg,Volleinspeisung,9900,31595,Nienburg (Weser),Steyerberg,NA,NA,Niedersachsen,9.05207,52.56365,2026,NA,FALSE,Batterie,NA,NA
SEE987431751018,ABR928481388199,Stromspeichereinheit,SEE987431751018,BS Glasewitz,Volleinspeisung,5500,18276,Rostock,Glasewitz,NA,NA,Mecklenburg-Vorpommern,12.303737,53.820361,2026,NA,FALSE,Batterie,NA,NA
SEE933228415922,ABR907009264450,Stromspeichereinheit,SEE933228415922,Energiepark Brandl eGbR,Volleinspeisung,2236,94065,Freyung-Grafenau,Waldkirchen,NA,NA,Bayern,13.550266,48.735733,2026,NA,FALSE,Batterie,NA,NA
SEE940179653112,ABR959959480589,Stromspeichereinheit,SEE940179653112,Photovoltaik-Speicher-Kraftwerk Waizendorf,Volleinspeisung,2734,91639,Ansbach,Wolframs-Eschenbach,NA,NA,Bayern,10.701528,49.219953,2026,NA,FALSE,Batterie,NA,NA
SEE953871207675,ABR978533633029,Stromspeichereinheit,SEE953871207675,Höllfeld Solarpark Eppishausen Speicher,Volleinspeisung,5100,87745,Unterallgäu,Eppishausen,NA,NA,Bayern,10.53627,48.1803,2026,NA,FALSE,Batterie,NA,NA
SEE995199870315,ABR941817334103,Stromspeichereinheit,SEE995199870315,Batterie Schönfeld,Volleinspeisung,2500,97950,Main-Tauber-Kreis,Großrinderfeld,NA,NA,Baden-Württemberg,9.77829,49.677226,2027,NA,FALSE,Batterie,NA,NA
SEE954144885392,ABR928046553604,Stromspeichereinheit,SEE954144885392,Speicher Solarpark Zapel,Volleinspeisung,6670,10117,Berlin,Berlin,Friedrichstraße,200,Berlin,11.689482,53.555267,2027,NA,FALSE,Batterie,NA,NA
SEE980278967635,ABR934358045072,Stromspeichereinheit,SEE980278967635,Sturmwind 2.1,Volleinspeisung,5000,23843,Stormarn,Rümpel,Ruhmwiese,NA,Schleswig-Holstein,10.358863,53.781028,2026,NA,FALSE,Batterie,NA,NA
SEE904434353421,ABR905147749402,Stromspeichereinheit,SEE904434353421,Batteriespeicher Jagel,Volleinspeisung,10080,24878,Schleswig-Flensburg,Jagel,NA,NA,Schleswig-Holstein,9.556775,54.460841,2026,NA,FALSE,Batterie,NA,NA
SEE969767803531,ABR997653303124,Stromspeichereinheit,SEE969767803531,Speicher Elsterheide,Volleinspeisung,6700,02979,Bautzen,Elsterheide,NA,NA,Sachsen,14.210472,51.476545,2026,NA,FALSE,Batterie,NA,NA
SEE958767120144,ABR908837997749,Stromspeichereinheit,SEE958767120144,Batteriespeicher Dehnsen - Wohlenbüttel,Volleinspeisung,6000,21385,Lüneburg,Oldendorf,NA,NA,Niedersachsen,10.181394,53.14032,2026,NA,FALSE,Batterie,NA,NA
SEE906749239827,ABR927157249000,Stromspeichereinheit,SEE906749239827,Stromspeicher Jesow,Volleinspeisung,25000,19260,Ludwigslust-Parchim,Vellahn,NA,NA,Mecklenburg-Vorpommern,11.01659,53.389265,2026,NA,FALSE,Batterie,NA,NA
SEE967231092726,ABR901425457243,Stromspeichereinheit,SEE967231092726,Speicher Lübbenau AK 1,Volleinspeisung,6700,03222,Oberspreewald-Lausitz,Lübbenau,NA,NA,Brandenburg,13.903499,51.864779,2024,NA,FALSE,Batterie,NA,NA
SEE961037170008,ABR968973170932,Stromspeichereinheit,SEE961037170008,Speicher Laubst AK 1,Volleinspeisung,7000,03116,Spree-Neiße,Drebkau,NA,NA,Brandenburg,14.242616,51.668723,2027,NA,FALSE,Batterie,NA,NA
SEE946705157512,ABR938933890415,Stromspeichereinheit,SEE946705157512,PV Anlage Öhringen Speicher,Volleinspeisung,4400,74613,Hohenlohekreis,Öhringen,NA,NA,Baden-Württemberg,9.563287,49.217846,2026,NA,FALSE,Batterie,NA,NA
SEE944368932064,ABR902102537357,Stromspeichereinheit,SEE944368932064,BESS Sachsenkam,Volleinspeisung,1400,83679,Bad Tölz-Wolfratshausen,Sachsenkam,NA,NA,Bayern,11.624235,47.805086,2026,NA,FALSE,Batterie,NA,NA
SEE923303931591,ABR909977513639,Stromspeichereinheit,SEE923303931591,Agri-PV Johanniskirchen Innovationsspeicher,Volleinspeisung,6000,84381,Rottal-Inn,Johanniskirchen,Oberstadl,1,Bayern,12.898011,48.531602,2026,NA,FALSE,Batterie,NA,NA
SEE945321359423,ABR960531830388,Stromspeichereinheit,SEE945321359423,BESS-Brönnhof,Volleinspeisung,5700,97532,Schweinfurt,Üchtelhausen,NA,NA,Bayern,10.229713,50.11831,2027,NA,FALSE,Batterie,NA,NA
SEE931696603735,ABR930827444711,Stromspeichereinheit,SEE931696603735,Speicher PV Haselbach Nord,Volleinspeisung,2500,87745,Unterallgäu,Eppishausen,NA,NA,Bayern,10.49785,48.19754,2026,NA,FALSE,Batterie,NA,NA
SEE920698449090,ABR951619854730,Stromspeichereinheit,SEE920698449090,Speicher Buchloe,Volleinspeisung,2500,86807,Ostallgäu,Buchloe,NA,NA,Bayern,10.70197,48.01419,2026,NA,FALSE,Batterie,NA,NA
SEE948648168310,ABR901425457243,Stromspeichereinheit,SEE948648168310,Speicher Lübbenau AK 2,Volleinspeisung,3000,03222,Oberspreewald-Lausitz,Lübbenau,NA,NA,Brandenburg,13.90543,51.860857,2026,NA,FALSE,Batterie,NA,NA
SEE970308490462,ABR901425457243,Stromspeichereinheit,SEE970308490462,Speicher Lübbenau AK 3,Volleinspeisung,6600,03222,Oberspreewald-Lausitz,Lübbenau,NA,NA,Brandenburg,13.91058,51.855529,2026,NA,FALSE,Batterie,NA,NA
SEE900285844309,ABR938933890415,Stromspeichereinheit,SEE900285844309,Solarpark Wangen im Allgäu Speicher,Volleinspeisung,2200,88239,Ravensburg,Wangen,NA,NA,Baden-Württemberg,9.789481,47.688507,2026,NA,FALSE,Batterie,NA,NA
SEE949202795522,ABR955646497762,Stromspeichereinheit,SEE949202795522,BESS Reichertshofen,Volleinspeisung,1789,85084,Pfaffenhofen a.d. Ilm,Reichertshofen,NA,NA,Bayern,11.485222,48.658813,2026,NA,FALSE,Batterie,NA,NA
SEE946354761283,ABR909054335185,Stromspeichereinheit,SEE946354761283,BAT-HUNG-6020,Volleinspeisung,3629.73,56281,Rhein-Hunsrück-Kreis,Hungenroth,NA,NA,Rheinland-Pfalz,7.59702,50.149303,2026,NA,FALSE,Batterie,NA,NA
SEE929961557869,ABR905733718867,Stromspeichereinheit,SEE929961557869,PV-Park Fuchsgrube Speicher,Volleinspeisung,3700,89352,Günzburg,Ellzee,NA,NA,Bayern,10.298094,48.322311,2025,NA,FALSE,Batterie,NA,NA
SEE995498999885,ABR987534406877,Stromspeichereinheit,SEE995498999885,Lübbenau - Speicher,Volleinspeisung,3000,03222,Oberspreewald-Lausitz,Lübbenau,NA,NA,Brandenburg,13.9796,51.835532,2026,NA,FALSE,Batterie,NA,NA
SEE995000951387,ABR909568983049,Stromspeichereinheit,SEE995000951387,Speicher Sengenthal 2800 kW,Volleinspeisung,2800,92369,Neumarkt i.d. OPf.,Sengenthal,NA,NA,Bayern,11.398004,49.217793,2026,NA,FALSE,Batterie,NA,NA
SEE950334441102,ABR907506602984,Stromspeichereinheit,SEE950334441102,Theilheim Speicher BA III Ino,Volleinspeisung,3000,97288,Würzburg,Theilheim,NA,NA,Bayern,10.0561,49.75832,2025,NA,FALSE,Batterie,NA,NA
SEE956137155369,ABR935192224425,Stromspeichereinheit,SEE956137155369,Basepohl Inno Speicher,Volleinspeisung,1876,17153,Mecklenburgische Seenplatte,Stavenhagen,NA,NA,Mecklenburg-Vorpommern,12.91002,53.72126,2026,NA,FALSE,Batterie,NA,NA
SEE917983777723,ABR952075325055,Stromspeichereinheit,SEE917983777723,Solar-Speicher-Kraftwerk Gutengermendorf I,Volleinspeisung,4128,16775,Oberhavel,Löwenberger Land,NA,NA,Brandenburg,13.176406,52.94958,2026,NA,FALSE,Batterie,NA,NA
SEE932637272065,ABR952075325055,Stromspeichereinheit,SEE932637272065,Solar-Speicher-Kraftwerk Gutengermendorf II,Volleinspeisung,4132,16775,Oberhavel,Löwenberger Land,NA,NA,Brandenburg,13.176406,52.94958,2026,NA,FALSE,Batterie,NA,NA
SEE912155078967,ABR963150956514,Stromspeichereinheit,SEE912155078967,"GG III 8.111,04 kWp (Teil I) Speicher",Volleinspeisung,3000,19372,Ludwigslust-Parchim,Groß Godems,NA,NA,Mecklenburg-Vorpommern,11.813595,53.3503,2025,NA,FALSE,Batterie,NA,NA
SEE970821371422,ABR935192224425,Stromspeichereinheit,SEE970821371422,Beselin I,Volleinspeisung,3000,18196,Rostock,Dummerstorf,NA,NA,Mecklenburg-Vorpommern,12.199068,54.053388,2026,NA,FALSE,Batterie,NA,NA
SEE942762388616,ABR901369586290,Stromspeichereinheit,SEE942762388616,Bereich Süd Speicher,Volleinspeisung,5200,17213,Mecklenburgische Seenplatte,Malchow,NA,NA,Mecklenburg-Vorpommern,12.387244,53.493007,2025,NA,FALSE,Batterie,NA,NA
SEE921668391081,ABR901369586290,Stromspeichereinheit,SEE921668391081,Bereich Nord Speicher,Volleinspeisung,6500,17213,Mecklenburgische Seenplatte,Malchow,NA,NA,Mecklenburg-Vorpommern,12.3857,53.494327,2025,NA,FALSE,Batterie,NA,NA
SEE993172246942,ABR963150956514,Stromspeichereinheit,SEE993172246942,Speicher Polt III  (Teil 2),Volleinspeisung,4000,19376,Ludwigslust-Parchim,Ruhner Berge,NA,NA,Mecklenburg-Vorpommern,11.833117,53.345173,2025,NA,FALSE,Batterie,NA,NA
SEE918093565491,ABR963150956514,Stromspeichereinheit,SEE918093565491,Speicher GG III (Teil 2),Volleinspeisung,7000,19372,Ludwigslust-Parchim,Groß Godems,NA,NA,Mecklenburg-Vorpommern,11.806735,53.351223,2025,NA,FALSE,Batterie,NA,NA
SEE960710082959,ABR937435410039,Stromspeichereinheit,SEE960710082959,Speicher Lohrmannshof Inn24-2-152,Volleinspeisung,3060,85132,Eichstätt,Schernfeld,NA,NA,Bayern,11.07892,48.95348,2027,NA,FALSE,Batterie,NA,NA
SEE913676481137,ABR977618448695,Stromspeichereinheit,SEE913676481137,TEP Flora GmbH ＆ Co KG (Speicher),Volleinspeisung,18400,14797,Potsdam-Mittelmark,Kloster Lehnin,NA,NA,Brandenburg,12.806326,52.34999,2026,NA,FALSE,Batterie,NA,NA
SEE937931183444,ABR941807947283,Stromspeichereinheit,SEE937931183444,PV Lawitz Batterie,Volleinspeisung,9800,15898,Oder-Spree,Lawitz,NA,NA,Brandenburg,14.641998,52.114287,2026,NA,FALSE,Batterie,NA,NA
SEE970668457754,ABR924556367991,Stromspeichereinheit,SEE970668457754,SpeicherFredenbeck23414,Volleinspeisung,4000,21717,Stade,Fredenbeck,Eschhorn,1-1,Niedersachsen,9.357753,53.512229,2026,NA,FALSE,Batterie,NA,NA
SEE968876748832,ABR916115096862,Stromspeichereinheit,NA,BESS Manheimer Bucht 1,Volleinspeisung,40000,50170,Rhein-Erft-Kreis,Kerpen,NA,NA,Nordrhein-Westfalen,6.59603,50.894766,2026,NA,FALSE,Batterie,NA,NA
SEE935322911287,ABR940365157189,Stromspeichereinheit,SEE935322911287,TEP Vesta GmbH ＆ Co KG (Speicher),Volleinspeisung,22563,19372,Ludwigslust-Parchim,Rom,NA,NA,Mecklenburg-Vorpommern,11.953564,53.457685,2026,NA,FALSE,Batterie,NA,NA
SEE983207682227,ABR911599361659,Stromspeichereinheit,SEE983207682227,Speicher-Leimersdorf,Volleinspeisung,12000,53501,Ahrweiler,Grafschaft,Landeskroner Straße,900Z,Rheinland-Pfalz,7.122327,50.588158,2026,NA,FALSE,Batterie,NA,NA
SEE922526916453,ABR936825915031,Stromspeichereinheit,SEE922526916453,Speicher PV1,Teileinspeisung (einschließlich Eigenverbrauch),1550,88471,Biberach,Laupheim,NA,NA,Baden-Württemberg,9.860114,48.259433,2026,NA,FALSE,Batterie,NA,NA
SEE930000992411,ABR918799912353,Stromspeichereinheit,SEE930000992411,Batteriespeicher Solaranlage Adorf,Volleinspeisung,4800,08626,Vogtlandkreis,Adorf,Sorger Straße,NA,Sachsen,12.271942,50.320066,2025,NA,FALSE,Batterie,NA,NA
SEE984302610108,ABR998210899609,Stromspeichereinheit,SEE984302610108,Batteriespeicher Gardessen II,Volleinspeisung,3100,38162,Wolfenbüttel,Cremlingen,NA,NA,Niedersachsen,10.701526,52.269313,2026,NA,FALSE,Batterie,NA,NA
SEE910033689748,ABR924410946720,Stromspeichereinheit,SEE910033689748,Stromspeicher – Bad Orb,Volleinspeisung,13416,63619,Main-Kinzig-Kreis,Bad Orb,NA,NA,Hessen,9.306136,50.241044,2026,NA,FALSE,Batterie,NA,NA
SEE950332558314,ABR949624102779,Stromspeichereinheit,SEE950332558314,Stromspeicher Bürger-PV Göritzberg,Volleinspeisung,2200,07616,Saale-Holzland-Kreis,Bürgel,NA,NA,Thüringen,11.796017,50.956099,2026,NA,FALSE,Batterie,NA,NA
SEE961881700802,ABR914916223012,Stromspeichereinheit,SEE961881700802,Solarpark Ottowind Speicher,Volleinspeisung,3450,96484,Coburg,Meeder,NA,NA,Bayern,10.881763,50.348645,2025,NA,FALSE,Batterie,NA,NA
SEE906076976549,ABR903284624705,Stromspeichereinheit,SEE906076976549,Felde 3 Speicher,Volleinspeisung,6800,24242,Rendsburg-Eckernförde,Felde,NA,NA,Schleswig-Holstein,9.899498,54.314599,2026,NA,FALSE,Batterie,NA,NA
SEE932302721829,ABR913695116027,Stromspeichereinheit,SEE932302721829,Hohwacht Schmiedendorf 2 Speicher,Volleinspeisung,5200,24321,Plön,Hohwacht,NA,NA,Schleswig-Holstein,10.606043,54.286997,2028,NA,FALSE,Batterie,NA,NA
SEE945446768476,ABR948478229762,Stromspeichereinheit,SEE945446768476,Walle Speicher,Volleinspeisung,1800,27299,Verden,Langwedel,NA,NA,Niedersachsen,9.238117,52.967517,2026,NA,FALSE,Batterie,NA,NA
SEE956443606111,ABR909972678180,Stromspeichereinheit,SEE956443606111,Batteriespeicher Solarpark Nutteln,Volleinspeisung,2000,25594,Steinburg,Nutteln,NA,NA,Schleswig-Holstein,9.376879,53.987743,2025,NA,FALSE,Batterie,NA,NA
SEE995852778996,ABR976444177694,Stromspeichereinheit,SEE995852778996,PV-Batterie-Vogelherd,Volleinspeisung,1016,75248,Enzkreis,Ölbronn-Dürrn,NA,NA,Baden-Württemberg,8.729013,48.955658,2025,NA,FALSE,Batterie,NA,NA
SEE989486448332,ABR987007137444,Stromspeichereinheit,SEE989486448332,Stromspeicher,Volleinspeisung,2400,27308,Verden,Kirchlinteln,NA,NA,Niedersachsen,9.338675,52.873006,2026,NA,FALSE,Batterie,NA,NA
SEE993332638914,ABR922774405082,Stromspeichereinheit,SEE993332638914,BESS-Bennien,Volleinspeisung,3060,49328,Osnabrück,Melle,Wellingstraße,66,Niedersachsen,8.488591,52.191309,2027,NA,FALSE,Batterie,NA,NA
SEE960057844975,ABR955964598189,Stromspeichereinheit,SEE960057844975,24203 SP Passow II Speicher,Volleinspeisung,3400,19386,Ludwigslust-Parchim,Passow,NA,NA,Mecklenburg-Vorpommern,12.05589,53.53862,2025,NA,FALSE,Batterie,NA,NA
SEE904833559837,ABR988538048377,Stromspeichereinheit,SEE904833559837,BESS-Krukum,Volleinspeisung,3600,49328,Osnabrück,Melle,NA,NA,Niedersachsen,8.417079,52.1987,2027,NA,FALSE,Batterie,NA,NA
SEE973756499988,ABR933546675602,Stromspeichereinheit,SEE973756499988,Ramin 1 Speicher,Volleinspeisung,6800,17321,Vorpommern-Greifswald,Ramin,NA,NA,Mecklenburg-Vorpommern,14.323237,53.479587,2026,NA,FALSE,Batterie,NA,NA
SEE929898204188,ABR913494531991,Stromspeichereinheit,SEE929898204188,Hemhofen Speicher,Volleinspeisung,2000,91334,Erlangen-Höchstadt,Hemhofen,NA,NA,Bayern,10.95796,49.692349,2028,NA,FALSE,Batterie,NA,NA
SEE950538001645,ABR999921065253,Stromspeichereinheit,SEE950538001645,Schauren Speicher,Volleinspeisung,3200,56865,Cochem-Zell,Schauren,NA,NA,Rheinland-Pfalz,7.263878,50.033798,2026,NA,FALSE,Batterie,NA,NA
SEE971669294270,ABR973249061883,Stromspeichereinheit,SEE971669294270,Hesweiler Speicher,Volleinspeisung,12780,56865,Cochem-Zell,Hesweiler,NA,NA,Rheinland-Pfalz,7.283739,50.034999,2026,NA,FALSE,Batterie,NA,NA
SEE959998758748,ABR945642702649,Stromspeichereinheit,SEE959998758748,Speicher Solarpark Bad Bentheim,Volleinspeisung,8128,48455,Grafschaft Bentheim,Bad Bentheim,NA,NA,Niedersachsen,7.082673,52.332487,2027,NA,FALSE,Batterie,NA,NA
SEE984190254156,ABR902595304665,Stromspeichereinheit,SEE984190254156,Zell 1.1 Speicher,Volleinspeisung,12780,56856,Cochem-Zell,Zell,NA,NA,Rheinland-Pfalz,7.238585,50.039862,2026,NA,FALSE,Batterie,NA,NA
SEE979180879334,ABR907375023330,Stromspeichereinheit,SEE979180879334,BESS Laudenbach (GGEW),Volleinspeisung,2600,69514,Rhein-Neckar-Kreis,Laudenbach,NA,NA,Baden-Württemberg,8.624441,49.614227,2026,NA,FALSE,Batterie,NA,NA
SEE997127601664,ABR915969729179,Stromspeichereinheit,SEE997127601664,Spoitgendorf I Speicher,Teileinspeisung (einschließlich Eigenverbrauch),6500,18276,Rostock,Plaaz,Spoitgendorf,1 a,Mecklenburg-Vorpommern,12.271989,53.850894,2027,NA,FALSE,Batterie,NA,NA
SEE948993143925,ABR915969729179,Stromspeichereinheit,SEE948993143925,Spoitgendorf II Speicher,Teileinspeisung (einschließlich Eigenverbrauch),6500,18276,Rostock,Plaaz,Spoitgendorf,1 a,Mecklenburg-Vorpommern,12.270845,53.848944,2027,NA,FALSE,Batterie,NA,NA
SEE978504833045,ABR957864184622,Stromspeichereinheit,SEE978504833045,Solarpark Breddin I BESS,Volleinspeisung,6900,16845,Ostprignitz-Ruppin,Breddin,NA,NA,Brandenburg,12.219603,52.887541,2026,NA,FALSE,Batterie,NA,NA
SEE924136070563,ABR949013933595,Stromspeichereinheit,SEE924136070563,VENDO SOLAR BESS Salzbergen 1,Volleinspeisung,2500,48499,Emsland,Salzbergen,NA,NA,Niedersachsen,7.420319,52.326648,2026,NA,FALSE,Batterie,NA,NA
SEE908489722096,ABR901369586290,Stromspeichereinheit,SEE908489722096,Bereich Rest Speicher,Volleinspeisung,1600,17213,Mecklenburgische Seenplatte,Malchow,NA,NA,Mecklenburg-Vorpommern,12.385541,53.49535,2025,NA,FALSE,Batterie,NA,NA
SEE939396860748,ABR940129426896,Stromspeichereinheit,SEE939396860748,Brickeln 2.1 Speicher,Volleinspeisung,3000,25712,Dithmarschen,Brickeln,NA,NA,Schleswig-Holstein,9.223782,54.004707,2026,NA,FALSE,Batterie,NA,NA
SEE935611657568,ABR905434000827,Stromspeichereinheit,SEE935611657568,Lensahn 1 Speicher,Volleinspeisung,3800,23738,Ostholstein,Lensahn,NA,NA,Schleswig-Holstein,10.899009,54.224786,2026,NA,FALSE,Batterie,NA,NA
SEE905449831522,ABR936797958821,Stromspeichereinheit,SEE905449831522,Sinzheim-Waldhof,Volleinspeisung,2500,76547,Rastatt,Sinzheim,NA,NA,Baden-Württemberg,8.143437,48.775382,2026,NA,FALSE,Batterie,NA,NA
SEE974657336006,ABR944185950340,Stromspeichereinheit,NA,SP Hörbach Speicher,Volleinspeisung,2600,82278,Fürstenfeldbruck,Althegnenberg,NA,NA,Bayern,11.08492,48.22751,2026,NA,FALSE,Batterie,NA,NA
SEE908196244164,ABR943625280245,Stromspeichereinheit,SEE908196244164,Looft 1.3 Speicher,Volleinspeisung,6600,25582,Steinburg,Looft,NA,NA,Schleswig-Holstein,9.519576,54.033463,2028,NA,FALSE,Batterie,NA,NA
SEE911518268212,ABR908657347762,Stromspeichereinheit,SEE911518268212,Schafstedt Speicher,Volleinspeisung,1900,25725,Dithmarschen,Schafstedt,NA,NA,Schleswig-Holstein,9.268591,54.081232,2028,NA,FALSE,Batterie,NA,NA
SEE925018613724,ABR921198924445,Stromspeichereinheit,SEE925018613724,Wallerfangen Antonkreuz Speicher,Volleinspeisung,2200,66798,Saarlouis,Wallerfangen,NA,NA,Saarland,6.664403,49.317117,2026,NA,FALSE,Batterie,NA,NA
SEE934784663215,ABR903249858015,Stromspeichereinheit,SEE934784663215,Speicher Langendorf,Volleinspeisung,3200,97725,Bad Kissingen,Elfershausen,NA,NA,Bayern,9.98171,50.08977,2027,NA,FALSE,Batterie,NA,NA
SEE969064590042,ABR910821605929,Stromspeichereinheit,SEE969064590042,Stromspeicher 10MH BG1,Volleinspeisung,1400,84339,Rottal-Inn,Unterdietfurt,NA,NA,Bayern,12.66288,48.43565,2026,NA,FALSE,Batterie,NA,NA
SEE965068336488,ABR976710413822,Stromspeichereinheit,SEE965068336488,Speicher Weil III - P23-508,Volleinspeisung,5000,86947,Landsberg am Lech,Weil,NA,NA,Bayern,10.997324,48.103024,2026,NA,FALSE,Batterie,NA,NA
SEE981037701552,ABR963957358559,Stromspeichereinheit,SEE981037701552,Speicher Schrobenhausen-Sandizell I - P20-105 - Teil 5.000 kW BESS Inn24-2/119,Volleinspeisung,5000,86529,Neuburg-Schrobenhausen,Schrobenhausen,NA,NA,Bayern,11.175511,48.559178,2026,NA,FALSE,Batterie,NA,NA
SEE912471870009,ABR936525828228,Stromspeichereinheit,SEE912471870009,Speicher Schrobenhausen IX - P22-591 - Teil 1,Volleinspeisung,5000,86529,Neuburg-Schrobenhausen,Schrobenhausen,NA,NA,Bayern,11.299432,48.602855,2026,NA,FALSE,Batterie,NA,NA
SEE941053919201,ABR955900731328,Stromspeichereinheit,SEE941053919201,Speicher Pondorf PR - P23-595 - 1.016kW Inn24-2/121,Volleinspeisung,1016,93336,Eichstätt,Altmannstein,NA,NA,Bayern,11.575445,48.936814,2026,NA,FALSE,Batterie,NA,NA
SEE905777151866,ABR963324096879,Stromspeichereinheit,SEE905777151866,Speicher Siglohe - P24-035,Volleinspeisung,4000,86643,Neuburg-Schrobenhausen,Rennertshofen,NA,NA,Bayern,11.073783,48.757729,2026,NA,FALSE,Batterie,NA,NA
SEE945579140859,ABR994000452856,Stromspeichereinheit,SEE945579140859,"Speicher Camberg - P22-234 - 3.507,50 kW BESS Inn24-2/190",Volleinspeisung,3507.5,65520,Limburg-Weilburg,Bad Camberg,NA,NA,Hessen,8.243594,50.29289,2026,NA,FALSE,Batterie,NA,NA
SEE944667645443,ABR944344162973,Stromspeichereinheit,SEE944667645443,Speicher Freystadt - P23-131 - Teil 1,Volleinspeisung,2550,92342,Neumarkt i.d. OPf.,Freystadt,NA,NA,Bayern,11.347756,49.139479,2026,NA,FALSE,Batterie,NA,NA
SEE991219389751,ABR907611053503,Stromspeichereinheit,SEE991219389751,Speicher Werne - P23-335,Volleinspeisung,1750,59368,Unna,Werne,NA,NA,Nordrhein-Westfalen,7.663028,51.706415,2026,NA,FALSE,Batterie,NA,NA
SEE949782776300,ABR927308990881,Stromspeichereinheit,SEE949782776300,Speicher Seubersdorf V - P23-554,Volleinspeisung,5000,92358,Neumarkt i.d. OPf.,Seubersdorf,NA,NA,Bayern,11.610575,49.180175,2026,NA,FALSE,Batterie,NA,NA
SEE999189233647,ABR968595670780,Stromspeichereinheit,SEE999189233647,Speicher Meeder IV - P23-507,Volleinspeisung,2250,96484,Coburg,Meeder,NA,NA,Bayern,10.951791,50.321802,2026,NA,FALSE,Batterie,NA,NA
SEE954027057991,ABR911059599202,Stromspeichereinheit,SEE954027057991,Speicher Wolnzach VI - P23-548,Volleinspeisung,3000,85283,Pfaffenhofen a.d. Ilm,Wolnzach,NA,NA,Bayern,11.68855,48.61232,2026,NA,FALSE,Batterie,NA,NA
SEE906006487756,ABR921051859808,Stromspeichereinheit,SEE906006487756,Speicher Dasing II + IV - P24-137/P24-147,Volleinspeisung,5000,86453,Aichach-Friedberg,Dasing,NA,NA,Bayern,11.034794,48.395475,2026,NA,FALSE,Batterie,NA,NA
SEE945580911486,ABR949557459377,Stromspeichereinheit,SEE945580911486,Speicher Feuchtwangen I + II - P24-164,Volleinspeisung,5000,91555,Ansbach,Feuchtwangen,NA,NA,Bayern,10.263518,49.152732,2026,NA,FALSE,Batterie,NA,NA
SEE998049946109,ABR953662193613,Stromspeichereinheit,SEE998049946109,Speicher Kirchhaslach - P24-123,Volleinspeisung,3000,87755,Unterallgäu,Kirchhaslach,NA,NA,Bayern,10.34969,48.149214,2026,NA,FALSE,Batterie,NA,NA
SEE925007092943,ABR903742656644,Stromspeichereinheit,SEE925007092943,Speicher Großrinderfeld III - P23-444,Volleinspeisung,1650,97950,Main-Tauber-Kreis,Großrinderfeld,NA,NA,Baden-Württemberg,9.772646,49.669289,2026,NA,FALSE,Batterie,NA,NA
SEE901082521295,ABR909728454747,Stromspeichereinheit,SEE901082521295,Speicher Burkau - P23-574,Volleinspeisung,2250,01906,Bautzen,Burkau,NA,NA,Sachsen,14.25259,51.202653,2026,NA,FALSE,Batterie,NA,NA
SEE947721621049,ABR923376513298,Stromspeichereinheit,SEE947721621049,"Speicher Allershausen - P23-268 - 2.000,00 kW 4.064 kWh BESS Inn24-2/131",Volleinspeisung,2000,85391,Freising,Allershausen,NA,NA,Bayern,11.591579,48.403517,2026,NA,FALSE,Batterie,NA,NA
SEE989597559323,ABR926820458572,Stromspeichereinheit,SEE989597559323,Speicher Solarpark Wernberg-Köblitz II - P24-130,Volleinspeisung,3500,92533,Schwandorf,Wernberg-Köblitz,NA,NA,Bayern,12.201332,49.56108,2026,NA,FALSE,Batterie,NA,NA
SEE989817426374,ABR971457552339,Stromspeichereinheit,SEE989817426374,Speicher Vierkirchen - P23-105,Volleinspeisung,1500,85256,Dachau,Vierkirchen,NA,NA,Bayern,11.454674,48.377177,2026,NA,FALSE,Batterie,NA,NA
SEE915795716527,ABR925344344279,Stromspeichereinheit,SEE915795716527,Speicher Mallersdorf-Pfaffenberg II - P23-120 - Teil 1,Volleinspeisung,1250,84066,Straubing-Bogen,Mallersdorf-Pfaffenberg,NA,NA,Bayern,12.192965,48.772178,2026,NA,FALSE,Batterie,NA,NA
SEE927216421675,ABR901855539182,Stromspeichereinheit,SEE927216421675,Speicher Reichertshofen XIII - P23-524,Volleinspeisung,1125,85084,Pfaffenhofen a.d. Ilm,Reichertshofen,NA,NA,Bayern,11.50542,48.654548,2026,NA,FALSE,Batterie,NA,NA
SEE917106449803,ABR950983256294,Stromspeichereinheit,SEE917106449803,Speicher Schnelldorf - P24-198,Volleinspeisung,1750,91625,Ansbach,Schnelldorf,NA,NA,Bayern,10.243608,49.179049,2026,NA,FALSE,Batterie,NA,NA
SEE950001809648,ABR993758669783,Stromspeichereinheit,SEE950001809648,Speicher Ingolstadt II - P22-622 - 2.000 kW Inn24-2/113 BESS,Volleinspeisung,2000,85055,Ingolstadt,Ingolstadt,NA,NA,Bayern,11.391766,48.793442,2026,NA,FALSE,Batterie,NA,NA
SEE976491035152,ABR946610316059,Stromspeichereinheit,SEE976491035152,Speicher Petersberg III - P23-429,Volleinspeisung,2500,06193,Saalekreis,Petersberg,NA,NA,Sachsen-Anhalt,11.898722,51.5761,2026,NA,FALSE,Batterie,NA,NA
SEE998788206953,ABR960226776625,Stromspeichereinheit,SEE998788206953,SP Berngau Speicher,Volleinspeisung,3800,92361,Neumarkt i.d. OPf.,Berngau,NA,NA,Bayern,11.37691,49.2617,2025,NA,FALSE,Batterie,NA,NA
SEE917461513805,NA,Stromspeichereinheit,NA,PV Sangerhausen Speicher,Volleinspeisung,1125,06526,Mansfeld-Südharz,Sangerhausen,NA,NA,Sachsen-Anhalt,11.269433,51.472701,2025,2025,TRUE,Batterie,NA,NA
SEE942507505377,ABR936069718016,Stromspeichereinheit,SEE942507505377,Anlage 3750 Batterie,Volleinspeisung,1250,36358,Vogelsbergkreis,Herbstein,NA,NA,Hessen,9.43431,50.570179,2025,NA,FALSE,Batterie,NA,NA
SEE963840635460,ABR935192224425,Stromspeichereinheit,SEE963840635460,Laage 3MW Speicher,Volleinspeisung,3000,18299,Rostock,Laage,NA,NA,Mecklenburg-Vorpommern,12.33606,53.92855,2026,NA,FALSE,Batterie,NA,NA
SEE974247615207,ABR942491613195,Stromspeichereinheit,NA,PV-Batteriespeicher Overath 1,Volleinspeisung,20000,51491,Rheinisch-Bergischer Kreis,Overath,Stich,10,Nordrhein-Westfalen,7.257086,50.9459,2026,NA,FALSE,Batterie,NA,NA
SEE962925922662,ABR981472808977,Stromspeichereinheit,NA,Wolkow II Speicher,Volleinspeisung,1472,17111,Mecklenburgische Seenplatte,Warrenzin,Wolkow,1,Mecklenburg-Vorpommern,12.96555,53.89918,2024,NA,FALSE,Batterie,NA,NA
SEE977047245308,ABR964002114076,Stromspeichereinheit,NA,Stromspeicher 1,Teileinspeisung (einschließlich Eigenverbrauch),2500,94491,Deggendorf,Hengersberg,Zum Sägewerk,9,Bayern,13.06407,48.765802,2024,NA,FALSE,Batterie,NA,NA
SEE968798801837,ABR979859092910,Stromspeichereinheit,NA,Speicher Greußen 2,Volleinspeisung,3000,99718,Kyffhäuserkreis,Greußen,Grüninger Straße,1,Thüringen,10.954604,51.230049,2024,NA,FALSE,Batterie,NA,NA
SEE968176237470,ABR939201625807,Stromspeichereinheit,SEE968176237470,Actrada,Teileinspeisung (einschließlich Eigenverbrauch),1120,91795,Eichstätt,Dollnstein,Rieder Tal,12,Bayern,11.075989,48.86277,2023,NA,FALSE,Batterie,NA,NA
SEE920963364875,ABR967916671758,Stromspeichereinheit,NA,ECO POWER SIX,Volleinspeisung,300000,78056,Rottweil,Villingen-Schwenningen,NA,NA,Baden-Württemberg,8.617168,48.059227,2029,NA,FALSE,Batterie,NA,NA
SEE905716958785,ABR956594845537,Stromspeichereinheit,NA,trlyr 2,Volleinspeisung,10000,94104,Passau,Tittling,Gehersberger Straße,NA,Bayern,13.381452,48.735391,2024,NA,FALSE,Batterie,NA,NA
SEE962496130121,ABR957063689461,Stromspeichereinheit,NA,BEE Merseburg GmbH,Volleinspeisung,12000,06217,Saalekreis,Merseburg,An den Rohrackern,NA,Sachsen-Anhalt,11.979279,51.318139,2025,NA,FALSE,Batterie,NA,NA
SEE903057960733,ABR905451556727,Stromspeichereinheit,NA,BESS Langenamming,Volleinspeisung,9864,94486,Deggendorf,Osterhofen,NA,NA,Bayern,12.997883,48.664368,2026,NA,FALSE,Batterie,NA,NA
SEE919151256290,ABR968740042271,Stromspeichereinheit,SEE919151256290,Speicher Winterbach II - P21-474 - Speicher,Volleinspeisung,2000,89368,Günzburg,Winterbach,NA,NA,Bayern,10.521826,48.467393,2025,NA,FALSE,Batterie,NA,NA
SEE932460525246,ABR941336253008,Stromspeichereinheit,SEE932460525246,Aldrup Speicher,Teileinspeisung (einschließlich Eigenverbrauch),1090,27793,Oldenburg,Wildeshausen,Bauerschaft Aldrup,2,Niedersachsen,8.443896,52.831442,2025,NA,FALSE,Batterie,NA,NA
SEE968933985491,ABR940470825270,Stromspeichereinheit,NA,Second Foundation BESS Königsee,Volleinspeisung,10350,07426,Saalfeld-Rudolstadt,Königsee,NA,NA,Thüringen,11.108005,50.658818,2025,NA,FALSE,Batterie,NA,NA
SEE977011446397,ABR958347571779,Stromspeichereinheit,NA,BESS Kelchham 1,Volleinspeisung,2500,94136,Passau,Thyrnau,NA,NA,Bayern,13.550299,48.648061,2025,NA,FALSE,Batterie,NA,NA
SEE980518702026,ABR916716865782,Stromspeichereinheit,NA,"Batteriespeicher, Auf dem Hundsrück 6, 36088 Hünfeld",Volleinspeisung,6416,36088,Fulda,Hünfeld,Auf dem Hundsrück,6,Hessen,9.7571,50.694005,2024,NA,FALSE,Batterie,NA,NA
SEE997440194782,ABR925052145762,Stromspeichereinheit,NA,URENCO-Battery I,Teileinspeisung (einschließlich Eigenverbrauch),2175,48599,Borken,Gronau,Röntgenstraße,4,Nordrhein-Westfalen,7.081535,52.216115,2025,NA,FALSE,Batterie,NA,NA
SEE993899268814,ABR932212103470,Stromspeichereinheit,NA,Batterie Weißenthurm-Kettig,Volleinspeisung,50000,56220,Mayen-Koblenz,Kettig,NA,NA,Rheinland-Pfalz,7.44894,50.40505,2026,NA,FALSE,Batterie,NA,NA
SEE959140088693,ABR927355944486,Stromspeichereinheit,SEE959140088693,BESS Rackwitz RE,Volleinspeisung,1500,04519,Nordsachsen,Rackwitz,August-Horch-Straße,2,Sachsen,12.381479,51.43905,2024,NA,FALSE,Batterie,NA,NA
SEE915985628661,ABR912255793326,Stromspeichereinheit,NA,Pumpspeicherkraftwerk Erzhausen,Volleinspeisung,220000,37574,Northeim,Einbeck,Erzhäuser Straße,34,Niedersachsen,9.924887,51.898566,1964,NA,FALSE,Pumpspeicher,NA,NA
SEE959988726436,ABR971381091898,Stromspeichereinheit,NA,BESS Issigau,Volleinspeisung,8000,95188,Hof,Issigau,NA,NA,Bayern,11.71686,50.36664,2024,NA,FALSE,Batterie,NA,NA
SEE983646428196,ABR982320839334,Stromspeichereinheit,NA,"BESS Becks, Bremen",Teileinspeisung (einschließlich Eigenverbrauch),1310,28199,Bremen,Bremen,Am Deich,20,Bremen,8.791732,53.078461,2024,NA,FALSE,Batterie,NA,NA
SEE935590017827,ABR982320839334,Stromspeichereinheit,NA,"BESS Löwenbräu, München",Teileinspeisung (einschließlich Eigenverbrauch),1640,80335,München,München,Marsstraße,46,Bayern,11.554085,48.145024,2025,NA,FALSE,Batterie,NA,NA
SEE979595639073,ABR937200644409,Stromspeichereinheit,NA,BESS-1-Speira-GV,Teileinspeisung (einschließlich Eigenverbrauch),3000,41515,Rhein-Kreis Neuss,Grevenbroich,Aluminiumstraße,1,Nordrhein-Westfalen,6.630313,51.07237,2024,NA,FALSE,Batterie,NA,NA
SEE902932530221,ABR989079290348,Stromspeichereinheit,NA,Second Foundation BESS Oberröblingen,Volleinspeisung,13800,06526,Mansfeld-Südharz,Sangerhausen,Handelsweg,18,Sachsen-Anhalt,11.294836,51.446981,2025,NA,FALSE,Batterie,NA,NA
SEE952700506446,ABR993416198099,Stromspeichereinheit,NA,ChargeFarm Speicher - Energiepark Schäftlarn,Teileinspeisung (einschließlich Eigenverbrauch),2236,82069,München,Hohenschäftlarn,NA,NA,Bayern,11.42961,47.99531,2026,NA,FALSE,Batterie,NA,NA
SEE901401072729,ABR932926516955,Stromspeichereinheit,NA,Big Battery Oberlausitz,Volleinspeisung,100000,02943,Görlitz,Boxberg,Am Kraftwerk,1,Sachsen,14.567034,51.419203,2026,NA,FALSE,Batterie,NA,NA
SEE954252697900,ABR978248396691,Stromspeichereinheit,NA,W2_Powergrid_1,Teileinspeisung (einschließlich Eigenverbrauch),3800,88048,Bodenseekreis,Friedrichshafen,Domänenstraße,44,Baden-Württemberg,9.428673,47.663471,2027,NA,FALSE,Batterie,NA,NA
SEE924290691406,ABR922973028617,Stromspeichereinheit,SEE924290691406,Petzenbach Speicher 1,Volleinspeisung,1500,94428,Dingolfing-Landau,Eichendorf,Petzenbach,NA,Bayern,12.879511,48.619784,2026,NA,FALSE,Batterie,NA,NA
SEE910428050481,ABR988410854447,Stromspeichereinheit,NA,Großbatteriespeicher Nersingen,Volleinspeisung,10000,89278,Neu-Ulm,Nersingen,NA,NA,Bayern,10.11085,48.42132,2026,NA,FALSE,Batterie,NA,NA
SEE905120862159,ABR962767237566,Stromspeichereinheit,NA,Großbatteriespeicher Lauben,Volleinspeisung,10080,87761,Unterallgäu,Lauben,NA,NA,Bayern,10.28914,48.06503,2025,NA,FALSE,Batterie,NA,NA
SEE929971866050,ABR962767237566,Stromspeichereinheit,NA,Großbatteriespeicher Illertissen,Volleinspeisung,10080,89257,Neu-Ulm,Illertissen,NA,NA,Bayern,10.08151,48.22881,2025,NA,FALSE,Batterie,NA,NA
SEE903493941488,ABR962767237566,Stromspeichereinheit,NA,Großbatteriespeicher Illertissen,Volleinspeisung,10080,89257,Neu-Ulm,Illertissen,NA,NA,Bayern,10.080870000000001,48.2251,2025,NA,FALSE,Batterie,NA,NA
SEE988375252012,ABR962767237566,Stromspeichereinheit,NA,Großbatteriespeicher Nersingen,Volleinspeisung,10080,89278,Neu-Ulm,Nersingen,NA,NA,Bayern,10.11462,48.42424,2025,NA,FALSE,Batterie,NA,NA
SEE979588797124,ABR962767237566,Stromspeichereinheit,NA,Großbatteriespeicher Untereichen,Volleinspeisung,10080,89281,Neu-Ulm,Altenstadt,NA,NA,Bayern,10.09878,48.1726,2025,NA,FALSE,Batterie,NA,NA
SEE920822203574,ABR962767237566,Stromspeichereinheit,NA,Großbatteriespeicher Burgau,Volleinspeisung,10080,89331,Günzburg,Burgau,NA,NA,Bayern,10.42934,48.42337,2025,NA,FALSE,Batterie,NA,NA
SEE964433486438,ABR962767237566,Stromspeichereinheit,NA,Großbatteriespeicher Bubesheim,Volleinspeisung,10080,89347,Günzburg,Bubesheim,NA,NA,Bayern,10.24926,48.42548,2025,NA,FALSE,Batterie,NA,NA
SEE949756550103,ABR962767237566,Stromspeichereinheit,NA,Großbatteriespeicher Höchstädt,Volleinspeisung,10080,89420,Dillingen a.d. Donau,Höchstädt,NA,NA,Bayern,10.57079,48.60585,2025,NA,FALSE,Batterie,NA,NA
SEE983528455999,ABR962767237566,Stromspeichereinheit,NA,Großbatteriespeicher Heimertingen,Volleinspeisung,10080,87751,Unterallgäu,Heimertingen,NA,NA,Bayern,10.15329,48.05191,2025,NA,FALSE,Batterie,NA,NA
SEE941998832306,ABR962767237566,Stromspeichereinheit,NA,Großbatteriespeicher Horgau,Volleinspeisung,10080,86497,Augsburg,Horgau,NA,NA,Bayern,10.676,48.39802,2025,NA,FALSE,Batterie,NA,NA
SEE972325761129,ABR962767237566,Stromspeichereinheit,NA,Großbatteriespeicher Langerringen,Volleinspeisung,10080,86853,Augsburg,Langerringen,NA,NA,Bayern,10.7002,48.09958,2025,NA,FALSE,Batterie,NA,NA
SEE941340244788,ABR962767237566,Stromspeichereinheit,NA,Großbatteriespeicher Irsingen,Volleinspeisung,20160,86842,Unterallgäu,Türkheim,NA,NA,Bayern,10.63756,48.02611,2025,NA,FALSE,Batterie,NA,NA
SEE958262376688,ABR962767237566,Stromspeichereinheit,NA,Großbatteriespeicher Irsingen,Volleinspeisung,25200,86842,Unterallgäu,Türkheim,NA,NA,Bayern,10.63977,48.02784,2025,NA,FALSE,Batterie,NA,NA
SEE935898651709,ABR962767237566,Stromspeichereinheit,NA,Großbatteriespeicher,Volleinspeisung,30240,86842,Unterallgäu,Türkheim,NA,NA,Bayern,10.64255,48.02917,2025,NA,FALSE,Batterie,NA,NA
SEE936145920623,ABR986645205263,Stromspeichereinheit,SEE936145920623,WP Häusern Speicher,Volleinspeisung,2300,79837,Waldshut,Häusern,NA,NA,Baden-Württemberg,8.17697,47.75874,2024,NA,FALSE,Batterie,NA,NA
SEE960456931061,ABR993403842417,Stromspeichereinheit,NA,Graustromspeicher Taiting II,Volleinspeisung,2400,86453,Aichach-Friedberg,Dasing,NA,NA,Bayern,11.036241,48.396954,2026,NA,FALSE,Batterie,NA,NA
SEE962311804787,ABR962767237566,Stromspeichereinheit,NA,Großbatteriespeicher Schwenningen,Volleinspeisung,20160,89443,Dillingen a.d. Donau,Schwenningen,NA,NA,Bayern,10.6487,48.63304,2025,NA,FALSE,Batterie,NA,NA
SEE921068308450,ABR989495737847,Stromspeichereinheit,NA,Speicher Tangermünde,Volleinspeisung,15800,39590,Stendal,Tangermünde,Langensalzwedeler Weg,9,Sachsen-Anhalt,11.967276,52.569684,2024,NA,FALSE,Batterie,NA,NA
SEE922296644211,ABR915286122073,Stromspeichereinheit,SEE922296644211,Speicher Rieda,Volleinspeisung,6800,06780,Anhalt-Bitterfeld,Zörbig,NA,NA,Sachsen-Anhalt,12.074705,51.602765,2028,NA,FALSE,Batterie,NA,NA
SEE998348927175,ABR969929794493,Stromspeichereinheit,SEE998348927175,10 MWh Speicher Deponie Borken-Hoxfeld,Volleinspeisung,5000,46325,Borken,Borken,Horst,3,Nordrhein-Westfalen,6.776637,51.836989,2026,NA,FALSE,Batterie,NA,NA
SEE935265523462,ABR969929794493,Stromspeichereinheit,SEE935265523462,10 MWh PV-Speicher Deponie Ahaus-Alstätte II,Volleinspeisung,1100,48683,Borken,Ahaus,NA,NA,Nordrhein-Westfalen,6.920177,52.120649,2027,NA,FALSE,Batterie,NA,NA
SEE984306445164,ABR958060585749,Stromspeichereinheit,SEE984306445164,Speicher Wollomoos,Volleinspeisung,6800,85250,Dachau,Altomünster,NA,NA,Bayern,11.18956,48.39997,2028,NA,FALSE,Batterie,NA,NA
SEE927468255394,ABR987142862492,Stromspeichereinheit,NA,BESS Fischbach,Volleinspeisung,5500,96317,Kronach,Kronach,NA,NA,Bayern,11.38501,50.225311,2025,NA,FALSE,Batterie,NA,NA
SEE969402572525,ABR949076866342,Stromspeichereinheit,NA,BESS_Klevenow,Volleinspeisung,25000,18516,Vorpommern-Rügen,Süderholz,NA,NA,Mecklenburg-Vorpommern,13.054327,54.074639,2027,NA,FALSE,Batterie,NA,NA
SEE932517266092,ABR941615518163,Stromspeichereinheit,NA,BESS_Werle,Volleinspeisung,25000,18258,Rostock,Kassow,NA,NA,Mecklenburg-Vorpommern,12.081012,53.879435,2027,NA,FALSE,Batterie,NA,NA
SEE929812973206,ABR960052326919,Stromspeichereinheit,NA,BESS Pakendorf/Jütrichau,Volleinspeisung,3000,39264,Anhalt-Bitterfeld,Jütrichau,NA,NA,Sachsen-Anhalt,12.10498,51.913466,2026,NA,FALSE,Batterie,NA,NA
SEE997823302629,ABR918399699449,Stromspeichereinheit,NA,Batterieanlage Werneuchen,Volleinspeisung,10000,16356,Barnim,Werneuchen,NA,NA,Brandenburg,13.666243,52.591495,2025,NA,FALSE,Batterie,NA,NA
SEE921320372496,ABR915068942295,Stromspeichereinheit,NA,Speicher Batterie100 Marbach am Neckar,Volleinspeisung,100000,71672,Ludwigsburg,Marbach,Thomas-Alva-Edison-Ring,6,Baden-Württemberg,9.23022,48.9269,2026,NA,FALSE,Batterie,NA,NA
SEE987046348528,ABR915068942295,Stromspeichereinheit,NA,Speicher Stuttgart-Münster,Volleinspeisung,9730,70376,Stuttgart,Stuttgart,Voltastraße,45,Baden-Württemberg,9.224607,48.817362,2025,NA,FALSE,Batterie,NA,NA
SEE967459235615,ABR970023203286,Stromspeichereinheit,NA,BESS_Sabel,Volleinspeisung,210000,18299,Rostock,Hohen Sprenz,NA,NA,Mecklenburg-Vorpommern,12.181939,53.93306,2027,NA,FALSE,Batterie,NA,NA
SEE941869606388,ABR926222717024,Stromspeichereinheit,NA,BESS_Bentwisch,Volleinspeisung,150000,18182,Rostock,Bentwisch,NA,NA,Mecklenburg-Vorpommern,12.214034,54.108729,2027,NA,FALSE,Batterie,NA,NA
SEE991039363757,ABR921440481122,Stromspeichereinheit,NA,Gersthofen BS1,Teileinspeisung (einschließlich Eigenverbrauch),12520,86368,Augsburg,Gersthofen,Adolf-von-Baeyer-Straße,1,Bayern,10.88426,48.449329,2025,NA,FALSE,Batterie,NA,NA
SEE943624506292,ABR913380972341,Stromspeichereinheit,NA,Gewerbespeicher,Volleinspeisung,1840,49406,Diepholz,Drentwede,Rüstingen,10,Niedersachsen,8.569974,52.7538,2026,NA,FALSE,Batterie,NA,NA
SEE933114764769,ABR903160560455,Stromspeichereinheit,SEE933114764769,Großenaspe A7,Volleinspeisung,6667,24649,Segeberg,Fuhlendorf,NA,NA,Schleswig-Holstein,9.949065,53.963017,2027,NA,FALSE,Batterie,NA,NA
SEE969901278188,ABR970654365766,Stromspeichereinheit,SEE969901278188,Speicher,Volleinspeisung,2000,26849,Leer,Filsum,NA,NA,Niedersachsen,7.663947,53.247595,2026,NA,FALSE,Batterie,NA,NA
SEE983488937429,ABR952730231028,Stromspeichereinheit,SEE983488937429,BESS - Inno Energiepark Rohrbach,Volleinspeisung,10000,85296,Pfaffenhofen a.d. Ilm,Rohrbach,NA,NA,Bayern,11.52043,48.62346,2027,NA,FALSE,Batterie,NA,NA
SEE993699031472,ABR989575879061,Stromspeichereinheit,SEE993699031472,Batteriespeicher Tibo Photovoltaik Gottesgabe GmbH ＆ Co. KG,Volleinspeisung,3500,15320,Märkisch-Oderland,Neuhardenberg,NA,NA,Brandenburg,14.121038,52.3848,2026,NA,FALSE,Batterie,NA,NA
SEE921529631929,ABR913828044937,Stromspeichereinheit,SEE921529631929,Kettenheim BESS,Volleinspeisung,10000,55234,Alzey-Worms,Kettenheim,NA,NA,Rheinland-Pfalz,8.137608,49.721816,2027,NA,FALSE,Batterie,NA,NA
SEE914187288024,ABR992400909772,Stromspeichereinheit,SEE914187288024,Batteriespeicher Photovoltaik Tibo Solar Oderland,Volleinspeisung,8000,15377,Märkisch-Oderland,Märkische Höhe,NA,NA,Brandenburg,14.142348,52.629221,2026,NA,FALSE,Batterie,NA,NA
SEE966769248636,ABR934638879540,Stromspeichereinheit,SEE966769248636,Batteriespeicher Photovoltaik LAKO Angern,Volleinspeisung,24000,39326,Börde,Angern,NA,NA,Sachsen-Anhalt,11.762349,52.350958,2026,NA,FALSE,Batterie,NA,NA
SEE943622225836,ABR927908209154,Stromspeichereinheit,NA,Kyon-29 Battery Storage,Volleinspeisung,8280,59821,Hochsauerlandkreis,Arnsberg,NA,NA,Nordrhein-Westfalen,8.07616,51.406795,2025,NA,FALSE,Batterie,NA,NA
SEE941637512859,ABR924853681547,Stromspeichereinheit,SEE941637512859,BESS Putzbrunn - InnoAus,Volleinspeisung,1247,85640,München,Putzbrunn,NA,NA,Bayern,11.719207,48.067128,2026,NA,FALSE,Batterie,NA,NA
SEE934064203216,ABR987961514701,Stromspeichereinheit,SEE934064203216,BESS Maisach Ost - InnoAus,Volleinspeisung,1750,82216,Fürstenfeldbruck,Maisach,NA,NA,Bayern,11.242167,48.218013,2026,NA,FALSE,Batterie,NA,NA
SEE932060710219,ABR962391906036,Stromspeichereinheit,SEE932060710219,Solarpark Westerode 1 - Batterie,Volleinspeisung,1400,38667,Goslar,Bad Harzburg,Schäferstieg,NA,Niedersachsen,10.556597,51.910432,2026,NA,FALSE,Batterie,NA,NA
SEE975589067112,ABR994860618744,Stromspeichereinheit,NA,Kyon-100 Battery Storage,Volleinspeisung,20000,24969,Schleswig-Flensburg,Großenwiehe,NA,NA,Schleswig-Holstein,9.231799,54.682939,2026,NA,FALSE,Batterie,NA,NA
SEE954807594395,ABR960029253064,Stromspeichereinheit,NA,Kyon-42 Battery Storage,Volleinspeisung,57960,39110,Magdeburg,Magdeburg,NA,NA,Sachsen-Anhalt,11.561603,52.123979,2026,NA,FALSE,Batterie,NA,NA
SEE914862084439,ABR907324430387,Stromspeichereinheit,NA,Kyon-38 Battery Storage Ost,Volleinspeisung,48570,53949,Euskirchen,Dahlem,NA,NA,Nordrhein-Westfalen,6.527243,50.387721,2026,NA,FALSE,Batterie,NA,NA
SEE997196953947,ABR910091337148,Stromspeichereinheit,NA,BESS Trading Hallbergmoos,Volleinspeisung,3000,85399,Freising,Hallbergmoos,Ismaninger Straße,100,Bayern,11.725315,48.336761,2025,NA,FALSE,Batterie,NA,NA
SEE941773957149,ABR981246366290,Stromspeichereinheit,NA,BESS Trading Obersöchering,Volleinspeisung,3000,82395,Weilheim-Schongau,Obersöchering,NA,NA,Bayern,11.21337,47.733653,2025,NA,FALSE,Batterie,NA,NA
SEE929503530374,ABR907882557649,Stromspeichereinheit,SEE929503530374,Neue-Mitte,Teileinspeisung (einschließlich Eigenverbrauch),1096,76676,Karlsruhe,Graben-Neudorf,Eichendorffstraße,NA,Baden-Württemberg,8.48835,49.16374,2023,NA,FALSE,Batterie,NA,NA
SEE952092447563,ABR951581837830,Stromspeichereinheit,NA,BESS_Gransee_klein,Volleinspeisung,5000,16775,Oberhavel,Gransee,NA,NA,Brandenburg,13.182066,53.013525,2027,NA,FALSE,Batterie,NA,NA
SEE957078902784,ABR913803785305,Stromspeichereinheit,SEE957078902784,FFPVA Calvörde West InnoVA-Speicher,Volleinspeisung,6372,39359,Börde,Calvörde,NA,NA,Sachsen-Anhalt,11.26981,52.388912,2027,NA,FALSE,Batterie,NA,NA
SEE935642236831,ABR963483414378,Stromspeichereinheit,SEE935642236831,BESS Reckershausen,Volleinspeisung,3450,37133,Göttingen,Friedland,NA,NA,Niedersachsen,9.940269,51.399504,2027,NA,FALSE,Batterie,NA,NA
SEE930842265841,ABR987292969263,Stromspeichereinheit,NA,BESS Halle (Saale),Volleinspeisung,11263,06116,Halle (Saale),Halle,NA,NA,Sachsen-Anhalt,12.01765,51.476366,2025,NA,FALSE,Batterie,NA,NA
SEE900289711263,ABR990136809885,Stromspeichereinheit,SEE900289711263,9050 SP St. Georgen Brogen BESS,Volleinspeisung,2580,78112,Schwarzwald-Baar-Kreis,St. Georgen,NA,NA,Baden-Württemberg,8.339754,48.152942,2026,NA,FALSE,Batterie,NA,NA
SEE991482064027,ABR951994156597,Stromspeichereinheit,SEE991482064027,Speicher Winterbach (RLP) - P22-252,Volleinspeisung,4000,66484,Südwestpfalz,Winterbach,NA,NA,Rheinland-Pfalz,7.48494,49.312353,2026,NA,FALSE,Batterie,NA,NA
SEE953450151016,ABR959186997386,Stromspeichereinheit,SEE953450151016,Speicher Rohrbach XI - P24-207,Volleinspeisung,2975,85296,Pfaffenhofen a.d. Ilm,Rohrbach,NA,NA,Bayern,11.51028,48.60857,2026,NA,FALSE,Batterie,NA,NA
SEE989818794809,ABR983762465167,Stromspeichereinheit,SEE989818794809,Speicher Jetzendorf - P22-513,Volleinspeisung,2500,85305,Pfaffenhofen a.d. Ilm,Jetzendorf,NA,NA,Bayern,11.371111,48.443795,2026,NA,FALSE,Batterie,NA,NA
SEE925987328520,ABR967592683113,Stromspeichereinheit,SEE925987328520,Speicher Ingolstadt VII - P24-309,Volleinspeisung,1350,85051,Ingolstadt,Ingolstadt,NA,NA,Bayern,11.36493,48.71462,2026,NA,FALSE,Batterie,NA,NA
SEE912580321386,ABR996159873315,Stromspeichereinheit,SEE912580321386,Pfaffenklinge Speicher,Volleinspeisung,10320,71554,Rems-Murr-Kreis,Weissach,NA,NA,Baden-Württemberg,9.486773,48.933949,2026,NA,FALSE,Batterie,NA,NA
SEE969726544369,ABR978974777047,Stromspeichereinheit,SEE969726544369,PE Pilsach-Laaber 4 Teil 2 Batterie,Volleinspeisung,2160,92367,Neumarkt i.d. OPf.,Pilsach,NA,NA,Bayern,11.54825,49.3146,2026,NA,FALSE,Batterie,NA,NA
SEE998930227171,ABR931819733677,Stromspeichereinheit,SEE998930227171,Agri-Photovoltaik Camino Adorf BESS,Volleinspeisung,1700,09221,Erzgebirgskreis,Neukirchen,NA,NA,Sachsen,12.869906,50.756339,2026,NA,FALSE,Batterie,NA,NA
SEE900552012332,ABR936563142409,Stromspeichereinheit,SEE900552012332,Speicher,Volleinspeisung,3500,49767,Emsland,Twist,NA,NA,Niedersachsen,7.172813,52.670506,2026,NA,FALSE,Batterie,NA,NA
SEE995648037771,ABR964557926353,Stromspeichereinheit,SEE995648037771,Speicher Hilgertshausen-Tandern - P23-320,Volleinspeisung,4150,86567,Dachau,Hilgertshausen-Tandern,NA,NA,Bayern,11.371111,48.443795,2026,NA,FALSE,Batterie,NA,NA
SEE909631699518,ABR958347571779,Stromspeichereinheit,SEE909631699518,BESS Ohhof - InnoAuss,Volleinspeisung,1350,94548,Freyung-Grafenau,Innernzell,NA,NA,Bayern,13.30463,48.851051,2025,NA,FALSE,Batterie,NA,NA
SEE929318096188,ABR978974777047,Stromspeichereinheit,SEE929318096188,Pilsach-Litzlohe 1 Batterie,Volleinspeisung,3600,92367,Neumarkt i.d. OPf.,Pilsach,NA,NA,Bayern,11.496794,49.37245,2026,NA,FALSE,Batterie,NA,NA
SEE989525935199,ABR934913987328,Stromspeichereinheit,SEE989525935199,Regenstauf-Buchenlohe 1 Batterie,Volleinspeisung,10800,93128,Regensburg,Regenstauf,NA,NA,Bayern,12.03371,49.13997,2026,NA,FALSE,Batterie,NA,NA
SEE963339488126,ABR983985332208,Stromspeichereinheit,SEE963339488126,BESS Steinau,Volleinspeisung,2630,36100,Fulda,Petersberg,Wiesenweg,NA,Hessen,9.724743,50.582537,2026,NA,FALSE,Batterie,NA,NA
SEE991120310776,ABR970895808169,Stromspeichereinheit,SEE991120310776,Speicher Achstetten,Volleinspeisung,4420,88480,Biberach,Achstetten,NA,NA,Baden-Württemberg,9.912765,48.265286,2028,NA,FALSE,Batterie,NA,NA
SEE932817881759,ABR949581990631,Stromspeichereinheit,NA,SP Kottgeisering vier Jauchert Speicher,Volleinspeisung,5200,82288,Fürstenfeldbruck,Kottgeisering,NA,NA,Bayern,11.12843,48.12745,2026,NA,FALSE,Batterie,NA,NA
SEE901482444699,ABR925301753915,Stromspeichereinheit,SEE901482444699,Stockstadt 2 Speicher,Volleinspeisung,3000,63811,Aschaffenburg,Stockstadt,Seligenstädter Str.,NA,Bayern,9.058087,49.993491,2026,NA,FALSE,Batterie,NA,NA
SEE926013503096,ABR988258427018,Stromspeichereinheit,SEE926013503096,BESS Geisfeld,Volleinspeisung,6700,54413,Trier-Saarburg,Geisfeld,NA,NA,Rheinland-Pfalz,6.947585,49.694576,2027,NA,FALSE,Batterie,NA,NA
SEE915349102790,ABR924432964771,Stromspeichereinheit,SEE915349102790,Batteriespeicher Waldmattensee,Teileinspeisung (einschließlich Eigenverbrauch),2500,77933,Ortenaukreis,Lahr,Am Waldmattensee,11,Baden-Württemberg,7.801421,48.316075,2025,NA,FALSE,Batterie,NA,NA
SEE990823623190,ABR950782991549,Stromspeichereinheit,SEE990823623190,EA-1724073 Westerkappeln Velpe,Volleinspeisung,6708,49492,Steinfurt,Westerkappeln,Industriestr.,1,Nordrhein-Westfalen,7.861867,52.260619,2026,NA,FALSE,Batterie,NA,NA
SEE919762412092,ABR986789497432,Stromspeichereinheit,SEE919762412092,Speicher Solarpark Großburgwedel,Volleinspeisung,1400,30938,Region Hannover,Burgwedel,NA,NA,Niedersachsen,9.816393,52.490613,2026,NA,FALSE,Batterie,NA,NA
SEE945259007410,ABR989708109911,Stromspeichereinheit,SEE945259007410,Speicher Solarpark Jatznick,Volleinspeisung,1400,17309,Vorpommern-Greifswald,Jatznick,NA,NA,Mecklenburg-Vorpommern,13.944346,53.562675,2026,NA,FALSE,Batterie,NA,NA
SEE914458006289,ABR981270322064,Stromspeichereinheit,SEE914458006289,Speicher Solarpark Langeland 1,Volleinspeisung,1400,33014,Höxter,Bad Driburg,NA,NA,Nordrhein-Westfalen,8.98557,51.78854,2026,NA,FALSE,Batterie,NA,NA
SEE971577023283,ABR963311570733,Stromspeichereinheit,SEE971577023283,Speicher Solarpark Langeland 2,Volleinspeisung,1400,33014,Höxter,Bad Driburg,NA,NA,Nordrhein-Westfalen,8.98707,51.78972,2026,NA,FALSE,Batterie,NA,NA
SEE982291763478,ABR986259303386,Stromspeichereinheit,SEE982291763478,BESS Bovenden,Volleinspeisung,2800,37120,Göttingen,Bovenden,NA,NA,Niedersachsen,9.905258,51.600813,2027,NA,FALSE,Batterie,NA,NA
SEE991415234572,ABR904162314015,Stromspeichereinheit,SEE991415234572,Speicher Solarpark Strasburg,Volleinspeisung,1400,17335,Vorpommern-Greifswald,Strasburg,NA,NA,Mecklenburg-Vorpommern,13.75833,53.5172,2026,NA,FALSE,Batterie,NA,NA
SEE949769763309,ABR994746734995,Stromspeichereinheit,SEE949769763309,Energiepark Diemelstadt Speicher,Volleinspeisung,3000,34474,Waldeck-Frankenberg,Diemelstadt,NA,NA,Hessen,8.98822,51.49539,2025,NA,FALSE,Batterie,NA,NA
SEE998770854599,ABR928008549959,Stromspeichereinheit,SEE998770854599,ABO Energy Batterie Euenheim,Volleinspeisung,2194,53881,Euskirchen,Euskirchen,NA,NA,Nordrhein-Westfalen,6.761903,50.649658,2026,NA,FALSE,Batterie,NA,NA
SEE938982062214,ABR926523847604,Stromspeichereinheit,SEE938982062214,Lindau Speicher,Volleinspeisung,1320,88131,Lindau (Bodensee),Lindau,NA,NA,Bayern,9.70994,47.59128,2027,NA,FALSE,Batterie,NA,NA
SEE935423988881,ABR915969729179,Stromspeichereinheit,SEE935423988881,WBS Tarzow II,Volleinspeisung,2000,23972,Nordwestmecklenburg,Lübow,NA,NA,Mecklenburg-Vorpommern,11.582944,53.816944,2027,NA,FALSE,Batterie,NA,NA
SEE933229902513,ABR907452135376,Stromspeichereinheit,NA,DGT-Batteriespeicher,Teileinspeisung (einschließlich Eigenverbrauch),1500,47138,Duisburg,Duisburg,Schlickstr.,19,Nordrhein-Westfalen,6.763812,51.45479,2025,NA,FALSE,Batterie,NA,NA
SEE936688825393,ABR908246198904,Stromspeichereinheit,SEE936688825393,BESS Parensen,Volleinspeisung,3450,37176,Northeim,Nörten-Hardenberg,NA,NA,Niedersachsen,9.913357,51.625813,2027,NA,FALSE,Batterie,NA,NA
SEE985456081806,ABR922212579542,Stromspeichereinheit,SEE985456081806,Großpaschleben I,Volleinspeisung,2507.5,06386,Anhalt-Bitterfeld,Osternienburger Land,NA,NA,Sachsen-Anhalt,11.890628,51.750216,2026,NA,FALSE,Batterie,NA,NA
SEE994897433815,ABR945172232777,Stromspeichereinheit,SEE994897433815,Speicher Taiting II,Volleinspeisung,2210,86453,Aichach-Friedberg,Dasing,NA,NA,Bayern,11.0365,48.39735,2028,NA,FALSE,Batterie,NA,NA
SEE900757018122,ABR959382581372,Stromspeichereinheit,NA,Nonnenau BESS,Volleinspeisung,3150,86508,Aichach-Friedberg,Rehling,Unteracher Straße,3,Bayern,10.89391,48.503841,2026,NA,FALSE,Batterie,NA,NA
SEE917504583406,ABR932212103470,Stromspeichereinheit,NA,Batterie Coschütz,Volleinspeisung,41400,07985,Vogtlandkreis,Elsterberg,NA,NA,Sachsen,12.196247,50.609741,2026,NA,FALSE,Batterie,NA,NA
SEE993960672687,ABR939257548655,Stromspeichereinheit,SEE993960672687,Freiflächen-Photovoltaikanlage Wittstock/Dosse Co-Located BESS,Volleinspeisung,4500,16909,Ostprignitz-Ruppin,Heiligengrabe,NA,NA,Brandenburg,12.444557,53.167815,2026,NA,FALSE,Batterie,NA,NA
SEE985726527133,ABR934708016851,Stromspeichereinheit,SEE985726527133,Sonnenspeicher Düssel,Volleinspeisung,1600,42489,Mettmann,Wülfrath,NA,NA,Nordrhein-Westfalen,7.0737120000000004,51.277306,2027,NA,FALSE,Batterie,NA,NA
SEE958091177623,ABR919435783320,Stromspeichereinheit,SEE958091177623,Batteriespeicher Klötze Böckwitz,Volleinspeisung,7000,38486,Altmarkkreis Salzwedel,Klötze,NA,NA,Sachsen-Anhalt,10.959129,52.566456,2027,NA,FALSE,Batterie,NA,NA
SEE963962333336,ABR991769380185,Stromspeichereinheit,SEE963962333336,Batteriespeicher Tangerhütte,Volleinspeisung,7000,39517,Stendal,Tangerhütte,NA,NA,Sachsen-Anhalt,11.792516000000001,52.426888,2027,NA,FALSE,Batterie,NA,NA
SEE935780233716,ABR993421621421,Stromspeichereinheit,SEE935780233716,PV-Park 2,Volleinspeisung,10000,84367,Rottal-Inn,Tann,NA,NA,Bayern,12.885461,48.334964,2026,NA,FALSE,Batterie,NA,NA
SEE968609335797,ABR920060680380,Stromspeichereinheit,SEE968609335797,Batteriespeicher Badem II,Volleinspeisung,6475,54657,Eifelkreis Bitburg-Prüm,Badem,NA,NA,Rheinland-Pfalz,6.595972,50.015975,2027,NA,FALSE,Batterie,NA,NA
SEE956658777514,ABR920060680380,Stromspeichereinheit,SEE956658777514,Batteriespeicher Orsfeld II,Volleinspeisung,3010,54655,Eifelkreis Bitburg-Prüm,Orsfeld,NA,NA,Rheinland-Pfalz,6.626689,50.021289,2027,NA,FALSE,Batterie,NA,NA
SEE940821338480,ABR962676639147,Stromspeichereinheit,SEE940821338480,Agri-Photovoltaik Gersheim 1 BESS,Volleinspeisung,2000,66453,Saarpfalz-Kreis,Gersheim,Drehbrunnerhof,NA,Saarland,7.235674,49.131296,2026,NA,FALSE,Batterie,NA,NA
SEE954185427155,ABR905314360300,Stromspeichereinheit,SEE954185427155,Batteriespeicher Wilsecker II,Volleinspeisung,4025,54655,Eifelkreis Bitburg-Prüm,Wilsecker,NA,NA,Rheinland-Pfalz,6.603378,50.018534,2027,NA,FALSE,Batterie,NA,NA
SEE928480322309,ABR962676639147,Stromspeichereinheit,SEE928480322309,Agri-Photovoltaik Gersheim 2 BESS,Volleinspeisung,4600,66453,Saarpfalz-Kreis,Gersheim,Drehbrunnerhof,NA,Saarland,7.231779,49.132297,2026,NA,FALSE,Batterie,NA,NA
SEE952526727650,ABR959654119876,Stromspeichereinheit,SEE952526727650,Speicherpark,Volleinspeisung,2032,78661,Rottweil,Dietingen,Mühlweg,40,Baden-Württemberg,8.654615,48.240927,2026,NA,FALSE,Batterie,NA,NA
SEE996939965117,ABR991989658507,Stromspeichereinheit,SEE996939965117,Speicher zwischen den Bahnen,Volleinspeisung,4472,49635,Osnabrück,Badbergen,NA,NA,Niedersachsen,7.946394,52.662237,2026,NA,FALSE,Batterie,NA,NA
SEE971321520662,ABR963957358559,Stromspeichereinheit,SEE971321520662,Speicher Schrobenhausen-Sandizell I - P20-105 - Teil 2.000 kW BESS Inn25-2/031,Volleinspeisung,2000,86529,Neuburg-Schrobenhausen,Schrobenhausen,NA,NA,Bayern,11.175511,48.559178,2026,NA,FALSE,Batterie,NA,NA
SEE912543602071,ABR936525828228,Stromspeichereinheit,SEE912543602071,Speicher Schrobenhausen IX - P22-591 - Teil 2,Volleinspeisung,2000,86529,Neuburg-Schrobenhausen,Schrobenhausen,NA,NA,Bayern,11.299432,48.602855,2026,NA,FALSE,Batterie,NA,NA
SEE917004389140,ABR985560393888,Stromspeichereinheit,SEE917004389140,Speicher Prosselsheim - P23-089 - Teil 2,Volleinspeisung,1425,97279,Würzburg,Prosselsheim,NA,NA,Bayern,10.102511,49.858894,2026,NA,FALSE,Batterie,NA,NA
SEE907092423147,ABR916828354235,Stromspeichereinheit,SEE907092423147,Speicher Uettingen - P24-344,Volleinspeisung,1200,97292,Würzburg,Uettingen,NA,NA,Bayern,9.726988,49.776967,2026,NA,FALSE,Batterie,NA,NA
SEE955850494908,ABR933497356544,Stromspeichereinheit,SEE955850494908,Photovoltaik-Speicher-Kraftwerk Büttelborn,Volleinspeisung,6667,64572,Groß-Gerau,Büttelborn,NA,NA,Hessen,8.54929,49.913734,2027,NA,FALSE,Batterie,NA,NA
SEE931682035649,ABR922000826568,Stromspeichereinheit,SEE931682035649,Photovoltaik-Speicher-Kraftwerk Löwenberg,Volleinspeisung,6667,16775,Oberhavel,Löwenberger Land,NA,NA,Brandenburg,13.165345,52.886627,2027,NA,FALSE,Batterie,NA,NA
SEE905539686049,ABR903769667838,Stromspeichereinheit,SEE905539686049,Speicher Inchenhofen III - P22-578,Volleinspeisung,6670,86570,Aichach-Friedberg,Inchenhofen,NA,NA,Bayern,11.08078,48.540717,2026,NA,FALSE,Batterie,NA,NA
SEE989632861367,ABR910058815504,Stromspeichereinheit,SEE989632861367,Photovoltaik-Speicher-Kraftwerk Vincenzenbronn,Volleinspeisung,4000,90613,Fürth,Großhabersdorf,NA,NA,Bayern,10.823331,49.419418,2027,NA,FALSE,Batterie,NA,NA
SEE931080105234,ABR991235685905,Stromspeichereinheit,SEE931080105234,PVA Lalendorf BESS InnoAus,Volleinspeisung,5800,18279,Rostock,Lalendorf,NA,NA,Mecklenburg-Vorpommern,12.404,53.755,2026,NA,FALSE,Batterie,NA,NA
SEE952536412140,ABR903896520198,Stromspeichereinheit,SEE952536412140,Photovoltaik-Speicher-Kraftwerk Marnitz 3 20MW,Volleinspeisung,6250,19376,Ludwigslust-Parchim,Ruhner Berge,NA,NA,Mecklenburg-Vorpommern,11.89735,53.318424,2027,NA,FALSE,Batterie,NA,NA
SEE900527256310,ABR903896520198,Stromspeichereinheit,SEE900527256310,Photovoltaik-Speicher-Kraftwerk Marnitz 3 10MW,Volleinspeisung,3125,19376,Ludwigslust-Parchim,Ruhner Berge,NA,NA,Mecklenburg-Vorpommern,11.94037,53.300154,2027,NA,FALSE,Batterie,NA,NA
SEE991264623275,ABR918537258415,Stromspeichereinheit,SEE991264623275,Photovoltaik-Speicher-Kraftwerk Gumtow Görike,Volleinspeisung,6000,16866,Prignitz,Gumtow,NA,NA,Brandenburg,12.227347,52.958605,2027,NA,FALSE,Batterie,NA,NA
SEE943817698612,ABR918537258415,Stromspeichereinheit,SEE943817698612,Photovoltaik-Speicher-Kraftwerk Gumtow TF SO 4,Volleinspeisung,6667,16866,Prignitz,Gumtow,NA,NA,Brandenburg,12.27019,52.973233,2027,NA,FALSE,Batterie,NA,NA
SEE985187149936,ABR929565567875,Stromspeichereinheit,NA,SP Petzenberg Speicher,Volleinspeisung,2600,94051,Passau,Hauzenberg,NA,NA,Bayern,13.58985,48.60534,2026,NA,FALSE,Batterie,NA,NA
SEE913720929677,ABR918537258415,Stromspeichereinheit,SEE913720929677,Photovoltaik-Speicher-Kraftwerk Gumtow 3,Volleinspeisung,6667,16866,Prignitz,Gumtow,NA,NA,Brandenburg,12.245375,52.998567,2027,NA,FALSE,Batterie,NA,NA
SEE991507979855,ABR902566775586,Stromspeichereinheit,SEE991507979855,BESS Wefensleben - Inno,Volleinspeisung,1250,39365,Börde,Wefensleben,NA,NA,Sachsen-Anhalt,11.148561,52.175347,2026,NA,FALSE,Batterie,NA,NA
SEE980153322382,ABR982419938566,Stromspeichereinheit,SEE980153322382,Photovoltaik-Speicher-Kraftwerk Kempten,Volleinspeisung,5100,87448,Oberallgäu,Waltenhofen,NA,NA,Bayern,10.271342,47.613993,2027,NA,FALSE,Batterie,NA,NA
SEE912754991247,ABR910314542595,Stromspeichereinheit,SEE912754991247,BESS Roggentin GC Dev,Volleinspeisung,6043,17252,Mecklenburgische Seenplatte,Mirow,NA,NA,Mecklenburg-Vorpommern,12.859117,53.311521,2028,NA,FALSE,Batterie,NA,NA
SEE913171289412,ABR907327736813,Stromspeichereinheit,SEE913171289412,Speicher Velburg VI - P24-288,Volleinspeisung,4425,92355,Neumarkt i.d. OPf.,Velburg,NA,NA,Bayern,11.641412,49.236191,2026,NA,FALSE,Batterie,NA,NA
SEE939775128452,ABR930389810047,Stromspeichereinheit,SEE939775128452,Speicher Beratzhausen VI - P24-216 - Teil 2,Volleinspeisung,1750,93176,Regensburg,Beratzhausen,NA,NA,Bayern,11.84175,49.151456,2026,NA,FALSE,Batterie,NA,NA
SEE995287264767,ABR927555336890,Stromspeichereinheit,SEE995287264767,Speicher Schildau,Volleinspeisung,6800,04889,Nordsachsen,Schildau,NA,NA,Sachsen,12.919697,51.473478,2026,NA,FALSE,Batterie,NA,NA
SEE970085795354,ABR918963625836,Stromspeichereinheit,SEE970085795354,BESS Nüttermoor GC Dev,Volleinspeisung,1927,26789,Leer,Leer,NA,NA,Niedersachsen,7.451536,53.260538,2028,NA,FALSE,Batterie,NA,NA
SEE960663719957,ABR993612869106,Stromspeichereinheit,SEE960663719957,Speicher Dielkirchen - P19-028 - Teil 3,Volleinspeisung,6450,67811,Donnersbergkreis,Dielkirchen,NA,NA,Rheinland-Pfalz,7.828373,49.655925,2026,NA,FALSE,Batterie,NA,NA
SEE902703692783,ABR925344344279,Stromspeichereinheit,SEE902703692783,Speicher Mallersdorf-Pfaffenberg II - P23-120 - Teil 2,Volleinspeisung,1425,84066,Straubing-Bogen,Mallersdorf-Pfaffenberg,NA,NA,Bayern,12.192965,48.772178,2026,NA,FALSE,Batterie,NA,NA
SEE907990762690,ABR985721971351,Stromspeichereinheit,SEE907990762690,Speicher Oberschleißheim - P24-056,Volleinspeisung,4150,85764,München,Oberschleißheim,NA,NA,Bayern,11.56461,48.266679,2026,NA,FALSE,Batterie,NA,NA
SEE965965496773,ABR999697982952,Stromspeichereinheit,SEE965965496773,Speicher Dettelbach - P23-392,Volleinspeisung,5400,97337,Kitzingen,Dettelbach,NA,NA,Bayern,10.070042,49.822962,2026,NA,FALSE,Batterie,NA,NA
SEE924228596292,ABR969976569280,Stromspeichereinheit,SEE924228596292,Speicher Vohburg-Oberdolling - P22-494,Volleinspeisung,6670,85129,Eichstätt,Oberdolling,NA,NA,Bayern,11.614037,48.814996,2026,NA,FALSE,Batterie,NA,NA
SEE923857160171,ABR928827783930,Stromspeichereinheit,SEE923857160171,Speicher Neustadt a.d. Donau - P23-019,Volleinspeisung,3600,93333,Kelheim,Neustadt,NA,NA,Bayern,11.723587,48.869303,2026,NA,FALSE,Batterie,NA,NA
SEE959153878991,ABR903652930414,Stromspeichereinheit,SEE959153878991,Speicher Mögglingen  - P24-236,Volleinspeisung,3625,73563,Ostalbkreis,Mögglingen,NA,NA,Baden-Württemberg,9.979433,48.823719,2026,NA,FALSE,Batterie,NA,NA
SEE946814923480,ABR974862880516,Stromspeichereinheit,SEE946814923480,Speicher Menning  - P22-033,Volleinspeisung,2400,85088,Pfaffenhofen a.d. Ilm,Vohburg,NA,NA,Bayern,11.575983,48.785674,2026,NA,FALSE,Batterie,NA,NA
SEE978358192312,ABR906475143344,Stromspeichereinheit,SEE978358192312,Speicher Großmehring II - P22-071,Volleinspeisung,4750,85098,Eichstätt,Großmehring,NA,NA,Bayern,11.57581,48.788762,2026,NA,FALSE,Batterie,NA,NA
SEE997803743657,ABR994969661610,Stromspeichereinheit,SEE997803743657,Speicher Kühbach IV - P24-064,Volleinspeisung,3375,86556,Aichach-Friedberg,Kühbach,NA,NA,Bayern,11.19109,48.501503,2026,NA,FALSE,Batterie,NA,NA
SEE984375957926,ABR987977246948,Stromspeichereinheit,NA,Lossewerk,Teileinspeisung (einschließlich Eigenverbrauch),6800,34123,Kassel,Kassel,Am Lossewerk,4,Hessen,9.528275,51.314181,2025,NA,FALSE,Batterie,NA,NA
SEE946676030395,ABR919956319381,Stromspeichereinheit,NA,Batteriespeicher Bremen,Volleinspeisung,60000,28237,Bremen,Bremen,Auf den Delben,37,Bremen,8.711979,53.1387,2028,NA,FALSE,Batterie,NA,NA
SEE942155837196,ABR982399820578,Stromspeichereinheit,SEE942155837196,Batterie Niederlamitz,Volleinspeisung,6670,95158,Wunsiedel i. Fichtelgebirge,Kirchenlamitz,NA,NA,Bayern,11.980816,50.150788,2027,NA,FALSE,Batterie,NA,NA
SEE988617841011,ABR980787362983,Stromspeichereinheit,SEE988617841011,Batterie Neuenmarkt,Volleinspeisung,6670,95339,Kulmbach,Neuenmarkt,NA,NA,Bayern,11.57564,50.10606,2027,NA,FALSE,Batterie,NA,NA
SEE916332077347,ABR908393667834,Stromspeichereinheit,SEE916332077347,Batterie Lisberg II,Volleinspeisung,5500,96170,Bamberg,Lisberg,NA,NA,Bayern,10.7319,49.9058,2027,NA,FALSE,Batterie,NA,NA
SEE999898105495,ABR983062476153,Stromspeichereinheit,SEE999898105495,Batterie Priesendorf III,Volleinspeisung,4580,96170,Bamberg,Priesendorf,NA,NA,Bayern,10.72809,49.90624,2027,NA,FALSE,Batterie,NA,NA
SEE923465399536,ABR921198924445,Stromspeichereinheit,SEE923465399536,Wallerfangen Drei Kapuziner 1.2 Speicher,Volleinspeisung,5200,66798,Saarlouis,Wallerfangen,NA,NA,Saarland,6.652904,49.309563,2027,NA,FALSE,Batterie,NA,NA
SEE999714255243,ABR985623752263,Stromspeichereinheit,SEE999714255243,Aasbüttel Speicher,Volleinspeisung,10224,25560,Steinburg,Aasbüttel,NA,NA,Schleswig-Holstein,9.429473,54.065863,2026,NA,FALSE,Batterie,NA,NA
SEE980878446523,ABR985623752263,Stromspeichereinheit,SEE980878446523,Warringholz Speicher,Volleinspeisung,7668,25560,Steinburg,Warringholz,NA,NA,Schleswig-Holstein,9.462128,54.060395,2026,NA,FALSE,Batterie,NA,NA
SEE952410839506,ABR908008414655,Stromspeichereinheit,SEE952410839506,Meppen Speicher,Volleinspeisung,2100,49716,Emsland,Meppen,NA,NA,Niedersachsen,7.31128,52.645779,2027,NA,FALSE,Batterie,NA,NA
SEE964935494047,ABR925722872707,Stromspeichereinheit,SEE964935494047,Batteriespeicher Würges,Volleinspeisung,4400,65520,Limburg-Weilburg,Bad Camberg,NA,NA,Hessen,8.244797,50.278175,2027,NA,FALSE,Batterie,NA,NA
SEE901251939616,ABR965322288614,Stromspeichereinheit,SEE901251939616,Teutschenthal 4 Speicher,Volleinspeisung,5000,06179,Saalekreis,Teutschenthal,NA,NA,Sachsen-Anhalt,11.757213,51.40192,2027,NA,FALSE,Batterie,NA,NA
SEE910799319798,ABR970034193828,Stromspeichereinheit,SEE910799319798,Ahausen Speicher,Volleinspeisung,6700,27367,Rotenburg (Wümme),Ahausen,NA,NA,Niedersachsen,9.344788,53.052714,2027,NA,FALSE,Batterie,NA,NA
SEE963066917562,ABR979637716694,Stromspeichereinheit,SEE963066917562,Emkendorf Fischteich Speicher,Volleinspeisung,3000,24802,Rendsburg-Eckernförde,Emkendorf,NA,NA,Schleswig-Holstein,9.8029,54.234475,2027,NA,FALSE,Batterie,NA,NA
SEE961664690757,ABR909061504451,Stromspeichereinheit,SEE961664690757,Wulkow Speicher,Volleinspeisung,6700,15326,Märkisch-Oderland,Lebus,NA,NA,Brandenburg,14.48722,52.40034,2027,NA,FALSE,Batterie,NA,NA
SEE994736612838,ABR947974162689,Stromspeichereinheit,SEE994736612838,Bad Wünnenberg Speicher,Volleinspeisung,6700,33181,Paderborn,Bad Wünnenberg,NA,NA,Nordrhein-Westfalen,8.735912,51.570106,2027,NA,FALSE,Batterie,NA,NA
SEE929726183425,ABR983736529086,Stromspeichereinheit,SEE929726183425,Verl Speicher,Volleinspeisung,6800,33415,Gütersloh,Verl,NA,NA,Nordrhein-Westfalen,8.518613,51.918985,2028,NA,FALSE,Batterie,NA,NA
SEE906839076233,ABR975744474137,Stromspeichereinheit,SEE906839076233,Agri-Photovoltaik Gersheim I BESS,Volleinspeisung,1900,66453,Saarpfalz-Kreis,Gersheim,Drehbrunnerhof,NA,Saarland,7.234994,49.13049,2027,NA,FALSE,Batterie,NA,NA
SEE995057442869,ABR955846577202,Stromspeichereinheit,SEE995057442869,VENDO SOLAR Park Salzbergen ll Speicher,Volleinspeisung,5500,48499,Emsland,Salzbergen,NA,NA,Niedersachsen,7.393603,52.344051,2027,NA,FALSE,Batterie,NA,NA
SEE966259863189,ABR915969729179,Stromspeichereinheit,SEE966259863189,WBS Bakendorf I,Volleinspeisung,6700,19230,Ludwigslust-Parchim,Gammelin,NA,NA,Mecklenburg-Vorpommern,11.236367,53.488218,2026,NA,FALSE,Batterie,NA,NA
SEE943019351872,ABR915969729179,Stromspeichereinheit,SEE943019351872,WBS Borg I,Volleinspeisung,6700,18311,Vorpommern-Rügen,Ribnitz-Damgarten,NA,NA,Mecklenburg-Vorpommern,12.389986,54.227087,2027,NA,FALSE,Batterie,NA,NA
SEE919980523068,ABR922220306949,Stromspeichereinheit,NA,BESS Langwieder Feld,Volleinspeisung,5015,80999,München,München,NA,NA,Bayern,11.437734,48.186565,2025,NA,FALSE,Batterie,NA,NA
SEE954986580356,ABR918894170337,Stromspeichereinheit,SEE954986580356,Batteriespeicher TEAtherm,Volleinspeisung,7740,91550,Ansbach,Dinkelsbühl,Innovativ-Ring,5,Bayern,10.253099,49.105825,2026,NA,FALSE,Batterie,NA,NA
SEE967076530902,ABR965334605621,Stromspeichereinheit,NA,SMAREG12 Vöhringen I,Volleinspeisung,19600,89269,Neu-Ulm,Vöhringen,Memminger Straße,NA,Bayern,10.083922,48.266282,2025,NA,FALSE,Batterie,NA,NA
SEE939735350800,ABR957620957439,Stromspeichereinheit,SEE939735350800,Containerspeicher,Teileinspeisung (einschließlich Eigenverbrauch),1102.2,59969,Hochsauerlandkreis,Hallenberg,NA,NA,Nordrhein-Westfalen,8.643148,51.103899,2026,NA,FALSE,Batterie,NA,NA
SEE987601922651,ABR948827974039,Stromspeichereinheit,SEE987601922651,Speicher Agri PV,Teileinspeisung (einschließlich Eigenverbrauch),1200,94562,Deggendorf,Oberpöring,Oberpöringermoos,69,Bayern,12.811232,48.712751,2025,NA,FALSE,Batterie,NA,NA
SEE903713713390,ABR973546689391,Stromspeichereinheit,NA,KAP Diedorf,Volleinspeisung,10000,36466,Wartburgkreis,Dermbach,NA,NA,Thüringen,10.120363,50.663803,2026,NA,FALSE,Batterie,NA,NA
SEE975689801395,ABR914871779159,Stromspeichereinheit,NA,BESS Brietlingen,Volleinspeisung,13272,21382,Lüneburg,Brietlingen,NA,NA,Niedersachsen,10.465967,53.335388,2026,NA,FALSE,Batterie,NA,NA
SEE914845982691,ABR932367683483,Stromspeichereinheit,NA,BESS Waltershausen,Volleinspeisung,10350,99880,Gotha,Waltershausen,NA,NA,Thüringen,10.568082,50.910014,2025,NA,FALSE,Batterie,NA,NA
SEE902172697609,ABR927355944486,Stromspeichereinheit,NA,BESS Rackwitz EE,Volleinspeisung,1500,04519,Nordsachsen,Rackwitz,Am Wasserwerk,1,Sachsen,12.377583,51.438778,2025,NA,FALSE,Batterie,NA,NA
SEE911749565579,ABR927355944486,Stromspeichereinheit,NA,BESS Uphusen,Volleinspeisung,1500,28832,Verden,Achim,Uphuser Heerstraße,7,Niedersachsen,8.985009,53.024989,2025,NA,FALSE,Batterie,NA,NA
SEE907315793415,ABR935182969404,Stromspeichereinheit,NA,Kyon-50 Battery Storage,Volleinspeisung,12420,46499,Wesel,Hamminkeln,NA,NA,Nordrhein-Westfalen,6.600102,51.773981,2027,NA,FALSE,Batterie,NA,NA
SEE967119422706,ABR924011581795,Stromspeichereinheit,NA,Kyon-51 Battery Storage,Volleinspeisung,102960,59929,Hochsauerlandkreis,Brilon,NA,NA,Nordrhein-Westfalen,8.622017,51.428921,2027,NA,FALSE,Batterie,NA,NA
SEE940678297886,ABR985968818044,Stromspeichereinheit,NA,Kyon-41 Battery Storage,Volleinspeisung,19800,56814,Cochem-Zell,Faid,NA,NA,Rheinland-Pfalz,7.111334,50.152386,2026,NA,FALSE,Batterie,NA,NA
SEE994239952295,ABR981242264477,Stromspeichereinheit,NA,trlyr 3,Volleinspeisung,10350,95369,Kulmbach,Untersteinach,Siemensstraße,2,Bayern,11.540887,50.139252,2025,NA,FALSE,Batterie,NA,NA
SEE954258266537,ABR955080186604,Stromspeichereinheit,SEE954258266537,BESS Liethe,Volleinspeisung,1300,26180,Ammerland,Rastede,Stellmoorweg,NA,Niedersachsen,8.171385,53.257065,2027,NA,FALSE,Batterie,NA,NA
SEE931278308010,ABR992299967853,Stromspeichereinheit,SEE931278308010,BESS Leuchtenburg,Volleinspeisung,1890,26180,Ammerland,Rastede,Schoolstraat,NA,Niedersachsen,8.186228,53.229102,2027,NA,FALSE,Batterie,NA,NA
SEE964913287715,ABR940858678825,Stromspeichereinheit,NA,BSS IGB,Volleinspeisung,2800,66386,Saarpfalz-Kreis,St. Ingbert,Kahlenbergstraße,5,Saarland,7.153308,49.276649,2025,NA,FALSE,Batterie,NA,NA
SEE965050451632,ABR940858678825,Stromspeichereinheit,NA,BSS Saarwellingen,Volleinspeisung,1200,66793,Saarlouis,Saarwellingen,Werner-von-Siemens-Straße,7,Saarland,6.791086,49.356798,2025,NA,FALSE,Batterie,NA,NA
SEE922881118097,ABR951581837830,Stromspeichereinheit,NA,BESS_Gransee_groß,Volleinspeisung,100000,16775,Oberhavel,Gransee,NA,NA,Brandenburg,13.204474,53.04207,2027,NA,FALSE,Batterie,NA,NA
SEE961726224098,ABR964196876101,Stromspeichereinheit,NA,Batteriespeicher Schneeberg zur Verbesserung der Versorgungssicherheit,Volleinspeisung,8000,08289,Erzgebirgskreis,Schneeberg,NA,NA,Sachsen,12.64207,50.609339,2026,NA,FALSE,Batterie,NA,NA
SEE956596589897,ABR989044820808,Stromspeichereinheit,NA,Speicher Karstädt,Volleinspeisung,20700,19357,Prignitz,Karstädt,Mühlenstraße,1 d,Brandenburg,11.738645,53.16357,2025,NA,FALSE,Batterie,NA,NA
SEE992238400885,ABR923199553242,Stromspeichereinheit,SEE992238400885,"Rodenkichen Flur 9 314/3, 315/3, 799/313, 321/1",Volleinspeisung,4500,26935,Wesermarsch,Stadland,NA,NA,Niedersachsen,8.4475,53.379807,2026,NA,FALSE,Batterie,NA,NA
SEE905648059437,ABR937051256936,Stromspeichereinheit,SEE905648059437,"Rodenkirchen 9 819/244, 897/243, 738/254",Volleinspeisung,1200,26935,Wesermarsch,Stadland,NA,NA,Niedersachsen,8.458782,53.375125,2026,NA,FALSE,Batterie,NA,NA
SEE908597546256,ABR924759618234,Stromspeichereinheit,SEE908597546256,"Rodenkirchen 9 246, 247, 644/207, 641/206, 820/245",Volleinspeisung,1200,26935,Wesermarsch,Stadland,NA,NA,Niedersachsen,8.455865,53.3787,2026,NA,FALSE,Batterie,NA,NA
SEE959090349080,ABR962755647575,Stromspeichereinheit,NA,Speicher Umspannwerk,Volleinspeisung,8575,91555,Ansbach,Feuchtwangen,NA,NA,Bayern,10.33017,49.16014,2025,NA,FALSE,Batterie,NA,NA
SEE948927834400,ABR994319947715,Stromspeichereinheit,SEE948927834400,PV-Park Michelsberg (BESS),Volleinspeisung,2500,34613,Schwalm-Eder-Kreis,Schwalmstadt,NA,NA,Hessen,9.239703,50.97177,2026,NA,FALSE,Batterie,NA,NA
SEE953815288937,ABR904881155135,Stromspeichereinheit,NA,BESS Immenstadt,Volleinspeisung,15800,87509,Oberallgäu,Immenstadt,NA,NA,Bayern,10.234394,47.559422,2025,NA,FALSE,Batterie,NA,NA
SEE932752516075,ABR993172764651,Stromspeichereinheit,NA,Zwickau 2 Speicher,Volleinspeisung,8519.68,08066,Zwickau,Zwickau,NA,NA,Sachsen,12.517842,50.712577,2025,NA,FALSE,Batterie,NA,NA
SEE922158261037,ABR963986876604,Stromspeichereinheit,NA,ECO POWER ONE CD,Teileinspeisung (einschließlich Eigenverbrauch),51750,24855,Schleswig-Flensburg,Bollingstedt,NA,NA,Schleswig-Holstein,9.473966,54.577266,2025,NA,FALSE,Batterie,NA,NA
SEE924386471219,ABR950434020665,Stromspeichereinheit,SEE924386471219,BESS Schneeheide,Volleinspeisung,5015,29664,Heidekreis,Walsrode,NA,NA,Niedersachsen,9.516482,52.869784,2026,NA,FALSE,Batterie,NA,NA
SEE944489514293,ABR963466871235,Stromspeichereinheit,SEE944489514293,BESS Elbenhorst,Volleinspeisung,5015,29664,Heidekreis,Walsrode,NA,NA,Niedersachsen,9.570803,52.847626,2026,NA,FALSE,Batterie,NA,NA
SEE986391975526,ABR914172873976,Stromspeichereinheit,SEE986391975526,BESS Eichberg-Lindenberg,Volleinspeisung,5015,29664,Heidekreis,Walsrode,NA,NA,Niedersachsen,9.583001,52.84063,2026,NA,FALSE,Batterie,NA,NA
SEE986241248909,ABR978832391354,Stromspeichereinheit,SEE986241248909,Batteriespeicher Gusenburg PV1,Volleinspeisung,2520,54413,Trier-Saarburg,Gusenburg,NA,NA,Rheinland-Pfalz,6.901697,49.653424,2027,NA,FALSE,Batterie,NA,NA
SEE936603223174,ABR978832391354,Stromspeichereinheit,SEE936603223174,Batteriespeicher Gusenburg PV2,Volleinspeisung,5040,54413,Trier-Saarburg,Gusenburg,NA,NA,Rheinland-Pfalz,6.898754,49.653892,2027,NA,FALSE,Batterie,NA,NA
SEE931085588599,ABR929062269258,Stromspeichereinheit,SEE931085588599,Evciler,Teileinspeisung (einschließlich Eigenverbrauch),5400,47829,Krefeld,Krefeld,Alte Krefelder Straße,23,Nordrhein-Westfalen,6.647828,51.353499,2025,NA,FALSE,Batterie,NA,NA
SEE922230691226,ABR997481012212,Stromspeichereinheit,SEE922230691226,GS Diekberge,Volleinspeisung,3700,37186,Northeim,Moringen,Deichbergstraße,NA,Niedersachsen,9.842596,51.708228,2026,NA,FALSE,Batterie,NA,NA
SEE966772334135,ABR956449611508,Stromspeichereinheit,NA,Speicher,Volleinspeisung,2556,28219,Bremen,Bremen,Schongauer Straße,7,Bremen,8.799423,53.107196,2026,NA,FALSE,Batterie,NA,NA
SEE939652941914,ABR992209465424,Stromspeichereinheit,NA,PV-Speicher LUNA2000 (Speicher 1.2),Teileinspeisung (einschließlich Eigenverbrauch),2236,78567,Tuttlingen,Fridingen,Dr.-Werner-Esser-Str.,1,Baden-Württemberg,8.940557,48.039386,2026,NA,FALSE,Batterie,NA,NA
SEE954576589264,ABR915392228539,Stromspeichereinheit,SEE954576589264,QWB COE Batterie groß,Teileinspeisung (einschließlich Eigenverbrauch),1200,48653,Coesfeld,Coesfeld,Letter Bruch,13,Nordrhein-Westfalen,7.123523,51.866075,2026,NA,FALSE,Batterie,NA,NA
SEE910977344703,ABR942491613195,Stromspeichereinheit,NA,Batteriespeicher Wiesenstraße,Volleinspeisung,10000,40549,Düsseldorf,Düsseldorf,Wiesenstraße,76-78,Nordrhein-Westfalen,6.707202,51.225853,2027,NA,FALSE,Batterie,NA,NA
SEE958765101657,ABR969603507029,Stromspeichereinheit,SEE958765101657,Speicher Nordost,Teileinspeisung (einschließlich Eigenverbrauch),1400,44329,Dortmund,Dortmund,NA,NA,Nordrhein-Westfalen,7.543207,51.579908,2027,NA,FALSE,Batterie,NA,NA
SEE905100870198,ABR988034796239,Stromspeichereinheit,SEE905100870198,Speicher PVA Haitzing,Volleinspeisung,2236,94575,Passau,Windorf,NA,NA,Bayern,13.273656,48.658547,2026,NA,FALSE,Batterie,NA,NA
SEE977412622109,ABR931819733677,Stromspeichereinheit,SEE977412622109,BESS APV Heimbach,Volleinspeisung,1210,55779,Birkenfeld,Heimbach,Altwieserhof,1,Rheinland-Pfalz,7.251082,49.622721,2026,NA,FALSE,Batterie,NA,NA
SEE921222366043,ABR918952916969,Stromspeichereinheit,NA,Batteriepark Metelen,Volleinspeisung,92500,48629,Steinfurt,Metelen,NA,NA,Nordrhein-Westfalen,7.226991,52.154179,2026,NA,FALSE,Batterie,NA,NA
SEE983384565948,ABR934839738578,Stromspeichereinheit,SEE983384565948,Speicher PV POE-Maising,Volleinspeisung,2320,82343,Starnberg,Pöcking,NA,NA,Bayern,11.297355,47.982753,2026,NA,FALSE,Batterie,NA,NA
SEE919978964262,ABR988666134065,Stromspeichereinheit,NA,Stromspeicher Batterie Riegel II,Volleinspeisung,8096,73450,Ostalbkreis,Neresheim,NA,NA,Baden-Württemberg,10.300512,48.757833,2025,NA,FALSE,Batterie,NA,NA
SEE987991614587,ABR955293394254,Stromspeichereinheit,SEE987991614587,Solarpark Goldbach - Stumpertsacker,Volleinspeisung,2236,63773,Aschaffenburg,Goldbach,NA,NA,Bayern,9.193319,49.993269,2026,NA,FALSE,Batterie,NA,NA
SEE917571750633,ABR920590741933,Stromspeichereinheit,SEE917571750633,Speichereinheit 1 Schönleiten,Volleinspeisung,2160,93128,Regensburg,Regenstauf,NA,NA,Bayern,12.041488,49.158281,2026,NA,FALSE,Batterie,NA,NA
SEE998391664744,ABR978974777047,Stromspeichereinheit,SEE998391664744,Pilsach Litzlohe 2 Batterie,Volleinspeisung,2520,92367,Neumarkt i.d. OPf.,Pilsach,NA,NA,Bayern,11.495958,49.372719,2026,NA,FALSE,Batterie,NA,NA
SEE949661513057,ABR971144695646,Stromspeichereinheit,SEE949661513057,BESS Achim Uesen,Volleinspeisung,3130,28832,Verden,Achim,An der Eisenbahn,NA,Niedersachsen,9.05262,53.015506,2027,NA,FALSE,Batterie,NA,NA
SEE991026048377,ABR962607270807,Stromspeichereinheit,SEE991026048377,BESS Schneeheide 2,Volleinspeisung,5015,29664,Heidekreis,Walsrode,NA,NA,Niedersachsen,9.537446,52.860915,2026,NA,FALSE,Batterie,NA,NA
SEE941735857784,ABR994066870342,Stromspeichereinheit,SEE941735857784,Schwieberdingen 2 Batterie,Volleinspeisung,2088,71701,Ludwigsburg,Schwieberdingen,NA,NA,Baden-Württemberg,9.100035,48.887143,2026,NA,FALSE,Batterie,NA,NA
SEE936077652739,ABR963377625118,Stromspeichereinheit,SEE936077652739,Batteriespeicher,Volleinspeisung,1500,48308,Coesfeld,Senden,Broholt,35,Nordrhein-Westfalen,7.548616,51.82616,2026,NA,FALSE,Batterie,NA,NA
SEE966758284447,ABR902772494981,Stromspeichereinheit,NA,Terra One Energy Grid 2 GmbH,Volleinspeisung,15000,21702,Stade,Ahlerstedt,NA,NA,Niedersachsen,9.421017,53.418419,2025,NA,FALSE,Batterie,NA,NA
SEE954162911738,ABR977097242463,Stromspeichereinheit,SEE954162911738,BEE - BESS Haßlinghausen,Volleinspeisung,3750,45549,Ennepe-Ruhr-Kreis,Sprockhövel,NA,NA,Nordrhein-Westfalen,7.315423,51.329691,2027,NA,FALSE,Batterie,NA,NA
SEE971815140352,ABR915459487763,Stromspeichereinheit,SEE971815140352,hep solar Buchloe GmbH ＆ Co. KG Speicher,Volleinspeisung,3048,86807,Ostallgäu,Buchloe,NA,NA,Bayern,10.68825,48.026964,2026,NA,FALSE,Batterie,NA,NA
SEE915264990090,ABR991504676306,Stromspeichereinheit,SEE915264990090,Bürger PV Berlichingen Speicher 1,Volleinspeisung,6700,74214,Hohenlohekreis,Schöntal,Ziegelhütte,NA,Baden-Württemberg,9.506101,49.320638,2027,NA,FALSE,Batterie,NA,NA
SEE984846961674,ABR988265034674,Stromspeichereinheit,SEE984846961674,Speicher I,Volleinspeisung,1056,59964,Hochsauerlandkreis,Medebach,Twengweg,13,Nordrhein-Westfalen,8.651882,51.252395,2025,NA,FALSE,Batterie,NA,NA
SEE997717393634,ABR988265034674,Stromspeichereinheit,SEE997717393634,Speicher II,Teileinspeisung (einschließlich Eigenverbrauch),1408,59964,Hochsauerlandkreis,Medebach,Twengweg,13,Nordrhein-Westfalen,8.651882,51.252395,2025,NA,FALSE,Batterie,NA,NA
SEE948553867506,ABR985438163254,Stromspeichereinheit,SEE948553867506,Speicher,Volleinspeisung,10000,06386,Anhalt-Bitterfeld,Osternienburger Land,NA,NA,Sachsen-Anhalt,12.102613,51.805205,2027,NA,FALSE,Batterie,NA,NA
SEE965347778626,ABR924410946720,Stromspeichereinheit,SEE965347778626,Speicher Altenstadt / Limeshain,Volleinspeisung,10030,63674,Wetteraukreis,Altenstadt,NA,NA,Hessen,8.972182,50.279258,2027,NA,FALSE,Batterie,NA,NA
SEE956466143402,ABR970726262009,Stromspeichereinheit,SEE956466143402,Meyenburger Energiepark Batteriespeicher,Volleinspeisung,3000,16945,Prignitz,Meyenburg,NA,NA,Brandenburg,12.246352,53.304184,2026,NA,FALSE,Batterie,NA,NA
SEE933008520112,ABR997617342237,Stromspeichereinheit,SEE933008520112,FF ESS WH Sailauf,Volleinspeisung,3000,63877,Aschaffenburg,Sailauf,NA,NA,Bayern,9.24788,50.00211,2026,NA,FALSE,Batterie,NA,NA
SEE981138656072,ABR927217718941,Stromspeichereinheit,SEE981138656072,Speicher Wonfurt,Teileinspeisung (einschließlich Eigenverbrauch),1278,97539,Haßberge,Wonfurt,NA,NA,Bayern,10.486057,50.005206,2026,NA,FALSE,Batterie,NA,NA
SEE981866838481,ABR915166681270,Stromspeichereinheit,SEE981866838481,Batteriespeicher Nauen V,Volleinspeisung,5250,14641,Havelland,Nauen,NA,NA,Brandenburg,12.859083,52.561812,2027,NA,FALSE,Batterie,NA,NA
SEE953827140490,ABR900583723115,Stromspeichereinheit,SEE953827140490,Batteriespeicher Lengerich,Volleinspeisung,3500,49525,Steinfurt,Lengerich,NA,NA,Nordrhein-Westfalen,7.795255,52.191435,2027,NA,FALSE,Batterie,NA,NA
SEE966587082344,ABR953612871226,Stromspeichereinheit,SEE966587082344,Speicher Querenbach,Volleinspeisung,6580,95236,Hof,Stammbach,NA,NA,Bayern,11.741302,50.150228,2027,NA,FALSE,Batterie,NA,NA
SEE954066913074,ABR931678066954,Stromspeichereinheit,NA,Batteriespeicher-Park Worms,Volleinspeisung,30000,67547,Worms,Worms,NA,NA,Rheinland-Pfalz,8.356622,49.65132,2026,NA,FALSE,Batterie,NA,NA
SEE901268232014,ABR993144943596,Stromspeichereinheit,NA,trlyr 4,Volleinspeisung,15804,04720,Mittelsachsen,Döbeln,Stockhausener Straße,6,Sachsen,13.093779,51.123343,2025,NA,FALSE,Batterie,NA,NA
SEE900923294442,ABR993275436431,Stromspeichereinheit,SEE900923294442,BESS Altlüdersdorf,Volleinspeisung,5000,16775,Oberhavel,Gransee,NA,NA,Brandenburg,13.181149,53.048343,2027,NA,FALSE,Batterie,NA,NA
SEE988737823843,ABR901045300707,Stromspeichereinheit,SEE988737823843,Speicher Pottenstein,Volleinspeisung,1278,91278,Bayreuth,Pottenstein,NA,NA,Bayern,11.444635,49.803348,2026,NA,FALSE,Batterie,NA,NA
SEE923883997314,ABR900201116954,Stromspeichereinheit,SEE923883997314,Speicher Sinntal,Volleinspeisung,1278,36391,Main-Kinzig-Kreis,Sinntal,NA,NA,Hessen,9.582195,50.300059,2026,NA,FALSE,Batterie,NA,NA
SEE987287625068,ABR972891983246,Stromspeichereinheit,SEE987287625068,BESS zur PV-FFA Gardelegen Flugplatz,Volleinspeisung,7500,39638,Altmarkkreis Salzwedel,Gardelegen,NA,NA,Sachsen-Anhalt,11.342086,52.523914,2027,NA,FALSE,Batterie,NA,NA
SEE967934196264,ABR994712669689,Stromspeichereinheit,SEE967934196264,Speicher APV Bad Waldsee,Volleinspeisung,2032,88339,Ravensburg,Bad Waldsee,NA,NA,Baden-Württemberg,9.76815,47.90864,2026,NA,FALSE,Batterie,NA,NA
SEE900748205791,ABR991566458513,Stromspeichereinheit,SEE900748205791,Speicher APV Kißlegg,Volleinspeisung,2032,88353,Ravensburg,Kißlegg,NA,NA,Baden-Württemberg,9.90071,47.7827,2026,NA,FALSE,Batterie,NA,NA
SEE920046158025,ABR997481012212,Stromspeichereinheit,NA,GS Solargarten,Volleinspeisung,14200,34266,Kassel,Niestetal,Am Solargarten,1,Hessen,9.568942,51.31781,2025,NA,FALSE,Batterie,NA,NA
SEE971993225407,ABR958891965796,Stromspeichereinheit,SEE971993225407,Aufseß Hochstahl Speicher,Volleinspeisung,3000,91347,Bayreuth,Aufseß,NA,NA,Bayern,11.29028,49.8872,2027,NA,FALSE,Batterie,NA,NA
SEE949851466187,ABR958891965796,Stromspeichereinheit,SEE949851466187,Aufseß Neuhaus Speicher,Volleinspeisung,4500,91347,Bayreuth,Aufseß,NA,NA,Bayern,11.23547,49.89943,2027,NA,FALSE,Batterie,NA,NA
SEE987543360665,ABR904512072893,Stromspeichereinheit,SEE987543360665,Speicher Trugenhofen-Rohrbach-Rennertshofen - P24-036,Volleinspeisung,1900,86643,Neuburg-Schrobenhausen,Rennertshofen,NA,NA,Bayern,11.026301,48.766517,2026,NA,FALSE,Batterie,NA,NA
SEE981846556862,ABR987473741862,Stromspeichereinheit,SEE981846556862,Bindlach-Eckershof Speicher,Volleinspeisung,2667,95463,Bayreuth,Bindlach,NA,NA,Bayern,11.60592,49.991397,2027,NA,FALSE,Batterie,NA,NA
SEE987087313639,ABR981107567514,Stromspeichereinheit,SEE987087313639,Solarpark Heiden GmbH ＆ Co. KG Batterie,Volleinspeisung,4472,46359,Borken,Heiden,NA,NA,Nordrhein-Westfalen,6.922846,51.783135,2027,NA,FALSE,Batterie,NA,NA
SEE967020267441,ABR951054133315,Stromspeichereinheit,SEE967020267441,Trappstadt-Alsleben Ost 1.3 Speicher,Volleinspeisung,1900,97633,Rhön-Grabfeld,Trappstadt,NA,NA,Bayern,10.59342,50.29126,2026,NA,FALSE,Batterie,NA,NA
SEE997964210746,ABR906041621061,Stromspeichereinheit,SEE997964210746,BESS zur PV-FFA Niedergörsdorf,Volleinspeisung,7500,14913,Teltow-Fläming,Niedergörsdorf,NA,NA,Brandenburg,12.943945,51.96524,2027,NA,FALSE,Batterie,NA,NA
SEE950360832110,ABR900973759915,Stromspeichereinheit,SEE950360832110,BESS Oberhaid,Volleinspeisung,2000,56237,Westerwaldkreis,Oberhaid,NA,NA,Rheinland-Pfalz,7.712896,50.505348,2026,NA,FALSE,Batterie,NA,NA
SEE904986763730,ABR915166681270,Stromspeichereinheit,SEE904986763730,Batteriespeicher Nauen III,Volleinspeisung,3500,14641,Havelland,Nauen,NA,NA,Brandenburg,12.860973,52.561627,2027,NA,FALSE,Batterie,NA,NA
SEE928023239590,ABR989646990305,Stromspeichereinheit,SEE928023239590,BAT Fürstenfeldbruck,Volleinspeisung,8000,82256,Fürstenfeldbruck,Fürstenfeldbruck,NA,NA,Bayern,11.27649,48.173602,2026,NA,FALSE,Batterie,NA,NA
SEE960215928783,ABR991542006028,Stromspeichereinheit,SEE960215928783,Speicher Waffenbrunn,Volleinspeisung,1100,93494,Cham,Waffenbrunn,NA,NA,Bayern,12.671616,49.255286,2026,NA,FALSE,Batterie,NA,NA
SEE975263910024,ABR921411392013,Stromspeichereinheit,SEE975263910024,"Grünstromspeicher Krummennaab 4,8 MW",Volleinspeisung,4800,92703,Tirschenreuth,Krummennaab,NA,NA,Bayern,12.11204,49.82747,2026,NA,FALSE,Batterie,NA,NA
SEE987963426217,ABR924621242963,Stromspeichereinheit,SEE987963426217,BESS Ehra-Lessien GC DEV,Volleinspeisung,6667,38468,Gifhorn,Ehra-Lessien,NA,NA,Niedersachsen,10.782429,52.549764,2028,NA,FALSE,Batterie,NA,NA
SEE939545429956,ABR982325145256,Stromspeichereinheit,SEE939545429956,BESS Kölsa GC DEV,Volleinspeisung,1687,04509,Nordsachsen,Wiedemar,NA,NA,Sachsen,12.218828,51.468944,2028,NA,FALSE,Batterie,NA,NA
SEE991461478654,ABR909629205462,Stromspeichereinheit,SEE991461478654,BESS Niederdorf GC DEV,Volleinspeisung,6667,09366,Erzgebirgskreis,Niederdorf,NA,NA,Sachsen,12.781691,50.733523,2025,NA,FALSE,Batterie,NA,NA
SEE995106340924,ABR903769667838,Stromspeichereinheit,SEE995106340924,Speicher Inchenhofen III - P22-578 - Teil 2,Volleinspeisung,3750,86570,Aichach-Friedberg,Inchenhofen,NA,NA,Bayern,11.09046,48.53662,2026,NA,FALSE,Batterie,NA,NA
SEE907289746684,ABR921233842260,Stromspeichereinheit,SEE907289746684,Emkendorf Grotenheid 2 Speicher,Volleinspeisung,6800,24802,Rendsburg-Eckernförde,Emkendorf,NA,NA,Schleswig-Holstein,9.7912,54.240943,2028,NA,FALSE,Batterie,NA,NA
SEE937522515654,ABR934451432649,Stromspeichereinheit,SEE937522515654,Bernhardswinden Speicher,Volleinspeisung,1338,91522,Ansbach,Ansbach,NA,NA,Bayern,10.57037,49.256061,2026,NA,FALSE,Batterie,NA,NA
SEE967874076718,ABR932198268156,Stromspeichereinheit,SEE967874076718,Frankfurt Oder Lindower Weg Speicher,Volleinspeisung,6800,15236,Frankfurt (Oder),Frankfurt,NA,NA,Brandenburg,14.462864,52.289016,2028,NA,FALSE,Batterie,NA,NA
SEE975758930971,ABR987243774533,Stromspeichereinheit,SEE975758930971,Speicher Zell,Volleinspeisung,3253,95239,Hof,Zell,NA,NA,Bayern,11.777782,50.142098,2028,NA,FALSE,Batterie,NA,NA
SEE985857643535,ABR974083888209,Stromspeichereinheit,SEE985857643535,Oster-Schnatebüll 2.3 Speicher,Volleinspeisung,6800,25917,Nordfriesland,Leck,NA,NA,Schleswig-Holstein,8.942593,54.74542,2028,NA,FALSE,Batterie,NA,NA
SEE939905669121,ABR954706606533,Stromspeichereinheit,SEE939905669121,PV-Speicher Benstaben,Volleinspeisung,1016,23858,Stormarn,Barnitz,NA,NA,Schleswig-Holstein,10.465196,53.810691,2026,NA,FALSE,Batterie,NA,NA
SEE919195980328,ABR943683191538,Stromspeichereinheit,SEE919195980328,Bokhorst Speicher,Volleinspeisung,3100,25560,Steinburg,Bokhorst,NA,NA,Schleswig-Holstein,9.386059,54.051535,2028,NA,FALSE,Batterie,NA,NA
SEE932256145191,ABR929575044663,Stromspeichereinheit,SEE932256145191,Borgstedtfelde Speicher,Volleinspeisung,3500,24794,Rendsburg-Eckernförde,Borgstedt,NA,NA,Schleswig-Holstein,9.682909,54.337456,2028,NA,FALSE,Batterie,NA,NA
SEE987800479291,ABR930965484204,Stromspeichereinheit,SEE987800479291,SolaRE 14 BESS,Volleinspeisung,1788,46359,Borken,Heiden,NA,NA,Nordrhein-Westfalen,6.919858,51.782947,2026,NA,FALSE,Batterie,NA,NA
SEE983540626018,ABR914496834073,Stromspeichereinheit,SEE983540626018,PVFA Engelhelmser Hecken,Volleinspeisung,2897,36093,Fulda,Künzell,NA,NA,Hessen,9.72829,50.533879,2026,NA,FALSE,Batterie,NA,NA
SEE957904249984,ABR907326834909,Stromspeichereinheit,SEE957904249984,Siedenbollentin 1.4 Speicher,Volleinspeisung,6800,17089,Mecklenburgische Seenplatte,Siedenbollentin,NA,NA,Mecklenburg-Vorpommern,13.398611,53.71586,2028,NA,FALSE,Batterie,NA,NA
SEE983689545126,ABR981408618762,Stromspeichereinheit,SEE983689545126,Bagenz Speicher,Volleinspeisung,6800,03058,Spree-Neiße,Neuhausen,NA,NA,Brandenburg,14.433914,51.63896,2028,NA,FALSE,Batterie,NA,NA
SEE903214443598,ABR986648138896,Stromspeichereinheit,SEE903214443598,ABO Energy Solarpark Korweiler Batterie,Volleinspeisung,2617,56288,Rhein-Hunsrück-Kreis,Korweiler,NA,NA,Rheinland-Pfalz,7.405925,50.106615,2026,NA,FALSE,Batterie,NA,NA
SEE917726221339,ABR985497852045,Stromspeichereinheit,SEE917726221339,Wustermark Speicher,Volleinspeisung,3900,14641,Havelland,Wustermark,NA,NA,Brandenburg,12.959838,52.519414,2028,NA,FALSE,Batterie,NA,NA
SEE908011590407,ABR954419689816,Stromspeichereinheit,SEE908011590407,Harburg Speicher,Volleinspeisung,6800,86655,Donau-Ries,Harburg,NA,NA,Bayern,10.762743,48.805544,2028,NA,FALSE,Batterie,NA,NA
SEE966539145950,ABR965873924863,Stromspeichereinheit,SEE966539145950,BAT-TF-6021-02,Volleinspeisung,7000,16230,Barnim,Sydower Fließ,NA,NA,Brandenburg,13.697897,52.713934,2027,NA,FALSE,Batterie,NA,NA
SEE952795558252,ABR963699520559,Stromspeichereinheit,SEE952795558252,BESS Dummerstorf Energiewende,Volleinspeisung,2084,18196,Rostock,Dummerstorf,NA,NA,Mecklenburg-Vorpommern,12.271463,54.026931,2025,NA,FALSE,Batterie,NA,NA
SEE905820921729,ABR940594298417,Stromspeichereinheit,NA,Batteriespeicher JT Energy Systems GmbH,Volleinspeisung,25000,09627,Mittelsachsen,Bobritzsch-Hilbersdorf,Buchenstr.,1,Sachsen,13.3977,50.9243,2022,NA,FALSE,Batterie,NA,NA
SEE999581910528,ABR905956843650,Stromspeichereinheit,NA,BEES Kränzlin,Volleinspeisung,60000,16818,Ostprignitz-Ruppin,Märkisch Linden,NA,NA,Brandenburg,12.720833,52.930556,2026,NA,FALSE,Batterie,NA,NA
SEE999463696526,ABR995797003443,Stromspeichereinheit,NA,Batteriespeicher Teil 1 Airbus Helicopters Deutschland,Teileinspeisung (einschließlich Eigenverbrauch),2000,86609,Donau-Ries,Donauwörth,Industriestraße,4,Bayern,10.775267,48.711851,2025,NA,FALSE,Batterie,NA,NA
SEE944624122932,ABR972798538464,Stromspeichereinheit,NA,Batteriespeicher,Teileinspeisung (einschließlich Eigenverbrauch),3200,94127,Passau,Neuburg,Schmelzing,1,Bayern,13.410436,48.521691,2025,NA,FALSE,Batterie,NA,NA
SEE955042192971,ABR983327904544,Stromspeichereinheit,NA,PowerCenter Salzgitter 1,Volleinspeisung,20000,38239,Salzgitter,Salzgitter,NA,NA,Niedersachsen,10.450278,52.188056,2026,NA,FALSE,Batterie,NA,NA
SEE973349507359,ABR921704480304,Stromspeichereinheit,NA,trlyr 5,Volleinspeisung,15000,29227,Celle,Celle,Zum Burgwall,5,Niedersachsen,10.094972,52.588031,2026,NA,FALSE,Batterie,NA,NA
SEE901316227306,ABR915068942295,Stromspeichereinheit,NA,Karlsruhe RDK ESBS,Volleinspeisung,2667,76189,Karlsruhe,Karlsruhe,Fettweisstraße,46,Baden-Württemberg,8.306929,49.012174,2025,NA,FALSE,Batterie,NA,NA
SEE985756292018,ABR975436196279,Stromspeichereinheit,NA,BESS Tangermünde,Volleinspeisung,3000,39590,Stendal,Tangermünde,NA,NA,Sachsen-Anhalt,11.966125,52.57002,2026,NA,FALSE,Batterie,NA,NA
SEE964631292176,ABR914796709125,Stromspeichereinheit,NA,BESS Hettstedt,Volleinspeisung,12000,06333,Mansfeld-Südharz,Hettstedt,Ritteröder Straße,NA,Sachsen-Anhalt,11.491258,51.641328,2025,NA,FALSE,Batterie,NA,NA
SEE972880386287,ABR987772819477,Stromspeichereinheit,NA,Speicher 3,Volleinspeisung,20000,25821,Nordfriesland,Reußenköge,NA,NA,Schleswig-Holstein,8.906919,54.615389,2025,NA,FALSE,Batterie,NA,NA
SEE917849285607,ABR929484928641,Stromspeichereinheit,SEE917849285607,Bohnenkamp - Speicher,Teileinspeisung (einschließlich Eigenverbrauch),1140,49076,Osnabrück,Osnabrück,Dieselstraße,14,Niedersachsen,7.963525,52.303528,2025,NA,FALSE,Batterie,NA,NA
SEE998407246025,ABR911725059788,Stromspeichereinheit,NA,Batteriespeicher-Park Münster,Volleinspeisung,5000,48153,Münster,Münster,Trauttmansdorffstraße,65,Nordrhein-Westfalen,7.636511,51.925516,2026,NA,FALSE,Batterie,NA,NA
SEE921797038413,ABR983219837875,Stromspeichereinheit,SEE921797038413,Grühai Batterie,Volleinspeisung,2820,09579,Erzgebirgskreis,Grünhainichen,Kirchstraße,9,Sachsen,13.153559,50.772092,2025,NA,FALSE,Batterie,NA,NA
SEE964009614593,ABR919698597108,Stromspeichereinheit,NA,Zeven FlexPower Energy GmbH,Volleinspeisung,2050,27404,Rotenburg (Wümme),Zeven,NA,NA,Niedersachsen,9.307839,53.276028,2025,NA,FALSE,Batterie,NA,NA
SEE921274103399,ABR981012087725,Stromspeichereinheit,NA,Tiste BESS,Volleinspeisung,3800,27419,Rotenburg (Wümme),Tiste,Herwigshof,1,Niedersachsen,9.5917,53.29726,2026,NA,FALSE,Batterie,NA,NA
SEE933255558609,ABR949638147681,Stromspeichereinheit,SEE933255558609,Batteriespeicher,Teileinspeisung (einschließlich Eigenverbrauch),4780,59939,Hochsauerlandkreis,Olsberg,Im Westfeld,2,Nordrhein-Westfalen,8.500311,51.309886,2026,NA,FALSE,Batterie,NA,NA
SEE967700439199,ABR924785063442,Stromspeichereinheit,NA,BESS Quedlinburg,Volleinspeisung,13800,06485,Harz,Quedlinburg,Auf den Steinen,NA,Sachsen-Anhalt,11.148252,51.740873,2025,NA,FALSE,Batterie,NA,NA
SEE915122006536,ABR910753113448,Stromspeichereinheit,NA,Energiehaus,Volleinspeisung,1760,49624,Cloppenburg,Löningen,Ehrener Kirchweg,6,Niedersachsen,7.694879,52.699726,2025,NA,FALSE,Batterie,NA,NA
SEE918385807070,ABR922267365824,Stromspeichereinheit,NA,Großbatteriespeicher Alfeld,Volleinspeisung,53470,31061,Hildesheim,Alfeld,Industriestraße,NA,Niedersachsen,9.796297,52.00062,2026,NA,FALSE,Batterie,NA,NA
SEE902226350702,ABR913279061811,Stromspeichereinheit,NA,BESS Leer Nord,Volleinspeisung,15360,26789,Leer,Leer,Nüttermoorer Straße,NA,Niedersachsen,7.421074,53.262838,2026,NA,FALSE,Batterie,NA,NA
SEE989130828251,ABR930785564612,Stromspeichereinheit,NA,BESS Leer,Volleinspeisung,3840,26789,Leer,Leer,Sägemühlenstraße,49,Niedersachsen,7.463746,53.222263,2026,NA,FALSE,Batterie,NA,NA
SEE991686074006,ABR957478720759,Stromspeichereinheit,NA,BESS Aurich,Volleinspeisung,5040,26605,Aurich,Aurich,Extumer Weg,NA,Niedersachsen,7.4639,53.468557,2026,NA,FALSE,Batterie,NA,NA
SEE972436810921,ABR936920060308,Stromspeichereinheit,NA,BESS SPAU,Volleinspeisung,3440,86853,Augsburg,Langerringen,Senderstraße,990,Bayern,10.699143,48.098573,2026,NA,FALSE,Batterie,NA,NA
SEE977449488969,ABR937633600348,Stromspeichereinheit,SEE977449488969,Augsutusburg 1 Speicher,Volleinspeisung,8780,09573,Mittelsachsen,Augustusburg,NA,NA,Sachsen,13.11155,50.834467,2025,NA,FALSE,Batterie,NA,NA
SEE900392059269,ABR902428166637,Stromspeichereinheit,NA,PASM Großspeicher Bamberg II (Pixii),Volleinspeisung,4000,96050,Bamberg,Bamberg,Gutenbergstraße,13,Bayern,10.925835,49.883353,2026,NA,FALSE,Batterie,NA,NA
SEE906829671271,ABR924751228523,Stromspeichereinheit,NA,EnerGrid Stabilizer 301 GmbH,Volleinspeisung,2850,41812,Heinsberg,Erkelenz,NA,NA,Nordrhein-Westfalen,6.237,51.0679,2026,NA,FALSE,Batterie,NA,NA
SEE926372513538,ABR941807947283,Stromspeichereinheit,SEE926372513538,PV Lawitz Gewerbegebiet Batterie,Volleinspeisung,3600,15898,Oder-Spree,Lawitz,NA,NA,Brandenburg,14.642789,52.112762,2026,NA,FALSE,Batterie,NA,NA
SEE971106325628,NA,Stromspeichereinheit,NA,Speicher 1 Atting,Volleinspeisung,1600,94315,Straubing-Bogen,Straubing,NA,NA,Bayern,12.50783,48.87515,2025,2026,TRUE,Batterie,NA,NA
SEE985252121928,ABR993258699907,Stromspeichereinheit,NA,GEPVOLT 2 BATTERY GmbH,Volleinspeisung,12000,03130,Spree-Neiße,Spremberg,An der alten Ziegelei,1,Brandenburg,14.36572,51.53377,2026,NA,FALSE,Batterie,NA,NA
SEE939563445327,ABR935272858311,Stromspeichereinheit,NA,BESS Hauzenberg,Volleinspeisung,4472,94051,Passau,Hauzenberg,NA,NA,Bayern,13.68381,48.63258,2027,NA,FALSE,Batterie,NA,NA
SEE921539890828,ABR967705693060,Stromspeichereinheit,NA,Batteriespeicher,Volleinspeisung,1500,85625,Ebersberg,Baiern,Weiterskirchen,7,Bayern,11.903682,47.973175,2026,NA,FALSE,Batterie,NA,NA
SEE940654841652,ABR931557435161,Stromspeichereinheit,NA,SGE Duisburg-Walsum,Volleinspeisung,47000,47179,Duisburg,Duisburg,NA,NA,Nordrhein-Westfalen,6.718977,51.528026,2026,NA,FALSE,Batterie,NA,NA
SEE954347362607,ABR982320839334,Stromspeichereinheit,NA,BESS Hengersberg,Teileinspeisung (einschließlich Eigenverbrauch),1600,94491,Deggendorf,Hengersberg,Scharwächterstraße,5,Bayern,13.047439,48.769903,2026,NA,FALSE,Batterie,NA,NA
SEE988897398533,ABR987275595588,Stromspeichereinheit,NA,Batterie DGF,Volleinspeisung,1656,84130,Dingolfing-Landau,Dingolfing,Straubinger Straße,20,Bayern,12.487177,48.650542,2025,NA,FALSE,Batterie,NA,NA
SEE929268767145,ABR909427472424,Stromspeichereinheit,NA,Batteriespeicher 1 Frotzersricht,Volleinspeisung,3126,92521,Schwandorf,Schwarzenfeld,Frotzersricht,NA,Bayern,12.115739,49.398709,2025,NA,FALSE,Batterie,NA,NA
SEE974038381946,ABR954274120745,Stromspeichereinheit,NA,BESS Krumpa I,Volleinspeisung,50940,06242,Saalekreis,Krumpa,NA,NA,Sachsen-Anhalt,11.847691,51.289113,2026,NA,FALSE,Batterie,NA,NA
SEE960369932407,ABR972526817854,Stromspeichereinheit,NA,Quantum-Batterie-Lingen,Teileinspeisung (einschließlich Eigenverbrauch),2500,49809,Emsland,Lingen,Schüttorfer Straße,4,Niedersachsen,7.319417,52.505691,2025,NA,FALSE,Batterie,NA,NA
SEE909988646203,ABR940197536718,Stromspeichereinheit,NA,SMAREG14 Lößnitz,Volleinspeisung,9800,08294,Erzgebirgskreis,Lößnitz,Ernst-Geßner-Straße,6,Sachsen,12.718513,50.617029,2026,NA,FALSE,Batterie,NA,NA
SEE971311131281,ABR938933890415,Stromspeichereinheit,SEE971311131281,SP Sigmaringen/Gutenstein-Reisen Speicher,Volleinspeisung,4600,72488,Sigmaringen,Sigmaringen,NA,NA,Baden-Württemberg,9.1,48.06,2026,NA,FALSE,Batterie,NA,NA
SEE955306125264,ABR938933890415,Stromspeichereinheit,SEE955306125264,SP Geislingen Speicher,Volleinspeisung,4600,72351,Zollernalbkreis,Geislingen,NA,NA,Baden-Württemberg,8.8,48.3,2026,NA,FALSE,Batterie,NA,NA
SEE903155153303,ABR954506016945,Stromspeichereinheit,SEE903155153303,PV-Speicher Oberbränderstraße 71,Teileinspeisung (einschließlich Eigenverbrauch),2660,79871,Breisgau-Hochschwarzwald,Eisenbach,Oberbränder Straße,71,Baden-Württemberg,8.298398,47.950035,2025,NA,FALSE,Batterie,NA,NA
SEE971976373965,ABR938933890415,Stromspeichereinheit,SEE971976373965,Solarpark Adelsheim Speicher,Volleinspeisung,4600,74740,Neckar-Odenwald-Kreis,Adelsheim,NA,NA,Baden-Württemberg,9.371415,49.39993,2026,NA,FALSE,Batterie,NA,NA
SEE905374741712,ABR938933890415,Stromspeichereinheit,SEE905374741712,SP Görlsdorf Speicher,Volleinspeisung,9200,15306,Märkisch-Oderland,Vierlinden,NA,NA,Brandenburg,14.29,52.53,2026,NA,FALSE,Batterie,NA,NA
SEE948513197681,ABR938933890415,Stromspeichereinheit,SEE948513197681,Solarpark Gundelsheim Speicher,Volleinspeisung,1350,74831,Heilbronn,Gundelsheim,NA,NA,Baden-Württemberg,9.15,49.33,2026,NA,FALSE,Batterie,NA,NA
SEE909908219982,ABR966765833386,Stromspeichereinheit,NA,BESS - DE - ARZBERG - GMRO,Volleinspeisung,50500,95659,Wunsiedel i. Fichtelgebirge,Arzberg,Garmersreuth,NA,Bayern,12.142956999999999,50.056513,2025,NA,FALSE,Batterie,NA,NA
SEE971815239520,ABR966765833386,Stromspeichereinheit,NA,BESS - DE - ARZBERG - GMRW,Volleinspeisung,50500,95659,Wunsiedel i. Fichtelgebirge,Arzberg,Garmersreuth,NA,Bayern,12.142956999999999,50.056513,2025,NA,FALSE,Batterie,NA,NA
SEE979508522409,ABR907623809891,Stromspeichereinheit,NA,Batteriespeicher Westerwälder Holzwerke GmbH,Teileinspeisung (einschließlich Eigenverbrauch),1400,57520,Westerwaldkreis,Langenbach,Schulweg,8,Rheinland-Pfalz,7.931745,50.700216,2025,NA,FALSE,Batterie,NA,NA
SEE922796742127,ABR938933890415,Stromspeichereinheit,SEE922796742127,SP Elzhausen Speicher,Volleinspeisung,9200,74542,Schwäbisch Hall,Braunsbach,NA,NA,Baden-Württemberg,9.82,49.22,2026,NA,FALSE,Batterie,NA,NA
SEE990813051415,ABR963070207239,Stromspeichereinheit,SEE990813051415,SP Lauenhagen Speicher,Volleinspeisung,9200,17258,Mecklenburgische Seenplatte,Feldberger Seenlandschaft,NA,NA,Mecklenburg-Vorpommern,13.41,53.31,2026,NA,FALSE,Batterie,NA,NA
SEE976277141435,ABR938933890415,Stromspeichereinheit,SEE976277141435,SP Rehfeld Speicher,Volleinspeisung,9200,04895,Elbe-Elster,Rehfeld,NA,NA,Brandenburg,13.22,51.57,2026,NA,FALSE,Batterie,NA,NA
SEE945378101358,ABR948497366233,Stromspeichereinheit,NA,VPI Bad Wildungen BESS,Volleinspeisung,17000,34537,Waldeck-Frankenberg,Bad Wildungen,NA,NA,Hessen,9.157365,51.124376,2026,NA,FALSE,Batterie,NA,NA
SEE999239610039,ABR995234977986,Stromspeichereinheit,SEE999239610039,trlyr 8,Volleinspeisung,20190,49429,Vechta,Visbek,Wöstendöllen,129,Niedersachsen,8.355156,52.809278,2026,NA,FALSE,Batterie,NA,NA
SEE945555497007,ABR980325142336,Stromspeichereinheit,SEE945555497007,BESS Solarpark Kropp,Volleinspeisung,5000,24848,Schleswig-Flensburg,Kropp,NA,NA,Schleswig-Holstein,9.52171,54.433439,2026,NA,FALSE,Batterie,NA,NA
SEE946632109158,ABR934227154928,Stromspeichereinheit,NA,1.BEN - Batterie- und Energiepark Nord,Volleinspeisung,90000,25923,Nordfriesland,Ellhöft,NA,NA,Schleswig-Holstein,8.951213,54.894851,2026,NA,FALSE,Batterie,NA,NA
SEE940832671422,ABR993813431881,Stromspeichereinheit,NA,BESS Damnatz I,Volleinspeisung,1200,29472,Lüchow-Dannenberg,Damnatz,NA,NA,Niedersachsen,11.180812,53.121432,2026,NA,FALSE,Batterie,NA,NA
SEE962672626011,ABR958031001681,Stromspeichereinheit,NA,Leipheim_BESS_1150kW,Volleinspeisung,1150,89340,Günzburg,Leipheim,An der Werft,2,Bayern,10.23708,48.439219,2025,NA,FALSE,Batterie,NA,NA
SEE970241367166,ABR951358271171,Stromspeichereinheit,NA,MS_01_4500_Brugg,Volleinspeisung,4500,88167,Lindau (Bodensee),Gestratz,Brugg,1,Bayern,9.984908,47.653745,2026,NA,FALSE,Batterie,NA,NA
SEE940680212853,ABR928156295890,Stromspeichereinheit,NA,Icecreek Energy Alsdorf,Volleinspeisung,9600,52477,Städteregion Aachen,Alsdorf,Maurerstraße,50,Nordrhein-Westfalen,6.188966,50.879646,2025,NA,FALSE,Batterie,NA,NA
SEE947245249934,ABR903690099142,Stromspeichereinheit,NA,Batteriespeicher Reisgang,Volleinspeisung,15120,85276,Pfaffenhofen a.d. Ilm,Hettenshausen,NA,NA,Bayern,11.51052,48.50848,2026,NA,FALSE,Batterie,NA,NA
SEE930014441561,ABR924410946720,Stromspeichereinheit,SEE930014441561,Freifläche Wiesen - Speicher,Teileinspeisung (einschließlich Eigenverbrauch),1100,63831,Aschaffenburg,Wiesen,NA,NA,Bayern,9.22,50.065,2025,NA,FALSE,Batterie,NA,NA
SEE908542160315,ABR973319622440,Stromspeichereinheit,NA,10015 Bielefeld-Batterie,Volleinspeisung,1500,33609,Bielefeld,Bielefeld,Eckendorfer Straße,1,Nordrhein-Westfalen,8.54434,52.031314,2025,NA,FALSE,Batterie,NA,NA
SEE936927052337,ABR942803427762,Stromspeichereinheit,NA,BESS Kolitzheim 1,Teileinspeisung (einschließlich Eigenverbrauch),3450,97509,Schweinfurt,Kolitzheim,Wadenbrunner Straße,10,Bayern,10.24031,49.91364,2026,NA,FALSE,Batterie,NA,NA
SEE955867610100,ABR924151992529,Stromspeichereinheit,NA,Batteriespeicher Premnitz,Volleinspeisung,7000,14727,Havelland,Premnitz,Dr.-Herbert-Rein-Straße,1,Brandenburg,12.358153,52.529564,2026,NA,FALSE,Batterie,NA,NA
SEE958712241351,ABR903690099142,Stromspeichereinheit,NA,Batteriespeicher Marktleugast,Volleinspeisung,15120,95352,Kulmbach,Marktleugast,NA,NA,Bayern,11.62803,50.16624,2026,NA,FALSE,Batterie,NA,NA
SEE967448586247,ABR907661359020,Stromspeichereinheit,SEE967448586247,FFM 2 Batteriespeicher,Volleinspeisung,3600,09573,Mittelsachsen,Leubsdorf,Alter Fabrikweg,NA,Sachsen,13.142303,50.786727,2025,NA,FALSE,Batterie,NA,NA
SEE988521409697,ABR932051425788,Stromspeichereinheit,NA,Bürger-Speicherkraftwerk Marzling,Volleinspeisung,2500,85417,Freising,Marzling,NA,NA,Bayern,11.782216,48.38975,2026,NA,FALSE,Batterie,NA,NA
SEE965822398363,ABR961787390190,Stromspeichereinheit,NA,Stendal BESS,NA,104500,39576,Stendal,Stendal,Am Umspannwerk,1a,Sachsen-Anhalt,11.72966,52.570965,2026,NA,FALSE,Batterie,NA,NA
SEE932055327439,ABR930588954160,Stromspeichereinheit,NA,Batteriespeicher Altheim,Volleinspeisung,4000,84051,Landshut,Essenbach,Regensburger Straße,33,Bayern,12.195462,48.595677,2025,NA,FALSE,Batterie,NA,NA
SEE944089463014,ABR934199651920,Stromspeichereinheit,NA,Batteriespeicher Unsbach,Volleinspeisung,4000,84051,Landshut,Essenbach,Oberunsbach,1,Bayern,12.209787,48.648919,2025,NA,FALSE,Batterie,NA,NA
SEE983538133412,ABR987305744108,Stromspeichereinheit,NA,Batteriespeicher Kyritz,Volleinspeisung,5250,16866,Ostprignitz-Ruppin,Kyritz,Seestraße,39,Brandenburg,12.4283,52.939406,2026,NA,FALSE,Batterie,NA,NA
SEE920510769771,ABR977696921097,Stromspeichereinheit,SEE920510769771,BESS Sandhagen,Volleinspeisung,25200,18230,Rostock,Biendorf,NA,NA,Mecklenburg-Vorpommern,11.744818,54.051829,2027,NA,FALSE,Batterie,NA,NA
SEE904344542915,ABR926772701108,Stromspeichereinheit,SEE904344542915,Batteriespeicher Böhme 2025,Teileinspeisung (einschließlich Eigenverbrauch),1001,95111,Hof,Rehau,Neukühschwitz,33,Bayern,12.010764,50.270765,2025,NA,FALSE,Batterie,NA,NA
SEE941589856735,ABR925052145762,Stromspeichereinheit,NA,URENCO-Battery II,Teileinspeisung (einschließlich Eigenverbrauch),2175,48599,Borken,Gronau,Röntgenstraße,4,Nordrhein-Westfalen,7.081535,52.216115,2025,NA,FALSE,Batterie,NA,NA
SEE969638882191,ABR926970364822,Stromspeichereinheit,NA,171-BESS Emmerke,Volleinspeisung,3000,31180,Hildesheim,Giesen,Gutenbergstraße,20,Niedersachsen,9.871068,52.16025,2025,NA,FALSE,Batterie,NA,NA
SEE903864901639,ABR943901418713,Stromspeichereinheit,NA,"BESS Wehr – 11,5 MW",Volleinspeisung,11500,79664,Waldshut,Wehr,NA,NA,Baden-Württemberg,7.908126,47.617521000000004,2026,NA,FALSE,Batterie,NA,NA
SEE952753897867,ABR977278709396,Stromspeichereinheit,SEE952753897867,DGF Speicher 2,Teileinspeisung (einschließlich Eigenverbrauch),1288,84130,Dingolfing-Landau,Dingolfing,Bajuwarenstraße,4,Bayern,12.456221,48.641052,2025,NA,FALSE,Batterie,NA,NA
SEE947399244915,ABR942003369305,Stromspeichereinheit,NA,Field Waldkappel,Volleinspeisung,16000,37284,Werra-Meißner-Kreis,Waldkappel,NA,NA,Hessen,9.885211,51.148454,2025,NA,FALSE,Batterie,NA,NA
SEE914157709399,ABR906803746957,Stromspeichereinheit,NA,Batteriespeicher Kunrau – UW Kunrau,Teileinspeisung (einschließlich Eigenverbrauch),15000,38486,Altmarkkreis Salzwedel,Klötze,NA,NA,Sachsen-Anhalt,11.036,52.569149,2027,NA,FALSE,Batterie,NA,NA
SEE976352702957,ABR906942683205,Stromspeichereinheit,SEE976352702957,trlyr 9,Volleinspeisung,17250,29614,Heidekreis,Soltau,Harburger Strasse,120,Niedersachsen,9.842535,53.004899,2026,NA,FALSE,Batterie,NA,NA
SEE996279626716,ABR933106156497,Stromspeichereinheit,NA,Stromspeicher,Volleinspeisung,8740,53501,Ahrweiler,Grafschaft,Ahrtalstraße,NA,Rheinland-Pfalz,7.101778,50.571993,2026,NA,FALSE,Batterie,NA,NA
SEE939110753912,ABR963353704004,Stromspeichereinheit,NA,Batteriespeicher Fenecon XL 2026,Volleinspeisung,1500,79874,Breisgau-Hochschwarzwald,Breitnau,Mühlenweg,4,Baden-Württemberg,8.103308,47.935524,2025,NA,FALSE,Batterie,NA,NA
SEE982841894621,ABR917414306324,Stromspeichereinheit,NA,Trading-BESS Steingaden,Volleinspeisung,6000,86989,Weilheim-Schongau,Steingaden,NA,NA,Bayern,10.832362,47.738362,2026,NA,FALSE,Batterie,NA,NA
SEE911749533608,ABR957659462591,Stromspeichereinheit,SEE911749533608,BESS VWK Hannover,Teileinspeisung (einschließlich Eigenverbrauch),3440,30419,Region Hannover,Hannover,NA,NA,Niedersachsen,9.669167,52.419806,2026,NA,FALSE,Batterie,NA,NA
SEE926245506438,ABR983113762846,Stromspeichereinheit,NA,SEE_2025_4642_Föhren_BESS,Volleinspeisung,20000,54343,Trier-Saarburg,Föhren,NA,NA,Rheinland-Pfalz,6.787633,49.853609,2025,NA,FALSE,Batterie,NA,NA
SEE989462539771,ABR901162720907,Stromspeichereinheit,NA,BESS Groß Laasch,Volleinspeisung,13416,19288,Ludwigslust-Parchim,Groß Laasch,NA,NA,Mecklenburg-Vorpommern,11.501923,53.349951,2026,NA,FALSE,Batterie,NA,NA
SEE938972800130,ABR917598812901,Stromspeichereinheit,NA,ECO POWER FIVE GmbH,NA,103500,81247,München,München,NA,NA,Bayern,11.441865,48.169966,2028,NA,FALSE,Batterie,NA,NA
SEE965131234796,ABR907042335667,Stromspeichereinheit,NA,Batteriespeicher Westfalen 3,Volleinspeisung,538000,59071,Hamm,Hamm,Siegenbeckstraße,10,Nordrhein-Westfalen,7.970723,51.682563,2028,NA,FALSE,Batterie,NA,NA
SEE963514247548,ABR914358874711,Stromspeichereinheit,NA,BESS Strübbel,Volleinspeisung,56000,25764,Dithmarschen,Schülp,Schülperneuensiel,NA,Schleswig-Holstein,8.940704,54.258067,2026,NA,FALSE,Batterie,NA,NA
SEE942088999749,ABR908110441983,Stromspeichereinheit,SEE942088999749,Batteriespeicher 2,Volleinspeisung,1995,33165,Paderborn,Lichtenau,Ringstraße,11,Nordrhein-Westfalen,8.931938,51.651879,2026,NA,FALSE,Batterie,NA,NA
SEE920111327103,ABR995015782372,Stromspeichereinheit,NA,Schwarzstartbatterie,Teileinspeisung (einschließlich Eigenverbrauch),2400,01987,Oberspreewald-Lausitz,Schwarzheide,Schipkauer Straße,1,Brandenburg,13.889436,51.478138,2022,NA,FALSE,Batterie,NA,NA
SEE964350235539,ABR935681611613,Stromspeichereinheit,NA,BESS Freifläche Reflex,Teileinspeisung (einschließlich Eigenverbrauch),1656,59227,Warendorf,Ahlen,NA,NA,Nordrhein-Westfalen,7.939062,51.780006,2026,NA,FALSE,Batterie,NA,NA
SEE901199916830,ABR971239871825,Stromspeichereinheit,NA,BESS Rockensußra,NA,50000,99713,Kyffhäuserkreis,Ebeleben,NA,NA,Thüringen,10.69367,51.298325,2026,NA,FALSE,Batterie,NA,NA
SEE996804867492,ABR922181483369,Stromspeichereinheit,NA,PVA Schömberg BESS,Volleinspeisung,6000,72355,Zollernalbkreis,Schömberg,NA,NA,Baden-Württemberg,8.74241,48.20498,2026,NA,FALSE,Batterie,NA,NA
SEE993666165865,ABR986421844358,Stromspeichereinheit,NA,Speicher Impulsa Elsterwerda 10 MWh,Volleinspeisung,4390,04910,Elbe-Elster,Elsterwerda,An den Kanitzen,30,Brandenburg,13.55071,51.464044,2026,NA,FALSE,Batterie,NA,NA
SEE921014163461,ABR998553881057,Stromspeichereinheit,NA,BESS Sinzing,Volleinspeisung,3400,93161,Regensburg,Sinzing,NA,NA,Bayern,12.037157,48.983027,2026,NA,FALSE,Batterie,NA,NA
SEE921363637033,ABR927397646904,Stromspeichereinheit,SEE921363637033,Oslebshausen - Speicher,Volleinspeisung,2508,28237,Bremen,Bremen,NA,NA,Bremen,8.743,53.14377,2026,NA,FALSE,Batterie,NA,NA
SEE927922085253,ABR986860240483,Stromspeichereinheit,NA,BESS-Einbeck,Volleinspeisung,24500,37574,Northeim,Einbeck,Schwammelwitzer Straße,NA,Niedersachsen,9.84453,51.810279,2026,NA,FALSE,Batterie,NA,NA
SEE941385597870,ABR984687926474,Stromspeichereinheit,NA,Stromspeicher,Volleinspeisung,1500,82291,Fürstenfeldbruck,Mammendorf,Zum Drisselfeld,6,Bayern,11.170786,48.204583,2026,NA,FALSE,Batterie,NA,NA
SEE967278907212,ABR914471939878,Stromspeichereinheit,NA,Triakku 15MwH,Volleinspeisung,3000,47623,Kleve,Kevelaer,Ossenpaß,10,Nordrhein-Westfalen,6.263272,51.584392,2026,NA,FALSE,Batterie,NA,NA
SEE905513563830,ABR949753239568,Stromspeichereinheit,NA,BESS Remscheid Luckhausen,Volleinspeisung,5150,42899,Remscheid,Remscheid,NA,NA,Nordrhein-Westfalen,7.252197,51.221088,2026,NA,FALSE,Batterie,NA,NA
SEE939118109261,ABR987788900459,Stromspeichereinheit,SEE939118109261,BESS Mallersdorf-Pfaffenberg,Volleinspeisung,7200,84066,Straubing-Bogen,Mallersdorf-Pfaffenberg,NA,NA,Bayern,12.190205,48.768705,2026,NA,FALSE,Batterie,NA,NA
SEE980461358011,ABR963082122353,Stromspeichereinheit,NA,BESS Leuna 1,Volleinspeisung,50940,06217,Saalekreis,Merseburg,NA,NA,Sachsen-Anhalt,11.968264,51.305677,2026,NA,FALSE,Batterie,NA,NA
SEE927582792126,ABR961353941788,Stromspeichereinheit,NA,BESS Leuna 2,Volleinspeisung,50940,06217,Saalekreis,Merseburg,NA,NA,Sachsen-Anhalt,11.968152,51.305917,2026,NA,FALSE,Batterie,NA,NA
SEE995456283742,ABR992511086164,Stromspeichereinheit,NA,Kleinwallstadt 1,Volleinspeisung,2250,63839,Miltenberg,Kleinwallstadt,Am Viehtrieb,1,Bayern,9.185298,49.862917,2026,NA,FALSE,Batterie,NA,NA
SEE916187786777,ABR998730980924,Stromspeichereinheit,NA,BESS Bergtheim,Volleinspeisung,15000,97241,Würzburg,Bergtheim,NA,NA,Bayern,10.076906,49.910457,2027,NA,FALSE,Batterie,NA,NA
SEE961712143617,ABR997247005236,Stromspeichereinheit,SEE961712143617,Solar Carport,Teileinspeisung (einschließlich Eigenverbrauch),1472,86825,Unterallgäu,Bad Wörishofen,Thermenallee,1,Bayern,10.590894,48.020823,2025,NA,FALSE,Batterie,NA,NA
SEE961950355421,ABR951195208248,Stromspeichereinheit,SEE961950355421,"Solarpark Altmannstein-Steinsdorf PR - P23-112 - BESS 1.080,00 kW",Volleinspeisung,1080,93336,Eichstätt,Altmannstein,NA,NA,Bayern,11.593555,48.902142,2026,NA,FALSE,Batterie,NA,NA
SEE940492675761,ABR984704229250,Stromspeichereinheit,NA,BESS Amalon Gewerbepark,Volleinspeisung,3000,72458,Zollernalbkreis,Albstadt,Schmiechastraße,151,Baden-Württemberg,9.028163,48.220497,2026,NA,FALSE,Batterie,NA,NA
SEE974570850924,ABR992177584127,Stromspeichereinheit,NA,Speicher Grenzach-Wyhlen,Volleinspeisung,1408,79639,Lörrach,Grenzach-Wyhlen,Solvaystraße,28,Baden-Württemberg,7.688033,47.539193,2026,NA,FALSE,Batterie,NA,NA
SEE937976380952,ABR993990514575,Stromspeichereinheit,NA,Schönwohld - Speicher,Volleinspeisung,6840,24239,Rendsburg-Eckernförde,Achterwehr,NA,NA,Schleswig-Holstein,10.017081,54.30753,2027,NA,FALSE,Batterie,NA,NA
SEE971310638231,ABR962822135035,Stromspeichereinheit,SEE971310638231,BESS Diesenbach BF 1,Volleinspeisung,7200,93128,Regensburg,Regenstauf,NA,NA,Bayern,12.106548,49.123023,2027,NA,FALSE,Batterie,NA,NA
SEE926694397113,ABR963637873662,Stromspeichereinheit,SEE926694397113,BESS Diesenbach BF 2,Volleinspeisung,10800,93128,Regensburg,Regenstauf,NA,NA,Bayern,12.104493,49.113694,2027,NA,FALSE,Batterie,NA,NA
SEE921951004230,ABR950867892839,Stromspeichereinheit,SEE921951004230,BESS Diesenbach BF 5,Volleinspeisung,3600,93128,Regensburg,Regenstauf,NA,NA,Bayern,12.108504,49.122391,2027,NA,FALSE,Batterie,NA,NA
SEE923639351650,ABR974068466378,Stromspeichereinheit,SEE923639351650,BESS Diesenbach BF 7,Volleinspeisung,3600,93128,Regensburg,Regenstauf,NA,NA,Bayern,12.105337,49.130121,2027,NA,FALSE,Batterie,NA,NA
SEE992078783438,ABR952417704500,Stromspeichereinheit,SEE992078783438,BESS Diesenbach BF 11,Volleinspeisung,7200,93128,Regensburg,Regenstauf,NA,NA,Bayern,12.107353,49.112808,2027,NA,FALSE,Batterie,NA,NA
SEE971437854798,ABR923844788043,Stromspeichereinheit,SEE971437854798,BESS Regionalwerke 1,Volleinspeisung,7274,93497,Cham,Willmering,NA,NA,Bayern,12.676824,49.255357,2027,NA,FALSE,Batterie,NA,NA
SEE938069478518,ABR988730716814,Stromspeichereinheit,NA,Stromspeicher an PV,Volleinspeisung,5160,74523,Schwäbisch Hall,Schwäbisch Hall,Stockäcker,1,Baden-Württemberg,9.794353,49.128352,2026,NA,FALSE,Batterie,NA,NA
SEE953981583027,ABR905811961802,Stromspeichereinheit,NA,Gewerbespeicher 2026,Volleinspeisung,2520,49406,Diepholz,Drentwede,NA,NA,Niedersachsen,8.575015,52.745861,2026,NA,FALSE,Batterie,NA,NA
SEE970042832054,ABR936529750570,Stromspeichereinheit,NA,Batteriespeicher Bad Salzungen,Volleinspeisung,1250,36433,Wartburgkreis,Bad Salzungen,NA,NA,Thüringen,10.221276,50.800053,2026,NA,FALSE,Batterie,NA,NA
SEE973320703091,ABR911372173431,Stromspeichereinheit,NA,BESS 2 AssetCo_Standort Verden,Volleinspeisung,4600,27283,Verden,Verden,Siemensstraße,13,Niedersachsen,9.247098,52.911925,2026,NA,FALSE,Batterie,NA,NA
SEE905808012746,ABR937274793003,Stromspeichereinheit,NA,Batteriepark Nägeleried,Volleinspeisung,6900,87477,Oberallgäu,Sulzberg,Nägeleried,7,Bayern,10.375246,47.681119,2026,NA,FALSE,Batterie,NA,NA
SEE971641923228,ABR992177584127,Stromspeichereinheit,NA,Speicher 2 Grenzach-Wyhlen,Volleinspeisung,1408,79639,Lörrach,Grenzach-Wyhlen,Solvaystraße,28,Baden-Württemberg,7.688033,47.539193,2026,NA,FALSE,Batterie,NA,NA
SEE991479439890,ABR946299421976,Stromspeichereinheit,NA,BESS Kirschgartenweg 1,Volleinspeisung,10545,67547,Worms,Worms,Der Untere Hantalweg,22,Rheinland-Pfalz,8.342198,49.620941,2026,NA,FALSE,Batterie,NA,NA
SEE976701215879,ABR932926516955,Stromspeichereinheit,NA,GigaBattery Jänschwalde 1000,Volleinspeisung,1000000,03185,Spree-Neiße,Peitz,Teichlandstr.,NA,Brandenburg,14.46658,51.833902,2027,NA,FALSE,Batterie,NA,NA
SEE998036960637,ABR932926516955,Stromspeichereinheit,NA,GigaBattery Boxberg 400,Volleinspeisung,400000,02943,Görlitz,Boxberg,NA,NA,Sachsen,14.566004,51.419918,2027,NA,FALSE,Batterie,NA,NA
SEE949065983555,ABR932926516955,Stromspeichereinheit,NA,GridBattery Heinersbrück 100,Volleinspeisung,100000,03185,Spree-Neiße,Heinersbrück,NA,NA,Brandenburg,14.507131,51.808484,2027,NA,FALSE,Batterie,NA,NA
SEE921054334586,ABR979710865103,Stromspeichereinheit,NA,BESS Kandel,Volleinspeisung,4750,76870,Germersheim,Kandel,Sonnenweg,1,Rheinland-Pfalz,8.20623,49.08867,2026,NA,FALSE,Batterie,NA,NA
SEE999213255034,ABR988579712961,Stromspeichereinheit,SEE999213255034,PV LEMO Batterie,Teileinspeisung (einschließlich Eigenverbrauch),1998,53859,Rhein-Sieg-Kreis,Niederkassel,Michael-Lehmacher-Str.,1,Nordrhein-Westfalen,7.048566,50.811927,2025,NA,FALSE,Batterie,NA,NA
SEE932750106643,ABR958577446472,Stromspeichereinheit,SEE932750106643,BESS Beerendorf,NA,11180,04509,Nordsachsen,Delitzsch,NA,NA,Sachsen,12.35837,51.520167,2027,NA,FALSE,Batterie,NA,NA
SEE916498442492,ABR940185907087,Stromspeichereinheit,SEE916498442492,Batteriespeicher Schläberig,Teileinspeisung (einschließlich Eigenverbrauch),4000,36154,Fulda,Hosenfeld,NA,NA,Hessen,9.503788,50.531989,2026,NA,FALSE,Batterie,NA,NA
SEE971400707335,ABR912387761507,Stromspeichereinheit,NA,Klaron Neunte Energie (Weißenfels 1),NA,12000,06667,Burgenlandkreis,Weißenfels,NA,NA,Sachsen-Anhalt,11.968134,51.217267,2026,NA,FALSE,Batterie,NA,NA
SEE910664388980,ABR931238872759,Stromspeichereinheit,NA,Stromspeicher Gronau,Volleinspeisung,1540,48599,Borken,Gronau,Lasterfeld,20,Nordrhein-Westfalen,7.031447,52.135252,2026,NA,FALSE,Batterie,NA,NA
SEE980130273096,ABR918067517853,Stromspeichereinheit,SEE980130273096,Beuerlein GmbH ＆ Co KG - Batteriespeicher Gaibach,Teileinspeisung (einschließlich Eigenverbrauch),1500,97332,Kitzingen,Volkach,Schönbornstraße,35,Bayern,10.219228,49.888548,2026,NA,FALSE,Batterie,NA,NA
SEE945365634999,ABR979040163139,Stromspeichereinheit,SEE945365634999,Tibo Photovoltaik Gottesgabe 3 - Speicher,Teileinspeisung (einschließlich Eigenverbrauch),25000,15320,Märkisch-Oderland,Neutrebbin,Schwarzer Weg,NA,Brandenburg,14.11051,52.38573,2027,NA,FALSE,Batterie,NA,NA
SEE982249837893,ABR928660580215,Stromspeichereinheit,NA,Am Bahnweg 3 Speicher,Volleinspeisung,4472,84051,Landshut,Essenbach,Regensburger Straße,40,Bayern,12.201021,48.58883,2026,NA,FALSE,Batterie,NA,NA
SEE948200596537,ABR980899728127,Stromspeichereinheit,NA,Batteriespeicher Tann,Volleinspeisung,6624,84367,Rottal-Inn,Tann,Lagerhausstraße,NA,Bayern,12.886705,48.32389,2026,NA,FALSE,Batterie,NA,NA
SEE910345719737,ABR919017057450,Stromspeichereinheit,NA,Wunsiedel Holenbrunn Ost PV-Park,Volleinspeisung,8900,95632,Wunsiedel i. Fichtelgebirge,Wunsiedel,Bahnhofstraße,NA,Bayern,12.030561,50.051942,2025,NA,FALSE,Batterie,NA,NA
SEE975247990820,ABR902592972270,Stromspeichereinheit,NA,BESS Wertheim,Volleinspeisung,15500,97877,Main-Tauber-Kreis,Wertheim,Neue Vockenroter Steige,103,Baden-Württemberg,9.499656,49.750093,2026,NA,FALSE,Batterie,NA,NA
SEE984750414365,ABR962610891891,Stromspeichereinheit,NA,BESS Heselstücken,Volleinspeisung,2195,22453,Hamburg,Hamburg,Heselstücken,17,Hamburg,9.996648,53.616047,2026,NA,FALSE,Batterie,NA,NA
SEE900288873931,ABR965074943014,Stromspeichereinheit,NA,BESS Tirpersdorf,Volleinspeisung,17250,08606,Vogtlandkreis,Tirpersdorf,NA,NA,Sachsen,12.194504,50.437703,2026,NA,FALSE,Batterie,NA,NA
SEE949655786481,ABR928941149414,Stromspeichereinheit,NA,BESS Werdau,Volleinspeisung,10100,08412,Zwickau,Werdau,NA,NA,Sachsen,12.37702,50.714565,2026,NA,FALSE,Batterie,NA,NA
SEE979981057283,ABR948881049674,Stromspeichereinheit,NA,Sweny,NA,5000,02906,Görlitz,Niesky,Ziegelweg,13,Sachsen,14.822534,51.303514,2026,NA,FALSE,Batterie,NA,NA
SEE974972238993,ABR954720125034,Stromspeichereinheit,NA,Batteriespeicher Knetzgau,Volleinspeisung,20000,97478,Haßberge,Knetzgau,NA,NA,Bayern,10.554468,49.977452,2026,NA,FALSE,Batterie,NA,NA
SEE998104599486,ABR990512880934,Stromspeichereinheit,NA,Batteriespeicher Holzkirchen,Volleinspeisung,20000,83607,Miesbach,Holzkirchen,NA,NA,Bayern,11.691359,47.865972,2026,NA,FALSE,Batterie,NA,NA
SEE997910012318,ABR998326944620,Stromspeichereinheit,NA,BESS - PFP,Volleinspeisung,4800,89257,Neu-Ulm,Illertissen,Josef-Henle-Straße,12,Bayern,10.107823,48.235143,2027,NA,FALSE,Batterie,NA,NA
SEE917680098909,ABR967676981814,Stromspeichereinheit,NA,Speicher Franziskusweg,Volleinspeisung,3440,82362,Weilheim-Schongau,Weilheim,Ettaler Straße,1,Bayern,11.130025,47.82636,2025,NA,FALSE,Batterie,NA,NA
SEE900793187943,ABR989176638470,Stromspeichereinheit,SEE900793187943,BESS-Anlage Energiepark Egestorf,Volleinspeisung,5200,21272,Harburg,Egestorf,An der Bahn,NA,Niedersachsen,10.070732,53.18134,2027,NA,FALSE,Batterie,NA,NA
SEE963537340127,ABR940228980657,Stromspeichereinheit,NA,BESS Leuna 3,Volleinspeisung,50940,06217,Saalekreis,Merseburg,NA,NA,Sachsen-Anhalt,11.9679,51.306218,2026,NA,FALSE,Batterie,NA,NA
SEE969468708715,ABR942699376991,Stromspeichereinheit,NA,BESS Leuna 4,Volleinspeisung,50940,06217,Saalekreis,Merseburg,NA,NA,Sachsen-Anhalt,11.967667,51.306735,2026,NA,FALSE,Batterie,NA,NA
SEE921869198069,ABR924410946720,Stromspeichereinheit,SEE921869198069,Stromspeicher 2 - Bad Orb,Volleinspeisung,8944,63607,Main-Kinzig-Kreis,Wächtersbach,NA,NA,Hessen,9.307716,50.243715,2026,NA,FALSE,Batterie,NA,NA
SEE975222107571,ABR986258318664,Stromspeichereinheit,NA,BESS Kahsel,Volleinspeisung,32200,03058,Spree-Neiße,Neuhausen,NA,NA,Brandenburg,14.458422,51.648451,2026,NA,FALSE,Batterie,NA,NA
SEE931704712701,ABR928374642575,Stromspeichereinheit,NA,BESS Balzhausen 2 green flexibility,Volleinspeisung,38300,86483,Günzburg,Balzhausen,NA,NA,Bayern,10.492031,48.25146,2026,NA,FALSE,Batterie,NA,NA
SEE917839734856,ABR999577531690,Stromspeichereinheit,SEE917839734856,BESS Alfdorf 5.015 kWh,Volleinspeisung,2556,73553,Rems-Murr-Kreis,Alfdorf,NA,NA,Baden-Württemberg,9.718388,48.912492,2027,NA,FALSE,Batterie,NA,NA
SEE928917927275,ABR971164213813,Stromspeichereinheit,NA,Trading-BESS JSS2,Volleinspeisung,3000,85649,München,Brunnthal,NA,NA,Bayern,11.670208,48.03102,2026,NA,FALSE,Batterie,NA,NA
SEE936991827510,ABR992209465424,Stromspeichereinheit,NA,PV-Speicher LUNA2000 (Speicher 2.1),Teileinspeisung (einschließlich Eigenverbrauch),2236,78567,Tuttlingen,Fridingen,Dr.-Werner-Esser-Str.,1,Baden-Württemberg,8.940557,48.039386,2026,NA,FALSE,Batterie,NA,NA
SEE927887436510,ABR971701851522,Stromspeichereinheit,SEE927887436510,BESS Agri-PV Anlage Pritzwalk,Volleinspeisung,1500,16928,Prignitz,Pritzwalk,NA,NA,Brandenburg,12.192855,53.177109,2027,NA,FALSE,Batterie,NA,NA
SEE912072613890,ABR900643917003,Stromspeichereinheit,SEE912072613890,BEE - BESS Holdorf,Teileinspeisung (einschließlich Eigenverbrauch),3026,49451,Vechta,Holdorf,NA,NA,Niedersachsen,8.107776,52.57711,2028,NA,FALSE,Batterie,NA,NA
SEE998886855763,ABR905180285950,Stromspeichereinheit,NA,5 MW Batteriespeicher,Volleinspeisung,5000,39590,Stendal,Tangermünde,Langensalzwedeler Weg,3,Sachsen-Anhalt,11.971206,52.563897,2026,NA,FALSE,Batterie,NA,NA
SEE976804994770,ABR905180285950,Stromspeichereinheit,NA,20 MW Batteriespeicher,Volleinspeisung,20000,39596,Stendal,Arneburg,Goldbecker Straße,27,Sachsen-Anhalt,11.99791,52.724658,2026,NA,FALSE,Batterie,NA,NA
SEE925317103308,ABR924410946720,Stromspeichereinheit,SEE925317103308,Speicher / Langenselbold,Volleinspeisung,2500,63505,Main-Kinzig-Kreis,Langenselbold,NA,NA,Hessen,9.054192,50.175195,2027,NA,FALSE,Batterie,NA,NA
SEE903925095949,ABR914788743809,Stromspeichereinheit,NA,BESS Wetzen,Volleinspeisung,56406,21385,Lüneburg,Oldendorf,Am Altenberg,NA,Niedersachsen,10.245877,53.167786,2026,NA,FALSE,Batterie,NA,NA
SEE902677665356,ABR997169880331,Stromspeichereinheit,NA,trlyr 10,Volleinspeisung,6000,49635,Osnabrück,Badbergen,NA,NA,Niedersachsen,7.95765,52.629903,2026,NA,FALSE,Batterie,NA,NA
SEE913280505540,ABR959749215858,Stromspeichereinheit,NA,PVA Lalendorf BESS Grau,Volleinspeisung,6200,18279,Rostock,Lalendorf,Am Umformwerk,NA,Mecklenburg-Vorpommern,12.403664,53.755248,2026,NA,FALSE,Batterie,NA,NA
SEE914938130367,ABR903690099142,Stromspeichereinheit,SEE914938130367,Energiepark Petzenberg Batteriespeicher,Volleinspeisung,3100,94051,Passau,Hauzenberg,NA,NA,Bayern,13.58963,48.60514,2027,NA,FALSE,Batterie,NA,NA
SEE998066521105,ABR977280905571,Stromspeichereinheit,NA,24203 SP Passow II Weisin Speicher,Volleinspeisung,10224,19386,Ludwigslust-Parchim,Passow,NA,NA,Mecklenburg-Vorpommern,12.09228,53.51516,2026,NA,FALSE,Batterie,NA,NA
SEE963460954484,ABR946081586777,Stromspeichereinheit,SEE963460954484,Fenecon XL,Teileinspeisung (einschließlich Eigenverbrauch),1500,46414,Borken,Rhede,Enckhook,3,Nordrhein-Westfalen,6.696363,51.797875,2026,NA,FALSE,Batterie,NA,NA
SEE913072031325,ABR903837623278,Stromspeichereinheit,NA,Beilrode II - BESS - CoLocation,Volleinspeisung,44720,04886,Nordsachsen,Beilrode,Am Dorfe,901,Sachsen,13.08832,51.57363,2026,NA,FALSE,Batterie,NA,NA
SEE987129678436,ABR903837623278,Stromspeichereinheit,NA,Beilrode - BESS Co-Location (UW Ost),NA,76024,04886,Nordsachsen,Beilrode,Falkenstruther Weg,999 Z,Sachsen,13.09041,51.57304,2026,NA,FALSE,Batterie,NA,NA
SEE925194571825,ABR994552034579,Stromspeichereinheit,SEE925194571825,Dittigheim BESS,Volleinspeisung,10000,97941,Main-Tauber-Kreis,Tauberbischofsheim,NA,NA,Baden-Württemberg,9.66646,49.59172,2027,NA,FALSE,Batterie,NA,NA
SEE978334406730,ABR981012087725,Stromspeichereinheit,NA,Tiste BESS 2,Volleinspeisung,3800,27419,Rotenburg (Wümme),Tiste,Herwigshof,1,Niedersachsen,9.5917,53.29726,2026,NA,FALSE,Batterie,NA,NA
SEE993715624916,ABR981012087725,Stromspeichereinheit,NA,Tiste BESS 3,NA,3800,27419,Rotenburg (Wümme),Tiste,Herwigshof,1,Niedersachsen,9.5917,53.29726,2026,NA,FALSE,Batterie,NA,NA
SEE947673951089,ABR962291061378,Stromspeichereinheit,SEE947673951089,Batteriespeicher Gransee Nord,Volleinspeisung,7000,16775,Oberhavel,Gransee,NA,NA,Brandenburg,13.164792,52.990698,2027,NA,FALSE,Batterie,NA,NA
SEE996056393350,ABR984948535117,Stromspeichereinheit,SEE996056393350,BESS Bokensdorf,NA,7500,38556,Gifhorn,Bokensdorf,NA,NA,Niedersachsen,10.703167,52.463747,2028,NA,FALSE,Batterie,NA,NA
SEE936168777976,ABR935045748818,Stromspeichereinheit,SEE936168777976,Batteriespeicher Lengerich,Volleinspeisung,4200,49525,Steinfurt,Lengerich,NA,NA,Nordrhein-Westfalen,7.79651,52.191812,2027,NA,FALSE,Batterie,NA,NA
SEE911826827330,ABR921411392013,Stromspeichereinheit,SEE911826827330,Großspeicher Solarpark Walpenreuth,Volleinspeisung,2400,95239,Hof,Zell,NA,NA,Bayern,11.79244,50.1111,2027,NA,FALSE,Batterie,NA,NA
SEE936100873810,ABR991735675833,Stromspeichereinheit,SEE936100873810,Batteriespeicher Koppenlohe,Volleinspeisung,4500,87730,Unterallgäu,Bad Grönenbach,Darast,NA,Bayern,10.219065,47.910324,2027,NA,FALSE,Batterie,NA,NA
SEE931531401762,ABR929322061196,Stromspeichereinheit,NA,BMW Batteriespeicher München Knorrstrasse FIZ,Teileinspeisung (einschließlich Eigenverbrauch),1800,80807,München,München,Knorrstraße,NA,Bayern,11.569299000000001,48.195583,2026,NA,FALSE,Batterie,NA,NA
SEE974597605477,ABR940955371360,Stromspeichereinheit,NA,Stromspeicher 3312 kW,Volleinspeisung,3312,26169,Cloppenburg,Friesoythe,Friesoyther Straße,19,Niedersachsen,7.819648,52.993799,2026,NA,FALSE,Batterie,NA,NA
SEE993058679123,ABR987110730433,Stromspeichereinheit,SEE993058679123,Solarkraftwerk Mitterteich Speicher,Volleinspeisung,5300,95666,Tirschenreuth,Mitterteich,NA,NA,Bayern,12.211056,49.948342,2026,NA,FALSE,Batterie,NA,NA
SEE934692429200,ABR921600705358,Stromspeichereinheit,NA,Batteriespeicher Wasserwerk Haßfurt,Teileinspeisung (einschließlich Eigenverbrauch),1250,97437,Haßberge,Haßfurt,Augsfelder Straße,6,Bayern,10.52607,50.029293,2026,NA,FALSE,Batterie,NA,NA
SEE923837465418,ABR983702716991,Stromspeichereinheit,NA,BESS Munningen-Laub Co-Located,Volleinspeisung,2890,86754,Donau-Ries,Munningen,NA,NA,Bayern,10.6693,48.914875,2026,NA,FALSE,Batterie,NA,NA
SEE962493783009,ABR929144908235,Stromspeichereinheit,SEE962493783009,Speicher Beratzhausen IV - P23-167,Volleinspeisung,2500,93176,Regensburg,Beratzhausen,NA,NA,Bayern,11.77725,49.109971,2028,NA,FALSE,Batterie,NA,NA
SEE980603153412,ABR952180218914,Stromspeichereinheit,SEE980603153412,Solarpark Linthe Speicher,NA,6667,14822,Potsdam-Mittelmark,Linthe,NA,NA,Brandenburg,12.771218,52.145014,2027,NA,FALSE,Batterie,NA,NA
SEE987573397112,ABR908758462890,Stromspeichereinheit,SEE987573397112,Solarpark Wiedergeltingen Oberes Ried - BESS,Volleinspeisung,6667,86879,Unterallgäu,Wiedergeltingen,NA,NA,Bayern,10.678492,48.029238,2027,NA,FALSE,Batterie,NA,NA
SEE956237176431,ABR924894282512,Stromspeichereinheit,SEE956237176431,Speicher Uettingen III - P25-227,Volleinspeisung,1250,97292,Würzburg,Uettingen,NA,NA,Bayern,9.740427,49.772536,2028,NA,FALSE,Batterie,NA,NA
SEE923584556827,ABR941182821482,Stromspeichereinheit,SEE923584556827,Speicher Reichertshofen XXI - P26-016,Volleinspeisung,2500,85084,Pfaffenhofen a.d. Ilm,Reichertshofen,NA,NA,Bayern,11.505303,48.677864,2028,NA,FALSE,Batterie,NA,NA
SEE985069798368,ABR936048173829,Stromspeichereinheit,SEE985069798368,Speicher Baar-Ebenhausen V - P25-029,Volleinspeisung,2500,85107,Pfaffenhofen a.d. Ilm,Baar-Ebenhausen,NA,NA,Bayern,11.495559,48.693966,2028,NA,FALSE,Batterie,NA,NA
SEE930371913817,ABR933203256625,Stromspeichereinheit,NA,Graustromspeicher 1250 KW,Volleinspeisung,1250,29303,Celle,Bergen,NA,NA,Niedersachsen,9.907792,52.858529,2026,NA,FALSE,Batterie,NA,NA
SEE923479659596,ABR915397227261,Stromspeichereinheit,SEE923479659596,Speicher Lenting X - P25-207,Volleinspeisung,1250,85101,Eichstätt,Lenting,NA,NA,Bayern,11.462522,48.801232,2028,NA,FALSE,Batterie,NA,NA
SEE969919161632,ABR927019975917,Stromspeichereinheit,SEE969919161632,Speicher Seckach V - P26-042,Volleinspeisung,2500,74743,Neckar-Odenwald-Kreis,Seckach,NA,NA,Baden-Württemberg,9.309782,49.43557,2028,NA,FALSE,Batterie,NA,NA
SEE968450339340,ABR972562919970,Stromspeichereinheit,NA,green flexibility BESS Ennigerloh GmbH,Volleinspeisung,13800,59320,Warendorf,Ennigerloh,Hoher Weg,NA,Nordrhein-Westfalen,8.02151,51.849582,2026,NA,FALSE,Batterie,NA,NA
SEE909626118369,ABR931104655592,Stromspeichereinheit,SEE909626118369,Speicher Rottendorf III - P26-046,Volleinspeisung,3750,97228,Würzburg,Rottendorf,NA,NA,Bayern,10.038928,49.800634,2028,NA,FALSE,Batterie,NA,NA
SEE981161409263,ABR912332889423,Stromspeichereinheit,SEE981161409263,Speicher Leinach - P25-184,Volleinspeisung,1250,97274,Würzburg,Leinach,NA,NA,Bayern,9.801791,49.87556,2028,NA,FALSE,Batterie,NA,NA
SEE934240114695,ABR946577317328,Stromspeichereinheit,NA,HKW - Batteriespeicher,Volleinspeisung,2500,47906,Viersen,Kempen,Otto-Schott-Straße,4,Nordrhein-Westfalen,6.417201,51.375775,2026,NA,FALSE,Batterie,NA,NA
SEE975389826964,ABR967499921042,Stromspeichereinheit,SEE975389826964,wpd Batteriespeicher Lautlingen Nord,Volleinspeisung,2500,72459,Zollernalbkreis,Albstadt,NA,NA,Baden-Württemberg,8.954788,48.205247,2027,NA,FALSE,Batterie,NA,NA
SEE952224745826,ABR942222286131,Stromspeichereinheit,SEE952224745826,wpd Batteriespeicher Spechtritz,Volleinspeisung,4000,01734,Sächsische Schweiz-Osterzgebirge,Rabenau,NA,NA,Sachsen,13.628817,50.950985,2027,NA,FALSE,Batterie,NA,NA
SEE997375335762,ABR933776283783,Stromspeichereinheit,SEE997375335762,BESS Groß Kummerfeld Süd,NA,7000,24626,Segeberg,Groß Kummerfeld,NA,NA,Schleswig-Holstein,10.114843,54.017686,2027,NA,FALSE,Batterie,NA,NA
SEE927283631045,ABR922027917980,Stromspeichereinheit,SEE927283631045,Speicher Rohrbach XV - P25-096,Volleinspeisung,1250,85296,Pfaffenhofen a.d. Ilm,Rohrbach,NA,NA,Bayern,11.526921,48.620661,2028,NA,FALSE,Batterie,NA,NA
SEE952992508883,ABR930062959094,Stromspeichereinheit,SEE952992508883,Speicher Rottendorf II - P25-185,Volleinspeisung,1250,97228,Würzburg,Rottendorf,NA,NA,Bayern,10.045759,49.8032,2028,NA,FALSE,Batterie,NA,NA
SEE938806202598,ABR952883734254,Stromspeichereinheit,SEE938806202598,BESS Haideck,Volleinspeisung,5147,95145,Hof,Oberkotzau,NA,NA,Bayern,11.95501,50.2518,2027,NA,FALSE,Batterie,NA,NA
SEE986920461797,ABR900384825988,Stromspeichereinheit,SEE986920461797,BESS Autengrün,Volleinspeisung,6580,95365,Kulmbach,Rugendorf,NA,NA,Bayern,11.911669,50.251404,2027,NA,FALSE,Batterie,NA,NA
SEE907494664452,ABR925922358452,Stromspeichereinheit,SEE907494664452,Speicher Winterbach III - P22-260,Volleinspeisung,3750,89368,Günzburg,Winterbach,NA,NA,Bayern,10.520801,48.465511,2028,NA,FALSE,Batterie,NA,NA
SEE903321442613,ABR937117976556,Stromspeichereinheit,SEE903321442613,BESS Konradsreuth,Volleinspeisung,6580,95176,Hof,Konradsreuth,NA,NA,Bayern,11.8759,50.27748,2027,NA,FALSE,Batterie,NA,NA
SEE948849620143,ABR943718085122,Stromspeichereinheit,SEE948849620143,BESS Förstenreuth II,Volleinspeisung,3980,95239,Hof,Zell,NA,NA,Bayern,11.777782,50.142098,2027,NA,FALSE,Batterie,NA,NA
SEE979476263335,ABR934569427995,Stromspeichereinheit,NA,BESS Wadg,NA,5000,66787,Saarlouis,Wadgassen,Wendelstraße,NA,Saarland,6.798959,49.260437,2026,NA,FALSE,Batterie,NA,NA
SEE983075526197,ABR969440732721,Stromspeichereinheit,SEE983075526197,Speicher Gachenbach PR II - P26-076,Volleinspeisung,6250,86565,Neuburg-Schrobenhausen,Gachenbach,NA,NA,Bayern,11.248947,48.510074,2028,NA,FALSE,Batterie,NA,NA
SEE963178717838,ABR993904967541,Stromspeichereinheit,NA,Thale59,Volleinspeisung,17500,06502,Harz,Thale,Roßtrappenstraße,59,Sachsen-Anhalt,11.025176,51.753943,2027,NA,FALSE,Batterie,NA,NA
SEE933933692007,ABR903689191277,Stromspeichereinheit,SEE933933692007,BE Eitzing Speicher,NA,5000,84431,Mühldorf a. Inn,Rattenkirchen,NA,NA,Bayern,12.3233,48.22413,2026,NA,FALSE,Batterie,NA,NA
SEE980989554322,ABR921472850279,Stromspeichereinheit,NA,Graustromspeicher Jungensberg,Volleinspeisung,2000,88167,Lindau (Bodensee),Stiefenhofen,Jungensberg,11/2,Bayern,10.018891,47.601976,2026,NA,FALSE,Batterie,NA,NA
SEE967706303999,ABR922051851120,Stromspeichereinheit,NA,Mando Multiwerke 10 - Speicher Königsborn,Volleinspeisung,4000,39175,Jerichower Land,Biederitz,NA,NA,Sachsen-Anhalt,11.776555,52.132289,2026,NA,FALSE,Batterie,NA,NA
SEE951788049258,ABR997459884193,Stromspeichereinheit,SEE951788049258,Solarpark Ingolstadt X - P25-208,Volleinspeisung,1250,85053,Ingolstadt,Ingolstadt,NA,NA,Bayern,11.460193,48.744075,2028,NA,FALSE,Batterie,NA,NA
SEE920353802208,ABR958379400542,Stromspeichereinheit,SEE920353802208,Herbstadt-Ottelmannshausen BESS,Volleinspeisung,6625,97633,Rhön-Grabfeld,Herbstadt,NA,NA,Bayern,10.48632,50.34499,2027,NA,FALSE,Batterie,NA,NA
SEE905317595174,ABR910486930206,Stromspeichereinheit,SEE905317595174,Weißenbrunn-Wildenberg BESS,NA,5000,96369,Kronach,Weißenbrunn,NA,NA,Bayern,11.33466,50.18534,2027,NA,FALSE,Batterie,NA,NA
SEE984413550584,ABR975744474137,Stromspeichereinheit,SEE984413550584,Agri-PV Heusweiler BESS,Volleinspeisung,1100,66265,Regionalverband Saarbrücken,Heusweiler,NA,NA,Saarland,6.913373,49.34779,2027,NA,FALSE,Batterie,NA,NA
SEE972977601088,ABR925296821910,Stromspeichereinheit,SEE972977601088,Borgstedtfelde 1 Speicher,NA,3500,24794,Rendsburg-Eckernförde,Borgstedt,NA,NA,Schleswig-Holstein,9.68342,54.337324,2028,NA,FALSE,Batterie,NA,NA
SEE992317777532,ABR958666677510,Stromspeichereinheit,SEE992317777532,Schernfeld-Schönfeld BESS,NA,5000,85132,Eichstätt,Schernfeld,NA,NA,Bayern,11.05915,48.90808,2027,NA,FALSE,Batterie,NA,NA
SEE949911940770,ABR999665975979,Stromspeichereinheit,SEE949911940770,Ebersdorf b. Coburg-Kleingarnstadt BESS,NA,5000,96237,Coburg,Ebersdorf,NA,NA,Bayern,11.0711,50.25599,2027,NA,FALSE,Batterie,NA,NA
SEE939314658563,ABR963699520559,Stromspeichereinheit,SEE939314658563,BESS Dummerstorf Energiewende 2,NA,6667,18184,Rostock,Roggentin,Konrad-Zuse-Str.,1a,Mecklenburg-Vorpommern,12.254388,54.026366,2026,NA,FALSE,Batterie,NA,NA
SEE903542702305,ABR937367252035,Stromspeichereinheit,SEE903542702305,Bad Wünnenberg 3 Speicher,NA,4800,33181,Paderborn,Bad Wünnenberg,NA,NA,Nordrhein-Westfalen,8.77977,51.556295,2028,NA,FALSE,Batterie,NA,NA
SEE980161575503,ABR902828591244,Stromspeichereinheit,SEE980161575503,Frankfurt Oder West 2.3 Speicher,NA,6500,15234,Frankfurt (Oder),Frankfurt,NA,NA,Brandenburg,14.466301,52.324506,2028,NA,FALSE,Batterie,NA,NA
SEE917240593240,ABR963699520559,Stromspeichereinheit,SEE917240593240,BESS Dummerstorf Energiewende 3,NA,6667,18184,Rostock,Roggentin,Konrad-Zuse-Str.,1a,Mecklenburg-Vorpommern,12.243493,54.024767,2026,NA,FALSE,Batterie,NA,NA
SEE989462413392,ABR963699520559,Stromspeichereinheit,SEE989462413392,BESS Dummerstorf Energiewende 4,NA,3334,18184,Rostock,Roggentin,Konrad-Zuse-Str.,1a,Mecklenburg-Vorpommern,12.257781,54.024809,2026,NA,FALSE,Batterie,NA,NA
SEE945537657887,ABR960539438715,Stromspeichereinheit,SEE945537657887,Arpsdorf 2 Speicher,NA,3100,24634,Rendsburg-Eckernförde,Arpsdorf,NA,NA,Schleswig-Holstein,9.872111,54.0118,2028,NA,FALSE,Batterie,NA,NA
SEE984944135533,ABR934635875712,Stromspeichereinheit,SEE984944135533,Bagenz 2.2 Speicher,Volleinspeisung,6500,03058,Spree-Neiße,Neuhausen,NA,NA,Brandenburg,14.434216,51.638602,2028,NA,FALSE,Batterie,NA,NA
SEE901702163997,ABR914224652122,Stromspeichereinheit,SEE901702163997,Rickling 1.3 Speicher,NA,3500,24635,Segeberg,Rickling,NA,NA,Schleswig-Holstein,10.202505,53.977772,2028,NA,FALSE,Batterie,NA,NA
SEE944360041801,ABR992511086164,Stromspeichereinheit,NA,Salz Schondra Kebigsgraben 9 BESS,Volleinspeisung,1500,97616,Rhön-Grabfeld,Salz,Am Kebigsgraben,9,Bayern,10.192599,50.29875,2027,NA,FALSE,Batterie,NA,NA
SEE903381038559,ABR992511086164,Stromspeichereinheit,NA,HB - Lachendorf Im Bulloh - BESS,Volleinspeisung,2000,29331,Celle,Lachendorf,Im Bulloh,NA,Niedersachsen,10.236741,52.630275,2027,NA,FALSE,Batterie,NA,NA
SEE988566028860,ABR920315355568,Stromspeichereinheit,NA,Batteriespeicher - Marienthal,Volleinspeisung,1634,94469,Deggendorf,Deggendorf,Marienthal,2,Bayern,12.990793,48.851809,2026,NA,FALSE,Batterie,NA,NA
SEE933819601840,ABR934776144609,Stromspeichereinheit,NA,Batteriespeicher Grüningen,Volleinspeisung,3000,88499,Biberach,Riedlingen,NA,NA,Baden-Württemberg,9.455774,48.175222,2026,NA,FALSE,Batterie,NA,NA
SEE978939069606,ABR908154282139,Stromspeichereinheit,SEE978939069606,PIONEXT Batteriespeicher Solarpark Hütschenhausen,Volleinspeisung,5015,66882,Kaiserslautern,Hütschenhausen,NA,NA,Rheinland-Pfalz,7.513434,49.436647,2027,NA,FALSE,Batterie,NA,NA
SEE994873681186,ABR900142413754,Stromspeichereinheit,NA,MM16 - Speicher Töttelstedt - Erfurt,Volleinspeisung,1250,99100,Gotha,Bienstädt,NA,NA,Thüringen,10.886821,51.006838,2026,NA,FALSE,Batterie,NA,NA
SEE917146636904,ABR973275600827,Stromspeichereinheit,NA,Batteriespeicher-Buch,Volleinspeisung,5040,94113,Passau,Tiefenbach,NA,NA,Bayern,13.34614,48.621421,2026,NA,FALSE,Batterie,NA,NA
SEE972647392971,ABR990218930629,Stromspeichereinheit,NA,Batteriespeicher Marktoberdorf,NA,9900,87616,Ostallgäu,Marktoberdorf,Johann-Georg-Fendt-Straße,26,Bayern,10.611919,47.779278,2026,NA,FALSE,Batterie,NA,NA
SEE908517074623,ABR906445302191,Stromspeichereinheit,NA,Kyon-26 Battery Storage,Volleinspeisung,23700,39171,Börde,Sülzetal,NA,NA,Sachsen-Anhalt,11.575843,52.062095,2026,NA,FALSE,Batterie,NA,NA
SEE909400840998,ABR988763171093,Stromspeichereinheit,NA,Kyon-53 Battery Storage,Volleinspeisung,146500,25860,Nordfriesland,Horstedt,NA,NA,Schleswig-Holstein,9.072722,54.510083,2027,NA,FALSE,Batterie,NA,NA
SEE964305378076,ABR996723278485,Stromspeichereinheit,NA,Kyon-101 Battery Storage,Volleinspeisung,58000,09603,Mittelsachsen,Großschirma,NA,NA,Sachsen,13.215833,50.966806,2027,NA,FALSE,Batterie,NA,NA
SEE918241145889,ABR962434023836,Stromspeichereinheit,NA,Kyon-56 Battery Storage,Volleinspeisung,146500,27318,Nienburg (Weser),Hilgermissen,NA,NA,Niedersachsen,9.162444,52.835944,2027,NA,FALSE,Batterie,NA,NA
SEE974784277180,ABR984183124053,Stromspeichereinheit,SEE974784277180,Am Oberen Hirschberg,Volleinspeisung,2800,82327,Starnberg,Tutzing,NA,NA,Bayern,11.217309,47.912884,2027,NA,FALSE,Batterie,NA,NA
SEE970332184511,ABR990327284545,Stromspeichereinheit,NA,BESS Grevesmühlen,Volleinspeisung,17280,23936,Nordwestmecklenburg,Grevesmühlen,Lübecker Straße,32,Mecklenburg-Vorpommern,11.169332,53.864089,2026,NA,FALSE,Batterie,NA,NA
SEE948773436292,ABR973341045842,Stromspeichereinheit,NA,Batteriespeicher Wilsingen,Volleinspeisung,2200,72818,Reutlingen,Trochtelfingen,NA,NA,Baden-Württemberg,9.317751,48.268583,2026,NA,FALSE,Batterie,NA,NA
SEE968182451303,ABR942452654304,Stromspeichereinheit,NA,Batterie Borgwardstraße,Volleinspeisung,4800,48599,Borken,Gronau,Borgwardstraße,19,Nordrhein-Westfalen,7.062392,52.200381,2026,NA,FALSE,Batterie,NA,NA
SEE973640560015,ABR997652144568,Stromspeichereinheit,NA,Speicher GRAU Gochsheim 2026,Volleinspeisung,6350,97469,Schweinfurt,Gochsheim,NA,NA,Bayern,10.273337,50.031336,2026,NA,FALSE,Batterie,NA,NA
SEE988710642065,ABR932926516955,Stromspeichereinheit,NA,GigaBattery Boxberg 1000,Volleinspeisung,1000000,02943,Görlitz,Boxberg,Am Kraftwerk,1,Sachsen,14.561198,51.418787,2028,NA,FALSE,Batterie,NA,NA
SEE911502802170,ABR932926516955,Stromspeichereinheit,NA,GigaBattery Jänschwalde 2000,Volleinspeisung,1000000,03185,Spree-Neiße,Peitz,Teichlandstr.,NA,Brandenburg,14.466,51.832,2028,NA,FALSE,Batterie,NA,NA
SEE913938308608,ABR932926516955,Stromspeichereinheit,NA,GigaBattery Lippendorf 1000,NA,1000000,04575,Leipzig,Neukieritzsch,Am Kraftwerk,NA,Sachsen,12.381134,51.180742,2028,NA,FALSE,Batterie,NA,NA
SEE961677143219,ABR951801588542,Stromspeichereinheit,NA,Kyon-65 Battery Storage,Volleinspeisung,100000,67366,Germersheim,Weingarten,NA,NA,Rheinland-Pfalz,8.304963,49.258702,2028,NA,FALSE,Batterie,NA,NA
SEE952661557778,ABR993462324626,Stromspeichereinheit,SEE952661557778,Speicher_Grüner Weg,Volleinspeisung,1408,26219,Cloppenburg,Bösel,Grüner Weg,6,Niedersachsen,8.012904,52.990401,2026,NA,FALSE,Batterie,NA,NA
SEE970640560113,ABR994899375052,Stromspeichereinheit,SEE970640560113,Dietrichsmais B,Volleinspeisung,1763.52,94253,Regen,Bischofsmais,NA,NA,Bayern,13.101,48.93,2026,NA,FALSE,Batterie,NA,NA
SEE929106854143,ABR987392298263,Stromspeichereinheit,SEE929106854143,BESS - ESN DTT,Teileinspeisung (einschließlich Eigenverbrauch),1485,97461,Haßberge,Hofheim,Hans-Elbe-Straße,NA,Bayern,10.497117,50.126999,2026,NA,FALSE,Batterie,NA,NA
SEE970949767220,ABR972746947386,Stromspeichereinheit,SEE970949767220,Hallen 1-7,Teileinspeisung (einschließlich Eigenverbrauch),6000,97357,Kitzingen,Prichsenstadt,Zur Schirmeiche,6,Bayern,10.363229,49.817605,2026,NA,FALSE,Batterie,NA,NA
SEE923582924185,ABR925032619245,Stromspeichereinheit,NA,Speicher Wielen E.M.S. Storage 1,Volleinspeisung,1430,49847,Grafschaft Bentheim,Wielen,Vennweg,15,Niedersachsen,6.767184,52.54241,2026,NA,FALSE,Batterie,NA,NA
SEE962134798058,ABR904908624019,Stromspeichereinheit,SEE962134798058,SB_C72-BAT-DC2,Teileinspeisung (einschließlich Eigenverbrauch),1500,34266,Kassel,Niestetal,Zum Solarwerk,NA,Hessen,9.570956,51.318918,2026,NA,FALSE,Batterie,NA,NA
SEE910146734953,ABR954281343731,Stromspeichereinheit,NA,MM5 - Speicher - Nedlitz,NA,3480,39291,Jerichower Land,Möckern,NA,NA,Sachsen-Anhalt,11.869737,52.127739,2026,NA,FALSE,Batterie,NA,NA
SEE902040770854,ABR975078424501,Stromspeichereinheit,NA,BESS Artern I,Volleinspeisung,3450,06556,Kyffhäuserkreis,Artern,NA,NA,Thüringen,11.314057,51.362618,2026,NA,FALSE,Batterie,NA,NA
SEE919126258380,ABR978848218621,Stromspeichereinheit,NA,MM9 - Speicher - Parey,Volleinspeisung,3480,39317,Jerichower Land,Parey,NA,NA,Sachsen-Anhalt,11.988959,52.386619,2025,NA,FALSE,Batterie,NA,NA
SEE987949491000,ABR978248396691,Stromspeichereinheit,NA,W2_Powergrid_2,Teileinspeisung (einschließlich Eigenverbrauch),3800,88048,Bodenseekreis,Friedrichshafen,Domänenstraße,NA,Baden-Württemberg,9.428796,47.663417,2027,NA,FALSE,Batterie,NA,NA
SEE926467363864,ABR921818392654,Stromspeichereinheit,NA,BEE - BESS Borsigturm,Volleinspeisung,3420,13507,Berlin,Berlin,NA,NA,Berlin,13.284665,52.581888,2027,NA,FALSE,Batterie,NA,NA
SEE993302964654,ABR996314039358,Stromspeichereinheit,NA,BEE - BESS Stuttgart,Volleinspeisung,10000,70469,Stuttgart,Stuttgart,NA,NA,Baden-Württemberg,9.170483,48.813608,2027,NA,FALSE,Batterie,NA,NA
SEE999153501024,ABR952598966445,Stromspeichereinheit,NA,Batteriespeicher,Volleinspeisung,4320,25746,Dithmarschen,Heide,Hinrich-Schmidt-Straße,16,Schleswig-Holstein,9.104601,54.188576,2026,NA,FALSE,Batterie,NA,NA
SEE999749964561,ABR974709308340,Stromspeichereinheit,NA,BESS Harzgerode,Volleinspeisung,15000,06493,Harz,Harzgerode,NA,NA,Sachsen-Anhalt,11.15575,51.643566,2027,NA,FALSE,Batterie,NA,NA
SEE923938493709,ABR937092328135,Stromspeichereinheit,NA,enercity BESS Lehrte-Ahlten 1,Volleinspeisung,44792,31275,Region Hannover,Lehrte,NA,NA,Niedersachsen,9.896059,52.390972,2026,NA,FALSE,Batterie,NA,NA
SEE961970583651,ABR950380441910,Stromspeichereinheit,NA,B.E.S.S. Am Bahndamm GmbH,Volleinspeisung,4800,48683,Borken,Ahaus,Am Bahndamm,9,Nordrhein-Westfalen,6.983249,52.102698,2026,NA,FALSE,Batterie,NA,NA
SEE983019049706,ABR913797321282,Stromspeichereinheit,NA,BESS EnerWise,Volleinspeisung,10000,24768,Rendsburg-Eckernförde,Rendsburg,Büsumer Straße,130,Schleswig-Holstein,9.617662,54.326389,2026,NA,FALSE,Batterie,NA,NA
SEE977476698126,ABR978890078044,Stromspeichereinheit,SEE977476698126,Batteriespeicher-Am-Skilift,Volleinspeisung,1600,94143,Freyung-Grafenau,Grainet,NA,NA,Bayern,13.64622,48.80624,2027,NA,FALSE,Batterie,NA,NA
SEE989748439733,ABR907324430387,Stromspeichereinheit,NA,Kyon-38 Battery Storage West,Volleinspeisung,51430,53949,Euskirchen,Dahlem,NA,NA,Nordrhein-Westfalen,6.527243,50.387721,2026,NA,FALSE,Batterie,NA,NA
SEE928955121604,ABR937629437422,Stromspeichereinheit,NA,Annabrunn - BESS,Volleinspeisung,1375,84570,Mühldorf a. Inn,Polling,NA,NA,Bayern,12.50866,48.22757,2026,NA,FALSE,Batterie,NA,NA
SEE935930300749,ABR935334264296,Stromspeichereinheit,SEE935930300749,BEE - BESS Dornheim,Volleinspeisung,4000,99310,Ilm-Kreis,Dornheim,NA,NA,Thüringen,11.006906,50.836083,2028,NA,FALSE,Batterie,NA,NA
SEE921637592464,ABR978968772379,Stromspeichereinheit,SEE921637592464,trlyr 31,Teileinspeisung (einschließlich Eigenverbrauch),13170,29559,Uelzen,Wrestedt,Landesstraße,1,Niedersachsen,10.646987,52.896243,2026,NA,FALSE,Batterie,NA,NA
SEE913755727583,ABR913858159946,Stromspeichereinheit,SEE913755727583,BESS Kriegswiese,Volleinspeisung,10030,95236,Hof,Stammbach,NA,NA,Bayern,11.745836,50.142867,2027,NA,FALSE,Batterie,NA,NA
SEE999140753016,ABR984750004344,Stromspeichereinheit,NA,BESS Wuppertal Mettmannerstr.,Volleinspeisung,6800,42115,Wuppertal,Wuppertal,Mettmanner Straße,79,Nordrhein-Westfalen,7.093981,51.253257,2026,NA,FALSE,Batterie,NA,NA
SEE950744996919,ABR980017028085,Stromspeichereinheit,NA,Fröndenberg,Volleinspeisung,1005,58730,Unna,Fröndenberg,Wickeder Straße,7,Nordrhein-Westfalen,7.806446,51.478615,2026,NA,FALSE,Batterie,NA,NA
SEE978807761250,ABR928156295890,Stromspeichereinheit,NA,Icecreek Energy Vordorf,Volleinspeisung,6900,38533,Gifhorn,Vordorf,NA,NA,Niedersachsen,10.4946,52.3785,2026,NA,FALSE,Batterie,NA,NA
SEE949021236992,ABR948003427120,Stromspeichereinheit,NA,Batteriespeicher Nonnenbreite,Volleinspeisung,2185,33181,Paderborn,Bad Wünnenberg,NA,NA,Nordrhein-Westfalen,8.707566,51.543819,2026,NA,FALSE,Batterie,NA,NA
SEE930343596277,ABR971309606203,Stromspeichereinheit,SEE930343596277,BESS Schlön,Volleinspeisung,36000,17192,Mecklenburgische Seenplatte,Waren,NA,NA,Mecklenburg-Vorpommern,12.778226,53.52481,2026,NA,FALSE,Batterie,NA,NA
SEE970518108508,ABR975042035634,Stromspeichereinheit,SEE970518108508,Batteriespeicher,Teileinspeisung (einschließlich Eigenverbrauch),2500,38836,Harz,Badersleben,NA,NA,Sachsen-Anhalt,NA,NA,2026,NA,FALSE,Batterie,NA,NA
SEE983807618602,ABR920828268676,Stromspeichereinheit,NA,Batteriespeicher,Volleinspeisung,8400,30952,Region Hannover,Ronnenberg,NA,NA,Niedersachsen,9.649014,52.338835,2026,NA,FALSE,Batterie,NA,NA
SEE932296398847,ABR963377625118,Stromspeichereinheit,SEE932296398847,Batteriespeicher 2,Teileinspeisung (einschließlich Eigenverbrauch),1500,48308,Coesfeld,Senden,Broholt,35,Nordrhein-Westfalen,7.548616,51.82616,2026,NA,FALSE,Batterie,NA,NA
SEE966514154441,ABR950977059382,Stromspeichereinheit,NA,Batteriespeicher,Volleinspeisung,22396,30629,Region Hannover,Hannover,NA,NA,Niedersachsen,9.8644,52.3764,2026,NA,FALSE,Batterie,NA,NA
SEE939824003389,ABR908402394584,Stromspeichereinheit,SEE939824003389,ABR908402394584,Teileinspeisung (einschließlich Eigenverbrauch),2000,67596,Alzey-Worms,Dittelsheim-Heßloch,Backhausgasse,15,Rheinland-Pfalz,8.248511,49.743417,2026,NA,FALSE,Batterie,NA,NA
SEE977619317907,ABR933341376063,Stromspeichereinheit,NA,Energiespeicher Siemensstraße 27-29,Volleinspeisung,3000,48683,Borken,Ahaus,Siemensstraße,27 -29,Nordrhein-Westfalen,7.030356,52.079223,2026,NA,FALSE,Batterie,NA,NA
SEE914872959086,ABR931128853639,Stromspeichereinheit,NA,BESS VBK,Volleinspeisung,1250,24119,Rendsburg-Eckernförde,Kronshagen,Claus-Sinjen-Straße,31,Schleswig-Holstein,10.07489,54.326549,2026,NA,FALSE,Batterie,NA,NA
SEE932564230664,ABR933865302852,Stromspeichereinheit,SEE932564230664,Speicher Garage,Teileinspeisung (einschließlich Eigenverbrauch),1200,91358,Forchheim,Kunreuth,Wirtsleite,1,Bayern,11.147012,49.683219,2026,NA,FALSE,Batterie,NA,NA
SEE958210318449,ABR928023152547,Stromspeichereinheit,SEE958210318449,BESS FFPVA Bohmterheide,Volleinspeisung,8360,49163,Osnabrück,Bohmte,NA,NA,Niedersachsen,8.312837,52.386577,2027,NA,FALSE,Batterie,NA,NA
SEE924750690031,ABR937995708027,Stromspeichereinheit,SEE924750690031,BESS FFPVA Bissendorf-Himbergen,Volleinspeisung,8360,49143,Osnabrück,Bissendorf,NA,NA,Niedersachsen,8.182836,52.231107,2027,NA,FALSE,Batterie,NA,NA
SEE956189277590,ABR934212489684,Stromspeichereinheit,SEE956189277590,BakonKWTom,Teileinspeisung (einschließlich Eigenverbrauch),2300,88512,Sigmaringen,Mengen,Edelbrunnenweg,37,Baden-Württemberg,9.310206,48.056181,2026,NA,FALSE,Batterie,NA,NA
SEE929118002006,ABR985062114349,Stromspeichereinheit,NA,Batteriespeicher Prinzhöfte,Volleinspeisung,15000,27243,Oldenburg,Prinzhöfte,Stolzbruch,NA,Niedersachsen,8.497147,52.936006,2026,NA,FALSE,Batterie,NA,NA
SEE966690520436,ABR948602721285,Stromspeichereinheit,NA,Anker Solix Speicher,Teileinspeisung (einschließlich Eigenverbrauch),2500,19217,Nordwestmecklenburg,Rehna,NA,NA,Mecklenburg-Vorpommern,NA,NA,2026,NA,FALSE,Batterie,NA,NA
SEE951604339228,ABR947981453466,Stromspeichereinheit,NA,BESS EBG Perlesreut eG Göschlmühle,Volleinspeisung,2500,94160,Freyung-Grafenau,Ringelai,Heinrichshof,2,Bayern,13.463108,48.79284,2026,NA,FALSE,Batterie,NA,NA
SEE911529308662,ABR948593382816,Stromspeichereinheit,NA,"Speicher Krumbeck 3,01MWh",Teileinspeisung (einschließlich Eigenverbrauch),1400,48703,Borken,Stadtlohn,Von-Ardenne-Straße,44,Nordrhein-Westfalen,6.888377,51.985978,2026,NA,FALSE,Batterie,NA,NA
SEE946101467147,ABR905314360300,Stromspeichereinheit,SEE946101467147,BESS Badem II,NA,5250,54657,Eifelkreis Bitburg-Prüm,Badem,NA,NA,Rheinland-Pfalz,6.611012,50.020891,2027,NA,FALSE,Batterie,NA,NA
SEE943586215928,ABR905314360300,Stromspeichereinheit,SEE943586215928,BESS Orsfeld II,NA,3010,54655,Eifelkreis Bitburg-Prüm,Orsfeld,NA,NA,Rheinland-Pfalz,6.611006,50.020871,2027,NA,FALSE,Batterie,NA,NA
SEE912233494436,ABR984442488490,Stromspeichereinheit,NA,Speicher Roitzsch,Volleinspeisung,12500,06809,Anhalt-Bitterfeld,Roitzsch,NA,NA,Sachsen-Anhalt,12.235323,51.580847,2026,NA,FALSE,Batterie,NA,NA
SEE959451562875,ABR957053618075,Stromspeichereinheit,NA,BESS Krostitz,Volleinspeisung,8000,04509,Nordsachsen,Krostitz,Im Mittelfeld,20,Sachsen,12.417212,51.438147,2026,NA,FALSE,Batterie,NA,NA
SEE989838241833,ABR918952916969,Stromspeichereinheit,NA,Battery Park Höxter 1,Volleinspeisung,65000,37671,Höxter,Höxter,Eugen-Diesel-Straße,16,Nordrhein-Westfalen,9.394637,51.79013,2027,NA,FALSE,Batterie,NA,NA
SEE999242351424,ABR918952916969,Stromspeichereinheit,NA,Battery Park Höxter 2,NA,65000,37671,Höxter,Höxter,Eugen-Diesel-Straße,16,Nordrhein-Westfalen,9.394637,51.79013,2027,NA,FALSE,Batterie,NA,NA
SEE959230893404,ABR976941935094,Stromspeichereinheit,SEE959230893404,ABR976941935094,Teileinspeisung (einschließlich Eigenverbrauch),4000,18299,Rostock,Laage,NA,NA,Mecklenburg-Vorpommern,NA,NA,2026,NA,FALSE,Batterie,NA,NA
SEE933996098181,ABR915209255888,Stromspeichereinheit,SEE933996098181,BESS Löwenberger Land I,Volleinspeisung,15750,16775,Oberhavel,Löwenberger Land,NA,NA,Brandenburg,13.159517,52.89154,2026,NA,FALSE,Batterie,NA,NA
SEE937755233493,ABR915209255888,Stromspeichereinheit,SEE937755233493,BESS Löwenberger Land II,Volleinspeisung,22500,16775,Oberhavel,Löwenberger Land,NA,NA,Brandenburg,13.159825,52.891721,2026,NA,FALSE,Batterie,NA,NA
SEE908939522733,ABR924016454384,Stromspeichereinheit,SEE908939522733,BESS Bergholz,Volleinspeisung,32400,17321,Vorpommern-Greifswald,Bergholz,NA,NA,Mecklenburg-Vorpommern,14.178384,53.426566,2026,NA,FALSE,Batterie,NA,NA
SEE957736909193,ABR943910408156,Stromspeichereinheit,NA,BESS Langer Weg 51 in Stendal,Volleinspeisung,3000,39576,Stendal,Stendal,Langer Weg,51,Sachsen-Anhalt,11.864031,52.624167,2026,NA,FALSE,Batterie,NA,NA
SEE988302497264,ABR984941965676,Stromspeichereinheit,SEE988302497264,Speicher Riesa Trst. Fertigung BA 4,Teileinspeisung (einschließlich Eigenverbrauch),1080,01587,Meißen,Riesa,Glogauer Straße,9,Sachsen,13.275111,51.297975,2026,NA,FALSE,Batterie,NA,NA
SEE926695331482,ABR953780965185,Stromspeichereinheit,NA,Fenecon Graustromspeicher,Volleinspeisung,1500,94036,Passau,Passau,NA,NA,Bayern,13.3626,48.58695,2026,NA,FALSE,Batterie,NA,NA
SEE939909012350,ABR957536085912,Stromspeichereinheit,NA,Mando Multiwerke 7 - Speicher Loburg,NA,3727,39279,Jerichower Land,Loburg,Münchentor,43,Sachsen-Anhalt,12.071627,52.106912,2026,NA,FALSE,Batterie,NA,NA
SEE922566498834,ABR967693187091,Stromspeichereinheit,NA,MM20 - Speicher Bergzow,Volleinspeisung,4000,39307,Jerichower Land,Bergzow,NA,NA,Sachsen-Anhalt,12.053152,52.391152,2026,NA,FALSE,Batterie,NA,NA
SEE994977200863,ABR955057773547,Stromspeichereinheit,SEE994977200863,ABR955057773547,NA,2500,09337,Zwickau,Hohenstein-Ernstthal,Röhrensteig,21,Sachsen,12.686982,50.803915,2026,NA,FALSE,Batterie,NA,NA
SEE937262655818,ABR965484107358,Stromspeichereinheit,SEE937262655818,BEES am Wandwasser,Volleinspeisung,8000,86447,Aichach-Friedberg,Todtenweis,NA,NA,Bayern,10.882858,48.50476,2026,NA,FALSE,Batterie,NA,NA
SEE982015826137,ABR917304568511,Stromspeichereinheit,SEE982015826137,Balkonkraftwerk,Teileinspeisung (einschließlich Eigenverbrauch),2100,21769,Cuxhaven,Lamstedt,NA,NA,Niedersachsen,NA,NA,2026,NA,FALSE,Batterie,NA,NA
SEE996819917731,ABR907617485391,Stromspeichereinheit,NA,Batteriespeicher HKW-West,Volleinspeisung,12000,76185,Karlsruhe,Karlsruhe,Honsellstraße,35,Baden-Württemberg,8.35067,49.013328,2026,NA,FALSE,Batterie,NA,NA
SEE998123103299,ABR985806446408,Stromspeichereinheit,NA,Prüffeld,Teileinspeisung (einschließlich Eigenverbrauch),1250,76879,Südliche Weinstraße,Bornheim,In der Viehweide,15,Rheinland-Pfalz,8.174603,49.211775,2026,NA,FALSE,Batterie,NA,NA
SEE949446772723,ABR992704024522,Stromspeichereinheit,SEE949446772723,Erste PV-Anlage,Teileinspeisung (einschließlich Eigenverbrauch),6000,89189,Alb-Donau-Kreis,Neenstetten,NA,NA,Baden-Württemberg,NA,NA,2026,NA,FALSE,Batterie,NA,NA
SEE913638177290,ABR981628800275,Stromspeichereinheit,SEE913638177290,Anker Max AC,Teileinspeisung (einschließlich Eigenverbrauch),3500,96178,Bamberg,Pommersfelden,Ringstraße,7,Bayern,10.805871,49.773685,2026,NA,FALSE,Batterie,NA,NA
SEE967250391541,ABR970356345516,Stromspeichereinheit,SEE967250391541,Batterie Schuppen,Teileinspeisung (einschließlich Eigenverbrauch),4000,56412,Westerwaldkreis,Oberelbert,Trifter Weg,7,Rheinland-Pfalz,7.81186,50.388234,2026,NA,FALSE,Batterie,NA,NA
SEE991773445375,ABR922311938561,Stromspeichereinheit,SEE991773445375,PV-Speicher,Teileinspeisung (einschließlich Eigenverbrauch),2400,24768,Rendsburg-Eckernförde,Rendsburg,Felix-Mendelssohn-Straße,5B,Schleswig-Holstein,9.650977,54.295342,2026,NA,FALSE,Batterie,NA,NA
SEE926961495030,ABR985428870254,Stromspeichereinheit,SEE926961495030,Noah 2000,Teileinspeisung (einschließlich Eigenverbrauch),2000,17358,Vorpommern-Greifswald,Torgelow,NA,NA,Mecklenburg-Vorpommern,NA,NA,2026,NA,FALSE,Batterie,NA,NA
SEE924492583332,ABR907316322393,Stromspeichereinheit,NA,"Eckel Energy GmbH ＆ Co. KG, Heisterbreite 2d, BESS-2,5MW-5MWh",Volleinspeisung,2500,31737,Schaumburg,Rinteln,Heisterbreite,2 D,Niedersachsen,9.072266,52.165149,2026,NA,FALSE,Batterie,NA,NA
SEE908016184137,ABR932920354027,Stromspeichereinheit,SEE908016184137,Batteriespeicher,Teileinspeisung (einschließlich Eigenverbrauch),16000,01896,Bautzen,Ohorn,Hochsteinstraße,5,Sachsen,14.052202,51.179037,2026,NA,FALSE,Batterie,NA,NA
SEE984598768552,ABR985685794003,Stromspeichereinheit,SEE984598768552,BP2700,Teileinspeisung (einschließlich Eigenverbrauch),1200,73277,Esslingen,Owen,NA,NA,Baden-Württemberg,NA,NA,2026,NA,FALSE,Batterie,NA,NA
SEE999600916500,ABR919697433407,Stromspeichereinheit,SEE999600916500,Anker Solix,Teileinspeisung (einschließlich Eigenverbrauch),1600,17322,Vorpommern-Greifswald,Grambow,NA,NA,Mecklenburg-Vorpommern,NA,NA,2026,NA,FALSE,Batterie,NA,NA
SEE926466745944,ABR969093496391,Stromspeichereinheit,NA,Anker Solix MAX AC,Teileinspeisung (einschließlich Eigenverbrauch),3500,59071,Hamm,Hamm,Hartriegelweg,2,Nordrhein-Westfalen,7.876177,51.682764,2026,NA,FALSE,Batterie,NA,NA
SEE903268838784,ABR989147417271,Stromspeichereinheit,SEE903268838784,Meyer-Menk,Teileinspeisung (einschließlich Eigenverbrauch),7820,31137,Hildesheim,Hildesheim,NA,NA,Niedersachsen,NA,NA,2026,NA,FALSE,Batterie,NA,NA
SEE922601229591,ABR915074286734,Stromspeichereinheit,SEE922601229591,"Stromspeicher Lahntal Solarpark ""Sandhute""",Volleinspeisung,10000,35094,Marburg-Biedenkopf,Lahntal,NA,NA,Hessen,8.740508,50.874717,2027,NA,FALSE,Batterie,NA,NA
SEE903072597747,ABR929686936963,Stromspeichereinheit,NA,trlyr 7,Volleinspeisung,8000,02999,Bautzen,Lohsa,Dr.-Walter-Schubert-Straße,NA,Sachsen,14.409024,51.390656,2026,NA,FALSE,Batterie,NA,NA
SEE937976907463,ABR928790300974,Stromspeichereinheit,SEE937976907463,Garagendach,Teileinspeisung (einschließlich Eigenverbrauch),7500,25980,Nordfriesland,Sylt,Osterweg,10,Schleswig-Holstein,11.313635,47.99795,2026,NA,FALSE,Batterie,NA,NA
SEE951989484902,ABR924729590751,Stromspeichereinheit,SEE951989484902,A.Geld,Teileinspeisung (einschließlich Eigenverbrauch),2700,49205,Osnabrück,Hasbergen,NA,NA,Niedersachsen,NA,NA,2026,NA,FALSE,Batterie,NA,NA
SEE989086841038,ABR968487743967,Stromspeichereinheit,SEE989086841038,Balkonkraftwerk Speicher2,Teileinspeisung (einschließlich Eigenverbrauch),1920,97846,Main-Spessart,Partenstein,Buchstraße,38,Bayern,9.524358,50.032482,2026,NA,FALSE,Batterie,NA,NA
SEE978853881353,ABR948505399581,Stromspeichereinheit,NA,AnAnker SOLIX Solarbank Max AC,Teileinspeisung (einschließlich Eigenverbrauch),3500,76189,Karlsruhe,Karlsruhe,NA,NA,Baden-Württemberg,NA,NA,2026,NA,FALSE,Batterie,NA,NA
SEE981887801181,ABR984666335594,Stromspeichereinheit,SEE981887801181,Speicher SiegStrasse,Teileinspeisung (einschließlich Eigenverbrauch),2500,50389,Rhein-Erft-Kreis,Wesseling,NA,NA,Nordrhein-Westfalen,NA,NA,2026,NA,FALSE,Batterie,NA,NA
SEE903677139663,ABR938058909887,Stromspeichereinheit,SEE903677139663,Hoymiles Hi Battery AC 1920,Teileinspeisung (einschließlich Eigenverbrauch),1920,57647,Westerwaldkreis,Nistertal,NA,NA,Rheinland-Pfalz,NA,NA,2026,NA,FALSE,Batterie,NA,NA
SEE912174575881,ABR979657525375,Stromspeichereinheit,SEE912174575881,Dach,Teileinspeisung (einschließlich Eigenverbrauch),3500,59071,Hamm,Hamm,NA,NA,Nordrhein-Westfalen,NA,NA,2026,NA,FALSE,Batterie,NA,NA
