"","nr_betreiber","energie_type","verknuepfte_einheiten","anzahl_einheiten","leistung_brutto","name_KW","energietraeger","stillgelegt","jahr_inbetriebnahme","nr_KW"
"1","ABR962424139622","Verbrennung","SEE902238950303",1,10800,"---","Erdgas, Erdölgas",0,1958,"KWK936060116484"
"2","ABR906206974056","Verbrennung","SEE920864082298",1,47971,"01 Std GT1","Erdgas, Erdölgas",0,2014,"KWK918790135164"
"3","ABR906206974056","Verbrennung","SEE926897163430",1,47645,"01 Std GT2","Erdgas, Erdölgas",0,2014,"KWK918790135164"
"4","ABR906206974056","Verbrennung","SEE964077382691",1,47352,"01 Std GT3","Erdgas, Erdölgas",0,2014,"KWK918790135164"
"5","ABR906206974056","Verbrennung","SEE970688261195",1,16900,"01 Std ST1","Dampf (zum Beispiel Prozesswärme)",0,1975,"KWK918790135164"
"6","ABR906206974056","Verbrennung","SEE954183997452",1,18732,"01 Std ST2","Dampf (zum Beispiel Prozesswärme)",0,2014,"KWK918790135164"
"7","ABR969565067944","Verbrennung","SEE960317505882",1,23200,"1","Heizöl, leicht",0,1982,NA
"8","ABR967988325672","Verbrennung","SEE917943562765, SEE915289541482, SEE994429144455, SEE918810715130, SEE900931819460",5,371000,"11WD2FFW-000203E","Steinkohlen",0,1990,"KWK943123692861"
"9","ABR967988325672","Verbrennung","SEE971867565370",1,71000,"11WD2NDR-000204Q","Erdgas, Erdölgas",0,2005,"KWK922047055426"
"10","ABR969565067944","Verbrennung","SEE905937514456",1,23200,"4","Heizöl, leicht",0,1982,NA
"11","ABR905104647567","Verbrennung","SEE956943312185",1,45750,"A718 KT9","Dampf (zum Beispiel Prozesswärme)",0,2008,NA
"12",NA,"Verbrennung","SEE923480721565",1,48000,"A855 GT1","Erdgas, Erdölgas",1,1992,"KWK910315184572"
"13","ABR994305088439","Verbrennung","SEE957509710094",1,14000,"AHKW-Neunkirchen","Abfall (Hausmüll, Siedl.abf.)",0,1977,"KWK928853742802"
"14","ABR994305088439","Verbrennung","SEE974059990561",1,13500,"AHKW-Neunkirchen Turbine 5","Abfall (Hausmüll, Siedl.abf.)",0,2023,"KWK928853742802"
"15","ABR981176702168","Verbrennung","SEE994551453975, SEE945602121718",2,40000,"AWG Abfallwirtschaftsgesellschaft mbH Wuppertal","Abfall (Hausmüll, Siedl.abf.)",0,1976,"KWK961736706188"
"16","ABR957659462591","Verbrennung","SEE971995083203",1,10500,"BHKW Braunschweig","Erdgas, Erdölgas",0,2014,"KWK934144318953"
"17","ABR998231634548","Verbrennung","SEE918373264410",1,31000,"BHKW GT-Ost","Erdgas, Erdölgas",0,2004,"KWK999188080211"
"18","ABR903834398421","Verbrennung","SEE953451314137, SEE988994692473, SEE960000126950",3,31806,"BHKW Hanau","Erdgas, Erdölgas",0,2026,"KWK926085490737"
"19","ABR901047920507","Verbrennung","SEE910929866741, SEE927787059284, SEE915137840866, SEE905751443291, SEE960175509510, SEE940200876787, SEE966202630769",7,82666.92,"BHKW Hastedt","Erdgas, Erdölgas",0,2022,"KWK953856566780"
"20","ABR977437284269","Verbrennung","SEE976415135319",1,14330,"BHKW Kre","Erdgas, Erdölgas",0,1996,"KWK910950421445"
"21","ABR930591165850","Verbrennung","SEE929826629465",1,12900,"BHKW Ramstein","Erdgas, Erdölgas",0,2018,"KWK973949778340"
"22","ABR946983035717","Verbrennung","SEE936668903264",1,20774,"BHKW1","Erdgas, Erdölgas",0,2022,"KWK928937203502"
"23",NA,"Verbrennung","SEE997988564504",1,11400,"BKR Gasturbine","Erdgas, Erdölgas",1,2006,"KWK992770352130"
"24","ABR958220872382","Verbrennung","SEE927473609168",1,73563,"BNA0174","Erdgas, Erdölgas",0,1967,"KWK906248118494"
"25","ABR949574336156","Verbrennung","SEE930673793902",1,780000,"Bergkamen A","Steinkohlen",0,1981,NA
"26","ABR999859507658","Verbrennung","SEE986331287955",1,107000,"Berrenrath","Rohbraunkohlen",0,1992,"KWK905488329080"
"27",NA,"Verbrennung","SEE901344829220",1,23000,"Bestandsanlage_HKW_Aalen","Erdgas, Erdölgas",1,1960,"KWK940889059143"
"28","ABR902447264949","Verbrennung","SEE960273606623",1,23256,"Biomasseheizkraftwerk Hannover Stöcken","Dampf (zum Beispiel Prozesswärme)",0,2025,"KWK917211611430"
"29","ABR918948257595","Verbrennung","SEE962737235608",1,33600,"Block 1","Abfall (Hausmüll, Siedl.abf.)",0,2005,"KWK931354211562"
"30","ABR918948257595","Verbrennung","SEE999819576335",1,33600,"Block 2","Abfall (Hausmüll, Siedl.abf.)",0,2006,"KWK951062445165"
"31","ABR933233078730","Verbrennung","SEE961660070034",1,18100,"Block 4 Merkenich RheinEnergie","Erdgas, Erdölgas",1,2010,"KWK966796897609"
"32",NA,"Verbrennung","SEE915426748132",1,85200,"Block 6 Merkenich RheinEnergie","Wirbelschichtkohle",1,2010,"KWK966796897609"
"33","ABR928200421176","Verbrennung","SEE984166693200",1,12000,"Boehringer Ingelheim - 6482 - PSI - KWK","Industrieabfall",0,2024,"KWK937546638773"
"34","ABR967895852209","Verbrennung","SEE907389779292, SEE985842749525, SEE908125004449, SEE968582186379",4,2639000,"Boxberg","Rohbraunkohlen",0,1979,"KWK949609166567"
"35","ABR989648485328","Verbrennung","SEE926120377375",1,29000,"Cogenerationanlage","Erdgas, Erdölgas",0,1996,NA
"36","ABR940486198085","Verbrennung","SEE942982288260",1,432000,"Cuno Heizkraftwerk Herdecke H6","Erdgas, Erdölgas",0,2007,NA
"37","ABR969596914101","Verbrennung","SEE961620762023",1,10300,"DA_HKW_01","Erdgas, Erdölgas",0,1999,"KWK954921423069"
"38","ABR977437284269","Verbrennung","SEE926239714443",1,26775,"DT Kre","Erdgas, Erdölgas",0,1964,"KWK933048766860"
"39","ABR999275057935","Verbrennung","SEE970305352633",1,19350,"DTS 3","Dampf (zum Beispiel Prozesswärme)",0,1993,"KWK984200154087"
"40","ABR916600849546","Verbrennung","SEE921449009914",1,20273,"DTS 4","Erdgas, Erdölgas",0,2004,"KWK943749983442"
"41","ABR993122874003","Verbrennung","SEE967279432140, SEE983237534152",2,70000,"Dampfkessel 7","Sonstige hergestellte Gase",0,2022,"KWK961032614552"
"42","ABR996426003001","Verbrennung","SEE992947793209, SEE912008346410",2,32800,"Dampfturbine","Abfall (Hausmüll, Siedl.abf.)",0,1974,"KWK918734931326"
"43","ABR999627822365","Verbrennung","SEE945682618689",1,16620,"Dampfturbine Stora Enso Sachsen","Erdgas, Erdölgas",0,1994,"KWK971183668724"
"44","ABR972496418143","Verbrennung","SEE913516809497",1,1100000,"Datteln 4","Steinkohlen",0,2020,"KWK994225363173"
"45","ABR907042335667","Verbrennung","SEE991220769276, SEE914857304191, SEE908089235248",3,572000,"Dormagen","Erdgas, Erdölgas",0,2000,"KWK986209567356"
"46",NA,"Verbrennung","SEE924647197780, SEE994761683902",2,25900,"Dortmund Kessel 11-14","Erdgas, Erdölgas",1,2013,"KWK902317600129"
"47","ABR907411702991","Verbrennung","SEE942777699660",1,33420,"EBKW Knapsack","Industrieabfall",0,2009,NA
"48","ABR912811411619","Verbrennung","SEE937544161082",1,22707,"EBS Heizkraftwerk Spremberg","Industrieabfall",0,2012,"KWK905196022983"
"49","ABR916475137915","Verbrennung","SEE917110358740",1,21400,"EBS Kessel 6","Abfall (Hausmüll, Siedl.abf.)",0,2010,"KWK972979675841"
"50","ABR910489390564","Verbrennung","SEE946934017984",1,22400,"EBS-HKW Rostock","Abfall (Hausmüll, Siedl.abf.)",0,2010,"KWK910956894274"
"51","ABR964713805508","Verbrennung","SEE928761575349",1,25000,"EEW Großräschen GmbH","Abfall (Hausmüll, Siedl.abf.)",0,2008,"KWK955712527546"
"52","ABR943061014046","Verbrennung","SEE929910590541",1,32000,"EEW Stapelfeld GmbH","Abfall (Hausmüll, Siedl.abf.)",0,2025,"KWK920050773146"
"53","ABR943061014046","Verbrennung","SEE918623387630",1,16400,"EEW Stapellfeld GmbH","Abfall (Hausmüll, Siedl.abf.)",0,1979,"KWK949666175328"
"54","ABR906817615676","Verbrennung","SEE991050894971",1,14700,"EKT","Dampf (zum Beispiel Prozesswärme)",0,2000,NA
"55","ABR941211411547","Verbrennung","SEE957163765348",1,14000,"ENVE","Andere Gase",0,2020,"KWK901031577328"
"56",NA,"Verbrennung","SEE997842921603",1,25000,"EVE Premnitz","Abfall (Hausmüll, Siedl.abf.)",1,2009,"KWK974765231057"
"57","ABR907042335667","Verbrennung","SEE985908351792, SEE933564106935, SEE951620659119",3,492600,"Emsland B","Erdgas, Erdölgas",0,1974,"KWK992353517345"
"58","ABR907042335667","Verbrennung","SEE994418588468, SEE921098709050, SEE925192446583",3,492600,"Emsland C","Erdgas, Erdölgas",0,1975,"KWK992353517345"
"59","ABR907042335667","Verbrennung","SEE979958390276, SEE911671792326, SEE929022761297",3,940995,"Emsland D","Erdgas, Erdölgas",0,2010,"KWK992353517345"
"60","ABR999859507658","Verbrennung","SEE906830618081",1,30000,"Fab Fortuna","Rohbraunkohlen",0,1948,"KWK906781815140"
"61","ABR999859507658","Verbrennung","SEE905721866655",1,82000,"Fab Frechen","Rohbraunkohlen",0,1962,"KWK947212833791"
"62","ABR923450846267","Verbrennung","SEE942253705168",1,13200,"Fernheizkraftwerk TWL","Dampf (zum Beispiel Prozesswärme)",0,1989,"KWK961974248563"
"63","ABR987873605191","Verbrennung","SEE926982393704",1,10310,"Fernheizwerk 7-BHKW 10","Erdgas, Erdölgas",0,2023,"KWK940584903703"
"64","ABR998317421772","Verbrennung","SEE928076311489",1,38000,"Fernwärmekraftwerk Kassel","Rohbraunkohlen",0,1989,"KWK940030917728"
"65","ABR998317421772","Verbrennung","SEE992472260238",1,22800,"Fernwärmekraftwerk Kassel DT2","Rohbraunkohlen",0,2024,"KWK940030917728"
"66","ABR960754487345","Verbrennung","SEE973464796218",1,32400,"Feststoffkesselanlage Schwedt","Abfall (Hausmüll, Siedl.abf.)",0,2011,"KWK937323881699"
"67","ABR914764874992","Verbrennung","SEE911764038249, SEE982367992610, SEE922477386435",3,848000,"Franken","Erdgas, Erdölgas",0,1973,"KWK965548349922"
"68",NA,"Verbrennung","SEE992750539261, SEE999431209765",2,654000,"Frimmersdorf","Rohbraunkohlen",1,1966,NA
"69","ABR953775680116","Verbrennung","SEE993957305321",1,14500,"G25","Erdgas, Erdölgas",0,1992,"KWK903377758669"
"70","ABR901203303755","Verbrennung","SEE987633796220",1,150000,"GKH 1","Steinkohlen",1,1989,"KWK989915996304"
"71","ABR967773538492","Verbrennung","SEE943766131437, SEE956216040883",2,28600,"GKS-Gemeinschaftskraftwerk Schweinfurt GmbH","Steinkohlen",0,1990,"KWK964377899691"
"72","ABR959896661423","Verbrennung","SEE913203719740",1,95558,"GKW","Hochofengas, Konvertergas",0,2009,"KWK957383743393"
"73","ABR911954122932","Verbrennung","SEE955937262338, SEE993054223955",2,75100,"GMVA Oberhausen","Abfall (Hausmüll, Siedl.abf.)",0,1991,"KWK930120559938"
"74","ABR937659587982","Verbrennung","SEE973931205885",1,20000,"GSH Hürth","Industrieabfall",0,2025,"KWK916638417281"
"75","ABR969565067944","Verbrennung","SEE925076352665",1,23200,"GT 2","Heizöl, leicht",0,1982,NA
"76","ABR969565067944","Verbrennung","SEE981924913907, SEE948656227306",2,73200,"GT 3","Heizöl, leicht",0,1982,NA
"77","ABR985033328102","Verbrennung","SEE936042422251",1,16971,"GT-AHK","Erdgas, Erdölgas",0,2025,"KWK913051073667"
"78","ABR967895852209","Verbrennung","SEE930596800480, SEE929797382345, SEE988046628214, SEE923527691592",4,153260,"GTKW Ahrensfelde","Erdgas, Erdölgas",0,1990,NA
"79","ABR960504436517","Verbrennung","SEE963398776042, SEE996136363488",2,95000,"GTKW Darmstadt","Erdgas, Erdölgas",0,2011,NA
"80",NA,"Verbrennung","SEE950041295098",1,55000,"GTKW Wedel","Heizöl, leicht",1,1972,NA
"81","ABR990388771138","Verbrennung","SEE990015251552, SEE902796244388",2,27200,"Gaskraftwerk","Erdgas, Erdölgas",0,1970,"KWK996863186060"
"82",NA,"Verbrennung","SEE925694194494",1,31000,"Gaskraftwerk UPM Augsburg","Erdgas, Erdölgas",1,1992,NA
"83","ABR916198639970","Verbrennung","SEE965660903200, SEE985036646654, SEE930647914081, SEE962395118756, SEE924562445072, SEE963438570067, SEE939899660715, SEE923793340132",8,94080,"Gasmotoren-Heizkraftwerk Dresden-Reick","Erdgas, Erdölgas",0,2022,"KWK989610056372"
"84","ABR983490316724","Verbrennung","SEE927282130440",1,53109,"Gasmotorenkraftwerk Römerbrücke","Erdgas, Erdölgas",0,2022,"KWK936177951015"
"85","ABR990169007968","Verbrennung","SEE971914041024",1,51900,"Gasturbine Basell Wesseling","Erdgas, Erdölgas",0,1996,"KWK972248356402"
"86","ABR944096107796","Verbrennung","SEE941023539989",1,13445,"Gasturbine Eisenbahnweg","Erdgas, Erdölgas",0,2029,"KWK961825152179"
"87","ABR999627822365","Verbrennung","SEE911097916719",1,30649.26,"Gasturbine Stora Enso Sachsen","Erdgas, Erdölgas",0,2009,"KWK971183668724"
"88","ABR916198639970","Verbrennung","SEE967194778880, SEE968254365774, SEE901410470721, SEE950477241393",4,270000,"Gasturbinen Heizkraftwerk Nossener Brücke","Erdgas, Erdölgas",0,1995,"KWK994666424310"
"89","ABR914764874992","Verbrennung","SEE987807988154",1,90000,"Gasturbinenkraftwerk Audorf","Heizöl, leicht",0,2004,NA
"90","ABR914764874992","Verbrennung","SEE911567250299",1,89000,"Gasturbinenkraftwerk Itzehoe","Heizöl, leicht",0,1972,NA
"91","ABR967895852209","Verbrennung","SEE992841152355, SEE957496380690, SEE980421575656, SEE989393516094, SEE983877705974",5,189200,"Gasturbinenkraftwerk Thyrow","Erdgas, Erdölgas",0,1987,NA
"92","ABR931234317674","Verbrennung","SEE930751125922, SEE956884287917",2,27300,"Generator 2","Erdgas, Erdölgas",0,1990,"KWK991860804771"
"93","ABR981894412400","Verbrennung","SEE988616317180",1,11660,"Generator 4","Erdgas, Erdölgas",0,1996,"KWK903243410165"
"94","ABR907042335667","Verbrennung","SEE964242179781",1,112500,"Gersteinwerk Block K (Werne)","Erdgas, Erdölgas",0,1984,NA
"95","ABR907042335667","Verbrennung","SEE923304040681, SEE942237774470",2,427000,"Gersteinwerk F","Erdgas, Erdölgas",0,1972,NA
"96","ABR907042335667","Verbrennung","SEE932787342328, SEE908672656115",2,427000,"Gersteinwerk G","Erdgas, Erdölgas",0,1973,NA
"97","ABR907042335667","Verbrennung","SEE978654614532",1,46000,"Gersteinwerk H1","Erdgas, Erdölgas",0,2022,NA
"98","ABR907042335667","Verbrennung","SEE995899706617, SEE939426112649",2,427000,"Gersteinwerk I","Erdgas, Erdölgas",0,1973,NA
"99","ABR999859507658","Verbrennung","SEE999145467468",1,83000,"Goldenberg","Rohbraunkohlen",0,1992,"KWK912090341409"
"100","ABR995637607350","Verbrennung","SEE988477355802, SEE909002940690, SEE988699847857, SEE975507584615",4,2146000,"Grosskraftwerk Mannheim","Steinkohlen",0,1982,"KWK955152797837"
"101","ABR920434659202","Verbrennung","SEE972356296461, SEE903153060207",2,58937,"GuD Anlage WVK","Erdgas, Erdölgas",0,1998,"KWK925991416213"
"102","ABR957659462591","Verbrennung","SEE961847934449, SEE998387657606",2,81259,"GuD Baunatal","Erdgas, Erdölgas",0,2013,"KWK931211857315"
"103","ABR987228640990","Verbrennung","SEE934669010578",1,110000,"GuD Bitterfeld","Erdgas, Erdölgas",0,2000,"KWK982239300055"
"104","ABR930724592683","Verbrennung","SEE925244101545, SEE911241677473",2,128000,"GuD Dradenau","Erdgas, Erdölgas",0,2027,"KWK924101784006"
"105","ABR900449927985","Verbrennung","SEE915645322953, SEE924373150776, SEE959229794460, SEE997242656822, SEE908964165929",5,126098,"GuD Erfurt-Ost","Erdgas, Erdölgas",0,1999,"KWK938150504461"
"106","ABR985889377026","Verbrennung","SEE964935453853",1,27500,"GuD HKW NB DT","Erdgas, Erdölgas",0,1997,"KWK968900703165"
"107","ABR985889377026","Verbrennung","SEE975464070619",1,24770,"GuD HKW NB GT1","Erdgas, Erdölgas",0,1997,"KWK968900703165"
"108","ABR985889377026","Verbrennung","SEE932265704129",1,24219,"GuD HKW NB GT2","Erdgas, Erdölgas",0,1997,"KWK968900703165"
"109","ABR995455200986","Verbrennung","SEE948351715917",1,621000,"GuD Herne","Erdgas, Erdölgas",0,2022,"KWK917215996748"
"110","ABR912255793326","Verbrennung","SEE950589701143",1,54000,"GuD Kraftwerk Emden","Erdgas, Erdölgas",0,1973,NA
"111","ABR900121894048","Verbrennung","SEE972475289894, SEE949123804273, SEE951684578067, SEE938158660541",4,58000,"GuD Kraftwerk Hillegossen","Erdgas, Erdölgas",0.25,2005,"KWK969952298944"
"112","ABR933233078730","Verbrennung","SEE978207781308",1,110200,"GuD Merkenich RheinEnergie","Erdgas, Erdölgas",0,2004,"KWK966796897609"
"113","ABR905104647567","Verbrennung","SEE920494524915, SEE944122961347, SEE914414538991, SEE976850689781",4,677500,"GuD Mitte","Erdgas, Erdölgas",0,1997,"KWK918059342388"
"114","ABR933233078730","Verbrennung","SEE984335626152, SEE916609233650",2,421001,"GuD Niehl 2 RheinEnergie","Erdgas, Erdölgas",0,2005,"KWK933191900180"
"115","ABR933233078730","Verbrennung","SEE931050475398",1,459900,"GuD Niehl 3 RheinEnergie","Erdgas, Erdölgas",0,2016,"KWK933191900180"
"116","ABR981160324253","Verbrennung","SEE904662075126, SEE989200392347",2,30900,"GuD Sachsenmilch Leppersdorf","Erdgas, Erdölgas",0,2014,"KWK999411809183"
"117","ABR905104647567","Verbrennung","SEE923421872301, SEE943309807898",2,239500,"GuD Süd","Erdgas, Erdölgas",0,1997,"KWK999420626023"
"118","ABR957659462591","Verbrennung","SEE919939073064, SEE984196895179, SEE943210695102",3,136000,"GuD Süd Wolfsburg","Erdgas, Erdölgas",0,2021,"KWK972852495511"
"119","ABR930724592683","Verbrennung","SEE913896693631",1,51000,"GuD Tiefstack","Erdgas, Erdölgas",0,2009,"KWK916286884688"
"120","ABR978697896049","Verbrennung","SEE955053582136, SEE990778985312, SEE956527009524",3,198980,"GuD West","Dampf (zum Beispiel Prozesswärme)",0,2023,"KWK911294868781"
"121","ABR978697896049","Verbrennung","SEE987007882719",1,101000,"GuD West Block 40","Erdgas, Erdölgas",0,2023,"KWK911294868781"
"122","ABR915579840684","Verbrennung","SEE915604855232, SEE905588844841",2,48713,"GuD-Anlage","Erdgas, Erdölgas",0,2013,"KWK921564179417"
"123","ABR924424666799","Verbrennung","SEE997867646000",1,62000,"GuD-Anlage Bonn-Nord","Erdgas, Erdölgas",0,2013,"KWK922383776528"
"124","ABR947732302289","Verbrennung","SEE917960395155, SEE917925869486",2,85332,"GuD-Anlage Nordland Papier","Erdgas, Erdölgas",0,2022,"KWK973172161834"
"125","ABR914304815577","Verbrennung","SEE928580946900",1,104500,"GuD-Heizkraftwerk M120","Erdgas, Erdölgas",0,1999,"KWK922331898265"
"126","ABR906817615676","Verbrennung","SEE947225300921, SEE930522848685, SEE912160334607",3,112800,"GuD1","Erdgas, Erdölgas",0,1994,"KWK993502288529"
"127","ABR906817615676","Verbrennung","SEE959858570855, SEE992864019192, SEE998623498277",3,119900,"GuD2","Erdgas, Erdölgas",0,1998,"KWK914199943805"
"128","ABR998610428485","Verbrennung","SEE967844487346, SEE972526098451, SEE994055148599",3,95500,"GuDI","Erdgas, Erdölgas",0,1971,"KWK901242653446"
"129","ABR998610428485","Verbrennung","SEE944095305490, SEE910471578864",2,56000,"GuDII","Erdgas, Erdölgas",0,1993,"KWK901242653446"
"130","ABR967895852209","Verbrennung","SEE973821807274",1,875000,"H2ready GTKW Lippendorf","Erdgas, Erdölgas",0,2029,NA
"131","ABR967895852209","Verbrennung","SEE960894923635",1,870000,"H2ready GTKW Schwarze Pumpe","Erdgas, Erdölgas",0,2029,NA
"132","ABR901203303755","Verbrennung","SEE999585452499, SEE983959934148",2,161750,"HKW","Erdgas, Erdölgas",0,1996,"KWK981611975508"
"133","ABR935301344747","Verbrennung","SEE912764206645",1,12700,"HKW - GuD1","Erdgas, Erdölgas",0,2005,"KWK951030433361"
"134",NA,"Verbrennung","SEE934668342441",1,19200,"HKW - K6 DT2","Steinkohlen",1,1979,"KWK918387770501"
"135","ABR922793638713","Verbrennung","SEE987361570932",1,36960,"HKW BRB","Erdgas, Erdölgas",0,1997,"KWK998208971089"
"136","ABR981914756675","Verbrennung","SEE901246020381, SEE909727831365",2,20056,"HKW Bad Salzungen","Erdgas, Erdölgas",0,1993,"KWK906425084321"
"137","ABR924916206922","Verbrennung","SEE960352714492, SEE978399772948, SEE968471468838, SEE966083015792, SEE921706084241",5,147000,"HKW Barmen","Erdgas, Erdölgas",0.4,2005,"KWK942506343840"
"138","ABR946446968408","Verbrennung","SEE926090463146, SEE962934119541, SEE905484009146",3,214000,"HKW Charlottenburg","Erdgas, Erdölgas",0.333333333333333,1976,"KWK915336403503"
"139",NA,"Verbrennung","SEE923082939436, SEE933960350956",2,167000,"HKW Chemnitz Nord II","Rohbraunkohlen",1,1988,"KWK931064594016"
"140","ABR950874485017","Verbrennung","SEE976907281142",1,39836,"HKW Dessau","Erdgas, Erdölgas",0,1996,"KWK987777965735"
"141","ABR916198639970","Verbrennung","SEE907667929555",1,12000,"HKW Dresden-Nord","Erdgas, Erdölgas",0,2018,"KWK955648604502"
"142","ABR944468185339","Verbrennung","SEE912906399075",1,75185,"HKW Eltmann","Erdgas, Erdölgas",0,2017,"KWK950085263466"
"143","ABR956205387616","Verbrennung","SEE919366422664, SEE906120609386",2,45540,"HKW Essity Mannheim","Erdgas, Erdölgas",0,1969,"KWK900692271637"
"144","ABR977403855622","Verbrennung","SEE966920434281, SEE999539592561, SEE958184152735, SEE990438768378, SEE957285549260",5,184060,"HKW Flensburg","Erdgas, Erdölgas",0.2,1980,"KWK965332234939"
"145","ABR987887293926","Verbrennung","SEE994335340088, SEE946069613440, SEE969511682320, SEE937997291855, SEE900549498521, SEE939848582457",6,69615,"HKW Frankfurt (Oder)","Staub- und Trockenkohle",0,1997,"KWK995167944833"
"146","ABR901203303755","Verbrennung","SEE965551192713",1,70250,"HKW GT3","Erdgas, Erdölgas",0,2009,"KWK981611975508"
"147","ABR990282855972","Verbrennung","SEE942845579245",1,45000,"HKW Hiltrop","Erdgas, Erdölgas",0,1975,"KWK908261344942"
"148","ABR981914756675","Verbrennung","SEE988601422752, SEE936473203580, SEE912583238223, SEE969004747543, SEE951160693116, SEE998644964959, SEE994538470544, SEE959025997980, SEE991087959599, SEE963454497492",10,249080,"HKW Jena","Erdgas, Erdölgas",0,1996,"KWK906079041145"
"149","ABR960290477190","Verbrennung","SEE998558143099",1,25210,"HKW Jülich","Erdgas, Erdölgas",0,2004,"KWK939911003629"
"150","ABR946446968408","Verbrennung","SEE997719859992, SEE988684097793, SEE965333653821",3,188000,"HKW Klingenberg","Erdgas, Erdölgas",0,1981,"KWK900787937066"
"151","ABR996401106758","Verbrennung","SEE939468630132, SEE923244371197, SEE936196276359",3,176250,"HKW Leipzig Nord",NA,0.333333333333333,1996,"KWK996648203869"
"152","ABR946446968408","Verbrennung","SEE923401813959, SEE929077603696",2,315000,"HKW Lichterfelde","Erdgas, Erdölgas",0,2019,"KWK932092191970"
"153","ABR946983035717","Verbrennung","SEE985331675700",1,15600,"HKW Magirusstraße","Erdgas, Erdölgas",0,1992,"KWK940735218458"
"154","ABR977766043292","Verbrennung","SEE904983741502",1,27600,"HKW Mannheim","Abfall (Hausmüll, Siedl.abf.)",0,2010,"KWK936433816119"
"155","ABR946446968408","Verbrennung","SEE937536026146, SEE982928435068",2,266500,"HKW Marzahn","Erdgas, Erdölgas",0,2020,"KWK971642837913"
"156","ABR946446968408","Verbrennung","SEE904819420762, SEE948541471333, SEE992187994404",3,461160,"HKW Mitte","Erdgas, Erdölgas",0,1997,"KWK935959094025"
"157","ABR991982851172","Verbrennung","SEE920992144554",1,104240,"HKW Mitte GuD BMHKW","Erdgas, Erdölgas",0,2023,"KWK918570325808"
"158",NA,"Verbrennung","SEE996990805407",1,49400,"HKW Mitte K1","Steinkohlen",1,1985,"KWK998440399238"
"159",NA,"Verbrennung","SEE975094128629",1,22400,"HKW Mitte K12","Erdgas, Erdölgas",1,1971,"KWK946529323216"
"160","ABR946446968408","Verbrennung","SEE981109871657, SEE963909310185, SEE992645841813, SEE945161671891",4,151000,"HKW Moabit","Steinkohlen",0.75,1971,"KWK989909531702"
"161","ABR980561100190","Verbrennung","SEE981003349412, SEE934591835126, SEE900073920406, SEE977770417713",4,77700,"HKW Neumünster","Abfall (Hausmüll, Siedl.abf.)",0.5,1974,"KWK943096849477"
"162","ABR957659462591","Verbrennung","SEE998984420832, SEE920837459195",2,136400,"HKW Nord","Erdgas, Erdölgas",0.5,1998,"KWK941683047183"
"163","ABR991982851172","Verbrennung","SEE963817764100",1,29000,"HKW Nord GT","Erdgas, Erdölgas",0,1990,"KWK996548102033"
"164",NA,"Verbrennung","SEE981220191160",1,20000,"HKW Oberkirch","Steinkohlen",1,1987,"KWK962451470507"
"165","ABR905763255080","Verbrennung","SEE999966551940, SEE914878135613",2,84000,"HKW Potsdam-Süd","Erdgas, Erdölgas",0,1996,"KWK944922270977"
"166","ABR946446968408","Verbrennung","SEE988848971327, SEE908048039481",2,168360,"HKW Reuter","Dampf (zum Beispiel Prozesswärme)",0.5,1969,"KWK958709638133"
"167","ABR946446968408","Verbrennung","SEE989328541450, SEE974883809046",2,6e+05,"HKW Reuter West","Steinkohlen",0,1987,"KWK970131554485"
"168","ABR991486622452","Verbrennung","SEE916662059105, SEE942226311273, SEE908746529123",3,111000,"HKW Rostock-Marienehe","Erdgas, Erdölgas",0,1996,"KWK974097130684"
"169","ABR983490316724","Verbrennung","SEE979779484642, SEE975188536989, SEE950895373805",3,131600,"HKW Römerbrücke","Erdgas, Erdölgas",0,1988,"KWK900600128008"
"170","ABR955348431156","Verbrennung","SEE923769915258, SEE942019110397, SEE980608407671, SEE976880282228, SEE949895584069",5,212306,"HKW Sandreuth (Gas-GuD)","Erdgas, Erdölgas",0,1982,"KWK980332511361"
"171","ABR930724592683","Verbrennung","SEE934530018092",1,133600,"HKW Wedel","Steinkohlen",0,1993,"KWK962490364225"
"172","ABR930724592683","Verbrennung","SEE960100973492",1,152800,"HKW Wedel Block 1","Steinkohlen",0,1993,"KWK962490364225"
"173",NA,"Verbrennung","SEE959000487536, SEE917432813484",2,306000,"HKW West","Steinkohlen",1,1985,"KWK926834605757"
"174",NA,"Verbrennung","SEE967478674402, SEE956656118067, SEE945212899878",3,279000,"HKW Wilmersdorf","Heizöl, leicht",1,1977,"KWK942192985393"
"175","ABR901061041783","Verbrennung","SEE988841475051",1,32800,"HKW Witzenhausen","Abfall (Hausmüll, Siedl.abf.)",0,2009,"KWK959339720557"
"176","ABR944468185339","Verbrennung","SEE995077047419",1,90784,"HKW Wörth","Erdgas, Erdölgas",0,2007,"KWK957885749022"
"177","ABR991982851172","Verbrennung","SEE919544829094",1,68410,"HKW-Mitte GTHKW","Erdgas, Erdölgas",0,2023,"KWK920965969320"
"178","ABR955348431156","Verbrennung","SEE900128586359",1,26280,"HKW-Sandreuth (Müll)","Dampf (zum Beispiel Prozesswärme)",0,1992,"KWK930382142619"
"179","ABR940613066898","Verbrennung","SEE905554171988, SEE958310939391",2,365000,"Hafen","Steinkohlen",0.5,1979,"KWK938289400580"
"180","ABR934901121420","Verbrennung","SEE912994271871, SEE916877868585, SEE915966254872",3,413000,"Hamborn","Hochofengas, Konvertergas",0,1958,"KWK936258307939"
"181","ABR901047920507","Verbrennung","SEE972922507168, SEE906392287978",2,23619.11,"Hastedt BHKW","Erdgas, Erdölgas",0,2022,"KWK953856566780"
"182","ABR994845843888","Verbrennung","SEE967243760361, SEE901884895389",2,27388,"Heizkraftwerk","Erdgas, Erdölgas",0,1983,"KWK989801719529"
"183","ABR915068942295","Verbrennung","SEE965782597448, SEE975556152230, SEE971282697380, SEE944503176377, SEE963975943188, SEE904161631090, SEE983792679077",7,1767000,"Heizkraftwerk Altbach/Deizisau","Steinkohlen",0,1971,"KWK989781465805"
"184","ABR924424666799","Verbrennung","SEE990603147649, SEE927419839802",2,63991,"Heizkraftwerk Bonn-Nord, GuD-Anlage","Erdgas, Erdölgas",0,1998,"KWK922383776528"
"185","ABR954442910864","Verbrennung","SEE941974735591, SEE946537967655, SEE978888539755, SEE911129038174",4,135616,"Heizkraftwerk Cottbus","Wirbelschichtkohle",0.5,1998,"KWK920466473852"
"186","ABR905562540936","Verbrennung","SEE914438115895",1,57646,"Heizkraftwerk Dieselstraße Block A","Erdgas, Erdölgas",0,2020,"KWK969016235212"
"187","ABR905562540936","Verbrennung","SEE946568262484",1,57950,"Heizkraftwerk Dieselstraße Block B","Erdgas, Erdölgas",0,2020,"KWK987245954209"
"188","ABR905562540936","Verbrennung","SEE901050642113",1,57322,"Heizkraftwerk Dieselstraße Block C","Erdgas, Erdölgas",0,2020,"KWK918690823154"
"189","ABR998231634548","Verbrennung","SEE982512881400",1,20900,"Heizkraftwerk Franziskanergasse","Erdgas, Erdölgas",0,1976,"KWK967774602154"
"190","ABR972884522681","Verbrennung","SEE991633857065, SEE924909675933, SEE953872640426",3,102000,"Heizkraftwerk Hafen der Stadtwerke Münster GmbH","Erdgas, Erdölgas",0,2005,"KWK951692106092"
"191",NA,"Verbrennung","SEE987407788451",1,129500,"Heizkraftwerk Hagen Kabel H4","Erdgas, Erdölgas",1,1981,"KWK936457904984"
"192",NA,"Verbrennung","SEE972461974179",1,124500,"Heizkraftwerk Hagen-Kabel H5","Erdgas, Erdölgas",1,1981,"KWK936457904984"
"193","ABR992263293315","Verbrennung","SEE965768299069, SEE900403199748",2,68713,"Heizkraftwerk Halle-Trotha","Erdgas, Erdölgas",0,1994,"KWK943914155445"
"194","ABR915068942295","Verbrennung","SEE968847258773, SEE935086224739, SEE948609940009, SEE955515172301",4,1781000,"Heizkraftwerk Heilbronn","Steinkohlen",0,1965,"KWK945299053842"
"195","ABR903466659754","Verbrennung","SEE922153723905",1,24100,"Heizkraftwerk I","Erdgas, Erdölgas",0,1971,"KWK913649047278"
"196",NA,"Verbrennung","SEE998945127831",1,26800,"Heizkraftwerk II",NA,1,1996,"KWK961802886998"
"197","ABR981894412400","Verbrennung","SEE968474056711, SEE919189403703",2,44222,"Heizkraftwerk ISW","Erdgas, Erdölgas",0,2021,"KWK903243410165"
"198","ABR996401106758","Verbrennung","SEE955310827123, SEE986249505394",2,51853,"Heizkraftwerk Leipzig Nord","Erdgas, Erdölgas",0,2022,"KWK996648203869"
"199","ABR998812183045","Verbrennung","SEE957952105034",1,13600,"Heizkraftwerk Meggle","Erdgas, Erdölgas",0,2016,"KWK977432854115"
"200","ABR931164928988","Verbrennung","SEE994422897143, SEE960507530304",2,24500,"Heizkraftwerk Pfaffenwald","Erdgas, Erdölgas",0,1968,"KWK920305758072"
"201","ABR926412045777","Verbrennung","SEE974753539035, SEE977368296324, SEE914740925915, SEE956308510836, SEE963197749315, SEE976252866650",6,81635,"Heizkraftwerk Pforzheim","Steinkohlen",0.166666666666667,1990,"KWK956509944898"
"202","ABR989927274988","Verbrennung","SEE985796237000, SEE958518628752, SEE995462815548",3,73000,"Heizkraftwerk Schildescher Straße","Erdgas, Erdölgas",0,1966,"KWK963542737653"
"203","ABR918139196382","Verbrennung","SEE949085992346, SEE986713152253, SEE993713255198, SEE924343365650",4,101601,"Heizkraftwerk Sindelfingen","Erdgas, Erdölgas",0,1963,"KWK977233233331"
"204","ABR994527446192","Verbrennung","SEE964073339897",1,13450,"Heizkraftwerk Stendal","Erdgas, Erdölgas",0,2018,"KWK917960840037"
"205","ABR915068942295","Verbrennung","SEE992973663477, SEE951401550147, SEE985887784048, SEE998383491525, SEE905714722562, SEE962877818310, SEE966349705634, SEE936388385937",8,307000,"Heizkraftwerk Stuttgart-Münster","Heizöl, leicht",0.25,1974,"KWK915597122472"
"206","ABR952917430893","Verbrennung","SEE973250051972",1,19500,"Heizkraftwerk Uni Göttingen","Erdgas, Erdölgas",0,1998,"KWK939780216359"
"207","ABR900068875636","Verbrennung","SEE954169155876",1,54700,"Heizkraftwerk-Offenbach-EVO","Steinkohlen",0,1988,"KWK909107067834"
"208","ABR949574336156","Verbrennung","SEE945908806647",1,490000,"Herne","Steinkohlen",0,1989,"KWK965539454406"
"209","ABR949972975438","Verbrennung","SEE949722134498, SEE952807166543, SEE945580171361, SEE907828499484",4,66400,"Holthausen","Erdgas, Erdölgas",0,1965,"KWK933766051545"
"210","ABR990956524470","Verbrennung","SEE939242219362, SEE992213654456",2,640000,"Huckingen","Hochofengas, Konvertergas",0,1975,"KWK992802935348"
"211","ABR991589008986","Verbrennung","SEE958335974377",1,13700,"IHKW Andernach","Abfall (Hausmüll, Siedl.abf.)",0,2008,"KWK953417953745"
"212","ABR939623529011","Verbrennung","SEE954086855965, SEE995943794058",2,234000,"IKS","Andere Mineralölprodukte",0,1998,"KWK900687803676"
"213","ABR939623529011","Verbrennung","SEE906257837416, SEE960529046555, SEE943750140889",3,129000,"IKW","Andere Mineralölprodukte",0,1972,"KWK900687803676"
"214",NA,"Verbrennung","SEE999977738880",1,78000,"IKW Deuben","Rohbraunkohlen",1,1936,"KWK904334277650"
"215","ABR969583028477","Verbrennung","SEE924286409503",1,35540,"IKW Rüdersdorf","Industrieabfall",0,2007,"KWK903368349234"
"216","ABR912191079669","Verbrennung","SEE998111672394",1,35000,"IKW Wählitz","Rohbraunkohlen",0,1994,"KWK931153961392"
"217","ABR948343575833","Verbrennung","SEE954780579013",1,45178,"IN_WERK_PST_Gesamt","Dieselkraftstoff",0,1990,NA
"218","ABR962424139622","Verbrennung","SEE914989602134, SEE969540726491",2,1e+05,"IPH ADS-Anlage","Erdgas, Erdölgas",0,2011,"KWK914409711613"
"219","ABR962424139622","Verbrennung","SEE936502086450",1,90814,"IPH Block 7","Erdgas, Erdölgas",0,2022,"KWK993788265825"
"220","ABR962424139622","Verbrennung","SEE974805767829",1,90684,"IPH Block 8","Erdgas, Erdölgas",0,2022,"KWK993788265825"
"221","ABR962424139622","Verbrennung","SEE946744372112, SEE909438607068, SEE905366486355",3,94000,"IPH Block A","Erdgas, Erdölgas",0,2003,"KWK955718937547"
"222","ABR962424139622","Verbrennung","SEE928072880231, SEE919137629452, SEE948546582201",3,51020,"IPH Block B","Erdgas, Erdölgas",0.333333333333333,1980,"KWK936060116484"
"223","ABR962424139622","Verbrennung","SEE958909269267",1,86000,"IPH Ersatzbrennstoffverbrennungsanlage","Abfall (Hausmüll, Siedl.abf.)",0,2014,"KWK957652698027"
"224",NA,"Verbrennung","SEE970816213751",1,838000,"Ibbenbüren","Steinkohlen",1,1985,"KWK966938162008"
"225","ABR908281121257","Verbrennung","SEE996548424685, SEE983138549866, SEE987512757786",3,181717,"Industriekraftwerk Eisenhüttenstadt","Hochofengas, Konvertergas",0,1954,"KWK975853949045"
"226","ABR925961980751","Verbrennung","SEE911283118750",1,39000,"Industriekraftwerk Greifswald","Erdgas, Erdölgas",1,2013,"KWK938577707599"
"227","ABR914764874992","Verbrennung","SEE950675787617, SEE983645175053",2,840000,"Ingolstadt","Heizöl, schwer",0,1973,NA
"228","ABR914764874992","Verbrennung","SEE915432109163",1,320000,"Irsching","Erdgas, Erdölgas",0,2023,NA
"229",NA,"Verbrennung","SEE963541517812",1,440000,"Irsching 3","Heizöl, leicht",1,1974,NA
"230","ABR978915559800","Verbrennung","SEE915883553447, SEE973737205324, SEE924780675428",3,860000,"Irsching 5","Erdgas, Erdölgas",0,2010,NA
"231","ABR952631851608","Verbrennung","SEE991324265957",1,15552,"K06","Erdgas, Erdölgas",0,2010,"KWK951302152204"
"232","ABR915068942295","Verbrennung","SEE943427876363",1,553000,"KNG Kraftwerk Rostock","Steinkohlen",0,1994,"KWK996755198690"
"233","ABR925253318750","Verbrennung","SEE967916097817",1,17142,"KRONOS TITAN GuD Nordenham","Erdgas, Erdölgas",0,2013,"KWK949599045583"
"234","ABR906817615676","Verbrennung","SEE900957573537",1,21600,"KT1","Dampf (zum Beispiel Prozesswärme)",0,2010,NA
"235","ABR949574336156","Verbrennung","SEE954971534470",1,780000,"KW Bexbach","Steinkohlen",0,1983,NA
"236","ABR949574336156","Verbrennung","SEE987838157994, SEE919393178787, SEE923485223774",3,466000,"KW Fenne","Steinkohlen",0.333333333333333,1982,"KWK957305809749"
"237",NA,"Verbrennung","SEE968950464368",1,130000,"KW Hastedt","Steinkohlen",1,1989,"KWK949752343204"
"238",NA,"Verbrennung","SEE938923083674",1,63200,"KW I - Block 4","Steinkohlen",1,1971,"KWK984053380794"
"239",NA,"Verbrennung","SEE923577153439",1,76100,"KW I - Block 5","Steinkohlen",1,1983,"KWK984053380794"
"240","ABR908946607690","Verbrennung","SEE993408840296",1,46796,"KW I - EKT16","Steinkohlen",0,1972,NA
"241",NA,"Verbrennung","SEE901120268069",1,18400,"KW I - GT11","Steinkohlen",1,1942,"KWK984053380794"
"242",NA,"Verbrennung","SEE953373967701",1,15750,"KW I - GT9","Steinkohlen",1,1941,"KWK984053380794"
"243",NA,"Verbrennung","SEE952266131625",1,21000,"KW I - KT13","Steinkohlen",1,1949,"KWK984053380794"
"244",NA,"Verbrennung","SEE991559435767",1,16000,"KW I - KT5","Steinkohlen",1,1940,"KWK984053380794"
"245",NA,"Verbrennung","SEE993836152862",1,18000,"KW I - KT7","Steinkohlen",1,1941,"KWK984053380794"
"246",NA,"Verbrennung","SEE945959654273",1,67001,"KW II, BI3 -T26","Steinkohlen",1,1966,NA
"247",NA,"Verbrennung","SEE918056935682",1,35450,"KW III - DT 310","Erdgas, Erdölgas",1,1973,"KWK915061073002"
"248",NA,"Verbrennung","SEE984037976906",1,62560,"KW III - GT 311","Erdgas, Erdölgas",1,1973,"KWK915061073002"
"249",NA,"Verbrennung","SEE934361309352",1,79000,"KW III - GT 312","Erdgas, Erdölgas",1,1974,"KWK915061073002"
"250","ABR905104647567","Verbrennung","SEE902840312209, SEE959837176825, SEE976459856379, SEE906899424722",4,122000,"KW Nord","Dampf (zum Beispiel Prozesswärme)",0.5,1964,"KWK936184494703"
"251","ABR964500950114","Verbrennung","SEE922395631839, SEE976320012538, SEE979791664664, SEE941875842596, SEE969074173341, SEE987278903410",6,390000,"KW Salzgitter","Hochofengas, Konvertergas",0.166666666666667,1941,"KWK999886122770"
"252","ABR991164117607","Verbrennung","SEE996047653111",1,11440,"KW TRB Bitterfeld, Bitterfeld-Wolfen, Oststr. 1","Abfall (Hausmüll, Siedl.abf.)",0,2009,"KWK909294650307"
"253","ABR916522919808","Verbrennung","SEE994351082467",1,35800,"KW VI","Erdgas, Erdölgas",0,2022,"KWK958587529455"
"254","ABR949574336156","Verbrennung","SEE918143230942",1,790000,"KW Walsum","Steinkohlen",0,2013,"KWK966253064131"
"255","ABR949574336156","Verbrennung","SEE906326984744",1,724000,"KW Weiher","Steinkohlen",0,1976,NA
"256","ABR942892589341","Verbrennung","SEE969670581717",1,270000,"KW2 DT27","Erdgas, Erdölgas",0,1977,"KWK945197870466"
"257","ABR942892589341","Verbrennung","SEE982563254987",1,95000,"KW2 GT26","Erdgas, Erdölgas",0,1977,NA
"258","ABR942892589341","Verbrennung","SEE996285049943",1,139700,"KW3 DT32","Erdgas, Erdölgas",0,2001,"KWK906718231418"
"259","ABR942892589341","Verbrennung","SEE909927513559",1,296300,"KW3 GT31","Erdgas, Erdölgas",0,2001,"KWK906718231418"
"260",NA,"Verbrennung","SEE907142597378",1,49189,"KWD Bestandsanlage","Erdgas, Erdölgas",1,2005,"KWK962974931622"
"261",NA,"Verbrennung","SEE907933719545",1,120000,"KWH Block B","Erdgas, Erdölgas",1,1974,"KWK961118317803"
"262","ABR916566675685","Verbrennung","SEE917497526305, SEE989834346082",2,31103,"KWK AOS GmbH","Erdgas, Erdölgas",0,2012,"KWK913106539070"
"263","ABR908736090923","Verbrennung","SEE917096062495",1,30496,"KWK Anlage Großenkneten","Erdgas, Erdölgas",0,2014,"KWK934988292334"
"264","ABR982903799758","Verbrennung","SEE927716043575",1,29600,"KWK EEW Hannover","Abfall (Hausmüll, Siedl.abf.)",0,2005,"KWK979015164277"
"265","ABR985120957345","Verbrennung","SEE909553236495",1,12982,"KWK Pronsfeld","Erdgas, Erdölgas",0,2021,"KWK939572846207"
"266","ABR999275057935","Verbrennung","SEE956337212497, SEE998479256069",2,31835,"KWK Südzucker Ochsenfurt","Dampf (zum Beispiel Prozesswärme)",0,1978,"KWK971693297841"
"267","ABR999275057935","Verbrennung","SEE969051180959",1,14000,"KWK Südzucker Offstein","Dampf (zum Beispiel Prozesswärme)",0,1981,"KWK943827883756"
"268","ABR976340054143","Verbrennung","SEE935952275827, SEE917211801770, SEE931986160672",3,104240,"KWK-Anlage","Erdgas, Erdölgas",0,1968,"KWK968016506131"
"269","ABR977437284269","Verbrennung","SEE941053107073",1,17951,"KWK-Anlage Barby","Erdgas, Erdölgas",0,2013,"KWK928950408144"
"270","ABR931234317674","Verbrennung","SEE948481095354",1,15000,"KWK-Anlage Zuckerfabrik","Erdgas, Erdölgas",0,1988,"KWK991860804771"
"271","ABR999412623818","Verbrennung","SEE970806189455",1,12900,"KWK-G66/1","Erdgas, Erdölgas",0,2014,"KWK938523460486"
"272",NA,"Verbrennung","SEE980378557088",1,25967,"KWK-Vaillant Nordring","Erdgas, Erdölgas",1,2014,"KWK941063885220"
"273","ABR949245215742","Verbrennung","SEE953991032447",1,15000,"KWKK Heidelberg","Erdgas, Erdölgas",0,2001,"KWK976687631816"
"274","ABR937875031863","Verbrennung","SEE975361659900",1,605000,"KWL","Erdgas, Erdölgas",0,2016,"KWK920278383165"
"275",NA,"Verbrennung","SEE904194792843",1,750000,"KWM Block 3","Steinkohlen",1,1979,NA
"276","ABR907042335667","Verbrennung","SEE904604163027",1,48000,"Karnap","Abfall (Hausmüll, Siedl.abf.)",0,1987,"KWK954613665869"
"277","ABR977403855622","Verbrennung","SEE970667868155, SEE949216632202",2,99300,"Kessel 13","Erdgas, Erdölgas",0,2022,"KWK925291805595"
"278","ABR993122874003","Verbrennung","SEE935397901879, SEE933851011843",2,37100,"Kessel 3","Sonstige hergestellte Gase",0,1964,"KWK985673677042"
"279","ABR993122874003","Verbrennung","SEE929865645150",1,10400,"Kessel 3/4","Sonstige hergestellte Gase",0,1966,NA
"280","ABR993122874003","Verbrennung","SEE918791805134",1,17900,"Kessel 4","Sonstige hergestellte Gase",0,1963,"KWK967106417128"
"281",NA,"Verbrennung","SEE988668060393",1,33600,"Kessel 5","Sonstige hergestellte Gase",1,1967,"KWK909558022888"
"282","ABR935301344747","Verbrennung","SEE971304457053",1,17028,"Kessel 6","Erdgas, Erdölgas",0,2022,"KWK951030433361"
"283","ABR908854555205","Verbrennung","SEE905257392765",1,16000,"Kesselhaus","Erdgas, Erdölgas",0,1993,"KWK992301155766"
"284","ABR938191936481","Verbrennung","SEE959576281422",1,290000,"Knapsack 1 - Dampfturbine DT 10","Erdgas, Erdölgas",0,2007,NA
"285","ABR938191936481","Verbrennung","SEE930982693153",1,295000,"Knapsack 1 - GT11","Erdgas, Erdölgas",0,2007,NA
"286","ABR938191936481","Verbrennung","SEE905192478234",1,295000,"Knapsack I","Erdgas, Erdölgas",0,2007,NA
"287","ABR998317421772","Verbrennung","SEE913088869400, SEE982127973149",2,47630,"Kombi-HKW","Erdgas, Erdölgas",0,2005,"KWK989546720705"
"288",NA,"Verbrennung","SEE963177319026, SEE950005518836",2,41900,"Kombiblock","Erdgas, Erdölgas",1,1980,"KWK949209421493"
"289","ABR973918567203","Verbrennung","SEE967441234602, SEE909297051026, SEE950981928360, SEE960254517375",4,70760,"Kraftwerk BP Lingen","Erdgas, Erdölgas",0,1996,"KWK997021354642"
"290","ABR990169007968","Verbrennung","SEE915108754215",1,102000,"Kraftwerk Basell Wesseling","Andere Mineralölprodukte",0,1962,"KWK914277375764"
"291","ABR910717662654","Verbrennung","SEE961057667205",1,11200,"Kraftwerk Breuberg","Erdgas, Erdölgas",0,2017,"KWK939879415489"
"292","ABR953821483791","Verbrennung","SEE965067693100",1,22100,"Kraftwerk DK","Hochofengas, Konvertergas",0,2011,"KWK966070106342"
"293",NA,"Verbrennung","SEE904968236689",1,380000,"Kraftwerk Farge","Steinkohlen",1,1969,NA
"294","ABR959810346610","Verbrennung","SEE980823248912, SEE946476002431",2,50528,"Kraftwerk Faserzentrum Kelheim","Erdgas, Erdölgas",1,1970,"KWK924302909963"
"295","ABR951461392695","Verbrennung","SEE934531299087",1,22200,"Kraftwerk Grenzach-Wyhlen","Erdgas, Erdölgas",0,2017,"KWK932919387036"
"296","ABR978405828997","Verbrennung","SEE970554561831, SEE916865356940, SEE952488583202",3,83608,"Kraftwerk HA","Dampf (zum Beispiel Prozesswärme)",0,1967,"KWK937588847799"
"297","ABR978405828997","Verbrennung","SEE913280112274",1,21000,"Kraftwerk Ha","Dampf (zum Beispiel Prozesswärme)",0,1962,"KWK937588847799"
"298",NA,"Verbrennung","SEE937052769589",1,920000,"Kraftwerk Heyden","Steinkohlen",1,1987,NA
"299","ABR916522919808","Verbrennung","SEE977273010268",1,13960,"Kraftwerk IV, DT 411","Erdgas, Erdölgas",0,2016,"KWK959279537420"
"300","ABR916522919808","Verbrennung","SEE945093389369",1,47990,"Kraftwerk IV, GT 421","Erdgas, Erdölgas",0,2016,"KWK959279537420"
"301","ABR967895852209","Verbrennung","SEE991817093418, SEE938669585906, SEE989591633753, SEE923943268279, SEE985047526785, SEE964729462818",6,3210000,"Kraftwerk Jänschwalde","Rohbraunkohlen",0.333333333333333,1981,"KWK963007085985"
"302","ABR914764874992","Verbrennung","SEE905035807238, SEE902267138956, SEE963827374382",3,184000,"Kraftwerk Kirchmöser","Erdgas, Erdölgas",0,1994,NA
"303","ABR967895852209","Verbrennung","SEE966331411864, SEE998199911088",2,1884000,"Kraftwerk Lippendorf","Rohbraunkohlen",0,1999,"KWK983473953342"
"304","ABR915068942295","Verbrennung","SEE957900196671, SEE904088512342, SEE994391041424, SEE933361522259",4,747800,"Kraftwerk Marbach","Heizöl, leicht",0.5,1971,NA
"305","ABR995906584290","Verbrennung","SEE973101826070, SEE931001040675",2,117235,"Kraftwerk Plattling","Erdgas, Erdölgas",0,2010,"KWK979605900612"
"306","ABR904236380045","Verbrennung","SEE981258814888",1,47200,"Kraftwerk Raffinerie Heide GmbH","Heizöl, schwer",0,1962,"KWK914830944482"
"307",NA,"Verbrennung","SEE918337255669",1,20000,"Kraftwerk SEM","Dampf (zum Beispiel Prozesswärme)",1,1969,"KWK989471515711"
"308","ABR901293420585","Verbrennung","SEE960652233358, SEE947677200282, SEE919134316447",3,1112000,"Kraftwerk Schkopau","Rohbraunkohlen",0,1995,"KWK966210001988"
"309","ABR914764874992","Verbrennung","SEE933236950972, SEE989054024678",2,440000,"Kraftwerk Scholven","Steinkohlen",0.5,1969,"KWK996962541579"
"310","ABR967895852209","Verbrennung","SEE938337436349, SEE952672318108",2,1606000,"Kraftwerk Schwarze Pumpe","Rohbraunkohlen",0,1997,"KWK993419332933"
"311","ABR995015782372","Verbrennung","SEE904165703137, SEE918705951896, SEE971164680486",3,118780,"Kraftwerk Schwarzheide","Erdgas, Erdölgas",0,1994,"KWK933793839482"
"312","ABR978405828997","Verbrennung","SEE926471060193, SEE970114818481",2,23745,"Kraftwerk UB","Dampf (zum Beispiel Prozesswärme)",0,1964,"KWK992250652682"
"313","ABR916522919808","Verbrennung","SEE907282834715, SEE926313104276, SEE970820981745",3,149340,"Kraftwerk VI","Erdgas, Erdölgas",0,2022,"KWK958587529455"
"314","ABR916522919808","Verbrennung","SEE920575296687, SEE920801236685",2,93540,"Kraftwerk VII","Erdgas, Erdölgas",0,2022,"KWK956006870591"
"315","ABR978405828997","Verbrennung","SEE925720506642, SEE979861364876, SEE993412996354, SEE975193004329",4,111807,"Kraftwerk WI","Erdgas, Erdölgas",0,1962,"KWK983320083819"
"316","ABR915068942295","Verbrennung","SEE937157344278, SEE964114029633, SEE911613995433",3,410000,"Kraftwerk Walheim","Steinkohlen",0.666666666666667,1964,NA
"317","ABR940385957257","Verbrennung","SEE974051053875",1,15600,"Kraftwerk Weener","Abfall (Hausmüll, Siedl.abf.)",0,2021,NA
"318","ABR987972265807","Verbrennung","SEE982064018118, SEE999756197518, SEE932782707160",3,63300,"Kraftwerk Weig","Erdgas, Erdölgas",0,2015,"KWK989347953357"
"319","ABR940486198085","Verbrennung","SEE930159654734",1,105000,"Kraftwerk Werdohl Elverlingsen E2","Heizöl, leicht",0,1975,NA
"320","ABR940486198085","Verbrennung","SEE911202451180",1,105000,"Kraftwerk Werdohl-Elverlingsen E1","Heizöl, leicht",0,1975,NA
"321","ABR967789784395","Verbrennung","SEE907524301289, SEE921785427038",2,33500,"Kraftwerk Werk Ruhrchemie","Andere Mineralölprodukte",0,1951,"KWK910297976318"
"322","ABR974649691397","Verbrennung","SEE970425279599",1,790000,"Kraftwerk Wilhelmshaven Onyx","Steinkohlen",0,2015,NA
"323","ABR978405828997","Verbrennung","SEE950355589975, SEE979396678813",2,48298,"Kraftwerk ZI","Dampf (zum Beispiel Prozesswärme)",0,1980,"KWK917214660930"
"324","ABR909344977149","Verbrennung","SEE942369834141",1,21560,"Kraftwerk Zanders Paper GmbH","Erdgas, Erdölgas",0,1989,"KWK935704987695"
"325","ABR972405386327","Verbrennung","SEE958847865460",1,501000,"Kraftwerk Zolling","Steinkohlen",0,1985,"KWK982123341850"
"326","ABR951295961296","Verbrennung","SEE959343099212, SEE997526539162",2,124500,"Kraftwerk-Kirchlengern","Erdgas, Erdölgas",0.5,1973,NA
"327","ABR997575881632","Verbrennung","SEE941166182769, SEE976193474983, SEE945462188876, SEE956973616802, SEE976489828827",5,93800,"LEV G-Kraftwerk","Steinkohlen",0.2,1955,"KWK960698970675"
"328","ABR997575881632","Verbrennung","SEE968234156613",1,25600,"LEV X-Kraftwerk","Erdgas, Erdölgas",0,1981,"KWK948233643628"
"329","ABR914764874992","Verbrennung","SEE974201537415",1,323000,"Luftspeicher-Gasturbinenkraftwerk  Huntorf","Erdgas, Erdölgas",0,1978,NA
"330","ABR940613066898","Verbrennung","SEE986413873564, SEE950201173198, SEE923791565131",3,75026,"MHKW","Abfall (Hausmüll, Siedl.abf.)",0,2004,"KWK917626016615"
"331","ABR940080653300","Verbrennung","SEE964170331206",1,10600,"MHKW Coburg","Abfall (Hausmüll, Siedl.abf.)",0,1988,"KWK974523117500"
"332","ABR995093192032","Verbrennung","SEE986030306643",1,20000,"MHKW DTS","Abfall (Hausmüll, Siedl.abf.)",0,2009,"KWK908989764497"
"333","ABR910780781979","Verbrennung","SEE999588015110",1,27500,"MHKW Frankfurt Turbine 3","Abfall (Hausmüll, Siedl.abf.)",0,1986,"KWK988964824651"
"334","ABR910780781979","Verbrennung","SEE912257091857",1,47500,"MHKW Frankfurt Turbine 7","Abfall (Hausmüll, Siedl.abf.)",0,2005,"KWK988964824651"
"335","ABR998095284408","Verbrennung","SEE900664653232",1,13000,"MHKW Iserlohn","Abfall (Hausmüll, Siedl.abf.)",0,1996,"KWK915272873941"
"336","ABR926979384425","Verbrennung","SEE957830042178",1,23650,"MHKW Leverkusen","Abfall (Hausmüll, Siedl.abf.)",0,2010,"KWK987639859936"
"337",NA,"Verbrennung","SEE965779402670",1,17750,"MHKW Pirmasens","Abfall (Hausmüll, Siedl.abf.)",1,1999,"KWK981461122923"
"338","ABR991847459277","Verbrennung","SEE915666168653",1,19150,"MHKW Pirmasens Verbrennung II","Abfall (Hausmüll, Siedl.abf.)",0,2022,"KWK981461122923"
"339","ABR937647465537","Verbrennung","SEE923049388338",1,22000,"MHKW Wiesbaden","Abfall (Hausmüll, Siedl.abf.)",0,2025,NA
"340","ABR997110877342","Verbrennung","SEE906215229154",1,46800,"MVA EEW Helmstedt","Abfall (Hausmüll, Siedl.abf.)",0,2014,NA
"341","ABR903858935077","Verbrennung","SEE977898966292",1,28875,"MVR Rugenberger Damm Müll","Abfall (Hausmüll, Siedl.abf.)",0,1999,"KWK943259355487"
"342","ABR942824072743","Verbrennung","SEE909106315790, SEE902096864651, SEE914187135533, SEE937538401125, SEE955482235511, SEE912912423627",6,87000,"MiRO","Raffineriegas",0,1995,"KWK999067530585"
"343","ABR901047920507","Verbrennung","SEE924172977710, SEE989202977269",2,547000,"Mittelsbüren","Heizöl, leicht",0,1975,NA
"344","ABR948749059999","Verbrennung","SEE944044057432, SEE928331694449, SEE909466066615, SEE946709181179, SEE972779194474, SEE974236609859, SEE955076814825",7,88550,"Motor-Heizkraftwerk Chemnitz-Nord","Erdgas, Erdölgas",0,2023,"KWK908860356919"
"345","ABR948749059999","Verbrennung","SEE936761155751, SEE912224455828, SEE901205245022, SEE917303295586, SEE903779951637",5,64500,"Motor-Heizkraftwerk Chemnitz-Süd","Erdgas, Erdölgas",0,2022,"KWK977208826292"
"346","ABR989695941518","Verbrennung","SEE944429192826",1,16600,"Müllheizkraftwerk Burgkirchen","Abfall (Hausmüll, Siedl.abf.)",0,1994,"KWK998803794304"
"347","ABR944854763394","Verbrennung","SEE976589352260",1,17700,"Müllheizkraftwerk Kassel","Abfall (Hausmüll, Siedl.abf.)",0,2012,"KWK907146532412"
"348","ABR900068875636","Verbrennung","SEE938782869693",1,19600,"Müllheizkraftwerk Offenbach Turbine 1","Abfall (Hausmüll, Siedl.abf.)",0,2016,"KWK987773293894"
"349","ABR918948257595","Verbrennung","SEE963848288279",1,33830,"Müllheizkraftwerk Rothensee GmbH","Abfall (Hausmüll, Siedl.abf.)",0,2024,"KWK953306747660"
"350","ABR926212047155","Verbrennung","SEE990065849372, SEE971796321603",2,27500,"Müllheizkraftwerk Würzburg","Abfall (Hausmüll, Siedl.abf.)",0,1984,"KWK915694127066"
"351","ABR902783160172","Verbrennung","SEE907370296296",1,30000,"Müllkraftwerk Schwandorf","Abfall (Hausmüll, Siedl.abf.)",0,1992,"KWK950266063304"
"352","ABR948343575833","Verbrennung","SEE913657334902",1,20570,"NEC_WERK_PST_SÜD","Andere Mineralölprodukte",0,1994,NA
"353",NA,"Verbrennung","SEE907150117643, SEE979012663285, SEE978971638464, SEE931736847297, SEE976414005279",5,2220000,"Neurath","Rohbraunkohlen",1,1972,"KWK914345641296"
"354","ABR999859507658","Verbrennung","SEE967605837250, SEE901786750397, SEE930228090937, SEE921905907730, SEE957229968300, SEE983252937631",6,3347000,"Niederaußem","Rohbraunkohlen",0.5,1965,"KWK905725046404"
"355","ABR984639805598","Verbrennung","SEE932949912406",1,14520,"Notstrom","Heizöl, leicht",0,2010,NA
"356","ABR959271720820","Verbrennung","SEE987913244618, SEE953784241926",2,26110,"PKV Dampfsammelschienen-KWK-Anlage",NA,0,2003,"KWK944671995718"
"357","ABR986163576012","Verbrennung","SEE944111876263",1,32000,"PPO1 - EBS Heizkraftwerk - Eisenhüttenstadt","Industrieabfall",0,2009,"KWK912511556702"
"358","ABR942038476511","Verbrennung","SEE973366398565",1,21900,"PPO2 - KWK Anlage","Abfall (Hausmüll, Siedl.abf.)",0,2025,"KWK908254833286"
"359","ABR912692931602","Verbrennung","SEE986097297199",1,125000,"QED_GuD_Staßfurt","Erdgas, Erdölgas",0,1997,"KWK977083995748"
"360","ABR951084327968","Verbrennung","SEE951648072822",1,13700,"RABA","Abfall (Hausmüll, Siedl.abf.)",0,2007,"KWK913593197296"
"361","ABR921682617990","Verbrennung","SEE950593842498",1,27000,"REMONDIS THermische Abfallverwertung","Abfall (Hausmüll, Siedl.abf.)",0,2007,"KWK933040841626"
"362","ABR975955212252","Verbrennung","SEE969775213346",1,107000,"RLR Kraftwerk Godorf","Raffineriegas",0,2016,"KWK900260868313"
"363","ABR902662529014","Verbrennung","SEE955548455112",1,13000,"RMHKW Böblingen","Dampf (zum Beispiel Prozesswärme)",0,1999,"KWK916358762647"
"364","ABR984625094685","Verbrennung","SEE941568476039",1,56000,"RMVA Köln","Abfall (Hausmüll, Siedl.abf.)",0,1998,"KWK904784130994"
"365","ABR920742611459","Verbrennung","SEE932468680374",1,15555,"ROMONTA","Abfall (Hausmüll, Siedl.abf.)",0,2026,"KWK982159287078"
"366","ABR967341150460","Verbrennung","SEE945150729886, SEE941568392261",2,29800,"RZR I","Abfall (Hausmüll, Siedl.abf.)",0,1981,"KWK989782274000"
"367","ABR903507845016","Verbrennung","SEE923271533315, SEE947996339434",2,35885,"RZR II","Abfall (Hausmüll, Siedl.abf.)",0,2009,"KWK934791000669"
"368","ABR975347388190","Verbrennung","SEE982556430190, SEE912935247576, SEE974711013546",3,106100,"Raffineriekraftwerk Leuna","Andere Mineralölprodukte",0,1997,"KWK937899080434"
"369","ABR915068942295","Verbrennung","SEE980016033738, SEE934927915690, SEE968136280119, SEE980331579218",4,1811500,"Rheinhafen-Dampfkraftwerk","Steinkohlen",0,1985,"KWK990225909441"
"370","ABR999014678889","Verbrennung","SEE931406146903",1,15000,"Ruhr Oel GmbH","Andere Gase",0,2025,NA
"371","ABR934901121420","Verbrennung","SEE912020488365, SEE949799257847",2,165000,"Ruhrort","Hochofengas, Konvertergas",0,1955,"KWK929287388499"
"372","ABR934901121420","Verbrennung","SEE936262825863",1,177000,"Ruhrort 4","Hochofengas, Konvertergas",0,1969,"KWK922055991310"
"373","ABR987228640990","Verbrennung","SEE966844914388, SEE941844408532, SEE905270326723",3,136875,"SLKW Großkayna","Heizöl, leicht",0,1994,NA
"374","ABR987228640990","Verbrennung","SEE918916993708",1,50000,"SLKW Wolfen","Erdgas, Erdölgas",0,1996,NA
"375","ABR972456627639","Verbrennung","SEE976404468497",1,14100,"SN-Lankow-GUD-2023","Erdgas, Erdölgas",0,2023,"KWK924989076750"
"376","ABR972456627639","Verbrennung","SEE977613214097",1,23060,"SN-Süd-GUD-GT01","Erdgas, Erdölgas",0,2022,"KWK996286158309"
"377","ABR972456627639","Verbrennung","SEE950689982695",1,23060,"SN-Süd-GUD-GT02","Erdgas, Erdölgas",0,2022,"KWK996286158309"
"378","ABR944096107796","Verbrennung","SEE915851127786",1,22535,"STAWAG BHKW Schwarzer Weg","Erdgas, Erdölgas",0,2023,"KWK916984566398"
"379","ABR943204443238","Verbrennung","SEE971943692655",1,24050,"ST_HKW","Steinkohlen",1,1982,"KWK912976608886"
"380","ABR907617485391","Verbrennung","SEE940039139749",1,42000,"SW Karlsruhe Heizkraftwerk West","Erdgas, Erdölgas",0,1984,"KWK938490530205"
"381","ABR937875031863","Verbrennung","SEE957083466325",1,102000,"SWD KWL A GuD","Erdgas, Erdölgas",0,2000,"KWK971349275605"
"382","ABR937875031863","Verbrennung","SEE989503748513",1,67500,"SWD KWL GTE1","Erdgas, Erdölgas",0,1974,NA
"383","ABR937875031863","Verbrennung","SEE972458947407",1,65500,"SWD KWL GTE2","Erdgas, Erdölgas",0,1975,NA
"384","ABR948070381080","Verbrennung","SEE945217244789, SEE920560912882",2,106619,"SWM HKW Freimann","Erdgas, Erdölgas",0,2021,"KWK916599402302"
"385","ABR948070381080","Verbrennung","SEE942366584926",1,22050,"SWM HKW Nord 1","Abfall (Hausmüll, Siedl.abf.)",0,1991,"KWK920844507568"
"386","ABR948070381080","Verbrennung","SEE952372080091",1,363000,"SWM HKW Nord 2","Erdgas, Erdölgas",0,1991,"KWK901785586102"
"387","ABR948070381080","Verbrennung","SEE998278854237",1,27800,"SWM HKW Nord 3","Abfall (Hausmüll, Siedl.abf.)",0,1984,"KWK920022401633"
"388","ABR948070381080","Verbrennung","SEE907223904750, SEE901789931854, SEE985585573104, SEE936770778460, SEE926128454535",5,500600,"SWM HKW Sued GuD1","Erdgas, Erdölgas",0.2,1980,"KWK995778931840"
"389","ABR948070381080","Verbrennung","SEE980327120226, SEE976219797843, SEE996720450723",3,424585,"SWM HKW Sued GuD2","Erdgas, Erdölgas",0,2004,"KWK943320019553"
"390","ABR955133866064","Verbrennung","SEE940780197517",1,15200,"Schoeller Technocell Osnabrück","Erdgas, Erdölgas",0,1994,"KWK935150593242"
"391","ABR914764874992","Verbrennung","SEE952352206145",1,370000,"Scholven","Steinkohlen",0,1968,NA
"392","ABR914764874992","Verbrennung","SEE939692270074, SEE938587513135",2,110000,"Scholven 1","Erdgas, Erdölgas",0,2023,"KWK930663970870"
"393","ABR914764874992","Verbrennung","SEE970579995963",1,30802,"Scholven GuD","Dampf (zum Beispiel Prozesswärme)",0,2023,"KWK930663970870"
"394","ABR975955212252","Verbrennung","SEE990523934756",1,35000,"Shell Deutschland Oil GmbH, RRS, Turbine 1","Heizöl, schwer",0,1993,"KWK990836902398"
"395","ABR975955212252","Verbrennung","SEE924053403383",1,34300,"Shell Deutschland Oil GmbH, RRS, Turbine 5","Heizöl, schwer",0,1979,"KWK950691372415"
"396","ABR974109816049","Verbrennung","SEE956268312785",1,40490,"Solvay Bernburg EKT-Anlage","Dampf (zum Beispiel Prozesswärme)",0,2009,"KWK939906723679"
"397","ABR974109816049","Verbrennung","SEE921877855527, SEE988178455061, SEE966530598731",3,148700,"Solvay Bernburg Industriekraftwerk","Erdgas, Erdölgas",0,1994,"KWK973765965245"
"398","ABR948966352149","Verbrennung","SEE964450365167, SEE970931306376, SEE986520256656, SEE952058615067, SEE907396256311, SEE993292613167",6,165140,"Solvay Rb Kraftwerk","Dampf (zum Beispiel Prozesswärme)",0.166666666666667,1962,"KWK972796708609"
"399","ABR917063786638","Verbrennung","SEE953718174887",1,21760,"Spitzenlastkraftwerk Veits","Erdgas, Erdölgas",0,1988,NA
"400","ABR914764874992","Verbrennung","SEE929161243203, SEE988182827533",2,1210000,"Staudinger","Steinkohlen",0,1977,"KWK944171721893"
"401","ABR944873398522","Verbrennung","SEE934298270268",1,21000,"T.A. Lauta","Abfall (Hausmüll, Siedl.abf.)",0,2004,"KWK989296347740"
"402","ABR999275057935","Verbrennung","SEE902329484380",1,12540,"T1","Dampf (zum Beispiel Prozesswärme)",0,1976,"KWK906705806070"
"403","ABR940574202045","Verbrennung","SEE988429673565",1,17505,"TREA Breisgau","Abfall (Hausmüll, Siedl.abf.)",0,2004,"KWK979824550889"
"404","ABR977766043292","Verbrennung","SEE981876305560",1,18545,"TREA Leuna","Abfall (Hausmüll, Siedl.abf.)",0,2005,NA
"405","ABR997638965736","Verbrennung","SEE932127408097",1,29680,"Thermische Abfallverwertungsanlage Zorbau","Abfall (Hausmüll, Siedl.abf.)",0,2005,"KWK959344327550"
"406","ABR982790226122","Verbrennung","SEE956085205437, SEE947816911833, SEE921503407342, SEE903050601572",4,238400,"Thermisches Kraftwerk Burghausen","Erdgas, Erdölgas",0,1979,"KWK914990324575"
"407","ABR930724592683","Verbrennung","SEE973601397087, SEE999106955379",2,79000,"Tiefstack GuD","Erdgas, Erdölgas",0,2009,"KWK916286884688"
"408","ABR921787700689","Verbrennung","SEE987970110314",1,453000,"Trianel Gaskraftwerk Hamm Block 10","Erdgas, Erdölgas",0,2007,NA
"409","ABR921787700689","Verbrennung","SEE900628853036",1,453000,"Trianel Gaskraftwerk Hamm Block 20","Erdgas, Erdölgas",0,2007,NA
"410","ABR992494053870","Verbrennung","SEE961029163353",1,812000,"Trianel Kohlekraftwerk Lünen","Steinkohlen",0,2013,"KWK923678984031"
"411","ABR984625094685","Verbrennung","SEE942956157011",1,31760,"Turbosatz 2",NA,0,2017,NA
"412","ABR924151992529","Verbrennung","SEE940303116315",1,32320,"Turbosatz 5","Abfall (Hausmüll, Siedl.abf.)",0,2021,"KWK980274155487"
"413","ABR997575881632","Verbrennung","SEE988421065542, SEE980525088564, SEE993301547841, SEE917033307511",4,93510,"UER N230","Steinkohlen",0.25,1964,"KWK960101120369"
"414","ABR977205562452","Verbrennung","SEE933094075404",1,30170,"UPM Schongau HKW 3 DT","Erdgas, Erdölgas",0,2014,"KWK966187925461"
"415","ABR977205562452","Verbrennung","SEE912975333499",1,47000,"UPM Schongau HKW 3 GT","Erdgas, Erdölgas",0,2014,"KWK966187925461"
"416","ABR964032312961","Verbrennung","SEE934706805181",1,20073,"W08_PST_Mantelobjekt","Andere Mineralölprodukte",0,2016,NA
"417",NA,"Verbrennung","SEE978389589440",1,410000,"Walsum","Steinkohlen",1,1988,"KWK951742869786"
"418","ABR949975645017","Verbrennung","SEE927727929912",1,33000,"Weisweiler","Abfall (Hausmüll, Siedl.abf.)",0,1996,NA
"419","ABR999859507658","Verbrennung","SEE904421343152, SEE933685962403, SEE987007884447, SEE909886576275, SEE955314088254, SEE999117793854",6,2539000,"Weißweiler","Rohbraunkohlen",0.333333333333333,1965,"KWK993917524199"
"420",NA,"Verbrennung","SEE978327902850",1,8e+05,"Westfalen","Steinkohlen",1,2014,NA
"421",NA,"Verbrennung","SEE907162822238, SEE977258693776",2,922000,"Wilhelmshaven","Steinkohlen",1,1976,NA
"422",NA,"Verbrennung","SEE996231694999",1,14000,"Wirbelschichtkesselanlage Schwedt","Industrieabfall",1,2011,"KWK974974314572"
"423","ABR965173080283","Verbrennung","SEE917347897449, SEE997481303822, SEE920806611845, SEE992535288735",4,42420,"Wärmekraftwerk Zolling","Erdgas, Erdölgas",0,2027,NA
"424","ABR905104647567","Verbrennung","SEE940474859066",1,12500,"Z564","Dampf (zum Beispiel Prozesswärme)",0,1992,"KWK915919082026"
"425","ABR983490316724","Verbrennung","SEE943297204990",1,39029.2,"ZF-SBR-GuD-Heizkraftwerk","Erdgas, Erdölgas",0,2012,"KWK983829267765"
"426","ABR963996598664","Verbrennung","SEE995521057735",1,20800,"ZRE","Industrieabfall",0,2027,NA
"427","ABR972405386327","Verbrennung","SEE962777669616",1,25000,"Zolling GT1","Heizöl, leicht",0,1986,NA
"428","ABR972405386327","Verbrennung","SEE949509046600",1,25000,"Zolling GT2","Heizöl, leicht",0,1976,NA
"429","ABR961758056360","Verbrennung","SEE916274994887",1,311600,"bnBm Gaskraftwerk Leipheim","Erdgas, Erdölgas",0,2023,NA
"430","ABR966662532191","Verbrennung","SEE964745752825, SEE915885358156, SEE922855765289, SEE916495905242, SEE957769851605, SEE951582148140, SEE998526561375, SEE974018310478, SEE983509659989, SEE949421684249, SEE953235539855, SEE974615285285, SEE972346658903, SEE964290104919, SEE920825895844, SEE979557966681, SEE945401341942, SEE997770651436, SEE966089822219, SEE945569399960, SEE916830465356, SEE932928232242, SEE957488519732, SEE972128015696, SEE975793104498, SEE949133098242, SEE904455926604, SEE980046698020, SEE936443066245, SEE964717210810, SEE971280976463, SEE918609979057, SEE980915157566, SEE987197130805, SEE957709110953, SEE923959807806, SEE945740636167, SEE902686859227, SEE987326760026, SEE935395375856, SEE925794342412, SEE920672219015, SEE983424047212, SEE948129095272, SEE934897209904, SEE924302504816, SEE986936308987, SEE957686843929, SEE975343602986, SEE919296928137, SEE945933440847, SEE910161577337, SEE946736241334, SEE999705546763, SEE967390177067, SEE960935066536, SEE946501569267, SEE960158091162, SEE976333173899, SEE927630371594, SEE995596088894, SEE903983424590, SEE999346426134, SEE907597880766, SEE976549634931, SEE925652456091, SEE910102553963, SEE925599434282, SEE993592183001, SEE957639615832, SEE996891820448, SEE992607731794, SEE953266686481, SEE944148486770, SEE972471937317, SEE999848168525, SEE918407219966, SEE985453029962, SEE952937205877, SEE925011950635, SEE997020557907, SEE973793127974, SEE993546424112, SEE989887901764, SEE910950875330, SEE960934136643, SEE902280549463, SEE920753145547, SEE927542617698, SEE915847711449, SEE912980761904, SEE918332839635, SEE922908994215, SEE931497805147, SEE976107471893, SEE903181060330, SEE929182899328, SEE940820504671, SEE959496642280, SEE922581598120, SEE908293161302, SEE987789318420, SEE972298576188, SEE997443441159",104,8849179,"HKW III  Block A [BLOCK]","Erdgas, Erdölgas",0.0769230769230769,1952,"KWK950271843519"
"431","ABR915068942295","Wasser","SEE901911520000, SEE932041539754, SEE971886830459, SEE943866326672, SEE921472787742, SEE957029086662, SEE990357023541",7,303000,"illwerke vkw Obervermuntwerk I","Speicherwasseranlage",0.428571428571429,1930,NA
"432","ABR915068942295","Wasser","SEE918714025250, SEE927932653541, SEE964481657378",3,288000,"illwerke vkw Kopswerk I","Speicherwasseranlage",0,1969,NA
"433","ABR915068942295","Wasser","SEE952262880046, SEE918928929085, SEE932792338347",3,150000,"illwerke vkw Rodundwerk I","Speicherwasseranlage",0,1943,NA
"434","ABR967287372797","Wasser","SEE902378631681, SEE971499223693, SEE965528786747, SEE961706754454, SEE991958709742",5,132000,"Kraftwerk Jochenstein","Laufwasseranlage",0,1956,NA
"435","ABR914764874992","Wasser","SEE930595548697, SEE928459304602, SEE981832585265, SEE994984344970, SEE965777272787, SEE975302241416, SEE936406566188, SEE994080011080",8,124000,"Walchenseekraftwerk D F1","Speicherwasseranlage",0,1924,NA
"436","ABR997116496912","Wasser","SEE974080003018, SEE946142465416, SEE975444777408",3,120000,"TögingNeu","Laufwasseranlage",0,2022,NA
"437","ABR915068942295","Wasser","SEE997586162263, SEE917250397289, SEE977812651266, SEE968905495126",4,108000,"Rheinkraftwerk Iffezheim","Laufwasseranlage",0,1978,NA
"438","ABR918910130901","Wasser","SEE905804223849, SEE910013400721, SEE973556997929, SEE902489482608, SEE994853801559, SEE991332001752, SEE947227591686, SEE949717053087, SEE981577033014, SEE925074451797",10,106000,"Kraftwerk Laufenburg","Laufwasseranlage",0,1990,NA
"439","ABR969064982205","Wasser","SEE946492105505, SEE912351283974, SEE992421348512, SEE979623845346",4,102400,"Kraftwerk Braunau-Simbach","Laufwasseranlage",0,1954,NA
"440","ABR972811767499","Wasser","SEE973493827723, SEE929404505242, SEE991505581654, SEE962376547568, SEE976184145496",5,95500,"Kraftwerk Rheinfelden","Laufwasseranlage",0,2010,NA
"441","ABR969064982205","Wasser","SEE995234903107, SEE973513212348, SEE983560968952, SEE941054035436",4,86400,"Kraftwerk Passau-Ingling","Laufwasseranlage",0,1965,NA
"442","ABR920789268791","Wasser","SEE975539952376, SEE995156555835, SEE904955359575",3,84900,"Kraftwerk Ryburg Schwörstadt","Laufwasseranlage",0,1930,NA
"443","ABR937637196106","Wasser","SEE901440918859, SEE934395809149, SEE991917215321",3,83820,"Rheinkraftwerk Albbruck-Dogern (RADAG)","Laufwasseranlage",0,1934,NA
"444","ABR950811337010","Wasser","SEE948455839281, SEE993233732025, SEE914861690945, SEE922429625575, SEE957367978162, SEE974979035090",6,80700,"Kraftwerk Egglfing-Obernberg","Laufwasseranlage",0,1944,NA
"445","ABR950811337010","Wasser","SEE964117025212, SEE977891692877, SEE969078917545",3,72900,"Kraftwerk Ering-Frauenstein","Laufwasseranlage",0,1942,NA
"446","ABR915068942295","Wasser","SEE955634700423, SEE975648364909, SEE922473273890",3,69000,"Rheinkraftwerk Säckingen","Laufwasseranlage",0,1966,NA
"447","ABR988666610835","Wasser","SEE955978509164, SEE937356687909, SEE990364668339",3,64000,"SKW Hohenwarte 1","Speicherwasseranlage",0,1941,NA
"448","ABR969064982205","Wasser","SEE978187174503, SEE996980679766",2,60000,"Kraftwerk Oberaudorf-Ebbs","Laufwasseranlage",0,1992,NA
"449","ABR914764874992","Wasser","SEE963787688062, SEE962597527578, SEE935976236132, SEE950988570012, SEE944518084070, SEE938153286029, SEE995447721338, SEE935963507269",8,53700,"Kachlet K","Laufwasseranlage",0,1927,NA
"450","ABR997116496912","Wasser","SEE969507902654, SEE967404406039, SEE943021591570, SEE995735564722, SEE968493660913, SEE995049451596, SEE937353642390, SEE927407069969, SEE978319698396, SEE984899087819, SEE982484501641",11,53200,"Kraftwerk Wasserburg","Laufwasseranlage",0,1938,NA
"451","ABR982790226122","Wasser","SEE901602471161, SEE913911815888, SEE959377024433, SEE979257485857, SEE925023182710",5,50400,"Alzwerk","Laufwasseranlage",0,1922,NA
"452","ABR950811337010","Wasser","SEE907943989181, SEE929107540175",2,50000,"KW Nußdorf (im Besitz von Innwerk und ÖBK)","Laufwasseranlage",0,1982,NA
"453","ABR915068942295","Wasser","SEE980337143772, SEE982833830750",2,42000,"WKW Reckingen","Laufwasseranlage",0,1941,NA
"454","ABR915068942295","Wasser","SEE946412220059",1,38850,"Rheinkraftwerk Iffezheim","Laufwasseranlage",0,2013,NA
"455","ABR972811767499","Wasser","SEE931261988564, SEE934890098444, SEE927287469774, SEE982064123652, SEE942749879687, SEE925326526723, SEE921196877927, SEE935645540645, SEE911430024132, SEE910204132950, SEE934727232676",11,38520,"KW Wyhlen ","Laufwasseranlage",0,1912,NA
"456","ABR997116496912","Wasser","SEE950536544908, SEE961226195928, SEE944229371742",3,38199,"Kraftwerk Feldkirchen","Laufwasseranlage",0,1970,NA
"457","ABR914764874992","Wasser","SEE900963630248, SEE980892645759, SEE902745894848, SEE979394589432",4,36000,"Aufkirchen","Laufwasseranlage",0,1924,NA
"458","ABR914764874992","Wasser","SEE906074606738, SEE956908340703, SEE937685363109, SEE902444234136",4,36000,"Eitting","Laufwasseranlage",0,1925,NA
"459","ABR914764874992","Wasser","SEE906382407782, SEE967003406416, SEE948865320546, SEE928579781840, SEE926693191903, SEE912494745674, SEE966014390042, SEE913336549115",6,35900,"Pfrombach","Laufwasseranlage",0,1929,NA
"460","ABR997116496912","Wasser","SEE977512784516, SEE982332501670, SEE947313574326",3,35100,"Rosenheim","Laufwasseranlage",0,1960,NA
"461","ABR997116496912","Wasser","SEE946979186225, SEE991316727548, SEE931012437020, SEE969267129582, SEE953174240607, SEE941548257580",6,30000,"","Laufwasseranlage",0,1938,NA
"462","ABR938084769295","Wasser","SEE923223371170, SEE954220263762, SEE936428070663",3,29100,"Vohburg E K","Laufwasseranlage",0,1992,NA
"463","ABR937637196106","Wasser","SEE900600559253",1,28450,"Rheinkraftwerk Albbruck-Dogern (RADAG)","Laufwasseranlage",0,2009,NA
"464","ABR914764874992","Wasser","SEE959715874706, SEE992196002671, SEE982564834379, SEE980276191377, SEE945845418224, SEE907673676115, SEE954199811421",5,27954,"Altheim","Laufwasseranlage",0,1951,NA
"465","ABR999401230768","Wasser","SEE935573961376, SEE963949142524, SEE920847840785, SEE945785612836",4,27500,"SWM Uppenborn 1","Laufwasseranlage",0,1930,NA
"466","ABR997116496912","Wasser","SEE923389370246, SEE941348086168, SEE925570951074, SEE931353190974",3,26100,"Kraftwerk Neuötting MS","Laufwasseranlage",0,1951,NA
"467","ABR997116496912","Wasser","SEE989745723057, SEE971686772294, SEE927234931354, SEE900123363948, SEE985411751317",5,25000,"Kraftwerk Teufelsbruck MS","Laufwasseranlage",0,1938,NA
"468","ABR907506418141","Wasser","SEE933647139935, SEE976392258995, SEE918271567637",3,24999,"Geisling K","Laufwasseranlage",0,1985,NA
"469","ABR914764874992","Wasser","SEE913199703136",1,24900,"Roßhaupten SKW K2","Speicherwasseranlage",0,1954,NA
"470","ABR914764874992","Wasser","SEE950450991048",1,24900,"Roßhaupten SKW K1","Speicherwasseranlage",0,1954,NA
"471","ABR938084769295","Wasser","SEE964673859078, SEE920999677857, SEE960680903568",3,24900,"Bergheim E K","Laufwasseranlage",0,1970,NA
"472","ABR925974012494","Wasser","SEE937849602679, SEE937360320199, SEE920872442510, SEE906312850534",4,24000,"Detzem Maschine ","Laufwasseranlage",0,1962,NA
"473","ABR997116496912","Wasser","SEE928246905913, SEE920405564993, SEE976445927045",3,23199,"Kraftwerk Stammham","Laufwasseranlage",0,1955,NA
"474","ABR915068942295","Wasser","SEE935949048892, SEE975862748837, SEE901506319514, SEE936411567903, SEE999927238279, SEE903121707776",5,22000,"WKW Rudolf-Fettweis-Werk Murgwerk M","Speicherwasseranlage",0,1918,NA
"475","ABR915068942295","Wasser","SEE984453739475",1,21500,"WKW Rudolf-Fettweis-Werk PSW Schwarzenbach","Speicherwasseranlage",0,1926,NA
"476","ABR907506418141","Wasser","SEE935560628848, SEE967078876749, SEE954281393200",3,21499.98,"LW Straubing RMD","Laufwasseranlage",0,1994,NA
"477","ABR938084769295","Wasser","SEE993827105563, SEE906889375157, SEE994048824899",3,21000,"Bittenbrunn E K","Laufwasseranlage",0,1969,NA
"478","ABR938084769295","Wasser","SEE933078887559, SEE972180197972, SEE955407848307",3,20100,"Ingolstadt E K","Laufwasseranlage",0,1971,NA
"479","ABR925974012494","Wasser","SEE914513090444, SEE922911017253, SEE923624580645, SEE934654061066",4,20000,"Wintrich Maschine ","Laufwasseranlage",0,1965,NA
"480","ABR914764874992","Wasser","SEE933265744528, SEE909400381729",2,20000,"Hemfurth F1","Speicherwasseranlage",0,1915,NA
"481","ABR925974012494","Wasser","SEE950624794208, SEE967019106539, SEE941176001043, SEE936922240418",4,20000,"Lehmen Maschi","Laufwasseranlage",0,1962,NA
"482","ABR938084769295","Wasser","SEE959264884584, SEE977600961171, SEE916571034606",3,19800,"Bertoldsheim E K","Laufwasseranlage",0,1967,NA
"483","ABR997116496912","Wasser","SEE921294761234, SEE949459256067, SEE974434785997",3,19398,"Kraftwerk Perach","Laufwasseranlage",0,1977,NA
"484","ABR914764874992","Wasser","SEE907837230047, SEE946976628933, SEE903494881059",3,19200,"Prem","Laufwasseranlage",0,1971,NA
"485","ABR925987931874","Wasser","SEE980008908440",1,19000,"WKW III","Laufwasseranlage",0,1920,NA
"486","ABR925974012494","Wasser","SEE965922127559, SEE941619779157, SEE977519384276, SEE909057995010",4,18800,"Trier Maschi","Laufwasseranlage",0,1962,NA
"487","ABR925974012494","Wasser","SEE925878652192, SEE929405778768, SEE991358537341, SEE968613122536",4,18400,"Enkirch Maschine ","Laufwasseranlage",0,1966,NA
"488","ABR914764874992","Wasser","SEE964721515031, SEE988114672156, SEE924169304048",3,18300,"Kaufering K(Ro)","Laufwasseranlage",0,1975,NA
"489","ABR914764874992","Wasser","SEE997722783727, SEE938443144244",2,18200,"Dornau","Laufwasseranlage",0,1960,NA
"490","ABR999401230768","Wasser","SEE907834312319, SEE931485815622, SEE980479559837",3,18000,"SWM Uppenborn 2","Laufwasseranlage",0,1951,NA
"491","ABR914764874992","Wasser","SEE941459970745, SEE928715410504, SEE956682707471",3,16500,"Gummering K","Laufwasseranlage",0,1957,NA
"492","ABR925974012494","Wasser","SEE940474876544, SEE992559962321, SEE918483749111, SEE931478434564",4,16400,"Müden Maschine ","Laufwasseranlage",0,1965,NA
"493","ABR925974012494","Wasser","SEE966970929270, SEE997982071411, SEE944886199833, SEE985446296883",4,16400,"Neef Maschine ","Laufwasseranlage",0,1966,NA
"494","ABR925974012494","Wasser","SEE971746670720, SEE999735538103, SEE966521084113, SEE991810618885",4,16400,"Fankel Maschine ","Laufwasseranlage",0,1963,NA
"495","ABR925974012494","Wasser","SEE931158678738, SEE996485724770, SEE996357195448, SEE961061178896",4,16000,"Koblenz Maschine ","Laufwasseranlage",0,1951,NA
"496","ABR925974012494","Wasser","SEE944656117388, SEE977356213593",2,16000,"Heimbach Maschine ","Speicherwasseranlage",0,1905,NA
"497","ABR914764874992","Wasser","SEE931699316403, SEE919412154723, SEE916697461249",3,15000,"Dingolfing","Laufwasseranlage",0,1957,NA
"498","ABR937352321692","Wasser","SEE938477978983, SEE965966201352, SEE968039156900, SEE927000188951",3,15000,"Biggekraftwerk","Speicherwasseranlage",0,1965,NA
"499","ABR915068942295","Wasser","SEE952242150978, SEE944923156256, SEE989300885374, SEE964658207085",4,14200,"WKW Unteropfingen M","Laufwasseranlage",0,1924,NA
"500","ABR914764874992","Wasser","SEE932259668697, SEE934999181948, SEE940552188637",3,14100,"Unterbergen K(Ro)","Laufwasseranlage",0,1983,NA
"501","ABR925974012494","Wasser","SEE985107396679",1,14000,"Schwammenauel","Speicherwasseranlage",0,1938,NA
"502","ABR925974012494","Wasser","SEE969618944758, SEE931088083121, SEE941420464426, SEE961196425506",4,13600,"Zeltingen Maschine ","Laufwasseranlage",0,1964,NA
"503","ABR914764874992","Wasser","SEE909007092769, SEE935359739632, SEE996794687834",3,13500,"Merching","Laufwasseranlage",0,1978,NA
"504","ABR914764874992","Wasser","SEE930232746332, SEE907294548426, SEE927477486369",3,13500,"Scheuring K(Ro)","Laufwasseranlage",0,1980,NA
"505","ABR914764874992","Wasser","SEE932109633288, SEE948263410344, SEE972467909069",3,12900,"Schwabstadl K(Ro)","Laufwasseranlage",0,1981,NA
"506","ABR914764874992","Wasser","SEE961284659301, SEE941328262162",2,12800,"Obernach F","Laufwasseranlage",0,1955,NA
"507","ABR921440481122","Wasser","SEE943181515102, SEE962922475031, SEE978382998973",3,12630,"Meitingen","Laufwasseranlage",0,1922,NA
"508","ABR914764874992","Wasser","SEE930248546148, SEE949049420311, SEE926125006225",3,12600,"Landau","Laufwasseranlage",0,1984,NA
"509","ABR914764874992","Wasser","SEE950140538850, SEE988465448257, SEE960357727398",3,12600,"Dessau K(Ro)","Laufwasseranlage",0,1967,NA
"510","ABR914764874992","Wasser","SEE969190320896, SEE991388294085, SEE932569427427",3,12600,"Pielweichs K","Laufwasseranlage",0,1994,NA
"511","ABR921440481122","Wasser","SEE922767690112, SEE912827261192",2,12300,"Oberpeiching","Laufwasseranlage",0,1954,NA
"512","ABR914764874992","Wasser","SEE923058511512, SEE901248773803, SEE982462684892",3,12300,"Ettling K","Laufwasseranlage",0,1988,NA
"513","ABR914764874992","Wasser","SEE973546643669, SEE975578379660, SEE907339611450",3,12300,"Prittriching K(Ro)","Laufwasseranlage",0,1984,NA
"514","ABR925974012494","Wasser","SEE911476679648, SEE918573116014",2,12100,"Serrig Maschine ","Laufwasseranlage",0,1985,NA
"515","ABR920411149450","Wasser","SEE967558939506, SEE901604837408, SEE935602197158, SEE985755138850, SEE948936460041, SEE961245060139, SEE915246106037, SEE905826160993",8,12058.5,"Saalachkraftwerk ","Laufwasseranlage",0,1914,NA
"516","ABR914764874992","Wasser","SEE929915888797, SEE954975672987, SEE926876352800",3,12000,"Urspring K(Ro) ","Laufwasseranlage",0,1966,NA
"517","ABR921440481122","Wasser","SEE950641511031, SEE971021553687",2,11200,"Rain","Laufwasseranlage",0,1955,NA
"518","ABR914764874992","Wasser","SEE977277909087, SEE992625046054, SEE949500107867",3,11200,"Mühltal F","Laufwasseranlage",0,1924,NA
"519","ABR915068942295","Wasser","SEE965755251490, SEE929681132193, SEE982923767645, SEE925268162232",3,10800,"WKW Dettingen M","Laufwasseranlage",0,1927,NA
"520","ABR915068942295","Wasser","SEE903626449133, SEE909482931270",2,10100,"Faimingen","Laufwasseranlage",0,1965,NA
"521","ABR989402884855","Wasser","SEE998337266582, SEE906326722117, SEE973276921297, SEE911899162451",2,10037.5,"WKW Böfinger Halde Generator 1","Laufwasseranlage",0,1953,NA
"522","ABR912332201010","Windeinheit","SEE920051579655, SEE900959631303, SEE963423463534, SEE901893556523, SEE952901719850, SEE921498006773, SEE954247613335, SEE930700758454, SEE978690991796, SEE978751412826, SEE997767434172, SEE956466610416, SEE929594113609, SEE977283513094, SEE926317316675, SEE925175900767, SEE946613125818, SEE998812552131, SEE922424261310, SEE959171440316, SEE923860624059, SEE942753763446, SEE932329009511, SEE985635778053, SEE918450862034, SEE932544718502, SEE977091784846, SEE940457092534, SEE915685966667, SEE943771360488, SEE980282368237, SEE980292520984, SEE966133889427, SEE987060159902, SEE999499510759, SEE969308894608, SEE952852898697, SEE967725908212, SEE970374159928, SEE976594368034, SEE992772664224, SEE926290856090, SEE963293808480, SEE964758098248, SEE920677487983, SEE984080255348, SEE983612858576, SEE951024907250, SEE909062717577, SEE946426711642, SEE993622293632, SEE948474759706, SEE922250580203, SEE917009788542, SEE983599520046, SEE923954894696, SEE918479491512, SEE991492858999, SEE957533327404, SEE956282536914, SEE908981182558, SEE995221522878, SEE998761035174, SEE945301616300",64,960000,"EnBW He Dreiht","Windenergie auf See",0,2025,NA
"523","ABR935085897668","Windeinheit","SEE911285214849, SEE911464021602, SEE978275027278, SEE905849307283, SEE952531352465, SEE956610212619, SEE907108065750, SEE971447290685, SEE953751392026, SEE904124887076, SEE930925861397, SEE937637359662, SEE946479611050, SEE929187182098, SEE946094268790, SEE939620850996, SEE960091807516, SEE980578555990, SEE934958770077, SEE909895232391, SEE984913841489, SEE986727779170, SEE975283682673, SEE973220806380, SEE916853974583, SEE954549397025, SEE991057929393, SEE951203718349, SEE979936416097, SEE926522113632, SEE997965906822, SEE965310843061, SEE980785741308, SEE929542066056, SEE908913976026, SEE916110691727, SEE907301797489, SEE910953236855, SEE973624065284, SEE910631399049, SEE975248600179, SEE917499746732, SEE928473775273, SEE969867763728, SEE911375298940, SEE945781458346, SEE958959479630, SEE991806941607, SEE958595221372, SEE928492669881, SEE936669765588, SEE968822478189, SEE945808835648, SEE921396903839, SEE946201988634, SEE974184449873, SEE971117166760, SEE989728865606, SEE984446460737, SEE903212979990, SEE987418681659, SEE926604108662, SEE947868991043, SEE918589046091, SEE926623203843, SEE947298009660, SEE934135287411, SEE931502812191, SEE919920648264, SEE990097077873, SEE995790718726, SEE943086118286, SEE946752102022, SEE933776083611, SEE903433475202, SEE964450682356, SEE984150549834, SEE912441346732, SEE933570278664, SEE954527536378, SEE936479813509, SEE996160725511, SEE924787035768",83,958650,"Borkum Riffgrund 3","Windenergie auf See",0,2025,NA
"524","ABR978525176978","Windeinheit","SEE968403975168, SEE955823677963, SEE990212835371, SEE999599787044, SEE959861452193, SEE937356643394, SEE964947965276, SEE924028015511, SEE947153285505, SEE962959810379, SEE955323186743, SEE937067154479, SEE977900175292, SEE946435887512, SEE927108847132, SEE929288037532, SEE922540750781, SEE950736834267, SEE989899785598, SEE906224165115, SEE901569026534, SEE939035514612, SEE917042399804, SEE947012518218, SEE966874007784, SEE979581389586, SEE961578300032, SEE950257585914, SEE905023554328, SEE990915675908, SEE928245797205, SEE955455904161, SEE905401434983, SEE990917805723, SEE977085526414, SEE982553665878, SEE967969968621, SEE900874771436, SEE907467182310, SEE917636862462, SEE916990834030, SEE971936968422, SEE991541548147, SEE919851056329, SEE964806995802, SEE919504845720, SEE988441167905, SEE980361907821, SEE902085561554, SEE901671208736, SEE906314142637, SEE910522730906, SEE917925985384, SEE913820945744, SEE999198333772, SEE995359710970, SEE985014563898, SEE906444695829, SEE924208375190, SEE900732291939, SEE974328092620, SEE999748753111, SEE990269547425, SEE975081985693, SEE951309653650, SEE927955747111, SEE943613031347, SEE967778219457, SEE979973327486, SEE969829331439, SEE961777627381",71,521850,"Windpark Hohe See","Windenergie auf See",0,2019,NA
"525","ABR969791194568","Windeinheit","SEE949910971591, SEE957309523467, SEE999152219265, SEE903978261766, SEE998477578477, SEE950111401992, SEE996793207125, SEE942939092865, SEE900122482756, SEE927875055501, SEE975239397002, SEE921323597209, SEE932043859904, SEE976102892778, SEE930675088297, SEE994024553874, SEE955215044762, SEE911398876569, SEE956334550196, SEE914044592523, SEE908202339938, SEE984871130311, SEE945574429478, SEE950577462612, SEE924878900098, SEE900550536908, SEE982729023884, SEE960370788581, SEE938032490738, SEE957491657803, SEE900616852171, SEE971465337997, SEE950812129577, SEE911618395610, SEE948715691352, SEE946448895351, SEE909551866762, SEE977828069123, SEE928653214462, SEE986392080120, SEE938178012382, SEE956255402130, SEE903364683967, SEE972692355839, SEE975752091791, SEE969194472140, SEE910794178611, SEE995334092398, SEE927265088379, SEE919318572935",50,476250,"Baltic Eagle","Windenergie auf See",0,2024,NA
"526","ABR978298216550","Windeinheit","SEE900397382454, SEE934975939143, SEE946630904939, SEE970676961663, SEE991977186647, SEE905035167301, SEE990616595666, SEE974721284400, SEE962339865463, SEE968049784704, SEE988384232623, SEE932558049111, SEE944039346589, SEE909751586262, SEE919613587375, SEE970419835671, SEE997960869863, SEE978280774624, SEE986370162176, SEE916356712897, SEE902948755779, SEE930737017791, SEE927392755229, SEE900276178437, SEE933637129021, SEE984421240149, SEE978057753760, SEE984947736065, SEE908532646355, SEE959693163601, SEE969153282254",31,465000,"NC 4","Windenergie auf See",0,2028,NA
"527","ABR983253051190","Windeinheit","SEE997614409391, SEE922825628576, SEE997834536808, SEE939413327476, SEE985625630248, SEE973583595174, SEE970784036055, SEE903685117295, SEE933752117262, SEE978287906554, SEE901958138640, SEE977031441556, SEE909142387348, SEE956713993651, SEE965743751964, SEE967299777276, SEE928087216872, SEE932595754634, SEE996794060361, SEE983099104197, SEE960487262875, SEE991167501922, SEE921468329628, SEE904613962253, SEE982569724088, SEE956334617752, SEE989731129931, SEE946413354456, SEE970297764735, SEE915959499006, SEE916831387565, SEE914092271029, SEE921280042958, SEE942496738824, SEE991957737562, SEE931927822133, SEE930655599751, SEE915836749507, SEE984994208263, SEE930584638842, SEE914501224240, SEE996874948558, SEE993353148379, SEE992672559583, SEE903399868223, SEE971087132765, SEE953749377837, SEE942626366378, SEE972051293291, SEE944732669404, SEE910434700943, SEE903979891108, SEE968647037233, SEE920081304234, SEE917123062573, SEE904836387451",56,464800,"Borkum Riffgrund 2","Windenergie auf See",0,2018,NA
"528","ABR909257607669","Windeinheit","SEE972490644852, SEE910064003308, SEE967113701593, SEE958327266701, SEE994396655169, SEE994982674826, SEE999304048637, SEE920824374135, SEE973119472863, SEE961975761351, SEE909382805954, SEE900513297235, SEE993505953028, SEE965247303478, SEE998932559942, SEE924000723038, SEE949339640498, SEE906006978216, SEE939755406938, SEE989188540167, SEE964309087554, SEE914229395819, SEE971714837612, SEE902663504331, SEE952197771259, SEE958300498112, SEE920019158410, SEE976669730117, SEE912766297955",29,435000,"NC 2","Windenergie auf See",0,2026,NA
"529","ABR952939818853","Windeinheit","SEE991181426935, SEE979085121088, SEE993402214246, SEE993383605828, SEE920884152278, SEE992273754318, SEE964240252899, SEE959582700153, SEE943759844016, SEE924570300066, SEE903155586224, SEE945662662114, SEE984046132201, SEE949613810210, SEE930548282258, SEE988426714179, SEE981473806859, SEE923644246781, SEE953798438886, SEE995487793142, SEE980217962554, SEE947363486716, SEE995087270258, SEE971850124423, SEE954229210972, SEE909479690432, SEE937305209343, SEE901338274838, SEE988866590920, SEE964224197871, SEE951810758479, SEE972711382600, SEE967681195169, SEE969621280188, SEE999024924570, SEE935635691166, SEE909016069707, SEE990772670047, SEE977247503543, SEE952540200726, SEE942030590352, SEE906725717691, SEE930973618066, SEE959147741911, SEE923293964937, SEE935940603205, SEE945143242453, SEE933807531005, SEE911199840271, SEE913781694279, SEE921736387749, SEE973297666818, SEE934078719215, SEE960583451050, SEE934273260024, SEE905425369377, SEE951334436884, SEE927378106342, SEE976485831333, SEE903967391122, SEE979337693226, SEE967917244135, SEE960305116236, SEE959145047701, SEE960499135624, SEE986558462890, SEE958355312814",67,422100,"OWP Veja Mate","Windenergie auf See",0,2017,NA
"530","ABR978298216550","Windeinheit","SEE902045607711, SEE936581181015, SEE983170127886, SEE936778245711, SEE977235373509, SEE925019304348, SEE957977503907, SEE908489858351, SEE985320822795, SEE996485113345, SEE913083803065, SEE902196614323, SEE934417041526, SEE979853329128, SEE964212431123, SEE961766645006, SEE939781560406, SEE995214287739, SEE942675571259, SEE967754932226, SEE914381065261, SEE964687233406, SEE907012403433, SEE963632153882, SEE956381789525, SEE966382878203, SEE947617331649, SEE980252114741",28,420000,"NC 3","Windenergie auf See",0,2028,NA
"531","ABR926987701818","Windeinheit","SEE917212856557, SEE947825203561, SEE918200451808, SEE954315066100, SEE956360440560, SEE977926794552, SEE939020285671, SEE967556994774, SEE931401241887, SEE942875730746, SEE904579374855, SEE900555915869, SEE968955219840, SEE924293208403, SEE904527044007, SEE916193033308, SEE986459875249, SEE983945647144, SEE965317404128, SEE908818736565, SEE911766401782, SEE947056800690, SEE958452740237, SEE943757306349, SEE965893822682, SEE974387246378, SEE959710005556, SEE978251021092, SEE927999985548, SEE969620531694, SEE944436648095, SEE996254366262, SEE973959789626, SEE975317182971, SEE940930181311, SEE951635540037, SEE993985857823, SEE989967650599, SEE988001913607, SEE914079107969, SEE981959625677, SEE940366866042, SEE986695574777, SEE908200931370, SEE980638775900, SEE987588429099, SEE982623492663, SEE969863945937, SEE952457666257, SEE916996903969, SEE964233757769, SEE974860872759, SEE977183023365, SEE997620853577, SEE902951327321, SEE940342746108, SEE942938589878, SEE947887128291, SEE995431888344, SEE910399876776, SEE901485919156, SEE939546937627, SEE909818839164, SEE905374235600, SEE999565442069, SEE980314319589",66,405900,"Merkur Offshore","Windenergie auf See",0,2018,NA
"532","ABR974685406085","Windeinheit","SEE953148085487, SEE911692009106, SEE907782317169, SEE909699016760, SEE919752094253, SEE931225837693, SEE939651689565, SEE987252716968, SEE924219870387, SEE997068630129, SEE988672549990, SEE982219860838, SEE967239172406, SEE911728880778, SEE922522527530, SEE993172135451, SEE936645551709, SEE915775898939, SEE960825197302, SEE966309872352, SEE927793021633, SEE902609725707, SEE973834798125, SEE947013478023, SEE971274640554, SEE927771481527, SEE989808135421, SEE963889094785, SEE979949584462, SEE983178668107, SEE963415276739, SEE983363996923, SEE969472118807, SEE925403684001, SEE923904121599, SEE978387460420, SEE970683813825, SEE995522117537, SEE928640874341, SEE903352294144, SEE956068188108, SEE924262598184, SEE935182090702, SEE997786152590, SEE940677373994, SEE907196084282, SEE935048658084, SEE900019984141, SEE926912405149, SEE920192073210, SEE906792612479, SEE924156420928, SEE941072883217, SEE911296522001, SEE934849409062, SEE985944324828, SEE971504444525, SEE940877393761, SEE988485733609, SEE911064873885, SEE919013269901, SEE941831772141, SEE939034364805, SEE911443154383, SEE940534029163, SEE958194208347, SEE955562201870, SEE929977699614, SEE925075732055, SEE989050603976, SEE958799951570, SEE971187769359, SEE934677635855, SEE949660988429, SEE904350330599, SEE927025835304, SEE995350102286, SEE971713648240, SEE938218550188, SEE981562325476",80,4e+05,"Global Tech I","Windenergie auf See",0,2014,NA
"533","ABR978091643966","Windeinheit","SEE963952113825, SEE962313155559, SEE921240959043, SEE986317954673, SEE903273259055, SEE987572142072, SEE948213815519, SEE955135617985, SEE924019477908, SEE986022342543, SEE937978130821, SEE940178432558, SEE940548018238, SEE907645460629, SEE966909932746, SEE999413043776, SEE932291773953, SEE938436194270, SEE941602871158, SEE945764109104, SEE927242246280, SEE932952145167, SEE959153458698, SEE907421344761, SEE968593001876, SEE983077453002, SEE982365534874, SEE926878024736, SEE968233320558, SEE950713955695, SEE989029090851, SEE903225191280, SEE903317497436, SEE931803672753, SEE985342238765, SEE928425215734, SEE992083842977, SEE929755322970, SEE950090841468, SEE920872972420, SEE935922395180, SEE930218437995, SEE941345970019, SEE966700472281, SEE920940927680, SEE928577280642, SEE907760748176, SEE985489453304, SEE928508522117, SEE967231571276, SEE956151701993, SEE963985963800, SEE912850333309, SEE986799898120, SEE969947836069, SEE978028310367, SEE908067588250, SEE943755714627, SEE944783925245, SEE920949906020",60,378000,"Arkona Becken Süd-Ost","Windenergie auf See",0,2018,NA
"534","ABR945451105860","Windeinheit","SEE970719144763, SEE993362626721, SEE934394514839, SEE994718541545, SEE993861296692, SEE974243885581, SEE980539681041, SEE940122192637, SEE944659399446, SEE925830151503, SEE972133277584, SEE946363898369, SEE991641520722, SEE909349841827, SEE991015173868, SEE949293138260, SEE929625468838, SEE937220787131, SEE966643033211, SEE933090778828, SEE908275107441, SEE907329897376, SEE904509329924, SEE943055119375, SEE962959082578, SEE943478250013, SEE952934462334, SEE934314616605, SEE913150697771, SEE965388364178, SEE943812879429, SEE959815751341, SEE983734901419, SEE952305802202, SEE930848100788, SEE987643519000, SEE959924804518, SEE906109574391, SEE982370725403, SEE970611496069, SEE995719121491, SEE984493146868, SEE985860373382, SEE995089146223, SEE994035765501, SEE981265682449, SEE939637661066, SEE940776870707, SEE970657297811, SEE929380163399, SEE962865794787, SEE990963220136, SEE988464849345, SEE981966667943, SEE973015261660, SEE931635093115, SEE913412639112, SEE999501375611, SEE992678690372, SEE931790610318, SEE907353096202, SEE967495365307, SEE910685263433, SEE917053038006, SEE911706945857, SEE984498361341, SEE973429775937, SEE979066014569, SEE947399477726, SEE960078708294",70,366100,"WIKINGER","Windenergie auf See",0,2017,NA
"535","ABR939617012437","Windeinheit","SEE954941144418, SEE991717116569, SEE920932836501, SEE922688417461, SEE906460148637, SEE966103458240, SEE932379403826, SEE948554285989, SEE913596731602, SEE942639682069, SEE951364599849, SEE927571570322, SEE920473093531, SEE903770571247, SEE955410094043, SEE955299864584, SEE950406622484, SEE924700556059, SEE929888739249, SEE987008291749, SEE981013023869, SEE943911169957, SEE953260844498, SEE932724739174, SEE948527284292, SEE985458490705, SEE941803651672, SEE914243462689, SEE949403494033, SEE900995028679, SEE991293171631, SEE971629756756, SEE915528799919, SEE997555435541, SEE908440787720, SEE910825382444, SEE998007714504, SEE911093012200, SEE992770002318, SEE923869604816, SEE997519988373, SEE948780879952, SEE941090945430, SEE962323312157, SEE992486226671, SEE980819438501, SEE929936670364, SEE916288416597, SEE918259022523, SEE930745879947, SEE925680318163, SEE939179621344, SEE927897030319, SEE935230004460, SEE987088046710",55,344520,"Gode Wind 1","Windenergie auf See",0,2016,NA
"536","ABR905028343781","Windeinheit","SEE951166080804, SEE907484978088, SEE973560086497, SEE976203015144, SEE907872409248, SEE987658200719, SEE949612290563, SEE990925092870, SEE926906472270, SEE947591010684, SEE909100604739, SEE968564748670, SEE929707702508, SEE984739319483, SEE916411627739, SEE952286886475, SEE919899738850, SEE992821659331, SEE997175221203, SEE925963150725, SEE980900352143, SEE987903732545, SEE965905630311, SEE951877287769, SEE975783973615, SEE996243351378, SEE998750880051, SEE954492825392, SEE909913226142, SEE912289786691, SEE919424337091, SEE939935842822, SEE941761398862, SEE989609131479, SEE973008088533, SEE972643531886, SEE957759462743, SEE973957487173",38,342000,"OWP Kaskasi","Windenergie auf See",0,2022,NA
"537","ABR965388281055","Windeinheit","SEE917536376885, SEE995482580976, SEE983177687970, SEE970618434521, SEE901939565373, SEE932816080535, SEE923441001194, SEE998776892212, SEE963712621553, SEE919964778996, SEE905843539888, SEE908232356608, SEE986357440150, SEE997199810292, SEE955845931579, SEE932089788985, SEE967007699999, SEE911204327117, SEE986412947006, SEE949786073580, SEE973914818842, SEE906055230747, SEE900194531062, SEE918850069446, SEE913796171116, SEE990343108344, SEE928524385260, SEE964127068940, SEE984486847147, SEE907661562154, SEE976059991500, SEE995861278562, SEE930629808384, SEE999229456883, SEE989423431359, SEE905186617335, SEE933166311638, SEE907370162409, SEE968852733296, SEE990762449738, SEE957319204707, SEE900400229226, SEE984661071541, SEE939678257150, SEE916187827906, SEE979458145079, SEE927287465929, SEE900334372357, SEE953104250157, SEE907262442725, SEE916329530619, SEE978505387226, SEE968399220907, SEE927118624761",54,332100,"Nordsee One","Windenergie auf See",0,2017,NA
"538","ABR949626048525","Windeinheit","SEE914346404470, SEE982459757295, SEE973594758933, SEE973531566713, SEE903987429621, SEE911639985104, SEE912924417973, SEE989813928117, SEE961029147148, SEE993651145650, SEE991702160683, SEE994771729485, SEE933872908023, SEE912355093456, SEE910784535776, SEE967302549920, SEE972428338822, SEE909069661569, SEE966457500244, SEE971474390860, SEE963103108403, SEE930985183002, SEE978283322853, SEE971438328991, SEE934776436049, SEE905489953024, SEE958868735247, SEE995783909384, SEE918891452474, SEE982545515693, SEE962275147432, SEE969278096903, SEE939521516922, SEE978184678387, SEE964878934051, SEE908760847296, SEE941665398739, SEE911824810976, SEE903924594269, SEE904773044653, SEE944860773721, SEE914350665294, SEE988217294101, SEE942775901673, SEE992222650401, SEE915817832136, SEE953800997981, SEE945116581145, SEE944456795113, SEE977190541326, SEE994320516382, SEE926291641596, SEE964017077441, SEE945769396134, SEE949310951384, SEE913737947862, SEE911029255121, SEE914854658433, SEE967569945596, SEE960453918003, SEE969426722227, SEE996546963797, SEE962090548421, SEE944959737764, SEE950296412752, SEE998034053522, SEE901429414358, SEE980009070962, SEE912734881742, SEE926626160464, SEE996607727351, SEE908815657290, SEE925012561441, SEE900468776014, SEE914341909697, SEE904062582446, SEE927619066312, SEE952631640653",78,327400,"Borkum Riffgrund 1","Windenergie auf See",0,2015,NA
"539","ABR995701069718","Windeinheit","SEE978918526878, SEE953495185281, SEE994857621290, SEE996842234270, SEE936401206737, SEE901006060237, SEE934554297022, SEE988735034517, SEE911017931655, SEE956837862925, SEE940177894593, SEE956688133816, SEE907394220611, SEE958156335036, SEE905266159809, SEE940554044887, SEE942960531302, SEE938766370603, SEE992642198675, SEE946177776556, SEE956742892048",21,315000,"OWP Windanker","Windenergie auf See",0,2026,NA
"540","ABR909721922298","Windeinheit","SEE990582178207, SEE969452881615, SEE998929495550, SEE927962800113, SEE941324537936, SEE947813172213, SEE994749457228, SEE907944700785, SEE987105580579, SEE950049394311, SEE930689471047, SEE907941573597, SEE918176032896, SEE970100825608, SEE972924417250, SEE993126036339, SEE971642106583, SEE944918234914, SEE970507628789, SEE997500786872, SEE972154640503, SEE979327730610, SEE900924483104, SEE922009406280, SEE985188238677, SEE938506812240, SEE977729981845, SEE962333346746, SEE999275677188, SEE954288609311, SEE968291098505, SEE995408247624, SEE997643768254, SEE945237694755, SEE965031306227, SEE962060710131, SEE927322705157, SEE972852725977, SEE919686179385, SEE966700573957, SEE922650741815, SEE962498737984, SEE970463963405, SEE952614213638, SEE990863138883, SEE905025349632, SEE994620502054, SEE974597472147, SEE975121040627, SEE904202146064, SEE944402383067, SEE911149742365, SEE994615838397, SEE920608663851, SEE930623307173, SEE930888384841, SEE908255683705, SEE985243229510, SEE965870517419, SEE962182508333, SEE946575633970, SEE910186359178, SEE949147141446, SEE977112241112, SEE992578529895, SEE990434581919, SEE905159407185, SEE914110442387, SEE919020269239, SEE994084245764, SEE900674039613, SEE950453714132, SEE973944897206, SEE970135473362, SEE919733414483, SEE944166387370, SEE945824674429, SEE925690458347, SEE940449103583, SEE966224671047",80,302400,"Baltic 2","Windenergie auf See",0,2015,NA
"541","ABR986281149945","Windeinheit","SEE998335128035, SEE990080909341, SEE934934220121, SEE921976777867, SEE901299254238, SEE965422918961, SEE960736344628, SEE931659111376, SEE974102361928, SEE937475840575, SEE905616749957, SEE955952672709, SEE970283582022, SEE937878890320, SEE943982343249, SEE916246257699, SEE934058709670, SEE930586529476, SEE988725987281, SEE996353248902, SEE911608078349, SEE991883525929, SEE920819164833, SEE947656629394, SEE980553458025, SEE991314011502, SEE969331751756, SEE915107917857, SEE948046930755, SEE940631178511, SEE986248904488, SEE963222236964, SEE948181026139, SEE982575771731, SEE956291830935, SEE918244120449, SEE909753858688, SEE976278366004, SEE944856988993, SEE959897777345, SEE939913744070, SEE971030427535, SEE998129345198, SEE963123103754, SEE965707384825, SEE916191848973, SEE978621831610, SEE989109201092, SEE905475045627, SEE997317502863, SEE941984685213, SEE922324425287, SEE980245540298, SEE923259944386, SEE987581060442, SEE981707286600, SEE989417174767, SEE976694776876, SEE951346504182, SEE988010490373, SEE980352241149, SEE943747599058, SEE959645341248, SEE936618736799, SEE982358126000, SEE981814756676, SEE958930745235, SEE920938697397, SEE975445648509, SEE922898655288, SEE911862398023, SEE946440655892, SEE934884763020, SEE962383291577, SEE961104009422, SEE976919053577, SEE909770954332, SEE996498534083, SEE966629783437, SEE959063104845",80,302400,"Meerwind Süd|Ost","Windenergie auf See",0,2014,NA
"542","ABR983327007900","Windeinheit","SEE948492783349, SEE996261343003, SEE939079912177, SEE998279752266, SEE977176971765, SEE978440462323, SEE938825827567, SEE929173031799, SEE952795158650, SEE900753169286, SEE920047994615, SEE931156044351, SEE934021146235, SEE956142247240, SEE942220500512, SEE962659931558, SEE921632963245, SEE912200771782, SEE949064318822, SEE925785227650, SEE972680809962, SEE972234525423, SEE960924399607, SEE949750968485, SEE987445713620, SEE937997964162, SEE933331100982, SEE961457597966, SEE955473336197, SEE930396322571, SEE915239354063, SEE990438798931, SEE923984309733, SEE975427286736, SEE990389799087, SEE989944530647, SEE934203101595, SEE994734145147, SEE985339521771, SEE935354796111, SEE902199483124, SEE984774998438, SEE927541369710, SEE923228117476, SEE938844957719, SEE919814058216, SEE920717668679, SEE978981534572, SEE988070354882, SEE989346645314, SEE961140291966, SEE920784687870, SEE904780632317, SEE978537555303, SEE936732706074, SEE916199219355, SEE911422731109, SEE914627830028, SEE920079184749, SEE935070583972, SEE914407400434, SEE904377127578, SEE964351049579, SEE929837771061, SEE978021145799, SEE945265532302, SEE955823968474, SEE959825946355, SEE955563231241, SEE979599057446, SEE979845836801, SEE922297031768, SEE940450715362, SEE985423879788, SEE980016566021, SEE935707541047, SEE925105755917, SEE903744016729, SEE977107724309, SEE931786068345",80,302400,"OWP DanTysk","Windenergie auf See",0,2014,NA
"543","ABR983327007900","Windeinheit","SEE939709072042, SEE912426766197, SEE985891051792, SEE981077717933, SEE956115765467, SEE996566911969, SEE923601150373, SEE920668379976, SEE961584153271, SEE929403151624, SEE931118290727, SEE993832963325, SEE928349509537, SEE944549566767, SEE906007100487, SEE954880411961, SEE946203335894, SEE970301793522, SEE970561824639, SEE911934677261, SEE933424425633, SEE913237896387, SEE905345823836, SEE984429000592, SEE978000153050, SEE908040831984, SEE962689179401, SEE972916297617, SEE908779271471, SEE916104599336, SEE926995220691, SEE911569239667, SEE900930108824, SEE904904853499, SEE919504945901, SEE989885566446, SEE925676538254, SEE933479431993, SEE933367221002, SEE911510262478, SEE984403763314, SEE932422349088, SEE948902787585, SEE954993917022, SEE936759392847, SEE946205995522, SEE986812237004, SEE954221257586, SEE961855504658, SEE980362506061, SEE928766092780, SEE910164611656, SEE913905434354, SEE971116335839, SEE944620909827, SEE945830103432, SEE941708007277, SEE957109859421, SEE912509458612, SEE983087427321, SEE956749757418, SEE917361899931, SEE955512223747, SEE995000956481, SEE966531995904, SEE971351279097, SEE977004472259, SEE973153748870, SEE946386507484, SEE941833642428, SEE975698468749, SEE914689732759",72,302400,"OWP Sandbank","Windenergie auf See",0,2016,NA
"544","ABR927864889216","Windeinheit","SEE922228336641, SEE983594239585, SEE979757012959, SEE934543166827, SEE975422450163, SEE989349352516, SEE958752243384, SEE918085818352, SEE927914269289, SEE927854858703, SEE983040469238, SEE969726777682, SEE926159887920, SEE959675772456, SEE986139245393, SEE982745143580, SEE961938589381, SEE902662712409, SEE932274009000, SEE949652300529, SEE955833636899, SEE910215711342, SEE976232680597, SEE966066116454, SEE931355812065, SEE900845452012, SEE982894717618, SEE926569858459, SEE977120062365, SEE977760894302, SEE984021020721, SEE955300367745, SEE991881938509, SEE962183393235, SEE983670994148, SEE945921103884, SEE976675016366, SEE961559897933, SEE997054121754, SEE943920716173, SEE995944335816, SEE964130356096, SEE938038353839, SEE926790053906, SEE962630682677, SEE914559928992, SEE992290608694, SEE939069813873, SEE963332747497, SEE963851789220, SEE997676245807, SEE973453410675, SEE997422527317, SEE957606512058, SEE979039957329, SEE987722274592, SEE974629383519, SEE958323106612, SEE981191639067, SEE992399375756, SEE931219348518, SEE944495759725, SEE915470690425, SEE980402432268, SEE907156100397, SEE922819311613, SEE905806113254, SEE970299687407, SEE926577871549, SEE980481839965, SEE934223498361, SEE987843822658, SEE997785383360, SEE993359723280, SEE986038947640, SEE975401075868, SEE942654770093, SEE914501494674, SEE950703241685, SEE974000700072",80,288000,"Butendiek","Windenergie auf See",0,2015,NA
"545","ABR996162138371","Windeinheit","SEE945158457347, SEE952559513411, SEE961232711891, SEE939694408635, SEE903397400159, SEE944375225272, SEE979547351879, SEE958518443744, SEE973005857835, SEE906040612008, SEE997931702298, SEE978992262396, SEE961839154510, SEE982424635511, SEE977868254558, SEE996505680642, SEE901593196388, SEE990993208913, SEE982413596991, SEE905373051485, SEE942700031529, SEE980736061066, SEE954419921961",23,265650,"Gode Wind 3","Windenergie auf See",0,2024,NA
"546","ABR962888504653","Windeinheit","SEE922360298579, SEE961483893148, SEE912642489320, SEE902832422770, SEE906297337075, SEE937984583079, SEE983331954016, SEE995152810396, SEE952715348734, SEE913433977576, SEE958810812781, SEE911235136542, SEE973308581420, SEE979234834852, SEE999194398423, SEE950713643189, SEE961879333470, SEE996845314085, SEE962534925269, SEE993485278012, SEE921010417308, SEE945370656665, SEE964528806608, SEE978538042666, SEE916830763315, SEE971992174249, SEE930565307477, SEE909970196488, SEE936624311751, SEE905871180045, SEE947283818611, SEE966642272178, SEE991825987167, SEE955259727621, SEE984233477177, SEE947201769803, SEE992788000382, SEE995821958671, SEE977980151025, SEE916885132180, SEE954133602054, SEE983961442624",42,263088,"Gode Wind 2","Windenergie auf See",0,2016,NA
"547","ABR909178957744","Windeinheit","SEE950278633540, SEE990404902775, SEE931035064647, SEE950413682730, SEE974531659559, SEE989566447101, SEE951214676379, SEE916763843337, SEE986042544057, SEE948601818832, SEE982273236075, SEE988197122746, SEE986094496991, SEE937203907907, SEE972357780723, SEE903902723957, SEE983500503199, SEE932541037392, SEE943644422831, SEE965809642441, SEE991853680610, SEE926697747670, SEE909876557604, SEE947685855955, SEE992042487881, SEE930677040712, SEE986498997575, SEE982870006347, SEE934057316022, SEE948292214951, SEE906703462438",31,260400,"Deutsche Bucht","Windenergie auf See",0,2019,NA
"548","ABR985250964756","Windeinheit","SEE907392221870, SEE925050683501, SEE978879872601, SEE975474659644, SEE973984833912, SEE976484472155, SEE930115174122, SEE914953718595, SEE919634644811, SEE972365776404, SEE943730653286, SEE997044217061, SEE977833094349, SEE915928154257, SEE934697756301, SEE934361982159, SEE905567222776, SEE998614069721, SEE925792866934, SEE996046568683, SEE907103636511, SEE945636251016, SEE952486684628, SEE922853423150, SEE997018057495, SEE928515899813, SEE998502764349",27,257175,"Arcadis Ost I","Windenergie auf See",0,2023,NA
"549","ABR981105882510","Windeinheit","SEE959325922958, SEE922253770502, SEE990800978503, SEE966046645684, SEE975739469025, SEE911151440419, SEE974645111226, SEE951988906740, SEE907878499779, SEE931711818823, SEE904954423369, SEE950555503320, SEE942061359966, SEE988986163585, SEE984366891925, SEE916371261028, SEE990632604045, SEE944416826819, SEE966797436890, SEE931487084668, SEE976814639739, SEE999275721911, SEE958376325756, SEE959505136465, SEE923481749612, SEE956103137078, SEE936431321349, SEE913098288338, SEE914506498103, SEE952991642625, SEE962069028510, SEE925092986189, SEE947505964386, SEE937683610472, SEE983368005743, SEE955856678548, SEE960513392477, SEE970304976571, SEE984914084694, SEE923379002133, SEE960206939361, SEE975528106407, SEE955155193360, SEE965185365798, SEE929411060901, SEE907390009432, SEE912817021966, SEE910886832582, SEE979938311994, SEE995418933234, SEE964805836892, SEE982841879673, SEE916334766300, SEE966505836103, SEE903559851713, SEE970151781250, SEE981184935794, SEE931472354752, SEE909422651909, SEE911930096165, SEE932392805027, SEE952589806071, SEE948341625776, SEE915633442861, SEE978757828348",65,226210,"UM Uckermark","Windenergie an Land",0,2000,NA
"550","ABR909257607669","Windeinheit","SEE952169320249, SEE928148190929, SEE955203965598, SEE926489756811, SEE930086471695, SEE973268043396, SEE973769363061, SEE985755487286, SEE929665304516, SEE934812516407, SEE954361698188, SEE970230156375, SEE941400067531, SEE948890372688, SEE948698248963",15,225000,"NC 1","Windenergie auf See",0,2026,NA
"551","ABR985377313482","Windeinheit","SEE949884442264, SEE908466998452, SEE997887638986, SEE954911618345, SEE997882054019, SEE999386343613, SEE979340417918, SEE966991723703, SEE925477235888, SEE968154882739, SEE925314555322, SEE982868893607, SEE948878335032, SEE932174909042, SEE976628699202, SEE938233816207, SEE917175688073, SEE964413985548, SEE904319238225, SEE926575464286, SEE906698720414, SEE949743333092, SEE916539894587, SEE985325177548, SEE926921991466, SEE971189396898, SEE915542416373, SEE973142155108, SEE980122691983, SEE963523763848, SEE953325996100, SEE934227971570, SEE975238660992, SEE938745263216, SEE938177833353, SEE988676328225, SEE932838314311, SEE908775085676, SEE986448912511, SEE904554439654, SEE961434312513, SEE937817714946, SEE928588784511, SEE969473703101, SEE990408439253, SEE913576084285, SEE917621037820, SEE933364348542, SEE983494850569, SEE904899315484, SEE936388105023, SEE930828552057, SEE924512435146, SEE977568988258, SEE906511465607, SEE935908636801, SEE918691029753, SEE986968980250",58,219240,"Amrumbank-West","Windenergie auf See",0,2015,NA
"552","ABR974948708130","Windeinheit","SEE909489114751, SEE940276777155, SEE920067904519, SEE983490445202, SEE978187869560, SEE901306247260, SEE980667867249, SEE980767064449, SEE993116622139, SEE909978261294, SEE921367509527, SEE924226495412, SEE991087185691, SEE913071753952, SEE958560975736, SEE936590781978, SEE970230047574, SEE955205476146, SEE913917890025, SEE966454583875, SEE986340054333, SEE965081812266, SEE951103073265, SEE996481626290, SEE935434673271, SEE917818672179, SEE937229989208, SEE905841992111, SEE935020777222, SEE912215980049, SEE960819368350, SEE993245410829, SEE967704434183, SEE919003149534, SEE937163832516, SEE935288360457, SEE985452987782, SEE999016239392, SEE988820659700, SEE902246462188, SEE926583819375",41,212680,"NF Neuenfeld","Windenergie an Land",0,2000,NA
"553","ABR936831376390","Windeinheit","SEE951396897678, SEE956019505732, SEE903201409002, SEE969979140837, SEE951484405075, SEE983334180580, SEE927937326730, SEE993968284233, SEE930697001700, SEE997331535090, SEE920177105547, SEE913654758633, SEE985558580962, SEE992162138717, SEE921054682755, SEE991188060453, SEE953449671655, SEE990707270540, SEE972350958020, SEE990077575153, SEE988789397309, SEE931696628301, SEE923625933563, SEE967116798019, SEE963096105533, SEE979741621990, SEE960012982162, SEE908656491381, SEE984359586340, SEE900846041222, SEE941110773418, SEE976402505279",32,202560,"Trianel Windpark Borkum, Bauphase 2","Windenergie auf See",0,2019,NA
"554","ABR999047538587","Windeinheit","SEE959155196529, SEE943111140510, SEE953136628245, SEE975320044594, SEE924663717436, SEE927320115712, SEE902265028693, SEE959999772286, SEE954225937842, SEE902596963786, SEE941080794529, SEE983115595657, SEE991647612681, SEE941072313035, SEE904972063707, SEE932992334651, SEE976514197300, SEE918600884770, SEE932510028031, SEE995536137828, SEE942254179722, SEE956636546699, SEE928509219511, SEE992508192786, SEE997019166226, SEE906356864764, SEE978771705311, SEE915852199287, SEE929751352261, SEE937143404634, SEE951000432561, SEE933150931781, SEE919549783209, SEE992076684362, SEE960946826587, SEE920663361921, SEE948515376688, SEE922565422236, SEE945822931456, SEE907880324656",40,2e+05,"Trianel Windpark Borkum","Windenergie auf See",0,2015,NA
"555","ABR987772819477","Windeinheit","SEE945301855204, SEE980555115391, SEE980775611239, SEE905422531968, SEE996178529286, SEE916423224834, SEE923592565248, SEE938666618478, SEE962024007567, SEE912899770127, SEE985281111839, SEE923792812098, SEE901627792517, SEE905820063931, SEE952186950535, SEE948938651713, SEE903487633054, SEE961822129167, SEE936005013373, SEE920111292326, SEE946648345892, SEE963692227226, SEE992093321240, SEE991307952812, SEE905594851833, SEE999188402105, SEE998983556730, SEE915224751686, SEE930534812209, SEE944507167494, SEE994305810368, SEE942893681884, SEE976128789410, SEE987532242224, SEE943912753766, SEE988104432128, SEE978477927277, SEE988502985745, SEE953038209801, SEE930517159864, SEE913742283078, SEE944724645713, SEE928933474654, SEE903816028506, SEE901575987799, SEE983671015316, SEE937420017700, SEE944093266779, SEE995521274637, SEE946094646857, SEE944723618084, SEE987223787034, SEE953543547030, SEE938111988613, SEE926155319906, SEE958011873192",56,198850,"Bürgerwindpark Reußenköge GmbH ＆ Co. KG","Windenergie an Land",0,2009,NA
"556","ABR920444877221","Windeinheit","SEE908820152841, SEE960277898420, SEE981675133074, SEE971489506195, SEE916813412179, SEE915583823963, SEE962384062213, SEE991890606314, SEE936524494554, SEE910412513978, SEE961463512700, SEE961756603832, SEE984879710737, SEE902822474062, SEE945807362688, SEE980429634652, SEE992621554379, SEE960464464155, SEE926525433058, SEE901032868852, SEE972549030391, SEE955710498190",22,149600,"Windpark Rambeel III","Windenergie an Land",0,2029,NA
"557","ABR907446662246","Windeinheit","SEE951973535115, SEE960240224478, SEE927715842070, SEE980665749516, SEE986836749262, SEE948179289171, SEE905549599056, SEE936114553166, SEE984357625546, SEE991793212667, SEE968525756911, SEE906289980678, SEE924512273397, SEE990830254998, SEE949566330223, SEE940825982023, SEE960890844446, SEE953575278629, SEE904137745509, SEE975977679309, SEE977886436165, SEE912791244283, SEE993630063968, SEE936409606911",24,147600,"OWP Nordsee Ost 1","Windenergie auf See",0,2015,NA
"558","ABR907446662246","Windeinheit","SEE932901084530, SEE905539108459, SEE942041232593, SEE926657270965, SEE958718467632, SEE938419714914, SEE949947257958, SEE913448883541, SEE939661107561, SEE942964691439, SEE986764077123, SEE903471616704, SEE908448866397, SEE971267737698, SEE999006798106, SEE970937621794, SEE931776504228, SEE928636038078, SEE913286413726, SEE992820250911, SEE942696040062, SEE954607483172, SEE981251588847, SEE942925665820",24,147600,"OWP Nordsee Ost 2","Windenergie auf See",0,2014,NA
"559","ABR929183377122","Windeinheit","SEE962923008573, SEE924385935002, SEE937280152054, SEE970872342174, SEE908884169120, SEE954256989599, SEE937020089282, SEE954083046427, SEE915508844660, SEE928759835295, SEE927927253671, SEE964860079111, SEE932729918253, SEE989102757671, SEE973439849475, SEE971698213297, SEE926298991779, SEE923242622307, SEE988844043998, SEE913735235749, SEE929493702638, SEE981189690797, SEE921049569771, SEE983318833952",24,143000,"Bothenheilingen","Windenergie an Land",0,2026,NA
"560","ABR961422607768","Windeinheit","SEE964655965162, SEE935478135254, SEE981824375621, SEE919228812787, SEE947126787968, SEE911746186418, SEE984667791436, SEE911764060783, SEE989802176147, SEE960399625881, SEE977476709389, SEE987831483236, SEE971086030840, SEE922434666853, SEE923946796670, SEE971965530126, SEE990787011231, SEE936879682361, SEE991658677341, SEE904791658221",20,140000,"Windpark Papenburg","Windenergie an Land",0,2026,NA
"561","ABR972806926047","Windeinheit","SEE996333542853, SEE924640092303, SEE972915764783, SEE976277874418, SEE992836445240, SEE929931337019, SEE966252790536, SEE941389618694, SEE922527440148, SEE934833195407, SEE911015893696, SEE921186845370, SEE968001701411, SEE951139979005, SEE906199044798, SEE984372708835, SEE971108642105, SEE992919116111, SEE964906352925",19,136800,"Paulsgrund","Windenergie an Land",0,2026,NA
"562","ABR923828951203","Windeinheit","SEE982987868524, SEE993432901703, SEE957944888679, SEE959608583838, SEE916798118325, SEE921541176187, SEE989761410559, SEE931283169187, SEE981812329162, SEE923042600017, SEE994116453761, SEE980106712604, SEE902518737396, SEE953261560236, SEE932062991357, SEE921702373431, SEE982504976718, SEE918075097378, SEE935977230276",19,133000,"WP Altenmarhorst","Windenergie an Land",0,2027,NA
"563","ABR992331285471","Windeinheit","SEE908445218465, SEE955496474869, SEE901772935616, SEE964462078475, SEE924186356143, SEE960943330063, SEE941517625389, SEE964842427046, SEE981246440105, SEE900919146298, SEE997359144397, SEE917023513038, SEE936804089180, SEE936815042372, SEE921747311832, SEE994027506310, SEE939474160869, SEE928159040497",18,126000,"Eifel-Windpark Duppacher Rücken","Windenergie an Land",0,2029,NA
"564","ABR974917480142","Windeinheit","SEE911157653103, SEE984640260515, SEE998192629355, SEE979349748396, SEE989338141107, SEE977010162816, SEE980059417564, SEE942651796843, SEE912218206955, SEE994963485779, SEE998725249357, SEE930263830826, SEE973831334029, SEE996686011815, SEE956089739464, SEE993634655145, SEE953761382277, SEE968717912903, SEE983974648501, SEE954824883397, SEE965731578726, SEE976876100581, SEE945774631916, SEE916218808621, SEE966813685134, SEE964075982084, SEE909518104517, SEE956289848010, SEE920008497414, SEE981018008359, SEE978251474720, SEE983097880673, SEE918771027549, SEE916373557150",34,124350,"Großvargula","Windenergie an Land",0,2001,NA
"565","ABR989612936504","Windeinheit","SEE957421318194, SEE923563825203, SEE901956272421, SEE928924871509, SEE965571314386, SEE927482200776, SEE938213172774, SEE933795857118, SEE939903534513, SEE901500445653, SEE971295126075, SEE993814875363, SEE978120086788, SEE913295361827, SEE903387225281, SEE925803969654, SEE902094223672, SEE917862706011, SEE916951803501, SEE957084836165, SEE941109153207, SEE908514922866, SEE965477809702, SEE967628204220, SEE962269881199, SEE967583872656, SEE955544739650, SEE915845396419, SEE980399682837, SEE924669486718",30,121700,"NR Nadrensee","Windenergie an Land",0,2005,NA
"566","ABR939389508961","Windeinheit","SEE967376733867, SEE911886075610, SEE999042729010, SEE960411820539, SEE931740866543, SEE914682403106, SEE920799135205, SEE920212081836, SEE988302069096, SEE983839750233, SEE917720567112, SEE921826373010, SEE929612245206, SEE965135145500, SEE971328862680, SEE989395334795, SEE932836989306, SEE980922455815, SEE960179933533, SEE974374628101, SEE992375450996, SEE907857669643, SEE995806719013, SEE944133275365, SEE973728384113, SEE921436279252, SEE969774491233, SEE995843604259, SEE966744203704, SEE940154272956, SEE967283087596, SEE997688160075, SEE970030373590, SEE924910324431, SEE961212532812, SEE970628300182, SEE987788714292, SEE908575892603",38,120525,"SD Schönfeld","Windenergie an Land",0,2009,NA
"567","ABR925713561566","Windeinheit","SEE962381380969, SEE941282881904, SEE915701506242, SEE918203989148, SEE965795932397, SEE934202317461, SEE908351755900, SEE953487472566, SEE905094974759, SEE981010356434, SEE981507859653, SEE974446241122, SEE908092659710, SEE902021854368, SEE965450819667, SEE930918513548, SEE949539856040, SEE946915242695, SEE910865904873",19,120040,"Bürgerwind Steigerwald","Windenergie an Land",0,2027,NA
"568","ABR947665555103","Windeinheit","SEE967353972869, SEE949061095566, SEE951537586195, SEE913519997146, SEE945830868874, SEE966543373813, SEE919563676006, SEE954300544224, SEE952373930746, SEE951153317609, SEE913881440158, SEE930678359288, SEE943373415289, SEE990358963617, SEE930217805160, SEE913040763876, SEE935756573259",17,119000,"Söllingen","Windenergie an Land",0,2026,NA
"569","ABR974759053146","Windeinheit","SEE928470628633, SEE907715223567, SEE964144017969, SEE901911283783, SEE993784296663, SEE996380241143, SEE962485417738, SEE969553090589, SEE990274777718, SEE911890240424, SEE969615217688, SEE978354141505, SEE908530123957, SEE937993600941, SEE918618787605, SEE940851964468, SEE901984113123",17,119000,"Windpark Fehndorf/Lindloh Erweiterung","Windenergie an Land",0,2027,NA
"570","ABR900676089272","Windeinheit","SEE901637562902, SEE977334042566, SEE993156172311, SEE926222380914, SEE978852659670, SEE978005102572, SEE977491227516, SEE916310846583, SEE937615066711, SEE900487563596, SEE986814109668, SEE925683740176, SEE984710497643, SEE923574136404, SEE987497625377, SEE902140138936, SEE989748586833, SEE931585333286",18,117950,"Dirmstein","Windenergie an Land",0,2016,NA
"571","ABR973985157949","Windeinheit","SEE976478301706, SEE911322824406, SEE909935825958, SEE937180972448, SEE921412051575, SEE926379994620, SEE966456054229, SEE931508663254, SEE938373149654, SEE937759148731, SEE909956112631, SEE997452194411, SEE967410518566, SEE957404110654, SEE999026403028, SEE909713558351",16,117600,"Windpark Albatros","Windenergie auf See",0,2020,NA
"572","ABR987772819477","Windeinheit","SEE971409772136, SEE963605671146, SEE919200524608, SEE942076762768, SEE980381965412, SEE940527116221, SEE939647875743, SEE948764804932, SEE945590650443, SEE958731763537, SEE929932522865, SEE913689012830, SEE954995720460, SEE977500265898, SEE939046194155, SEE935888586868, SEE914124828986, SEE984017422584, SEE961439200075, SEE913424479201, SEE959623923497, SEE911935173762, SEE915133924768, SEE928268115208, SEE958004985888, SEE984531411125, SEE933367752605, SEE905323733645, SEE915697009680, SEE984919659149, SEE983000365723, SEE942373624875, SEE981040939706, SEE974629438530",34,117300,"Bürgerwindpark Reußenköge","Windenergie an Land",0,2016,NA
"573","ABR967941403454","Windeinheit","SEE962093369788, SEE935233884472, SEE931186061601, SEE983595265712, SEE916263590823, SEE951381472798, SEE948721387638, SEE950892466586, SEE927965444420, SEE916758494742, SEE913338337703, SEE987516360340, SEE901966188057, SEE968614525824, SEE985530610779, SEE949061822735, SEE917429773890, SEE928768397906, SEE934017348780",19,113800,"Windpark Ahlum-Dettum","Windenergie an Land",0,2025,NA
"574","ABR926944331553","Windeinheit","SEE986663552097, SEE907825985522, SEE918216364710, SEE941771245378, SEE939957507006, SEE985730541446, SEE984851724172, SEE959633013072, SEE925015812748, SEE952406906649, SEE953518902390, SEE925658094273, SEE972910533070, SEE991846274383, SEE918321106120, SEE947084206341, SEE943290059993, SEE999869615442, SEE943277191180, SEE957925285947, SEE994730748366, SEE980307194537, SEE947476029176, SEE973199906937, SEE985119252055, SEE927747322687, SEE980214789314, SEE901867043707, SEE952462049779, SEE983343645087",30,113400,"RIFFGAT","Windenergie auf See",0,2014,NA
"575","ABR984661186108","Windeinheit","SEE920310870219, SEE919652427731, SEE939846228395, SEE976291194325, SEE904871583498, SEE979890473587, SEE973991066358, SEE935484937064, SEE995310839443, SEE972090151774, SEE980618839622, SEE966392388907, SEE998843708200, SEE993048716296, SEE948295188129, SEE955570241080, SEE917221815392, SEE940320975605, SEE950225904716, SEE963856422139, SEE903805328921, SEE964010447005, SEE992172197988, SEE910713655834, SEE922603812951, SEE908415853252, SEE933110002643, SEE928648893351, SEE915442831405, SEE990305538509, SEE937949529036, SEE980700228020, SEE922243538983, SEE993689830009",34,112200,"Windpark Hüselitz","Windenergie an Land",0,2015,NA
"576","ABR999053273441","Windeinheit","SEE933702471444, SEE952614704426, SEE936042022574, SEE970037358262, SEE955548975719, SEE965042507187, SEE982942216728, SEE951756107133, SEE959769343111, SEE922912967144, SEE984271824766, SEE982928023067, SEE917121806544, SEE932938115078, SEE968700501473, SEE913812904537, SEE992611719054, SEE956901092579",18,110700,"OWP Nordergründe","Windenergie auf See",0,2017,NA
"577","ABR996359690675","Windeinheit","SEE972436707979, SEE990076504116, SEE956823962905, SEE979147026436, SEE905281952171, SEE963126642274, SEE965395761564, SEE979789383065, SEE991587977680, SEE991358169436, SEE914404623225, SEE983970889205, SEE999696832906, SEE942382723460, SEE935377277895, SEE950158813239",16,109260,"Bürgerwindpark Energiewerk Jura","Windenergie an Land",0,2028,NA
"578","ABR987569224750","Windeinheit","SEE919323670619, SEE940870112529, SEE963575904640, SEE968328067368, SEE971351085551, SEE961190647898, SEE997977462859, SEE948812296214, SEE963937530036, SEE920007650674, SEE909768416286, SEE914090005862, SEE979730760020, SEE962161869271, SEE993657904916, SEE947682296454, SEE984005681597",17,108200,"Windpark Günstedt","Windenergie an Land",0,2025,NA
"579","ABR903991767658","Windeinheit","SEE928493540806, SEE980002671784, SEE929587219554, SEE912252827093, SEE979291815917, SEE977323229060, SEE997198845530, SEE959782368078, SEE978184384974, SEE965854078721, SEE909417266798, SEE972943050582, SEE996582132454, SEE919615154629, SEE938421090761, SEE944599970217, SEE993415826207, SEE985898386200, SEE979955065719, SEE957987437704, SEE910040688604",21,106900,"Vogelsberg","Windenergie an Land",0,2017,NA
"580","ABR985350677570","Windeinheit","SEE955053111152, SEE932903372116, SEE904658054647, SEE937737423836, SEE950468403601, SEE938965837150, SEE982335415417, SEE999078486185, SEE969204284657, SEE972965080871, SEE997603060602, SEE992816668850, SEE952669720044, SEE954462943873, SEE995072680475, SEE955621089999",16,106800,"Windpark Hollich GmbH ＆ Co. KG","Windenergie an Land",0,2027,NA
"581","ABR949460181082","Windeinheit","SEE901844684787, SEE961839372495, SEE919856170129, SEE915871506905, SEE957503164602, SEE954354681678, SEE917951222804, SEE971400470901, SEE975168831103, SEE992728835807, SEE957837213748, SEE993330909443, SEE900855710225, SEE918954024983, SEE940093933758, SEE924721709793, SEE996566092774, SEE960886164985",18,105820,"Haaren Leiberg Repower","Windenergie an Land",0,2028,NA
"582","ABR906778222678","Windeinheit","SEE918483605691, SEE977562265850, SEE983274605754, SEE923042785776, SEE975175222901, SEE964344142010, SEE938532880909, SEE957036932259, SEE940048943788, SEE926820079692, SEE981723632429, SEE988793921965, SEE990841347214, SEE962045024680, SEE950329362610, SEE979297649639",16,105600,"WP Elster Repowering","Windenergie an Land",0,2025,NA
"583","ABR981708593165","Windeinheit","SEE969778324131, SEE955486657081, SEE901374916105, SEE930248816456, SEE933386805054, SEE931643206286, SEE980613604997, SEE972203692316, SEE969731678516, SEE912141521934, SEE959907822942, SEE909546113376, SEE967794642314, SEE999290254241, SEE958115353712, SEE982084974326, SEE909289020986",17,105400,"WP Forst-Briesnig II","Windenergie an Land",0,2025,NA
"584","ABR938047003619","Windeinheit","SEE940249466291, SEE970315284016, SEE919457409758, SEE982376459951, SEE906716060126, SEE915296690166, SEE915570466746, SEE907172420394, SEE965964045187, SEE902122537474, SEE985175483509, SEE996284989066, SEE978005041963, SEE993838100038, SEE952453112543",15,105000,"CPC Windpark Rennsteig","Windenergie an Land",0,2027,NA
"585","ABR968610082079","Windeinheit","SEE959145521348, SEE977529254149, SEE981615325552, SEE979048720655, SEE985699575049, SEE967413149125, SEE978384122604, SEE992525751867, SEE984043520759, SEE950963340715, SEE916412547609, SEE934205221093, SEE909626983080, SEE907576239707, SEE967393755514",15,105000,"Hollerath","Windenergie an Land",0,2027,NA
"586","ABR903605495267","Windeinheit","SEE901547642503, SEE917735806237, SEE942946525745, SEE923622362809, SEE995766072623, SEE903064074430, SEE904016890627, SEE991420379886, SEE903628216887, SEE977949633388, SEE950134991487, SEE960301752940, SEE909331992230, SEE968946193555, SEE968248427013, SEE904269654298, SEE919030790914, SEE909273205436, SEE934013617637, SEE902751945800, SEE972829818213, SEE970115343227, SEE910371506912, SEE920422155051, SEE970897103224, SEE905776271756, SEE987228660011, SEE982837012350, SEE948677878952, SEE941976055925, SEE909364102828, SEE924834771557, SEE985040056579, SEE934040932260, SEE992685661204, SEE993474739128, SEE937033769782, SEE979983345791, SEE919151606859, SEE954992169248, SEE931641519340, SEE958196383028, SEE929253665333, SEE941289910874, SEE913178535635",45,104500,"Windpark Dubener Platte","Windenergie an Land",0,2002,NA
"587","ABR965170021524","Windeinheit","SEE962222591547, SEE965863235252, SEE980981879751, SEE912904734441, SEE916093044855, SEE937760936167, SEE947990311597, SEE917581974159, SEE988867135083, SEE930368459298, SEE933509416372, SEE958303261867, SEE976673120829, SEE975258562801, SEE910189383224, SEE915022862768, SEE977901453092, SEE990176753018",18,100800,"Windpark Reinhardswald","Windenergie an Land",0,2026,NA
"588","ABR922593578066","Windeinheit","SEE911631104077, SEE992426437846, SEE985480773562, SEE924882739653, SEE945731857588, SEE990675865366, SEE924333283841, SEE932397106624, SEE978411520816, SEE969690895122, SEE912930004594, SEE932083243558, SEE915919885269, SEE916016864737, SEE991228994335, SEE924439766781, SEE928848237337, SEE912613968021, SEE931634561394, SEE944122217727, SEE961678338249, SEE912697356844, SEE933307998933, SEE908625465030, SEE960715728128, SEE989866053804, SEE905803665398, SEE966841061207, SEE969080132356, SEE912470432109, SEE986646392085, SEE954243594850, SEE934702844597, SEE945920342062, SEE904617465125, SEE979932106527, SEE980939615332, SEE956999653034, SEE953446444566, SEE935934368141, SEE933738773529, SEE996219076571, SEE916504290321, SEE919480172278",44,99950,"BWP Veer Dörper","Windenergie an Land",0,2014,NA
"589","ABR914454881460","Windeinheit","SEE900952995075, SEE982939609151, SEE978543234568, SEE979435031425, SEE924910641941, SEE906052774244, SEE988668706093, SEE983156164348, SEE982189674992, SEE983714605375, SEE950293182870, SEE900979576431, SEE948197857802, SEE993578110403",14,98000,"Engelbertswald","Windenergie an Land",0,2029,NA
"590","ABR907644157957","Windeinheit","SEE978903014670, SEE981576839969, SEE954058840975, SEE975845783039, SEE944588523776, SEE926529540721, SEE950062780023, SEE919944371155, SEE971649702740, SEE926446688070, SEE953061114110, SEE923530099279, SEE992383421506, SEE913891145753, SEE931014337861, SEE996699081799, SEE976381482707, SEE930915894732, SEE955457070765, SEE947164524358, SEE908477321409, SEE921663570047, SEE919528363200, SEE984724012221, SEE976085989038, SEE938111005884",26,97800,"Deinste-Helmste Wind GmbH ＆ Co. KG","Windenergie an Land",0,2003,NA
"591","ABR994985777012","Windeinheit","SEE933968126171, SEE985553829622, SEE915079111062, SEE923089776072, SEE900558042289, SEE972389860882, SEE915436468112, SEE956865060126, SEE999094383369, SEE958562030648, SEE947534436625, SEE983441189179, SEE941834521111, SEE979154635997, SEE906592047723, SEE927805364246",16,96000,"Borgentreich Süd","Windenergie an Land",0,2026,NA
"592","ABR939917736286","Windeinheit","SEE994400589190, SEE983618247596, SEE906379861047, SEE991782946146, SEE935658230519, SEE980504715672, SEE964010812421, SEE973468322598, SEE928277592595, SEE950731975750, SEE933081315223, SEE940289086244, SEE982819399202, SEE936411533144, SEE910495494881",15,93000,"WP Breunsdorf","Windenergie an Land",0,2026,NA
"593","ABR992028030162","Windeinheit","SEE914621410868, SEE911659478617, SEE981072406924, SEE913423936378, SEE975724019068, SEE992808855084, SEE948238694151, SEE979423686064, SEE925442069883, SEE942642014147, SEE933280224739, SEE917126436708, SEE917418117414, SEE971186987150, SEE999215729946, SEE964105414226, SEE928935069186",17,91920,"WP Süstedt","Windenergie an Land",0,2023,NA
"594","ABR998862099334","Windeinheit","SEE994660715827, SEE912697271307, SEE972625527548, SEE968179472106, SEE901827905960, SEE937738433087, SEE999527887525, SEE913750910973, SEE969382134195, SEE968397151593, SEE948201705976, SEE955847258117, SEE905842178620",13,91000,"Heydenhof","Windenergie an Land",0,2029,NA
"595","ABR989005864087","Windeinheit","SEE959515534534, SEE912214300961, SEE958810488979, SEE914204240790, SEE998876740956, SEE982863733090, SEE933262139440, SEE919912930698, SEE903404139874, SEE944176469325, SEE982691140541, SEE928176921175, SEE969250867286",13,91000,"Kutenholz Repowering","Windenergie an Land",0,2026,NA
"596","ABR938914817486","Windeinheit","SEE968796931451, SEE987879268604, SEE909646504302, SEE931320565200, SEE927898740927, SEE955774817371, SEE969527234735, SEE970308949052, SEE985046872029, SEE931230328049, SEE974463276114, SEE928440590182, SEE978092683718",13,91000,"Packendorfer Teich","Windenergie an Land",0,2026,NA
"597","ABR944813914805","Windeinheit","SEE951635272877, SEE983589009384, SEE998220093998, SEE969114003874, SEE989530580070, SEE912922789966, SEE930777570119, SEE978791377000, SEE959924114037, SEE923256709704, SEE917196592908, SEE994183352479, SEE941624291378",13,91000,"Schönermark-Passow","Windenergie an Land",0,2027,NA
"598","ABR978362962598","Windeinheit","SEE981643150249, SEE982128088194, SEE970786769715, SEE902714608803, SEE925924136201, SEE961438690419, SEE923730214304, SEE992378559108, SEE911269885386, SEE989222405865, SEE917418433040, SEE930899308942, SEE937750777961",13,91000,"Windpark Fretzdorfer Heide","Windenergie an Land",0,2027,NA
"599","ABR917028403181","Windeinheit","SEE984499389757, SEE969019472966, SEE933638917382, SEE989020109354, SEE963276083576, SEE977017295791, SEE929758297572, SEE933677679333, SEE932220928492, SEE994459307530, SEE914965445540, SEE931352771952, SEE919430742544, SEE954392725945, SEE963219890896, SEE986897039296, SEE939178521553, SEE923994285157, SEE974295416399, SEE958382998180, SEE983502135800, SEE977115831587, SEE913963571831, SEE908100931395, SEE977950279148, SEE939144722915, SEE929472486726",27,89100,"WP Schipkau-Nord","Windenergie an Land",0,2015,NA
"600","ABR927397646904","Windeinheit","SEE998916145505, SEE942985869411, SEE911305970823, SEE980903839986, SEE981829848298, SEE958958217455, SEE970514640279, SEE957718786583, SEE924489112224, SEE962872180375, SEE992155814512, SEE944113517188, SEE983966876653",13,88900,"Sundern","Windenergie an Land",0,2026,NA
"601","ABR929025524615","Windeinheit","SEE935796581795, SEE989547077402, SEE979892327901, SEE901597290426, SEE993872898359, SEE904951875802, SEE924749277908, SEE946312445644, SEE911545335536, SEE982480916074, SEE947917906936, SEE965764184017, SEE918726521801",13,88400,"Altmark I","Windenergie an Land",0,2027,NA
"602","ABR968015128969","Windeinheit","SEE934670196575, SEE908604847741, SEE965782305708, SEE901013565947, SEE978775374117, SEE974668328212, SEE972117308754, SEE997819596339, SEE954452189878, SEE934560356782, SEE920315892377, SEE958482224967, SEE939810875686, SEE915876050731, SEE982969549113, SEE921081433603, SEE906708215886, SEE942284001048, SEE979318989355, SEE928569409730, SEE911196204793, SEE915108355559, SEE902994636060, SEE999036558848, SEE904595601249, SEE903524877588, SEE902267208284, SEE998192881609, SEE962316687644, SEE913310324257, SEE969761748470, SEE919041478917, SEE973886083941, SEE914381997982, SEE955735233332, SEE902778554030",36,86800,"Windpark Kirchberg","Windenergie an Land",0,2002,NA
"603","ABR916341626154","Windeinheit","SEE922912793552, SEE927430372807, SEE975291138988, SEE945620344076, SEE978972390866, SEE976071838036, SEE916935280397, SEE925320664391, SEE953422376737, SEE978988902770, SEE974923734932, SEE914146266919, SEE932677566247, SEE974145623786, SEE959840610118, SEE929325442831, SEE950654817496, SEE911614179665, SEE912174805131, SEE946347226669, SEE949387411484, SEE931520814337, SEE978777311226, SEE945142647211, SEE975370014301, SEE941703336150, SEE940462094134, SEE990436792580, SEE937955807838, SEE909696075647, SEE991417220450, SEE985561341505, SEE956814255634, SEE950749144810, SEE999916677096, SEE988010729817, SEE946322272308, SEE997837532784, SEE959948130686, SEE967644593209, SEE966351367554",41,86750,"Drohndorf","Windenergie an Land",0,1998,NA
"604","ABR940166817572","Windeinheit","SEE961928167025, SEE985146445369, SEE946498896544, SEE955577056595, SEE904520280891, SEE935441205731, SEE902025578659, SEE934329697040, SEE946184018977, SEE906568780401, SEE908833323412, SEE916481332236",12,86400,"WP Fischborn","Windenergie an Land",0,2027,NA
"605","ABR977525472530","Windeinheit","SEE932982866452, SEE924231327777, SEE955570592472, SEE958211512150, SEE981114019150, SEE964341050882, SEE939628219894, SEE901076063961, SEE919620312502, SEE914785159320, SEE929204533919, SEE982737509295",12,86400,"WP Überhäsiges Viertel","Windenergie an Land",0,2028,NA
"606","ABR973668689156","Windeinheit","SEE950994096964, SEE972469592252, SEE945041807167, SEE936356836294, SEE918781781769, SEE993175671017, SEE901791560592, SEE928937296962, SEE914124358711, SEE980048448333, SEE964121866221, SEE904945148462",12,86400,"Zörbig I","Windenergie an Land",0,2028,NA
"607","ABR958389392783","Windeinheit","SEE922457607055, SEE951838658911, SEE914370061502, SEE927896449402, SEE991558104633, SEE922976351545, SEE979884048487, SEE979878063212, SEE924600819216, SEE937420114430, SEE994750228336, SEE939389536018, SEE973074301017, SEE900203596266, SEE982414084862",15,86280,"WP Lügde","Windenergie an Land",0,2025,NA
"608","ABR933767602791","Windeinheit","SEE945315218859, SEE934496244849, SEE948003492906, SEE997431673401, SEE912075136228, SEE941080434258, SEE993514776687, SEE941170220686, SEE904247672214, SEE929892979242, SEE964523147614, SEE916573745982, SEE957554895142, SEE904131972017, SEE995366114815, SEE939655417539, SEE910416224948, SEE944768166502, SEE981621691344, SEE971213770717",20,85200,"Wessin","Windenergie an Land",0,2026,NA
"609","ABR946607685267","Windeinheit","SEE984906884424, SEE943589694331, SEE982446198407, SEE909101737986, SEE999004960284, SEE952442230463, SEE920693796069, SEE966960940094, SEE982093143270, SEE947954352581, SEE944247715078, SEE909634982761",12,84000,"Hassmoor Erweiterung","Windenergie an Land",0,2027,NA
"610","ABR998862099334","Windeinheit","SEE972656262951, SEE922173099462, SEE952641800214, SEE970890358836, SEE992309979579, SEE918987714622, SEE948229458878, SEE989213623216, SEE950734769837, SEE988448242384, SEE917100672078, SEE906905926639",12,84000,"Neu Plötz","Windenergie an Land",0,2027,NA
"611","ABR925036913639","Windeinheit","SEE975979697561, SEE951265789257, SEE969064456348, SEE975089892337, SEE944445221463, SEE989115102239, SEE975950596326, SEE950880575702, SEE907349454887, SEE994104271278, SEE967036007413, SEE908514028575",12,84000,"Watzerath I","Windenergie an Land",0,2028,NA
"612","ABR985377313482","Windeinheit","SEE985999835621, SEE979651709054, SEE988070789455, SEE960190760606, SEE921134814670, SEE945134018067, SEE940809844309, SEE945379510845, SEE931893245073, SEE914889566932, SEE935269305057, SEE984708762524, SEE987430775312, SEE960131899624, SEE932562144536, SEE988636497152, SEE937953033062, SEE934900424751, SEE987784944143, SEE921139324525, SEE949374904654, SEE990740316663",22,83160,"Amrumbank West","Windenergie auf See",0,2015,NA
"613","ABR901858714869","Windeinheit","SEE996116722267, SEE933933860918, SEE916590880093, SEE936564077359, SEE990581264833, SEE936713582765, SEE928765600726, SEE902196450372, SEE942683093316, SEE947162291672, SEE905812540075, SEE944230962618",12,82000,"Bahrendorf III","Windenergie an Land",0,2028,NA
"614","ABR923045176878","Windeinheit","SEE945530648554, SEE966492668695, SEE956987342537, SEE974110251099, SEE923781264440, SEE963967374440, SEE923915921898, SEE901544695083, SEE919285310028, SEE983111564473, SEE942490703323, SEE904958333176",12,81600,"Windpark Dringenberg Gehrden Fölsen","Windenergie an Land",0,2026,NA
"615","ABR987283567195","Windeinheit","SEE993138610213, SEE943272054237, SEE949750470766, SEE944471994652, SEE968051513576, SEE931473630770, SEE932087617096, SEE987448319966, SEE944646978814, SEE920579454021, SEE952561429816",11,79200,"Großenhain Nord","Windenergie an Land",0,2029,NA
"616","ABR921508849307","Windeinheit","SEE986909814194, SEE907366631070, SEE991267540364, SEE973244002072, SEE917745524169, SEE978689611001, SEE909588332360, SEE978324739800, SEE935314297733, SEE903845430639, SEE934721067687",11,79200,"Klein Henstedter Heide","Windenergie an Land",0,2028,NA
"617","ABR990502255544","Windeinheit","SEE913067058894, SEE926284261367, SEE952915369614, SEE965859328098, SEE949962907050, SEE981823148479, SEE983692012264, SEE912590706098, SEE909692296626, SEE999900984421, SEE941887285725, SEE900410197669",12,79200,"WP Hanstedt II (Repowering)","Windenergie an Land",0,2026,NA
"618","ABR958030053216","Windeinheit","SEE985447348963, SEE937847283627, SEE947800589321, SEE942166767673, SEE960042009419, SEE942510365647, SEE956898537398, SEE908734657975, SEE979773147550, SEE980689461470, SEE928654316424",11,79200,"Windpark Haberloh","Windenergie an Land",0,2027,NA
"619","ABR949777429099","Windeinheit","SEE999010941680, SEE906282676394, SEE903297060699, SEE986686369641, SEE964817639450, SEE965713739374, SEE913960833383, SEE977061564416, SEE944261558187, SEE963444949147, SEE960524995131, SEE945088016287, SEE901437294898, SEE905588754782, SEE905589674645, SEE996407490141, SEE964921360813",17,78900,"Windpark Mammoor","Windenergie an Land",0,2010,NA
"620","ABR985541693679","Windeinheit","SEE919347720888, SEE907542411632, SEE916646626958, SEE961808519456, SEE948918773237, SEE902121508079, SEE926535997441, SEE942684751505, SEE968833836558, SEE922469564100, SEE951232921819, SEE969315060966, SEE918219572464, SEE902115479163, SEE978065337471, SEE939470876412, SEE987987364755, SEE947363368852, SEE927727393904, SEE946818829795, SEE990270857087, SEE942992640003, SEE962796547292",23,78500,"Bürgerwindpark Bordelum III GmbH ＆ Co. KG","Windenergie an Land",0,2013,NA
"621","ABR979914885365","Windeinheit","SEE955588378648, SEE908970223583, SEE978924807671, SEE987936619561, SEE917911002217, SEE999984304269, SEE948965782824, SEE915033448401, SEE915800192629, SEE928097818127, SEE976902387993, SEE984731451310, SEE995345169515",13,78400,"Windpark Lensahner Berg","Windenergie an Land",0,2023,NA
"622","ABR923486274461","Windeinheit","SEE984598843358, SEE992949818542, SEE908547515219, SEE938361456498, SEE917299544491, SEE974460170606, SEE920047057525, SEE904724522780, SEE909298730937, SEE919993549376, SEE907848048389, SEE954689666203, SEE982333320089, SEE941113505788",14,78220,"Windpark Buke","Windenergie an Land",0,2021,NA
"623","ABR942192583131","Windeinheit","SEE964333690195, SEE966819211986, SEE917365690398, SEE994839659235, SEE958560248298, SEE966976155376, SEE980628773107, SEE932552461438, SEE953302285524, SEE981853945482, SEE945095191885",11,78200,"Molau Repowering","Windenergie an Land",0,2027,NA
"624","ABR917568990011","Windeinheit","SEE974614431027, SEE927258373901, SEE919283827375, SEE979127959679, SEE982680508222, SEE949322165120, SEE940718422728, SEE991584641546, SEE996820299017, SEE965898237368, SEE977669190659, SEE963563743749, SEE936628327505, SEE935839884081, SEE980834297824, SEE937585708901, SEE945113340691, SEE990016543526, SEE930026821801, SEE937160333696, SEE957002628209, SEE907539631708, SEE975295187340, SEE957769201899, SEE997082467824, SEE975682839593, SEE961051887104, SEE972440459352, SEE924232370710, SEE952638432954, SEE938560996405, SEE956122885189, SEE900160391157, SEE916894487806, SEE940523674176, SEE974081455595, SEE932888349974, SEE970719145043, SEE952315311596, SEE936278949171, SEE925021086669",41,78200,"RH Randowhöhe","Windenergie an Land",0,2003,NA
"625","ABR952561173061","Windeinheit","SEE900429363796, SEE928715175960, SEE975962104274, SEE940839460340, SEE940515648925, SEE920783887301, SEE912853561181, SEE961686533995, SEE918887912753, SEE906010674838, SEE900405969295, SEE945285774157, SEE900429923693, SEE954715476769, SEE974760396270, SEE985472101557, SEE953569424483, SEE956698879377, SEE907031640116, SEE919249238924, SEE939652371476, SEE946472760137",22,78100,"KL Kleisthöhe","Windenergie an Land",0,2006,NA
"626","ABR949817497910","Windeinheit","SEE950047300239, SEE965070163812, SEE984373086604, SEE997402937198, SEE936812303315, SEE939019869639, SEE988327959921, SEE982165271795, SEE962487536444, SEE971917639778, SEE900873202238, SEE926389094860, SEE935994045358",13,78000,"WP Mosekösch","Windenergie an Land",0,2028,NA
"627","ABR924963805291","Windeinheit","SEE945023175680, SEE980588015712, SEE995507400845, SEE989730791689, SEE957238128436, SEE993340649568, SEE903875178457, SEE962020554973, SEE907757673092, SEE988489777128, SEE983064483098, SEE906479966673, SEE909188342288, SEE960388532817, SEE907109231253, SEE911492972853, SEE971874296946, SEE959596900891, SEE976192217338, SEE905020228079, SEE920535474773, SEE996279194772, SEE971013979013, SEE937454491781, SEE983734248118, SEE987543016593, SEE921363161200",27,77350,"Windpark Rhede","Windenergie an Land",0,2001,NA
"628","ABR900421478672","Windeinheit","SEE991120170240, SEE963214409581, SEE941125457792, SEE907246537348, SEE940444875454, SEE953071235461, SEE934657333306, SEE969971252309, SEE946965483406, SEE980973869302, SEE937207667517",11,77200,"Windpark Bördeland","Windenergie an Land",0,2028,NA
"629","ABR916115096862","Windeinheit","SEE939266546284, SEE933835351705, SEE913959990721, SEE986507803316, SEE970255760724, SEE945357720242, SEE974513819988, SEE944420532683, SEE997872297327, SEE903201735293, SEE983331201493",11,77000,"Jüchen 3","Windenergie an Land",0,2028,NA
"630","ABR908246489729","Windeinheit","SEE943562099108, SEE981065450705, SEE935326084307, SEE941184549094, SEE919780264055, SEE944556630666, SEE973777752598, SEE932114491750, SEE967656488616, SEE962446886061, SEE943928445693, SEE969244194046, SEE931060330236, SEE980278443412, SEE904869675914, SEE972552279107, SEE997081696171, SEE967341243902, SEE975141577608, SEE956360707960, SEE968210617916, SEE972139971844, SEE920202065648, SEE915100405276, SEE910376127488, SEE918724650480, SEE934458012165, SEE975203808763, SEE973445353997, SEE997042719659, SEE931202123009, SEE937696188449, SEE917171793016, SEE981841932982, SEE987561968805, SEE963891280466, SEE983652785542, SEE950243419384, SEE934018295106, SEE926134791433, SEE939319028316, SEE995087001616, SEE904302883838, SEE927045830723, SEE908314039214, SEE948328718262, SEE968970372094, SEE926283788438, SEE946726022547, SEE916923172963, SEE903533077382",51,76500,"Dahme","Windenergie an Land",0,2002,NA
"631","ABR928581646892","Windeinheit","SEE968198149225, SEE993337189848, SEE921435416009, SEE902527708349, SEE923202299389, SEE970817820552, SEE920130140691, SEE993288543362, SEE959376525931, SEE926535246525, SEE980153713647, SEE935158420892, SEE992766881842, SEE969608584933",14,76000,"Windpark Schäcksdorf","Windenergie an Land",0,2006,NA
"632","ABR987039486688","Windeinheit","SEE927896821574, SEE935636042615, SEE943655981952, SEE990330380609, SEE923320457982, SEE994952093558, SEE910801037207, SEE975419271344, SEE917774185515, SEE963063696170, SEE911415461518, SEE981024639660",12,75360,"Windpark Bornheim Rheinebene","Windenergie an Land",0,2027,NA
"633","ABR900414897800","Windeinheit","SEE901731820847, SEE967142227637, SEE916547345040, SEE946637214581, SEE949239845351, SEE964178343966, SEE975314683921, SEE949896514690, SEE901918302777, SEE986294847470, SEE949677358536, SEE948794489796, SEE935830122106, SEE902659078006, SEE943437302227, SEE972947982582, SEE986442797398, SEE977424652057, SEE964180804530",19,75300,"Windpark Tempelfelde","Windenergie an Land",0,2013,NA
"634","ABR945863951802","Windeinheit","SEE957386656447, SEE909443729526, SEE904241054177, SEE908289317188, SEE955523371437, SEE985513880953, SEE964826988402, SEE903227960662, SEE954534372846, SEE924645150534, SEE979605070544",11,74800,"Windpark Bünne-Wehdel","Windenergie an Land",0,2025,NA
"635","ABR967248808310","Windeinheit","SEE992610472165, SEE936711912311, SEE915492480578, SEE975450204141, SEE991019171143, SEE904621349046, SEE931768825270, SEE952362888270, SEE975000802452, SEE962439444230, SEE933373453282, SEE920175233709, SEE977309197888",13,74100,"Windpark Fehmarn-Mitte","Windenergie an Land",0,2026,NA
"636","ABR911757601368","Windeinheit","SEE966119157090, SEE933192558939, SEE970500956421, SEE907729079501, SEE933184201713, SEE985673912402, SEE970254105724, SEE985523388050, SEE975158494523, SEE985046630124, SEE998676853559, SEE962120339821, SEE997949171680, SEE950186659038, SEE901623819256, SEE975022007057, SEE960957229117",17,73350,"Greußen","Windenergie an Land",0,2006,NA
"637","ABR901766720327","Windeinheit","SEE946320330161, SEE905447050819, SEE962308133678, SEE980054485612, SEE962830252755, SEE919898065766, SEE982490846002, SEE987043959789, SEE905066404857, SEE977430428240, SEE922847580241, SEE963409538737, SEE980043875851, SEE981264838557, SEE930699958163, SEE958124468162, SEE930222358408, SEE985803061512, SEE938657599915, SEE927376601375, SEE903166148787, SEE992486202439, SEE942846058077, SEE930551337662, SEE915416254681, SEE912125141318, SEE982522693567, SEE926364785028, SEE947055283258, SEE994327464907, SEE924408857076, SEE993888635320, SEE935434816319, SEE912002364922, SEE978805611571, SEE922018393731",36,73200,"SO Sonnenberg","Windenergie an Land",0,2005,NA
"638","ABR936015658243","Windeinheit","SEE990220074076, SEE914027206140, SEE965611938862, SEE923194783002, SEE908262824344, SEE928400364181, SEE921734338453, SEE971876086033, SEE942701385935, SEE904699493788, SEE961955578634, SEE914107132826, SEE972209952865",13,72280,"DaBa-13","Windenergie an Land",0,2026,NA
"639","ABR933684533390","Windeinheit","SEE970755941630, SEE923037926047, SEE952243563388, SEE979184790864, SEE951379086211, SEE961016624645, SEE906912653368, SEE919996353703, SEE989404944304, SEE995802868470",10,72000,"Holtsee-Grünhorst-Lindau","Windenergie an Land",0,2026,NA
"640","ABR973299283655","Windeinheit","SEE999515808174, SEE919924469421, SEE986219988417, SEE946784266952, SEE964936733435, SEE932775827561, SEE972045383205, SEE977851641136, SEE981773267350, SEE958849926879",10,72000,"Raiffeisen Windpark Saterland GmbH","Windenergie an Land",0,2027,NA
"641","ABR945846399560","Windeinheit","SEE939093653322, SEE979033742075, SEE911567923865, SEE915345033272, SEE969458535499, SEE985154562546, SEE907079366931, SEE936443335952, SEE918254312766, SEE988517736431",10,72000,"Schnabelwaid","Windenergie an Land",0,2027,NA
"642","ABR944776271939","Windeinheit","SEE970105692045, SEE911071587300, SEE980903793912, SEE935208235711, SEE960221918013, SEE903278112928, SEE992044035288, SEE918269444827, SEE955706392716, SEE996221450758",10,72000,"WP Stößen-Osterfeld","Windenergie an Land",0,2028,NA
"643","ABR986882598777","Windeinheit","SEE976068024596, SEE937665053846, SEE905896498231, SEE912795734759, SEE917642721807, SEE961819067533, SEE933002789454, SEE939926948540, SEE907851232980, SEE965103179407",10,72000,"Wind Berkenbrück-Dehmsee","Windenergie an Land",0,2028,NA
"644","ABR945602127192","Windeinheit","SEE941202506429, SEE902009399508, SEE999604938331, SEE976120647725, SEE917060045929, SEE999100564485, SEE973395890979, SEE924250123466, SEE953330415085, SEE977340004114, SEE943982342464, SEE912765523352, SEE940760729196",13,71540,"WP Diepholzer Bruch","Windenergie an Land",0,2025,NA
"645","ABR938497778037","Windeinheit","SEE956964344745, SEE941901000075, SEE966514611920, SEE968230002624, SEE940857564235, SEE963897824312, SEE918376890142, SEE964341288056, SEE987885518052, SEE905832935066, SEE904193297301, SEE955625690078",12,70200,"Ostharingen","Windenergie an Land",0,2025,NA
"646","ABR990837675444","Windeinheit","SEE942974529371, SEE998896080247, SEE943853686086, SEE978911692891, SEE903661427530, SEE989635532929, SEE986943089411, SEE924171527381, SEE901699360058, SEE948837344990",10,70000,"Windpark westliche Wälder","Windenergie an Land",0,2029,NA
"647","ABR961517432619","Windeinheit","SEE934228031297, SEE950991883277, SEE927452232417, SEE936853556312, SEE967324236921, SEE913443191191, SEE925435781198, SEE984832548582, SEE928299033786, SEE995653946143, SEE951730050387, SEE915395885487, SEE916759786266, SEE997223068187, SEE983108117132, SEE993775012814, SEE946493914243, SEE915927285167, SEE919116202942, SEE931372080751, SEE943335011955, SEE947951726019, SEE951832858942",23,69900,"Windpark Saterland","Windenergie an Land",0,2012,NA
"648","ABR999247638704","Windeinheit","SEE915263104184, SEE934373313637, SEE941756480930, SEE938902459421, SEE944738867217, SEE996693641609, SEE971133160568, SEE940015362475, SEE998328893100, SEE989890698798, SEE996187172190",11,69200,"Windpark Beuchte","Windenergie an Land",0,2025,NA
"649","ABR997370552171","Windeinheit","SEE992209556993, SEE987006703763, SEE965065049664, SEE991653679128, SEE964138137581, SEE997885908968, SEE982668582091, SEE915617016026, SEE930997105627, SEE958569616890, SEE968607790956, SEE901952511630",12,68400,"Windpark Vietlübbe-Kreien I","Windenergie an Land",0,2025,NA
"650","ABR927397646904","Windeinheit","SEE966883829926, SEE969735034424, SEE946764890115, SEE988324917207, SEE952832621031, SEE996222785255, SEE945908079621, SEE955662138915, SEE994325165196, SEE945118038517, SEE985608258506",11,68200,"Welsches Lied","Windenergie an Land",0,2028,NA
"651","ABR901858714869","Windeinheit","SEE960179746607, SEE941620937348, SEE976147571317, SEE993664709467, SEE997355198646, SEE905127705886, SEE987109931292, SEE958724035320, SEE972997813379, SEE958037722955",10,68000,"Bahrendorf II","Windenergie an Land",0,2028,NA
"652","ABR981906106211","Windeinheit","SEE946867439792, SEE915041152239, SEE918666619118, SEE966528769181, SEE935406408153, SEE923857563934, SEE928468371374, SEE915676987442, SEE958803125782, SEE944726807829",10,68000,"Windpark Kemmen","Windenergie an Land",0,2026,NA
"653","ABR980578732711","Windeinheit","SEE993164653598, SEE994794858957, SEE999421624431, SEE939402488096, SEE940865000817, SEE968354768543, SEE993341144499, SEE944425963253, SEE990837459846, SEE907165464749",10,68000,"Windpark Meyenburg-Frehne","Windenergie an Land",0,2025,NA
"654","ABR934912635152","Windeinheit","SEE976159263750, SEE942824132614, SEE974850516663, SEE949504416637, SEE991834396172, SEE999328331654, SEE980470635233, SEE978607615074, SEE989332025397, SEE949057641036, SEE951893546307, SEE919564935492, SEE963377989913, SEE909391039890, SEE940993279352, SEE946090680060, SEE991586399742, SEE910676265750, SEE914057126180, SEE933972038132",20,67500,"Neukirchen","Windenergie an Land",0,2002,NA
"655","ABR934377353684","Windeinheit","SEE999544291886, SEE967308429141, SEE973413506721, SEE954348206627, SEE924947349902, SEE945632585221, SEE939326193410, SEE955484485389, SEE915557863889, SEE965896783195, SEE940871595253, SEE916857537173, SEE991452247733, SEE900101837218, SEE909021164152, SEE999760665645",16,67200,"BÜ Bütow","Windenergie an Land",0,1999,NA
"656","ABR957302967138","Windeinheit","SEE907313584374, SEE984438635785, SEE963463797453, SEE992759917459, SEE952601445882, SEE991658754059, SEE915708666079, SEE993559736653, SEE952880206242, SEE965250140183, SEE996369940012, SEE913924435608",12,67200,"Wilsickow I","Windenergie an Land",0,2028,NA
"657","ABR913539329651","Windeinheit","SEE936551756052, SEE982618446787, SEE923188253658, SEE906443207757, SEE958370781169, SEE980719775652, SEE909159046894, SEE946882048122, SEE941288871947, SEE925879517230, SEE965510529802, SEE916273367453",12,66720,"WP Bertkow-Baben III","Windenergie an Land",0,2024,NA
"658","ABR979558227477","Windeinheit","SEE933663943257, SEE985309600826, SEE964451536085, SEE984489285557, SEE946005468165, SEE914971182200, SEE993073866515, SEE932898188563, SEE986992315530, SEE992497086998, SEE928970474853, SEE908384232720",12,66720,"Windpark Altenmedingen Römstedt","Windenergie an Land",0,2027,NA
"659","ABR973085819860","Windeinheit","SEE980077373309, SEE907150779193, SEE913989256170, SEE914964510027, SEE998273218270, SEE932996340801, SEE904010909042, SEE968513787729, SEE987951932102, SEE917419050772, SEE933780729611, SEE911077545397",12,66720,"Windpark Neuendorf/Kakerbeck Repowering","Windenergie an Land",0,2027,NA
"660","ABR910980365894","Windeinheit","SEE960425879974, SEE922695138106, SEE905150622877, SEE903070078422, SEE985942598160, SEE928591453671, SEE945352270896, SEE946443397553, SEE928843407094, SEE904261117814, SEE916772711696, SEE986990670792",12,66000,"Kesdorf-Süsel Repowering","Windenergie an Land",0,2023,NA
"661","ABR923423843989","Windeinheit","SEE964652898425, SEE991872379885, SEE903619326908, SEE970275199290, SEE937080496006, SEE948908816791, SEE953121438132, SEE985828931104, SEE966462718542, SEE901074311828, SEE942375531294",11,66000,"Veldensteiner Forst","Windenergie an Land",0,2027,NA
"662","ABR939309593466","Windeinheit","SEE951372669763, SEE910684072432, SEE986426604438, SEE965846420316, SEE979547130719, SEE923512639400, SEE900722916781, SEE946969563654, SEE935269290728, SEE984399369811, SEE909541664224",11,66000,"WP Rennweg","Windenergie an Land",0,2025,NA
"663","ABR959500119425","Windeinheit","SEE933449299387, SEE941630809673, SEE978459842376, SEE924020772290, SEE977263890733, SEE980424428522, SEE954326397491, SEE920488326181, SEE932236169728, SEE964471948127, SEE947878098381",11,66000,"Windpark Manker-Protzen","Windenergie an Land",0,2028,NA
"664","ABR967635263753","Windeinheit","SEE955892059493, SEE999447410735, SEE993035824522, SEE914664851710, SEE925500246300, SEE961472814079, SEE965434082841, SEE909854603781, SEE907419302902, SEE979251258334, SEE936405923081",11,66000,"Windpark Müden (Aller)","Windenergie an Land",0,2026,NA
"665","ABR989393706204","Windeinheit","SEE944033216543, SEE994011096100, SEE969902460988, SEE902019207794, SEE954023618585, SEE983498089514, SEE912715034600, SEE991126162188, SEE966198283345",9,64800,"Dennin II","Windenergie an Land",0,2028,NA
"666","ABR921608243999","Windeinheit","SEE987669560666, SEE960679794597, SEE936782799507, SEE927943363941, SEE907401604908, SEE926084798872, SEE996717749052, SEE902155848509, SEE986944248374",9,64800,"Vellahn","Windenergie an Land",0,2028,NA
"667","ABR951546418869","Windeinheit","SEE919538152436, SEE990344398096, SEE903187554222, SEE967080153982, SEE954794534770, SEE909679038850, SEE929372894850, SEE943572723765, SEE936664406684",9,64800,"WP Schwanebeck","Windenergie an Land",0,2028,NA
"668","ABR929248856890","Windeinheit","SEE979963871890, SEE946247990608, SEE958861001448, SEE994772305060, SEE913966149495, SEE980373676012, SEE915092903286, SEE913519052647, SEE995714197620",9,64800,"Windpark Haseloff","Windenergie an Land",0,2028,NA
"669","ABR903766794469","Windeinheit","SEE907349679020, SEE998580438668, SEE990323332899, SEE963204195456, SEE970690874239, SEE999704943303, SEE988655088348, SEE920025528887, SEE945983980881",9,64800,"Windpark Repowering Meppen","Windenergie an Land",0,2026,NA
"670","ABR921192722764","Windeinheit","SEE949802350954, SEE905877590299, SEE995018479538, SEE948636501129, SEE900599366733, SEE906866310126, SEE911836198277, SEE994491414456, SEE972171937631, SEE910963032720, SEE982970251852, SEE926442338726, SEE950619215121, SEE952726165818, SEE985780888898",15,63900,"Grenzstrom Bürgerwind GmbH ＆ Co. KG","Windenergie an Land",0,2020,NA
"671","ABR910622838960","Windeinheit","SEE969356753681, SEE962543561694, SEE939625437192, SEE949544371521, SEE952565975678, SEE991236349868, SEE945320105472, SEE947140858392, SEE972038210860, SEE992154467085, SEE985699366425, SEE940304169259, SEE962955460257, SEE961546567597, SEE956656411977, SEE982797700489, SEE964516369399, SEE901531279579, SEE958207826643, SEE953292017198, SEE905969113313, SEE957039886863, SEE986498545769, SEE909863691069, SEE976193505410, SEE942247800022, SEE918054452020, SEE952595453115, SEE926924411749, SEE992653386757, SEE963990344861, SEE931214940106, SEE909129005852, SEE917082383436, SEE961745544238, SEE959836904597, SEE978944986899, SEE980913575928, SEE968229046912, SEE934334452108",40,63840,"Windpark Alsleben","Windenergie an Land",0,2005,NA
"672","ABR962648683024","Windeinheit","SEE994160305832, SEE960473992366, SEE973555171719, SEE923591056464, SEE953388100599, SEE938111773172, SEE943949252744, SEE994453125093, SEE979417799824, SEE968151316244, SEE988880535204, SEE964161851225, SEE917637319194, SEE925733361238, SEE980870732655, SEE942623957708",16,63825,"Windpark Kohldamm GmbH ＆ Co. KG","Windenergie an Land",0,2014,NA
"673","ABR948214255307","Windeinheit","SEE919803817831, SEE980813108295, SEE904130414228, SEE939364498027, SEE943080855163, SEE951576216565, SEE922261183820, SEE988723851584, SEE900532400548, SEE972724705250, SEE961223623905",11,63800,"Nieheim-Oeynhausen","Windenergie an Land",0,2026,NA
"674","ABR950805926954","Windeinheit","SEE987606282859, SEE966752355013, SEE987312338178, SEE954480305790, SEE986909032284, SEE949084637934, SEE930289440900, SEE906625101187, SEE959560292717",9,63600,"Windpark Blesewitz","Windenergie an Land",0,2027,NA
"675","ABR932843902374","Windeinheit","SEE984550711183, SEE979225359753, SEE930379683514, SEE905012207624, SEE907825626364, SEE914899592662, SEE917946186111, SEE934665630688, SEE972050175017, SEE972727354707, SEE983148007158, SEE936096659689, SEE927934206899, SEE941776988447, SEE981740431227, SEE934084211697, SEE962783488676, SEE907369178107, SEE968262794313, SEE954828588076, SEE910729226035, SEE971371313801, SEE984968515021, SEE985622071662",24,63475,"Kirchheilingen","Windenergie an Land",0,2003,NA
"676","ABR923455785820","Windeinheit","SEE986963794371, SEE961045282960, SEE907488332374, SEE956454500767, SEE924328899088, SEE972238031159, SEE914277020770, SEE966950278947, SEE977811998683, SEE916947634669, SEE915021654258, SEE948891249750, SEE941092573839, SEE902157522414, SEE982410856258, SEE998572285508, SEE931690342968, SEE996445126170, SEE903849637706, SEE907061629891",20,63400,"Bedburg","Windenergie an Land",0,2014,NA
"677","ABR930850941843","Windeinheit","SEE957755201469, SEE900818096366, SEE990982570830, SEE921662855381, SEE972819496452, SEE926157877527, SEE973987671474, SEE978458603282, SEE994702535253, SEE994408920308, SEE946921136247, SEE939427462767, SEE936938989073, SEE994058558425, SEE920522684635",15,63000,"Fehndorf/Lindloh","Windenergie an Land",0,2021,NA
"678","ABR974394854580","Windeinheit","SEE922634408567, SEE910841367678, SEE985571644894, SEE960203891778, SEE978451885821, SEE950423618767, SEE967482669470, SEE970927592080, SEE921611800622",9,63000,"Ganderkesee","Windenergie an Land",0,2029,NA
"679","ABR946607685267","Windeinheit","SEE988793162788, SEE976834393291, SEE969048964814, SEE930242347826, SEE917968273844, SEE938127702579, SEE901271386216, SEE929556344942, SEE955260152986",9,63000,"Mammoor Erweiterung","Windenergie an Land",0,2025,NA
"680","ABR952430868555","Windeinheit","SEE915123271285, SEE925021690019, SEE915297786998, SEE975720941004, SEE998221338685, SEE921077827775, SEE971170562387, SEE984538683648, SEE984633618347",9,63000,"Windpark Behrenhoff","Windenergie an Land",0,2027,NA
"681","ABR980466055809","Windeinheit","SEE954100834839, SEE948753525916, SEE917784843894, SEE908560124030, SEE921593494185, SEE971455884197, SEE951076494814, SEE945379451933, SEE932076411995",9,63000,"Windpark Bonenburg Ikenhausen","Windenergie an Land",0,2026,NA
"682","ABR942569336964","Windeinheit","SEE925367425757, SEE977977920498, SEE999019649617, SEE949637441735, SEE918962438093, SEE958182615942, SEE964765114429, SEE962102222752, SEE984390681141",9,63000,"Windpark Mandern","Windenergie an Land",0,2028,NA
"683","ABR901346166019","Windeinheit","SEE935232258328, SEE955421357632, SEE931403300322, SEE945845420234, SEE949999760093, SEE900144045076, SEE982442823198, SEE935388833745, SEE936259728306",9,63000,"Windpark Samern","Windenergie an Land",0,2029,NA
"684","ABR946127723586","Windeinheit","SEE972634722484, SEE970097637062, SEE990177295913, SEE969675861937, SEE947444162331, SEE972168766725, SEE947144508705, SEE943187872025, SEE999115963983, SEE912894710890",10,63000,"Windpark Voldagsen","Windenergie an Land",0,2027,NA
"685","ABR977176517918","Windeinheit","SEE985610919792, SEE910254365339, SEE945533687017, SEE905125576723, SEE915743632718, SEE996444379256, SEE977139592914, SEE939317254663, SEE957375512402, SEE969877602413, SEE908982307158",11,62700,"Windpark Fehmarn-Mitte II","Windenergie an Land",0,2026,NA
"686","ABR945646772716","Windeinheit","SEE905966941339, SEE940585573585, SEE945373879856, SEE916241842555, SEE979350766037, SEE956215377959, SEE929995570483, SEE905064589976, SEE910497904203, SEE940547612543, SEE972499180832",11,62700,"Zootzen","Windenergie an Land",0,2028,NA
"687","ABR971472825159","Windeinheit","SEE991436286970, SEE946070327640, SEE950867090372, SEE945016666782, SEE993494254434, SEE922138811788, SEE973568580416, SEE986306016832, SEE989774997498, SEE938118027582, SEE984910989481, SEE987826139810, SEE948314821945, SEE979090840165",14,62540,"MÖ Mattheshöhe","Windenergie an Land",0,2021,NA
"688","ABR931650938064","Windeinheit","SEE982920953874, SEE932894890934, SEE939082592281, SEE939941849969, SEE966689731300, SEE975948026477, SEE916828775122, SEE977629145217, SEE997167004074, SEE988562387831, SEE961289910070, SEE915434596824, SEE904112038299, SEE975470154327, SEE955435413003, SEE975626164927, SEE975637102147, SEE961037476926",18,62100,"Windpark Norderwöhrden Repowering","Windenergie an Land",0,2017,NA
"689","ABR921361010906","Windeinheit","SEE940584278870, SEE983517101128, SEE935467325901, SEE996159119062, SEE922361799297, SEE909559522608, SEE999312791471, SEE937358720741, SEE911161854077, SEE938323970963, SEE987030465279",11,62040,"Trianel Windpark Sundern","Windenergie an Land",0,2026,NA
"690","ABR941190092140","Windeinheit","SEE908573561570, SEE935691263802, SEE968378157620, SEE945153654161, SEE916232875890, SEE998892364198, SEE971075150658, SEE968464739266, SEE948695384893, SEE914908803543",10,62000,"Olsberg-Plackweg","Windenergie an Land",0,2027,NA
"691","ABR985185541121","Windeinheit","SEE980102637499, SEE916226383233, SEE930323732183, SEE918782487790, SEE994520427723, SEE943012932788, SEE995244023581, SEE957975382955, SEE960994524060, SEE926730679647",10,62000,"WP Profen II","Windenergie an Land",0,2026,NA
"692","ABR927397646904","Windeinheit","SEE951521772641, SEE913710497926, SEE905928016341, SEE947578587376, SEE961902660313, SEE965243549832, SEE964255120497, SEE994076161874, SEE993075617030",9,61800,"Schenkendorf-Nord","Windenergie an Land",0,2027,NA
"693","ABR900133461160","Windeinheit","SEE931714231414, SEE977030266792, SEE964610181217, SEE974487812497, SEE976246137582, SEE981633360252, SEE934261188613, SEE932092131877, SEE942987705328",9,61700,"Windfarm Rheda-Wiedenbrück","Windenergie an Land",0,2028,NA
"694","ABR996733629420","Windeinheit","SEE910034646863, SEE950803998328, SEE978101971744, SEE950189161637, SEE976892300569, SEE925135689824, SEE945032045141, SEE918973701285, SEE986778729209, SEE967948547229, SEE915856560410",11,61600,"Windpark Bahren West II","Windenergie an Land",0,2027,NA
"695","ABR967752366085","Windeinheit","SEE917138088131, SEE931298666145, SEE918725654753, SEE998075875947, SEE999489796989, SEE924830602046, SEE938332935106, SEE946073593752, SEE969163400259, SEE942038155829, SEE940209068305, SEE976632733558, SEE902876151506, SEE997854136057, SEE965188395440, SEE915681534976, SEE909524102422, SEE960368946030, SEE986519163415, SEE933373348656, SEE917673305601",21,61350,"Olbersleben","Windenergie an Land",0,2012,NA
"696","ABR993308834098","Windeinheit","SEE978508615982, SEE943430446829, SEE975663547257, SEE922591961112, SEE905845697128, SEE938789906407, SEE963093506661, SEE954656840520, SEE905568907351",9,61200,"Dolgesheim","Windenergie an Land",0,2028,NA
"697","ABR941639245489","Windeinheit","SEE959033856903, SEE902528245867, SEE933711436663, SEE916302783605, SEE911323435229, SEE985736911267, SEE996979907863, SEE900710850769, SEE949924132513",9,61200,"Windpark Hombressen","Windenergie an Land",0,2026,NA
"698","ABR902784078414","Windeinheit","SEE944919159285, SEE985821015894, SEE982137787637, SEE932186210341, SEE973594718487, SEE951531160094, SEE905240676414, SEE993599656096, SEE959063634021, SEE922945834307, SEE985430294697",11,61160,"WP Lemförde","Windenergie an Land",0,2027,NA
"699","ABR985382317789","Windeinheit","SEE995243258212, SEE938763488318, SEE988838959540, SEE962386357249, SEE919988771676, SEE960578465086, SEE983396881340, SEE972246837774, SEE959692028154, SEE989895238753, SEE973463457400",11,61160,"Windpark Altenautal Repowering","Windenergie an Land",0,2024,NA
"700","ABR970479247216","Windeinheit","SEE958366099452, SEE931787052695, SEE951948446439, SEE946850992792, SEE948633953907, SEE974590786210, SEE979976809675, SEE917944874140, SEE957330379545, SEE956148223682, SEE955127445862, SEE928423309398, SEE906253242511, SEE930061793002, SEE976191498332, SEE903273652467, SEE929987377946, SEE996441303568",18,60600,"Windpark Kantow","Windenergie an Land",0,2003,NA
"701","ABR947175798014","Windeinheit","SEE954866674922, SEE942656979630, SEE994827635111, SEE911555631987, SEE917791857488, SEE986769530517, SEE991747988044, SEE916105330846, SEE937862638921",9,60400,"Wind Onshore Bedburg 3","Windenergie an Land",0,2026,NA
"702","ABR973242425903","Windeinheit","SEE954138050027, SEE998699511276, SEE994513744899, SEE954324300011, SEE944654917331, SEE980727093830, SEE993613226793, SEE958265978162, SEE946602308505, SEE979617428227, SEE998914715793",11,60260,"Immenrode","Windenergie an Land",0,2011,NA
"703","ABR994985777012","Windeinheit","SEE948231683862, SEE932053156765, SEE991358405602, SEE945919631443, SEE932840365721, SEE969181600075, SEE981990449393, SEE966197202347, SEE934002042457, SEE910479691206",10,60000,"Borgentreich Nord","Windenergie an Land",0,2026,NA
"704","ABR975136896707","Windeinheit","SEE908343168213, SEE932708532982, SEE968723122501, SEE984757220259, SEE999109790915, SEE967951389335, SEE941191404669, SEE900166703596, SEE964019177675, SEE907830979653",10,60000,"Daseburg","Windenergie an Land",0,2028,NA
"705","ABR959520913027","Windeinheit","SEE923485320275, SEE942309242685, SEE964874325860, SEE912645384363, SEE940956260106, SEE919921267204, SEE963199044999, SEE906655493115, SEE974198301679, SEE901048528269",10,60000,"Mahlwinkel Nord (Rep.)","Windenergie an Land",0,2028,NA
"706","ABR951797862459","Windeinheit","SEE972672406995, SEE979911173731, SEE976836227525, SEE904761660261, SEE914501304096, SEE984050249407, SEE927026641683, SEE962520794930, SEE962788652874, SEE907024662965",10,60000,"WP Rennweg 2","Windenergie an Land",0,2028,NA
"707","ABR994001916906","Windeinheit","SEE924593794552, SEE922406872350, SEE986653722325, SEE941326615373, SEE979157788850, SEE998729472560, SEE986649929820, SEE968627707842, SEE957500863713, SEE903710874483",10,60000,"Windpark Hohnert","Windenergie an Land",0,2028,NA
"708","ABR963930749794","Windeinheit","SEE982527987333, SEE969857558105, SEE951984161846, SEE908234374938, SEE909821745483, SEE981139983375, SEE964572095980, SEE956940278347, SEE998641256224, SEE926100574534, SEE934107523776, SEE919842961458",12,60000,"alpha ventus","Windenergie auf See",0,2009,NA
"709","ABR906743587054","Windeinheit","SEE954537147427, SEE991558271601, SEE910886175221, SEE927547997382, SEE968754227626, SEE980862421062, SEE991210561064, SEE955273809822, SEE924255098981, SEE952024114600, SEE932364888416, SEE915295079887, SEE921241290480, SEE932712000248, SEE971200583917, SEE908248427330, SEE949502496129, SEE946254791786, SEE952184158117, SEE973145037432",20,59700,"BVT Windpark Sustrum/Renkenberge GmbH ＆ Co. KG","Windenergie an Land",0,2012,NA
"710","ABR972340376100","Windeinheit","SEE974541655442, SEE987210259902, SEE981229714858, SEE945897184436, SEE910175383771, SEE949664744649, SEE914450657182, SEE976737472369, SEE984472748526",9,59400,"WP Papenrode Repowering","Windenergie an Land",0,2025,NA
"711","ABR919381195260","Windeinheit","SEE930053110275, SEE999534930597, SEE975178046368, SEE984285224989, SEE937741379754, SEE916915708415, SEE965375436857, SEE997427977216, SEE963837627065",9,59100,"Windpark Gödestorf","Windenergie an Land",0,2027,NA
"712","ABR963316328612","Windeinheit","SEE923785760146, SEE954241980488, SEE922919746957, SEE924364530396, SEE904948196767, SEE966310937866, SEE984346565044, SEE921597962871, SEE954546546532, SEE974786109670, SEE944726632001, SEE931738628399, SEE900228686362",13,59000,"Windpark Neudersum","Windenergie an Land",0,2015,NA
"713","ABR951762163239","Windeinheit","SEE974135965407, SEE993981023802, SEE955387296938, SEE902046671117, SEE917402632527, SEE951569540257, SEE932329099208, SEE977113977645, SEE971796318634, SEE942930264902, SEE929173633375",11,58880,"Balve","Windenergie an Land",0,2025,NA
"714","ABR954611079286","Windeinheit","SEE952185572134, SEE911770457713, SEE971512151668, SEE930766673067, SEE988871023789, SEE956522682586, SEE977577687029, SEE939791939698, SEE993577578969, SEE921568074350, SEE961184822775, SEE938198056304, SEE969203616961, SEE961116786557",14,58800,"WPI Repowering","Windenergie an Land",0,2024,NA
"715","ABR949777429099","Windeinheit","SEE939001133267, SEE942866254527, SEE941495255424, SEE956733475823, SEE921133989164, SEE924455978144, SEE922355074959, SEE940038471604, SEE973154313114, SEE943366832789, SEE907260786234, SEE923195463842, SEE923698450196, SEE919844536463",14,58800,"Windpark Haßmoor","Windenergie an Land",0,2018,NA
"716","ABR900223742476","Windeinheit","SEE984560407137, SEE924695019355, SEE988970876903, SEE956495205058, SEE969677281214, SEE947959216505, SEE969494214877, SEE922822120332, SEE954987281412, SEE942003898195, SEE979184971331, SEE904785783489, SEE921686200280, SEE965033984263, SEE906847571263, SEE983773402045, SEE911586988951, SEE905517189623, SEE991289381730, SEE964180467919",20,58560,"Windpark Timmeler Kampen","Windenergie an Land",0,2004,NA
"717","ABR994524750575","Windeinheit","SEE958399263578, SEE977000228140, SEE988580610683, SEE901417709800, SEE964947885253, SEE969373807633, SEE970068192781, SEE943938812201, SEE939855072804, SEE903299629252, SEE908996086506",11,58390,"Windpark Himmelreich GmbH ＆ Co.KG","Windenergie an Land",0,2017,NA
"718","ABR951022118498","Windeinheit","SEE911227906214, SEE907764600142, SEE954827990450, SEE910487618479, SEE993980427908, SEE964929211100, SEE964433332780, SEE909407101382, SEE957853333543, SEE906905257757",10,58260,"Windpark Andervenne/Handrup","Windenergie an Land",0,2028,NA
"719","ABR993551129057","Windeinheit","SEE970909937267, SEE909824190778, SEE929428218029, SEE987752894869, SEE930234352135, SEE979746367374, SEE995282130289, SEE988665562159, SEE998502608131, SEE953819476118",10,58200,"Windpark Passow","Windenergie an Land",0,2002,NA
"720","ABR915560495466","Windeinheit","SEE906622475694, SEE935134293205, SEE976987271736, SEE980624245073, SEE904068906840, SEE982161084078, SEE944016387352, SEE911106132659",8,57600,"Beppener Bruch Repowering","Windenergie an Land",0,2028,NA
"721","ABR938455035561","Windeinheit","SEE995874608448, SEE901042997429, SEE987213119081, SEE935429367222, SEE921937040085, SEE904675434446, SEE915077374377, SEE934030467604",8,57600,"Repowering Windpark Okel","Windenergie an Land",0,2027,NA
"722","ABR953438743905","Windeinheit","SEE915352941737, SEE905624374707, SEE937734203011, SEE935212278827, SEE931780409106, SEE922371872201, SEE958144687086, SEE954973472039, SEE910299428655, SEE951411588239, SEE906516729100, SEE999961904529, SEE903944790597, SEE946951238249, SEE954566559079, SEE928627455143, SEE913875629453, SEE915067852779, SEE925684060426, SEE900337802592, SEE980014353999, SEE962615067536, SEE944851945274, SEE946888900004",24,57600,"WP Chransdorf","Windenergie an Land",0,2015,NA
"723","ABR991489996833","Windeinheit","SEE905197895067, SEE958698312106, SEE972495706388, SEE904073997871, SEE908780292489, SEE943919075533, SEE909119634376, SEE922190336205",8,57600,"WP Pretzschendorf","Windenergie an Land",0,2028,NA
"724","ABR963014021327","Windeinheit","SEE920784906155, SEE966476130378, SEE924437505696, SEE966119793823, SEE916036543735, SEE927196878407, SEE912826546764, SEE984842512184",8,57600,"WP Siegerland","Windenergie an Land",0,2028,NA
"725","ABR904953826697","Windeinheit","SEE981011093840, SEE994025469938, SEE938112538282, SEE979833189315, SEE969309944890, SEE986070806752, SEE969958478494, SEE993875120983",8,57600,"Warendorf Hoetmar Freckenhorst","Windenergie an Land",0,2027,NA
"726","ABR977431799523","Windeinheit","SEE955075544952, SEE998011304623, SEE978579513866, SEE901736172101, SEE986264198946, SEE908727897821, SEE945717470879, SEE926962231842",8,57600,"Windpark Bonenburg-Scherfede","Windenergie an Land",0,2026,NA
"727","ABR977545403224","Windeinheit","SEE948134674745, SEE961933729850, SEE985423929261, SEE932034337244, SEE921656205284, SEE981230088306, SEE934906253782, SEE954179717217",8,57600,"Windpark Brakel West","Windenergie an Land",0,2027,NA
"728","ABR941192663010","Windeinheit","SEE950996895978, SEE991856489432, SEE961689419081, SEE959762195465, SEE912958364632, SEE958081667363, SEE938158508027, SEE929709925769",8,57600,"Windpark Deppenhöfen","Windenergie an Land",0,2027,NA
"729","ABR988075400010","Windeinheit","SEE943916843111, SEE950208476223, SEE989403528130, SEE915682535088, SEE982995988504, SEE961726766987, SEE913496459774, SEE985860064778",8,57600,"Windpark Kleinlohma","Windenergie an Land",0,2026,NA
"730","ABR901435374530","Windeinheit","SEE958279307439, SEE976855373579, SEE963015739887, SEE932349357333, SEE928392760824, SEE919674563707, SEE944081879646, SEE962518397648",8,57600,"Windpark Schleife BA2","Windenergie an Land",0,2027,NA
"731","ABR988965636338","Windeinheit","SEE952367667108, SEE985838145454, SEE957930039795, SEE957607660079, SEE994843880762, SEE971882910223, SEE940363002382, SEE989306070316, SEE951924942962",9,57600,"Windpark Wehrder neu","Windenergie an Land",0,2027,NA
"732","ABR912231668570","Windeinheit","SEE949702004421, SEE958376263126, SEE955137361954, SEE992892091382, SEE909954845166, SEE935232139856, SEE920009180452, SEE961324309685, SEE940479042029, SEE903706277229, SEE901063476958, SEE972846090678, SEE968942933841",13,57400,"Windpark Pattensen","Windenergie an Land",0,2012,NA
"733","ABR997472547198","Windeinheit","SEE923987803641, SEE966975293901, SEE999166846563, SEE957690014537, SEE939466024384, SEE989269272758, SEE937762472427, SEE965833108036, SEE976634905472, SEE906521976438",10,57000,"Mandelsloh","Windenergie an Land",0,2025,NA
"734","ABR999408386086","Windeinheit","SEE927870506602, SEE942105079676, SEE927600267445, SEE904230633420, SEE973352294017, SEE900763181070, SEE948253876334, SEE965885608751, SEE932432490855, SEE906479805736",10,57000,"Windpark Illmersdorf III","Windenergie an Land",0,2026,NA
"735","ABR984610429621","Windeinheit","SEE950113772762, SEE976623355288, SEE964350600108, SEE991699533422, SEE980134918900, SEE988008370564, SEE967815853019, SEE957872886624, SEE947995685839, SEE942385413924, SEE917207668936, SEE936675662529, SEE929586953275",13,56350,"Herbsleben","Windenergie an Land",0,2002,NA
"736","ABR996759925780","Windeinheit","SEE992406222486, SEE977829207319, SEE900141900705, SEE957086519448, SEE902447010058, SEE938621858000, SEE903822383132, SEE921537988572, SEE935619556726, SEE914188915899, SEE980711622206, SEE976584053223, SEE985143284657, SEE913881400930",14,56000,"WP Bruchhagen","Windenergie an Land",0,2021,NA
"737","ABR969670369063","Windeinheit","SEE961432291582, SEE994770646042, SEE978694624201, SEE916571967775, SEE932890997309, SEE966546785071, SEE930850911709, SEE990035526685, SEE990109527716, SEE917889977180",10,56000,"WP Rehna-Falkenhagen I","Windenergie an Land",0,2027,NA
"738","ABR906592466708","Windeinheit","SEE981887974205, SEE908654200961, SEE935318388147, SEE909723552660, SEE971621037938, SEE972536968911, SEE960704875215, SEE967527346199, SEE991988502832, SEE954755125313, SEE980857374342, SEE930872671681, SEE930366873270, SEE915408453573, SEE946220562327, SEE938308781638, SEE904346270984, SEE996020963879, SEE962282953514, SEE988101613407, SEE986108352091, SEE915177776989, SEE930456554805, SEE934803493298, SEE943478088562, SEE985462663621, SEE945422800442, SEE973416546441",28,56000,"WP Würzburg","Windenergie an Land",0,2006,NA
"739","ABR901296780624","Windeinheit","SEE984534042555, SEE925145380179, SEE918290563399, SEE994025762480, SEE919229848891, SEE994923152161, SEE979220975699, SEE963627389630",8,56000,"Windpark Drochtersen Repowering","Windenergie an Land",0,2026,NA
"740","ABR917558331398","Windeinheit","SEE928782047931, SEE908764578318, SEE902423712532, SEE987067221954, SEE942525179895, SEE918534146883, SEE970767296582, SEE957432793119",8,56000,"Windpark Wippershainer Höhe","Windenergie an Land",0,2026,NA
"741","ABR970373811872","Windeinheit","SEE905495536648, SEE973565313598, SEE903473366140, SEE928293793860, SEE999689142371, SEE965666718679, SEE999831674781, SEE988160571281, SEE982879300224",9,55800,"Müncheberg-Mittelheide","Windenergie an Land",0,2028,NA
"742","ABR978578175089","Windeinheit","SEE922527273746, SEE977099238273, SEE929610441358, SEE942068726709, SEE995527757547, SEE922685481786, SEE913520124807, SEE958709807737, SEE965280610458, SEE919145966020, SEE947246001616, SEE904081043287",12,55600,"Friedersdorf","Windenergie an Land",0,2025,NA
"743","ABR907295220451","Windeinheit","SEE904476450560, SEE939463943152, SEE972993253087, SEE933590377781, SEE976315727034, SEE974921318745, SEE966898123880, SEE930008359599, SEE970578050380, SEE982307886597",10,55600,"Windpark Albringhausen II Repowering","Windenergie an Land",0,2023,NA
"744","ABR957301131660","Windeinheit","SEE948684598959, SEE904093537279, SEE937515415121, SEE930260846769, SEE915458454025, SEE973014219655, SEE949763564025, SEE912011993625, SEE913154328305, SEE907099338390",10,55600,"Windpark Moorhusen Rep","Windenergie an Land",0,2027,NA
"745","ABR906534096758","Windeinheit","SEE974443534203, SEE947752513665, SEE975551912969, SEE966316390658, SEE932181459721, SEE956567973793, SEE932107614982, SEE984638939430, SEE917620820034, SEE948295992399, SEE902331489120, SEE975277806139, SEE980392080890, SEE928088485239, SEE932412089383",15,55500,"WP Schlieben","Windenergie an Land",0,2026,NA
"746","ABR993970926022","Windeinheit","SEE921183847117, SEE932387274074, SEE987322992001, SEE972836880111, SEE968255797147, SEE984627151980, SEE916167301310, SEE974744025424, SEE906158498693, SEE933008986871, SEE969687523304",11,55460,"WP Hirschweg","Windenergie an Land",0,2014,NA
"747","ABR900672377519","Windeinheit","SEE911621800767, SEE929624718620, SEE956441616488, SEE931121944709, SEE926783904161, SEE981498630545, SEE920222964044, SEE961003370296",8,55400,"Büngern","Windenergie an Land",0,2027,NA
"748","ABR922206031001","Windeinheit","SEE938341733861, SEE996006959513, SEE961520197727, SEE980106178202, SEE942889430557, SEE901437075220, SEE972963338929, SEE938775095214, SEE924115728997",9,55400,"Reinstedt","Windenergie an Land",0,2026,NA
"749","ABR929609722109","Windeinheit","SEE968646402209, SEE937575460505, SEE978064296410, SEE949817886288, SEE980549705379, SEE905887539615, SEE980443028888, SEE960733787619, SEE994345245526",9,55400,"Windpark Grünkordshagen-Zandershagen","Windenergie an Land",0,2026,NA
"750","ABR976596735940","Windeinheit","SEE972892558153, SEE994863022111, SEE949887860232, SEE913066677010, SEE919198026719, SEE932437890193, SEE932449164480, SEE942824325894, SEE991674520171",9,55200,"BWP GT Betriebs GmbH ＆ Co. KG","Windenergie an Land",0,2025,NA
"751","ABR982872465524","Windeinheit","SEE931403625098, SEE955689802288, SEE928810071808, SEE911237216044, SEE945271566278, SEE913613703827, SEE975476078412, SEE961004657402, SEE985293184203, SEE923483542440, SEE997135978550, SEE974346986093, SEE951666223961, SEE960149404650",14,55200,"QS Quenstedt","Windenergie an Land",0,1999,NA
"752","ABR967248808310","Windeinheit","SEE937863584876, SEE965612305083, SEE939244578108, SEE932173753615, SEE980593379632, SEE994466583514, SEE986763358575, SEE958665984244, SEE956453830889, SEE917396624430, SEE900693366332, SEE981427325085, SEE939630426662, SEE984129721315, SEE954280444170, SEE914508745694, SEE953360256689, SEE970117371174, SEE920618190866, SEE969876050062, SEE985376904216, SEE945853682280, SEE949197406335, SEE975399243621",24,55200,"Windpark Fehmarn Mitte","Windenergie an Land",0,2006,NA
"753","ABR963811557869","Windeinheit","SEE913464060445, SEE919499702008, SEE901364854363, SEE922144451770, SEE991479016022, SEE916210018110, SEE947024725871, SEE951188701657, SEE992647777967, SEE972299877567, SEE973133403058, SEE971381797004, SEE972219330332, SEE917176606847, SEE920555583134, SEE994468130174, SEE921607408269, SEE941003477539, SEE934434369016, SEE903994987022, SEE988098339281, SEE981220233129, SEE958409440128, SEE925181764476",24,55200,"Zweite WP Drostenplatz","Windenergie an Land",0,2016,NA
"754","ABR926773990815","Windeinheit","SEE944999098313, SEE961653710923, SEE923618768516, SEE965562520390, SEE981629505278, SEE910052526680, SEE994024582294, SEE963225303762, SEE988087501842, SEE939620526518",10,55000,"Westheim","Windenergie an Land",0,2027,NA
"755","ABR947151882928","Windeinheit","SEE993333461375, SEE959211113316, SEE991350124815, SEE963010609321, SEE982079909692, SEE936442761271, SEE940278494340, SEE900863198152",8,54700,"WP Kevelaerer Heide","Windenergie an Land",0,2027,NA
"756","ABR998757544048","Windeinheit","SEE940159474461, SEE952437191137, SEE922714493247, SEE905663825536, SEE958683033184, SEE996993180778, SEE953839966637, SEE943065815854, SEE989101455707, SEE966416989851",10,54600,"Güstow Repowering","Windenergie an Land",0,2021,NA
"757","ABR930467309548","Windeinheit","SEE973851946622, SEE941432774001, SEE933188040493, SEE920846705672, SEE998138623560, SEE942519334972, SEE954846189712, SEE928791711847, SEE970386286353, SEE900481049171, SEE940998654956, SEE907525520689, SEE950962064650, SEE924179929231, SEE994893291327, SEE971344643768",16,54560,"Windpark Schnatebüll","Windenergie an Land",0,2016,NA
"758","ABR918582642863","Windeinheit","SEE970858763207, SEE931843671013, SEE985137815911, SEE914779113420, SEE926078508531, SEE950973028399, SEE994197481691, SEE923179175976",8,54400,"Ankum - Westerholte","Windenergie an Land",0,2028,NA
"759","ABR941190092140","Windeinheit","SEE927769796848, SEE943944006328, SEE975900854346, SEE939279129177, SEE901859772493, SEE957224724000, SEE954372279383, SEE986145042443",8,54400,"Detzem","Windenergie an Land",0,2028,NA
"760","ABR901956550833","Windeinheit","SEE941963765806, SEE928979309248, SEE973491084159, SEE972491296760, SEE954466222127, SEE966646993888, SEE918342832480, SEE967295758057",8,54400,"Guntersblum-Uelversheim","Windenergie an Land",0,2028,NA
"761","ABR927397646904","Windeinheit","SEE931251635560, SEE924263047476, SEE961429961917, SEE957323181834, SEE958572795742, SEE978363444192, SEE972584721445, SEE927472385599",8,54400,"Lindenrain","Windenergie an Land",0,2029,NA
"762","ABR967067555860","Windeinheit","SEE997774911826, SEE913235564677, SEE952341422310, SEE905379096145, SEE997399197698, SEE971455641936, SEE945571540657, SEE933684199749",8,54400,"Wind Külsheim-Steinbacher Wald","Windenergie an Land",0,2028,NA
"763","ABR962630551720","Windeinheit","SEE919023039006, SEE986075801981, SEE907829967128, SEE982279390412, SEE992183508018, SEE997510702015, SEE943551338553, SEE908692565541",8,54400,"Windpark Gau-Odernheim","Windenergie an Land",0,2027,NA
"764","ABR937469689418","Windeinheit","SEE957453431274, SEE950959308156, SEE986315663157, SEE909275630182, SEE920335417680, SEE930932231916, SEE900378116900, SEE953797850870",8,54400,"Windpark Klein Dammerow","Windenergie an Land",0,2026,NA
"765","ABR900458747765","Windeinheit","SEE923658374050, SEE981875876047, SEE910269794889, SEE907854253173, SEE994113253081, SEE910547038988, SEE986885859523, SEE983176118727",8,54400,"Windpark Kröchlendorff","Windenergie an Land",0,2027,NA
"766","ABR956205221545","Windeinheit","SEE989558491082, SEE992736381648, SEE976929302726, SEE998666578752, SEE941248431570, SEE963479963347, SEE976132703686, SEE926337049577, SEE906877620672, SEE972776337768, SEE966721288328, SEE974793098721, SEE967010133879, SEE922363166257, SEE938056525478, SEE974315000508, SEE921899595326, SEE964057262067, SEE988203412175, SEE971849394035, SEE905916649735, SEE917063315579",22,54350,"Schlalach","Windenergie an Land",0,2010,NA
"767","ABR973468143551","Windeinheit","SEE922795939344, SEE961566454389, SEE900477541115, SEE916036101546, SEE982942256410, SEE902554628887, SEE908941091951, SEE955661060828, SEE961187712981",9,54000,"Windpark Birstein","Windenergie an Land",0,2027,NA
"768","ABR903492295940","Windeinheit","SEE990813445214, SEE990508272071, SEE959934913460, SEE970468960478, SEE941080596086, SEE950445324189, SEE982669524830, SEE916662238104, SEE954825052532, SEE948894746676, SEE925149529628, SEE944605106104, SEE965330554305, SEE927191995338, SEE914546913598, SEE981059150918, SEE960729440979, SEE968846795927",18,54000,"Windpark Harthäuser Wald","Windenergie an Land",0,2015,NA
"769","ABR984859832022","Windeinheit","SEE913911004473, SEE975472613839, SEE943339947489, SEE924212721570, SEE965540793327, SEE955749647224, SEE966640959835, SEE970064408510, SEE948578986497, SEE966913420048, SEE997519127833, SEE923928818956, SEE934738339524, SEE962546753911, SEE921182317529, SEE996846952507, SEE956894786202, SEE922093055876, SEE920983027668, SEE987489285367, SEE911320862288, SEE902186242932, SEE995103058389, SEE904769472842, SEE990153323937, SEE902890625694, SEE976818838732",27,54000,"Windpark Jänickendorfer Heide GmbH ＆ Co. KG","Windenergie an Land",0,2006,NA
"770","ABR993616236812","Windeinheit","SEE997344242459, SEE921797019641, SEE985156792286, SEE992568682722, SEE980808692952, SEE943869525300, SEE941449471719, SEE956198397876, SEE953477619711",9,54000,"Windpark Wilsum","Windenergie an Land",0,2026,NA
"771","ABR943209813470","Windeinheit","SEE975878254278, SEE959685974604, SEE947283287387, SEE908519795083, SEE962143196135, SEE967626441870, SEE921882510947, SEE967293818838, SEE958703376260",9,54000,"Windpark Zeven-Wistedt","Windenergie an Land",0,2025,NA
"772","ABR955228587003","Windeinheit","SEE952806736358, SEE965344864216, SEE971254523112, SEE990115306046, SEE974158412100, SEE999797664857, SEE971843357616, SEE919016117933",8,53600,"Lüssow","Windenergie an Land",0,2027,NA
"773","ABR914564579172","Windeinheit","SEE982029318291, SEE928137538985, SEE989113643949, SEE932228447704, SEE966008846562, SEE981102890334, SEE932575968723, SEE973715722515, SEE930409831908",9,53560,"Nideggen-Ost","Windenergie an Land",0,2026,NA
"774","ABR943137037733","Windeinheit","SEE941280113731, SEE932756121237, SEE919119548764, SEE956240319825, SEE967844184146, SEE945184839667, SEE997552041431, SEE991104734031",8,53120,"Windpark Lengerich Repowering","Windenergie an Land",0,2027,NA
"775","ABR975325753170","Windeinheit","SEE947108774160, SEE934900647716, SEE989791328923, SEE998029051557, SEE956760152971, SEE945714986359, SEE986892442114, SEE967157118357",8,52200,"Windpark Zollchow","Windenergie an Land",0,2027,NA
"776","ABR925835577391","Windeinheit","SEE934809731684, SEE921247476215, SEE960474929873, SEE942904794015, SEE925567715740, SEE930074984862, SEE900459798575, SEE927157459607, SEE998959907108, SEE981836168594, SEE988854479572, SEE968196809701",12,51800,"Windpark Sendenhorst","Windenergie an Land",0,2005,NA
"777","ABR978824211028","Windeinheit","SEE922569030741, SEE975757898272, SEE974915826188, SEE967876222243, SEE951789280537, SEE971567335563, SEE973137479745, SEE974803421037, SEE928092309583, SEE990975247992, SEE909902276455, SEE984254315205, SEE953329430181, SEE969216961478, SEE927353382983, SEE964961665572, SEE998311000591, SEE997611967283, SEE909435074665, SEE937748363763, SEE907941909174, SEE935480607879, SEE984021901464, SEE933658673633",24,51700,"Windpark Rütenmoor","Windenergie an Land",0,2004,NA
"778","ABR910922968053","Windeinheit","SEE951692018388, SEE929952956510, SEE924692029371, SEE932097151672, SEE931933084631, SEE990997741775, SEE921941620952, SEE955987377693, SEE963700912137, SEE918941714279",10,51600,"Windpark Wohlsdorf","Windenergie an Land",0,2003,NA
"779","ABR982276661171","Windeinheit","SEE901167427641, SEE912526898125, SEE948552814730, SEE972996129310, SEE964230846503, SEE903402087924, SEE900511961725, SEE974083118603, SEE921892759251, SEE932528350308, SEE912417012654, SEE999238208688, SEE950853507211, SEE969312980458, SEE985573177918, SEE900350343157",16,51360,"Bürgerwindpark Bentstreek","Windenergie an Land",0,2003,NA
"780","ABR940405019378","Windeinheit","SEE942189118216, SEE936708048122, SEE967018028801, SEE958956423575, SEE935332632387, SEE909593244108, SEE995725410756, SEE918058317967, SEE965803271074",9,51300,"Windpark Bredenbek","Windenergie an Land",0,2028,NA
"781","ABR912499302384","Windeinheit","SEE922593946117, SEE969755916335, SEE917376603851, SEE913364789316, SEE994945761228, SEE920439429152, SEE997845240763, SEE927856398078, SEE999642023976",9,50900,"HO Hochsauerland","Windenergie an Land",0,2026,NA
"782","ABR999308386063","Windeinheit","SEE908868677566, SEE909461299476, SEE964944050173, SEE911331133049, SEE981729553056, SEE960820615528, SEE931384347781, SEE912469611171, SEE992961695411, SEE913233320886, SEE991186963602, SEE904552102390, SEE966165960606, SEE970505673194, SEE932607531321, SEE925809469967, SEE911779768636, SEE942505207358, SEE921379841851",19,50600,"HF Hoher Fläming","Windenergie an Land",0,2006,NA
"783","ABR979129057342","Windeinheit","SEE942925074554, SEE976118205555, SEE928789072851, SEE941118796488, SEE999977397025, SEE947628901459, SEE929478674042",7,50400,"BWP Heek-Strönfeld","Windenergie an Land",0,2027,NA
"784","ABR975291360785","Windeinheit","SEE950687973404, SEE966808343605, SEE907046330422, SEE987123007973, SEE957674511267, SEE939240640854, SEE946136478958",7,50400,"Buchenau II","Windenergie an Land",0,2026,NA
"785","ABR908994778106","Windeinheit","SEE926879487615, SEE972514441429, SEE948801724438, SEE973935271916, SEE962548727538, SEE997123119897, SEE954816329230, SEE908484299593, SEE924216651033, SEE970948787328, SEE915934993369, SEE926287801447, SEE977689082477, SEE931818839912, SEE953436765930, SEE964475148295",16,50400,"Bürgerwindpark Süderlügum GmbH ＆ Co. KG","Windenergie an Land",0,2014,NA
"786","ABR973299283655","Windeinheit","SEE909702029350, SEE991977061371, SEE916464859538, SEE972584275627, SEE965471501756, SEE927700076251, SEE968755578765",7,50400,"Ostermoor Nord Erweiterung","Windenergie an Land",0,2027,NA
"787","ABR922105506198","Windeinheit","SEE988087917377, SEE988020433964, SEE993179777968, SEE903716633169, SEE945814982343, SEE999660128363, SEE989396852786",7,50400,"Peckelsheim-Löwen","Windenergie an Land",0,2027,NA
"788","ABR919574103430","Windeinheit","SEE922042320574, SEE911662214912, SEE935342385235, SEE958058773714, SEE942711153425, SEE920076509392, SEE968035404210",7,50400,"WP Altenoythe","Windenergie an Land",0,2028,NA
"789","ABR995436199636","Windeinheit","SEE965459269784, SEE945103956734, SEE913594492598, SEE900979667993, SEE962227066910, SEE939520692153, SEE944753383303",7,50400,"WP Breberen","Windenergie an Land",0,2027,NA
"790","ABR966326151171","Windeinheit","SEE991336322426, SEE921945357335, SEE970057681296, SEE922328053141, SEE908651464502, SEE996038629248, SEE960452171089",7,50400,"WP Börnicke","Windenergie an Land",0,2027,NA
"791","ABR993209369378","Windeinheit","SEE900534958177, SEE996467400838, SEE910988960442, SEE988454686509, SEE915950073182, SEE951693031911, SEE976888269016",7,50400,"WP Olpe/A4","Windenergie an Land",0,2027,NA
"792","ABR924318424856","Windeinheit","SEE957327874619, SEE982237839298, SEE942257726817, SEE918679386250, SEE911347303757, SEE935740779995, SEE972897311050",7,50400,"WP Ostenberg","Windenergie an Land",0,2028,NA
"793","ABR920157854823","Windeinheit","SEE967291914495, SEE989257597191, SEE925134812766, SEE938135043312, SEE994493348476, SEE965635520517, SEE905282211598",7,50400,"WP Schmieritz","Windenergie an Land",0,2026,NA
"794","ABR986112753204","Windeinheit","SEE943611407243, SEE999916059649, SEE916138087939, SEE995515917564, SEE924308554792, SEE956572352002, SEE903431900751, SEE954884772495, SEE963483766477",9,50400,"Windpark Bahren West","Windenergie an Land",0,2025,NA
"795","ABR930307234535","Windeinheit","SEE939303470039, SEE913400435122, SEE901827516531, SEE943026139647, SEE995352300604, SEE912633897394, SEE910714986210",7,50400,"Windpark Klein Escherde","Windenergie an Land",0,2027,NA
"796","ABR900189085013","Windeinheit","SEE937330751275, SEE944023254937, SEE913663647690, SEE996280852692, SEE950270769827, SEE947270814336, SEE943596116321",7,50400,"Windpark Meschede-West","Windenergie an Land",0,2028,NA
"797","ABR933934351309","Windeinheit","SEE986255612604, SEE965306122019, SEE939048332609, SEE915221743486, SEE905146728118, SEE912820766335, SEE902548497239",7,50400,"Windpark Nieheim Eversen","Windenergie an Land",0,2027,NA
"798","ABR935697881581","Windeinheit","SEE954326943384, SEE994989065702, SEE942633927951, SEE915779648608, SEE914667004915, SEE953273495953, SEE950106808133, SEE999353869856, SEE916935435261, SEE929542324255, SEE922219608153, SEE985735523058",12,50400,"Windpark Ovelgönne Betriebs GmbH ＆ Co. KG","Windenergie an Land",0,2017,NA
"799","ABR964520655006","Windeinheit","SEE971548478272, SEE913588888260, SEE961931887866, SEE929088382740, SEE948613174261, SEE945848030706, SEE995867967118",7,50400,"Zeller Blauen","Windenergie an Land",0,2028,NA
"800","ABR977273103717","Windeinheit","SEE940123823745, SEE976171661824, SEE989386079018, SEE958874142138, SEE931104006165, SEE973535908366, SEE989522888177, SEE945295331920, SEE905107138932, SEE947597778861, SEE926072895200, SEE916497628576, SEE949996299817, SEE989256566525, SEE972337949416, SEE997706553773, SEE933164798783, SEE980551241728",18,50300,"Bürgerwindpark Galmsbüll GmbH ＆ Co. KG","Windenergie an Land",0,2006,NA
"801","ABR995970762600","Windeinheit","SEE992734547305, SEE919275396124, SEE966913639709, SEE962676777504, SEE929120425312, SEE969639063193, SEE903000555665, SEE941982919198, SEE931743939244, SEE972216360981, SEE930474514485, SEE990579331820, SEE974814192377, SEE938098701533, SEE935741064519, SEE916889407871, SEE972235795214",17,50100,"Coesfeld","Windenergie an Land",0,2002,NA
"802","ABR986645205263","Windeinheit","SEE965098119686, SEE979691763467, SEE990503470250, SEE918557827929, SEE950308132753, SEE941162635979, SEE959791566410, SEE915570325180, SEE911781353264",9,50040,"WP Ostercappeln II","Windenergie an Land",0,2028,NA
"803","ABR948135389396","Windeinheit","SEE985051881009, SEE969463485437, SEE914117932478, SEE924789040579, SEE969723426002, SEE922565975046, SEE902285641766, SEE988794662775, SEE932819023294",9,50040,"WP Reinsfeld-Grimburg","Windenergie an Land",0,2027,NA
"804","ABR965504664946","Windeinheit","SEE952875161150, SEE971268417681, SEE904745879702, SEE968620269231, SEE901573891302, SEE956839206543, SEE941997468421, SEE936752711829, SEE946459528286",9,50040,"WP Wolfhagen-Istha","Windenergie an Land",0,2026,NA
"805","ABR965660541112","Windeinheit","SEE998065103937, SEE979328779250, SEE922984786711, SEE942580117344, SEE909876437463, SEE966630884710, SEE972727734219, SEE972084537461, SEE952418751435",9,50040,"Windpark Ovelgönne-Culturweg","Windenergie an Land",0,2027,NA
"806","ABR943236007491","Windeinheit","SEE923398588717, SEE999524325976, SEE990330901361, SEE946371925217, SEE996143007887, SEE969383449625, SEE982253741131, SEE936180167984, SEE950247369685",9,50040,"Windpark Sonnenborstel","Windenergie an Land",0,2027,NA
"807","ABR930536774772","Windeinheit","SEE915678962577, SEE970601788709, SEE909149903268, SEE970165798350, SEE964647352116, SEE955117127457, SEE935630177702, SEE925976095334, SEE936950784892, SEE907763049348",10,50000,"Groß Voigtshagen","Windenergie an Land",0,2027,NA
"808","ABR908018347646","Windeinheit","SEE935732406441, SEE924147153255, SEE990539676688, SEE933433713639, SEE920387320648, SEE966556588600, SEE955319978970, SEE920352612938, SEE962424243039, SEE995183897717, SEE953861170859, SEE976780693209, SEE985943594512, SEE983033334871, SEE950222037394, SEE921267312364, SEE989689617009, SEE905423627677, SEE966200769768",19,49800,"UW Nessa","Windenergie an Land",0,2012,NA
"809","ABR945070183720","Windeinheit","SEE913913667195, SEE926788400521, SEE965582155749, SEE955101511231, SEE969444209953, SEE984056149206, SEE932369633516, SEE905086288758",8,49600,"Energiepark Bad Lauchstädt","Windenergie an Land",0,2024,NA
"810","ABR966354850893","Windeinheit","SEE935643487478, SEE949989225199, SEE938695487557, SEE948664436691, SEE968289811635, SEE955092579463, SEE955929407877, SEE989388281969",8,49600,"Karstädt-Waterloo","Windenergie an Land",0,2023,NA
"811","ABR960774467846","Windeinheit","SEE917220511912, SEE912188644580, SEE935452998042, SEE998725835604, SEE943243231797, SEE911424766109, SEE928761637009, SEE975250229481",8,49600,"Windpark Niederlungwitz","Windenergie an Land",0,2027,NA
"812","ABR976650410066","Windeinheit","SEE928649024716, SEE967794471426, SEE997177054007, SEE994050214060, SEE925272047334, SEE934001505373, SEE922497309063, SEE944036777331",8,49600,"Windpark Wulfshagen","Windenergie an Land",0,2026,NA
"813","ABR917036569480","Windeinheit","SEE991337205209, SEE915168759991, SEE940675636695, SEE905287293179, SEE993375679509, SEE916285152498, SEE945792005911, SEE934846975775, SEE932112059761, SEE913926374813, SEE991795390608, SEE964161168583, SEE954568024612, SEE932285916281, SEE933923484698",15,49580,"Hohen Luckow","Windenergie an Land",0,2012,NA
"814","ABR939041894357","Windeinheit","SEE998972407975, SEE965615482620, SEE904095461787, SEE948163996542, SEE990422892881, SEE937707183395, SEE991941239911, SEE942948561529, SEE931034647100",9,49500,"Windpark Holtensen-Hullersen","Windenergie an Land",0,2024,NA
"815","ABR974145340584","Windeinheit","SEE935334429022, SEE955012903590, SEE927443224797, SEE941882348760, SEE917685954187, SEE915996176458, SEE961879612698, SEE927640741875, SEE964008632758",9,49480,"Windpark Borsum","Windenergie an Land",0,2024,NA
"816","ABR945947663416","Windeinheit","SEE944040324040, SEE973918533093, SEE999185912058, SEE950345221205, SEE924355310488, SEE967676871405, SEE948347059193",7,49200,"Bartow-Pfalz","Windenergie an Land",0,2026,NA
"817","ABR978703657978","Windeinheit","SEE903484769312, SEE955625059134, SEE936395841167, SEE914272659210, SEE906641680932, SEE962869348658, SEE903607881129",7,49000,"Bürgerwindpark BHU GmbH ＆ Co. KG","Windenergie an Land",0,2027,NA
"818","ABR955876183114","Windeinheit","SEE981529787668, SEE995656993113, SEE922633043233, SEE904152324215, SEE900608078237, SEE910801909863, SEE934786901223",7,49000,"Eifel-Windpark Tondorf","Windenergie an Land",0,2028,NA
"819","ABR985766839241","Windeinheit","SEE991205049690, SEE907443177972, SEE932674559754, SEE949268381714, SEE923864521385, SEE961112253985, SEE907549656265",7,49000,"Groß Schönebeck","Windenergie an Land",0,2029,NA
"820","ABR916115096862","Windeinheit","SEE946934111613, SEE925522460340, SEE965458621989, SEE901184626942, SEE920865468985, SEE989428417501, SEE952041383096",7,49000,"Malterhausen Repowering 1","Windenergie an Land",0,2027,NA
"821","ABR941130139591","Windeinheit","SEE956313261945, SEE934891861955, SEE913702111809, SEE962946527549, SEE965436733857, SEE985774813332, SEE909163003975",7,49000,"Windpark Grevenstein","Windenergie an Land",0,2027,NA
"822","ABR992354278689","Windeinheit","SEE907165048826, SEE992143215499, SEE919913328012, SEE911385530788, SEE919213275740, SEE975207240842, SEE913290848781",7,49000,"Windpark Neuvrees I","Windenergie an Land",0,2026,NA
"823","ABR909614062537","Windeinheit","SEE984739460239, SEE996249671715, SEE989773704141, SEE936954299668, SEE990551119712, SEE907105070931, SEE974921124353",7,49000,"Windpark Wulfen I","Windenergie an Land",0,2027,NA
"824","ABR916115096862","Windeinheit","SEE996314000594, SEE925194247973, SEE964685421546, SEE976313301830, SEE996016012444, SEE993476740115, SEE911369144048",7,49000,"Windpark Zollstock","Windenergie an Land",0,2028,NA
"825","ABR970964155798","Windeinheit","SEE953208226867, SEE979673483406, SEE907898988550, SEE955395522418, SEE917284218536, SEE938480996561, SEE916333998030",7,49000,"Zerbst Rieselfelder","Windenergie an Land",0,2026,NA
"826","ABR947168577756","Windeinheit","SEE959642278745, SEE953369992847, SEE903717172667, SEE915539111670, SEE994126246414, SEE978968024973, SEE945273777870",7,49000,"evm Windpark Schneifelhöhe","Windenergie an Land",0,2027,NA
"827","ABR949473996352","Windeinheit","SEE989783402440, SEE937973310341, SEE901853229733, SEE916108177400, SEE955442840090, SEE909782091605, SEE967656247244, SEE961371880076, SEE979920181765, SEE962681990806, SEE957565843866, SEE949303686590, SEE991210558385, SEE959981862032, SEE935290406266, SEE925754412735, SEE999325433863",17,48770,"WEA 1","Windenergie an Land",0,1995,NA
"828","ABR929941424983","Windeinheit","SEE997317872492, SEE978054248443, SEE905339860243, SEE998379933329, SEE944274207959, SEE973573533872, SEE922919047993, SEE990669002104, SEE973423203399",9,48750,"Büren","Windenergie an Land",0,1999,NA
"829","ABR995119290698","Windeinheit","SEE919011257047, SEE943733517714, SEE939832424169, SEE985555977949, SEE909672156186, SEE901513687095, SEE932222492199, SEE997130899164, SEE959534348501",9,48740,"WP Mittelbarnim","Windenergie an Land",0,2028,NA
"830","ABR935275332320","Windeinheit","SEE977518860788, SEE965560787528, SEE968235188149, SEE907653178646, SEE974180678208, SEE982161063899, SEE959936824115, SEE940485993483",8,48560,"WP Wachendorf","Windenergie an Land",0,2025,NA
"831","ABR938028886620","Windeinheit","SEE940589219601, SEE928352009284, SEE999306420639, SEE917552817324, SEE997525768136, SEE980728484477, SEE914139723900, SEE923296331118",8,48500,"Windpark Herzberg-Granzin I","Windenergie an Land",0,2027,NA
"832","ABR938900840580","Windeinheit","SEE919087229481, SEE972539724538, SEE955134309003, SEE920507517217, SEE926480712434, SEE918796761770, SEE974991940440, SEE925907200721, SEE934278234518, SEE962359172879, SEE980865419110, SEE952331270600, SEE939544407719, SEE980662526622, SEE959120227265, SEE918547913946, SEE956396803469, SEE957800907780, SEE994777026625, SEE928025167310, SEE934386159987",21,48300,"Baltic 1","Windenergie auf See",0,2011,NA
"833","ABR952737319576","Windeinheit","SEE991487015567, SEE965341106906, SEE984208294556, SEE971040920033, SEE984954178117, SEE933206329913, SEE937128604684, SEE913994561306",8,48200,"Presen-Burgstaaken","Windenergie an Land",0,2027,NA
"834","ABR901504228269","Windeinheit","SEE931328557238, SEE960826252178, SEE996646184719, SEE973628172919, SEE996897601867, SEE932638856073, SEE920162238328, SEE975268090066",8,48000,"ABO Wind WP Schierenberg","Windenergie an Land",0,2027,NA
"835","ABR977997725684","Windeinheit","SEE921146511888, SEE985474745780, SEE992733878394, SEE902598380871, SEE930297330620, SEE933504892782, SEE926840352065, SEE969976709174",8,48000,"AOS Windpark Bissel GmbH ＆ Co. KG","Windenergie an Land",0,2028,NA
"836","ABR988067080268","Windeinheit","SEE955878073314, SEE910217154147, SEE946607244594, SEE938917856444, SEE955201611350, SEE970414345823, SEE932825908196, SEE972666365062, SEE917801502049, SEE953711229300, SEE911526480576, SEE965720565614, SEE917990666218, SEE935551347673, SEE993088154751, SEE990926924231",16,48000,"Bürgerwindpark Hollich Sellen","Windenergie an Land",0,2015,NA
"837","ABR906639914520","Windeinheit","SEE971448153675, SEE991231259704, SEE972526256448, SEE900335641414, SEE994203398920, SEE965835153485, SEE970975641365, SEE916187491145",8,48000,"Effeln Nord","Windenergie an Land",0,2027,NA
"838","ABR908664402423","Windeinheit","SEE986487612465, SEE940695455825, SEE972453461854, SEE994106364282, SEE961218468306, SEE966875745272, SEE977245581918, SEE980546534941",8,48000,"Fleetmark III","Windenergie an Land",0,2026,NA
"839","ABR998794599124","Windeinheit","SEE916038532737, SEE931193786818, SEE903771295180, SEE914605678598, SEE901639992059, SEE977922202167, SEE913251857197, SEE969307228930, SEE936721385907, SEE976103264703, SEE925694307337, SEE965077314712, SEE910283647451, SEE937543953176, SEE928776807770, SEE998974646426",16,48000,"Gagel","Windenergie an Land",0,2017,NA
"840","ABR913379101721","Windeinheit","SEE960833483374, SEE953630156831, SEE952671488468, SEE968665887100, SEE993358155624, SEE988892053185, SEE977743273841",7,48000,"Hengeler-Ächterhook","Windenergie an Land",0,2025,NA
"841","ABR917374462788","Windeinheit","SEE955930610846, SEE985346439021, SEE934394502577, SEE920669715759, SEE925499991649, SEE914628781237, SEE953687632104, SEE973512968581",8,48000,"Lamstedt","Windenergie an Land",0,2028,NA
"842","ABR988002440362","Windeinheit","SEE990783803687, SEE949084376321, SEE929144347089, SEE903631942872, SEE926643225283, SEE907180642368, SEE910505732422, SEE993689906384, SEE994246825490, SEE907160976759, SEE939119869164, SEE911880988589, SEE966890196370, SEE916346192586, SEE993620424113, SEE947023036329, SEE952698182370, SEE980222958801, SEE976857597645, SEE906155951054, SEE928016497549, SEE949042496153, SEE926658193928, SEE966545969564",24,48000,"WP Holzhausen","Windenergie an Land",0,2004,NA
"843","ABR963723966513","Windeinheit","SEE996104403567, SEE935089727640, SEE997378191532, SEE931521668410, SEE906797447090, SEE990237597988, SEE967418889569, SEE978334041030",8,48000,"Windpark A3-Maischeid","Windenergie an Land",0,2028,NA
"844","ABR991639911532","Windeinheit","SEE939790730043, SEE997588080299, SEE973920845719, SEE942005564944, SEE995933417288, SEE954620168971, SEE941754951630, SEE964303827637",8,48000,"Windpark Frielendorf-Waltersberg","Windenergie an Land",0,2028,NA
"845","ABR980527503157","Windeinheit","SEE942799736114, SEE937188986164, SEE987192299729, SEE959651769678, SEE954897784508, SEE932071079329, SEE922347910241, SEE946914805068",8,48000,"Windpark Ohrenbach","Windenergie an Land",0,2026,NA
"846","ABR909682406875","Windeinheit","SEE941363087454, SEE911361478271, SEE974540989456, SEE953498776202, SEE918240568382, SEE995556497261, SEE961783448895",7,48000,"Windpark Schwedt-Heinersdorf","Windenergie an Land",0,2027,NA
"847","ABR931276489872","Windeinheit","SEE923748286560, SEE945433146461, SEE937439718674, SEE970542776230, SEE903874775091, SEE972335098017, SEE913951698236, SEE919653451056",8,48000,"Windpark Wulkow-Booßen","Windenergie an Land",0,2026,NA
"848","ABR983696462553","Windeinheit","SEE956814685844, SEE992164013951, SEE967674762224, SEE939730104903, SEE983754601108, SEE939178898280, SEE941966018404",7,47600,"Bürgerwindpark Kirchgellersen","Windenergie an Land",0,2028,NA
"849","ABR927397646904","Windeinheit","SEE900003560443, SEE960609642202, SEE943783928782, SEE958199386767, SEE932332689144, SEE966934517383, SEE973899271106",7,47600,"Durmersheim","Windenergie an Land",0,2028,NA
"850","ABR986480967081","Windeinheit","SEE965064594110, SEE916240558990, SEE911803140469, SEE956664587183, SEE948381952429, SEE924006403729, SEE970289010338",7,47600,"ENOVA Windpark Boldecker Land  Betriebs GmbH ＆ Co. KG","Windenergie an Land",0,2027,NA
"851","ABR970269748800","Windeinheit","SEE992818287639, SEE983527104881, SEE967844960535, SEE969339597035, SEE966547185306, SEE910296358153, SEE931434066822",7,47600,"Lichtenhagen-Ottenstein","Windenergie an Land",0,2028,NA
"852","ABR974716387383","Windeinheit","SEE927532436070, SEE932816824016, SEE994113431939, SEE958007137024, SEE984422593060, SEE930413469838, SEE914895021500",7,47600,"WP Eslohe-Henne I","Windenergie an Land",0,2028,NA
"853","ABR952712745970","Windeinheit","SEE948554271203, SEE956331861585, SEE957023931982, SEE937169290976, SEE931716033887, SEE917540859480, SEE954158143181",7,47600,"WP Neubörger","Windenergie an Land",0,2028,NA
"854","ABR955617285831","Windeinheit","SEE922955001027, SEE904780070980, SEE983215630630, SEE993748963082, SEE903927066626, SEE911259769474, SEE922401898782",7,47600,"Windpark Bronkow Nord I","Windenergie an Land",0,2026,NA
"855","ABR984068289662","Windeinheit","SEE991176670497, SEE928893138191, SEE910144866960, SEE933336755354, SEE922919866877, SEE924253692235, SEE912684927071",7,47600,"Windpark Burgebrach-Walsdorf","Windenergie an Land",0,2027,NA
"856","ABR987799239456","Windeinheit","SEE956963230940, SEE989640682619, SEE997916850877, SEE996866472719, SEE932549375526, SEE902918046562, SEE929291228330, SEE958803733932",8,47360,"Peckelsheim","Windenergie an Land",0,2014,NA
"857","ABR957880963751","Windeinheit","SEE912988239399, SEE906898020611, SEE950375424249, SEE914574876407, SEE966882375998, SEE935124201180, SEE955913444895, SEE967404127194",8,47200,"Windpark Brakel Modexen","Windenergie an Land",0,2026,NA
"858","ABR921090463318","Windeinheit","SEE904307471900, SEE952969322696, SEE928556094406, SEE955326587226, SEE979825336246, SEE910525984641, SEE925448135438, SEE917785912582",8,47050,"Windpark Ellern","Windenergie an Land",0,2012,NA
"859","ABR925239881124","Windeinheit","SEE947085602852, SEE963318377458, SEE950557314832, SEE997662780664, SEE982731096739, SEE967630340794, SEE989152775298, SEE933618760540, SEE931557828819, SEE956062890809, SEE950291281742, SEE923726085079, SEE991564216894, SEE915242525672, SEE911726863506",15,46910,"WP Eilerberg","Windenergie an Land",0,2000,NA
"860","ABR939294556224","Windeinheit","SEE911548724887, SEE932454705425, SEE962402313426, SEE927683941461, SEE927446002620, SEE932580588299, SEE904559018588, SEE931435668469, SEE909238829967, SEE926002235076, SEE970714216250",11,46860,"Belum","Windenergie an Land",0,2028,NA
"861","ABR948286195303","Windeinheit","SEE942762347026, SEE988416273372, SEE908065111832, SEE960560378776, SEE932181473581, SEE914311625442, SEE960737911546, SEE947842381884",8,46650,"Stubben-Rehorst","Windenergie an Land",0,2028,NA
"862","ABR927007849541","Windeinheit","SEE986467045122, SEE990926152962, SEE949592224763, SEE938796273202, SEE945991551615, SEE922561733480, SEE970452577071, SEE960544710189, SEE945620247575, SEE936842423816, SEE958854489109",11,46450,"WP Alfstedt","Windenergie an Land",0,1997,NA
"863","ABR913292196903","Windeinheit","SEE975101651829, SEE994270537574, SEE922047191230, SEE992591712700, SEE938822987967, SEE983289178182, SEE943190819611",7,46400,"WP Nettetal","Windenergie an Land",0,2027,NA
"864","ABR910792061182","Windeinheit","SEE914717812071, SEE979874994572, SEE970587357203, SEE912306638613, SEE917002570229, SEE941177042250, SEE992374574471, SEE999860308114",8,46400,"Windpark Bockenem","Windenergie an Land",0,2017,NA
"865","ABR963392833123","Windeinheit","SEE975644966435, SEE931148291985, SEE909397841121, SEE943523657910, SEE953397749550, SEE921178013404, SEE933252470997, SEE966981165711, SEE945998778909, SEE991534268687, SEE953810588421, SEE944749353471, SEE958789243258, SEE936844432281, SEE912180586123, SEE977213375679, SEE935056299217, SEE920923106552, SEE941662856775, SEE925191191255, SEE939571768586, SEE973348084417, SEE917435789793",23,46300,"WF Wolfsmoor","Windenergie an Land",0,2007,NA
"866","ABR990752860598","Windeinheit","SEE914127286677, SEE982531647360, SEE904324120720, SEE956236818172, SEE949294851786, SEE926176571550, SEE997918556241, SEE942223092298, SEE980986828440",9,46300,"Windpark Schönerlinde","Windenergie an Land",0,2002,NA
"867","ABR995856068321","Windeinheit","SEE920374987465, SEE954085773123, SEE955553070539, SEE956670372810, SEE935356002180, SEE925957645626, SEE960896534846",7,46260,"Windpark Borgentreich-Bühne","Windenergie an Land",0,2028,NA
"868","ABR920363386774","Windeinheit","SEE929804491657, SEE908852859626, SEE995508771876, SEE999946645706, SEE977978570081, SEE960559824796, SEE967743387037, SEE956740908710, SEE937943064885, SEE937642288773, SEE967301836090, SEE959470323136, SEE981560711875, SEE958237040385, SEE934502228887, SEE985564556876, SEE999875149849, SEE983703300236, SEE993312807743, SEE911367262904",20,46250,"Wp Dornum","Windenergie an Land",0,2011,NA
"869","ABR914116765121","Windeinheit","SEE999007254526, SEE992548293696, SEE959857002685, SEE929604305154, SEE927059387244, SEE983369394532, SEE954563715201, SEE934581977850",8,46240,"Windpark Römerreuth","Windenergie an Land",0,2028,NA
"870","ABR999408386086","Windeinheit","SEE914602918123, SEE995636085135, SEE928462910302, SEE942655673089, SEE906651223860, SEE900910069312, SEE971188116572",7,46200,"Windpark Marsow I","Windenergie an Land",0,2028,NA
"871","ABR916115096862","Windeinheit","SEE989726221190, SEE910012576199, SEE900671327614, SEE918626378390, SEE967620251901, SEE953994946055, SEE990941024343",7,46200,"Windpark Rommerskirchen Butzheim","Windenergie an Land",0,2027,NA
"872","ABR959912107140","Windeinheit","SEE908910408261, SEE924230452975, SEE946564382353, SEE979080098606, SEE911658213622, SEE933790040584, SEE993542290407",7,46200,"Windpark Sipsdorf","Windenergie an Land",0,2023,NA
"873","ABR942111869889","Windeinheit","SEE932142657982, SEE982117868059, SEE969318823124, SEE962521844788, SEE961714160827, SEE914902410495, SEE944184938110, SEE982046904941, SEE987904420120, SEE941388413481, SEE970086206699, SEE980823302829, SEE922379510105, SEE908388610821, SEE978294614091",15,46125,"WP Krackow-Glasow","Windenergie an Land",0,2015,NA
"874","ABR909752021298","Windeinheit","SEE930673638166, SEE973119138523, SEE938844336989, SEE977887899808, SEE916938544557, SEE952234447635, SEE978575887954, SEE992409022717, SEE975905528532, SEE911298637376, SEE953656475619, SEE906216898557, SEE973398302073, SEE994483558090, SEE990330814104",15,46125,"Windpark Groß Eilstorf","Windenergie an Land",0,2011,NA
"875","ABR939258467924","Windeinheit","SEE924326937546, SEE943805092576, SEE934826579306, SEE990092995905, SEE901241554065, SEE937668853269, SEE948776052291, SEE971935706995, SEE924124847559",9,46100,"WP Hilkenbrook","Windenergie an Land",0,1993,NA
"876","ABR909054335185","Windeinheit","SEE914301870579, SEE941507369545, SEE907105728702, SEE948166524889, SEE931778506718, SEE961565672388, SEE947203472350",7,46000,"Kindelbrück","Windenergie an Land",0,2029,NA
"877","ABR916205110898","Windeinheit","SEE987308711312, SEE901827806328, SEE901469743722, SEE901515520406, SEE986379640378, SEE937137176127, SEE908080503964, SEE983255930530, SEE941589808970, SEE917573196835, SEE957422508822, SEE970015368870, SEE936963052148, SEE990774859396, SEE914752566878, SEE940500076771, SEE936735102057, SEE907202104744, SEE901691471516, SEE970339409617",20,46000,"Mahlwinkel-Süd","Windenergie an Land",0,2015,NA
"878","ABR904400274873","Windeinheit","SEE940987980899, SEE926257133035, SEE913662551387, SEE952501503743, SEE983302201231, SEE900135436128, SEE991629221443, SEE912018626915, SEE970931687369, SEE959298315931, SEE913664563647, SEE999504752525, SEE943812750377, SEE940044893032, SEE996962124703, SEE921643831441, SEE985073488781, SEE907736183123, SEE911741043211, SEE916764871162",20,46000,"Windpark AWOMO / Wohnste","Windenergie an Land",0,2012,NA
"879","ABR931133214524","Windeinheit","SEE911953884947, SEE926973637862, SEE948147254866, SEE938107542973, SEE975563053582, SEE911220124639, SEE954580767061, SEE944191543758",8,45600,"Trianel Windpark Tasdorf","Windenergie an Land",0,2026,NA
"880","ABR956220845399","Windeinheit","SEE900269522438, SEE918059585174, SEE949342771974, SEE919646913479, SEE971422167803, SEE995365480461, SEE953830485717, SEE978399272233",8,45600,"WP Ferdinandshaus","Windenergie an Land",0,2026,NA
"881","ABR989299673013","Windeinheit","SEE913074246260, SEE922426741742, SEE995382246972, SEE989210816352, SEE993490188894, SEE955585108330, SEE955732860494, SEE906437555420",8,45600,"Windpark Buckow","Windenergie an Land",0,2026,NA
"882","ABR954297833578","Windeinheit","SEE916841448621, SEE965689840104, SEE955552184527, SEE915682306503, SEE956016034570, SEE914160818828, SEE951401903745, SEE926192163081, SEE960212857314, SEE964562280884",10,45000,"Windpark Tiefenriede","Windenergie an Land",0,2024,NA
"883","ABR906094367947","Windeinheit","SEE976297576132, SEE961025445392, SEE906696607274, SEE978458333981, SEE921208108827, SEE906521738333, SEE938471144773, SEE925164378898",8,44800,"WP Münstedt","Windenergie an Land",0,2024,NA
"884","ABR916115096862","Windeinheit","SEE964602501337, SEE940200844946, SEE984792982433, SEE919080198708, SEE969237285041, SEE966080817955, SEE962520932073, SEE982209867397",8,44700,"WP Lesse 5 Repowering","Windenergie an Land",0,2024,NA
"885","ABR997403625216","Windeinheit","SEE947075407313, SEE955617440902, SEE941270408496, SEE932004115964, SEE922873382420, SEE972161122559, SEE956536975353, SEE925628601005",8,44700,"Windpark Seewald","Windenergie an Land",0,2026,NA
"886","ABR915708824349","Windeinheit","SEE955525679913, SEE950567648248, SEE924577345077, SEE968207511906, SEE993817922569, SEE931181858152, SEE988858405096",7,44500,"Windpark Rotes Land Erlinghausen","Windenergie an Land",0,2028,NA
"887","ABR953023318433","Windeinheit","SEE984905462432, SEE947012849718, SEE969437719476, SEE995885995124, SEE914240720195, SEE940378993071, SEE987048648053, SEE987539984189",8,44480,"Windpark Franzenheim","Windenergie an Land",0,2028,NA
"888","ABR917113238353","Windeinheit","SEE910560050554, SEE910458714216, SEE996629913923, SEE921857357645, SEE927132982960, SEE994292014442, SEE962538541212",7,44100,"Gutes Wasser","Windenergie an Land",0,2026,NA
"889","ABR917113238353","Windeinheit","SEE976150794277, SEE930706079515, SEE956758698016, SEE926928288668, SEE909152487274, SEE954619797588, SEE920377493352",7,44100,"Hermeskopf","Windenergie an Land",0,2026,NA
"890","ABR997987075100","Windeinheit","SEE900921968277, SEE997720478151, SEE985908414084, SEE923764255496, SEE948637797873, SEE937818141369, SEE926890936635, SEE951207435983",8,44000,"Bankewitz","Windenergie an Land",0,2023,NA
"891","ABR904674920995","Windeinheit","SEE937443831222, SEE940192313642, SEE972874607541, SEE974601571095, SEE968365115329, SEE910322395084, SEE924070250847, SEE966337849982",8,44000,"Bard Offshore 1 - C1 - 51573657505","Windenergie auf See",0,2012,NA
"892","ABR904674920995","Windeinheit","SEE968205748922, SEE969999204007, SEE954719207161, SEE938265108875, SEE982370299690, SEE901551466942, SEE987524956658, SEE910107763794",8,44000,"Bard Offshore 1 - C12 - 51573657638","Windenergie auf See",0,2010,NA
"893","ABR904674920995","Windeinheit","SEE923903116534, SEE972660469803, SEE979546986188, SEE988829344263, SEE980346540470, SEE945149146274, SEE944232444587, SEE995628112627",8,44000,"Bard Offshore 1 - C2 - 51573657521","Windenergie auf See",0,2012,NA
"894","ABR904674920995","Windeinheit","SEE914706542156, SEE993879862971, SEE991490102278, SEE939790387667, SEE988027160474, SEE923655714361, SEE989897250586, SEE900507729322",8,44000,"Bard Offshore 1 - C3 - 51573657539","Windenergie auf See",0,2013,NA
"895","ABR904674920995","Windeinheit","SEE921583606147, SEE985962236240, SEE906786335155, SEE992630401015, SEE904512639379, SEE944857159187, SEE969959430095, SEE993042983656",8,44000,"Bard Offshore 1 - C4 - 51573657547","Windenergie auf See",0,2013,NA
"896","ABR904674920995","Windeinheit","SEE963568982921, SEE903069359273, SEE956510161277, SEE911003124580, SEE975829343204, SEE979784343408, SEE911758452341, SEE971216326522",8,44000,"Bard Offshore 1 - C5 - 51573657555","Windenergie auf See",0,2013,NA
"897","ABR904674920995","Windeinheit","SEE971526967507, SEE918092471427, SEE956953405204, SEE975758736160, SEE984583711624, SEE930230814248, SEE944254955917, SEE985488944759",8,44000,"Bard Offshore 1 - C6 - 51573657563","Windenergie auf See",0,2013,NA
"898","ABR904674920995","Windeinheit","SEE975740940797, SEE951399349877, SEE906427026343, SEE949642547019, SEE929128950137, SEE977531194174, SEE917803971102, SEE909340683280",8,44000,"Bard Offshore 1 - C9 - 51573657597","Windenergie auf See",0,2012,NA
"899","ABR952507990011","Windeinheit","SEE921916612906, SEE929029182835, SEE986314824429, SEE917928566696, SEE994924596612, SEE982554024810, SEE940918195415",7,44000,"Bertikow","Windenergie an Land",0,2024,NA
"900","ABR911559623568","Windeinheit","SEE915356504785, SEE990786869987, SEE955591167123, SEE979359178008, SEE985348477236, SEE935762044538, SEE946393561820, SEE927832169456",8,44000,"Rosenthal - Repowering","Windenergie an Land",0,2028,NA
"901","ABR919822937695","Windeinheit","SEE971254316882, SEE907788085925, SEE946627124708, SEE905143762726, SEE966138581371, SEE992465343047, SEE941166488670",7,44000,"Windpark Trebitz II","Windenergie an Land",0,2023,NA
"902","ABR912497900759","Windeinheit","SEE964143830071, SEE996342225778, SEE970131472758, SEE943113310485, SEE973243563598, SEE957241607096, SEE969935401125, SEE931924669182, SEE900869292779, SEE996028647252, SEE932155997631, SEE996236998528, SEE978196658438, SEE913916085781, SEE998750855530",15,43800,"Windpark Ottendorf-Kohlenhausen-Oersdorf","Windenergie an Land",0,2002,NA
"903","ABR917198860593","Windeinheit","SEE997703279805, SEE926519705031, SEE995927152584, SEE930637860336, SEE930313586208, SEE965563539148, SEE937136464423, SEE935581085392, SEE981759303195, SEE948675660375, SEE922377020187, SEE977363269866, SEE935805425201, SEE910206467722, SEE950171155163, SEE929061701988, SEE918734811901, SEE903216296857, SEE943839739751",19,43620,"Rheurdt","Windenergie an Land",0,2002,NA
"904","ABR931086202654","Windeinheit","SEE958912367639, SEE964040532757, SEE922521318726, SEE942586874821, SEE921338053783, SEE930024678124, SEE942791924557",7,43500,"Flütwind","Windenergie an Land",0,2024,NA
"905","ABR966354850893","Windeinheit","SEE922358075649, SEE921478101900, SEE943921477363, SEE969795617964, SEE964690271709, SEE964126170583, SEE976230901205",7,43400,"Blüthen-Klockow","Windenergie an Land",0,2026,NA
"906","ABR941190092140","Windeinheit","SEE987701791584, SEE965544345157, SEE915201451066, SEE942902050489, SEE906148116552, SEE920620045208, SEE973481925394",7,43400,"Breuberg","Windenergie an Land",0,2028,NA
"907","ABR972187995137","Windeinheit","SEE967711496402, SEE947652559725, SEE908008989801, SEE933987766617, SEE990094480133, SEE991486711453, SEE949655575900",7,43400,"Mehring II","Windenergie an Land",0,2027,NA
"908","ABR912033708214","Windeinheit","SEE955951567259, SEE926968306131, SEE996764253601, SEE913248958241, SEE988447360249, SEE909371562592, SEE985790362937",7,43400,"Repowering Wöhrden","Windenergie an Land",0,2023,NA
"909","ABR970767038243","Windeinheit","SEE928237978537, SEE973916217759, SEE926357694962, SEE928221095592, SEE941258053519, SEE915766242918, SEE983386238956",7,43400,"WP Börnersdorf","Windenergie an Land",0,2026,NA
"910","ABR986645205263","Windeinheit","SEE918147458366, SEE940879809864, SEE956905166917, SEE919410578828, SEE910735648937, SEE975672644411, SEE963284000022",7,43400,"WP Müncheberg Mittelheide","Windenergie an Land",0,2028,NA
"911","ABR903778455914","Windeinheit","SEE993604411979, SEE967108536407, SEE917315601764, SEE965745865942, SEE946178507371, SEE959293887617, SEE998848149244",7,43400,"Windpark Hermannstein","Windenergie an Land",0,2026,NA
"912","ABR974945504704","Windeinheit","SEE940681763927, SEE910595591237, SEE903092873357, SEE905325949921, SEE994836872484, SEE990157079342, SEE938187518899, SEE975745371558, SEE986635722282, SEE943846511234, SEE994869705070, SEE986798925650, SEE914036502233, SEE910965364430, SEE929342507834, SEE929484891785, SEE959879141409, SEE993488091892",18,43260,"Windpark Schöppinger Berg GmbH ＆ Co. KG","Windenergie an Land",0,2000,NA
"913","ABR986981057069","Windeinheit","SEE973490155713, SEE963754228109, SEE993233296596, SEE957123388716, SEE945252780785, SEE969716045593",6,43200,"ABO Energy WP Dittelsheim-Heßloch 2","Windenergie an Land",0,2028,NA
"914","ABR901310316082","Windeinheit","SEE941400641588, SEE994737575699, SEE915137871921, SEE914131874075, SEE955765357664, SEE911257368747",6,43200,"Altenautal Erweiterung II","Windenergie an Land",0,2028,NA
"915","ABR940511676847","Windeinheit","SEE995818092883, SEE978639818740, SEE900499071607, SEE939366397434, SEE978160934476, SEE971346493682",6,43200,"Auw bei Prüm","Windenergie an Land",0,2027,NA
"916","ABR924555604448","Windeinheit","SEE903432915136, SEE917226346945, SEE998415685557, SEE959139111173, SEE977763925348, SEE900339365125, SEE930138059079, SEE929821718980",8,43200,"Gönnebek I","Windenergie an Land",0,2025,NA
"917","ABR918582642863","Windeinheit","SEE912087589579, SEE925358937726, SEE966746551070, SEE917749194047, SEE933517920489, SEE932398027607",6,43200,"Hogenset","Windenergie an Land",0,2028,NA
"918","ABR900753990392","Windeinheit","SEE900783549690, SEE937744919643, SEE914656798139, SEE982721870653, SEE901865111347, SEE985393714256",6,43200,"Hoßkirch","Windenergie an Land",0,2025,NA
"919","ABR984763111640","Windeinheit","SEE980033317897, SEE935955243960, SEE909146939932, SEE958071665997, SEE928100698449, SEE976914119995",6,43200,"MAN I","Windenergie an Land",0,2028,NA
"920","ABR936416546668","Windeinheit","SEE996258293441, SEE917085398727, SEE922372061239, SEE981301872414, SEE955283025441, SEE945906680638",6,43200,"WP Elde GmbH ＆ Co. KG","Windenergie an Land",0,2028,NA
"921","ABR909353732326","Windeinheit","SEE974989546432, SEE999767129621, SEE953234557638, SEE962629976688, SEE948835953422, SEE925954435411, SEE998173626847, SEE945200307392, SEE934245360936, SEE907832445804, SEE940396128394, SEE943933689785",12,43200,"WP Halenbeck/Warnsdorf-Ost","Windenergie an Land",0,2020,NA
"922","ABR909807895621","Windeinheit","SEE975708729983, SEE990568154263, SEE923180508039, SEE970754816335, SEE921978158794, SEE981221160356",6,43200,"WP Harrenstätter Heide","Windenergie an Land",0,2027,NA
"923","ABR915861801041","Windeinheit","SEE902654721938, SEE917557745165, SEE978243681815, SEE996305950051, SEE929945442839, SEE926256316439, SEE918945612854, SEE922696727927, SEE961005561456, SEE973359925877, SEE928969331181, SEE928042597817, SEE942742289308, SEE957403479165, SEE993715947107, SEE920366142605, SEE926835278547, SEE940439989753, SEE903819297442, SEE972899379454, SEE915199685818, SEE910418240182, SEE932196438582, SEE962618570743",24,43200,"WP Hellberge","Windenergie an Land",0,2002,NA
"924","ABR940126093312","Windeinheit","SEE936389613824, SEE995010366201, SEE940235095634, SEE954101603588, SEE978514924009, SEE970907697293, SEE974263153639, SEE958083345276, SEE952545378451, SEE928606102938, SEE970773107001, SEE968107314874, SEE908292739120",13,43200,"WP Kührstedt-Alfstedt","Windenergie an Land",0,2017,NA
"925","ABR944287549039","Windeinheit","SEE934659845814, SEE923528929694, SEE917274633165, SEE902205141161, SEE973795687629, SEE924576164143",6,43200,"WP Oldenbroker Feld Niederort","Windenergie an Land",0,2027,NA
"926","ABR915861801041","Windeinheit","SEE922993440710, SEE927989576596, SEE977124296803, SEE919488088786, SEE940434139115, SEE939796377358",6,43200,"WP Waldhausen","Windenergie an Land",0,2029,NA
"927","ABR982894647526","Windeinheit","SEE952013197522, SEE959614900438, SEE989292795972, SEE957380286572, SEE947938145086, SEE903853371085, SEE913399758110, SEE994333666296, SEE968911011112, SEE998184353305, SEE994289714614, SEE910264820194",12,43200,"Windpark Damme","Windenergie an Land",0,2016,NA
"928","ABR922098073530","Windeinheit","SEE900984365631, SEE949135105993, SEE964209180300, SEE954812300202, SEE920961970474, SEE910637215602",6,43200,"Windpark Donstorf","Windenergie an Land",0,2027,NA
"929","ABR975325753170","Windeinheit","SEE942198048726, SEE913945154144, SEE906211078787, SEE999268874143, SEE937578760428, SEE908770253513",6,43200,"Windpark Dretzen V","Windenergie an Land",0,2028,NA
"930","ABR930795023765","Windeinheit","SEE999823070461, SEE991812532462, SEE944003117139, SEE985885229909, SEE991268263460, SEE942377436849, SEE910897275415, SEE915685450142, SEE991876810193, SEE996816765175, SEE908733113670, SEE912273156417",12,43200,"Windpark Erftstadt-Friesheim","Windenergie an Land",0,2024,NA
"931","ABR965828348003","Windeinheit","SEE927563741327, SEE913083615040, SEE957629469902, SEE907059694900, SEE985450913486, SEE955888221972, SEE933822646517, SEE964541216170, SEE936638933550, SEE961838933857, SEE942448949513, SEE975362937755",12,43200,"Windpark Günthersdorf II","Windenergie an Land",0,2021,NA
"932","ABR928567608968","Windeinheit","SEE958080112581, SEE948612682095, SEE987023027118, SEE978872331372, SEE902417397691, SEE948264664111",6,43200,"Windpark Kerspleben","Windenergie an Land",0,2028,NA
"933","ABR946530241639","Windeinheit","SEE971701812622, SEE996707780225, SEE957979682617, SEE976922661448, SEE926658734794, SEE924362067504",6,43200,"Windpark Kroppenstedt West","Windenergie an Land",0,2027,NA
"934","ABR977944827782","Windeinheit","SEE985224699127, SEE982471329043, SEE988507496581, SEE987881611559, SEE905771484670, SEE910664036300",6,43200,"Windpark Nordkamp","Windenergie an Land",0,2028,NA
"935","ABR917115992765","Windeinheit","SEE903432612981, SEE967382247105, SEE980230096328, SEE999475654101, SEE915477771738, SEE950781176213, SEE990290639335, SEE992036681707, SEE906379463524",9,43200,"Windpark Zülpich-Geich","Windenergie an Land",0,2028,NA
"936","ABR975245373205","Windeinheit","SEE952846274629, SEE933356381939, SEE922477898464, SEE918202113933, SEE921346307328, SEE948650649753",6,43200,"Windpark Üchtelhausen","Windenergie an Land",0,2028,NA
"937","ABR956302105038","Windeinheit","SEE941942576270, SEE965663346189, SEE932549993287, SEE998253986212, SEE999404004557, SEE914534964779, SEE958322694585, SEE982376548396, SEE952842104852",9,43175,"Windpark Retzstadt","Windenergie an Land",0,2014,NA
"938","ABR932133481961","Windeinheit","SEE988589574382, SEE994423359367, SEE994475932778, SEE981600359548, SEE948512735327, SEE964772514328, SEE947162588697, SEE963224077077",8,43100,"Windpark Erndtebrück","Windenergie an Land",0,2026,NA
"939","ABR947912415150","Windeinheit","SEE933991017958, SEE951834395414, SEE984027667753, SEE927469801538, SEE954788788097, SEE981659162212, SEE975012753001, SEE979532997334, SEE955314732188, SEE920493995488, SEE969527108623, SEE999372458154, SEE994821779132, SEE975495875276",14,43000,"GR Grünberg","Windenergie an Land",0,2009,NA
"940","ABR940794673649","Windeinheit","SEE976827673331, SEE943335259500, SEE930245628625, SEE948386528292, SEE994938055822, SEE943555036899, SEE929088363275, SEE938689245804, SEE964231231728, SEE985042646518",10,42900,"Windpark Sievern","Windenergie an Land",0,1999,NA
"941","ABR920976595662","Windeinheit","SEE951762330976, SEE931511494258, SEE936231669542, SEE990997108868, SEE913210066851, SEE939495322062, SEE997806900330, SEE930993053939",8,42900,"innoVent WP Esenshammergroden","Windenergie an Land",0,2027,NA
"942","ABR984108841713","Windeinheit","SEE959863566386, SEE949462738413, SEE964693092653, SEE910157571851, SEE962062980945, SEE975897686739, SEE987278425264, SEE939425536811, SEE929177782260, SEE947479333423, SEE943104156368, SEE952638783810, SEE942509573442, SEE923864533463",14,42700,"Windpark Bösel","Windenergie an Land",0,2014,NA
"943","ABR941327672986","Windeinheit","SEE948219812307, SEE974985183242, SEE972861754494, SEE991612228343, SEE953467930918, SEE950224912781, SEE901124399400, SEE927540582134, SEE972259067519, SEE935439330193, SEE903572407003, SEE916778409283, SEE989977425965, SEE965845097366",14,42700,"Windpark Neetzow-Liepen","Windenergie an Land",0,2013,NA
"944","ABR992883757938","Windeinheit","SEE975213574627, SEE949999605042, SEE996953611113, SEE922486746688, SEE952431155692, SEE937854457813",6,42600,"WP Manrode","Windenergie an Land",0,2027,NA
"945","ABR952732811341","Windeinheit","SEE994240496726, SEE977062162710, SEE977427035192, SEE955168451907, SEE983353189946, SEE937943319640, SEE910186040311, SEE987132794147, SEE949993888564, SEE991196730140",10,42600,"Windpark Schönemoor II","Windenergie an Land",0,2026,NA
"946","ABR975941639810","Windeinheit","SEE913566815752, SEE958798168382, SEE954851126238, SEE963088856429, SEE986389191488, SEE990920890877, SEE910690145830, SEE987079205850, SEE964498230939",9,42400,"WP Mallnow","Windenergie an Land",0,2009,NA
"947","ABR937958267189","Windeinheit","SEE983791452350, SEE984476752802, SEE985274554452, SEE948559691853, SEE972814390649, SEE931347691067, SEE933652970400, SEE936607228700, SEE911841971957, SEE968704394002, SEE904150147830, SEE995659476187, SEE997209156105, SEE965098533949, SEE981765862204, SEE992107156448, SEE923340124239, SEE984641422974, SEE906915583884, SEE952955510595, SEE904510932472",21,42100,"Petjenburg","Windenergie an Land",0,2000,NA
"948","ABR920069828509","Windeinheit","SEE904389447930, SEE976622252700, SEE970701478562, SEE993770898246, SEE910230723443, SEE935086449200, SEE935803811228, SEE973252975955, SEE945070222641, SEE959910374773, SEE926611288029",11,42060,"WP Hassel","Windenergie an Land",0,2005,NA
"949","ABR903847604397","Windeinheit","SEE995604734348, SEE941848219738, SEE928900208831, SEE975062259317, SEE931824869811, SEE975751194905, SEE981908906055, SEE998237342973, SEE960251846461, SEE945929824910, SEE994730649786",11,42050,"WP Gadebusch","Windenergie an Land",0,2004,NA
"950","ABR937702280990","Windeinheit","SEE951119444769, SEE948583618437, SEE992147317496, SEE956785656720, SEE938739096585, SEE965159542712, SEE905138117319",7,42000,"Auenhausen Hampenhausen","Windenergie an Land",0,2028,NA
"951","ABR915240064265","Windeinheit","SEE939592110821, SEE955569171831, SEE976912393366, SEE961569565266, SEE939227989112, SEE920415595314",6,42000,"Bürgerwindpark Ehndorf GmbH ＆ Co. KG","Windenergie an Land",0,2027,NA
"952","ABR936430427547","Windeinheit","SEE995515209805, SEE933501517114, SEE923015351458, SEE927060682079, SEE971990602461, SEE961215268879, SEE977262885662",7,42000,"Bürgerwindpark Kleinenberg","Windenergie an Land",0,2028,NA
"953","ABR941190092140","Windeinheit","SEE924129590214, SEE999701051209, SEE971688357925, SEE988795579737, SEE995724342096, SEE902210448699, SEE922507706790",7,42000,"Ebsdorfergrund-Roßberg","Windenergie an Land",0,2027,NA
"954","ABR990433555492","Windeinheit","SEE978526015610, SEE996792936965, SEE933953358365, SEE962534024924, SEE913182945307, SEE933390057142",6,42000,"Energiepark am Gewerbegebiet","Windenergie an Land",0,2027,NA
"955","ABR968855259731","Windeinheit","SEE908383246995, SEE978228310754, SEE945858360244, SEE948328507491, SEE900366519485, SEE974373900307",6,42000,"Gaishecke III","Windenergie an Land",0,2028,NA
"956","ABR923988840690","Windeinheit","SEE940586659288, SEE927802721554, SEE934346930373, SEE971210280998, SEE995106999016, SEE918830147997",6,42000,"Ihausen","Windenergie an Land",0,2029,NA
"957","ABR941190092140","Windeinheit","SEE965202747910, SEE910311566334, SEE993960618586, SEE912498793978, SEE953764494199, SEE921825677355, SEE928023616186",7,42000,"Jesberg","Windenergie an Land",0,2028,NA
"958","ABR989393706204","Windeinheit","SEE905305075602, SEE945447687349, SEE951232638885, SEE907553213898, SEE956628973618, SEE913102750790",6,42000,"Podelzig Lebus II","Windenergie an Land",0,2027,NA
"959","ABR966369503555","Windeinheit","SEE967241400702, SEE969084681270, SEE946736601091, SEE953806400430, SEE969138395481, SEE953122305259, SEE931909290516",7,42000,"WP Bosau","Windenergie an Land",0,2025,NA
"960","ABR982392078730","Windeinheit","SEE903743448163, SEE955907326008, SEE922516544352, SEE999403186254, SEE939887063351, SEE996215701866",6,42000,"WP Nellinghof","Windenergie an Land",0,2028,NA
"961","ABR965698115309","Windeinheit","SEE999708085566, SEE950315968550, SEE914083008719, SEE935826106875, SEE980938386431, SEE971700359807",6,42000,"WP Ringgau","Windenergie an Land",0,2028,NA
"962","ABR925519591187","Windeinheit","SEE993582584375, SEE902472219549, SEE947560206735, SEE971930324507, SEE938593900981, SEE957615606274",6,42000,"Windpark Hagenauer Forst","Windenergie an Land",0,2028,NA
"963","ABR916115096862","Windeinheit","SEE935299305249, SEE937403354976, SEE943056423532, SEE990759869884, SEE916768268517, SEE967346259694",6,42000,"Windpark Heilenbach-Schleid-Bickendorf","Windenergie an Land",0,2028,NA
"964","ABR958938644929","Windeinheit","SEE930842487540, SEE923975946886, SEE947469296776, SEE903407103988, SEE935694667195, SEE933655706730",6,42000,"Windpark Herßum","Windenergie an Land",0,2027,NA
"965","ABR916351298013","Windeinheit","SEE959407779296, SEE959197561484, SEE953103873319, SEE949181296126, SEE907575165670, SEE921192667645, SEE918214797787, SEE982799216056, SEE977822844580, SEE971210537108, SEE938401052314, SEE983769000835",12,42000,"Windpark Huje-Nutteln","Windenergie an Land",0,2020,NA
"966","ABR939661916309","Windeinheit","SEE963182444515, SEE991053525315, SEE914592853176, SEE961607445260, SEE924208134766, SEE973500532671, SEE983597763414",7,42000,"Windpark Könau Offenland","Windenergie an Land",0,2028,NA
"967","ABR912872632718","Windeinheit","SEE934913987533, SEE910760806289, SEE905296840401, SEE959456996392, SEE939731705499, SEE911008083189",6,42000,"Windpark Lingen Ochsenbruch","Windenergie an Land",0,2028,NA
"968","ABR917115992765","Windeinheit","SEE991910018585, SEE934852810411, SEE984671090082, SEE948822650723, SEE959459367502, SEE957569600045",6,42000,"Windpark Mechernich Lukasheide-Süd","Windenergie an Land",0,2028,NA
"969","ABR973845400888","Windeinheit","SEE985639543428, SEE970706131165, SEE993290514947, SEE934589856416, SEE969329102843, SEE996306109182, SEE998093009874",7,42000,"Windpark Middendorf","Windenergie an Land",0,2027,NA
"970","ABR943137037733","Windeinheit","SEE956020519247, SEE975193994330, SEE950389598325, SEE924046410985, SEE943639325697, SEE942527492671, SEE977866705625, SEE924498230315",8,41820,"Windpark Bimolten Erweiterung","Windenergie an Land",0,2027,NA
"971","ABR910577255904","Windeinheit","SEE985492308035, SEE909843099021, SEE996179101368, SEE964948342175, SEE911135927042, SEE972678640850, SEE917382921079",7,41600,"WP Schacht Konrad II Repowering","Windenergie an Land",0,2025,NA
"972","ABR917118258462","Windeinheit","SEE934573521887, SEE980484570896, SEE950247291672, SEE994331486582, SEE963240414702, SEE916472464571, SEE977905183520",7,41560,"Altenheerse","Windenergie an Land",0,2028,NA
"973","ABR930240249832","Windeinheit","SEE974396037622, SEE943841497984, SEE901638552858, SEE978679941668, SEE923982362440, SEE953744056027, SEE921896204115, SEE967292023523, SEE997623077536, SEE981436165788, SEE981066383354, SEE933062071339, SEE988711121293, SEE910680703248, SEE913602408931, SEE956950390442, SEE903100708596, SEE931172676901, SEE928095818471, SEE926360789600, SEE980334544398",21,41500,"Zölkow","Windenergie an Land",0,2006,NA
"974","ABR970952445139","Windeinheit","SEE902178465004, SEE997804412248, SEE965515116687, SEE939435215355, SEE906728552657, SEE948871690534, SEE964254263720, SEE925480164212, SEE943154461511, SEE963268163279, SEE962360435598, SEE952882173702",12,41400,"Windpark Beesenberg","Windenergie an Land",0,2017,NA
"975","ABR927462356264","Windeinheit","SEE908566861014, SEE935215408580, SEE982798605653, SEE945794827535, SEE960463014849, SEE991253472563, SEE964164661739, SEE900973026000, SEE907969902232, SEE908624274022, SEE929536847081",11,41140,"Werder Kessin 2.BA","Windenergie an Land",0,2012,NA
"976","ABR968565064304","Windeinheit","SEE968204808306, SEE918632812864, SEE999489752008, SEE926706308557, SEE979181453311, SEE919067526623, SEE944865780496, SEE921602903165, SEE924912827299, SEE929981180443, SEE979186301020, SEE910571512867, SEE937978723375, SEE947548763052, SEE911185592054, SEE933488928507",16,41050,"Windpark Nuscheler GmbH ＆ Co. KG","Windenergie an Land",0,2007,NA
"977","ABR916115096862","Windeinheit","SEE937668160763, SEE958175777091, SEE900695682263, SEE915692742452, SEE921757162028, SEE969941732770, SEE995798202265",7,41000,"WP Aldenhoven","Windenergie an Land",0,2025,NA
"978","ABR951706195258","Windeinheit","SEE949005573587, SEE919456621755, SEE958930725978, SEE924131790978, SEE972185944564, SEE903386549180, SEE908141485192, SEE996648195478, SEE921975723865, SEE994400733876, SEE960182870306, SEE930441914676, SEE954197269811",13,40990,"AW Windenergie Bramsche GmbH ＆ Co. KG","Windenergie an Land",0,2016,NA
"979","ABR918582642863","Windeinheit","SEE958639438537, SEE995830812766, SEE913149687738, SEE990443287505, SEE908270395607, SEE921907233431",6,40800,"Ankum - Druchhorn","Windenergie an Land",0,2028,NA
"980","ABR927397646904","Windeinheit","SEE901846501426, SEE991445727624, SEE968353557414, SEE911103387069, SEE918233962210, SEE970648708647",6,40800,"Bärenbühl","Windenergie an Land",0,2029,NA
"981","ABR972989417615","Windeinheit","SEE947344506785, SEE927099446420, SEE920769480656, SEE928264195990, SEE936957504578, SEE901633156181",6,40800,"Cramme II","Windenergie an Land",0,2025,NA
"982","ABR914829576557","Windeinheit","SEE998857505413, SEE919951377201, SEE934826202389, SEE965850317916, SEE923901667403, SEE905300219773",6,40800,"Repowering Windpark Wetzdorf","Windenergie an Land",0,2026,NA
"983","ABR945527824657","Windeinheit","SEE972148383928, SEE967939089653, SEE932373076446, SEE916803307645, SEE976917909586, SEE943711443981",6,40800,"WP Aulendorf","Windenergie an Land",0,2028,NA
"984","ABR965616531563","Windeinheit","SEE999400942594, SEE945129327952, SEE992918131160, SEE980983892598, SEE942755591283, SEE909751371561",6,40800,"WP Breddenberg GmbH ＆ Co. KG","Windenergie an Land",0,2028,NA
"985","ABR938699498481","Windeinheit","SEE925672639795, SEE948180795371, SEE929005969337, SEE919641003304, SEE946141777992, SEE926412539887",6,40800,"WP Bösel-West","Windenergie an Land",0,2025,NA
"986","ABR946798486612","Windeinheit","SEE909499029335, SEE981245069505, SEE904492468808, SEE955794219094, SEE959485545363, SEE994114564582",6,40800,"Windenergie Thüle","Windenergie an Land",0,2027,NA
"987","ABR901807613175","Windeinheit","SEE905581925424, SEE950147072296, SEE970428196435, SEE945979707898, SEE925639961020, SEE988636126687",6,40800,"Windpark Birkach 2","Windenergie an Land",0,2028,NA
"988","ABR967468709374","Windeinheit","SEE934865974582, SEE978709126638, SEE931599314424, SEE920001323864, SEE950215240725, SEE913832397593",6,40800,"Windpark Gedern Kommunalwald","Windenergie an Land",0,2027,NA
"989","ABR933160347206","Windeinheit","SEE914019369129, SEE973946469555, SEE947066103057, SEE986748459631, SEE918841379042, SEE984675297814",6,40800,"Windpark Gerdshagen I","Windenergie an Land",0,2028,NA
"990","ABR980401008792","Windeinheit","SEE928797468738, SEE994622380414, SEE966109799569, SEE988028549490, SEE983010895845, SEE931656874182",6,40800,"Windpark Rehain II","Windenergie an Land",0,2027,NA
"991","ABR999408386086","Windeinheit","SEE930005380626, SEE928368378558, SEE908998847457, SEE928950162800, SEE937349257911, SEE959763236525",6,40800,"Windpark Skassa","Windenergie an Land",0,2028,NA
"992","ABR986646979026","Windeinheit","SEE984399847616, SEE959277279322, SEE977761858037, SEE901399719798, SEE949816241316, SEE980200759581, SEE918650521557, SEE924609356248, SEE928374248067, SEE904019005219, SEE961575496493, SEE933855079931, SEE921933604571, SEE946485973302, SEE956188950753, SEE949028309583, SEE940849875493, SEE958791292053, SEE916448350433, SEE999708160812, SEE968648205532, SEE990575359095, SEE956459063854, SEE918868848255, SEE983968500662",25,40800,"Windpark Uthlede","Windenergie an Land",0,1998,NA
"993","ABR977671215814","Windeinheit","SEE946390736078, SEE973783279409, SEE918666796161, SEE901844194040, SEE974400805834, SEE981529733283",6,40800,"Windpark Utzedel","Windenergie an Land",0,2028,NA
"994","ABR962498235886","Windeinheit","SEE934755540637, SEE972455509516, SEE993386272973, SEE922993480891, SEE993180370714, SEE975120886882",6,40800,"Windpark Weißenborn-Lichtenberg","Windenergie an Land",0,2028,NA
"995","ABR958877726243","Windeinheit","SEE917145608612, SEE905700585553, SEE976581869988, SEE966277150988, SEE985385832401, SEE951300426925, SEE904548847625, SEE970495088039, SEE915283687292, SEE956044514556, SEE945278188633, SEE979510714939, SEE992155660775, SEE921798569053, SEE915167043688, SEE961909267294, SEE976848811255, SEE944036317636, SEE983942454769, SEE977777467650, SEE964280615968, SEE954044689250, SEE950359279643, SEE970551618552, SEE968780048745, SEE983035776433",26,40600,"Holtriem I","Windenergie an Land",0,1997,NA
"996","ABR996238141113","Windeinheit","SEE939505356247, SEE988039700385, SEE923085455124, SEE989596542609, SEE991153294111, SEE973732028010, SEE931428597233, SEE921632664814, SEE917845659938, SEE900401040776, SEE931476175032, SEE958585873031, SEE984627536701, SEE963698545591",14,40550,"Windpark Hassel","Windenergie an Land",0,2015,NA
"997","ABR934875530884","Windeinheit","SEE995619742659, SEE959396703944, SEE982167252105, SEE981742865457, SEE916802201197, SEE945202941631, SEE967248304874, SEE981693451686, SEE994500268919, SEE935629044756, SEE965645771893, SEE941290137796, SEE929714874519, SEE963101919537, SEE981939917600, SEE924783940547, SEE915300313449, SEE919186882389",18,40500,"Stoessen","Windenergie an Land",0,1999,NA
"998","ABR951804365317","Windeinheit","SEE946035440025, SEE948688696613, SEE976716565228, SEE958227166125, SEE922660718197, SEE954752779816, SEE994154430335, SEE942587848647, SEE943651368672, SEE932231483829, SEE940524080075, SEE951947248812, SEE940025892962, SEE937460082461, SEE917671890840, SEE971314625237, SEE988739162490",17,40360,"WPH","Windenergie an Land",0,2001,NA
"999","ABR968506909022","Windeinheit","SEE970784297272, SEE933313869371, SEE900812752220, SEE976911305308, SEE917804748369, SEE901355382394, SEE913729470712",7,40240,"Gelderner Heide","Windenergie an Land",0,2026,NA
"1000","ABR945238419258","Windeinheit","SEE950712697329, SEE975396760596, SEE946233063606, SEE908986693257, SEE981752725741, SEE981722274644, SEE991931141453, SEE934930052573, SEE996649227697, SEE939335778110, SEE942605248756, SEE931708399229, SEE982434523013",13,40200,"Bürgerwindpark Brebek GmbH ＆ Co. KG","Windenergie an Land",0,2015,NA
"1001","ABR989393706204","Windeinheit","SEE966193723617, SEE939913250465, SEE920585532775, SEE917495917631, SEE981621741476, SEE977553073563, SEE928901052938, SEE920193309998, SEE969120399428, SEE982356021390, SEE965437325631, SEE916624059242, SEE925854605839",13,40200,"Horst","Windenergie an Land",0,1999,NA
"1002","ABR936646613833","Windeinheit","SEE965769768762, SEE900431706307, SEE922918265909, SEE997712631076, SEE915540176798, SEE941817936031, SEE973311192118, SEE914137644122, SEE924196093892, SEE938386923814, SEE985603742833, SEE923203016114, SEE903231525994, SEE942555851037, SEE906942228512",15,40100,"WP  Neuschoo","Windenergie an Land",0,2014,NA
"1003","ABR986645205263","Windeinheit","SEE985072174524, SEE923374425418, SEE910829114782, SEE938564060423, SEE978777062340, SEE972783077329, SEE903673278557, SEE932519928677, SEE989408678656, SEE906660234321, SEE905467261721, SEE901292284874",12,40050,"Windpark Langenburg_A","Windenergie an Land",0,2017,NA
"1004","ABR989855706896","Windeinheit","SEE973802636107, SEE909698641765, SEE928173693006, SEE944059165771, SEE919181485585, SEE991958141900",6,40000,"Hülsterholt","Windenergie an Land",0,2028,NA
"1005","ABR940644246047","Windeinheit","SEE932022965251, SEE937652577805, SEE924563647871, SEE941516043917, SEE983527711027, SEE906989146466, SEE911359307033, SEE926378975507, SEE988814809487, SEE986509281273",10,40000,"WP Willenscharen-Brokstedt","Windenergie an Land",0,2023,NA
"1006","ABR911783544257","Windeinheit","SEE935314816293, SEE942618392972, SEE900540889359, SEE974124189111, SEE940298412157, SEE971874041874, SEE916516717052, SEE939652309837, SEE918360066218, SEE945454358287, SEE929220994770, SEE945823275672, SEE937076166791, SEE922827890308, SEE975663761646, SEE928120333627",16,40000,"Windpark Esperstedt-Obhausen","Windenergie an Land",0,2009,NA
"1007","ABR937763877665","Windeinheit","SEE948955380139, SEE909645426063, SEE927201334867, SEE952345549136, SEE927587362393, SEE901831813589, SEE977694821733, SEE964319766340, SEE961057777591, SEE972918463911, SEE950239268361, SEE955601681670",12,39960,"Ipland Bürgerwind GmbH ＆ Co. KG","Windenergie an Land",0,2014,NA
"1008","ABR920887044426","Windeinheit","SEE902433786592, SEE941263048050, SEE983465546941, SEE957947352672, SEE947852825774, SEE962338962835, SEE999784885586",7,39900,"Mark Landin","Windenergie an Land",0,2022,NA
"1009","ABR996423782589","Windeinheit","SEE963419127150, SEE977471535884, SEE923729333115, SEE973155875024, SEE950093418629, SEE973859841578, SEE932578124461",7,39900,"WP Grimmen-Papenhagen","Windenergie an Land",0,2026,NA
"1010","ABR986645205263","Windeinheit","SEE997878947516, SEE987396475158, SEE978197382912, SEE907921328414, SEE902955229287, SEE916361360557, SEE922114244890",7,39900,"WP Hoort","Windenergie an Land",0,2031,NA
"1011","ABR900220062256","Windeinheit","SEE958587228419, SEE982131790206, SEE995867712176, SEE972535225251, SEE978424595993, SEE908784170592, SEE950106914810",7,39900,"WP Werder 2. BA","Windenergie an Land",0,2025,NA
"1012","ABR958270140479","Windeinheit","SEE942087372543, SEE928542994994, SEE948641621584, SEE945292937651, SEE918348994953, SEE913154882364, SEE966020105999",7,39900,"Waabs","Windenergie an Land",0,2025,NA
"1013","ABR905346487877","Windeinheit","SEE927492335536, SEE922925430147, SEE940789511895, SEE900973362825, SEE988371145707, SEE990339863301, SEE985108933071",7,39900,"Wember Bruch","Windenergie an Land",0,2027,NA
"1014","ABR982405156776","Windeinheit","SEE968014764496, SEE978534086749, SEE906876082624, SEE972771039292, SEE917334521074, SEE914532690120, SEE915073432224",7,39900,"Windpark Mühlberg","Windenergie an Land",0,2025,NA
"1015","ABR955397292821","Windeinheit","SEE944908592987, SEE991457075744, SEE961106321690, SEE999749346107, SEE904905476482, SEE939520633750, SEE935713854773, SEE995448141128, SEE972207361522, SEE933700807474, SEE934686062314, SEE931055895696, SEE966834979250",13,39650,"GLS Windpark Schleiden","Windenergie an Land",0,2015,NA
"1016","ABR951240308114","Windeinheit","SEE957856740812, SEE985373591464, SEE976087325551, SEE964416595904, SEE906338363551, SEE962722661535",6,39600,"ABO Energy WP Bentheim-Süd","Windenergie an Land",0,2026,NA
"1017","ABR950991347762","Windeinheit","SEE986567859698, SEE983133396663, SEE934988930212, SEE962952192533, SEE909074759503, SEE932012724370, SEE933464214143",7,39600,"FN Freiensteinau","Windenergie an Land",0,2023,NA
"1018","ABR990596275831","Windeinheit","SEE912260285519, SEE932793722657, SEE988561038697, SEE901678505074, SEE950528327717, SEE938122992425, SEE918994805573, SEE920857377516, SEE903563821269, SEE988867525488, SEE995618805294, SEE969047184084, SEE991423113531, SEE991130914193, SEE981672415821, SEE980221332367, SEE981393305494, SEE991845473268, SEE996925805717, SEE961405863198",20,39600,"NE Nechlin","Windenergie an Land",0,2000,NA
"1019","ABR938774792374","Windeinheit","SEE964345938414, SEE918294036684, SEE989747932082, SEE993739179195, SEE911562154516, SEE928489171489, SEE937856161855, SEE933363326633, SEE900802249365, SEE956690262184, SEE908567037920, SEE902121052442",12,39600,"Windpark 1 Kalkriese GmbH ＆ Co. KG","Windenergie an Land",0,2016,NA
"1020","ABR927397646904","Windeinheit","SEE981082008965, SEE912990489256, SEE947415655961, SEE967873157265, SEE938428285726, SEE987122644452, SEE924447498896",7,39500,"Hilchenbach","Windenergie an Land",0,2027,NA
"1021","ABR932681258701","Windeinheit","SEE927336362766, SEE949403511693, SEE938254695546, SEE950566744934, SEE976111935244, SEE905811412267, SEE908237553699, SEE905820290405, SEE946715631217, SEE949836111385",10,39300,"WP Dargelin","Windenergie an Land",0,1995,NA
"1022","ABR908671781856","Windeinheit","SEE926576494145, SEE901760022847, SEE906051929973, SEE935079429554, SEE913610180218, SEE994473805142",6,39200,"Reinsdorf","Windenergie an Land",0,2026,NA
"1023","ABR909054335185","Windeinheit","SEE906505213634, SEE920111930372, SEE946509084526, SEE901423562772, SEE926582701572, SEE908344058148, SEE942396457672",7,39200,"Thüringenhausen","Windenergie an Land",0,2027,NA
"1024","ABR946031714007","Windeinheit","SEE948354786600, SEE986145754681, SEE958044658988, SEE999005545480, SEE912893627250, SEE993825424970",6,39200,"WTW Windpark Tempelfelde-Willmersdorf IV","Windenergie an Land",0,2026,NA
"1025","ABR939290915780","Windeinheit","SEE908631990250, SEE938333240476, SEE941966641015, SEE901362180709, SEE932657429029, SEE992600807397",6,39120,"Windenergie Gut Alfredshöhe","Windenergie an Land",0,2029,NA
"1026","ABR904572386534","Windeinheit","SEE953222906523, SEE958952784410, SEE954258830561, SEE945729971937, SEE906460593130, SEE924506535616, SEE959439633207, SEE994707021416, SEE941701190266, SEE968121012879, SEE998893674944, SEE910908123155, SEE961873839381, SEE919880726682, SEE995543722871, SEE907817751753, SEE959116105263",17,39100,"WP Köthen","Windenergie an Land",0,2005,NA
"1027","ABR961359484951","Windeinheit","SEE908017215199, SEE966176334106, SEE942727473647, SEE933590617290, SEE912751157875, SEE950652084739, SEE993601434131, SEE994141253725, SEE980988682026, SEE928785486348, SEE977153111139, SEE912016267301, SEE962552325874, SEE923323357395, SEE995945193934, SEE990864011062, SEE997429467906, SEE921341664242",18,38959.4,"Windpark","Windenergie an Land",0,1993,NA
"1028","ABR975088274387","Windeinheit","SEE992546230808, SEE994361979252, SEE916974514149, SEE988758064492, SEE992807796678, SEE938439762964, SEE929600904283",7,38920,"Beeskow Repowering","Windenergie an Land",0,2025,NA
"1029","ABR959527065316","Windeinheit","SEE955790176070, SEE936903520072, SEE977301679665, SEE910524843574, SEE989549005915, SEE905582503119, SEE932644699473",7,38920,"Bürgerwindpark Eilvese","Windenergie an Land",0,2028,NA
"1030","ABR970878366167","Windeinheit","SEE955918266027, SEE935802862610, SEE903427292631, SEE978389544661, SEE970910465117, SEE920501621408, SEE993656762678",7,38920,"Voigtei-Deblinghausen","Windenergie an Land",0,2027,NA
"1031","ABR985021225260","Windeinheit","SEE955878516125, SEE989758127972, SEE901066310020, SEE992231922650, SEE931578050947, SEE939824552665, SEE967698547630",7,38920,"Windpark Bönebüttel","Windenergie an Land",0,2028,NA
"1032","ABR999445538721","Windeinheit","SEE963851284497, SEE992517028120, SEE950946611733, SEE967359925647, SEE915069686990, SEE987909089292, SEE975447615790",7,38920,"Windpark Gau-Bickelheim Repowering","Windenergie an Land",0,2024,NA
"1033","ABR989508060894","Windeinheit","SEE987252525720, SEE915023882925, SEE910741596116, SEE931979679174, SEE983838591110, SEE955857813825, SEE982564988515",7,38920,"Windpark Georgsdorf","Windenergie an Land",0,2026,NA
"1034","ABR915403323925","Windeinheit","SEE998546732915, SEE909738673862, SEE952280122364, SEE938511003381, SEE916355851429, SEE921369419039, SEE933362295398",7,38920,"Windpark Groothusen Repowering","Windenergie an Land",0,2028,NA
"1035","ABR909375363881","Windeinheit","SEE932228403663, SEE964131198305, SEE989730811752, SEE987710894634, SEE979676959090, SEE912973654107, SEE950381370721",7,38920,"Windpark Haßbergen/Gadesbünden","Windenergie an Land",0,2028,NA
"1036","ABR951108338956","Windeinheit","SEE957483549192, SEE947496605527, SEE923892472925, SEE988526863395, SEE901482938280, SEE919973731654, SEE981966072075",7,38920,"Windpark Mehringer Höhe Repowering","Windenergie an Land",0,2026,NA
"1037","ABR983031278467","Windeinheit","SEE991136823987, SEE992220760256, SEE924981707560, SEE914632723940, SEE908073402069, SEE945606069160, SEE937239113051",7,38920,"Windpark Sulzbach-Laufen","Windenergie an Land",0,2024,NA
"1038","ABR929719692644","Windeinheit","SEE950689892482, SEE954383114727, SEE997563129869, SEE958356992350, SEE904107572401, SEE902361123049, SEE937145379671",7,38920,"Windpark Wagenfeld-Süd","Windenergie an Land",0,2026,NA
"1039","ABR950607820238","Windeinheit","SEE952475135797, SEE972126372623, SEE946063578950, SEE991151811433, SEE921173443909, SEE927346237016, SEE933720346793",7,38500,"DG","Windenergie an Land",0,2022,NA
"1040","ABR927446947488","Windeinheit","SEE928287681760, SEE903885923627, SEE974397837832, SEE962263630878, SEE942323309395, SEE943404749956, SEE908148669076",7,38500,"Gauseköte","Windenergie an Land",0,2027,NA
"1041","ABR939661916309","Windeinheit","SEE982275114135, SEE939845788166, SEE954930511283, SEE916971654565, SEE916042620499, SEE950703201993, SEE909280815130",7,38500,"JWE Bürgerwindpark Könau-Ostedt-Suhlendorf","Windenergie an Land",0,2023,NA
"1042","ABR927397646904","Windeinheit","SEE937770590854, SEE912085490341, SEE916753287608, SEE971618102090, SEE900377243096, SEE974125946676, SEE943000200691",7,38500,"Windpark Ebendorf","Windenergie an Land",0,2028,NA
"1043","ABR968993683368","Windeinheit","SEE983966825170, SEE967658277782, SEE966288855889, SEE940859080085, SEE908552804070, SEE910900192012, SEE949677733050, SEE940930381162, SEE957416624422",9,38340,"Windpark RH2-PTG","Windenergie an Land",0,2026,NA
"1044","ABR910429055997","Windeinheit","SEE973404577259, SEE981272382073, SEE960276373522, SEE908356094295, SEE927932248563, SEE983974060471, SEE939864748394, SEE988668682526, SEE925745836823",9,38340,"Windpark Zülpich Weiler","Windenergie an Land",0,2025,NA
"1045","ABR941190092140","Windeinheit","SEE916901954123, SEE934153965988, SEE992468156859, SEE901191044890, SEE983115689226, SEE978832717505",6,38200,"Arneburg Sanne Repowering","Windenergie an Land",0,2027,NA
"1046","ABR957268680263","Windeinheit","SEE945545079152, SEE917041411248, SEE917680517370, SEE929874269743, SEE935472705248, SEE960756234930",6,38200,"Damitzow","Windenergie an Land",0,2027,NA
"1047","ABR932046836643","Windeinheit","SEE913341864586, SEE971017248085, SEE959792365302, SEE906924633839, SEE955595051213, SEE911342530271, SEE900176942718, SEE995517998523, SEE987127538367, SEE958357870305, SEE939929345711, SEE920711238786",12,38040,"Hademarschen-Steenfeld","Windenergie an Land",0,2015,NA
"1048","ABR928347544844","Windeinheit","SEE916056181665, SEE997173911229, SEE974133645066, SEE977098607209, SEE961554931434, SEE972722618279, SEE988665274779, SEE944081322630, SEE978273372370, SEE982755125903, SEE926599244703, SEE968241264462",12,38040,"Obere Arlau","Windenergie an Land",0,2013,NA
"1049","ABR954021496741","Windeinheit","SEE938896878673, SEE989174987693, SEE922342676319, SEE909454245893, SEE944303279636, SEE949166895467, SEE920016229106, SEE935319522199, SEE989430987559, SEE985144770425, SEE934234906640, SEE982118141205",12,38025,"BWP Wrohm-Osterrade GmbH ＆ Co. KG","Windenergie an Land",0,2014,NA
"1050","ABR981846342212","Windeinheit","SEE992590095774, SEE926047510558, SEE923484361521, SEE980478173416, SEE943914345563, SEE967131775477, SEE919250662503, SEE925765503958, SEE909605995783, SEE989738484583, SEE957090508391, SEE900932546877, SEE916164526907, SEE944088567393, SEE928189906749, SEE977351597070, SEE950680775555, SEE942851265132, SEE930492025994",19,38000,"HVL-Berge Lietzow Nauen","Windenergie an Land",0,2005,NA
"1051","ABR905012778599","Windeinheit","SEE908022439863, SEE900260210921, SEE951475101931, SEE979771664721, SEE986751982683, SEE980114164341, SEE903388373196, SEE951440116960, SEE945021070253, SEE941876916470, SEE916539823747, SEE975919861519, SEE954233972460, SEE904590431032, SEE944761660762, SEE902089472252, SEE938096525032, SEE929684832762, SEE914109660594",19,38000,"Neu Kosenow","Windenergie an Land",0,2012,NA
"1052","ABR936066696195","Windeinheit","SEE922480582084, SEE912898433917, SEE940391332796, SEE941165492203, SEE994904843521, SEE911115970259, SEE963776196127, SEE999625261050",8,37980,"Windpark Lüben","Windenergie an Land",0,2026,NA
"1053","ABR909054335185","Windeinheit","SEE978860212652, SEE945114797876, SEE979832121781, SEE974592847452, SEE917470126553, SEE918662931160, SEE972734234757, SEE955871152948, SEE920199647780, SEE967165518118",10,37900,"Schenkenberg","Windenergie an Land",0,2001,NA
"1054","ABR921918538938","Windeinheit","SEE986575543985, SEE960665329208, SEE971202391909, SEE944471641075, SEE948816534572, SEE962652699622, SEE919126916037, SEE920066173459, SEE987872617324",9,37800,"Nattheim","Windenergie an Land",0,2021,NA
"1055","ABR926574903632","Windeinheit","SEE950276859386, SEE932961905172, SEE949177495069, SEE937818018647, SEE934321463094, SEE943118228167, SEE918496089082, SEE979318807093, SEE956038399848",9,37800,"Windpark Lager Feld","Windenergie an Land",0,2018,NA
"1056","ABR986645205263","Windeinheit","SEE968661747842, SEE961661554649, SEE936607311570, SEE917406971257, SEE913956915437, SEE992389499271, SEE932712411679, SEE982144255273, SEE911738344963",9,37800,"Windpark Prötzel II","Windenergie an Land",0,2024,NA
"1057","ABR948535237266","Windeinheit","SEE922607166777, SEE953330606742, SEE997184870096, SEE902011634338, SEE985768967515, SEE923815117261, SEE926630346090, SEE974869758214, SEE911426369902, SEE956290430976, SEE998804417981, SEE952342370399, SEE965721508054, SEE952338431110, SEE942384066565, SEE947685362392, SEE990089772434",17,37650,"Freren","Windenergie an Land",0,2007,NA
"1058","ABR972848667151","Windeinheit","SEE912867898198, SEE902489864183, SEE991181292783, SEE992930885485, SEE937581244243, SEE961443733002, SEE934540940055, SEE940832497381, SEE982956853520",9,37500,"Windpark Barrien","Windenergie an Land",0,1998,NA
"1059","ABR948135389396","Windeinheit","SEE911320166294, SEE934491281900, SEE947411456883, SEE938789587101, SEE939667767400, SEE993625898551",6,37320,"WP Lauenförde","Windenergie an Land",0,2027,NA
"1060","ABR912046169262","Windeinheit","SEE958389979823, SEE948330282898, SEE937905444298, SEE917554453117, SEE911792163982, SEE990062226879",6,37300,"FL Friedland","Windenergie an Land",0,2013,NA
"1061","ABR924945499494","Windeinheit","SEE996019448844, SEE994138283353, SEE936013108597, SEE972213049179, SEE975305836329, SEE961059275255",6,37200,"Bärenkopf","Windenergie an Land",0,2028,NA
"1062","ABR971664063826","Windeinheit","SEE996225481505, SEE917013579532, SEE924661158088, SEE958712750662, SEE970708821767, SEE951157580276",6,37200,"Harsewinkel","Windenergie an Land",0,2028,NA
"1063","ABR991527048326","Windeinheit","SEE913993198541, SEE905851904234, SEE929053913795, SEE918822371690, SEE986936632099, SEE954799888793",6,37200,"WP Warburg II","Windenergie an Land",0,2028,NA
"1064","ABR971148253316","Windeinheit","SEE945753174571, SEE998536153485, SEE905107785044, SEE997527847884, SEE974357124989, SEE911259184055",6,37200,"Windpark Hadmersleben","Windenergie an Land",0,2026,NA
"1065","ABR918813449834","Windeinheit","SEE937020766923, SEE991334900503, SEE940511495523, SEE936647087428, SEE984037222171, SEE910471252009",6,37200,"Windpark Ihlewitz II","Windenergie an Land",0,2029,NA
"1066","ABR979239572391","Windeinheit","SEE913227876023, SEE976312695589, SEE996847811506, SEE985210477227, SEE957343705980, SEE988471124824, SEE914269332874",7,37100,"WP Albringhausen","Windenergie an Land",0,2021,NA
"1067","ABR917144931827","Windeinheit","SEE993510350614, SEE918918730103, SEE976828697374, SEE912877665032, SEE994338760470, SEE917356225554, SEE996141844231, SEE916057645296, SEE938791680340, SEE960819070390, SEE999701928068, SEE932193557996, SEE941879710907, SEE960440529304, SEE973032462743, SEE943802710947, SEE975869125938",17,37100,"Windpark Kesfeld-Heckhuscheid GmbH ＆ Co. KG","Windenergie an Land",0,2005,NA
"1068","ABR993881256850","Windeinheit","SEE902690788803, SEE994141127293, SEE998735658798, SEE907716881858, SEE905978065412, SEE966431774203, SEE941941765392",7,37000,"WP Niederkrüchten","Windenergie an Land",0,2008,NA
"1069","ABR940995879024","Windeinheit","SEE951587105216, SEE968271550870, SEE999383561102, SEE908691124336, SEE914585967651, SEE907419558712, SEE900754853511, SEE970300583346, SEE933776096482",9,37000,"Windpark Grüner Weg Meerhof","Windenergie an Land",0,2020,NA
"1070","ABR990209031625","Windeinheit","SEE973018236443, SEE986635090084, SEE976563572738, SEE983078658482, SEE907391640764, SEE948583035340",6,37000,"Windpark Lambacher Höh","Windenergie an Land",0,2026,NA
"1071","ABR992748281103","Windeinheit","SEE932578644228, SEE947609053412, SEE959124884969, SEE969516293941, SEE982373662958, SEE911318953660",6,37000,"Windpark Oderwald","Windenergie an Land",0,2026,NA
"1072","ABR937795234979","Windeinheit","SEE961044242132, SEE907050105092, SEE967709558198, SEE912995392902, SEE915909848045, SEE961091950769, SEE903067276619",7,36900,"WP Oerel","Windenergie an Land",0,2022,NA
"1073","ABR921856857412","Windeinheit","SEE996384581405, SEE964218533982, SEE996557800579, SEE975946262853, SEE917162553612, SEE916874714540, SEE967791899629, SEE945084031000, SEE904613352566, SEE942037912843, SEE962467013057, SEE901841517132",12,36825,"WP Jardelund","Windenergie an Land",0,2014,NA
"1074","ABR989393706204","Windeinheit","SEE932916701705, SEE991009812827, SEE900435740277, SEE972027054550, SEE931243476249, SEE918813445331, SEE936286858526, SEE944053228823, SEE926194459588, SEE913812885799, SEE978207495588, SEE933395717454, SEE966050257385, SEE929776333153, SEE907854252183, SEE984370002980",16,36800,"Bornstedt-Rottmersleben","Windenergie an Land",0,2003,NA
"1075","ABR928620271870","Windeinheit","SEE957814999412, SEE907616209462, SEE962485116631, SEE975265332350, SEE994507499552, SEE905284444741, SEE957877472334, SEE931445450443, SEE989362763696, SEE990350223214, SEE918406278148, SEE960882895241, SEE932240244282, SEE990637949912, SEE912071700874, SEE936694188970",16,36800,"WP Hinte II","Windenergie an Land",0,2016,NA
"1076","ABR974961480204","Windeinheit","SEE938120380545, SEE963495966605, SEE918189854515, SEE971966722858, SEE993427791135, SEE915318124860, SEE901972498065, SEE902542648347, SEE997890193175",9,36650,"Windpark Lemwerder","Windenergie an Land",0,2014,NA
"1077","ABR918882063177","Windeinheit","SEE969846150150, SEE983192341994, SEE927364715213, SEE910247710443, SEE917855460524, SEE996869127418, SEE964428759110, SEE915954319484, SEE921095446491, SEE922107900826, SEE985220470263, SEE977881491268",12,36600,"Windpark Bagband","Windenergie an Land",0,2014,NA
"1078","ABR924979291859","Windeinheit","SEE978882191799, SEE938662736268, SEE983262540487, SEE938619576206, SEE976353623688, SEE938546209031, SEE908847824905, SEE908738769445, SEE932525632568, SEE926788687038, SEE960953340823, SEE974025689437, SEE923978394448, SEE918953497733",14,36600,"Windpark Erftstadt","Windenergie an Land",0,2002,NA
"1079","ABR995498406703","Windeinheit","SEE974496367957, SEE955399628772, SEE920848941351, SEE957935987978, SEE974577827752, SEE965306942365, SEE919055549009, SEE930660629740, SEE947197526756, SEE983342517835, SEE928930223439, SEE969932956093",12,36600,"Windpark Kusey","Windenergie an Land",0,2014,NA
"1080","ABR905266427021","Windeinheit","SEE948537084417, SEE958654626117, SEE937250126054, SEE982386284895, SEE907886670771, SEE914798442099, SEE972478478295, SEE956023894440, SEE927948013353, SEE939158454741, SEE981988061514, SEE939178653254, SEE950263556014, SEE986658263656, SEE924736305362, SEE975604727694, SEE958511019304, SEE951884318531, SEE965233127132, SEE969275989758, SEE965985861933, SEE929222060121, SEE943249732144",23,36500,"WP Eifel","Windenergie an Land",0,2005,NA
"1081","ABR919716513783","Windeinheit","SEE909096453885, SEE948596169766, SEE923722688335, SEE900341595442, SEE975660367902, SEE987466750086, SEE987038417966, SEE997324229678, SEE950012994203, SEE988723405459, SEE934070706619, SEE943903191676, SEE970225702914, SEE942519546160, SEE917516669228, SEE914962922389, SEE966462150342, SEE982766671567, SEE917535920676",19,36500,"WP Farnstädt","Windenergie an Land",0,2004,NA
"1082","ABR909054335185","Windeinheit","SEE955243189961, SEE935881030191, SEE922670771267, SEE966413272055, SEE908983324994, SEE988317236605",6,36400,"Idenheim","Windenergie an Land",0,2027,NA
"1083","ABR914953289613","Windeinheit","SEE956866159300, SEE933309404241, SEE921277518879, SEE920028144435, SEE938740459201, SEE965084134082, SEE929238641901, SEE957106778749, SEE947982756306, SEE973652299781, SEE935503213032, SEE954590841843, SEE957985728774, SEE957064873111, SEE996397910070, SEE914350833488, SEE936377090279",17,36400,"Wiesmoor I","Windenergie an Land",0,2010,NA
"1084","ABR990029944068","Windeinheit","SEE904164650401, SEE938657752471, SEE985325721857, SEE900081373461, SEE988271357828, SEE952749622893, SEE979247064086, SEE907625313457, SEE984216156969, SEE906506615222, SEE909035300317",11,36300,"WP Reichertshüll","Windenergie an Land",0,2017,NA
"1085","ABR964611749218","Windeinheit","SEE952889881495, SEE903831454502, SEE994001035645, SEE918452977811, SEE920500099635, SEE915749726350, SEE987299193173, SEE919942057457, SEE961756454663, SEE996420062882, SEE993750644429",11,36300,"Windpark Obere Kyll GmbH ＆ Co. KG","Windenergie an Land",0,2016,NA
"1086","ABR955975413969","Windeinheit","SEE927179477870, SEE946139028884, SEE948376614509, SEE953632657879, SEE969907290719, SEE999514440160, SEE916366757093, SEE990183992509, SEE953437213249, SEE925820614605, SEE921584200146, SEE911741763201, SEE925214386781, SEE920735044257, SEE934903771128, SEE962830665050",16,36200,"Garther WP ＆ UW","Windenergie an Land",0,2007,NA
"1087","ABR978512093172","Windeinheit","SEE965472238552, SEE902446383313, SEE909687987744, SEE900187581852, SEE982212785824, SEE981961686581, SEE955186730343, SEE935630280396, SEE942345592256, SEE986188767600, SEE946123354227",11,36150,"DR Drense","Windenergie an Land",0,2003,NA
"1088","ABR929020623023","Windeinheit","SEE957877119536, SEE915731733922, SEE988619294686, SEE961147623333, SEE955297942734, SEE911442769502, SEE996962978511, SEE935497437568, SEE900904636315",9,36150,"WP Mittelberg","Windenergie an Land",0,2020,NA
"1089","ABR914313202610","Windeinheit","SEE933848852176, SEE987169097976, SEE946571692117, SEE963709616494, SEE998180477395, SEE972652113394, SEE988584196008, SEE906921832402, SEE994713904253, SEE951976006582, SEE958178184650, SEE907316083188, SEE958165729116",13,36140,"WP Lauterstein","Windenergie an Land",0,2016,NA
"1090","ABR922593578066","Windeinheit","SEE911929667635, SEE974253449834, SEE987648814131, SEE926440070895, SEE980134813533",5,36000,"BVD Repowering Fläche 51","Windenergie an Land",0,2028,NA
"1091","ABR939474507268","Windeinheit","SEE955430928403, SEE989923608213, SEE936877172888, SEE999236889414, SEE930680790710, SEE907751305937, SEE931880767403, SEE992954996587, SEE934720899258, SEE955597054298, SEE968819635717, SEE923905963495",12,36000,"BVT Windpark Emlichheim GmbH ＆ Co. KG","Windenergie an Land",0,2018,NA
"1092","ABR918582642863","Windeinheit","SEE966149641613, SEE972760090013, SEE911756985735, SEE971051880845, SEE904663995867",5,36000,"Berge Hekese","Windenergie an Land",0,2027,NA
"1093","ABR998624492984","Windeinheit","SEE947843583706, SEE985611109659, SEE915417382710, SEE920081283232, SEE913786396529",5,36000,"Brand","Windenergie an Land",0,2026,NA
"1094","ABR985757531871","Windeinheit","SEE953995128498, SEE980807747165, SEE968848274659, SEE998442384188, SEE990125502872, SEE981431564821",6,36000,"Bürgerwindpark Lichtenau","Windenergie an Land",0,2028,NA
"1095","ABR918582642863","Windeinheit","SEE931271773136, SEE988519872694, SEE943329220714, SEE962034469621, SEE913364384108",5,36000,"Dinninger Bruch","Windenergie an Land",0,2028,NA
"1096","ABR972052128387","Windeinheit","SEE945532748368, SEE910514447775, SEE938001522125, SEE911042777075, SEE925287024252",5,36000,"Drenke","Windenergie an Land",0,2027,NA
"1097","ABR941655586634","Windeinheit","SEE911632057792, SEE956130176149, SEE927973122105, SEE992248900368, SEE967781555641, SEE929234827026",6,36000,"Eggstedt 5","Windenergie an Land",0,2024,NA
"1098","ABR975755627096","Windeinheit","SEE979058480594, SEE922592293403, SEE909299942452, SEE930577114728, SEE995528177894, SEE991880836943",6,36000,"Forstberg","Windenergie an Land",0,2028,NA
"1099","ABR924102861270","Windeinheit","SEE971509623376, SEE961445546440, SEE918715624834, SEE942835389502, SEE930411073013, SEE995675055212",6,36000,"Heek Anthornshook","Windenergie an Land",0,2028,NA
"1100","ABR977995523350","Windeinheit","SEE976515000425, SEE958240705868, SEE925886507651, SEE976829942756, SEE992971035214",5,36000,"Hohe Molmert","Windenergie an Land",0,2026,NA
"1101","ABR912499302384","Windeinheit","SEE991073202623, SEE913828706453, SEE960101263707, SEE966528526500, SEE982773525839, SEE922178286935",6,36000,"LH Linkener Heide","Windenergie an Land",0,2028,NA
"1102","ABR996090448368","Windeinheit","SEE944992428025, SEE988275382031, SEE912907311489, SEE921047959161, SEE912989610654",5,36000,"Ladenthin","Windenergie an Land",0,2026,NA
"1103","ABR905881742905","Windeinheit","SEE998660887409, SEE931500834560, SEE965360345706, SEE982757922395, SEE994123905154",5,36000,"Lembecker Elven","Windenergie an Land",0,2026,NA
"1104","ABR927182630699","Windeinheit","SEE996319549500, SEE949908234240, SEE919400088252, SEE904228658787, SEE949906013106, SEE956209061895, SEE960989989331, SEE900059011852, SEE957050620460, SEE944945951211",10,36000,"Linnich-Gereonsweiler","Windenergie an Land",0,2021,NA
"1105","ABR987996249111","Windeinheit","SEE963027654109, SEE989772118765, SEE978221618666, SEE971639443929, SEE974946947555",5,36000,"Sarowwind","Windenergie an Land",0,2028,NA
"1106","ABR989467822106","Windeinheit","SEE920149784817, SEE917068867509, SEE910773486317, SEE990560823402, SEE917410031695",5,36000,"WP Berge","Windenergie an Land",0,2028,NA
"1107","ABR915049646433","Windeinheit","SEE980448014916, SEE907262009164, SEE960330135769, SEE933004332900, SEE944389121690, SEE906306644309, SEE962178165328, SEE983609617391, SEE934427754010, SEE965382492099, SEE955664447763, SEE975431432587, SEE948817391556, SEE980008404522, SEE974653639965, SEE939205048459, SEE918182663763, SEE939023565237",18,36000,"WP Dahlenburg GmbH ＆ Co. KG","Windenergie an Land",0,2002,NA
"1108","ABR936465672837","Windeinheit","SEE993430931924, SEE934912421366, SEE975265377733, SEE909056404711, SEE953075185410, SEE920810668019",6,36000,"WP Elbe-Steinlah","Windenergie an Land",0,2022,NA
"1109","ABR911209194011","Windeinheit","SEE908465709035, SEE926633307043, SEE991124828581, SEE973233914485, SEE913475025464, SEE910509593159",6,36000,"WP Heitel-Listrup","Windenergie an Land",0,2026,NA
"1110","ABR918822616838","Windeinheit","SEE911503075931, SEE992148031711, SEE902112343986, SEE978281502721, SEE929668679918, SEE981694297887",6,36000,"WP Kriesow","Windenergie an Land",0,2028,NA
"1111","ABR911209194011","Windeinheit","SEE901359604447, SEE956501745875, SEE947818168112, SEE906786016610, SEE972769190394, SEE953230730707",6,36000,"WP Listrup Erweiterung","Windenergie an Land",0,2026,NA
"1112","ABR921989374527","Windeinheit","SEE967964998913, SEE941985263762, SEE982077860452, SEE992545814849, SEE964427438542",5,36000,"WP Neukammer","Windenergie an Land",0,2028,NA
"1113","ABR993257910102","Windeinheit","SEE952495926641, SEE985510997814, SEE933439804423, SEE961350712497, SEE978537634251, SEE955651015739",6,36000,"WeBo Repo BA1","Windenergie an Land",0,2027,NA
"1114","ABR939832876333","Windeinheit","SEE924373639349, SEE914968791972, SEE936829215496, SEE928175269001, SEE993166157711",5,36000,"Wedendorfersee","Windenergie an Land",0,2027,NA
"1115","ABR929999154733","Windeinheit","SEE965873841672, SEE952570941125, SEE951517419741, SEE957593933263, SEE945389634333",5,36000,"Weseke-Ost Wind","Windenergie an Land",0,2028,NA
"1116","ABR989338082042","Windeinheit","SEE959882449547, SEE942714453133, SEE917803002301, SEE955629566959, SEE929990665962",5,36000,"Windpark Apensen","Windenergie an Land",0,2026,NA
"1117","ABR906449297172","Windeinheit","SEE945527109600, SEE968210195339, SEE945468755720, SEE974512857639, SEE925929409096",5,36000,"Windpark Brilon Repowering","Windenergie an Land",0,2026,NA
"1118","ABR954118922375","Windeinheit","SEE988204002993, SEE918047363906, SEE908061939027, SEE957621773830, SEE952087285910, SEE971286484405, SEE928398201666, SEE943922213755, SEE910709644422, SEE927579962549, SEE915929132100, SEE946742885782, SEE932007990209, SEE907290387876, SEE927963512411, SEE941845130968, SEE988739970675, SEE929535160556",18,36000,"Windpark Buchholz I","Windenergie an Land",0,2009,NA
"1119","ABR932950061247","Windeinheit","SEE915127847974, SEE962092501653, SEE939927437425, SEE958182957509, SEE983115895597, SEE962105828517",6,36000,"Windpark Dachsberg","Windenergie an Land",0,2024,NA
"1120","ABR963137108523","Windeinheit","SEE989817138970, SEE911373190895, SEE951685201438, SEE979459061972, SEE972836060346",5,36000,"Windpark Dertingen","Windenergie an Land",0,2027,NA
"1121","ABR942309652231","Windeinheit","SEE907838095263, SEE914968827480, SEE910984524945, SEE939578339277, SEE908698692555",5,36000,"Windpark Harter Forst","Windenergie an Land",0,2028,NA
"1122","ABR937496028297","Windeinheit","SEE983792844482, SEE927515562154, SEE923929993577, SEE957831543988, SEE943640925497, SEE964860300062, SEE995304176660, SEE901458351167, SEE932655440033, SEE959592241035",10,36000,"Windpark Hoort 1","Windenergie an Land",0,2019,NA
"1123","ABR975325753170","Windeinheit","SEE966696507554, SEE931943870996, SEE929816984253, SEE917900952561, SEE908182266552",5,36000,"Windpark Kirschroth","Windenergie an Land",0,2028,NA
"1124","ABR928945133945","Windeinheit","SEE966451739718, SEE972350080943, SEE985433112400, SEE935743606182, SEE983743919047, SEE922814250887",6,36000,"Windpark Magolsheim","Windenergie an Land",0,2025,NA
"1125","ABR950390016719","Windeinheit","SEE930044154431, SEE969835598468, SEE952637759038, SEE994774840781, SEE946094353663, SEE959414419000",6,36000,"Windpark Moddefeld","Windenergie an Land",0,2025,NA
"1126","ABR944928053772","Windeinheit","SEE993601123417, SEE996780831593, SEE908486550913, SEE987825434282, SEE999910214693, SEE969170730509, SEE906760458498, SEE991753093091, SEE996197899599, SEE919878985176, SEE949355216677, SEE946806598634, SEE999229447515, SEE980794074756, SEE994375386237, SEE990452140471, SEE945084014966, SEE924122297585, SEE919788906629, SEE943124251616",20,36000,"Windpark Obhausen/Nemsdorf","Windenergie an Land",0,2000,NA
"1127","ABR903701300762","Windeinheit","SEE953067512811, SEE979668791530, SEE978782374889, SEE917669893136, SEE966221584784, SEE964913525527",6,36000,"Windpark Rüthen Wald","Windenergie an Land",0,2028,NA
"1128","ABR925216763764","Windeinheit","SEE954173961784, SEE989045707405, SEE949418229798, SEE980793386133, SEE972607099162, SEE964400573925",6,36000,"Windpark Tiebensee","Windenergie an Land",0,2023,NA
"1129","ABR954837991218","Windeinheit","SEE908532202124, SEE981367089795, SEE933366562793, SEE966328656025, SEE901968063161, SEE926001414182, SEE916006024752",7,36000,"Windpark Uettingen","Windenergie an Land",0,2013,NA
"1130","ABR973785508064","Windeinheit","SEE999748893862, SEE973223943914, SEE947499826400, SEE994969915478, SEE923999398630",5,36000,"Windpark Weißkollm","Windenergie an Land",0,2028,NA
"1131","ABR928435501506","Windeinheit","SEE924965996171, SEE997386021111, SEE977959135032, SEE905047792447, SEE939643866431",5,36000,"Windpark Wemdinger Buck","Windenergie an Land",0,2028,NA
"1132","ABR965828176682","Windeinheit","SEE934083334984, SEE950559363296, SEE914746302727, SEE952523029245, SEE918836033928, SEE930694010514, SEE902741148341, SEE935294244949",8,35850,"WP Kladrum","Windenergie an Land",0,2013,NA
"1133","ABR982188269526","Windeinheit","SEE953824705500, SEE953742944609, SEE930288700630, SEE907441864928, SEE998432984060, SEE918054295047, SEE994845346464, SEE956642078665, SEE946744500898, SEE904205324506, SEE969652532829, SEE967436648605",12,35650,"WP Huser Klee","Windenergie an Land",0,2015,NA
"1134","ABR936906240625","Windeinheit","SEE940353547114, SEE977659625208, SEE933714472682, SEE975670701062, SEE911332258390, SEE920614882338, SEE976932345901",7,35400,"Windpark Jördenstorf","Windenergie an Land",0,2026,NA
"1135","ABR991980663906","Windeinheit","SEE951914605723, SEE996289406988, SEE995000772968, SEE924515865902, SEE987169062042",5,35400,"Windpark Neuenheerse","Windenergie an Land",0,2028,NA
"1136","ABR928055045732","Windeinheit","SEE985958094564, SEE921671210829, SEE971277657054, SEE988407869157, SEE926527041558, SEE914562539987, SEE957765533765, SEE904709415304, SEE907236521562, SEE976246453699, SEE974598757724, SEE989743180630, SEE938323473891",13,35200,"Landesbergen","Windenergie an Land",0,2005,NA
"1137","ABR963028475710","Windeinheit","SEE950584106387, SEE948803192211, SEE967943981844, SEE975831834493, SEE953163744093, SEE992414074268, SEE937738475964, SEE929400279970",8,35100,"Helligbek","Windenergie an Land",0,2022,NA
"1138","ABR927157249000","Windeinheit","SEE966279289228, SEE957414766919, SEE949383244987, SEE926117134172, SEE963051524430, SEE905058508594, SEE999583731794, SEE935065162915, SEE960070045472",9,35100,"Windpark Kloddram","Windenergie an Land",0,2026,NA
"1139","ABR970103688927","Windeinheit","SEE931383653142, SEE939702974565, SEE983496576375, SEE927942801314, SEE941619648576",5,35000,"231120 Windpark Kottgeisering-Moorenweis","Windenergie an Land",0,2029,NA
"1140","ABR950570238580","Windeinheit","SEE930440769185, SEE919500411462, SEE973789733707, SEE976139552126, SEE906122483809",5,35000,"ABO Energy Windpark St. Gangloff","Windenergie an Land",0,2028,NA
"1141","ABR972960209574","Windeinheit","SEE904339319577, SEE928345466339, SEE969007368806, SEE958069400005, SEE950831134224, SEE988962519085, SEE983777313293",7,35000,"Bad Laasphe-Jagdberg","Windenergie an Land",0,2026,NA
"1142","ABR999077347357","Windeinheit","SEE931281788427, SEE936177462542, SEE995393842316, SEE936918487667, SEE979609053611",5,35000,"Borlinghausen/ Helmern","Windenergie an Land",0,2026,NA
"1143","ABR990852586398","Windeinheit","SEE969500708253, SEE928585712807, SEE997980958141, SEE976060357159, SEE919358555424",5,35000,"Fresenhagen","Windenergie an Land",0,2029,NA
"1144","ABR968509416817","Windeinheit","SEE966021769329, SEE961472716946, SEE954465009774, SEE935999307932, SEE930057027487",5,35000,"Rheine Catenhorn","Windenergie an Land",0,2027,NA
"1145","ABR974431451420","Windeinheit","SEE983333394285, SEE962933085328, SEE915172897580, SEE945877943398, SEE999122617022",5,35000,"Stadum-Süd","Windenergie an Land",0,2029,NA
"1146","ABR983850229015","Windeinheit","SEE975670009434, SEE994721909721, SEE953533686510, SEE975750838732, SEE925661752658",5,35000,"WP Arnsberg-Lattenberg","Windenergie an Land",0,2027,NA
"1147","ABR990824498438","Windeinheit","SEE961471593456, SEE971724638773, SEE957999606631, SEE908257673810, SEE987885092460",5,35000,"WP Eineborn","Windenergie an Land",0,2026,NA
"1148","ABR916115096862","Windeinheit","SEE992748665392, SEE955998302172, SEE926783045758, SEE943497464903, SEE918609450365",5,35000,"WP Seedorf Repowering","Windenergie an Land",0,2028,NA
"1149","ABR987010741034","Windeinheit","SEE960389946439, SEE995369005622, SEE964491634406, SEE965631733911, SEE912750056834",5,35000,"WP Sirnitz/Dreispitz","Windenergie an Land",0,2026,NA
"1150","ABR944333457073","Windeinheit","SEE966014937285, SEE973043135698, SEE904090172169, SEE906662417913, SEE978979115011",5,35000,"WP Wedehorn","Windenergie an Land",0,2028,NA
"1151","ABR973785508064","Windeinheit","SEE968763534135, SEE969097889007, SEE974454178632, SEE917922575137, SEE984690933391",5,35000,"Windpark Arnstedter Warte","Windenergie an Land",0,2027,NA
"1152","ABR932010465817","Windeinheit","SEE963170962335, SEE933551728607, SEE941034894657, SEE991985597145, SEE938423175664",5,35000,"Windpark Auernheim","Windenergie an Land",0,2028,NA
"1153","ABR949682291606","Windeinheit","SEE966640308442, SEE931946389662, SEE915695773880, SEE999509873232, SEE977561525184",5,35000,"Windpark Bimolten Repowering","Windenergie an Land",0,2027,NA
"1154","ABR990818224418","Windeinheit","SEE999702136158, SEE910232052107, SEE912258112926, SEE949371155271, SEE907236757299",5,35000,"Windpark Bühren-Spols GmbH ＆ Co. KG","Windenergie an Land",0,2027,NA
"1155","ABR930583230023","Windeinheit","SEE943138718648, SEE952784056509, SEE962077911699, SEE993594464634, SEE938022888651",5,35000,"Windpark Colmar II (Strückhausen)","Windenergie an Land",0,2029,NA
"1156","ABR995172308064","Windeinheit","SEE961433674179, SEE962291604377, SEE910160567568, SEE955822042410, SEE925332109262",5,35000,"Windpark Doseweg","Windenergie an Land",0,2028,NA
"1157","ABR999408386086","Windeinheit","SEE951868195400, SEE949241701324, SEE926824784882, SEE968372561058, SEE912065604928",5,35000,"Windpark Duben West Bersteland","Windenergie an Land",0,2028,NA
"1158","ABR941911946233","Windeinheit","SEE945564364505, SEE988738150023, SEE955677404777, SEE967907983945, SEE976333790249",5,35000,"Windpark Frettertal","Windenergie an Land",0,2027,NA
"1159","ABR955129926154","Windeinheit","SEE933858945745, SEE957920692573, SEE946484727500, SEE942654662312, SEE953402194191",5,35000,"Windpark Gusenburg Nord II","Windenergie an Land",0,2026,NA
"1160","ABR956216717358","Windeinheit","SEE998546077351, SEE961800985044, SEE929929726054, SEE923695794002, SEE931311999649",5,35000,"Windpark Hausen","Windenergie an Land",0,2027,NA
"1161","ABR968499571152","Windeinheit","SEE956438462401, SEE987612441615, SEE905838916298, SEE922829596055, SEE962272102991",5,35000,"Windpark Herzlake-Bookhof","Windenergie an Land",0,2027,NA
"1162","ABR964392721786","Windeinheit","SEE916026375902, SEE956655025748, SEE949482146779, SEE966674559360, SEE903720579941, SEE914841828788, SEE979874067481, SEE966186237985, SEE970881011405, SEE977653650954, SEE985938765712, SEE970818657508, SEE961837265478, SEE961260041557, SEE914798254876, SEE916959973862, SEE922749140291, SEE905389353986, SEE991592612521, SEE942943698923, SEE944233037795, SEE905175507760, SEE903588804261, SEE973377038474, SEE969110530572, SEE906111909495, SEE962636372039, SEE907524403464, SEE917101607611, SEE980197479189, SEE999775938703, SEE934288868772, SEE906249613332, SEE924022767713, SEE988085547132, SEE997710961564, SEE910405679773, SEE957283684741, SEE911120309747, SEE936591609943, SEE999657103120, SEE954391709182, SEE990872773143, SEE965922673605, SEE928824205084, SEE996105549592, SEE955995918772, SEE931600392502, SEE950650220665, SEE944097355394, SEE917983214440, SEE924947452022, SEE923826024428, SEE963405388305, SEE941865645619, SEE979285470320, SEE903819575304, SEE925855163482, SEE912533505412, SEE957832369099, SEE960760638076, SEE944865264095, SEE922754120707, SEE932806038683, SEE927546826478, SEE934445148365, SEE966142199852, SEE940183160958, SEE977558651681, SEE958496999844",70,35000,"Windpark Midlum","Windenergie an Land",0,1999,NA
"1163","ABR913322691392","Windeinheit","SEE919066186781, SEE923790111322, SEE969129669836, SEE917476110709, SEE912501533287",5,35000,"Windpark Mundersum","Windenergie an Land",0,2028,NA
"1164","ABR949898407570","Windeinheit","SEE926208915871, SEE967224967062, SEE967953513431, SEE958236496589, SEE917345549906",5,35000,"Windpark Platte Bracht","Windenergie an Land",0,2028,NA
"1165","ABR989992323987","Windeinheit","SEE948167779141, SEE912256474965, SEE913764185824, SEE952571205370, SEE996843537172",5,35000,"Windpark Polsingen","Windenergie an Land",0,2028,NA
"1166","ABR926490749529","Windeinheit","SEE973613137428, SEE947875240271, SEE922359343907, SEE940296027971, SEE939023335649",5,35000,"Windpark Roggenmöörte","Windenergie an Land",0,2026,NA
"1167","ABR908998012282","Windeinheit","SEE947310633750, SEE922374334584, SEE931566958187, SEE952494511596, SEE974964032677",5,35000,"Windpark Sulzemoos","Windenergie an Land",0,2028,NA
"1168","ABR918058485406","Windeinheit","SEE982712570463, SEE975718775338, SEE954223995875, SEE990778068190, SEE995556125645",5,35000,"Windpark Werl Nord","Windenergie an Land",0,2027,NA
"1169","ABR993616236812","Windeinheit","SEE989504868456, SEE918395851797, SEE921407632185, SEE927363782902, SEE918558204774",5,35000,"Windpark Werpeloh","Windenergie an Land",0,2027,NA
"1170","ABR923323862769","Windeinheit","SEE968922973430, SEE947597305654, SEE906615965270, SEE975915586980, SEE974561977425",5,35000,"Windpark Windmühlenberg","Windenergie an Land",0,2027,NA
"1171","ABR981750505703","Windeinheit","SEE946879889080, SEE942041095037, SEE919091282984, SEE931148604303, SEE923184236778, SEE936998300658, SEE938181302838, SEE923052028054, SEE960746646705",9,34800,"WP Milow","Windenergie an Land",0,2019,NA
"1172","ABR946594389810","Windeinheit","SEE918380678323, SEE928224642601, SEE908734983975, SEE913958548091, SEE987430768970",5,34800,"WP Simmerhausen","Windenergie an Land",0,2027,NA
"1173","ABR952187406857","Windeinheit","SEE953131650203, SEE962459116797, SEE993743000980, SEE957461098216, SEE972541145345, SEE910154232922, SEE983651436209, SEE983211134545, SEE967564536386, SEE974161931353, SEE936329551001, SEE988851124727, SEE928059339493, SEE905674278659, SEE919587370454, SEE936837055633, SEE919576200151, SEE974890940787",18,34600,"Windpark Uelitz","Windenergie an Land",0,2005,NA
"1174","ABR903309764621","Windeinheit","SEE939491860308, SEE940248107935, SEE945573833849, SEE961933081378, SEE933682647297, SEE976426941909, SEE932946940259, SEE965571323050, SEE933380881405, SEE974753201215, SEE902586597601, SEE908353184678",12,34560,"WP Wahlsdorf","Windenergie an Land",0,2015,NA
"1175","ABR971026557406","Windeinheit","SEE922074272537, SEE929595223901, SEE969086248921, SEE909830200829, SEE996197841376, SEE971486092257, SEE967828525996, SEE959200301083",8,34520,"Mulsum","Windenergie an Land",0,2018,NA
"1176","ABR958751363175","Windeinheit","SEE903844059121, SEE975996019988, SEE951405891130, SEE909534409399, SEE906919114527, SEE997285536150, SEE977995815479, SEE941313193495, SEE960080235764, SEE949522111996",10,34500,"BürgerWindpark Gaishecke","Windenergie an Land",0,2023,NA
"1177","ABR909836821509","Windeinheit","SEE922050232203, SEE933570227891, SEE921212842175, SEE943111313365, SEE947725523974, SEE999461856922, SEE956933793284, SEE952438505094, SEE900569841673, SEE935770472774, SEE983310417280, SEE925037875721, SEE951428318089, SEE939663448419, SEE975693634965",15,34500,"Windkraft Presen GmbH ＆ Co.KG","Windenergie an Land",0,2006,NA
"1178","ABR960962129105","Windeinheit","SEE959350167515, SEE917427680855, SEE942965497238, SEE959097481714, SEE917536168756, SEE931313026503, SEE927129148393, SEE995724558527, SEE913189662757, SEE919023251187",10,34500,"Windpark Eckolstädt II","Windenergie an Land",0,2018,NA
"1179","ABR984809500322","Windeinheit","SEE958977425442, SEE916398570493, SEE989178328072, SEE943793572845, SEE956747535803",5,34400,"Borken Kierit","Windenergie an Land",0,2028,NA
"1180","ABR951292203221","Windeinheit","SEE998419356095, SEE905228150608, SEE958372230610, SEE931574990551, SEE982208533811, SEE939685100517",6,34400,"Windpark Bernstorf/Questin","Windenergie an Land",0,2022,NA
"1181","ABR937496208811","Windeinheit","SEE907604130280, SEE923960670680, SEE904352967366, SEE942884776384, SEE915938476233, SEE991399695567",6,34400,"Windpark Sitten","Windenergie an Land",0,2009,NA
"1182","ABR927397646904","Windeinheit","SEE995642167672, SEE930809816437, SEE936667491342, SEE979371276904, SEE967779840810, SEE943917481107, SEE905214109726",7,34300,"WP Neuenwalde","Windenergie an Land",0,2005,NA
"1183","ABR917028365465","Windeinheit","SEE919976629583, SEE941459887159, SEE904384292986, SEE940518926990, SEE927031873093, SEE911123204742",6,34250,"WP Altenkattbek","Windenergie an Land",0,2027,NA
"1184","ABR944965626588","Windeinheit","SEE901693851507, SEE972197475896, SEE961975816754, SEE960852052858, SEE939013328071, SEE989465579897",6,34200,"Basedow-Lütau","Windenergie an Land",0,2027,NA
"1185","ABR916652880474","Windeinheit","SEE996817022703, SEE907407469716, SEE996148280391, SEE998419516031, SEE997341725306, SEE991918049598",6,34200,"Bokel","Windenergie an Land",0,2029,NA
"1186","ABR946385149418","Windeinheit","SEE967207774809, SEE941062550884, SEE900479529920, SEE927993238053, SEE938142055803, SEE969298696589",6,34200,"Bürger Windpark Krempdorf","Windenergie an Land",0,2027,NA
"1187","ABR947797985809","Windeinheit","SEE904334397907, SEE961540457818, SEE992224087458, SEE967312449708, SEE917705718256, SEE941481000489",6,34200,"Vorhop","Windenergie an Land",0,2027,NA
"1188","ABR937995708027","Windeinheit","SEE943014571848, SEE973369766842, SEE909946474916, SEE988986037862, SEE987238878253",5,34200,"WP Elmelage","Windenergie an Land",0,2028,NA
"1189","ABR926222341793","Windeinheit","SEE918629080658, SEE991842530582, SEE904703434226, SEE992626534123, SEE901779404276, SEE919265640459",6,34200,"WP Tripsrath Erweiterung","Windenergie an Land",0,2026,NA
"1190","ABR959885214265","Windeinheit","SEE986608891540, SEE912121556741, SEE981927326872, SEE939822460399, SEE951983342727, SEE958249051843",6,34200,"WP Vockenrod","Windenergie an Land",0,2024,NA
"1191","ABR971653703214","Windeinheit","SEE995934356104, SEE982526017529, SEE977737683847, SEE953367588844, SEE942855928323, SEE925693955744",6,34200,"Windpark Bargum Ost","Windenergie an Land",0,2028,NA
"1192","ABR968018016836","Windeinheit","SEE923802377883, SEE950179793688, SEE926034105682, SEE971087087461, SEE910634021237, SEE993918975099",6,34200,"Windpark Länge","Windenergie an Land",0,2026,NA
"1193","ABR965370323862","Windeinheit","SEE902811390083, SEE929073578448, SEE957406696132, SEE961563939698, SEE903232888302, SEE904914194827",6,34200,"Windpark Niederasphe","Windenergie an Land",0,2025,NA
"1194","ABR939117176516","Windeinheit","SEE932062879747, SEE923662465713, SEE920358813704, SEE938925869764, SEE923792470878, SEE920338187832",6,34200,"Windpark Pievens-Süderhausen GmbH ＆ Co. KG","Windenergie an Land",0,2025,NA
"1195","ABR951859347641","Windeinheit","SEE999446583997, SEE975432871736, SEE932939293676, SEE916028114622, SEE950921091642, SEE979692568726",6,34200,"Windpark Rieps","Windenergie an Land",0,2023,NA
"1196","ABR913061081812","Windeinheit","SEE927446932842, SEE900430021708, SEE904145265846, SEE939179780249, SEE901792621391, SEE918923442848",6,34200,"Windpark Rieseby","Windenergie an Land",0,2026,NA
"1197","ABR933311315184","Windeinheit","SEE930921547158, SEE924242067334, SEE958384180538, SEE941910926922, SEE921116771335, SEE984703984457",6,34200,"Windpark Schafstedt","Windenergie an Land",0,2028,NA
"1198","ABR960142287953","Windeinheit","SEE950685635175, SEE928125798650, SEE945546724655, SEE961302019407, SEE923180479032, SEE922082976144",6,34200,"Wussentin","Windenergie an Land",0,2026,NA
"1199","ABR976663927414","Windeinheit","SEE922221075790, SEE958875170178, SEE915629385783, SEE932027716100, SEE911217668672, SEE993775507280, SEE971280546383, SEE969520468847, SEE980128738590, SEE921477098591, SEE932353040757",11,34100,"Windpark Groß Luckow","Windenergie an Land",0,2001,NA
"1200","ABR914697992527","Windeinheit","SEE945507702111, SEE939964550385, SEE999686723566, SEE987741878962, SEE939855783854, SEE963291368580, SEE924117186733, SEE936737309836",8,34080,"WP Steyerberg-Wellie","Windenergie an Land",0,2024,NA
"1201","ABR962597534231","Windeinheit","SEE921514920564, SEE911650657967, SEE975645118949, SEE914604861076, SEE984577833806",5,34000,"Atzendorf II","Windenergie an Land",0,2028,NA
"1202","ABR966156865910","Windeinheit","SEE901252031494, SEE988895210547, SEE999676733773, SEE913229749370, SEE933031751422, SEE902498284705, SEE908066869053, SEE961882593533, SEE905878604841, SEE967640003764, SEE996186742523, SEE937810173245, SEE974977068014, SEE918763292580, SEE985384693379, SEE912885904598, SEE957284911082",17,34000,"Brunsbüttel West Repowering","Windenergie an Land",0,2010,NA
"1203","ABR935719244332","Windeinheit","SEE964269791041, SEE946437964358, SEE972612951066, SEE944573378138, SEE966257119189",5,34000,"Bürgerwindpark Weißenbrunn-Gössersdorf","Windenergie an Land",0,2026,NA
"1204","ABR941190092140","Windeinheit","SEE908053690561, SEE937692712808, SEE942864840470, SEE973055772188, SEE910249245103",5,34000,"Cornberg-Bebra","Windenergie an Land",0,2028,NA
"1205","ABR902828163656","Windeinheit","SEE986507733316, SEE937666152265, SEE993687415871, SEE952199303267, SEE968618960348",5,34000,"EE Repowering Sonnblick GmbH ＆ Co. KG","Windenergie an Land",0,2026,NA
"1206","ABR927197348503","Windeinheit","SEE998286058351, SEE945782084636, SEE972206472441, SEE925554984784, SEE928990214590",5,34000,"Garnholt Repowering","Windenergie an Land",0,2026,NA
"1207","ABR947164911776","Windeinheit","SEE960097838156, SEE977384488956, SEE965217586306, SEE958898051812, SEE975490445771",5,34000,"KHD","Windenergie an Land",0,2027,NA
"1208","ABR982392078730","Windeinheit","SEE950623466861, SEE989373924581, SEE921402535634, SEE906501406221, SEE912013421140",5,34000,"Oerzen Repowering","Windenergie an Land",0,2027,NA
"1209","ABR995078518420","Windeinheit","SEE995194858509, SEE926360102416, SEE989391872413, SEE950792320773, SEE938454322204",5,34000,"WP Erlte-Endel","Windenergie an Land",0,2027,NA
"1210","ABR978638749915","Windeinheit","SEE948518548051, SEE958955544011, SEE995883963873, SEE961008332961, SEE991841897815",5,34000,"WP Lehrte I Rep","Windenergie an Land",0,2028,NA
"1211","ABR932786604502","Windeinheit","SEE912792840767, SEE953570729966, SEE912253158387, SEE934901743004, SEE914031312608",5,34000,"WP Sundern-Allendorf","Windenergie an Land",0,2026,NA
"1212","ABR963537983492","Windeinheit","SEE901434335549, SEE939755352051, SEE985837449911, SEE942649149460, SEE963265805806",5,34000,"Windpark Bergmoor","Windenergie an Land",0,2028,NA
"1213","ABR981460057547","Windeinheit","SEE971711969460, SEE973760251381, SEE903585673303, SEE929756306771, SEE973619397574",5,34000,"Windpark Billroda","Windenergie an Land",0,2027,NA
"1214","ABR999408386086","Windeinheit","SEE998210048205, SEE946328133153, SEE925488608442, SEE961501796147, SEE977553609458",5,34000,"Windpark Birkholzgrund West","Windenergie an Land",0,2028,NA
"1215","ABR932035797214","Windeinheit","SEE978149979177, SEE927628371094, SEE988928420172, SEE980991586113, SEE920753895763",5,34000,"Windpark Domsühl","Windenergie an Land",0,2026,NA
"1216","ABR969756540492","Windeinheit","SEE976108438734, SEE936112340850, SEE904045284961, SEE907845251577, SEE941439392673",5,34000,"Windpark Ebneth/Reuth","Windenergie an Land",0,2028,NA
"1217","ABR927462277941","Windeinheit","SEE953775306047, SEE961503489559, SEE957485453459, SEE954696480571, SEE952215551214",5,34000,"Windpark Eußenheim","Windenergie an Land",0,2028,NA
"1218","ABR933815618781","Windeinheit","SEE980050716581, SEE929464380766, SEE963715954160, SEE900026109049, SEE996753851573, SEE924113044532, SEE966336059382, SEE903375837335, SEE939919286710, SEE974073143004, SEE932265313048, SEE994251537838, SEE994130933973, SEE957897516353, SEE983235591225, SEE993040532030, SEE911176281417",17,34000,"Windpark Freyenstein-Halenbeck GmbH ＆ Co. KG","Windenergie an Land",0,2006,NA
"1219","ABR951385299063","Windeinheit","SEE969414753073, SEE913549236352, SEE924016157889, SEE915478474157, SEE932515749474",5,34000,"Windpark Gehrden/Fölsen","Windenergie an Land",0,2026,NA
"1220","ABR929444881566","Windeinheit","SEE979686494475, SEE949255414005, SEE959811567489, SEE914769831846, SEE925196776730",5,34000,"Windpark Neuengörs Repowering","Windenergie an Land",0,2025,NA
"1221","ABR906494130967","Windeinheit","SEE941830892505, SEE919347801259, SEE931109682456, SEE983703482192, SEE939960211723",5,34000,"Windpark Rollwitz","Windenergie an Land",0,2028,NA
"1222","ABR994574951960","Windeinheit","SEE975671970061, SEE912296428980, SEE949158790596, SEE946366779351, SEE946063954242, SEE993168464909, SEE940031641349, SEE987838495225, SEE963896085110, SEE926716889367",10,34000,"Windpark Streu-Saale","Windenergie an Land",0,2017,NA
"1223","ABR978808194330","Windeinheit","SEE921251179713, SEE985864718912, SEE921445071663, SEE948358942941, SEE995959989127",5,34000,"Windpark Uehrde","Windenergie an Land",0,2024,NA
"1224","ABR904456069973","Windeinheit","SEE970941234430, SEE930414839746, SEE986109989708, SEE957597881928, SEE931023470993, SEE994896313064, SEE982078087025",7,33600,"ABO Wind WP Öhringen","Windenergie an Land",0,2026,NA
"1225","ABR922593578066","Windeinheit","SEE983842210977, SEE909149944346, SEE996109105848, SEE951642595723, SEE984201709927",5,33600,"BVD Repowering Fläche 52","Windenergie an Land",0,2027,NA
"1226","ABR979408193853","Windeinheit","SEE943555929504, SEE902243484985, SEE953503432673, SEE931995694878, SEE970239977469, SEE976728052570, SEE953267954916, SEE969752436423",8,33600,"Bingen","Windenergie an Land",0,2025,NA
"1227","ABR909054335185","Windeinheit","SEE914378474090, SEE923862047382, SEE912249520297, SEE922944674867, SEE980383287147",5,33600,"Dittelsdorf","Windenergie an Land",0,2028,NA
"1228","ABR911486332793","Windeinheit","SEE992249757145, SEE944934728039, SEE923305567026, SEE925952682213, SEE901827944754, SEE995091204157, SEE922685533799, SEE948215028009",8,33600,"Trianel Windpark Spreeau","Windenergie an Land",0,2021,NA
"1229","ABR980723525205","Windeinheit","SEE953575431727, SEE939041142922, SEE997908234555, SEE949738984766, SEE938995796946, SEE974046602446, SEE986306134093",7,33600,"WP Iversacker","Windenergie an Land",0,2022,NA
"1230","ABR978258878354","Windeinheit","SEE945109854478, SEE951658305835, SEE984432575193, SEE925664165363, SEE910388153291, SEE916221245000",6,33600,"Windpark Dollenkamp GmbH ＆ Co. KG","Windenergie an Land",0,2025,NA
"1231","ABR978915672417","Windeinheit","SEE901992046307, SEE915627303673, SEE912822097710, SEE929209411588, SEE990086697129, SEE907557493579, SEE958910936936, SEE935169608883",8,33600,"Windpark Flechum","Windenergie an Land",0,2018,NA
"1232","ABR931981906398","Windeinheit","SEE947676873944, SEE939618161189, SEE956862664808, SEE970763589978, SEE911408009529, SEE979918902792",6,33600,"Windpark Hembsen","Windenergie an Land",0,2026,NA
"1233","ABR997731288992","Windeinheit","SEE918550813783, SEE925186822805, SEE970620022037, SEE974339636028, SEE984542652395, SEE903820822756, SEE928501590908, SEE985316378626",8,33600,"Windpark Luxem GmbH ＆ Co.KG","Windenergie an Land",0,2024,NA
"1234","ABR911028181032","Windeinheit","SEE963578220921, SEE926035122657, SEE984695962785, SEE959603164247, SEE942025750648, SEE922951584821",6,33600,"Windpark Neuenwalde","Windenergie an Land",0,2019,NA
"1235","ABR986819527467","Windeinheit","SEE992193565599, SEE990383440183, SEE929399964970, SEE978955922930, SEE992083797161, SEE945509926201",6,33600,"Windpark Nägelstedt","Windenergie an Land",0,2026,NA
"1236","ABR923452787872","Windeinheit","SEE948067321761, SEE902295921421, SEE923973297584, SEE920961964817, SEE960969019904, SEE956187607085, SEE980603623588",7,33600,"Windpark Rosacker Au","Windenergie an Land",0,2028,NA
"1237","ABR921405373615","Windeinheit","SEE931417922985, SEE991049403320, SEE932475550806, SEE938241840973, SEE906074126519, SEE937207424059, SEE935188971159",7,33510,"Werder Kessin 3.BA","Windenergie an Land",0,2013,NA
"1238","ABR989338082042","Windeinheit","SEE991638158662, SEE927218041338, SEE924487824570, SEE930780931808, SEE972079085052, SEE958451900458, SEE935373915791, SEE954027058448, SEE992490982297, SEE947816769359, SEE948754539424, SEE927054287778, SEE914469814880, SEE928651059287, SEE956117486643, SEE932844109802, SEE977597680413, SEE990312032564, SEE991069817411",19,33500,"WKN Windkraft Nord GmbH ＆Co. Bürgerwindpark Apensen KG","Windenergie an Land",0,2001,NA
"1239","ABR923828951203","Windeinheit","SEE955887029524, SEE987261902697, SEE959440134182, SEE972985944054, SEE901542781849, SEE963539435180",6,33360,"WP Martfeld II","Windenergie an Land",0,2026,NA
"1240","ABR919795079309","Windeinheit","SEE955770045037, SEE966376902587, SEE908834165776, SEE930456611942, SEE927875976219, SEE964961561669",6,33360,"Windkraft Forstenrieder Park","Windenergie an Land",0,2026,NA
"1241","ABR949952171317","Windeinheit","SEE906044624397, SEE922169236970, SEE972732123435, SEE920275182112, SEE986684159695, SEE939771697501",6,33360,"Windpark Bitburg Land I","Windenergie an Land",0,2026,NA
"1242","ABR941323259334","Windeinheit","SEE990217182029, SEE970658524527, SEE993788991977, SEE990909143499, SEE945764942770, SEE956074542352",6,33360,"Windpark Darsikow","Windenergie an Land",0,2027,NA
"1243","ABR910237234799","Windeinheit","SEE934355252190, SEE951022948132, SEE937029969127, SEE995575512013, SEE974039182252, SEE948400188464",6,33360,"Windpark Gau-Bickelheim Repowering Phase 3","Windenergie an Land",0,2025,NA
"1244","ABR901611340267","Windeinheit","SEE932030637089, SEE927255897455, SEE936720789638, SEE905350389051, SEE963943682514, SEE902710104743",6,33360,"Windpark Gehlenberg","Windenergie an Land",0,2027,NA
"1245","ABR980567683260","Windeinheit","SEE944834462392, SEE994056372610, SEE936399509278, SEE996097984951, SEE944101566365, SEE951373747415",6,33360,"Windpark Lünne Repowering","Windenergie an Land",0,2024,NA
"1246","ABR929896094781","Windeinheit","SEE980400381520, SEE972389591595, SEE935408635342, SEE979357990046, SEE945817673248, SEE950649978423",6,33360,"Windpark Oederquart Repowering","Windenergie an Land",0,2026,NA
"1247","ABR944587237148","Windeinheit","SEE960318124440, SEE995507010822, SEE939373115489, SEE960952900622, SEE986943956409, SEE966302714062, SEE988412057402, SEE909001366460, SEE901026810508, SEE984345428159, SEE975231011920",11,33300,"Bürgerwindpark Stedesdorf","Windenergie an Land",0,2013,NA
"1248","ABR988159782957","Windeinheit","SEE955531312651, SEE961690088511, SEE993783443037, SEE943539197295, SEE958596910732, SEE970337603888",6,33300,"Windpark Rosacker Nord","Windenergie an Land",0,2028,NA
"1249","ABR922593578066","Windeinheit","SEE974343102120, SEE925671938462, SEE912000150916, SEE906798318405, SEE997836790468",5,33000,"BVD Repowering Fläche 54","Windenergie an Land",0,2029,NA
"1250","ABR961644945150","Windeinheit","SEE905389484796, SEE953946207050, SEE926864369438, SEE968666210297, SEE934296333446, SEE963438574683",6,33000,"Gembeck II","Windenergie an Land",0,2029,NA
"1251","ABR944401108647","Windeinheit","SEE905333202674, SEE950266900623, SEE938480694580, SEE948894956563, SEE994081498972",5,33000,"Nieheim-Rotthöhe","Windenergie an Land",0,2029,NA
"1252","ABR912499302384","Windeinheit","SEE977454436139, SEE980784383523, SEE976841267912, SEE925268152967, SEE905337809947",5,33000,"RE Rendsburg-Eckernförde","Windenergie an Land",0,2027,NA
"1253","ABR947254976975","Windeinheit","SEE969192398602, SEE948273663471, SEE941113790818, SEE935090291499, SEE931878324885, SEE969981434900, SEE942751098700, SEE988361266672, SEE905149999669, SEE975632421311",10,33000,"Trianel Windpark Uckley","Windenergie an Land",0,2016,NA
"1254","ABR950837343958","Windeinheit","SEE901751076408, SEE933185515581, SEE956856857407, SEE934343904025, SEE984512830174, SEE962461953113",6,33000,"Volkmarsdorf2","Windenergie an Land",0,2024,NA
"1255","ABR919574103430","Windeinheit","SEE975038799328, SEE987769262514, SEE973865514596, SEE937039057159, SEE952410370603, SEE941621075261",6,33000,"WP Herzhausen","Windenergie an Land",0,2025,NA
"1256","ABR986380459563","Windeinheit","SEE908426627576, SEE968245016968, SEE980069156644, SEE912760177161, SEE955061283926, SEE950489426610, SEE984310999615, SEE949242565673, SEE914584438558, SEE936784984086",10,33000,"WP Klettwitz BA 2.2","Windenergie an Land",0,2019,NA
"1257","ABR986789565643","Windeinheit","SEE915003682590, SEE922230591526, SEE921950744236, SEE979615320004, SEE969747294809, SEE929949259723, SEE979214687775, SEE987401505443, SEE989867260645, SEE903497843498, SEE945465959473",11,33000,"WP Wintrich","Windenergie an Land",0,2018,NA
"1258","ABR987083641507","Windeinheit","SEE979072162803, SEE917591365763, SEE917071111279, SEE951917113690, SEE905423972548, SEE953509147021, SEE945731266588, SEE965750505338, SEE915638044220, SEE968572464203, SEE974657033899",11,33000,"Windpark Feldheim","Windenergie an Land",0,2015,NA
"1259","ABR956121052711","Windeinheit","SEE901619431370, SEE907559009174, SEE966604792430, SEE960770495317, SEE977024746316, SEE996946682885, SEE914677539230, SEE975958428445, SEE991917676764, SEE989642679976, SEE961820983518",11,33000,"Windpark Straubenhardt","Windenergie an Land",0,2017,NA
"1260","ABR934524242519","Windeinheit","SEE975957501132, SEE934211245748, SEE974290296729, SEE965258822487, SEE973946065078, SEE927899661894, SEE957824792911",7,32950,"Freudenberg","Windenergie an Land",0,2003,NA
"1261","ABR952611457707","Windeinheit","SEE935622383395, SEE918595588653, SEE904777308638, SEE934843805976, SEE971018378866",5,32900,"Windpark Jatznick","Windenergie an Land",0,2027,NA
"1262","ABR912787750132","Windeinheit","SEE961613477439, SEE958655519395, SEE981172787503, SEE970432033375, SEE940366747167, SEE905425422447, SEE980007892290, SEE943486394549",8,32800,"Strassen","Windenergie an Land",0,2023,NA
"1263","ABR930338716888","Windeinheit","SEE974351134038, SEE908564849229, SEE905976500724, SEE925927515461, SEE993959555250, SEE995069789778",6,32500,"Dummerstorf","Windenergie an Land",0,2018,NA
"1264","ABR944600580503","Windeinheit","SEE950830994607, SEE940133478584, SEE939440443439, SEE903846903705, SEE925071931766, SEE929957275463, SEE917965824209, SEE938421120703, SEE903015989417, SEE940830338648, SEE911678015817, SEE934657046336, SEE920584679068",13,32500,"Suckow","Windenergie an Land",0,2013,NA
"1265","ABR946965613322","Windeinheit","SEE944715890078, SEE928157870119, SEE908989301760, SEE910364506462, SEE932462891035, SEE905093626185, SEE926567942877, SEE994528521362, SEE925363577788, SEE977351457183, SEE986046495263, SEE960012413338, SEE997607387866, SEE966704840031, SEE909354342227, SEE947153445626, SEE910411142872, SEE916038540886",18,32500,"WP Bliesdorf","Windenergie an Land",0,2001,NA
"1266","ABR915045963770","Windeinheit","SEE910318122724, SEE998890151592, SEE943666000031, SEE910607567182, SEE974389649184, SEE911962807487, SEE956521829722, SEE989243051362, SEE962387135037, SEE946665568977, SEE923216601925, SEE917599256407, SEE953760277871",13,32500,"WP Buchhain","Windenergie an Land",0,2014,NA
"1267","ABR933776283783","Windeinheit","SEE957207568454, SEE959220888991, SEE955270649803, SEE915171284718, SEE962581958623",5,32400,"Bimöhlen","Windenergie an Land",0,2026,NA
"1268","ABR944716785168","Windeinheit","SEE951461047281, SEE927048598378, SEE919126697783, SEE927451117449, SEE997122726829",5,32400,"Bürgerwind Laer","Windenergie an Land",0,2025,NA
"1269","ABR963287650248","Windeinheit","SEE944508203214, SEE994852073872, SEE917225034508, SEE984148856081, SEE939122717445",5,32400,"Thumby","Windenergie an Land",0,2026,NA
"1270","ABR943579250417","Windeinheit","SEE963276165364, SEE972758982573, SEE980419607499, SEE907158291154, SEE986492802431, SEE937259710995, SEE948569424137, SEE906204045154, SEE910989455138",9,32400,"WP Groß Oesingen","Windenergie an Land",0,2022,NA
"1271","ABR917115992765","Windeinheit","SEE920642763678, SEE984251053971, SEE988743720679, SEE918183852494, SEE926992610259, SEE974305362463, SEE908480662056, SEE992767173274, SEE925682009267",9,32400,"Windpark Bornheim-Villerücken","Windenergie an Land",0,2027,NA
"1272","ABR986720739362","Windeinheit","SEE992940988589, SEE957061163420, SEE913026581630, SEE962080695562, SEE965581070975, SEE953361791035, SEE958059583794, SEE948803626716, SEE928828954346, SEE962233338728, SEE918450502923",11,32350,"Windpark Zerbst","Windenergie an Land",0,2015,NA
"1273","ABR943677214274","Windeinheit","SEE986119151522, SEE949346121706, SEE984804407428, SEE908906391386, SEE943679600556, SEE943171644737, SEE944094047193, SEE961895624729",8,32200,"Hugoldsdorf BA1","Windenergie an Land",0,2026,NA
"1274","ABR996693042444","Windeinheit","SEE931114616545, SEE906284742851, SEE942946081142, SEE911256240242, SEE947876253065",5,32200,"Neuenkirchen","Windenergie an Land",0,2027,NA
"1275","ABR916115096862","Windeinheit","SEE916299214571, SEE967242805810, SEE972283843851, SEE944989304387, SEE957998213724, SEE964359792866, SEE978969101246, SEE998039482839, SEE945909685876, SEE984843059145, SEE930291888578, SEE988737916897, SEE959544704946, SEE989574301679, SEE989138399432, SEE925936631046",16,32000,"Bartelsdorf","Windenergie an Land",0,2009,NA
"1276","ABR903729451323","Windeinheit","SEE966843116233, SEE962368352996, SEE904295788073, SEE903115921096, SEE987236310519, SEE939665219895, SEE945829516410, SEE972363002840, SEE936783298337, SEE962964607339, SEE972237587039, SEE988272582892, SEE995189687930, SEE988356263853, SEE918656255531, SEE918016408829",16,32000,"Mahlwinkel-Nord","Windenergie an Land",0,2008,NA
"1277","ABR916115096862","Windeinheit","SEE982369439731, SEE993467920588, SEE901927732916, SEE947207172232, SEE942180503974, SEE919880522550, SEE922524478090, SEE944328223409, SEE979925840964, SEE976713651658, SEE939441432043, SEE908629911700, SEE968186335593, SEE943883314867, SEE911507756003, SEE902949779347",16,32000,"Putlitz 2","Windenergie an Land",0,2004,NA
"1278","ABR973961807103","Windeinheit","SEE928602328066, SEE922235577419, SEE935818412489, SEE963921215017, SEE948679080308, SEE994292017221, SEE954580861813, SEE910996936538, SEE993846276503, SEE900673487774, SEE920603747563, SEE923300618402, SEE995642211719, SEE967034791659, SEE960989715879, SEE950953341739",16,32000,"WP Biebersdorf","Windenergie an Land",0,2011,NA
"1279","ABR934679944146","Windeinheit","SEE968163385061, SEE914007993138, SEE901894964464, SEE918153092097, SEE927739094998, SEE934688614658, SEE958254508820, SEE933382219572, SEE974231545213, SEE930119705964, SEE905501709523, SEE933215908475, SEE946073249918, SEE914986531864, SEE914657003133, SEE912321602538",16,32000,"WP Feldheim VI","Windenergie an Land",0,2005,NA
"1280","ABR904357018209","Windeinheit","SEE972243679759, SEE999499233566, SEE958675035974, SEE904673958944, SEE903937180367, SEE957289084415, SEE983209358731, SEE982634082600, SEE993220560662",9,31950,"Windpark Ingstetten","Windenergie an Land",0,1999,NA
"1281","ABR917074033394","Windeinheit","SEE951269727064, SEE951309678233, SEE920480237706, SEE943999454259, SEE989352738970, SEE955555160818, SEE980141012868",7,31940,"Windpark Borken Marbeck","Windenergie an Land",0,2006,NA
"1282","ABR927981197324","Windeinheit","SEE986470739292, SEE996990630375, SEE961048072025, SEE913006207536, SEE950432686542, SEE939198208649, SEE952766217546, SEE907813084206, SEE957276197623, SEE994609246092, SEE926245467425, SEE950449475573, SEE930260010276, SEE993943150560, SEE909010517211",15,31825,"WP Rastenberg","Windenergie an Land",0,2000,NA
"1283","ABR963703383200","Windeinheit","SEE992870782783, SEE901918821797, SEE979157822516, SEE962526945336, SEE939923432486",5,31800,"Borntin","Windenergie an Land",0,2029,NA
"1284","ABR988853295081","Windeinheit","SEE978920611050, SEE971366788195, SEE909168449525, SEE916418915013, SEE916236009086, SEE918665125993",6,31800,"WP Hanstedt-Wriedel Erweiterung","Windenergie an Land",0,2021,NA
"1285","ABR957590722709","Windeinheit","SEE984393279888, SEE984556219041, SEE921272059674, SEE942354808454, SEE949913578490, SEE928032989929, SEE925336433141, SEE984837697971",8,31750,"Windpark Detern","Windenergie an Land",0,2018,NA
"1286","ABR980648021769","Windeinheit","SEE938268022598, SEE976593307591, SEE938537972241, SEE948163119415, SEE942799333078, SEE901684707615, SEE940227198206, SEE977692938099, SEE997374843008, SEE952357829561",10,31700,"Holtsee-Altenhof","Windenergie an Land",0,2013,NA
"1287","ABR925500809116","Windeinheit","SEE936783405933, SEE948877833867, SEE908690439400, SEE904756264726, SEE953156041918, SEE907118503174",6,31600,"Windpark Pollitz I","Windenergie an Land",0,2016,NA
"1288","ABR911528596749","Windeinheit","SEE958691509732, SEE936888368034, SEE945740694457, SEE949156980876, SEE904724828936, SEE975586925521, SEE928171934996, SEE943592701521, SEE991241235569, SEE964832889724, SEE964329193211, SEE956440646547, SEE915667734994, SEE990842533319, SEE974627285747, SEE970872265534, SEE991192519664, SEE929263497009, SEE957557695831, SEE919803796112, SEE993605215484",21,31500,"Grömitz","Windenergie an Land",0,2000,NA
"1289","ABR917113238353","Windeinheit","SEE969513270891, SEE993999393836, SEE944302410603, SEE989869237928, SEE918570272652",5,31500,"Kilbe Nord","Windenergie an Land",0,2026,NA
"1290","ABR927397646904","Windeinheit","SEE989544009826, SEE929808623443, SEE913439532823, SEE954246175179, SEE946548432180, SEE996766129263, SEE937398500686, SEE985696570733, SEE983245111666",9,31500,"Kirchhundem","Windenergie an Land",0,2028,NA
"1291","ABR982099896958","Windeinheit","SEE955654373669, SEE956700473241, SEE964708981187, SEE937511779081, SEE935730069013, SEE978026621939, SEE923334358374",7,31500,"Windpark Fiefbergen","Windenergie an Land",0,1999,NA
"1292","ABR942487877501","Windeinheit","SEE952448692692, SEE959106367343, SEE906848953235, SEE958908978696, SEE994311789184, SEE909237762180, SEE956204640255",7,31500,"Windpark Friesenhagen","Windenergie an Land",0,2025,NA
"1293","ABR931263225650","Windeinheit","SEE992159133527, SEE936962660221, SEE908505401295, SEE904932084339, SEE918528066531, SEE986298324762, SEE919006385168, SEE954330351069, SEE913089845786, SEE987687649251, SEE970513769636, SEE945817715900, SEE999342587167, SEE956802732772, SEE926909692880, SEE941775107443, SEE987327539898, SEE911795637053, SEE930258056149, SEE925433083829, SEE919614441256",21,31500,"Windpark Wybelsumer Polder","Windenergie an Land",0,1997,NA
"1294","ABR971120768029","Windeinheit","SEE976567700625, SEE945038663486, SEE933238078797, SEE941622397959, SEE938697466871, SEE922689549543, SEE992055625515, SEE936176095604, SEE951456804097",9,31350,"Kohlenstraße","Windenergie an Land",0,2017,NA
"1295","ABR995081011451","Windeinheit","SEE957300952129, SEE929417430852, SEE928300392857, SEE995569484975, SEE944174396036, SEE984631500637, SEE932007959923, SEE988995773973, SEE958130029357, SEE972719638396, SEE969900546813, SEE930401715879, SEE937857182316, SEE902726880044, SEE913696100803, SEE962278541923, SEE937605500553, SEE987349478380, SEE938931264454",19,31300,"Basedow","Windenergie an Land",0,2001,NA
"1296","ABR941257800664","Windeinheit","SEE958884672557, SEE909876345782, SEE921204126801, SEE909925222262, SEE951336742358, SEE935695484043",6,31260,"Nord-Ostsee Energiepark GmbH ＆ Co. KG","Windenergie an Land",0,2021,NA
"1297","ABR941136567763","Windeinheit","SEE943781699714, SEE916941423160, SEE912476646685, SEE956454985830",4,31200,"Merzen - In den Braaken","Windenergie an Land",0,2028,NA
"1298","ABR920193003728","Windeinheit","SEE990518058924, SEE939165268409, SEE910116560001, SEE919572757895, SEE939085342098, SEE908074280475, SEE964310899252, SEE905459829434, SEE983366156478",9,31050,"WP Albertshof","Windenergie an Land",0,2020,NA
"1299","ABR982662736025","Windeinheit","SEE948721850590, SEE970240259233, SEE978150569985, SEE971732258345, SEE977118064012, SEE963764933994, SEE978883707494, SEE943618043789, SEE969121787637",9,31050,"Windpark Jacobsdorf GmbH ＆ Co. KG","Windenergie an Land",0,2016,NA
"1300","ABR965463074305","Windeinheit","SEE935904496584, SEE985813475798, SEE998625136955, SEE970981782922, SEE919799256416, SEE987644803320",6,31040,"WP Buettstedt Phase 1","Windenergie an Land",0,2029,NA
"1301","ABR931543274651","Windeinheit","SEE992629158777, SEE922704124366, SEE917448313329, SEE946312396021, SEE919447608000",5,31000,"Bürgerwindpark Nienwohlde","Windenergie an Land",0,2027,NA
"1302","ABR964694508184","Windeinheit","SEE953312839847, SEE950869295430, SEE914434785351, SEE938820030955, SEE926577929462, SEE905091940320, SEE986958252831, SEE971265157078, SEE989919926826, SEE985199474767, SEE934533711723, SEE978473954840, SEE909858198443, SEE992882521943",14,31000,"Emsdetten","Windenergie an Land",0,2002,NA
"1303","ABR986681139157","Windeinheit","SEE973358569126, SEE943231241449, SEE915476651895, SEE973963128237, SEE955261697653",5,31000,"Langendorf II","Windenergie an Land",0,2025,NA
"1304","ABR986789256213","Windeinheit","SEE920616247494, SEE970575322824, SEE946008344480, SEE923054991219, SEE955582707277",5,31000,"WP Kirchhundem II","Windenergie an Land",0,2028,NA
"1305","ABR926408095793","Windeinheit","SEE988001713146, SEE949657043926, SEE931887455242, SEE965424431543, SEE996176705972",5,31000,"WP Röhrengrund","Windenergie an Land",0,2026,NA
"1306","ABR914067444151","Windeinheit","SEE950770423892, SEE900863002930, SEE919106879390, SEE903741458423, SEE952049824676",5,31000,"Windenergiepark Höringhausen GmbH","Windenergie an Land",0,2025,NA
"1307","ABR960208454985","Windeinheit","SEE993767223280, SEE987049499494, SEE952610783296, SEE960801227870, SEE960578368929, SEE962915328597, SEE917566751836, SEE990271354455",8,31000,"Windpark Elsterwerda","Windenergie an Land",0,2006,NA
"1308","ABR990548479478","Windeinheit","SEE959891629855, SEE993701037997, SEE953999787684, SEE954112485081, SEE999532704503",5,31000,"Windpark Gomadingen","Windenergie an Land",0,2026,NA
"1309","ABR967979630259","Windeinheit","SEE926829431347, SEE916546875524, SEE997502766438, SEE967251652610, SEE953020097010",5,31000,"Windpark Heidhörn","Windenergie an Land",0,2028,NA
"1310","ABR979425698492","Windeinheit","SEE939697632204, SEE944563641174, SEE975402372829, SEE949049870734, SEE924549390388",5,31000,"Windpark Heidsiek","Windenergie an Land",0,2027,NA
"1311","ABR949143916468","Windeinheit","SEE936555019597, SEE936175510184, SEE994976697367, SEE910018693760, SEE992030509793",5,31000,"Windpark Prezelle Nord","Windenergie an Land",0,2027,NA
"1312","ABR949143916468","Windeinheit","SEE987023860746, SEE912723583497, SEE934516507916, SEE901628927178, SEE969250864452",5,31000,"Windpark Prezelle Süd","Windenergie an Land",0,2027,NA
"1313","ABR941190092140","Windeinheit","SEE946102955742, SEE940375059503, SEE947161265148, SEE944086216477, SEE989590794943",5,31000,"Wörth am Main","Windenergie an Land",0,2028,NA
"1314","ABR955714105537","Windeinheit","SEE963480574358, SEE927573979857, SEE979637555019, SEE967366512601, SEE974002338945, SEE994921164401, SEE997192887703, SEE999602217889, SEE976971387566, SEE954953957945",10,30975,"Windpark Hungerberg - Albisheim","Windenergie an Land",0,2013,NA
"1315","ABR920610691996","Windeinheit","SEE923174794318, SEE946322602938, SEE956085797253, SEE992721551445, SEE995267661623, SEE930039507112, SEE939174123935, SEE996150066976, SEE979674591179, SEE942242316993",10,30975,"Windpark Parchim GmbH ＆ Co. KG","Windenergie an Land",0,2014,NA
"1316","ABR962032426534","Windeinheit","SEE961526086636, SEE927205192913, SEE984395239224, SEE960429810676, SEE981784586389, SEE924108338530, SEE938057600112",7,30800,"Schlage Süd (Schlage V)","Windenergie an Land",0,2026,NA
"1317","ABR933906585633","Windeinheit","SEE916704816888, SEE975071967487, SEE920219017104, SEE985895753388, SEE915586211057, SEE905729974109, SEE902497619959, SEE995591197461, SEE900200155756",9,30750,"Prechtaler Schanze","Windenergie an Land",0,2015,NA
"1318","ABR962171773025","Windeinheit","SEE992429293463, SEE920448775943, SEE953315197241, SEE951553582560, SEE926706404174, SEE987304492338, SEE922784083577, SEE927277680561, SEE939820395877, SEE986058001070",10,30750,"Windpark Calau GmbH ＆ Co. KG","Windenergie an Land",0,2014,NA
"1319","ABR963336660112","Windeinheit","SEE927134447795, SEE903876681772, SEE935110912045, SEE936636833265, SEE950755926035",5,30600,"Ahrensbök Neu","Windenergie an Land",0,2028,NA
"1320","ABR941364780057","Windeinheit","SEE936941744157, SEE927223164329, SEE921938041999, SEE939349424287, SEE923632988716",5,30600,"WP KD 3","Windenergie an Land",0,2027,NA
"1321","ABR972957602241","Windeinheit","SEE947028176594, SEE907740482564, SEE961759630750, SEE992060006200, SEE980079993147, SEE994310155386, SEE988847753993, SEE948416901620, SEE964001769659, SEE928031629161, SEE901641059580, SEE952877600718, SEE928832547244, SEE926074218861, SEE919281460451, SEE954167797481, SEE962126654188",17,30600,"Windpark Fonds Kötzlin-Barenthin GmbH ＆ Co. KG","Windenergie an Land",0,2001,NA
"1322","ABR938085979150","Windeinheit","SEE989594149688, SEE982992095908, SEE968505728136, SEE966058757641, SEE966108964661, SEE940104335472, SEE945769386999",7,30600,"Windpark Treppendorf Erweiterung","Windenergie an Land",0,2027,NA
"1323","ABR940699077429","Windeinheit","SEE965862344252, SEE921892224087, SEE931051120044, SEE994161644039, SEE953443016537, SEE961741119720, SEE908634980401, SEE919923833865, SEE941960611199, SEE906434727165, SEE910654256756",11,30580,"Windpark Duben Süd GmbH ＆ Co. KG","Windenergie an Land",0,2016,NA
"1324","ABR966151117069","Windeinheit","SEE981967193243, SEE923812642865, SEE989577474011, SEE915655985629, SEE928922223805, SEE946949911444, SEE979816221544, SEE932088460219, SEE931539603786, SEE991377391436, SEE902114612158, SEE900214359652, SEE924667956954",13,30550,"Harlingerland EP","Windenergie an Land",0,2016,NA
"1325","ABR981889477780","Windeinheit","SEE989057419488, SEE992461652907, SEE904285538206, SEE975693013593, SEE978511873508, SEE903019774224, SEE928028121005, SEE957872903963, SEE971506158475, SEE917271932018",10,30500,"WP Redlin","Windenergie an Land",0,2017,NA
"1326","ABR953844260089","Windeinheit","SEE902425755605, SEE933911698366, SEE964779052625, SEE903088268747, SEE951717326146, SEE991090958497",6,30400,"Windpark Kirf-Süd II","Windenergie an Land",0,2028,NA
"1327","ABR949328331543","Windeinheit","SEE901106916458, SEE913713868693, SEE931189169830, SEE957242798137, SEE911071398029, SEE945604947736, SEE999749066807, SEE977637035289, SEE902124078593, SEE936491377713, SEE967146441152, SEE916126969056",12,30360,"Windpark Luko GmbH ＆ Co. KG","Windenergie an Land",0,2017,NA
"1328","ABR909591457395","Windeinheit","SEE918764035896, SEE951970208272, SEE976950352783, SEE913807313429",4,30320,"NEUH-WERD Energie GmbH ＆ Co. KG","Windenergie an Land",0,2013,NA
"1329","ABR961188941236","Windeinheit","SEE974553651043, SEE945279450449, SEE946319505761, SEE933030435538, SEE978011979878, SEE932227001341, SEE973836814397, SEE933733402035, SEE970009059852, SEE997583655737, SEE987188226500, SEE982099406225, SEE903413423599, SEE918272767524, SEE908997292548, SEE999018225478, SEE924112091889, SEE974761073422",18,30250,"Windpark Zörbig","Windenergie an Land",0,1998,NA
"1330","ABR980384599614","Windeinheit","SEE998083106699, SEE906263653826, SEE977677578166, SEE911029483180, SEE938313328309, SEE984320257002, SEE914016487895, SEE937456491765, SEE905988017463, SEE998225236499, SEE936476855052",11,30220,"Bürgerwindpark Hemme GmbH ＆ Co. KG","Windenergie an Land",0,2013,NA
"1331","ABR901375540033","Windeinheit","SEE935413705405, SEE988811939033, SEE943272074174, SEE910879042318, SEE962664378720",5,30000,"ABO Wind WP Flechtdorf","Windenergie an Land",0,2029,NA
"1332","ABR909843696312","Windeinheit","SEE925246227540, SEE923062015471, SEE960127459986, SEE969754385866, SEE903060038818",5,30000,"AGW Bürgerwind GbR","Windenergie an Land",0,2027,NA
"1333","ABR941485313622","Windeinheit","SEE952138234546, SEE930513202915, SEE994702565151, SEE927885486364, SEE936080680859",5,30000,"Arpsdorf-Padenstedt","Windenergie an Land",0,2028,NA
"1334","ABR976864825113","Windeinheit","SEE916932803926, SEE961547299053, SEE907261380660, SEE946172475317, SEE985058950043, SEE999320910994, SEE943216479072, SEE908631263552, SEE950717295896, SEE917910848847",10,30000,"Buchenau Wind GmbH ＆ Co. KG","Windenergie an Land",0,2018,NA
"1335","ABR923014863228","Windeinheit","SEE973259229648, SEE901739558100, SEE946013225323, SEE982366118417, SEE955132364868",5,30000,"Bwp Nausenberg","Windenergie an Land",0,2028,NA
"1336","ABR973257891137","Windeinheit","SEE917369201262, SEE973738454851, SEE955126036191, SEE940900212618, SEE961177000319",5,30000,"Bürgerwind Vossenbülten GmbH ＆ Co. KG","Windenergie an Land",0,2028,NA
"1337","ABR971594340530","Windeinheit","SEE989839345493, SEE924276459884, SEE965477544313, SEE907992074258, SEE987844589246, SEE920926570473, SEE907980077070, SEE957595032704, SEE999423412890",9,30000,"Bürgerwindpark Flamschen","Windenergie an Land",0,2020,NA
"1338","ABR967398895079","Windeinheit","SEE900823691327, SEE968744748490, SEE975915404659, SEE986025865247, SEE985566286283",5,30000,"Düvier","Windenergie an Land",0,2028,NA
"1339","ABR959863776457","Windeinheit","SEE999090545303, SEE992139468052, SEE964078394716, SEE983829602061, SEE984052088745",5,30000,"Fischbeck - Kabelitz","Windenergie an Land",0,2027,NA
"1340","ABR982511102919","Windeinheit","SEE903401293456, SEE908959071877, SEE951179321406, SEE938196024329, SEE964417783461",5,30000,"Förderstedt","Windenergie an Land",0,2025,NA
"1341","ABR906221086291","Windeinheit","SEE993487844949, SEE982994912265, SEE961395048001, SEE932961098546, SEE975289415107, SEE987853353944, SEE994674490437, SEE939594104576, SEE956898109113, SEE947269811414, SEE954577630361, SEE974774178046, SEE979895148657, SEE968296565675, SEE900694247647",15,30000,"GLS Windpark Warburg GmbH ＆ Co. KR Betriebsgesellschaft","Windenergie an Land",0,2001,NA
"1342","ABR987030650705","Windeinheit","SEE992478713622, SEE916877849348, SEE958913939606, SEE918146078107, SEE907192206237",5,30000,"Gyhum-Hesedorf","Windenergie an Land",0,2027,NA
"1343","ABR971592771169","Windeinheit","SEE902514570546, SEE900651902824, SEE933864350052, SEE959122447371, SEE939493219586, SEE918071327738, SEE940968672591, SEE924820660605, SEE913075343500, SEE949880049320",10,30000,"HAU","Windenergie an Land",0,2016,NA
"1344","ABR986976672796","Windeinheit","SEE933451676565, SEE913352305757, SEE955960571728, SEE972606136981, SEE975556645763",5,30000,"Heek Ahle","Windenergie an Land",0,2029,NA
"1345","ABR964067324168","Windeinheit","SEE953494397807, SEE969284278720, SEE968676360432, SEE926130055560, SEE982421858449, SEE997236296560, SEE948718554371, SEE966288123537, SEE998212155185, SEE934570224941, SEE951942868718, SEE921545173601, SEE928157073039, SEE965876063118, SEE981338069399",15,30000,"Jüterbog","Windenergie an Land",0,2009,NA
"1346","ABR917724120351","Windeinheit","SEE936117922846, SEE945941689061, SEE995563661501, SEE964504471219, SEE916505000035",5,30000,"Klein Vahlberg","Windenergie an Land",0,2026,NA
"1347","ABR916115096862","Windeinheit","SEE941202460257, SEE976642728759, SEE945173162493, SEE938475382355, SEE923553084597, SEE914216515855, SEE907470724927, SEE921835575948, SEE944232014391, SEE907061561863, SEE971259389843, SEE983102217845, SEE985713051399, SEE981640616632, SEE988369746213",15,30000,"Putlitz 1","Windenergie an Land",0,2004,NA
"1348","ABR941190092140","Windeinheit","SEE950543950495, SEE984939998983, SEE998469162486, SEE953154769395, SEE976159507939",5,30000,"Rönkhausen","Windenergie an Land",0,2028,NA
"1349","ABR919909353844","Windeinheit","SEE988838549796, SEE957548377166, SEE932828319388, SEE923001080348, SEE998541682949, SEE931755224956, SEE970804267728, SEE914586330423, SEE900650448460, SEE989650018781",10,30000,"WP Am Ranzenkopf","Windenergie an Land",0,2018,NA
"1350","ABR920233228449","Windeinheit","SEE909053832494, SEE906905490697, SEE999350981629, SEE902617685123, SEE987181030555, SEE916080295291, SEE977639530362",7,30000,"WP Bramstedtlund","Windenergie an Land",0,2021,NA
"1351","ABR984674442864","Windeinheit","SEE974438431579, SEE947319543791, SEE940233193714, SEE945889137327, SEE989205288843",5,30000,"WP Kirchhundem","Windenergie an Land",0,2026,NA
"1352","ABR943236007491","Windeinheit","SEE992834866887, SEE946535451699, SEE940933308579, SEE918035935443, SEE924619301993",5,30000,"WP Mäkel","Windenergie an Land",0,2028,NA
"1353","ABR996407198733","Windeinheit","SEE955304172161, SEE919406678051, SEE969022656483, SEE927743039930, SEE902080714276, SEE972510380012, SEE931585836176, SEE925036070844, SEE977841462628, SEE932128343946, SEE942814928265, SEE949689269523",12,30000,"WP Thransheide","Windenergie an Land",0,2011,NA
"1354","ABR949817497910","Windeinheit","SEE958584974814, SEE951872955793, SEE987858994005, SEE977253120437, SEE916748994474",5,30000,"WP Weinolsheim Süd","Windenergie an Land",0,2028,NA
"1355","ABR957765404843","Windeinheit","SEE900393363044, SEE989818690545, SEE920530247075, SEE997056999764, SEE901389784683",5,30000,"WPTS","Windenergie an Land",0,2027,NA
"1356","ABR905104698316","Windeinheit","SEE932726896226, SEE929839776859, SEE929460157911, SEE983649971460, SEE931312946789, SEE906911860965, SEE945094916595, SEE957552565368, SEE964905351943, SEE957173593054, SEE951404339541, SEE960503223002, SEE948332997301, SEE902591587451, SEE938469164523",15,30000,"Werder Zinndorf","Windenergie an Land",0,2009,NA
"1357","ABR929715933925","Windeinheit","SEE954327807883, SEE972095382708, SEE957577083199, SEE940989683279, SEE949640605780",5,30000,"Windeinheit","Windenergie an Land",0,2028,NA
"1358","ABR941662536820","Windeinheit","SEE967642386971, SEE901387189640, SEE955679838297, SEE957706513528, SEE948347038204",5,30000,"Windpark Apenberg GmbH","Windenergie an Land",0,2024,NA
"1359","ABR999430332785","Windeinheit","SEE970670513264, SEE961876479928, SEE913851388411, SEE998201617861, SEE975861719593",5,30000,"Windpark Ballenberg","Windenergie an Land",0,2026,NA
"1360","ABR904110210857","Windeinheit","SEE991174929313, SEE900825367015, SEE991375803740, SEE980106036410, SEE968241373485, SEE926666885419",6,30000,"Windpark Belle","Windenergie an Land",0,2023,NA
"1361","ABR913589142637","Windeinheit","SEE902520603566, SEE924783314072, SEE963411579728, SEE995214309325, SEE939186124234",5,30000,"Windpark Heidmoor","Windenergie an Land",0,2029,NA
"1362","ABR940899087853","Windeinheit","SEE999001820574, SEE936544626690, SEE985042375142, SEE958683963566, SEE953599946467",5,30000,"Windpark Hiddels","Windenergie an Land",0,2026,NA
"1363","ABR976126012558","Windeinheit","SEE933216821810, SEE995143622298, SEE960735926641, SEE930118081847, SEE950554215088",5,30000,"Windpark Scheid","Windenergie an Land",0,2014,NA
"1364","ABR982511102919","Windeinheit","SEE963320016253, SEE962518304554, SEE998471860394, SEE912252047170, SEE994001663879",5,30000,"Windpark Waldbrunn","Windenergie an Land",0,2029,NA
"1365","ABR982453754276","Windeinheit","SEE909720172953, SEE984081567150, SEE970290858073, SEE970943031280, SEE961225417298, SEE914458551697, SEE978215523587, SEE937339812670, SEE954824572253, SEE903260864217, SEE933574374362, SEE925380595956, SEE979454570080, SEE993129828818, SEE979233201051, SEE913006967713, SEE926299792825, SEE999184064178, SEE918798363293, SEE952757503436",20,30000,"Windpark Zitz-Warchau GmbH ＆ Co. KG","Windenergie an Land",0,2003,NA
"1366","ABR937695609075","Windeinheit","SEE986363691690, SEE909057761394, SEE923255546423, SEE916421017230, SEE967904593970, SEE995023947763, SEE979427668059, SEE972541998033, SEE926909879878, SEE991833047082, SEE983163528775, SEE906941347849, SEE933232467764, SEE974435212454, SEE901285582710, SEE954959838378, SEE982340240912, SEE932863145263, SEE997442636907, SEE989433244499, SEE996927458935, SEE925160015421",22,30000,"Wusterhusen","Windenergie an Land",0,2001,NA
"1367","ABR910179677043","Windeinheit","SEE989296668067, SEE936117636262, SEE950654065590, SEE946218590059, SEE901993522589, SEE977973926050, SEE907041284553, SEE905339032145, SEE974095880734, SEE975998527269",10,29900,"Windpark Dahlem","Windenergie an Land",0,2016,NA
"1368","ABR969490005493","Windeinheit","SEE999982096760, SEE938253161158, SEE900442156511, SEE905623386299, SEE954779496703, SEE954253812845, SEE908403684318, SEE914135221189, SEE988249717913, SEE908274196415, SEE915190813555, SEE994083964383, SEE984406893001",13,29900,"Windpark Dörpen","Windenergie an Land",0,2011,NA
"1369","ABR945792510002","Windeinheit","SEE935730195347, SEE956248664156, SEE976123767482, SEE995971589381, SEE975835282283, SEE905967980009, SEE978681345126, SEE941250542974, SEE964506978570, SEE974217800565, SEE930055980999, SEE949779643431",12,29825,"Windpark Mannhagen","Windenergie an Land",0,2001,NA
"1370","ABR961208702335","Windeinheit","SEE999610814988, SEE969944865284, SEE974981325172, SEE958358557908, SEE985077322425, SEE913322805492, SEE933122109248",7,29820,"Northeim","Windenergie an Land",0,2028,NA
"1371","ABR948135389396","Windeinheit","SEE976418869723, SEE992030050653, SEE970527803562, SEE975825290281, SEE962779537142, SEE965105160335, SEE961348943612",7,29820,"WP Müncheberg II","Windenergie an Land",0,2027,NA
"1372","ABR970816847062","Windeinheit","SEE941509663900, SEE947124758502, SEE924871526486, SEE984234427744, SEE999980144012, SEE928660077425, SEE936243376742",7,29800,"Hohewarf","Windenergie an Land",0,1995,NA
"1373","ABR949473996352","Windeinheit","SEE933796424883, SEE960813416422, SEE972718286734, SEE939938504659, SEE926933233400, SEE982459775589, SEE919957823115, SEE905544482759",8,29734,"WEA 4","Windenergie an Land",0,1999,NA
"1374","ABR950827598115","Windeinheit","SEE912561192370, SEE916168442791, SEE952916288051, SEE915358926417, SEE968032556110, SEE964103431409, SEE901569742885, SEE976490724460, SEE971469456014",9,29700,"WP Horath","Windenergie an Land",0,2016,NA
"1375","ABR998995085600","Windeinheit","SEE939292885685, SEE936579367544, SEE900321392832, SEE925897821401, SEE931003695019, SEE950128087561, SEE937680538045, SEE938231206949, SEE991666047280, SEE980743230516, SEE937750259955, SEE929376848156, SEE971141085136",13,29600,"Holtriem II","Windenergie an Land",0,2009,NA
"1376","ABR948136744057","Windeinheit","SEE911771442756, SEE947342842939, SEE977668637247, SEE985174633288, SEE974055368654",5,29600,"Windpark Burghaun","Windenergie an Land",0,2027,NA
"1377","ABR904177697158","Windeinheit","SEE910784729694, SEE999864770498, SEE906558183212, SEE978882733029, SEE907028266862, SEE908477231258, SEE936644423793, SEE929728368684, SEE917225065854",9,29599,"WP Brunsbüttel","Windenergie an Land",0,2016,NA
"1378","ABR909343545974","Windeinheit","SEE928638786878, SEE958784764642, SEE958501192567, SEE932469649233, SEE909092332108, SEE901518567569, SEE900556763629, SEE976250537347, SEE947586862793, SEE903434487853, SEE929423178373, SEE951072490094",12,29500,"Altentreptow West","Windenergie an Land",0,2011,NA
"1379","ABR967884774550","Windeinheit","SEE985347238142, SEE975453022056, SEE994305765880, SEE977283400585, SEE932073913485, SEE950241593048, SEE957056130598, SEE963481965322, SEE903938398563, SEE947909395588",10,29500,"Bürgerwindpark Lichtenau Westernfeld-Buchgarten","Windenergie an Land",0,2015,NA
"1380","ABR917380073602","Windeinheit","SEE955243878070, SEE993248215162, SEE904267572402, SEE943000237475, SEE940336194052, SEE983204110471, SEE976020026705, SEE907961115067, SEE966400247615, SEE966911240310, SEE909957499571, SEE985158925972",12,29500,"Infrastruktur Rakow-Grimmen GbR","Windenergie an Land",0,2012,NA
"1381","ABR987617216157","Windeinheit","SEE931878981248, SEE961021982686, SEE929490010293, SEE967119777776, SEE913453685727, SEE967052328387, SEE917593753834",7,29400,"Bürgerwindpark Sprüng Repowering GmbH ＆ Co. KG","Windenergie an Land",0,2023,NA
"1382","ABR977737294784","Windeinheit","SEE909937374171, SEE986346247135, SEE951717028453, SEE994091097875, SEE992322864180, SEE907883469088, SEE931437926611",7,29400,"Hollenstede","Windenergie an Land",0,2023,NA
"1383","ABR919084652930","Windeinheit","SEE962673070417, SEE930552048550, SEE978548324790, SEE974957901980, SEE958854259795, SEE923469763098, SEE910509383231",7,29400,"Windpark Handewitt-West","Windenergie an Land",0,2023,NA
"1384","ABR963256046195","Windeinheit","SEE912288153722, SEE932857208165, SEE950402795489, SEE998422061481, SEE924910637333, SEE973409353896, SEE956047619944",7,29400,"Windpark Morbach","Windenergie an Land",0,2019,NA
"1385","ABR951050878241","Windeinheit","SEE956021225475, SEE934029539794, SEE908989719978, SEE984417592962, SEE919841414832, SEE961886394648, SEE959351772015, SEE971475838705, SEE999769189456, SEE915296852168, SEE954926305476",11,29300,"Beckum","Windenergie an Land",0,2004,NA
"1386","ABR910401417959","Windeinheit","SEE936649269631, SEE958505394141, SEE935459278338, SEE910745355061, SEE973855665871, SEE984003303958",6,29300,"Windpark Ablaß","Windenergie an Land",0,1999,NA
"1387","ABR940995879024","Windeinheit","SEE952245001055, SEE980276579397, SEE941109045373, SEE991667646802, SEE939536453199, SEE950278385906, SEE904410303815",7,29200,"Windpark Grüner Weg Meerhof GmbH ＆ Co.KG","Windenergie an Land",0,2020,NA
"1388","ABR923869831755","Windeinheit","SEE928457162563, SEE968972067875, SEE978099617136, SEE922833130641, SEE992712160670",5,29120,"Windpark Aupke","Windenergie an Land",0,2026,NA
"1389","ABR911732186552","Windeinheit","SEE939174200438, SEE961920864809, SEE927633551511, SEE953078978156, SEE921078188745, SEE999262043880, SEE942389696514, SEE941213466125, SEE929849254996, SEE903125274281, SEE901378915128, SEE941441945935",12,28900,"Kirchengel","Windenergie an Land",0,1999,NA
"1390","ABR909054335185","Windeinheit","SEE946834176156, SEE963942762804, SEE906464655865, SEE947207171457",4,28800,"Aschara","Windenergie an Land",0,2027,NA
"1391","ABR934635710808","Windeinheit","SEE977072339805, SEE920216764926, SEE957672432823, SEE987701218708",4,28800,"Ascheberg Osterbauer Forsthövel","Windenergie an Land",0,2028,NA
"1392","ABR989448962265","Windeinheit","SEE910674437678, SEE950857323886, SEE911656430656, SEE916495765389",4,28800,"Auf der Sange","Windenergie an Land",0,2027,NA
"1393","ABR941190092140","Windeinheit","SEE936593514962, SEE994307385093, SEE912912127150, SEE907858733442, SEE918847994935, SEE996463505247, SEE993341898446, SEE968281909095, SEE900265798608, SEE933003921617, SEE975959843322, SEE996766257270",12,28800,"Beelitz","Windenergie an Land",0,2027,NA
"1394","ABR987182192450","Windeinheit","SEE942629147295, SEE956222335065, SEE928412700342, SEE927265653478",4,28800,"Boitzen/Marschhorst","Windenergie an Land",0,2028,NA
"1395","ABR948853662924","Windeinheit","SEE926675661011, SEE942177763916, SEE940725842649, SEE929346892967, SEE935065561565, SEE958113743423, SEE961082188577",7,28800,"Energiepark Brunow Klüß","Windenergie an Land",0,2027,NA
"1396","ABR945572747949","Windeinheit","SEE953220423381, SEE921544799888, SEE919672628682, SEE974530777506, SEE974030609291, SEE966120994370, SEE955311514176, SEE931210555229, SEE983087127412",9,28800,"Eschweiler Fronhoven","Windenergie an Land",0,2017,NA
"1397","ABR939124213709","Windeinheit","SEE941125986285, SEE957885797047, SEE987475751678, SEE913155586940",4,28800,"Garrel-Letherfeld","Windenergie an Land",0,2027,NA
"1398","ABR900684357950","Windeinheit","SEE950143084248, SEE941341580045, SEE991769814475, SEE916709916118",4,28800,"Hamm Süddinker","Windenergie an Land",0,2027,NA
"1399","ABR902977663427","Windeinheit","SEE911311979674, SEE968820587869, SEE927745588306, SEE956961115577",4,28800,"Heidenau","Windenergie an Land",0,2027,NA
"1400","ABR972806926047","Windeinheit","SEE960971703921, SEE925033120566, SEE919401085038, SEE957717241281",4,28800,"Homburg","Windenergie an Land",0,2026,NA
"1401","ABR912499302384","Windeinheit","SEE971902523228, SEE957273129771, SEE967987697701, SEE945142472561",4,28800,"LE Leer","Windenergie an Land",0,2028,NA
"1402","ABR972806926047","Windeinheit","SEE902218524753, SEE920097297940, SEE904320119681, SEE947765861418",4,28800,"Lauberg","Windenergie an Land",0,2027,NA
"1403","ABR916115096862","Windeinheit","SEE978550348975, SEE982554521494, SEE901271101710, SEE909664387413, SEE922944475006, SEE924067841201, SEE991913936619, SEE992196078379, SEE971977987222, SEE910488850106, SEE967509810199, SEE961735429064, SEE971751924238, SEE995162977294, SEE960708179371, SEE941169596273, SEE916684322348, SEE938132050603, SEE956585482802, SEE917939654467, SEE996341652087, SEE965004104775, SEE964830603681, SEE961095295156, SEE980832041870, SEE939940800756, SEE928051604605, SEE961774446091",28,28800,"Malterhausen","Windenergie an Land",0,2001,NA
"1404","ABR966952839283","Windeinheit","SEE915995039983, SEE949151097081, SEE990277377342, SEE969533394645, SEE978383309556, SEE967371677326",6,28800,"Norderhof","Windenergie an Land",0,2026,NA
"1405","ABR941190092140","Windeinheit","SEE988363343135, SEE960581635186, SEE926440781166, SEE957630729293",4,28800,"Ormont Goldberg R","Windenergie an Land",0,2030,NA
"1406","ABR994578017068","Windeinheit","SEE981145462307, SEE901788437098, SEE940553814184, SEE987997950788",4,28800,"Raesfeld Lanzenhagen","Windenergie an Land",0,2028,NA
"1407","ABR966546962809","Windeinheit","SEE918078752397, SEE958434392980, SEE994955246258, SEE931683066598, SEE935117588380, SEE917064412680, SEE964519504971, SEE930377021790, SEE965760169919, SEE946534434396, SEE929422261106, SEE941898815201, SEE908660916825",13,28800,"Schinne II","Windenergie an Land",0,2008,NA
"1408","ABR906205648293","Windeinheit","SEE986579804563, SEE933976722204, SEE968443240400, SEE961365038544",4,28800,"WP Balver Wald","Windenergie an Land",0,2028,NA
"1409","ABR929884457604","Windeinheit","SEE986372163089, SEE921319571206, SEE976567002194, SEE913972518865",4,28800,"WP Ducherow Altwigshagen II","Windenergie an Land",0,2026,NA
"1410","ABR977525472530","Windeinheit","SEE984979086725, SEE927153462540, SEE930985231222, SEE997511150303",4,28800,"WP Ehren","Windenergie an Land",0,2028,NA
"1411","ABR997418353098","Windeinheit","SEE908222060706, SEE971705827998, SEE965346821682, SEE985754584566",4,28800,"WP Fürstenberg","Windenergie an Land",0,2026,NA
"1412","ABR986645205263","Windeinheit","SEE951017963393, SEE932562219838, SEE922625145549, SEE953965795187",4,28800,"WP Hettingen","Windenergie an Land",0,2028,NA
"1413","ABR908524593582","Windeinheit","SEE945003321823, SEE949495022015, SEE994593844144, SEE942375659868, SEE932982789690, SEE964315061487, SEE936498825965, SEE973415438587, SEE930188618073",9,28800,"WP Kolbenstein","Windenergie an Land",0,2014,NA
"1414","ABR931253233832","Windeinheit","SEE999357605085, SEE984230080684, SEE956026169767, SEE916660534062",4,28800,"WP Winterstein","Windenergie an Land",0,2027,NA
"1415","ABR925855005034","Windeinheit","SEE919789410354, SEE901212285868, SEE982691545957, SEE948338565320, SEE983640853215, SEE978996654937, SEE960140531102, SEE935034513120, SEE992088489214, SEE995504812887, SEE983381923437, SEE959324312804, SEE930776857594, SEE970780481392, SEE988340887065, SEE998069170249, SEE941512014157, SEE992446496014, SEE971820363999, SEE974376906634",20,28800,"Windpark Berge-Kleeste GmbH ＆ Co. KG","Windenergie an Land",0,2003,NA
"1416","ABR932791757668","Windeinheit","SEE933420407534, SEE906930995723, SEE931526274890, SEE969366258770",4,28800,"Windpark Borlinghausen","Windenergie an Land",0,2027,NA
"1417","ABR976049890431","Windeinheit","SEE931959634940, SEE902645215804, SEE928086106051, SEE922474097808, SEE906917781080, SEE953907699016",6,28800,"Windpark Bornheim Ville-Rücken","Windenergie an Land",0,2028,NA
"1418","ABR925014608434","Windeinheit","SEE999422722839, SEE951296117944, SEE925344188606, SEE999268135008",4,28800,"Windpark Burglengenfeld","Windenergie an Land",0,2028,NA
"1419","ABR904962083357","Windeinheit","SEE942948643645, SEE987542532940, SEE937613613726, SEE917103359570",4,28800,"Windpark Cottbus Ost","Windenergie an Land",0,2028,NA
"1420","ABR982939763181","Windeinheit","SEE904549367948, SEE999632043731, SEE979642200713, SEE967783854551",4,28800,"Windpark Dettelbach-Bibergau","Windenergie an Land",0,2027,NA
"1421","ABR903736228697","Windeinheit","SEE934790800826, SEE941262672409, SEE989013905956, SEE970605944941, SEE977514369384",5,28800,"Windpark Gnutz-Nord","Windenergie an Land",0,2026,NA
"1422","ABR943068833015","Windeinheit","SEE935375626145, SEE943800042675, SEE991574278455, SEE911909409866",4,28800,"Windpark Haimhausen","Windenergie an Land",0,2026,NA
"1423","ABR910806934457","Windeinheit","SEE991745409084, SEE980919319564, SEE996865299058, SEE932718744856",4,28800,"Windpark Haselünne-Schleper","Windenergie an Land",0,2026,NA
"1424","ABR917115992765","Windeinheit","SEE900933650221, SEE959736337433, SEE978128233801, SEE900196085310",4,28800,"Windpark Heimbach-Walbig","Windenergie an Land",0,2028,NA
"1425","ABR960828782970","Windeinheit","SEE940097356713, SEE976918858074, SEE983552555696, SEE973887957784, SEE912317458972, SEE943442394149, SEE945502529607, SEE942858155375",8,28800,"Windpark Immenberg","Windenergie an Land",0,2021,NA
"1426","ABR911353153315","Windeinheit","SEE969514025438, SEE936091322274, SEE985340402045, SEE915195381882",4,28800,"Windpark Kerzendorf","Windenergie an Land",0,2029,NA
"1427","ABR965446285704","Windeinheit","SEE998320722927, SEE908700689801, SEE922923759974, SEE931873921669, SEE945040736536, SEE917466400421",6,28800,"Windpark Kieracker UG (haftungsbeschränkt) ＆ Co.KG","Windenergie an Land",0,2027,NA
"1428","ABR911513308852","Windeinheit","SEE970413929987, SEE924425954161, SEE977467883111, SEE971097865257",4,28800,"Windpark Milte","Windenergie an Land",0,2026,NA
"1429","ABR933465673338","Windeinheit","SEE969888012478, SEE960341310940, SEE923275526122, SEE912969468046, SEE998814390281, SEE969876320424, SEE962723189977, SEE992769585303, SEE931102295035",9,28800,"Windpark Profen","Windenergie an Land",0,2017,NA
"1430","ABR975325753170","Windeinheit","SEE964905605015, SEE995428306400, SEE984367498109, SEE957025262251",4,28800,"Windpark Waldow Repowering III","Windenergie an Land",0,2028,NA
"1431","ABR960529023297","Windeinheit","SEE974681256691, SEE995437997569, SEE960521988310, SEE993379413826, SEE981907909286, SEE995902771144, SEE974454056572, SEE999758320853, SEE956331876794, SEE990603739585",10,28700,"Hochheim","Windenergie an Land",0,2010,NA
"1432","ABR941190092140","Windeinheit","SEE906189293540, SEE920568546201, SEE938888781073, SEE998974736493, SEE988472562472",5,28680,"Hohendodeleben","Windenergie an Land",0,2027,NA
"1433","ABR971605406514","Windeinheit","SEE957963597750, SEE940961855564, SEE959001410465, SEE955840117725, SEE917614639932, SEE911570777271, SEE992613964575, SEE916226565301, SEE916434499962, SEE918714766160, SEE981934476676",11,28620,"WP Wattendorf","Windenergie an Land",0,2017,NA
"1434","ABR921495883728","Windeinheit","SEE923358750321, SEE946065136479, SEE962058143729, SEE959382257574, SEE903422276087, SEE948246251940, SEE989681081167, SEE930126235713, SEE985373370243",9,28575,"Kletzin","Windenergie an Land",0,2014,NA
"1435","ABR982773924045","Windeinheit","SEE931163697779, SEE901665702295, SEE930044051235, SEE984669522984, SEE949086454454, SEE987350947608, SEE967231701659, SEE988471671915, SEE907653643441, SEE924399228466, SEE946348437996, SEE963786102439",12,28550,"WP Friedrichskoog","Windenergie an Land",0,2009,NA
"1436","ABR909559347072","Windeinheit","SEE932759555145, SEE945344149742, SEE926233088250, SEE995887794138, SEE994497875664, SEE972666502948, SEE964323319358, SEE940778464072, SEE921473193122",9,28530,"Buchonia Wind GmbH ＆ Co. KG","Windenergie an Land",0,2015,NA
"1437","ABR926389344316","Windeinheit","SEE909038247138, SEE902948335896, SEE960791780119, SEE988683714691, SEE956332643258, SEE990433705729, SEE979175144430, SEE947802790602, SEE953289408268",9,28530,"Windpark Linnich GmbH ＆ Co. KG","Windenergie an Land",0,2016,NA
"1438","ABR934413751108","Windeinheit","SEE984633497812, SEE992074813887, SEE988275923302, SEE961634510290, SEE901757124578",5,28500,"ABO Energy WP Alpen-Winnenthal","Windenergie an Land",0,2027,NA
"1439","ABR940588372772","Windeinheit","SEE955643441553, SEE936150282594, SEE927646635628, SEE988048121072, SEE946288937358",5,28500,"ABO Wind WP Zerfer Schneeberg","Windenergie an Land",0,2025,NA
"1440","ABR995226745562","Windeinheit","SEE921383352992, SEE992683464258, SEE995149056851, SEE907853956099, SEE958854010884",5,28500,"Breuna","Windenergie an Land",0,2026,NA
"1441","ABR945906298000","Windeinheit","SEE954982284302, SEE949684407333, SEE935257405615, SEE936637336598, SEE931503717594",5,28500,"WP Bälau-Mannhagen","Windenergie an Land",0,2026,NA
"1442","ABR933057039245","Windeinheit","SEE923068073468, SEE992392847274, SEE975646530115, SEE937479662524, SEE996746327917",5,28500,"WP Kraak","Windenergie an Land",0,2028,NA
"1443","ABR991402342754","Windeinheit","SEE960035067150, SEE983677820501, SEE957721795725, SEE941970497172, SEE953850707974",5,28500,"WP Madlitz","Windenergie an Land",0,2026,NA
"1444","ABR907046650599","Windeinheit","SEE975554042434, SEE973525112162, SEE948610121060, SEE923470484005, SEE982943839001, SEE911577642169, SEE968447468985, SEE956838503711",8,28500,"Windpark Bodensee","Windenergie an Land",0,2016,NA
"1445","ABR957357431141","Windeinheit","SEE955538174627, SEE986056595380, SEE992659690131, SEE933461566375, SEE916044788999",5,28500,"Windpark Everswinkel","Windenergie an Land",0,2024,NA
"1446","ABR940007016058","Windeinheit","SEE922838575454, SEE911463074814, SEE968551396839, SEE973214826011, SEE938060207285",5,28500,"Windpark Harsahl","Windenergie an Land",0,2024,NA
"1447","ABR960649932455","Windeinheit","SEE943503120373, SEE986307979259, SEE935953001197, SEE967867100772, SEE903137703311",5,28500,"Windpark Illmersdorf","Windenergie an Land",0,2023,NA
"1448","ABR994256590739","Windeinheit","SEE985400587231, SEE972911445112, SEE915116436394, SEE923405626456, SEE951281096131",5,28500,"Windpark Kerpen-Manheim","Windenergie an Land",0,2027,NA
"1449","ABR956908632075","Windeinheit","SEE942485897464, SEE993155203030, SEE939131563668, SEE932692668735, SEE988240479391",5,28500,"Windpark Loop-Schönbek","Windenergie an Land",0,2026,NA
"1450","ABR948694405186","Windeinheit","SEE937719010627, SEE974317154100, SEE986432539656, SEE907911628982, SEE968849582111, SEE949804177986, SEE919068167870, SEE979805185079, SEE999389490314, SEE979044289279",10,28450,"WP Rukieten","Windenergie an Land",0,2004,NA
"1451","ABR967518303026","Windeinheit","SEE970975864832, SEE921991306318, SEE919986574514, SEE973724857581, SEE951904290922, SEE921205850552",6,28300,"Windpark Schwalmtal","Windenergie an Land",0,2024,NA
"1452","ABR978885548002","Windeinheit","SEE985887804326, SEE969162432510, SEE935481631019, SEE950676972517, SEE975966112640, SEE900018978790",6,28275,"Mangelsdorf","Windenergie an Land",0,2014,NA
"1453","ABR950563516015","Windeinheit","SEE979762573100, SEE927828957883, SEE921647131448, SEE927118770772, SEE928237296488, SEE981021123971, SEE969596833235, SEE968798077447, SEE965185632579, SEE957036017932, SEE927461706589, SEE933823464158, SEE969123363334, SEE975938376285",14,28200,"Gägelow","Windenergie an Land",0,2002,NA
"1454","ABR992604195681","Windeinheit","SEE966339773353, SEE937384558813, SEE940915830661, SEE993190586020, SEE954367527376, SEE913172714548, SEE936598267603, SEE995803684055, SEE945986129980, SEE902595419857",10,28200,"MS Mecklenburger Schweiz","Windenergie an Land",0,2014,NA
"1455","ABR992766486818","Windeinheit","SEE922136605105, SEE962798095753, SEE907504189463, SEE945834955143, SEE989179068847, SEE929568311000",6,28200,"Windpark Bietikow","Windenergie an Land",0,2021,NA
"1456","ABR961842755407","Windeinheit","SEE994939537143, SEE981525203636, SEE924657058606, SEE990414890062, SEE957037876637, SEE925433035514, SEE962917660824, SEE961604777395, SEE918257465032, SEE969813734857, SEE937017463545, SEE985368060296, SEE939475540714, SEE987589283416, SEE908553742562",15,28100,"WP Holle","Windenergie an Land",0,2003,NA
"1457","ABR944731141253","Windeinheit","SEE957482281338, SEE917637580013, SEE944343116120, SEE973493831768, SEE980355279057, SEE915553134846",6,28060,"Eifel-Windpark Rohr-Reetz","Windenergie an Land",0,2021,NA
"1458","ABR999247029953","Windeinheit","SEE994017748164, SEE938785061711, SEE905154926957, SEE940881498735",4,28000,"ABO Energy WP Losheim","Windenergie an Land",0,2027,NA
"1459","ABR913038443520","Windeinheit","SEE923480088248, SEE936333926994, SEE922400202436, SEE921643590195",4,28000,"ABO Wind WP Willingen","Windenergie an Land",0,2027,NA
"1460","ABR968757910549","Windeinheit","SEE968430555418, SEE964469396954, SEE923510311766, SEE919421623876, SEE974053806455",5,28000,"Brest","Windenergie an Land",0,2021,NA
"1461","ABR900860659281","Windeinheit","SEE921679341761, SEE938740128589, SEE952887302237, SEE919293745485, SEE961831739715, SEE936212150229, SEE978028879123, SEE960407254904, SEE901736795102, SEE973171316051",10,28000,"Büden","Windenergie an Land",0,2008,NA
"1462","ABR993432792585","Windeinheit","SEE949046608187, SEE974717870273, SEE931150109698, SEE904345026513",4,28000,"Bürgerwind Brichter Heide","Windenergie an Land",0,2027,NA
"1463","ABR930085492219","Windeinheit","SEE920599541596, SEE949068083290, SEE910863479526, SEE922834680473, SEE918080519070",5,28000,"Dreihausen-Nordeck","Windenergie an Land",0,2027,NA
"1464","ABR911187892848","Windeinheit","SEE960586409805, SEE955420773143, SEE936688858001, SEE981464129370",4,28000,"ENOVA Repowering Elsdorf","Windenergie an Land",0,2028,NA
"1465","ABR963132048626","Windeinheit","SEE917153468901, SEE938920667686, SEE990827461613, SEE992986279771, SEE968532546826, SEE965318072111, SEE951604643097, SEE963724387522, SEE915175386760, SEE970393218040, SEE953260023558, SEE988020485086, SEE982767070628, SEE905762503618",14,28000,"ERG Wind Dobberkau GmbH ＆ Co. KG","Windenergie an Land",0,2006,NA
"1466","ABR918582642863","Windeinheit","SEE977275551479, SEE963733140460, SEE934238448900, SEE901894385023",4,28000,"Emlichheim - Volzel","Windenergie an Land",0,2028,NA
"1467","ABR916115096862","Windeinheit","SEE958135491678, SEE933858873802, SEE946068115594, SEE987433906973",4,28000,"Erkelenz-Holzweiler","Windenergie an Land",0,2028,NA
"1468","ABR927397646904","Windeinheit","SEE961728989131, SEE995211501708, SEE955335815792, SEE928615975387",4,28000,"Fintlandsmoor","Windenergie an Land",0,2029,NA
"1469","ABR946607685267","Windeinheit","SEE977784258906, SEE960185055045, SEE944634811741, SEE955000051388",4,28000,"Glümmel Erweiterung","Windenergie an Land",0,2027,NA
"1470","ABR902488716339","Windeinheit","SEE999245020457, SEE929922955178, SEE973248059300, SEE942713263788",4,28000,"Grünz IV","Windenergie an Land",0,2027,NA
"1471","ABR954501524353","Windeinheit","SEE938637846787, SEE977796242818, SEE966182627292, SEE914958422886",4,28000,"Hörsteloer Bürgerwind","Windenergie an Land",0,2026,NA
"1472","ABR994090134038","Windeinheit","SEE935697540815, SEE905598169224, SEE930676250105, SEE932756522751",4,28000,"Mannichswalde","Windenergie an Land",0,2026,NA
"1473","ABR934344547573","Windeinheit","SEE920359555450, SEE916839259277, SEE914896590043, SEE969222080538, SEE962950693506, SEE930715778522, SEE958830072752, SEE904323764567, SEE978671318413, SEE989994005430, SEE918108232349, SEE942817947485, SEE959884300143, SEE987612873218",14,28000,"Maple Wind GmbH ＆ Co. KG","Windenergie an Land",0,2006,NA
"1474","ABR910809468041","Windeinheit","SEE961983770307, SEE994702372384, SEE981376340771, SEE902564886420, SEE902914416826, SEE909132715793, SEE921838600104, SEE998185575997, SEE912450699942, SEE957989301560, SEE976621857517, SEE905611751801, SEE922749751961, SEE982390465723",14,28000,"Märkische Windkraft 83 GmbH ＆ Co. KG","Windenergie an Land",0,2012,NA
"1475","ABR943069778476","Windeinheit","SEE921053571500, SEE990296710052, SEE958302836851, SEE990821917819, SEE902232140403, SEE910666493149, SEE930259642518, SEE980193548018, SEE904160084415, SEE966109910339, SEE928351035536, SEE993145027806, SEE948763816530, SEE978308589087",14,28000,"Onshore - WP Borne V","Windenergie an Land",0,2009,NA
"1476","ABR997648837559","Windeinheit","SEE904296672432, SEE947200782971, SEE924159978471, SEE955032787750",4,28000,"Quarnstedt Störkathen III","Windenergie an Land",0,2027,NA
"1477","ABR916115096862","Windeinheit","SEE933039698194, SEE960025347767, SEE969580350212, SEE923451214904, SEE961155386213, SEE963764734959, SEE986869199584, SEE957792638297, SEE931858461944, SEE933497829857, SEE917920236856, SEE925586938137, SEE915941899722, SEE924450876612",14,28000,"Schmarloh","Windenergie an Land",0,2007,NA
"1478","ABR904745959831","Windeinheit","SEE914756047328, SEE944646366895, SEE913353309594, SEE962017953352",4,28000,"Süttorf Repowering","Windenergie an Land",0,2027,NA
"1479","ABR916115096862","Windeinheit","SEE999346869351, SEE928874074944, SEE913850298025, SEE950609547942",4,28000,"WP Bad König","Windenergie an Land",0,2028,NA
"1480","ABR936945262817","Windeinheit","SEE959869850274, SEE930084496225, SEE943861129902, SEE993577857286",4,28000,"WP Bullenmeer","Windenergie an Land",0,2028,NA
"1481","ABR932286749529","Windeinheit","SEE942631342619, SEE926558579587, SEE959653777206, SEE994745270258, SEE989358716606",5,28000,"WP C-Forst II","Windenergie an Land",0,2023,NA
"1482","ABR924608941490","Windeinheit","SEE908542736053, SEE906793683317, SEE990139742073, SEE978261170841",4,28000,"WP C-Forst III","Windenergie an Land",0,2027,NA
"1483","ABR913408684508","Windeinheit","SEE922679843620, SEE998134670681, SEE960464860193, SEE902900305264",4,28000,"WP Erkelenz West","Windenergie an Land",0,2026,NA
"1484","ABR965065740509","Windeinheit","SEE953116701210, SEE987549043654, SEE973499531372, SEE908311299864, SEE912573799215, SEE927954473967, SEE940270013228, SEE905164993024, SEE934589461382, SEE991334339365, SEE919495560831, SEE988343991622, SEE993464129496, SEE967133287756",14,28000,"WP Freudenberg","Windenergie an Land",0,2005,NA
"1485","ABR913408684508","Windeinheit","SEE969043662876, SEE969376983433, SEE986346773023, SEE943274232206",4,28000,"WP Golkrath","Windenergie an Land",0,2028,NA
"1486","ABR998800707246","Windeinheit","SEE969920886777, SEE909857579175, SEE931541383102, SEE934090080959",4,28000,"WP Heseler Wald","Windenergie an Land",0,2028,NA
"1487","ABR929315515927","Windeinheit","SEE902710717165, SEE957361274642, SEE917355467023, SEE902107782844",4,28000,"WP Kjerhuus UG (haftungsbeschränkt) ＆ Co.KG","Windenergie an Land",0,2029,NA
"1488","ABR909738597236","Windeinheit","SEE948566265276, SEE936893065768, SEE952000621719, SEE990587004860",4,28000,"WP Nadrensee","Windenergie an Land",0,2026,NA
"1489","ABR943218541401","Windeinheit","SEE983668565480, SEE950538388135, SEE917924134769, SEE987245722730, SEE983158753601, SEE974263932715, SEE970006042819, SEE912774949907, SEE974970548551, SEE977832959915, SEE906619222492, SEE997820353624, SEE911303040207, SEE917950200803",14,28000,"WP Nordgermersleben","Windenergie an Land",0,2003,NA
"1490","ABR997569518971","Windeinheit","SEE991405743596, SEE946691682654, SEE981599845879, SEE967662403658",4,28000,"WP Pfullendorf","Windenergie an Land",0,2026,NA
"1491","ABR969530126010","Windeinheit","SEE945942016989, SEE997735521903, SEE965476865594, SEE939579710075",4,28000,"WP SW 2","Windenergie an Land",0,2027,NA
"1492","ABR918822616838","Windeinheit","SEE964821609647, SEE980659621026, SEE910912683393, SEE922144084282, SEE966345135732",5,28000,"WP Severin","Windenergie an Land",0,2027,NA
"1493","ABR965579128329","Windeinheit","SEE937519041593, SEE987363126052, SEE949630936764, SEE922510725320",4,28000,"WP Wassenberg","Windenergie an Land",0,2026,NA
"1494","ABR937299659124","Windeinheit","SEE946519455620, SEE912772711582, SEE942411428298, SEE992388917516",4,28000,"WP Winterholz","Windenergie an Land",0,2027,NA
"1495","ABR976899784102","Windeinheit","SEE983155477517, SEE951902626280, SEE935657041444, SEE978717307883",4,28000,"Windpark Aschersleben West","Windenergie an Land",0,2026,NA
"1496","ABR957394696978","Windeinheit","SEE914042138389, SEE922354335952, SEE967605656318, SEE925612004010, SEE903463970463",5,28000,"Windpark Bierbergen","Windenergie an Land",0,2025,NA
"1497","ABR987593744361","Windeinheit","SEE992265588020, SEE943847973390, SEE984295144239, SEE917925665033",4,28000,"Windpark Bühren-Großsander GmbH ＆ Co. KG","Windenergie an Land",0,2027,NA
"1498","ABR963118510697","Windeinheit","SEE917413597488, SEE937306480901, SEE928035453731, SEE918823636361, SEE934651182658, SEE980805832375, SEE922200296574, SEE964035595460, SEE902122099309, SEE936457936541, SEE932601757451, SEE926355937429, SEE937405462938, SEE980162335274",14,28000,"Windpark Cottbuser Halde GmbH ＆ Co. KG","Windenergie an Land",0,2009,NA
"1499","ABR936286140386","Windeinheit","SEE901748254994, SEE995072881544, SEE940364563172, SEE958971493843",4,28000,"Windpark Emsbüren","Windenergie an Land",0,2028,NA
"1500","ABR959292852227","Windeinheit","SEE989321539331, SEE984434343219, SEE927799272442, SEE976561885212, SEE907244616236",5,28000,"Windpark Goldner Steinrück","Windenergie an Land",0,2025,NA
"1501","ABR981841989641","Windeinheit","SEE939382790165, SEE977013365764, SEE903960365069, SEE941191303894",4,28000,"Windpark Haarbrück-West","Windenergie an Land",0,2029,NA
"1502","ABR910236871889","Windeinheit","SEE933341910687, SEE906198334982, SEE968856053420, SEE937053169012",4,28000,"Windpark Holzheim","Windenergie an Land",0,2028,NA
"1503","ABR991980663906","Windeinheit","SEE947037390608, SEE930376001601, SEE949824333348, SEE914367372963",4,28000,"Windpark Neuenheerse Süd","Windenergie an Land",0,2028,NA
"1504","ABR916824906704","Windeinheit","SEE902110695780, SEE936466462161, SEE914027949559, SEE980235847154",4,28000,"Windpark Pronsfeld","Windenergie an Land",0,2029,NA
"1505","ABR945859776716","Windeinheit","SEE961653429375, SEE941044324700, SEE970545699734, SEE901666317788",4,28000,"Windpark Seewald II","Windenergie an Land",0,2028,NA
"1506","ABR940247169194","Windeinheit","SEE959753934745, SEE922603470809, SEE979385518625, SEE930924924178",4,28000,"Windpark Trischelwald","Windenergie an Land",0,2028,NA
"1507","ABR937949342741","Windeinheit","SEE974343192015, SEE919663976969, SEE932892523285, SEE903277057015",4,28000,"Windpark Vierkirchner Holz","Windenergie an Land",0,2028,NA
"1508","ABR977742152062","Windeinheit","SEE977888775682, SEE953094187532, SEE959533207700, SEE910066571249",4,28000,"Windpark Werl Hilbeck/Budberg","Windenergie an Land",0,2028,NA
"1509","ABR919197085113","Windeinheit","SEE917265872528, SEE929867728943, SEE960250842976, SEE908482274974, SEE904958677676",5,28000,"Windpark Zichtow","Windenergie an Land",0,2026,NA
"1510","ABR947168577756","Windeinheit","SEE959466961434, SEE954956079835, SEE956132259871, SEE914358233419",4,28000,"evm Windpark Schneifelhöhe SW","Windenergie an Land",0,2027,NA
"1511","ABR958139441334","Windeinheit","SEE974840313869, SEE942537875624, SEE939301840117, SEE989443607079, SEE924699089293, SEE943946894237, SEE953846089145, SEE997630543642, SEE954843626951",9,27900,"Infra Groß Bisdorf GbR","Windenergie an Land",0,2012,NA
"1512","ABR912370315502","Windeinheit","SEE990836436190, SEE913192152405, SEE965960099528, SEE979018650302, SEE914198697501",5,27800,"ABO Energy WP Eichkopf","Windenergie an Land",0,2027,NA
"1513","ABR991798865622","Windeinheit","SEE978481571015, SEE961885284636, SEE915069624732, SEE939916393107, SEE970604551300",5,27800,"Abbenhausen","Windenergie an Land",0,2027,NA
"1514","ABR932471334189","Windeinheit","SEE938950994363, SEE999872815587, SEE963255164845, SEE901459805249, SEE979703082807",5,27800,"Brake Repowering / Ovelgönne","Windenergie an Land",0,2027,NA
"1515","ABR970549732819","Windeinheit","SEE925567177203, SEE999813159374, SEE922465022604, SEE903823633045, SEE997911696791",5,27800,"Mistorf Repowering","Windenergie an Land",0,2027,NA
"1516","ABR933523227343","Windeinheit","SEE916664264644, SEE961847703014, SEE974827851940, SEE930841367676, SEE930295900450",5,27800,"Ostervesede","Windenergie an Land",0,2027,NA
"1517","ABR985727105828","Windeinheit","SEE997064150348, SEE992130701042, SEE910054755996, SEE952117621619, SEE959939157173",5,27800,"Sassenberg-Füchtorfer Moor II","Windenergie an Land",0,2026,NA
"1518","ABR957301131660","Windeinheit","SEE910140119800, SEE901883677238, SEE947679838056, SEE906099806250, SEE982718975521",5,27800,"WP Bilzingsleben","Windenergie an Land",0,2027,NA
"1519","ABR973442125542","Windeinheit","SEE943690471517, SEE927254155310, SEE911956340549, SEE944253640791, SEE948778761856",5,27800,"WP Parchow II","Windenergie an Land",0,2027,NA
"1520","ABR958751793903","Windeinheit","SEE903192984489, SEE906428308592, SEE906452568245, SEE964933193928",4,27800,"WP Welsche Lied","Windenergie an Land",0,2026,NA
"1521","ABR922106363400","Windeinheit","SEE911214887618, SEE939282946433, SEE914090739576, SEE919816076089, SEE978642693549",5,27800,"Windpark Altheim III","Windenergie an Land",0,2025,NA
"1522","ABR941301088116","Windeinheit","SEE971972515741, SEE954132097264, SEE973376613481, SEE989414269077, SEE990402639628",5,27800,"Windpark Gehlenberg (EQ)","Windenergie an Land",0,2027,NA
"1523","ABR941190092140","Windeinheit","SEE989980111879, SEE954021596519, SEE949638940558, SEE926128061986, SEE963575598979",5,27800,"Windpark Haverlah","Windenergie an Land",0,2028,NA
"1524","ABR978793995059","Windeinheit","SEE988051689804, SEE969509467892, SEE983788757642, SEE917758621862, SEE990718358855, SEE995300362722",6,27750,"Schönfeld","Windenergie an Land",0,2013,NA
"1525","ABR910019501521","Windeinheit","SEE993650966645, SEE985639439868, SEE920990886791, SEE939316430525, SEE972565460639, SEE965971995260, SEE971542146863, SEE929635981112, SEE968925438486, SEE935504044789, SEE924893754485, SEE935661511438",12,27700,"WP Ostermarsch III","Windenergie an Land",0,2013,NA
"1526","ABR956625735141","Windeinheit","SEE913951902555, SEE902935967154, SEE939792322642, SEE927672509047, SEE936975860717, SEE947061189933, SEE950343514712",7,27650,"Grenzstrom Vindtved GmbH ＆ Co. KG","Windenergie an Land",0,2007,NA
"1527","ABR987603498048","Windeinheit","SEE957882492013, SEE924174841729, SEE922077100103, SEE960593022271, SEE990200600608, SEE947145077729, SEE983904833168, SEE935028042940",8,27600,"CEE Windpark Vormark","Windenergie an Land",0,2017,NA
"1528","ABR953136027642","Windeinheit","SEE998250161773, SEE935591590831, SEE995382910354, SEE920512490697, SEE961781392565, SEE995081900540, SEE969782253014, SEE999134714221, SEE989482470979, SEE916470150322, SEE937608141227, SEE927458176241",12,27600,"Handewitt Repowering","Windenergie an Land",0,2012,NA
"1529","ABR974293823779","Windeinheit","SEE922998704473, SEE926611752315, SEE918783034450, SEE939850048880, SEE955038670773, SEE984729123434, SEE905419842275, SEE972843654682",8,27600,"Hintersteinau","Windenergie an Land",0,2017,NA
"1530","ABR950677833787","Windeinheit","SEE905313365207, SEE994076969043, SEE924464764141, SEE915083114103, SEE929147543464, SEE997967697285, SEE994661345870, SEE901675254920, SEE929034297661, SEE901864616843, SEE947988445440, SEE912599083282",12,27600,"Hoppenrade","Windenergie an Land",0,2014,NA
"1531","ABR988620991086","Windeinheit","SEE917869784128, SEE922752653160, SEE956839173548, SEE952744272901, SEE945267959138, SEE925863283066, SEE910094556027, SEE958652195127, SEE905686724434, SEE983667437382, SEE974798583956, SEE954432910089",12,27600,"Schkortleben","Windenergie an Land",0,2006,NA
"1532","ABR941894655252","Windeinheit","SEE975745632000, SEE943746320356, SEE959628737280, SEE926375000134, SEE924884437731, SEE990425571882, SEE923274648085, SEE917187195996, SEE958623064278, SEE917033167252, SEE929270168701, SEE997003767774",12,27600,"WP Badow","Windenergie an Land",0,2015,NA
"1533","ABR947590457404","Windeinheit","SEE982328440136, SEE945393085596, SEE915003050610, SEE971265584690, SEE944475572962, SEE963612081907, SEE902898136734, SEE991720928760",8,27600,"WP Grohnde","Windenergie an Land",0,2018,NA
"1534","ABR979577285380","Windeinheit","SEE918949278407, SEE901549505738, SEE966864625318, SEE980370052918, SEE931301293313, SEE985778019686, SEE971013114209, SEE932334683607, SEE920944792666, SEE909943131850, SEE942282752294, SEE933502303983",12,27600,"Windpark Bippen","Windenergie an Land",0,2004,NA
"1535","ABR922303918953","Windeinheit","SEE900057233430, SEE955949440038, SEE934643679760, SEE924207660549, SEE951965888762, SEE913440646052, SEE974825029556, SEE931860501645",8,27600,"Windpark Elbenrod","Windenergie an Land",0,2016,NA
"1536","ABR915194621866","Windeinheit","SEE920336030536, SEE943740987111, SEE911042020928, SEE970072091056, SEE995932031966, SEE985995377590, SEE981673950680, SEE910014611522, SEE992902106396, SEE978057276016, SEE909720099809, SEE924929284917",12,27600,"Windpark Klingenberg GmbH ＆ Co.KG","Windenergie an Land",0,2006,NA
"1537","ABR982511102919","Windeinheit","SEE933624748822, SEE928409275990, SEE978260565440, SEE918999041464, SEE988374650338",5,27560,"Olsberg-Antfeld","Windenergie an Land",0,2025,NA
"1538","ABR918822616838","Windeinheit","SEE952672746987, SEE936090981274, SEE966525132162, SEE970066256737, SEE970448593054",5,27500,"WP Trebitz","Windenergie an Land",0,2026,NA
"1539","ABR924157795568","Windeinheit","SEE909530673985, SEE911342601155, SEE974552783240, SEE908712381755, SEE981757028656, SEE971487758497, SEE993734758760, SEE979713394600, SEE971424196733, SEE994269433603, SEE902030311456",11,27500,"Windpark Fuchsberg","Windenergie an Land",0,2007,NA
"1540","ABR990547755016","Windeinheit","SEE976674715338, SEE912486948496, SEE911068480485, SEE946984728120, SEE995944881528, SEE984407372499, SEE943179689259, SEE989564227620, SEE966042112401, SEE966093904956, SEE948196407442",11,27450,"Groß Welle","Windenergie an Land",0,2010,NA
"1541","ABR986336254570","Windeinheit","SEE998045818660, SEE923092901157, SEE982798919682, SEE921246628998, SEE986278627043, SEE913091507344, SEE925550344780, SEE935743086830, SEE963954978118",9,27450,"WP Köhlen","Windenergie an Land",0,2016,NA
"1542","ABR983026628710","Windeinheit","SEE923702470653, SEE963326026225, SEE982423959854, SEE965443044694, SEE928095849185, SEE906468221196, SEE965072985337, SEE916724990452, SEE902533948005",9,27450,"Windpark Riepsterhammrich","Windenergie an Land",0,2017,NA
"1543","ABR920000488434","Windeinheit","SEE907438059726, SEE984647973265, SEE914274638794, SEE910647694060",4,27420,"Janneby","Windenergie an Land",0,2024,NA
"1544","ABR929879367550","Windeinheit","SEE990442292258, SEE991016293565, SEE936904206258, SEE978132489720, SEE966948354677, SEE946049967013",6,27400,"Kerken-Eyll","Windenergie an Land",0,2021,NA
"1545","ABR989241891052","Windeinheit","SEE959575655897, SEE902877634565, SEE948791462686, SEE945319848830",4,27400,"WP Langewiesen","Windenergie an Land",0,2027,NA
"1546","ABR942560018630","Windeinheit","SEE965006347569, SEE939587506271, SEE953924458108, SEE930385872605, SEE943507607672, SEE970858117130",6,27400,"Windpark Bartow","Windenergie an Land",0,2018,NA
"1547","ABR933034811987","Windeinheit","SEE982989929681, SEE978154859624, SEE915705661152, SEE945062467012",4,27400,"Windpark Möckowberg II","Windenergie an Land",0,2027,NA
"1548","ABR949473996352","Windeinheit","SEE907630318904, SEE983545995744, SEE901930846648, SEE914711048643, SEE921219255404, SEE990921760001, SEE939186834362, SEE933185549142, SEE915759164302, SEE913698938794",10,27370,"WEA 2","Windenergie an Land",0,1999,NA
"1549","ABR906592466708","Windeinheit","SEE939518177907, SEE962621742694, SEE961591324008, SEE983479047175, SEE997568005410, SEE932911441736, SEE911145845398, SEE944173558961",8,27300,"WP Korschenbroich","Windenergie an Land",0,2005,NA
"1550","ABR913046385676","Windeinheit","SEE907306238246, SEE948326385176, SEE940619964136, SEE984903954526, SEE900841206558",5,27300,"Windpark Straußfurt","Windenergie an Land",0,2017,NA
"1551","ABR962597534231","Windeinheit","SEE909818423295, SEE977958941672, SEE995669316992, SEE910569529716",4,27200,"Atzendorf","Windenergie an Land",0,2027,NA
"1552","ABR927397646904","Windeinheit","SEE955765858857, SEE902942103590, SEE956855017987, SEE907456309346",4,27200,"Bolstern","Windenergie an Land",0,2028,NA
"1553","ABR993290487456","Windeinheit","SEE950850920761, SEE921788044539, SEE917533367695, SEE979883940966",4,27200,"Breitenauer Forst","Windenergie an Land",0,2028,NA
"1554","ABR967341180030","Windeinheit","SEE917607542607, SEE919918815029, SEE956464535926, SEE990692501865",4,27200,"Goch Nierswalde","Windenergie an Land",0,2028,NA
"1555","ABR975469991803","Windeinheit","SEE956960545030, SEE933304513641, SEE911795426800, SEE994685706206",4,27200,"Hemmingen-Pattensen","Windenergie an Land",0,2029,NA
"1556","ABR925602162010","Windeinheit","SEE903859169402, SEE979794716995, SEE921913662386, SEE942857301391",4,27200,"Karben-Petterweil","Windenergie an Land",0,2027,NA
"1557","ABR970332386915","Windeinheit","SEE929647579796, SEE904598098008, SEE979312130241, SEE940690395980",4,27200,"Langenstein","Windenergie an Land",0,2027,NA
"1558","ABR933972400786","Windeinheit","SEE985637244433, SEE983592932174, SEE975099904471, SEE934487041570",4,27200,"Sundern-Altenhellefeld","Windenergie an Land",0,2027,NA
"1559","ABR909112168755","Windeinheit","SEE918335418677, SEE939702348885, SEE996488418966, SEE979241407759",4,27200,"WP Battin","Windenergie an Land",0,2028,NA
"1560","ABR917499774001","Windeinheit","SEE982507429402, SEE986105877412, SEE966948776967, SEE920203178651",4,27200,"WP Dratum Erweiterung","Windenergie an Land",0,2028,NA
"1561","ABR982392078730","Windeinheit","SEE924089987543, SEE944355055639, SEE978195487152, SEE955108367930",4,27200,"WP Geitelde Repowering","Windenergie an Land",0,2028,NA
"1562","ABR973657808643","Windeinheit","SEE932881703599, SEE960712762316, SEE951760858182, SEE970135160408",4,27200,"WP Neuendorf A","Windenergie an Land",0,2027,NA
"1563","ABR901338224734","Windeinheit","SEE909956359449, SEE915853650404, SEE904908085735, SEE975871595477",4,27200,"WP Rieflinghausen","Windenergie an Land",0,2026,NA
"1564","ABR982392078730","Windeinheit","SEE925462691033, SEE932020655406, SEE978670262144, SEE917666653290",4,27200,"WP Salzhemmendorf Repowering","Windenergie an Land",0,2027,NA
"1565","ABR905703903613","Windeinheit","SEE969538985329, SEE972152270771, SEE977618001692, SEE928354568505",4,27200,"WP Scheid Repowering","Windenergie an Land",0,2028,NA
"1566","ABR939402486252","Windeinheit","SEE927160692664, SEE943463193158, SEE967110628695, SEE908274809704, SEE974725664215, SEE914222451086",6,27200,"WP Schönermark","Windenergie an Land",0,2017,NA
"1567","ABR998800707246","Windeinheit","SEE971315329295, SEE944189884917, SEE912815815567, SEE988900928955",4,27200,"WP Westerloy","Windenergie an Land",0,2029,NA
"1568","ABR904339297745","Windeinheit","SEE991677366363, SEE908623705190, SEE945465303788, SEE911316381892",4,27200,"Windpark Ascheberg-Holthoff","Windenergie an Land",0,2027,NA
"1569","ABR970228649926","Windeinheit","SEE991723714223, SEE943464920692, SEE925921058056, SEE969380019548, SEE945700269107, SEE915355532529, SEE989641223552, SEE977921432428",8,27200,"Windpark Bardenfleth","Windenergie an Land",0,2018,NA
"1570","ABR905285655948","Windeinheit","SEE921332444532, SEE997275211968, SEE981022012977, SEE998892473081",4,27200,"Windpark Borgentreich-Ost II","Windenergie an Land",0,2026,NA
"1571","ABR920215313378","Windeinheit","SEE930564139444, SEE986778867338, SEE965157169508, SEE984853285435",4,27200,"Windpark Böllenberg GmbH ＆ Co. KG","Windenergie an Land",0,2027,NA
"1572","ABR988972792485","Windeinheit","SEE983118277994, SEE992658673654, SEE966876581046, SEE989356532178",4,27200,"Windpark Drosa","Windenergie an Land",0,2025,NA
"1573","ABR958904877917","Windeinheit","SEE983685048942, SEE946570744282, SEE918945520999, SEE996750746889",4,27200,"Windpark Hünfeldener Wald II","Windenergie an Land",0,2027,NA
"1574","ABR988902724524","Windeinheit","SEE903574169510, SEE927960818554, SEE921925711843, SEE957216421061",4,27200,"Windpark Lingelbach II","Windenergie an Land",0,2029,NA
"1575","ABR975231924886","Windeinheit","SEE928329152807, SEE935512232420, SEE955179874634, SEE953494672737",4,27200,"Windpark Mahlsdorf 2","Windenergie an Land",0,2025,NA
"1576","ABR928852486776","Windeinheit","SEE995601388452, SEE933007843762, SEE938640213439, SEE969837388845",4,27200,"Windpark Matzenhöhe","Windenergie an Land",0,2026,NA
"1577","ABR992343887144","Windeinheit","SEE955640017300, SEE939443838621, SEE973195450939, SEE986322568131",4,27200,"Windpark Möhnesee","Windenergie an Land",0,2028,NA
"1578","ABR942715683065","Windeinheit","SEE943279974958, SEE989758780122, SEE918368185935, SEE999825467962",4,27200,"Windpark Neustadt (Dosse)","Windenergie an Land",0,2025,NA
"1579","ABR921980611966","Windeinheit","SEE983410514872, SEE910466721947, SEE969991820809, SEE979802180510",4,27200,"Windpark Pfeffelbach","Windenergie an Land",0,2026,NA
"1580","ABR984968214306","Windeinheit","SEE955633965670, SEE948171588371, SEE907978143107, SEE948299700174",4,27200,"Windpark Rohrholz","Windenergie an Land",0,2028,NA
"1581","ABR938386207808","Windeinheit","SEE929045913864, SEE919087505158, SEE946680726826, SEE991519906245",4,27200,"Windpark Schäferköppel","Windenergie an Land",0,2027,NA
"1582","ABR953844260089","Windeinheit","SEE927532120412, SEE943119625460, SEE979905729678, SEE962771128201",4,27200,"Windpark Sinz","Windenergie an Land",0,2028,NA
"1583","ABR999408386086","Windeinheit","SEE968017519086, SEE973165121012, SEE937535697040, SEE977963089994",4,27200,"Windpark Weitgendorf","Windenergie an Land",0,2027,NA
"1584","ABR925123104353","Windeinheit","SEE922912768925, SEE964666522910, SEE944691740633, SEE977903920998, SEE923760785874, SEE965929889689, SEE926594044285, SEE929230954849, SEE922444298136",9,27000,"Lorica Windpark Biere","Windenergie an Land",0,2009,NA
"1585","ABR961452509469","Windeinheit","SEE903132172549, SEE994062098276, SEE974462795562, SEE991115492722, SEE911495867910, SEE923812665321",6,27000,"WP Jüchen A44n","Windenergie an Land",0,2021,NA
"1586","ABR963356013585","Windeinheit","SEE979629080086, SEE920723900497, SEE927033481517, SEE961510262046, SEE997032982681, SEE959026804973, SEE959277412217, SEE910235998488, SEE926252474492",9,27000,"Windpark Bassens I GmbH ＆ Co.KG","Windenergie an Land",0,2013,NA
"1587","ABR998448400547","Windeinheit","SEE993533125107, SEE938798740412, SEE981824868475, SEE979918115888, SEE993695270455, SEE943832020696, SEE912947102337, SEE986312858068, SEE957632150699",9,27000,"Windpark Neusustrum","Windenergie an Land",0,2016,NA
"1588","ABR924991880512","Windeinheit","SEE989085038583, SEE920445776134, SEE999600813090, SEE953620299142, SEE919720569035, SEE901550415903, SEE929439004345, SEE911828059234, SEE931669572631",9,27000,"Windpark Stiftswald","Windenergie an Land",0,2016,NA
"1589","ABR977715348881","Windeinheit","SEE925759438587, SEE900746113555, SEE964628513000, SEE925040551025, SEE957437746417, SEE979150427084",6,27000,"Windpark Wilstedt-Erw.","Windenergie an Land",0,2023,NA
"1590","ABR920759575560","Windeinheit","SEE935904351128, SEE944980938314, SEE994718969318, SEE973542010960",4,26800,"Windpark Leuba","Windenergie an Land",0,2026,NA
"1591","ABR925036913639","Windeinheit","SEE936350309152, SEE972380772085, SEE963340424885, SEE931238407630, SEE907854653256, SEE931990087798, SEE970537816613, SEE931987279724, SEE960001522874, SEE995673408188, SEE997563829707, SEE974094815096, SEE933884168378, SEE965747839774",14,26800,"Windpark Watzerath","Windenergie an Land",0,2003,NA
"1592","ABR924501771224","Windeinheit","SEE940631139543, SEE955921898550, SEE983379679872, SEE995171379041, SEE966232387107",5,26780,"Greffen Nord","Windenergie an Land",0,2027,NA
"1593","ABR949142416259","Windeinheit","SEE903495736822, SEE915422442829, SEE900262783058, SEE963876462054, SEE961610926336",5,26700,"Windpark Witzeeze-Wangelau","Windenergie an Land",0,2026,NA
"1594","ABR945662756363","Windeinheit","SEE916376876135, SEE971728073242, SEE931586687135, SEE934161154367",4,26560,"Bürgerwind Wilmsberg GmbH ＆ Co.KG","Windenergie an Land",0,2026,NA
"1595","ABR944401108647","Windeinheit","SEE900322653802, SEE951129821246, SEE965502154814, SEE998986367241",4,26560,"Wp Heimbach Walbig","Windenergie an Land",0,2028,NA
"1596","ABR916447667181","Windeinheit","SEE940342264749, SEE995422090121, SEE935441976389, SEE924884877261, SEE992403989719, SEE967792292764, SEE914379493083, SEE925943302427, SEE926345353352, SEE969143196387",10,26500,"2. Bürgerwindpark Behrendorf GmbH ＆ Co. KG","Windenergie an Land",0,2012,NA
"1597","ABR920816539849","Windeinheit","SEE981878334889, SEE918196261580, SEE946176885693, SEE941824944326, SEE961837541626",5,26500,"Behrenhoff","Windenergie an Land",0,2027,NA
"1598","ABR954118922375","Windeinheit","SEE932258490411, SEE942329579617, SEE946068157365, SEE933914376285, SEE931926727170, SEE907335354900, SEE907591303902, SEE927331658055, SEE915019750405, SEE986755512282, SEE925977804355, SEE908091420991, SEE913937310985, SEE930586689026, SEE910253309648, SEE932400538930, SEE957571225397, SEE905742970058, SEE945589976141, SEE953001948249",20,26500,"Windpark Oldendorf","Windenergie an Land",0,2010,NA
"1599","ABR981987934291","Windeinheit","SEE933596445095, SEE930483019773, SEE998499403153, SEE916966652583, SEE944183422733, SEE925706091858, SEE964592383579, SEE924972561126, SEE967042795083, SEE931527713190, SEE975739030157, SEE967652371677",12,26450,"Duben","Windenergie an Land",0,1998,NA
"1600","ABR959385836967","Windeinheit","SEE934767641377, SEE903227855906, SEE907793722617, SEE975942617534, SEE929144166710",5,26440,"WP Mittelberg II","Windenergie an Land",0,2026,NA
"1601","ABR985161921510","Windeinheit","SEE903220067450, SEE915699707157, SEE937083600912, SEE953929309726",4,26400,"ABO Energy WP Hünxe","Windenergie an Land",0,2028,NA
"1602","ABR993543012596","Windeinheit","SEE964835940767, SEE923394966250, SEE900433381939, SEE981050560624",4,26400,"BW Marienmünster","Windenergie an Land",0,2026,NA
"1603","ABR944401108647","Windeinheit","SEE909394436689, SEE909277742784, SEE989658194555, SEE902603848341",4,26400,"Energiepark Booßen an der B5 GmbH ＆ Co. KG","Windenergie an Land",0,2028,NA
"1604","ABR945365067391","Windeinheit","SEE995658736275, SEE939798428270, SEE958398676157, SEE956509871675",4,26400,"Engelskirchen","Windenergie an Land",0,2027,NA
"1605","ABR961433847962","Windeinheit","SEE996190800882, SEE967796547075, SEE905273888877, SEE923613299619, SEE921028619152, SEE924052619563, SEE971448437157, SEE989538737612",8,26400,"HeWe-Windparrk","Windenergie an Land",0,2017,NA
"1606","ABR935986050209","Windeinheit","SEE965406082039, SEE919023882541, SEE948668592485, SEE948009496373, SEE931093940419, SEE933936907955, SEE922750721953, SEE931679838666, SEE939429779290, SEE912701133959, SEE946050395829, SEE973798925568, SEE998702685314, SEE952227982839",14,26400,"Quitzow","Windenergie an Land",0,2002,NA
"1607","ABR941190092140","Windeinheit","SEE935633114032, SEE959835868227, SEE982561977307, SEE950275013628, SEE975401397588",5,26400,"Stolberg Drei-Kaiser-Eichen","Windenergie an Land",0,2028,NA
"1608","ABR909324052156","Windeinheit","SEE960897919246, SEE943722779604, SEE922145147122, SEE958747615059",4,26400,"WP Ehlerstorf","Windenergie an Land",0,2027,NA
"1609","ABR987172774970","Windeinheit","SEE988172178829, SEE965084245160, SEE906925522903, SEE951310581492, SEE957297305304, SEE957195361327, SEE973688424867, SEE924518703041",8,26400,"Windpark Alt Zachun","Windenergie an Land",0,2021,NA
"1610","ABR917685925354","Windeinheit","SEE991505722163, SEE925054908341, SEE953570594281, SEE981342952021, SEE960789236550, SEE976780041994, SEE915490276289, SEE979891587146",8,26400,"Windpark Freren-Bardel","Windenergie an Land",0,2017,NA
"1611","ABR981057481250","Windeinheit","SEE944944828941, SEE900976572399, SEE973822887022, SEE995694818973, SEE995977327376, SEE985646103578, SEE947477613268, SEE932584398597, SEE952938750901, SEE963175209763, SEE920938833481, SEE900207563905",12,26400,"Windpark Hohenmölsen","Windenergie an Land",0,2014,NA
"1612","ABR917808197859","Windeinheit","SEE910828176453, SEE962991652890, SEE955016498917, SEE999772505205, SEE920038061845, SEE987252942398, SEE904480513398, SEE931657792652, SEE960473317688, SEE950685579615, SEE978229604524",11,26400,"Windpark Ochsenberg GmbH","Windenergie an Land",0,2016,NA
"1613","ABR976772953335","Windeinheit","SEE983564035087, SEE984100976352, SEE999174830462, SEE948405800712, SEE983605894666, SEE910822713609, SEE968913196527, SEE994340752593, SEE931433889972",9,26300,"BWP Fücht","Windenergie an Land",0,2016,NA
"1614","ABR935177375494","Windeinheit","SEE952368150142, SEE931675296538, SEE924293155189, SEE983511260135, SEE994261890459, SEE915374343045, SEE923872820418, SEE965316898324, SEE943256963999",9,26300,"Breitenbach","Windenergie an Land",0,2018,NA
"1615","ABR968442379521","Windeinheit","SEE976948459142, SEE987703187897, SEE998813885214, SEE932649657539, SEE998450854574, SEE909231527853, SEE919714646179, SEE982515495352, SEE997173488424, SEE966265157333, SEE927206994851, SEE924265686109, SEE969997931578, SEE911080184002",14,26300,"WP Klein Bünzow","Windenergie an Land",0,1998,NA
"1616","ABR910751997118","Windeinheit","SEE981885304783, SEE980692010139, SEE935806241312, SEE974297984704, SEE934036594946, SEE971301914979, SEE979503390560, SEE943232649930, SEE981502639908",9,26075,"Beggerow","Windenergie an Land",0,2013,NA
"1617","ABR924724712158","Windeinheit","SEE969056517651, SEE916592124546, SEE908133786078, SEE955731900696, SEE917349102435, SEE976802667522, SEE905677322663, SEE981545114066, SEE901428928764",9,26050,"Weener RI","Windenergie an Land",0,2016,NA
"1618","ABR955179589293","Windeinheit","SEE972021408168, SEE915818648040, SEE982928020172, SEE985088739410, SEE907395950814, SEE997061862831, SEE938257046109, SEE938867952326",8,26000,"Bürgerwindpark Braderup","Windenergie an Land",0,2005,NA
"1619","ABR990689175826","Windeinheit","SEE999306155715, SEE995692414085, SEE996834739554, SEE958823155820, SEE956582715972, SEE902055200254, SEE910858367685, SEE966119745228, SEE904821647010, SEE965946201907, SEE914023989108, SEE958987092115, SEE945029947601",13,26000,"Düshorner Heide","Windenergie an Land",0,2014,NA
"1620","ABR908127438754","Windeinheit","SEE919635817139, SEE943649864315, SEE924909054905, SEE907325366371, SEE912447931062, SEE967045081114, SEE929900117376, SEE992878762916, SEE936578040745, SEE986139306476, SEE998768961612, SEE925554983763, SEE927852969838",13,26000,"Groß Pinnow","Windenergie an Land",0,2009,NA
"1621","ABR998597997875","Windeinheit","SEE974118763372, SEE998179856910, SEE948084896365, SEE958527344346, SEE971462643213, SEE987040760654, SEE907656398096, SEE959489713881, SEE931442226263, SEE974372785790, SEE904122647719, SEE921177229493, SEE973564536035",13,26000,"WP Asendorfer Kippe","Windenergie an Land",0,2007,NA
"1622","ABR906592466708","Windeinheit","SEE957166877444, SEE990412392308, SEE989774576228, SEE932839699622, SEE996963758921, SEE939157656054, SEE955764465049, SEE972500765027, SEE933588285159, SEE927179171556, SEE933374035043, SEE996755283891, SEE906470884167",13,26000,"WP Nordschwarzwald","Windenergie an Land",0,2006,NA
"1623","ABR993979237631","Windeinheit","SEE938959273001, SEE931372598775, SEE944664538304, SEE946962252371, SEE966517178611, SEE974205036563, SEE957294634582, SEE920476345446, SEE920997320267, SEE974493038164, SEE923008744199, SEE983809249248, SEE923014657599",13,26000,"Windpark Eckolstädt GmbH ＆ Co. KG","Windenergie an Land",0,2012,NA
"1624","ABR994273320142","Windeinheit","SEE998029380848, SEE945655169163, SEE984383332326, SEE973651835331",4,25800,"CGE Windpark Karlshof GmbH ＆ Co. KG","Windenergie an Land",0,2026,NA
"1625","ABR938812757693","Windeinheit","SEE938256173004, SEE927700853296, SEE971299026319, SEE946924073693",4,25800,"Eifel Oberlascheid","Windenergie an Land",0,2028,NA
"1626","ABR916115096862","Windeinheit","SEE905188525034, SEE999856747736, SEE935413739301, SEE979342711793, SEE947591196418, SEE941711568369",6,25800,"Schmarloh 7","Windenergie an Land",0,2027,NA
"1627","ABR999889696414","Windeinheit","SEE916284503307, SEE989235500793, SEE908771673679, SEE964804871368, SEE937294150053",5,25800,"UC Uckerfelde","Windenergie an Land",0,2017,NA
"1628","ABR918847383432","Windeinheit","SEE979628492811, SEE926583108042, SEE971909922321, SEE917685042969, SEE973395197252, SEE952763721602, SEE923863792649, SEE989872233894, SEE964326323482",9,25800,"WP Altenbruch II","Windenergie an Land",0,2009,NA
"1629","ABR912771543108","Windeinheit","SEE964371446013, SEE948406087709, SEE918325439965, SEE952815230601, SEE960060425673, SEE927260245784",6,25800,"WP Buschmühlen","Windenergie an Land",0,2010,NA
"1630","ABR956216717358","Windeinheit","SEE917771743107, SEE927677533047, SEE979335564511, SEE970541622491",4,25800,"Windpark Großliebringen","Windenergie an Land",0,2028,NA
"1631","ABR961671857051","Windeinheit","SEE926215438158, SEE995276607414, SEE912643417612, SEE901473342539",4,25800,"Windpark Marsberg Diemelwind","Windenergie an Land",0,2027,NA
"1632","ABR905207079364","Windeinheit","SEE915303152816, SEE945228572468, SEE989670556270, SEE975502709877",4,25800,"Windpark WMO Quantwick West","Windenergie an Land",0,2027,NA
"1633","ABR941182937411","Windeinheit","SEE964973021571, SEE979550003659, SEE922499575190, SEE903752898225, SEE923347031455, SEE910388891469, SEE939390123399",7,25799,"WP Vier Berge","Windenergie an Land",0,2020,NA
"1634","ABR924979291859","Windeinheit","SEE913810885791, SEE986736125333, SEE973800743012, SEE909487493094, SEE919166518208, SEE941104416031, SEE907591139457, SEE953406262414, SEE940644724668",9,25780,"Windpark Vettweiß","Windenergie an Land",0,2002,NA
"1635","ABR913706602891","Windeinheit","SEE906022842560, SEE983627325384, SEE983052058093, SEE912608830432, SEE946390112780, SEE977578069091, SEE964559861058, SEE932571220450, SEE950981162344",9,25700,"Rees Haldern","Windenergie an Land",0,2017,NA
"1636","ABR933366447151","Windeinheit","SEE939125622616, SEE986708938657, SEE907122036859, SEE935984347394, SEE974775871311, SEE935476290764, SEE983486592316, SEE961953470572",8,25600,"Windpark Hartenfelser Kopf","Windenergie an Land",0,2013,NA
"1637","ABR982975307769","Windeinheit","SEE942999076102, SEE929740961290, SEE960663516556, SEE938030191002, SEE932478504165, SEE955855715602, SEE986016838304, SEE999409835842",8,25576,"Windpark Gerbstedt-Repowering","Windenergie an Land",0,2021,NA
"1638","ABR949473996352","Windeinheit","SEE981197632741, SEE959494689812, SEE925196028624, SEE940822225055, SEE987540639221, SEE955835173194, SEE945953556818, SEE941337284421, SEE910746711248",9,25570,"WEA 3","Windenergie an Land",0,1999,NA
"1639","ABR954708495470","Windeinheit","SEE976443544732, SEE920016952578, SEE950764073393, SEE958398584360, SEE952115711718, SEE929232817296",6,25560,"Hasenmoor Struvenhütten","Windenergie an Land",0,2026,NA
"1640","ABR998380000331","Windeinheit","SEE928784271372, SEE999385576630, SEE919735744748, SEE968174792537, SEE987937910643, SEE912513292899",6,25560,"Windpark Gammelby","Windenergie an Land",0,2026,NA
"1641","ABR929387663953","Windeinheit","SEE985937260010, SEE959859573923, SEE904005156369, SEE986317828509, SEE925372537131, SEE968625594680, SEE964343838211, SEE960850544997, SEE907771642760, SEE909282960012, SEE944646953576, SEE996152408859, SEE927123068567, SEE930799281314, SEE999450841625, SEE990796225520, SEE952890631997",17,25500,"Erste Onshore Windkraft Beteiligungsgesellschaft mbH ＆ Co. Windpark Trinwillershagen KG","Windenergie an Land",0,2003,NA
"1642","ABR930370675969","Windeinheit","SEE962825459107, SEE991894696908, SEE999850329853, SEE996373002621",4,25500,"Larrelter Polder","Windenergie an Land",0,2004,NA
"1643","ABR976990695024","Windeinheit","SEE966233135110, SEE939328737315, SEE931570269453, SEE907891999164, SEE982796665574, SEE998576658889, SEE989096262175, SEE930575864823, SEE959514171808, SEE973572030860, SEE940114442849, SEE936759448223, SEE924638849070, SEE975335959357, SEE989157322770, SEE939206431403, SEE903211605517",17,25500,"SF WP I","Windenergie an Land",0,2001,NA
"1644","ABR979577285380","Windeinheit","SEE905015366946, SEE938202762115, SEE934260683256, SEE909081413207, SEE951480098219, SEE972879116093, SEE945140504073, SEE940332793952, SEE912746023932, SEE947885996120, SEE999324215910, SEE906111756990, SEE982289718459, SEE987380565827, SEE991484068344, SEE955754663097, SEE993559534648",17,25500,"Windpark Holleben","Windenergie an Land",0,2004,NA
"1645","ABR922311327402","Windeinheit","SEE925472989137, SEE917927926224, SEE928656710602, SEE966839387814, SEE976806732042, SEE934316398301",6,25500,"Windpark Krampfer-Reckenthin","Windenergie an Land",0,2019,NA
"1646","ABR955797461315","Windeinheit","SEE988583624243, SEE971984402329, SEE921930361422, SEE995360327112, SEE956306353794, SEE915188320928",6,25380,"BVT Windpark Emlichheim 2","Windenergie an Land",0,2026,NA
"1647","ABR978332634203","Windeinheit","SEE929883226881, SEE931544928171, SEE910707440279, SEE981339840508, SEE953075430107, SEE959054096173, SEE911720757894, SEE991116438507, SEE951696374206, SEE958062611736",10,25380,"WP Mehrum","Windenergie an Land",0,2000,NA
"1648","ABR969781086545","Windeinheit","SEE996416166228, SEE970977329636, SEE972567709224, SEE936338639721, SEE934986768084, SEE972272174829, SEE913560307697, SEE947668632443",8,25360,"Bürgerwindpark Wanderup","Windenergie an Land",0,2015,NA
"1649","ABR906394435117","Windeinheit","SEE970047567159, SEE904362618401, SEE937129880766, SEE994118433716, SEE996491024703, SEE986088155279, SEE924464639388, SEE980387792258, SEE981413081889, SEE920181883707, SEE942446515284",11,25300,"BWP Dree Meeden","Windenergie an Land",0,2014,NA
"1650","ABR906755307022","Windeinheit","SEE981189821344, SEE996842522568, SEE962210525912, SEE940751053859, SEE994142405048, SEE913565778614, SEE988054216304, SEE972158217909, SEE939502065913, SEE954136773010, SEE994783121918",11,25300,"Marner Neuenkoogsdeich Repowering","Windenergie an Land",0,2011,NA
"1651","ABR962335615741","Windeinheit","SEE933745528105, SEE936218662481, SEE962015776328, SEE906802055814, SEE958309584670, SEE908865537566, SEE941479974068, SEE948189908567, SEE967832502907, SEE985072948064, SEE925302805118",11,25300,"WP Balkum- Thiene","Windenergie an Land",0,2007,NA
"1652","ABR941744040696","Windeinheit","SEE931704087977, SEE900617766552, SEE998327624149, SEE990134115094, SEE955414993755, SEE992869104398, SEE981450786037, SEE967871414568, SEE938209298839, SEE920412217394",10,25300,"WP Berngerode GmbH ＆ Co. KG","Windenergie an Land",0,2014,NA
"1653","ABR927397646904","Windeinheit","SEE913108290405, SEE968233678895, SEE931779602211, SEE988528235152, SEE959963255647, SEE912551057580, SEE925246801719, SEE975767403510, SEE993038983264, SEE982352066623, SEE974318333863, SEE947822366849, SEE952292212794, SEE961032749896, SEE943894292871, SEE900423686983",16,25300,"WP Wybelsumer Polder","Windenergie an Land",0,1997,NA
"1654","ABR988879662843","Windeinheit","SEE930627447646, SEE996360498024, SEE908537783321, SEE990695399261, SEE922400811775, SEE984557855835, SEE903605212925, SEE975539712444, SEE936848264758, SEE981288536552, SEE988735239721, SEE998444243032, SEE903628175795, SEE996286711764",14,25290,"Koßdorf","Windenergie an Land",0,2003,NA
"1655","ABR907832883910","Windeinheit","SEE937419056567, SEE954192466710, SEE983339102853, SEE995713298007, SEE995244180604, SEE951194852237",6,25200,"Ahaus Quantwick","Windenergie an Land",0,2017,NA
"1656","ABR993422423185","Windeinheit","SEE942859067400, SEE971074573724, SEE950113980952, SEE980294984111",4,25200,"Attendorn Jäckelchen","Windenergie an Land",0,2027,NA
"1657","ABR996190795614","Windeinheit","SEE961847606964, SEE964270315205, SEE943509979821, SEE905869163425, SEE948988161644, SEE995531731663",6,25200,"Hohenseefeld III","Windenergie an Land",0,2028,NA
"1658","ABR923982926277","Windeinheit","SEE946244635939, SEE976034161973, SEE904825599995, SEE945950141895",4,25200,"Issum Sevelen Vorst","Windenergie an Land",0,2029,NA
"1659","ABR917996682397","Windeinheit","SEE978720980356, SEE931160652290, SEE959006768226, SEE939580655938, SEE940785100567, SEE998595950360",6,25200,"Ohrensen","Windenergie an Land",0,2017,NA
"1660","ABR918454963331","Windeinheit","SEE909281205800, SEE962213248153, SEE900671558667, SEE913229163275, SEE974587911823, SEE997946928959, SEE985055346085",7,25200,"WP Bokel","Windenergie an Land",0,2025,NA
"1661","ABR902072509828","Windeinheit","SEE956899949756, SEE941170834395, SEE978707979205, SEE910216688483, SEE922286892608, SEE909105645492",6,25200,"WP Bornhausen","Windenergie an Land",0,2023,NA
"1662","ABR975056115049","Windeinheit","SEE986923611090, SEE944474234885, SEE900697338335, SEE966422358573, SEE935628649518, SEE928051690783",6,25200,"WP Dolgelin","Windenergie an Land",0,2023,NA
"1663","ABR909277791423","Windeinheit","SEE954672434697, SEE962624109609, SEE986305201192, SEE985156321622, SEE901359897238, SEE906269682523",6,25200,"WP Ehra-Lessien","Windenergie an Land",0,2023,NA
"1664","ABR970440675000","Windeinheit","SEE921095639497, SEE994814052259, SEE908908480361, SEE986470553928, SEE930978112675, SEE900503210534, SEE916820360746, SEE929675285935, SEE917070226783, SEE974240646048, SEE974637555731, SEE993759621780, SEE966942650782, SEE911237243408",14,25200,"WP Gehlenberg","Windenergie an Land",0,2000,NA
"1665","ABR929941424983","Windeinheit","SEE900340825137, SEE920808473823, SEE928766415909, SEE979891933066",4,25200,"WP Kreutzberg","Windenergie an Land",0,2027,NA
"1666","ABR946237575785","Windeinheit","SEE934541662000, SEE924565050143, SEE983270660498, SEE973724343978, SEE977115016397, SEE971830741039",6,25200,"WP Leipzig Knautnaundorf","Windenergie an Land",0,2026,NA
"1667","ABR963440425799","Windeinheit","SEE922684158030, SEE949010866056, SEE985198690977, SEE950725736169, SEE993888390687, SEE949853396543",6,25200,"Wahrtstrom Hedwigenkoog","Windenergie an Land",0,2027,NA
"1668","ABR963568802564","Windeinheit","SEE901720265789, SEE912668129071, SEE983223787159, SEE941047490686, SEE976360677070, SEE938454262661",6,25200,"Windpark Lahn II","Windenergie an Land",0,2018,NA
"1669","ABR982646802043","Windeinheit","SEE987747608266, SEE959145417979, SEE939362419321, SEE971758079245, SEE980131947040, SEE958565311485, SEE949654694039",7,25200,"Windpark Mautitz Süd GmbH ＆ Co. KG","Windenergie an Land",0,2018,NA
"1670","ABR946628980761","Windeinheit","SEE913629779212, SEE967866624873, SEE960099262164, SEE907352260055, SEE989922056466, SEE967788500644",6,25200,"Windpark Wulkow-Trebnitz","Windenergie an Land",0,2024,NA
"1671","ABR928076830188","Windeinheit","SEE983452513277, SEE949047825750, SEE984881745406, SEE938976833431, SEE914743919386",5,25120,"Windpark Waldrach","Windenergie an Land",0,2010,NA
"1672","ABR911271558230","Windeinheit","SEE935078880912, SEE986057952564, SEE966666304732, SEE949075419570, SEE974075530390, SEE955128324852, SEE990382758562, SEE992337571172, SEE963020329684, SEE996887528662, SEE998038135248",11,25100,"SÜ Süderland","Windenergie an Land",0,2007,NA
"1673","ABR942031552540","Windeinheit","SEE915773009597, SEE977977962894, SEE960949794791, SEE922759563639, SEE970166972025, SEE939168959588, SEE934844613341, SEE914904473719",8,25050,"Parchim","Windenergie an Land",0,2014,NA
"1674","ABR939693563250","Windeinheit","SEE918351046137, SEE940506060774, SEE987325236799, SEE948022307892, SEE991523289549, SEE986930300321, SEE934244110327",7,25050,"WP Boitzenhagen","Windenergie an Land",0,2021,NA
"1675","ABR924030942973","Windeinheit","SEE923820902869, SEE952683031102, SEE945709222370, SEE930918156011, SEE927624835125",5,25000,"Büttel","Windenergie an Land",0,2007,NA
"1676","ABR944879894691","Windeinheit","SEE912936599957, SEE925176739168, SEE956184088061, SEE917328172558",4,25000,"Weinbach-Weilmünster","Windenergie an Land",0,2028,NA
"1677","ABR952886315849","Windeinheit","SEE916572915430, SEE904935128719, SEE973146070025, SEE924212925497, SEE916588743881, SEE933606189537, SEE947021448575, SEE997790904024",8,25000,"Windpark Barkow","Windenergie an Land",0,2005,NA
"1678","ABR999408386086","Windeinheit","SEE908127526208, SEE924559861731, SEE981415392723, SEE968703508400",4,25000,"Windpark Werningshausen I","Windenergie an Land",0,2027,NA
"1679","ABR903311294772","Windeinheit","SEE986709958821, SEE900393657532, SEE977730789065, SEE955444967375, SEE971059741650, SEE946061513885",6,25000,"Wohlbedacht","Windenergie an Land",0,2023,NA
"1680","ABR948135389396","Windeinheit","SEE956401758814, SEE914892136382, SEE942254299598, SEE943698260236",4,24880,"WP Derental","Windenergie an Land",0,2027,NA
"1681","ABR994118055635","Windeinheit","SEE970196816368, SEE922122847236, SEE958458346853, SEE924443847650",4,24800,"ABO Energy WP Rhein-Mosel","Windenergie an Land",0,2028,NA
"1682","ABR975400365656","Windeinheit","SEE959913499107, SEE946107047626, SEE993991976662, SEE974440467139",4,24800,"CPC Windpark Altmark Repo","Windenergie an Land",0,2027,NA
"1683","ABR991761799435","Windeinheit","SEE931944716668, SEE915815609105, SEE949232978339, SEE984572230617",4,24800,"Gundersweiler 2","Windenergie an Land",0,2026,NA
"1684","ABR903938022215","Windeinheit","SEE953143673870, SEE964720707390, SEE959387314692, SEE905944430725",4,24800,"Leidenhofen","Windenergie an Land",0,2029,NA
"1685","ABR911846258404","Windeinheit","SEE993264416697, SEE980259759778, SEE982046135888, SEE901874608142",4,24800,"Ostenfelde","Windenergie an Land",0,2025,NA
"1686","ABR958326972382","Windeinheit","SEE996134566553, SEE919408612350, SEE972294789810, SEE971204353172",4,24800,"Peckelsheim Repowering","Windenergie an Land",0,2026,NA
"1687","ABR935994482627","Windeinheit","SEE968499056505, SEE986854583787, SEE905932583945, SEE996645669545",4,24800,"Reichenbach-Steegen R","Windenergie an Land",0,2026,NA
"1688","ABR968565064304","Windeinheit","SEE954661173439, SEE923363415772, SEE942029005126, SEE908666931617",4,24800,"Salzatal 3","Windenergie an Land",0,2026,NA
"1689","ABR955952868805","Windeinheit","SEE901275596437, SEE922538570339, SEE972888919364, SEE907046054533",4,24800,"WP Bellingen","Windenergie an Land",0,2024,NA
"1690","ABR981750390507","Windeinheit","SEE985094777789, SEE965325404592, SEE915827871033, SEE951516878037",4,24800,"WP Gremsheim","Windenergie an Land",0,2027,NA
"1691","ABR982511102919","Windeinheit","SEE931851326578, SEE952154864192, SEE955832174637, SEE907537808539",4,24800,"WPR GN","Windenergie an Land",0,2024,NA
"1692","ABR988566090010","Windeinheit","SEE993824997154, SEE913053013579, SEE933151140618, SEE901424269991",4,24800,"Windpark Halenbeck-Warnsdorf II","Windenergie an Land",0,2025,NA
"1693","ABR944624730304","Windeinheit","SEE936097436364, SEE937196021055, SEE902561603211, SEE936168324132",4,24800,"Windpark Hillmersdorf","Windenergie an Land",0,2028,NA
"1694","ABR948908589176","Windeinheit","SEE994678492253, SEE915872198208, SEE915584771263, SEE936091088828, SEE968796522277, SEE975914652983, SEE904254917445, SEE922508823076, SEE946932838857, SEE966081728632",10,24750,"Asselner Windpark","Windenergie an Land",0,2015,NA
"1695","ABR920176980466","Windeinheit","SEE986300717308, SEE937271532131, SEE944047931524, SEE940177149846, SEE915588769006, SEE939296685120, SEE945355101807",7,24750,"Nonnenholz","Windenergie an Land",0,2017,NA
"1696","ABR948672400639","Windeinheit","SEE903521435132, SEE945453378590, SEE903569494245, SEE976044982186, SEE967117003242, SEE960417691966, SEE936114799717, SEE937628368123, SEE990700826782, SEE900394746426, SEE903295911580",11,24700,"Görike","Windenergie an Land",0,2012,NA
"1697","ABR980044933727","Windeinheit","SEE990408348913, SEE992734288369, SEE952326989944, SEE940171332312, SEE963063901984, SEE917858583015, SEE939103047745",7,24700,"WP HHU","Windenergie an Land",0,2014,NA
"1698","ABR977407939854","Windeinheit","SEE950358234384, SEE967981877994, SEE995516649655, SEE991493544105, SEE953580361804, SEE920377535205",6,24600,"Schlangen","Windenergie an Land",0,2022,NA
"1699","ABR927387987543","Windeinheit","SEE937010566762, SEE931278864707, SEE932183195924, SEE925763493930",4,24600,"Sintfeld","Windenergie an Land",0,2026,NA
"1700","ABR960966379704","Windeinheit","SEE958323443151, SEE971529140280, SEE939727823053, SEE995923717381",4,24600,"Windpark Kroppenstedt","Windenergie an Land",0,2026,NA
"1701","ABR956177427921","Windeinheit","SEE954695901749, SEE941154985143, SEE927107430441, SEE992278349052, SEE915432916143, SEE999040943791, SEE933508356327, SEE992112554185, SEE959640971549, SEE938147750765, SEE962793665203, SEE935846920543, SEE934644618805, SEE979562616977",14,24600,"Windpark Schwarzenberg","Windenergie an Land",0,1997,NA
"1702","ABR928959744380","Windeinheit","SEE914841005066, SEE954059261649, SEE958433267401, SEE920350737787",4,24600,"Windpark Waldow Repowering II","Windenergie an Land",0,2026,NA
"1703","ABR949903137416","Windeinheit","SEE916282340751, SEE992197164408, SEE955993334475, SEE959910597028",4,24600,"Winterscheid Energy","Windenergie an Land",0,2026,NA
"1704","ABR965181790303","Windeinheit","SEE974638687417, SEE930262047027, SEE948580601494, SEE996847924862, SEE950665385557, SEE943370823117, SEE974786457160, SEE982552386736, SEE969623745418, SEE957440394520",10,24550,"CEE Windpark Großenwede GmbH ＆ Co. KG","Windenergie an Land",0,2011,NA
"1705","ABR960406157084","Windeinheit","SEE916902812248, SEE995155316178, SEE956985597984, SEE934347787563, SEE989005622120, SEE949559631726, SEE910251859053, SEE914063723090, SEE928724007931, SEE933419028764",10,24500,"Trianel Onshore Windkraftwerk Eisleben","Windenergie an Land",0,2013,NA
"1706","ABR913953748502","Windeinheit","SEE950608533137, SEE973897577576, SEE957255706303, SEE937683485551, SEE980275805039, SEE977053561843, SEE957021808385, SEE979679072680",8,24450,"WP Breesen","Windenergie an Land",0,2012,NA
"1707","ABR982805302469","Windeinheit","SEE906636004170, SEE975261510790, SEE972539548783, SEE913040304420, SEE986347619528, SEE982177569323, SEE948732703991, SEE912176429588, SEE994027841091, SEE980391499860",10,24450,"Windpark Ihlow","Windenergie an Land",0,2010,NA
"1708","ABR963392833123","Windeinheit","SEE902472533706, SEE961671372264, SEE939508858281, SEE902996953295, SEE951219636507, SEE918681695685, SEE920389111091, SEE907071684026, SEE993301483170, SEE953886816329, SEE913528676209, SEE969397520174, SEE925107151755",13,24400,"WO Wolfen","Windenergie an Land",0,2002,NA
"1709","ABR967284683735","Windeinheit","SEE900243454717, SEE902353065500, SEE935596087930, SEE997742894007, SEE942358705513, SEE960046155709, SEE981957197749, SEE933633466878",8,24400,"WP Bockhorn","Windenergie an Land",0,2012,NA
"1710","ABR900218365482","Windeinheit","SEE972737855348, SEE902613275182, SEE968754645215, SEE953532698484, SEE902175689083, SEE995951070236, SEE977717685113, SEE958291767457",8,24400,"WP Neur.-Rossee","Windenergie an Land",0,2018,NA
"1711","ABR952064892872","Windeinheit","SEE970318887818, SEE946843560625, SEE915983908024, SEE958328926604, SEE917950998311, SEE903987333737, SEE976936669744, SEE966116553307, SEE952555112878, SEE974170154590",10,24400,"WP Neuschoo","Windenergie an Land",0,2014,NA
"1712","ABR983997414206","Windeinheit","SEE914181452223, SEE992388116285, SEE994245085994, SEE977217076886, SEE939904819473, SEE901509622871, SEE917239986145, SEE949198665830",8,24400,"Windpark Abens-Nord GmbH ＆ Co. KG","Windenergie an Land",0,2015,NA
"1713","ABR961323222848","Windeinheit","SEE905632800618, SEE958902137006, SEE928987376591, SEE934950904913, SEE998183598363, SEE946531936114, SEE928746271501, SEE957778769670, SEE977732248683",9,24360,"Carinerland Ost","Windenergie an Land",0,2019,NA
"1714","ABR935335894171","Windeinheit","SEE992398623872, SEE900312406333, SEE964816426389, SEE926606639317, SEE909850878237, SEE936490147744, SEE985632822599, SEE953465064899, SEE923534699697, SEE980387966260",10,24300,"Kutzleben","Windenergie an Land",0,2006,NA
"1715","ABR983240671813","Windeinheit","SEE964532587104, SEE968603295165, SEE971460792647, SEE909140005800, SEE924855978676, SEE930828989068, SEE933893783302, SEE964329009819",8,24300,"Windpark Trechow","Windenergie an Land",0,2014,NA
"1716","ABR944179510802","Windeinheit","SEE969508609583, SEE968960290193, SEE903635626532, SEE905307788289, SEE969887083912, SEE950771728675, SEE922619090879, SEE974503781103, SEE974745339902",9,24220,"WP Neuenbeken","Windenergie an Land",0,2009,NA
"1717","ABR921036433450","Windeinheit","SEE993764745402, SEE915503263794, SEE942988130815, SEE992568592557",4,24200,"Windpark Burbach","Windenergie an Land",0,2026,NA
"1718","ABR953453356227","Windeinheit","SEE904173295525, SEE926997125765, SEE926033550513, SEE958115073672",4,24160,"Windpark Schmolde","Windenergie an Land",0,2025,NA
"1719","ABR946988170994","Windeinheit","SEE984219238471, SEE998407604986, SEE926222514326, SEE917284902862, SEE975778976270, SEE906544176013, SEE957582955870",7,24150,"Krevese 17","Windenergie an Land",0,2017,NA
"1720","ABR904224762709","Windeinheit","SEE923171260304, SEE953080921829, SEE934150203595, SEE932552747365, SEE938557722741, SEE959742312059, SEE997684266641",7,24150,"Lieskau III","Windenergie an Land",0,2016,NA
"1721","ABR982511102919","Windeinheit","SEE915121684193, SEE905305212786, SEE986702604770, SEE939937730233, SEE968233945935, SEE910585125343, SEE910187724388",7,24150,"Olsberg-Mannstein","Windenergie an Land",0,2024,NA
"1722","ABR943296998173","Windeinheit","SEE919243563299, SEE917750534337, SEE918889423844, SEE905061348613, SEE961044443409, SEE910894987731, SEE965593301777",7,24150,"Windpark Beuren","Windenergie an Land",0,2024,NA
"1723","ABR981813005836","Windeinheit","SEE906314660544, SEE950659786353, SEE997396184714, SEE916640552321, SEE900939210641, SEE959690280875, SEE959552152050",7,24150,"Windpark Biegen","Windenergie an Land",0,2021,NA
"1724","ABR922579042741","Windeinheit","SEE934452263983, SEE945438070273, SEE989661815096, SEE955035134094, SEE976820044282, SEE941134646972, SEE908078320481",7,24000,"BWP Stelle-Wittenwurth","Windenergie an Land",0,2015,NA
"1725","ABR918822616838","Windeinheit","SEE902887536316, SEE918852513244, SEE918250626065, SEE949497380038, SEE922959883216",5,24000,"Brusow V Repowering","Windenergie an Land",0,2028,NA
"1726","ABR985757531871","Windeinheit","SEE972443887862, SEE955468924132, SEE977671858851, SEE964400864009",4,24000,"Buchgarten","Windenergie an Land",0,2027,NA
"1727","ABR997926711847","Windeinheit","SEE919898569097, SEE922878442839, SEE988499529854, SEE948132839573",4,24000,"Bürgerwindpark Am alten Postweg","Windenergie an Land",0,2028,NA
"1728","ABR902622244186","Windeinheit","SEE934674953655, SEE955612263902, SEE964280473360, SEE940944824921, SEE985609485468, SEE944692431295, SEE985936200147, SEE971871646614, SEE957309022236, SEE952366836222",10,24000,"Bürgerwindpark Sailershäuser Wald GmbH ＆ Co. KG","Windenergie an Land",0,2015,NA
"1729","ABR977662831313","Windeinheit","SEE965840397829, SEE931413982839, SEE926215075711, SEE996593223400",4,24000,"Bürgerwindpark Sinningen 2","Windenergie an Land",0,2027,NA
"1730","ABR945871294861","Windeinheit","SEE938888297659, SEE973916699753, SEE985875058984, SEE904997213989, SEE993728105310, SEE968303590324, SEE944623612120, SEE963716918185, SEE964239371853, SEE980236211862, SEE934136356154, SEE973923251760",12,24000,"ERG Wind MEG 3 LLP","Windenergie an Land",0,2003,NA
"1731","ABR907977121359","Windeinheit","SEE956857261876, SEE976217628934, SEE920735654197, SEE946038409968, SEE928406006405, SEE997110113891, SEE931623508812, SEE928810517405",8,24000,"Eifel-Windpark Ormont-Stadtkyll","Windenergie an Land",0,2017,NA
"1732","ABR929180763010","Windeinheit","SEE940247446783, SEE984740569334, SEE924653279654, SEE989630178689, SEE966853695704, SEE968371543925",6,24000,"Falkenhagen Repowering","Windenergie an Land",0,2020,NA
"1733","ABR951762163239","Windeinheit","SEE992194366614, SEE997589262199, SEE942196098389, SEE977751241207",4,24000,"Finnentrop-Schöndelt","Windenergie an Land",0,2026,NA
"1734","ABR931348963903","Windeinheit","SEE952263953831, SEE984571857709, SEE997348443005, SEE915387842528",4,24000,"Geltendorf","Windenergie an Land",0,2029,NA
"1735","ABR971664063826","Windeinheit","SEE962001378727, SEE992523892586, SEE973156562534, SEE977442934593",4,24000,"Hülsenberg","Windenergie an Land",0,2027,NA
"1736","ABR986145781052","Windeinheit","SEE905403998568, SEE926608810233, SEE914887182233, SEE993343562154, SEE922084187272",5,24000,"JOER VSB","Windenergie an Land",0,2026,NA
"1737","ABR993109925834","Windeinheit","SEE976187917489, SEE946203191438, SEE999958740543, SEE970098786912",4,24000,"Oldenbroker Feld Repowering BA II","Windenergie an Land",0,2027,NA
"1738","ABR955844731637","Windeinheit","SEE936327851141, SEE946616688532, SEE926685084817, SEE914570609368",4,24000,"PolmerWind","Windenergie an Land",0,2028,NA
"1739","ABR904809093570","Windeinheit","SEE965823610501, SEE925385893828, SEE951702087748, SEE933914222971, SEE944277450321, SEE953386477303, SEE953145453944, SEE964303964110, SEE946910696936, SEE958653570817, SEE937040116135, SEE964463748278",12,24000,"Pröttlin","Windenergie an Land",0,2007,NA
"1740","ABR979379931232","Windeinheit","SEE929273023717, SEE926205503415, SEE954768818424, SEE992726114379",4,24000,"Schwaförden","Windenergie an Land",0,2027,NA
"1741","ABR932555956573","Windeinheit","SEE909003479779, SEE945956661595, SEE936132073790, SEE989899475857",4,24000,"Sebbenhausen I","Windenergie an Land",0,2025,NA
"1742","ABR999022537727","Windeinheit","SEE920915877408, SEE952061791772, SEE911469197692, SEE990059268615, SEE919733495598, SEE902825160917, SEE985308951769, SEE915352327036",8,24000,"Trianel Windpark Gebersreuth","Windenergie an Land",0,2017,NA
"1743","ABR921846726230","Windeinheit","SEE983773486380, SEE977050562348, SEE991369239197, SEE921857770253",4,24000,"Vasbeck-Süd","Windenergie an Land",0,2029,NA
"1744","ABR913678669373","Windeinheit","SEE966500140458, SEE951445745073, SEE995497203938, SEE965455714370",4,24000,"WH Westliches Hügelland","Windenergie an Land",0,2025,NA
"1745","ABR906592466708","Windeinheit","SEE900478920568, SEE993388078498, SEE937812758402, SEE933976407248, SEE947502218130, SEE963613893769, SEE993400185739, SEE992499693262, SEE989096635238, SEE913938878392, SEE965475655202, SEE963243448827",12,24000,"WP Bedburg","Windenergie an Land",0,2006,NA
"1746","ABR943796084611","Windeinheit","SEE940513471181, SEE964658698678, SEE902338392133, SEE953655012969, SEE966473512993, SEE940671087149, SEE928660537493, SEE970426224215, SEE958094306037, SEE933323662597, SEE964776048638, SEE974340209655, SEE963543504124, SEE911385888308, SEE973142849410, SEE942534475278",16,24000,"WP Biere II","Windenergie an Land",0,2002,NA
"1747","ABR998720610329","Windeinheit","SEE908684899500, SEE908718478503, SEE904428673696, SEE959315727037",4,24000,"WP Bärenholz","Windenergie an Land",0,2028,NA
"1748","ABR962226763353","Windeinheit","SEE904117656757, SEE997633347940, SEE931510992595, SEE956898289044",4,24000,"WP Dörenhagen-Busch","Windenergie an Land",0,2026,NA
"1749","ABR968202798043","Windeinheit","SEE923610333293, SEE958475273705, SEE977090490298, SEE962543255296",4,24000,"WP Ellingen","Windenergie an Land",0,2024,NA
"1750","ABR913408684508","Windeinheit","SEE997417455274, SEE958279656667, SEE935796184316, SEE985489964121",4,24000,"WP Erkelenz Ost","Windenergie an Land",0,2027,NA
"1751","ABR919574103430","Windeinheit","SEE920489051310, SEE994967619262, SEE909913452299, SEE951072423368",4,24000,"WP Gardelegen","Windenergie an Land",0,2028,NA
"1752","ABR987677899963","Windeinheit","SEE925679457187, SEE988942476261, SEE955741677625, SEE990662647623, SEE906014354651, SEE925013981507, SEE960950767418, SEE980855223864, SEE943099361013, SEE911025821245, SEE936673334695, SEE967483407941",12,24000,"WP Hohenseefeld","Windenergie an Land",0,2002,NA
"1753","ABR904504764553","Windeinheit","SEE965516699349, SEE968272361550, SEE944789494783, SEE930446892412, SEE916338105716, SEE953422793831, SEE937890070359, SEE963954189316, SEE947268093897, SEE915138770230, SEE943949289146, SEE944004787799",12,24000,"WP Sarow","Windenergie an Land",0,2012,NA
"1754","ABR986645205263","Windeinheit","SEE914809738241, SEE977886054192, SEE904305622557, SEE909958327422",4,24000,"WP Schulenburg_IV","Windenergie an Land",0,2027,NA
"1755","ABR967289224858","Windeinheit","SEE968610941925, SEE974453899248, SEE967512735182, SEE983759192014",4,24000,"WP Vöckinghausen","Windenergie an Land",0,2028,NA
"1756","ABR918822616838","Windeinheit","SEE946021030001, SEE964927178023, SEE942876955889, SEE986839404656",4,24000,"WP Warnkenhagen","Windenergie an Land",0,2029,NA
"1757","ABR995439953730","Windeinheit","SEE925858515172, SEE936737651331, SEE999124324874, SEE988351713360, SEE954175892062, SEE974899779340, SEE952502595686, SEE919805753984, SEE998243517976, SEE944716399662",10,24000,"WP Wetzdorf","Windenergie an Land",0,2013,NA
"1758","ABR982511102919","Windeinheit","SEE936790549538, SEE962411722073, SEE951974077065, SEE901491653662",4,24000,"Wilnsdorf","Windenergie an Land",0,2026,NA
"1759","ABR966979848084","Windeinheit","SEE967906471979, SEE978401394090, SEE957932014943, SEE926537294210",4,24000,"Windpark Boxberg","Windenergie an Land",0,2027,NA
"1760","ABR902995949558","Windeinheit","SEE920209135344, SEE951219076785, SEE983835928216, SEE963608171803, SEE910626914936, SEE915027174842, SEE959869510246, SEE942173469287, SEE939571589259, SEE979918609196, SEE934212776968, SEE975945548903",12,24000,"Windpark Cottbuser-See GmbH ＆ Co. KG","Windenergie an Land",0,2005,NA
"1761","ABR962630551720","Windeinheit","SEE956360075861, SEE984336463497, SEE946334552146, SEE915863898513",4,24000,"Windpark Dienheim","Windenergie an Land",0,2028,NA
"1762","ABR986726756097","Windeinheit","SEE906882183971, SEE922170576720, SEE955685077741, SEE952027647600, SEE906809978567, SEE988099166084, SEE969705366784, SEE925543716785, SEE960801283043, SEE930201562062, SEE915349195846, SEE951039771020, SEE922253999293",13,24000,"Windpark Dornstedt","Windenergie an Land",0,2001,NA
"1763","ABR942477372436","Windeinheit","SEE910972937795, SEE972786148040, SEE998624574307, SEE963602778046",4,24000,"Windpark Dülmen Daldrup","Windenergie an Land",0,2027,NA
"1764","ABR950899855574","Windeinheit","SEE967329295602, SEE940701884854, SEE963119080182, SEE958550771812",4,24000,"Windpark Frielendorf-Dorheim","Windenergie an Land",0,2027,NA
"1765","ABR908531125639","Windeinheit","SEE931267216890, SEE980309416712, SEE967514606718, SEE936217763561",4,24000,"Windpark Greußenheim","Windenergie an Land",0,2027,NA
"1766","ABR904243910815","Windeinheit","SEE952008025199, SEE955281723974, SEE911933342825, SEE965778525684",4,24000,"Windpark Halsberg","Windenergie an Land",0,2025,NA
"1767","ABR999430332785","Windeinheit","SEE971515638500, SEE906281816043, SEE908633573628, SEE966550121599",4,24000,"Windpark Hüngheim","Windenergie an Land",0,2028,NA
"1768","ABR921251595100","Windeinheit","SEE983533969467, SEE949624847151, SEE973508459512, SEE945361605627",4,24000,"Windpark Jeggeleben","Windenergie an Land",0,2027,NA
"1769","ABR930129817008","Windeinheit","SEE940146675093, SEE914108319653, SEE982417853618, SEE994645831757, SEE961423500822, SEE983797054244, SEE916761594682, SEE939721575996",8,24000,"Windpark Kreuzstein","Windenergie an Land",0,2017,NA
"1770","ABR974514023995","Windeinheit","SEE949376491374, SEE970327617161, SEE956216573176, SEE960553508128",4,24000,"Windpark Langenstriegis-Bockendorf","Windenergie an Land",0,2026,NA
"1771","ABR986645205263","Windeinheit","SEE943318015390, SEE972420319577, SEE918989136699, SEE943254487657, SEE905555932298",5,24000,"Windpark Lentföhrden","Windenergie an Land",0,2023,NA
"1772","ABR928570617063","Windeinheit","SEE981003091724, SEE909487730670, SEE987929874144, SEE915468400623, SEE948309159855",5,24000,"Windpark Lüngholm","Windenergie an Land",0,2023,NA
"1773","ABR921048210261","Windeinheit","SEE970715057791, SEE946560310329, SEE986541131482, SEE913278926517",4,24000,"Windpark Mettenheim","Windenergie an Land",0,2028,NA
"1774","ABR903523720342","Windeinheit","SEE944859226597, SEE985643197792, SEE934707301804, SEE930400312499",4,24000,"Windpark Ohe","Windenergie an Land",0,2027,NA
"1775","ABR927713344835","Windeinheit","SEE925650965472, SEE999697106051, SEE998495693503, SEE976313309317",4,24000,"Windpark Oldenswort-Moordeich","Windenergie an Land",0,2025,NA
"1776","ABR955127044751","Windeinheit","SEE933901047310, SEE906345313648, SEE906512092598, SEE934733161267",4,24000,"Windpark Regesbostel","Windenergie an Land",0,2023,NA
"1777","ABR948308764593","Windeinheit","SEE906932981717, SEE919748282770, SEE970236840544, SEE985031859806, SEE990187543714, SEE926830074427, SEE936681163621, SEE909646320360, SEE943216336221, SEE924051639265",10,24000,"Windpark Thurnau","Windenergie an Land",0,2015,NA
"1778","ABR946548213840","Windeinheit","SEE932302577785, SEE948700521251, SEE920389420063, SEE996195044649, SEE917473561689, SEE985521729558, SEE918549449962, SEE991014484910",8,24000,"Zweite Klixbüller Energie","Windenergie an Land",0,2014,NA
"1779","ABR910240325552","Windeinheit","SEE975418796800, SEE959749557583, SEE932842225825, SEE993748050560, SEE932940413018",5,23980,"Windpark Breuna","Windenergie an Land",0,1998,NA
"1780","ABR951762163239","Windeinheit","SEE916695179924, SEE953239295047, SEE984720475204, SEE971572654697",4,23920,"Drensteinfurt","Windenergie an Land",0,2028,NA
"1781","ABR917365354924","Windeinheit","SEE908135722494, SEE981923010706, SEE931725548167, SEE918085555318, SEE940522786764, SEE993985729809, SEE960465582360, SEE976004485702",8,23920,"WP Kattrepel-Nord","Windenergie an Land",0,2021,NA
"1782","ABR932819468330","Windeinheit","SEE940400412976, SEE962032030984, SEE961671089407, SEE973607271329",4,23900,"Windpark A 33","Windenergie an Land",0,2023,NA
"1783","ABR980869139830","Windeinheit","SEE955586936406, SEE995378271261, SEE939971399144, SEE946448753491, SEE982913500115, SEE956522066645, SEE900477625808, SEE939347296343, SEE932500284416, SEE913939828150",10,23800,"WP Jürgenshagen","Windenergie an Land",0,2002,NA
"1784","ABR996504327876","Windeinheit","SEE921691280284, SEE998682072555, SEE959698562492, SEE934354962656, SEE958181547817, SEE914642510141, SEE929437579869, SEE958051386553, SEE995188084860, SEE953896223681, SEE968915116899, SEE958245700677, SEE924875341030",13,23800,"Windpark an der Landwehr","Windenergie an Land",0,2003,NA
"1785","ABR999549023369","Windeinheit","SEE918151198777, SEE949833172501, SEE932188305182, SEE901898333525, SEE976708859830, SEE998522707562, SEE908630709631, SEE937499469622, SEE963182006133, SEE962535465726",10,23750,"WP Esche","Windenergie an Land",0,2003,NA
"1786","ABR965244612467","Windeinheit","SEE948472186429, SEE930364674480, SEE923286881128, SEE980765737642, SEE935811327117, SEE958465436356, SEE988870693846, SEE947335422797",8,23725,"Windpark Hainhaus","Windenergie an Land",0,2009,NA
"1787","ABR993422423185","Windeinheit","SEE920709282340, SEE997204189658, SEE913329198351, SEE926708398815",4,23720,"Attendorn Bürberg","Windenergie an Land",0,2027,NA
"1788","ABR904418795612","Windeinheit","SEE931122512044, SEE970571210415, SEE912680697442, SEE913763782253, SEE965165267289, SEE970476178148, SEE996682966393, SEE975283850485, SEE948375757139",9,23700,"Beesenstedt","Windenergie an Land",0,2000,NA
"1789","ABR985323171210","Windeinheit","SEE904118088120, SEE998563724801, SEE953529764567, SEE997507572812, SEE988491950243, SEE971751505451, SEE935835470868",7,23700,"WKN Windkraft Nord GmbH ＆ Co. Windpark Puls KG","Windenergie an Land",0,1999,NA
"1790","ABR906592466708","Windeinheit","SEE919144891538, SEE912680149552, SEE916332487139, SEE993455568525, SEE954134199140, SEE995935679295, SEE940253879735, SEE965941462822, SEE943518694364, SEE904800048999, SEE923136677192, SEE912871330288, SEE984901100017, SEE962191471291, SEE966081919184, SEE910257081601",16,23600,"WP Soltau","Windenergie an Land",0,2005,NA
"1791","ABR927672071421","Windeinheit","SEE967916891880, SEE990943035040, SEE965072673098, SEE973360097150",4,23560,"Windpark Bad Lippsrringe","Windenergie an Land",0,2026,NA
"1792","ABR972884522681","Windeinheit","SEE965904991383, SEE930019798233, SEE975286931648, SEE903208143251",4,23560,"Windpark Warendorf Milte","Windenergie an Land",0,2026,NA
"1793","ABR956191733725","Windeinheit","SEE956665432390, SEE915806178788, SEE951951307413, SEE963014009158",4,23500,"Oelde Lette","Windenergie an Land",0,2028,NA
"1794","ABR978964884700","Windeinheit","SEE974288121477, SEE923009147364, SEE956983336455",3,23400,"Barntrup-Eilenberg","Windenergie an Land",0,2026,NA
"1795","ABR918582642863","Windeinheit","SEE943830335518, SEE903571830826, SEE960946163057",3,23400,"Bohmte - Königstannen","Windenergie an Land",0,2027,NA
"1796","ABR966549035111","Windeinheit","SEE975633290770, SEE972810657401, SEE947757086928, SEE942814269511, SEE949588421534, SEE983087982196, SEE980613896682, SEE917795201980, SEE979765429237, SEE991245739834, SEE930330561134, SEE969422507941, SEE948048298143",13,23400,"Monschau-Hoefen","Windenergie an Land",0,2003,NA
"1797","ABR918582642863","Windeinheit","SEE987436852710, SEE948032241278, SEE944882934612",3,23400,"Sögel Erweiterung","Windenergie an Land",0,2027,NA
"1798","ABR942315597175","Windeinheit","SEE920723731916, SEE952912776484, SEE995030951869, SEE935147867554, SEE930370366225, SEE914023342903, SEE956201044728",7,23400,"Vreden Ammeloe","Windenergie an Land",0,2017,NA
"1799","ABR922628176984","Windeinheit","SEE981431234441, SEE956653624509, SEE953161657555, SEE971967700985, SEE929147461430, SEE912397640069, SEE927759025606, SEE963203272356, SEE920846004362, SEE953822654657, SEE915639034930, SEE981854635368, SEE900507508170",13,23400,"WP Bimolten","Windenergie an Land",0,2002,NA
"1800","ABR951284051649","Windeinheit","SEE982192743302, SEE918840338446, SEE991348765839, SEE900334878828, SEE969679834838, SEE969982342785",6,23400,"WP Boxberg-Bongard","Windenergie an Land",0,2028,NA
"1801","ABR902480924114","Windeinheit","SEE930268749253, SEE958913766134, SEE954230098354, SEE906431988361, SEE968215136054, SEE910107659875, SEE961979812752, SEE900718654758, SEE981593060902",9,23300,"WP Siedenbrünzow","Windenergie an Land",0,2016,NA
"1802","ABR961182176900","Windeinheit","SEE924707792825, SEE926105806128, SEE931011750052, SEE965100490451, SEE916919352232, SEE958154241148",6,23300,"Windpark Weißbach","Windenergie an Land",0,2016,NA
"1803","ABR921284968957","Windeinheit","SEE952569860031, SEE913965967526, SEE919448458277, SEE923458865383, SEE990492567900, SEE908841270685",6,23260,"Windpark Etteln A33","Windenergie an Land",0,2022,NA
"1804","ABR951762163239","Windeinheit","SEE916368074372, SEE967529706694, SEE992728679456, SEE995775719816",4,23160,"Wachtendonk Wankum","Windenergie an Land",0,2026,NA
"1805","ABR961002678478","Windeinheit","SEE969646646259, SEE999160794976, SEE975142514848, SEE905137894747, SEE989434687158, SEE956912610199",6,23140,"Siesbach","Windenergie an Land",0,2026,NA
"1806","ABR965245086700","Windeinheit","SEE967689277089, SEE983915584677, SEE944143611641, SEE973653584350, SEE938693307321, SEE953994511338, SEE932323631336, SEE915408059164",8,23120,"WP Osterby/Medelby","Windenergie an Land",0,2014,NA
"1807","ABR925604061540","Windeinheit","SEE927035181187, SEE973729977680, SEE959657917448, SEE939793014324, SEE975523100615, SEE922338966233, SEE924629788357",7,23100,"CEE WP Westerengel","Windenergie an Land",0,2016,NA
"1808","ABR922485958501","Windeinheit","SEE920398193705, SEE963933499368, SEE969162422320, SEE973635339848, SEE942919861948, SEE980067347877, SEE996898141560",7,23100,"Energiepark Mittelberg","Windenergie an Land",0,2018,NA
"1809","ABR970710208761","Windeinheit","SEE937407844893, SEE956957091311, SEE921513234815, SEE984233383232, SEE970571301434, SEE940085937955, SEE949450051890",7,23100,"WP Winsen","Windenergie an Land",0,2017,NA
"1810","ABR993705009969","Windeinheit","SEE946770297779, SEE978052261475, SEE968430177054, SEE971940553621, SEE964283028345, SEE947518260390, SEE985447237670",7,23100,"Windpark Kohlenstraße","Windenergie an Land",0,2015,NA
"1811","ABR958981747912","Windeinheit","SEE981565701970, SEE947433298492, SEE916799735408, SEE975728393683, SEE937504967655, SEE950144478077, SEE996838931640",7,23100,"Windpark Münsterwald GmbH ＆ Co. KG","Windenergie an Land",0,2018,NA
"1812","ABR937562507992","Windeinheit","SEE911262241646, SEE931804519668, SEE944203463227, SEE951393508881, SEE937640723795, SEE922861098111, SEE924562777579",7,23100,"Windpark Simmerath GmbH ＆ Co. KG","Windenergie an Land",0,2016,NA
"1813","ABR961428062783","Windeinheit","SEE945279314468, SEE948362001689, SEE998833695299, SEE981853327479, SEE930461188200, SEE962144142575, SEE955164616089, SEE956822894634, SEE992617175861, SEE906892390925, SEE993468242528",11,23000,"Gerdshagen","Windenergie an Land",0,2005,NA
"1814","ABR981846342212","Windeinheit","SEE909805145520, SEE930335312137, SEE965943580241, SEE910794594893, SEE994233747309, SEE910163783477, SEE946320665348, SEE991445330893, SEE980650871208, SEE909241689541",10,23000,"HVL-Markee III","Windenergie an Land",0,2007,NA
"1815","ABR910274501960","Windeinheit","SEE908695339545, SEE924192092462, SEE959728175746, SEE956955596344, SEE918989847724, SEE962549659340, SEE921424700218, SEE946466299940, SEE954742486687, SEE928681089940",10,23000,"Haaren-Leiberg","Windenergie an Land",0,2013,NA
"1816","ABR989393706204","Windeinheit","SEE907268536879, SEE974602325277, SEE990200801173, SEE974554192873, SEE941558853017, SEE936860383277, SEE925258359444, SEE908657150577, SEE979539567813, SEE965249409086",10,23000,"Könnern II","Windenergie an Land",0,2003,NA
"1817","ABR913854480846","Windeinheit","SEE942046209385, SEE938613401160, SEE941358928526, SEE926702424794",4,23000,"Milter Mark","Windenergie an Land",0,2025,NA
"1818","ABR959624190058","Windeinheit","SEE991308480574, SEE919651637148, SEE975630014621, SEE999064650330, SEE905770220569, SEE996117170722, SEE994119788518, SEE938192289548, SEE998451550468, SEE944270515379",10,23000,"WP Bredstedt-Land","Windenergie an Land",0,2013,NA
"1819","ABR909427493641","Windeinheit","SEE909950407894, SEE900808063330, SEE979237096103, SEE900694262756, SEE964531702133, SEE912693680813, SEE988369594814, SEE905045410398, SEE993399304234, SEE975950373781, SEE998432025930",11,23000,"WP Egeln","Windenergie an Land",0,2005,NA
"1820","ABR924692303907","Windeinheit","SEE972516652526, SEE971927678842, SEE924172917464, SEE976204414113, SEE934559761948, SEE972071776095, SEE916695408567",7,22980,"Windpark am Kleeberg","Windenergie an Land",0,2011,NA
"1821","ABR920856633439","Windeinheit","SEE923822077985, SEE986211894709, SEE934232082858, SEE961992345435, SEE958030933297, SEE988000263819, SEE998329423313, SEE988769228753, SEE992442760874",9,22950,"WP Storbeck","Windenergie an Land",0,2014,NA
"1822","ABR943041429778","Windeinheit","SEE968120882695, SEE926310902332, SEE927738552543, SEE959886809323, SEE989474898651, SEE994012784990, SEE961361982452, SEE963054071528, SEE914464537586, SEE905623139208, SEE978132434133",11,22900,"WP Sögel I","Windenergie an Land",0,2008,NA
"1823","ABR991209802291","Windeinheit","SEE925191551103, SEE985948414655, SEE915699396283, SEE952677872476, SEE986194000036, SEE921105276438, SEE950820021610, SEE989076379503",8,22850,"WP Spremberg Ost","Windenergie an Land",0,2016,NA
"1824","ABR924491205242","Windeinheit","SEE958254063701, SEE910246629593, SEE997191825171, SEE993236864341",4,22800,"ABO Energy WP Karenz","Windenergie an Land",0,2027,NA
"1825","ABR919309128479","Windeinheit","SEE945429580491, SEE945733159390, SEE979479989409, SEE989302760860",4,22800,"ABO Wind WP Remblinghausen-Süd","Windenergie an Land",0,2026,NA
"1826","ABR992981898113","Windeinheit","SEE927037374495, SEE973260352847, SEE947831452687, SEE924568171760",4,22800,"BW Wallsbüll","Windenergie an Land",0,2025,NA
"1827","ABR962859800432","Windeinheit","SEE929096327863, SEE908055901030, SEE911158817474, SEE997483324290",4,22800,"Bürgerwindpark Ockholm-Langenhorn","Windenergie an Land",0,2026,NA
"1828","ABR911401655396","Windeinheit","SEE945590381644, SEE963867211555, SEE930999978267, SEE949949786975",4,22800,"Bürgerwindpark Uetersen","Windenergie an Land",0,2025,NA
"1829","ABR949647574966","Windeinheit","SEE925975842694, SEE970237364629, SEE958342252642, SEE995913933227",4,22800,"Erwitte-Völlinghausen","Windenergie an Land",0,2022,NA
"1830","ABR902361822683","Windeinheit","SEE989889424544, SEE965486204161, SEE914066684671, SEE950519610620",4,22800,"Geldern Nord","Windenergie an Land",0,2025,NA
"1831","ABR978064837057","Windeinheit","SEE970648118606, SEE987678872583, SEE927549044640, SEE902567855072",4,22800,"KladrumVII","Windenergie an Land",0,2026,NA
"1832","ABR955009338183","Windeinheit","SEE952160184253, SEE996583341275, SEE928136790766, SEE936422867061",4,22800,"Klobbicke","Windenergie an Land",0,2022,NA
"1833","ABR926103652895","Windeinheit","SEE903774635181, SEE983990973007, SEE973594922990, SEE919995198282",4,22800,"Lembruch","Windenergie an Land",0,2029,NA
"1834","ABR976566899399","Windeinheit","SEE957225004576, SEE950754226242, SEE912941856151, SEE998697285247",4,22800,"Neetzow-Liepen Nordost","Windenergie an Land",0,2024,NA
"1835","ABR924555604448","Windeinheit","SEE985073316794, SEE988791393948, SEE984222964145, SEE977178906420",4,22800,"WP Gönnebek II","Windenergie an Land",0,2025,NA
"1836","ABR935721056558","Windeinheit","SEE958480800934, SEE902047779041, SEE927942454404, SEE963181820006",4,22800,"WP Hohenroda-Mansbach","Windenergie an Land",0,2023,NA
"1837","ABR916115096862","Windeinheit","SEE906800496664, SEE949551306714, SEE991954317064, SEE948711076030",4,22800,"WP Lasbek 2","Windenergie an Land",0,2025,NA
"1838","ABR992406702766","Windeinheit","SEE996979194454, SEE915306774527, SEE924437508550, SEE908050475451",4,22800,"WP Penkun","Windenergie an Land",0,2026,NA
"1839","ABR916115096862","Windeinheit","SEE917146163325, SEE979832738811, SEE920907923670, SEE964609515665",4,22800,"WP Sandbostel-Bevern","Windenergie an Land",0,2023,NA
"1840","ABR947175798014","Windeinheit","SEE918096209439, SEE975292149297, SEE996003354564, SEE948111139373",4,22800,"Windpark Bedburg A44n","Windenergie an Land",0,2022,NA
"1841","ABR903744899636","Windeinheit","SEE932261667381, SEE932350322887, SEE937939112149, SEE950436632071",4,22800,"Windpark Elsdorf-Tollhausen","Windenergie an Land",0,2026,NA
"1842","ABR908504903103","Windeinheit","SEE973163217366, SEE958382489084, SEE938646185617, SEE992260302539",4,22800,"Windpark Esperke","Windenergie an Land",0,2025,NA
"1843","ABR929568850325","Windeinheit","SEE982963846218, SEE997387378214, SEE989873025191, SEE929975587708",4,22800,"Windpark Graburg","Windenergie an Land",0,2028,NA
"1844","ABR939746950129","Windeinheit","SEE967064624743, SEE989474918410, SEE906064827396, SEE952267005468",4,22800,"Windpark Groß Pankow","Windenergie an Land",0,2023,NA
"1845","ABR973785508064","Windeinheit","SEE917973960630, SEE955649818960, SEE987049480164, SEE977549121339",4,22800,"Windpark Hainichen","Windenergie an Land",0,2029,NA
"1846","ABR944674362777","Windeinheit","SEE920443557780, SEE936167821687, SEE988280279388, SEE997703326752",4,22800,"Windpark Marke","Windenergie an Land",0,2025,NA
"1847","ABR989785056047","Windeinheit","SEE985309024752, SEE918527059633, SEE912577100093, SEE959895803930",4,22800,"Windpark Nartum","Windenergie an Land",0,2026,NA
"1848","ABR933233078730","Windeinheit","SEE955588095576, SEE993669948823, SEE924411697164, SEE959607088136",4,22800,"Windpark Stommeln","Windenergie an Land",0,2028,NA
"1849","ABR915988990581","Windeinheit","SEE931225559601, SEE992670413870, SEE998120814280, SEE963091344920, SEE918589688529, SEE954343856391",6,22800,"Windpark Walkhügel GmbH ＆ Co. Ilberstedt KG III","Windenergie an Land",0,2002,NA
"1850","ABR916630804201","Windeinheit","SEE920579959922, SEE979101586853, SEE966758018332, SEE918352647029",4,22800,"Windpark Werder 3. BA","Windenergie an Land",0,2026,NA
"1851","ABR970529681564","Windeinheit","SEE998913630196, SEE930954930132, SEE977863600725, SEE964942264251, SEE929612875342, SEE979676086789, SEE990817816102, SEE967299704654, SEE910090255054",9,22770,"WP Dobberkau II","Windenergie an Land",0,2015,NA
"1852","ABR913372549261","Windeinheit","SEE983518908993, SEE901345671361, SEE964369820115, SEE959341959167, SEE982518568497, SEE907817562311, SEE905373857513, SEE971578333381, SEE951753556064",9,22700,"Sohland","Windenergie an Land",0,2001,NA
"1853","ABR983464246064","Windeinheit","SEE928095759163, SEE985040458144, SEE933282493096",3,22660,"Werder-Kessin","Windenergie an Land",0,2013,NA
"1854","ABR964108229995","Windeinheit","SEE996770647203, SEE980875162471, SEE943972996295, SEE999900027432, SEE941346149285, SEE991840320031, SEE993905380264, SEE968746466286, SEE985294588147, SEE915659660331, SEE924241626808, SEE923678050149, SEE990542305285, SEE980553578471",14,22640,"WP Aschersleben","Windenergie an Land",0,2000,NA
"1855","ABR987707405676","Windeinheit","SEE922598973132, SEE939305517893, SEE960099438040, SEE972835822730, SEE927121692788, SEE956108535206, SEE956528053397",7,22610,"Windpark Vörden","Windenergie an Land",0,2017,NA
"1856","ABR944776271939","Windeinheit","SEE937042309092, SEE932751497399, SEE911997272991, SEE952305301385, SEE935427385136",5,22540,"Zwei Gipfel III","Windenergie an Land",0,2025,NA
"1857","ABR925656843682","Windeinheit","SEE938220819587, SEE944531395061, SEE959195594415, SEE903364879612, SEE942061286088, SEE983954414591, SEE937995699639, SEE990700062609, SEE926723977651, SEE983044520010, SEE943229572067, SEE919626737125, SEE966557058072, SEE950087234884, SEE933499951051",15,22500,"EREM European Renewable Energy Management GmbH ＆ Co. 3. German Wind KG","Windenergie an Land",0,2001,NA
"1858","ABR930671621429","Windeinheit","SEE963352040998, SEE955550788598, SEE928963840405, SEE995038517449, SEE961662214634, SEE994858998759, SEE997055551277, SEE916696969951, SEE943577935910, SEE986487270320, SEE952217478502, SEE992988728208, SEE943661869497, SEE954195622151, SEE930480994646",15,22500,"ERG Wind MEG 1 LLP","Windenergie an Land",0,2003,NA
"1859","ABR908548153281","Windeinheit","SEE914905082651, SEE975424487570, SEE996077750149, SEE925109768296, SEE961140099258, SEE932127458955",6,22500,"GLS Windpark Willebadessen","Windenergie an Land",0,2022,NA
"1860","ABR922147321766","Windeinheit","SEE997948494285, SEE964330013805, SEE960479195495, SEE919915846118, SEE979010622369, SEE973126516581, SEE992455609405, SEE909720808449, SEE984183783557",9,22500,"NxW Spremberg GmbH ＆ Co. KG","Windenergie an Land",0,2009,NA
"1861","ABR972531493418","Windeinheit","SEE989818639018, SEE905282291040, SEE983524719361, SEE988269696649, SEE912868839060, SEE954530551979, SEE997631029299, SEE995340013028, SEE917204168620, SEE990655475943, SEE990266478760, SEE964303676891, SEE919751071477, SEE950170421580, SEE945922529775",15,22500,"Silmersdorf","Windenergie an Land",0,2005,NA
"1862","ABR909054335185","Windeinheit","SEE906571122830, SEE997338808913, SEE909059502957, SEE952127198583, SEE969944598342",5,22500,"Strotzbüsch","Windenergie an Land",0,2027,NA
"1863","ABR972045921582","Windeinheit","SEE951821143660, SEE948805629265, SEE969731227264, SEE965631741800, SEE978951415733",5,22500,"WP Heimbach-Vlatten","Windenergie an Land",0,2025,NA
"1864","ABR915861801041","Windeinheit","SEE968927268494, SEE992835740209, SEE928429643267, SEE957254360995, SEE979965722961, SEE984863930967, SEE921953061620, SEE972519052057, SEE968326661841, SEE982422361955, SEE934355728718, SEE926083167815, SEE933734556300, SEE946617402939, SEE941589356990",15,22500,"WP Moorhusen","Windenergie an Land",0,2001,NA
"1865","ABR995855144040","Windeinheit","SEE949670488957, SEE981568281318, SEE995329507104, SEE924823114945, SEE941504296356, SEE975914632633, SEE982323035160, SEE940438992952, SEE941843511455, SEE984724835509, SEE969177434905, SEE941706780264, SEE921886524339, SEE926734850509, SEE923101186544",15,22500,"Windpark Lüdersdorf-Parstein","Windenergie an Land",0,2003,NA
"1866","ABR999408386086","Windeinheit","SEE923187787123, SEE976544448236, SEE949512041289, SEE979205793980, SEE996164545481",5,22500,"Windpark Rollshausen","Windenergie an Land",0,2027,NA
"1867","ABR943212018992","Windeinheit","SEE987965114310, SEE972014138607, SEE954643898466, SEE941632795844, SEE922892909387",5,22500,"Windpark Wilhelmshöhe II","Windenergie an Land",0,2022,NA
"1868","ABR907074183557","Windeinheit","SEE931063404958, SEE954282409405, SEE959802952232, SEE988994137073",4,22400,"Arnsberg Wicheln Wennigloh","Windenergie an Land",0,2028,NA
"1869","ABR953947463202","Windeinheit","SEE907898526141, SEE915873813148, SEE965048655363, SEE944379661410",4,22400,"Biebelnheim-Gabsheim","Windenergie an Land",0,2023,NA
"1870","ABR910813560588","Windeinheit","SEE910779924301, SEE945774309761, SEE987934053831, SEE987452741579, SEE975501002399, SEE991112446414, SEE961142867190",7,22400,"FarveWind","Windenergie an Land",0,2022,NA
"1871","ABR928045809528","Windeinheit","SEE968092696405, SEE977237396360, SEE917219966907, SEE923619632922",4,22400,"Gescher TP Süd","Windenergie an Land",0,2021,NA
"1872","ABR951323139017","Windeinheit","SEE944109196984, SEE966440123696, SEE968080639933, SEE930476763775, SEE918448579555, SEE973734428061, SEE959927679854, SEE930393083703, SEE921508719297, SEE964446887161, SEE938612822423, SEE920978543098, SEE978327361701, SEE915383083789",14,22400,"Springberg","Windenergie an Land",0,2002,NA
"1873","ABR906592466708","Windeinheit","SEE905508828098, SEE910906949139, SEE951518673197, SEE901864877503, SEE968826540677, SEE988660186152, SEE902496419963, SEE922022427538, SEE971597364809, SEE939888806346",10,22400,"WP Kisselbach","Windenergie an Land",0,2006,NA
"1874","ABR928807051431","Windeinheit","SEE978376750617, SEE938268587295, SEE965148368811, SEE975711435864, SEE979962020459, SEE914318244516, SEE921709041326",7,22400,"Windpark Börger Ohe 2","Windenergie an Land",0,2017,NA
"1875","ABR986645205263","Windeinheit","SEE952558978334, SEE955150505397, SEE938015748283, SEE905045444737",4,22400,"Windpark Düsedau II","Windenergie an Land",0,2023,NA
"1876","ABR988857821316","Windeinheit","SEE937420250466, SEE949549606567, SEE982856126786, SEE971819315961, SEE919812991652, SEE936958277099, SEE956419009151, SEE923014477067",8,22380,"WP Hedwigenkoog","Windenergie an Land",0,2009,NA
"1877","ABR939061625269","Windeinheit","SEE973016599991, SEE954470729544, SEE944640270860, SEE928408172290, SEE976746576638",5,22360,"Gaugshausen","Windenergie an Land",0,2021,NA
"1878","ABR973009267456","Windeinheit","SEE932852692969, SEE950148863695, SEE965410643455, SEE956385594880, SEE935406927760",5,22310,"WEA 01","Windenergie an Land",0,1992,NA
"1879","ABR985313994911","Windeinheit","SEE919446188800, SEE941796338260, SEE958384584022, SEE919031034680",4,22240,"Bürger-Wind Jesenwang","Windenergie an Land",0,2028,NA
"1880","ABR950065355860","Windeinheit","SEE933444258778, SEE940369636093, SEE988376717022, SEE919352479146",4,22240,"Cheine","Windenergie an Land",0,2026,NA
"1881","ABR935346105365","Windeinheit","SEE997553726092, SEE951071348921, SEE946089807041, SEE952853296720",4,22240,"Groß Rietz II","Windenergie an Land",0,2027,NA
"1882","ABR919179295516","Windeinheit","SEE984408223431, SEE992412538229, SEE948437251087, SEE935876185899",4,22240,"Homberg Efze","Windenergie an Land",0,2026,NA
"1883","ABR901542037649","Windeinheit","SEE984426097328, SEE916659584221, SEE953111487898, SEE969140606278",4,22240,"Issum Repowering","Windenergie an Land",0,2024,NA
"1884","ABR927397646904","Windeinheit","SEE910840833532, SEE970823081855, SEE947387704278, SEE921398707947",4,22240,"Neuenkirchen-Vörden","Windenergie an Land",0,2027,NA
"1885","ABR977246819416","Windeinheit","SEE954706116117, SEE969253502184, SEE919673349715, SEE901906047994",4,22240,"Steinert","Windenergie an Land",0,2026,NA
"1886","ABR988396889457","Windeinheit","SEE906423784032, SEE934097791391, SEE925862896823, SEE984424306262",4,22240,"WP Erw. FHH","Windenergie an Land",0,2026,NA
"1887","ABR957301131660","Windeinheit","SEE991003107165, SEE924310371240, SEE963024883984, SEE968003070737",4,22240,"WP Gaishecke II","Windenergie an Land",0,2026,NA
"1888","ABR957301131660","Windeinheit","SEE924401845049, SEE964769476066, SEE926090628903, SEE953783680832",4,22240,"WP Sömmerda","Windenergie an Land",0,2026,NA
"1889","ABR991034584218","Windeinheit","SEE967754076227, SEE970042349491, SEE970006751377, SEE976014850149",4,22240,"Windpark Bühlerzell","Windenergie an Land",0,2027,NA
"1890","ABR980338773312","Windeinheit","SEE904704683401, SEE990357990812, SEE998741176163, SEE998666091343, SEE956331261286, SEE979917936248, SEE973763066067, SEE994298321476",8,22240,"Windpark Gadegast GmbH ＆ Co. KG","Windenergie an Land",0,2016,NA
"1891","ABR918186945841","Windeinheit","SEE984285284013, SEE994118147101, SEE977187013867, SEE962031570597",4,22240,"Windpark Lichteberg","Windenergie an Land",0,2027,NA
"1892","ABR936659409430","Windeinheit","SEE909947149325, SEE985484468211, SEE973098564368, SEE982545808764",4,22240,"Windpark Repowering Börger/Breddenberg","Windenergie an Land",0,2025,NA
"1893","ABR933781817737","Windeinheit","SEE922940616045, SEE981122672927, SEE992927312277, SEE963747165114",4,22240,"Windpark Sassenberg-Gröblingen","Windenergie an Land",0,2027,NA
"1894","ABR929346409035","Windeinheit","SEE917029416722, SEE906100450120, SEE980070322748, SEE955176114917",4,22240,"Windpark Seske","Windenergie an Land",0,2025,NA
"1895","ABR918571191037","Windeinheit","SEE998522554180, SEE904747700417, SEE971856756789, SEE956699279701",4,22240,"Windpark Siegen-Kreuzeiche","Windenergie an Land",0,2027,NA
"1896","ABR907203708323","Windeinheit","SEE983599696956, SEE942309429550, SEE940751737322, SEE936033689137",4,22240,"Windpark Stocksol","Windenergie an Land",0,2028,NA
"1897","ABR963894595499","Windeinheit","SEE954200300937, SEE974013218656, SEE961634970490, SEE996010997440",4,22240,"Windpark Waldgenossenschaft Antfeld","Windenergie an Land",0,2028,NA
"1898","ABR958082265209","Windeinheit","SEE989941013884, SEE945608429450, SEE940551096551, SEE910621658842",4,22240,"Windpark am Seibertswald","Windenergie an Land",0,2027,NA
"1899","ABR974486766579","Windeinheit","SEE970830062755, SEE960947943054, SEE964662299687, SEE947852361760",4,22240,"Wolpertswende","Windenergie an Land",0,2026,NA
"1900","ABR985055030816","Windeinheit","SEE974228191140, SEE986234482617, SEE962479931707, SEE987979682973, SEE994273533429, SEE905093803531, SEE932952904016, SEE928786779951, SEE901061325128, SEE953599126296, SEE924910788615",11,22200,"Remlingen II","Windenergie an Land",0,2000,NA
"1901","ABR979577285380","Windeinheit","SEE948859983894, SEE913435043170, SEE941711190188, SEE989105700896, SEE988605233842, SEE993963216970, SEE923377847798, SEE931983364523, SEE976776677787, SEE957829657994, SEE900010115506",11,22200,"Windpark Bockelwitz","Windenergie an Land",0,1998,NA
"1902","ABR940260328585","Windeinheit","SEE939746724423, SEE928357493071, SEE912462494269, SEE965731310883, SEE997809847151, SEE959921692941, SEE932806492263",7,22190,"Barlt Ost BWP","Windenergie an Land",0,2015,NA
"1903","ABR917036569480","Windeinheit","SEE980932530823, SEE908866089576, SEE931540375900, SEE914903533926, SEE966966555704, SEE940675936948, SEE957180375452",7,22190,"Hohen Luckow Erweiterung","Windenergie an Land",0,2015,NA
"1904","ABR927972817132","Windeinheit","SEE956401824243, SEE988198742264, SEE928420350270, SEE985167897581, SEE914079037228, SEE981535509421, SEE926451847592",7,22190,"Windpark Nortorf West","Windenergie an Land",0,2014,NA
"1905","ABR942270247931","Windeinheit","SEE996605156801, SEE901877999087, SEE972780411041, SEE912604451457, SEE961140638839, SEE971574326387, SEE930386763926, SEE975837346600, SEE911887963398",9,22140,"Windpark Wettesingen","Windenergie an Land",0,1996,NA
"1906","ABR904636979764","Windeinheit","SEE945568747601, SEE913351371173, SEE949569200486, SEE999375162331, SEE993590134531, SEE913787309993, SEE984662242841, SEE929149799616, SEE985024468299, SEE955614949156, SEE938973902772, SEE976128937620",12,22100,"Bertkow","Windenergie an Land",0,2001,NA
"1907","ABR918813449834","Windeinheit","SEE929461285187, SEE946128862437, SEE912627304723, SEE964409340849, SEE937534795563, SEE958881333147, SEE956503397539, SEE958686574769, SEE914266812560, SEE985165332800, SEE952718479114, SEE998400686996, SEE902809679763, SEE999047996349, SEE983358417440, SEE941736144777, SEE982347183816",17,22100,"Windpark Ihlewitz GmbH ＆ Co. KG","Windenergie an Land",0,1999,NA
"1908","ABR904674920995","Windeinheit","SEE921536404738, SEE937488712289, SEE930214455054, SEE942733127756",4,22000,"Bard Offshore 1 - C10 - 51573657604","Windenergie auf See",0,2011,NA
"1909","ABR904674920995","Windeinheit","SEE971640690480, SEE989763838757, SEE919458909523, SEE929380859681",4,22000,"Bard Offshore 1 - C11 - 51573657620","Windenergie auf See",0,2011,NA
"1910","ABR904674920995","Windeinheit","SEE996121119236, SEE902245452197, SEE964877916591, SEE907530298689",4,22000,"Bard Offshore 1 - C7 - 51573657571","Windenergie auf See",0,2012,NA
"1911","ABR904674920995","Windeinheit","SEE944919853275, SEE992516223724, SEE976097371654, SEE911053738867",4,22000,"Bard Offshore 1 - C8 - 51573657589","Windenergie auf See",0,2012,NA
"1912","ABR917726513632","Windeinheit","SEE961700942000, SEE963443523997, SEE971490435934, SEE913082812181, SEE945635885670, SEE925354801021, SEE901042258292, SEE921517301544, SEE926867419505, SEE989543366272, SEE973583971367",11,22000,"Dargelütz","Windenergie an Land",0,2006,NA
"1913","ABR928298152822","Windeinheit","SEE971807832593, SEE915776331770, SEE931406411902, SEE981059604299",4,22000,"Ehringen","Windenergie an Land",0,2026,NA
"1914","ABR992858637555","Windeinheit","SEE984907977927, SEE926714611427, SEE955231746169, SEE968146427696",4,22000,"Flinten","Windenergie an Land",0,2024,NA
"1915","ABR923142026540","Windeinheit","SEE915905380655, SEE928877464414, SEE924442999008, SEE959790248409, SEE943713456378, SEE905427055414, SEE902276672069, SEE963923425766, SEE934623949326, SEE941842303457, SEE950864132686",11,22000,"Gommern","Windenergie an Land",0,2008,NA
"1916","ABR915264497476","Windeinheit","SEE989593160066, SEE953631930218, SEE939600760666, SEE958188600195",4,22000,"Große Heide","Windenergie an Land",0,2025,NA
"1917","ABR963454041237","Windeinheit","SEE948664202067, SEE998143207977, SEE913302527956, SEE928722464484",4,22000,"Haseloff","Windenergie an Land",0,2027,NA
"1918","ABR990087272745","Windeinheit","SEE918780184486, SEE933223948715, SEE988253203945, SEE934743385059, SEE948473208014, SEE902575107316, SEE961652470453, SEE917472541644, SEE910172463964, SEE960167050242, SEE911870668392",11,22000,"Karstädt 2","Windenergie an Land",0,2007,NA
"1919","ABR927351101647","Windeinheit","SEE998920026487, SEE952825629600, SEE961384602948, SEE908864766288",4,22000,"Müssingen","Windenergie an Land",0,2024,NA
"1920","ABR964113303512","Windeinheit","SEE983235389822, SEE973196530975, SEE959812843735, SEE962997877129, SEE904713719511, SEE977113218243, SEE945180210064, SEE979168794031, SEE962584041841, SEE931364273376",10,22000,"Neutz","Windenergie an Land",0,2012,NA
"1921","ABR917059934043","Windeinheit","SEE954797137671, SEE996866795054, SEE991276972590, SEE906949095025",4,22000,"Premslin-Schönfeld","Windenergie an Land",0,2023,NA
"1922","ABR912499302384","Windeinheit","SEE974888390891, SEE930195823156, SEE910570231165, SEE955384066244",4,22000,"RI Ringgau","Windenergie an Land",0,2027,NA
"1923","ABR911559623568","Windeinheit","SEE987154977122, SEE969617707163, SEE981419144045, SEE953075883576",4,22000,"Rosenthal - Erweiterung","Windenergie an Land",0,2028,NA
"1924","ABR954383383727","Windeinheit","SEE921670221802, SEE958778945323, SEE968464602515, SEE941600210102, SEE901065965115, SEE964060394120, SEE986820087868, SEE915592663475, SEE912806913685, SEE977042417540, SEE953396374388",11,22000,"WP Falkenthal","Windenergie an Land",0,2004,NA
"1925","ABR961641197811","Windeinheit","SEE905867504404, SEE938001152315, SEE986332690662, SEE919558744314, SEE901465288838, SEE920556671144, SEE916211914190, SEE991248462661, SEE900115646882, SEE955804703322, SEE974324454552",11,22000,"WP Golzow","Windenergie an Land",0,2008,NA
"1926","ABR923644060912","Windeinheit","SEE906978760482, SEE953392967591, SEE910759797291, SEE908455592951, SEE973612334361, SEE968258840437, SEE903330122070, SEE946873531695, SEE933871857070, SEE959241079682, SEE974083396469",11,22000,"WP Großenehrich","Windenergie an Land",0,2004,NA
"1927","ABR906592466708","Windeinheit","SEE978555327968, SEE907083410910, SEE972490037005, SEE900195207904, SEE957637464159, SEE968626574285, SEE962493529126, SEE903386805552, SEE910614000436, SEE994707216782, SEE908637560204",11,22000,"WP Hartenfelser Kopf","Windenergie an Land",0,2006,NA
"1928","ABR919658325963","Windeinheit","SEE949330566735, SEE989969356611, SEE992085881936, SEE955210669687, SEE945851134835, SEE969401321179, SEE910619378141, SEE933538602074, SEE987843643246, SEE924002627976, SEE941645016479, SEE949779376377",12,22000,"WP Kemnitz","Windenergie an Land",0,2001,NA
"1929","ABR954917549407","Windeinheit","SEE993838781053, SEE993641838982, SEE943639174516, SEE911157417361",4,22000,"WP Kuhstedt II","Windenergie an Land",0,2022,NA
"1930","ABR904892841911","Windeinheit","SEE987590368454, SEE980096935564, SEE967165567994, SEE955531676944, SEE931840122129, SEE936926193871, SEE942059761320, SEE928396313507, SEE915498652023, SEE948293155482, SEE961179898938",11,22000,"WP Mistorf/ Groß Schwiesow","Windenergie an Land",0,2001,NA
"1931","ABR912027558177","Windeinheit","SEE905895691480, SEE935922887272, SEE942736749924, SEE947591694617",4,22000,"WP Viersen Boisheimer Nette","Windenergie an Land",0,2024,NA
"1932","ABR962375971197","Windeinheit","SEE998054410558, SEE925884105163, SEE967205215120, SEE900939260219",4,22000,"WP Zschornewitz","Windenergie an Land",0,2025,NA
"1933","ABR997543679766","Windeinheit","SEE914300464625, SEE954286083229, SEE984343057436, SEE997454274562, SEE923428652425, SEE902638387785, SEE918224194408, SEE986779435970, SEE903291533854, SEE931665072531, SEE913648711095",11,22000,"Windpark Briesensee GmbH","Windenergie an Land",0,2009,NA
"1934","ABR985350677570","Windeinheit","SEE924486598953, SEE928197939388, SEE979226690671, SEE934768722921, SEE957931610962, SEE983833719472, SEE927414537536, SEE901754820695, SEE913969955710, SEE926749587582, SEE958426475523, SEE974050697568, SEE902341940710, SEE946254473231",14,22000,"Windpark Hollich","Windenergie an Land",0,2001,NA
"1935","ABR996419910842","Windeinheit","SEE903308334863, SEE977633440933, SEE980611698189, SEE971137864318",4,22000,"Windpark Klein Süstedt","Windenergie an Land",0,2025,NA
"1936","ABR946525050666","Windeinheit","SEE922186486587, SEE967631317245, SEE951203193535, SEE989096479764",4,22000,"Windpark Linnich","Windenergie an Land",0,2019,NA
"1937","ABR942536047244","Windeinheit","SEE902132723218, SEE922411163153, SEE915327261174, SEE970686952231, SEE973527707113, SEE994547937892, SEE991418465737, SEE902941736171, SEE913659595509, SEE990494922448, SEE934461145102",11,22000,"Windpark Möbisburg GmbH ＆ Co. KG","Windenergie an Land",0,2005,NA
"1938","ABR947959270613","Windeinheit","SEE945151484609, SEE994023867651, SEE924193441863, SEE951057869129",4,22000,"Windpark Pellingen","Windenergie an Land",0,2021,NA
"1939","ABR905881148516","Windeinheit","SEE929980666283, SEE977457775204, SEE912613633103, SEE937995571256, SEE954683778025, SEE972262339559, SEE966960446619, SEE973016797076, SEE932591353428, SEE985637217956, SEE955983002254",11,22000,"Windpark Redekin-Genthin GmbH ＆ Co. KG","Windenergie an Land",0,2009,NA
"1940","ABR998393214220","Windeinheit","SEE923671635992, SEE923185936295, SEE906325198685, SEE937049539744, SEE929766937743, SEE979588847652, SEE983685658806, SEE980317124371, SEE980140988171, SEE934916931311, SEE999484383801",11,22000,"Windpark Schönwalde GmbH ＆ Co. KG","Windenergie an Land",0,2007,NA
"1941","ABR922386489920","Windeinheit","SEE993125651748, SEE964899596641, SEE920422975413, SEE961063858864, SEE986330290895, SEE979554224449, SEE924412044455",7,22000,"Zettingen","Windenergie an Land",0,2009,NA
"1942","ABR912499302384","Windeinheit","SEE956824942760, SEE945098429831, SEE932243812921, SEE968425665597, SEE943552397719",5,21900,"EC Eichenkamp","Windenergie an Land",0,2028,NA
"1943","ABR949920364888","Windeinheit","SEE936593760987, SEE969231884578, SEE912273311731, SEE944578975400",4,21900,"Owschlag","Windenergie an Land",0,2026,NA
"1944","ABR983345742463","Windeinheit","SEE923888386533, SEE916374046943, SEE906128616751, SEE986377935957",4,21900,"Windpark Hesselertal GmbH ＆ Co. KG","Windenergie an Land",0,2026,NA
"1945","ABR919688739471","Windeinheit","SEE972196120483, SEE905076327832, SEE901425307449",3,21600,"ABO Energy WP Külsheim","Windenergie an Land",0,2027,NA
"1946","ABR918582642863","Windeinheit","SEE943949761086, SEE985357464173, SEE974601256589",3,21600,"Ankum - Menkenheide","Windenergie an Land",0,2028,NA
"1947","ABR936028340852","Windeinheit","SEE960031092088, SEE913446498976, SEE978374545871",3,21600,"Atzendorf III","Windenergie an Land",0,2028,NA
"1948","ABR914722150755","Windeinheit","SEE980053404829, SEE974340946727, SEE941095892234",3,21600,"Borken Deepschlatt","Windenergie an Land",0,2028,NA
"1949","ABR938644745448","Windeinheit","SEE974875228572, SEE958595930564, SEE921145231626",3,21600,"Dense I","Windenergie an Land",0,2027,NA
"1950","ABR938644745448","Windeinheit","SEE972022051813, SEE903896161360, SEE977019739576",3,21600,"Dense II","Windenergie an Land",0,2027,NA
"1951","ABR944771558806","Windeinheit","SEE931387335952, SEE981569224581, SEE963782200825",3,21600,"Dorenfeld Wind","Windenergie an Land",0,2027,NA
"1952","ABR961445761652","Windeinheit","SEE913534645282, SEE941668956066, SEE979930304079",3,21600,"Energiepark Beckum","Windenergie an Land",0,2027,NA
"1953","ABR953730041877","Windeinheit","SEE912416171048, SEE922560026538, SEE908809075857",3,21600,"Gettruper Wind","Windenergie an Land",0,2027,NA
"1954","ABR925200976859","Windeinheit","SEE903386172470, SEE992758509518, SEE978710821805",3,21600,"Grüppenbühren Repowering","Windenergie an Land",0,2028,NA
"1955","ABR941190092140","Windeinheit","SEE990279323569, SEE924015763562, SEE968922410096",3,21600,"Haunetal-Dörnerbusch","Windenergie an Land",0,2029,NA
"1956","ABR970925641414","Windeinheit","SEE934666810584, SEE960786991216, SEE919822301717",3,21600,"Hoddenberg GmbH","Windenergie an Land",0,2026,NA
"1957","ABR997993534745","Windeinheit","SEE943558003133, SEE928133581206, SEE910255042093",3,21600,"Hundsbacher Höhe","Windenergie an Land",0,2026,NA
"1958","ABR918582642863","Windeinheit","SEE915667200833, SEE986345841457, SEE933370474853",3,21600,"Im Mersch","Windenergie an Land",0,2028,NA
"1959","ABR941190092140","Windeinheit","SEE945521475626, SEE928275710434, SEE914631355159",3,21600,"Kirchbrombach","Windenergie an Land",0,2027,NA
"1960","ABR995813927234","Windeinheit","SEE959173613794, SEE942108450700, SEE962280166954",3,21600,"Lautertal Repowering","Windenergie an Land",0,2026,NA
"1961","ABR912499302384","Windeinheit","SEE931847127660, SEE977077939567, SEE975726231048",3,21600,"NM Nordwestmecklenburg","Windenergie an Land",0,2027,NA
"1962","ABR928721074936","Windeinheit","SEE953642192841, SEE911094176147, SEE920385791297",3,21600,"Oelde Wibberich","Windenergie an Land",0,2027,NA
"1963","ABR938204541503","Windeinheit","SEE975719096098, SEE955770845149, SEE972784627561",3,21600,"Schalkstetten Repowering","Windenergie an Land",0,2026,NA
"1964","ABR919647983075","Windeinheit","SEE968283345358, SEE964712172496, SEE986470330697",3,21600,"Sembten III","Windenergie an Land",0,2026,NA
"1965","ABR922665660293","Windeinheit","SEE903152898689, SEE997475331053, SEE939506933492",3,21600,"Sendenhorst Elmenhorst","Windenergie an Land",0,2026,NA
"1966","ABR965577456684","Windeinheit","SEE904118343984, SEE974313203253, SEE986910707683",3,21600,"VSB Windpark Löberitz Nord-Ost","Windenergie an Land",0,2027,NA
"1967","ABR952992066000","Windeinheit","SEE963800319607, SEE943316499512, SEE941165439024",3,21600,"VSB Windpark Pfaffenhausen GmbH ＆ Co. KG","Windenergie an Land",0,2027,NA
"1968","ABR994714848938","Windeinheit","SEE916162423260, SEE980476145323, SEE909161437574, SEE907823804047, SEE963174818638, SEE939671342747, SEE936019597111, SEE966376252682, SEE968043444499",9,21600,"WP Alsfeld","Windenergie an Land",0,2016,NA
"1969","ABR919574103430","Windeinheit","SEE907999564516, SEE996346365531, SEE973671800883",3,21600,"WP Am Heilborn","Windenergie an Land",0,2027,NA
"1970","ABR934115143621","Windeinheit","SEE902763327267, SEE927845280261, SEE946095191578, SEE999271446108, SEE952740514630, SEE938583122362",6,21600,"WP Arzfeld-Ost","Windenergie an Land",0,2019,NA
"1971","ABR965463074305","Windeinheit","SEE970824885261, SEE954672202425, SEE910795074578, SEE918667992517, SEE978359275175, SEE925301590923, SEE995307280661, SEE940069753984, SEE972028100768, SEE980749981962, SEE994697188373, SEE944547863301",12,21600,"WP Büttstedt","Windenergie an Land",0,2003,NA
"1972","ABR915001810971","Windeinheit","SEE947975982231, SEE994489639670, SEE968088653702, SEE920150068746, SEE938399067871, SEE946206606199",6,21600,"WP Gerdau Repowering","Windenergie an Land",0,2018,NA
"1973","ABR986645205263","Windeinheit","SEE933605188272, SEE974659644192, SEE964247645984",3,21600,"WP Hohenzethen","Windenergie an Land",0,2029,NA
"1974","ABR999925770641","Windeinheit","SEE932318414500, SEE942880776272, SEE915196877476",3,21600,"WP Homberg II","Windenergie an Land",0,2028,NA
"1975","ABR957301131660","Windeinheit","SEE913386048873, SEE931029275639, SEE978855272517",3,21600,"WP Pfullendorf-Malaien","Windenergie an Land",0,2028,NA
"1976","ABR949205937202","Windeinheit","SEE943885645228, SEE900793325666, SEE986740113586, SEE904707928806, SEE966045592491, SEE926415316843",6,21600,"WP Wörbzig Repowering I","Windenergie an Land",0,2019,NA
"1977","ABR923328610433","Windeinheit","SEE958439464101, SEE958111922868, SEE904763163043, SEE959827352314, SEE908878008619, SEE961561175999, SEE947365309587, SEE961633067238, SEE926355829991, SEE981757743856, SEE938182277272, SEE957151844550",12,21600,"WT Bürgerwindpark Twist","Windenergie an Land",0,2004,NA
"1978","ABR941618547160","Windeinheit","SEE955753669045, SEE965213824952, SEE902643912897",3,21600,"Warendorf Freckenhorst Walgern","Windenergie an Land",0,2028,NA
"1979","ABR949562887110","Windeinheit","SEE997257525120, SEE932348455993, SEE972563326296",3,21600,"Weesow-Schönfeld","Windenergie an Land",0,2027,NA
"1980","ABR925201181559","Windeinheit","SEE925635930174, SEE975940348973, SEE908548314941",3,21600,"Wind Waizenbach","Windenergie an Land",0,2027,NA
"1981","ABR957301131660","Windeinheit","SEE966191600071, SEE942630415512, SEE982778751417",3,21600,"Windpark Alttann GmbH ＆ Co. KG","Windenergie an Land",0,2028,NA
"1982","ABR946530241639","Windeinheit","SEE935762508504, SEE976877615398, SEE932578303132",3,21600,"Windpark Bockenem II","Windenergie an Land",0,2029,NA
"1983","ABR928567608968","Windeinheit","SEE925594413527, SEE964637926594, SEE914337741362",3,21600,"Windpark Burbach - Wilnsdorf I","Windenergie an Land",0,2029,NA
"1984","ABR970521323479","Windeinheit","SEE929990818979, SEE973631772137, SEE946263772615",3,21600,"Windpark Buttenheim","Windenergie an Land",0,2026,NA
"1985","ABR933147218307","Windeinheit","SEE966523087976, SEE964420568086, SEE980169051788",3,21600,"Windpark Dailer und Peters Moor","Windenergie an Land",0,2028,NA
"1986","ABR950945359346","Windeinheit","SEE920816173838, SEE985006638009, SEE904422331417, SEE921975410642",4,21600,"Windpark Dörrwalde-Allmosen","Windenergie an Land",0,2022,NA
"1987","ABR949028204376","Windeinheit","SEE916943490764, SEE955884629529, SEE921809389151",3,21600,"Windpark Entrup-Sommersell (Nieheim)","Windenergie an Land",0,2027,NA
"1988","ABR940659946444","Windeinheit","SEE907462005508, SEE917123022393, SEE921980270941, SEE923199155880, SEE929572606024, SEE916200538826",6,21600,"Windpark Erftstadt-Erp","Windenergie an Land",0,2024,NA
"1989","ABR956216717358","Windeinheit","SEE995142652708, SEE941460141295, SEE988336427183",3,21600,"Windpark Keferloh","Windenergie an Land",0,2027,NA
"1990","ABR916992935926","Windeinheit","SEE912918348849, SEE901559272279, SEE941050888494",3,21600,"Windpark Kühlsen I","Windenergie an Land",0,2028,NA
"1991","ABR968078363222","Windeinheit","SEE946132616651, SEE979657400887, SEE911046721272",3,21600,"Windpark Marienmünster-Bredenborn","Windenergie an Land",0,2027,NA
"1992","ABR942171132572","Windeinheit","SEE911259388163, SEE933292153461, SEE959843189833",3,21600,"Windpark Nidda Harbwald","Windenergie an Land",0,2028,NA
"1993","ABR988911607313","Windeinheit","SEE965106646258, SEE955521878440, SEE950233151997, SEE952710494641, SEE972508002407, SEE907851137384",6,21600,"Windpark Pferdsfeld GmbH ＆ Co. KG","Windenergie an Land",0,2023,NA
"1994","ABR978638749915","Windeinheit","SEE931756531725, SEE939484864368, SEE933212856038",3,21600,"Windpark Remlingen III Rep. 1. BA","Windenergie an Land",0,2027,NA
"1995","ABR941190092140","Windeinheit","SEE911770331273, SEE998186508352, SEE901712170282",3,21600,"Windpark Schweinschied","Windenergie an Land",0,2028,NA
"1996","ABR910170113816","Windeinheit","SEE967686694414, SEE936438285750, SEE911740317993",3,21600,"Windpark Sien II GmbH ＆ Co. KG","Windenergie an Land",0,2027,NA
"1997","ABR954693416726","Windeinheit","SEE939171146197, SEE922855590843, SEE955186626868",3,21600,"Windpark Steinheim-Rolfzen","Windenergie an Land",0,2027,NA
"1998","ABR975325753170","Windeinheit","SEE981556116448, SEE965124235243, SEE996152635552",3,21600,"Windpark Tempelfelde II","Windenergie an Land",0,2028,NA
"1999","ABR931819526170","Windeinheit","SEE993178923540, SEE904719671981, SEE991009756824",3,21600,"Windpark Theilheim","Windenergie an Land",0,2027,NA
"2000","ABR958763026891","Windeinheit","SEE976549440921, SEE947159266447, SEE919615738157, SEE973023609515",4,21600,"Windpark Weede","Windenergie an Land",0,2027,NA
"2001","ABR941490677665","Windeinheit","SEE986429628936, SEE901850587461, SEE970948501986",3,21600,"Windpark Weisendorf","Windenergie an Land",0,2026,NA
"2002","ABR974517239485","Windeinheit","SEE937335730411, SEE997373946854, SEE924459412118, SEE991769429372, SEE948002331480, SEE974014080023, SEE908282169715",7,21525,"MOSELA ZWEITE KG","Windenergie an Land",0,2014,NA
"2003","ABR956144140969","Windeinheit","SEE955087697172, SEE938057783112, SEE960355308995, SEE977162637439, SEE993512649815, SEE941324392634, SEE914956157926",7,21525,"Wind Energie Calau GmbH ＆ Co KG","Windenergie an Land",0,2012,NA
"2004","ABR922009163640","Windeinheit","SEE923851712024, SEE913163254596, SEE986236944113, SEE944542805412, SEE950646878306, SEE941827214686, SEE998067425334",7,21525,"Windpark Söhrewald/Niestetal","Windenergie an Land",0,2013,NA
"2005","ABR968080212846","Windeinheit","SEE911458212801, SEE937704602448, SEE956026297163, SEE925839366571, SEE950007062115, SEE989019662372, SEE990176473350, SEE921675392521",8,21510,"WP Titting","Windenergie an Land",0,2015,NA
"2006","ABR933268725296","Windeinheit","SEE953751102014, SEE961455862875, SEE922027762009, SEE990747768212, SEE907465198078, SEE934813842383, SEE929202668804, SEE939634359591, SEE921109027135, SEE927682783673, SEE939953525158, SEE981082611530, SEE917778071395, SEE944207534350",14,21500,"Windpark Uhrsleben","Windenergie an Land",0,1997,NA
"2007","ABR950855209229","Windeinheit","SEE964156643989, SEE923406314277, SEE984788747916, SEE905151291485, SEE955899218947, SEE953372692390, SEE954568770632, SEE995627794398",8,21400,"WP Bawöste","Windenergie an Land",0,2011,NA
"2008","ABR996413309383","Windeinheit","SEE904113038526, SEE944323793518, SEE946075675920, SEE922248077760, SEE933448752302, SEE954590843182, SEE916618404423, SEE996240747334, SEE991709867769",9,21400,"Windpark Pirow/Berge","Windenergie an Land",0,2009,NA
"2009","ABR949460181082","Windeinheit","SEE997493704471, SEE974159515169, SEE971591398435, SEE931350918083",4,21380,"Haaren Leiberg Erweiterung","Windenergie an Land",0,2030,NA
"2010","ABR918319270345","Windeinheit","SEE911341319280, SEE939874551724, SEE925939421873, SEE987299116738, SEE995131970684, SEE918191619287, SEE933721128763",7,21350,"CEE Windpark Coppenbrügge","Windenergie an Land",0,2015,NA
"2011","ABR970221746509","Windeinheit","SEE946663706685, SEE990169642466, SEE956189298298, SEE977296531894, SEE976011795184, SEE935276919506, SEE946449672906",7,21350,"Heringen-Waltersberg","Windenergie an Land",0,2021,NA
"2012","ABR991034293844","Windeinheit","SEE960128164667, SEE913121380596, SEE987662341453, SEE904461185859, SEE951005131575, SEE957866651795, SEE913279829015",7,21350,"Niederwerbig","Windenergie an Land",0,2021,NA
"2013","ABR908898205883","Windeinheit","SEE905511017205, SEE964729788130, SEE921725607469, SEE976351774238, SEE941717472615, SEE939287810944, SEE967916943695",7,21350,"Seefeld-Gokels","Windenergie an Land",0,2016,NA
"2014","ABR997596827763","Windeinheit","SEE926510610556, SEE981471457046, SEE952482003386, SEE952607890600, SEE973970954973, SEE978647238714, SEE977148478582",7,21350,"WP Alt Bennebek","Windenergie an Land",0,2015,NA
"2015","ABR926660027501","Windeinheit","SEE901818871984, SEE905513653425, SEE958761125831, SEE967250876659, SEE942222794582, SEE940391347059, SEE941591590306",7,21350,"WP Hambergen","Windenergie an Land",0,2016,NA
"2016","ABR977332111967","Windeinheit","SEE974523059206, SEE954206818818, SEE980233414976, SEE948197862011, SEE908202373352, SEE999836303143, SEE944272762313",7,21350,"Windpark AbensBlersum GmbH ＆ Co. KG","Windenergie an Land",0,2015,NA
"2017","ABR959222682795","Windeinheit","SEE944908387835, SEE929265431629, SEE977947836446, SEE924678633615, SEE972222123464, SEE979711070889, SEE960888340172",7,21350,"Windpark Köhlen","Windenergie an Land",0,2016,NA
"2018","ABR981032906532","Windeinheit","SEE904586131175, SEE924876512699, SEE907231242653, SEE977204982909, SEE978873185400, SEE938667928354, SEE913841073273",7,21350,"Windpark Lahn-Dill-Bergland-Mitte","Windenergie an Land",0,2015,NA
"2019","ABR918119773428","Windeinheit","SEE968277501340, SEE999532545564, SEE918385009917, SEE997508506076, SEE994957310926, SEE934493644291, SEE934483634332",7,21350,"Windpark Mittleres Mecklenburg GmbH ＆ Co. KG","Windenergie an Land",0,2013,NA
"2020","ABR905108991345","Windeinheit","SEE900136703434, SEE975697581166, SEE901334759223, SEE917388088110, SEE978484688574, SEE980335363189, SEE921751267965",7,21350,"Windpool Saerbeck GmbH ＆ Co. KG","Windenergie an Land",0,2013,NA
"2021","ABR985094364668","Windeinheit","SEE915137253284, SEE915166121707, SEE990735044861, SEE980742951511, SEE947320868562, SEE949512731081, SEE959859519884",7,21300,"WP Walsleben-Goldbeck","Windenergie an Land",0,2014,NA
"2022","ABR985668909516","Windeinheit","SEE950037077073, SEE987562547825, SEE903845364712, SEE928203986009",4,21300,"Windpark Karolinenkoog","Windenergie an Land",0,2023,NA
"2023","ABR926772083495","Windeinheit","SEE933497074578, SEE968033645172, SEE913791778068, SEE979280006890, SEE942679286067, SEE932081749991, SEE938918704126, SEE962363375402, SEE944618805124, SEE988343006159, SEE904468093560, SEE995959865230, SEE960620211333",13,21200,"WP Gremersdorf","Windenergie an Land",0,2000,NA
"2024","ABR927076762116","Windeinheit","SEE980425438667, SEE973969528604, SEE906993956044",3,21200,"WP Möhnesee","Windenergie an Land",0,2027,NA
"2025","ABR930508516676","Windeinheit","SEE994085699856, SEE948022319208, SEE956212762963, SEE919923544457",4,21200,"Windpark Zeitz","Windenergie an Land",0,2026,NA
"2026","ABR997759970381","Windeinheit","SEE906299104408, SEE962539476650, SEE972505236720, SEE979758678383, SEE935366039565",5,21160,"Windpark Kuhschnappel","Windenergie an Land",0,2022,NA
"2027","ABR988613830774","Windeinheit","SEE963906384738, SEE945626777144, SEE991335927189",3,21000,"ABO Wind WP Ortenberg","Windenergie an Land",0,2026,NA
"2028","ABR985058661918","Windeinheit","SEE917881068473, SEE941356971159, SEE914825886667, SEE990192144166, SEE924659942682, SEE948172473157, SEE903514638328",7,21000,"BWP Holzacker-Knorburg","Windenergie an Land",0,2014,NA
"2029","ABR909054335185","Windeinheit","SEE948587510393, SEE915553031381, SEE961798789235, SEE999477608461, SEE905070436448, SEE914810295634, SEE959650446341, SEE999564312042",8,21000,"Beuernfeld","Windenergie an Land",0,2012,NA
"2030","ABR989393706204","Windeinheit","SEE912833037965, SEE975536275393, SEE965136455318, SEE929952126548, SEE916646606325, SEE951002183904, SEE916986823772, SEE904952113965, SEE920802682696, SEE907824232566, SEE953118036327, SEE960722642219, SEE991927977028, SEE975132195118",14,21000,"Buckow-Birkholz","Windenergie an Land",0,2002,NA
"2031","ABR960248906772","Windeinheit","SEE976275910330, SEE950440828293, SEE955025207067, SEE962555954033, SEE916010484320",5,21000,"Bürgerwindpark Dagebüll ll","Windenergie an Land",0,2020,NA
"2032","ABR961293163639","Windeinheit","SEE955076694144, SEE921800922470, SEE972517176939",3,21000,"Chursdorf","Windenergie an Land",0,2028,NA
"2033","ABR964313851271","Windeinheit","SEE928794080087, SEE910727997173, SEE903063875298, SEE915996657735, SEE902454631826, SEE955375561017, SEE951320967521, SEE968026554436, SEE948747779660, SEE916523209052, SEE926665051815",11,21000,"F3 Freiheit III","Windenergie an Land",0,2003,NA
"2034","ABR977867484703","Windeinheit","SEE970439940867, SEE909005517783, SEE998629816297, SEE989866011552, SEE947218818242",5,21000,"Fürstenau neu","Windenergie an Land",0,2024,NA
"2035","ABR982392078730","Windeinheit","SEE926171757812, SEE963160880939, SEE920009460622",3,21000,"Gevensleben III","Windenergie an Land",0,2028,NA
"2036","ABR980159584173","Windeinheit","SEE909796508823, SEE980041861825, SEE993378792007, SEE983646927767, SEE904754993703",5,21000,"HAU II","Windenergie an Land",0,2021,NA
"2037","ABR979189535606","Windeinheit","SEE912291910411, SEE922021561653, SEE986621810481",3,21000,"Hagenkamp","Windenergie an Land",0,2024,NA
"2038","ABR998134287001","Windeinheit","SEE992382594522, SEE972061653658, SEE951034535757, SEE933734183674, SEE994770818869",5,21000,"Halterner Straße","Windenergie an Land",0,2026,NA
"2039","ABR917552613919","Windeinheit","SEE934230507353, SEE968805513074, SEE990347416827, SEE941845636224, SEE961096770232",5,21000,"Höfen","Windenergie an Land",0,2022,NA
"2040","ABR916115096862","Windeinheit","SEE957180917577, SEE900697604768, SEE907097903736, SEE976005608650, SEE922306282310, SEE953970873085, SEE992623883859, SEE981096214390, SEE935628041596, SEE924891235443",10,21000,"Lesse B","Windenergie an Land",0,2003,NA
"2041","ABR965596749255","Windeinheit","SEE972011061502, SEE922044926743, SEE982006454622",3,21000,"Lohra","Windenergie an Land",0,2026,NA
"2042","ABR953019675182","Windeinheit","SEE933162484329, SEE939280586280, SEE906121386064",3,21000,"Mistorf Erweiterung Süd","Windenergie an Land",0,2031,NA
"2043","ABR988400212370","Windeinheit","SEE960412384542, SEE912096661983, SEE970463948167",3,21000,"Neuenkrug","Windenergie an Land",0,2029,NA
"2044","ABR927362637272","Windeinheit","SEE983197181526, SEE962784134893, SEE981469422544",3,21000,"Neujagen","Windenergie an Land",0,2031,NA
"2045","ABR974439140241","Windeinheit","SEE933724814892, SEE986778569065, SEE996946483871",3,21000,"PB WEA 1-3","Windenergie an Land",0,2027,NA
"2046","ABR927747822613","Windeinheit","SEE976408070429, SEE978924376887, SEE927270086582, SEE954691364982, SEE908729973561, SEE982915993410, SEE971402445686, SEE955462562293, SEE953324927631, SEE957734972601, SEE993868605831, SEE971136020968, SEE966556867897, SEE955129551769",14,21000,"Schwanebeck","Windenergie an Land",0,2003,NA
"2047","ABR921657003247","Windeinheit","SEE932676360402, SEE997880419537, SEE976656195110, SEE914896950984, SEE955882152654",5,21000,"Trianel Windpark Treis","Windenergie an Land",0,2022,NA
"2048","ABR987347095374","Windeinheit","SEE990382022656, SEE985411639189, SEE990494800906",3,21000,"Vierkuhlen","Windenergie an Land",0,2027,NA
"2049","ABR910542313028","Windeinheit","SEE910210816783, SEE991921676880, SEE937644104972",3,21000,"Vossweg","Windenergie an Land",0,2027,NA
"2050","ABR937801528238","Windeinheit","SEE939827214287, SEE966424609734, SEE944306501888, SEE915745655265, SEE997738635065, SEE966764020220, SEE963759692790",7,21000,"WP Borwede","Windenergie an Land",0,2017,NA
"2051","ABR900871834134","Windeinheit","SEE929875610056, SEE904403024987, SEE948211668766",3,21000,"WP Boverath","Windenergie an Land",0,2026,NA
"2052","ABR923716132028","Windeinheit","SEE991367151286, SEE964334441055, SEE967538332266",3,21000,"WP Haltern AV 9","Windenergie an Land",0,2024,NA
"2053","ABR985632971266","Windeinheit","SEE973846142572, SEE927595164149, SEE982888180947, SEE984728221629, SEE983311105209",5,21000,"WP Hohfleck","Windenergie an Land",0,2026,NA
"2054","ABR915284701287","Windeinheit","SEE986854577182, SEE908558039490, SEE941337233443, SEE981746479476, SEE904153330192, SEE968297214480, SEE951324748867",7,21000,"WP Hoyerhagen","Windenergie an Land",0,2017,NA
"2055","ABR907296853429","Windeinheit","SEE989425601804, SEE937304404831, SEE955785575499",3,21000,"WP Jagstzell Projekt II GmbH ＆ Co.KG","Windenergie an Land",0,2028,NA
"2056","ABR905239608297","Windeinheit","SEE945969793870, SEE968050289519, SEE902855053067",3,21000,"WP Lövenich Erweiterung","Windenergie an Land",0,2028,NA
"2057","ABR941150878128","Windeinheit","SEE980666821815, SEE958298234693, SEE959689497666",3,21000,"WP Merlsheim","Windenergie an Land",0,2027,NA
"2058","ABR962971017619","Windeinheit","SEE914368056848, SEE981891884088, SEE977569128202",3,21000,"WP NDL","Windenergie an Land",0,2027,NA
"2059","ABR958132187048","Windeinheit","SEE959908268336, SEE978267090662, SEE941946586190",3,21000,"WP Neuss West","Windenergie an Land",0,2028,NA
"2060","ABR938716385138","Windeinheit","SEE901187235417, SEE977925348831, SEE991993245243, SEE904452596718, SEE927372623234",5,21000,"WP Nordwaldeck","Windenergie an Land",0,2024,NA
"2061","ABR997170459243","Windeinheit","SEE948878463841, SEE964129835281, SEE907121382735, SEE971729512917, SEE973284787670",5,21000,"WP Obergeckler","Windenergie an Land",0,2024,NA
"2062","ABR900505321085","Windeinheit","SEE904592847602, SEE999850676117, SEE955841540157, SEE968680230158, SEE968850422062, SEE964070242688",6,21000,"WP Plauerhagen 2 2.BA","Windenergie an Land",0,2016,NA
"2063","ABR916115096862","Windeinheit","SEE945388306965, SEE986316962396, SEE932019150059",3,21000,"WP Rethen Vordorf Repowering","Windenergie an Land",0,2027,NA
"2064","ABR995495725883","Windeinheit","SEE922358256055, SEE925532369572, SEE945848575245, SEE926429172558, SEE999355767648",5,21000,"WP Sellberg-Utdrift","Windenergie an Land",0,2017,NA
"2065","ABR967145298412","Windeinheit","SEE986816586153, SEE999436457314, SEE929364515039, SEE936744130331",4,21000,"WP Silberstedt-Hochmoor Erweiterung","Windenergie an Land",0,2024,NA
"2066","ABR923759425026","Windeinheit","SEE919422718403, SEE977358852875, SEE909901173632, SEE955825921514, SEE930645967034",5,21000,"WP Sögel Süd","Windenergie an Land",0,2017,NA
"2067","ABR918014695733","Windeinheit","SEE906369687626, SEE901093596664, SEE966002103791",3,21000,"WP Tenholt","Windenergie an Land",0,2027,NA
"2068","ABR982392078730","Windeinheit","SEE923427973835, SEE941582512973, SEE927037107840",3,21000,"WP Vörden vdD","Windenergie an Land",0,2028,NA
"2069","ABR919619766439","Windeinheit","SEE996266218658, SEE937450494458, SEE984142335766",3,21000,"WPG2","Windenergie an Land",0,2027,NA
"2070","ABR935731261713","Windeinheit","SEE986187847938, SEE933333300267, SEE940981549627, SEE956597178199, SEE967563850865",5,21000,"Wasbek-Ehndorf","Windenergie an Land",0,2026,NA
"2071","ABR992776464516","Windeinheit","SEE990144421970, SEE958885647912, SEE930291383028",3,21000,"Weitzmühlen","Windenergie an Land",0,2028,NA
"2072","ABR972727381307","Windeinheit","SEE959128063063, SEE907119916225, SEE952269525926, SEE972558002365, SEE909055256755, SEE941435536323, SEE951385705861",7,21000,"WestfalenWIND Etteln GmbH ＆ Co. KG","Windenergie an Land",0,2018,NA
"2073","ABR920816539849","Windeinheit","SEE939720083911, SEE967208956662, SEE963304644700, SEE962224071672, SEE900080554953",5,21000,"Windpark Alt Krenzlin I","Windenergie an Land",0,2030,NA
"2074","ABR997562234304","Windeinheit","SEE925258682979, SEE940724230218, SEE933860323050, SEE927024610759, SEE902923014815",5,21000,"Windpark Altenau","Windenergie an Land",0,2022,NA
"2075","ABR989661381034","Windeinheit","SEE919718394380, SEE960394316142, SEE955969449967, SEE961960721377, SEE938632155181, SEE975461359274, SEE988012337294, SEE967770034751, SEE957320171364, SEE961444917555, SEE993367487877, SEE921949813080, SEE960943609374, SEE936272827420",14,21000,"Windpark Am Saubusch","Windenergie an Land",0,2000,NA
"2076","ABR953640756243","Windeinheit","SEE965536751881, SEE977975479646, SEE967747478618",3,21000,"Windpark Bassens II","Windenergie an Land",0,2027,NA
"2077","ABR943748352324","Windeinheit","SEE977424782198, SEE922396350883, SEE984078473099",3,21000,"Windpark Beinerstadt","Windenergie an Land",0,2027,NA
"2078","ABR995871856262","Windeinheit","SEE989630465888, SEE975094242875, SEE980588121703",3,21000,"Windpark Brunnenkopf","Windenergie an Land",0,2028,NA
"2079","ABR959568187565","Windeinheit","SEE951544425395, SEE976551906750, SEE969709905408",3,21000,"Windpark Gleichen 2029","Windenergie an Land",0,2029,NA
"2080","ABR961609301786","Windeinheit","SEE916857185329, SEE906110106451, SEE903531589832",3,21000,"Windpark Grevelau","Windenergie an Land",0,2028,NA
"2081","ABR975019646672","Windeinheit","SEE970517002951, SEE986104915191, SEE911203152543, SEE969899124696, SEE904302102748, SEE981496307302, SEE947527047357, SEE926722508115, SEE975157825472, SEE990843744271, SEE987710101787, SEE953296355203, SEE986864750735, SEE990080179225",14,21000,"Windpark Hohen Pritz","Windenergie an Land",0,2001,NA
"2082","ABR984549512173","Windeinheit","SEE976765084022, SEE971537307088, SEE931116037027, SEE902510661408, SEE903261793547",5,21000,"Windpark Hohenseefeld II","Windenergie an Land",0,2026,NA
"2083","ABR953567413915","Windeinheit","SEE909265208292, SEE984380592372, SEE921305901512",3,21000,"Windpark Klein Westerhausen","Windenergie an Land",0,2028,NA
"2084","ABR988288455531","Windeinheit","SEE926835024083, SEE998576363615, SEE985452430516, SEE955219714395, SEE960433141629",5,21000,"Windpark Madfeld-Bleiwäsche","Windenergie an Land",0,2022,NA
"2085","ABR903044313115","Windeinheit","SEE909122124024, SEE976339457269, SEE917304317096",3,21000,"Windpark Marienmünster-Altenbergen","Windenergie an Land",0,2026,NA
"2086","ABR909456206991","Windeinheit","SEE921294029839, SEE963120298422, SEE985105739317",3,21000,"Windpark Ostercappeln-Belm GmbH","Windenergie an Land",0,2028,NA
"2087","ABR986084840728","Windeinheit","SEE966610476461, SEE954754058209, SEE959076649012, SEE929182681503, SEE913248590182, SEE973458101493",6,21000,"Windpark Plauerhagen","Windenergie an Land",0,2016,NA
"2088","ABR951932196005","Windeinheit","SEE909934037574, SEE977753497992, SEE997492468237",3,21000,"Windpark Rascheid II","Windenergie an Land",0,2026,NA
"2089","ABR916115096862","Windeinheit","SEE924371728915, SEE939518578742, SEE971549763155",3,21000,"Windpark Reken","Windenergie an Land",0,2030,NA
"2090","ABR924991880512","Windeinheit","SEE995996937471, SEE971473686582, SEE979985841130",3,21000,"Windpark Stiftswald II","Windenergie an Land",0,2026,NA
"2091","ABR956216717358","Windeinheit","SEE965367135744, SEE967644159221, SEE946084830273",3,21000,"Windpark Tauberrettersheim","Windenergie an Land",0,2027,NA
"2092","ABR906801420538","Windeinheit","SEE919339518301, SEE943601072086, SEE932734638085, SEE924092370448, SEE998724457555",5,21000,"Windpark Teschendorf","Windenergie an Land",0,2025,NA
"2093","ABR944259599963","Windeinheit","SEE982037956966, SEE907905543529, SEE925414262281",3,21000,"Windpark Trier-Wetterborn","Windenergie an Land",0,2028,NA
"2094","ABR980111307543","Windeinheit","SEE962819182387, SEE904643200400, SEE973018469117",3,21000,"Windpark Venne","Windenergie an Land",0,2028,NA
"2095","ABR914829576557","Windeinheit","SEE999179483076, SEE984448964523, SEE975462277584, SEE929133424098, SEE949514193580, SEE936486935232, SEE918399419122, SEE974993104635, SEE920407936422, SEE968525025789, SEE980573964421, SEE922338369867, SEE973282771879, SEE991818887061",14,21000,"Windpark Wetzdorf","Windenergie an Land",0,2003,NA
"2096","ABR983684365019","Windeinheit","SEE905967482589, SEE931770753134, SEE999732809190, SEE901778978266, SEE997523930887, SEE985636331707, SEE989831478342",7,21000,"Windpark Worms II","Windenergie an Land",0,2011,NA
"2097","ABR931606102068","Windeinheit","SEE934940209011, SEE925872152445, SEE949307405395",3,21000,"Windpark am Kohberg","Windenergie an Land",0,2029,NA
"2098","ABR982983273216","Windeinheit","SEE931939807265, SEE922629959760, SEE983546500268",3,21000,"Wulfenhusen","Windenergie an Land",0,2027,NA
"2099","ABR998382043466","Windeinheit","SEE990116647469, SEE949829472745, SEE929325165631, SEE915705247325, SEE975994147768, SEE921439509042, SEE961803023101, SEE984572008704",8,20975,"Völschow III","Windenergie an Land",0,2014,NA
"2100","ABR982188269526","Windeinheit","SEE987824844297, SEE944847815796, SEE906375745457, SEE995554990665",4,20940,"Huser-Klee Erweiterung","Windenergie an Land",0,2028,NA
"2101","ABR924143343964","Windeinheit","SEE984344171285, SEE926143656297, SEE964505390625, SEE987348244429",4,20920,"WP Salzkotten","Windenergie an Land",0,2019,NA
"2102","ABR980074318501","Windeinheit","SEE946224507690, SEE995313717854, SEE912611254607, SEE936311604685",4,20900,"Windpark Schlangen","Windenergie an Land",0,2026,NA
"2103","ABR971664063826","Windeinheit","SEE928093510162, SEE941241633704, SEE957157800864",3,20800,"Böddeken","Windenergie an Land",0,2028,NA
"2104","ABR981251646943","Windeinheit","SEE997455158229, SEE929237215752, SEE976215202877, SEE969708407651, SEE946116871465, SEE997743519862",6,20800,"WP Radlinghausen","Windenergie an Land",0,2004,NA
"2105","ABR909861946246","Windeinheit","SEE943670127762, SEE988251568954, SEE934137525726, SEE918474729313, SEE982823358103, SEE977553887559, SEE903350667636",7,20800,"Windpark Mihla","Windenergie an Land",0,2015,NA
"2106","ABR949473996352","Windeinheit","SEE902858230953, SEE972701616791, SEE913086945052, SEE918662191403, SEE909452541850, SEE993864972777, SEE973836310813",7,20734,"WEA 5","Windenergie an Land",0,1999,NA
"2107","ABR901037990749","Windeinheit","SEE968853608678, SEE923433413189, SEE928079297810, SEE905457214225, SEE912848075747, SEE961469658525",6,20700,"Brauerschwend-Lauterbach","Windenergie an Land",0,2023,NA
"2108","ABR930101746326","Windeinheit","SEE943287137079, SEE924972546598, SEE970515403118, SEE990461904910, SEE956545746562, SEE985700320255, SEE933468647671, SEE979543007466, SEE944418538840",9,20700,"Büttstedt II","Windenergie an Land",0,2009,NA
"2109","ABR964954693629","Windeinheit","SEE937345757903, SEE938637767365, SEE987202451048, SEE970285782864, SEE986666309322, SEE919162046224, SEE932579960747, SEE935936924550, SEE912415006488",9,20700,"Kassieck-Lindstedt","Windenergie an Land",0,2011,NA
"2110","ABR921092617566","Windeinheit","SEE916222462048, SEE956202818878, SEE905870126167, SEE964035763722, SEE982001588384, SEE984011872651",6,20700,"Roter Berg","Windenergie an Land",0,2018,NA
"2111","ABR960366507806","Windeinheit","SEE934490192900, SEE948422129919, SEE979196492473, SEE910176654696, SEE904315568043, SEE994068182047, SEE927424355656, SEE912153654392, SEE978810440395",9,20700,"Schinne","Windenergie an Land",0,2012,NA
"2112","ABR998755978661","Windeinheit","SEE912104718937, SEE921901028026, SEE905150575647, SEE997381060238, SEE948231937248, SEE922325253230, SEE971167081129, SEE937667965765, SEE983667506033",9,20700,"WP Ostermarsch IV","Windenergie an Land",0,2013,NA
"2113","ABR991042021224","Windeinheit","SEE931759448761, SEE966253298185, SEE985480607546, SEE971217703469, SEE982460100158, SEE933291821620",6,20700,"WP Oyle-Bühren","Windenergie an Land",0,2023,NA
"2114","ABR951932196005","Windeinheit","SEE951014036441, SEE964732185827, SEE926057008953, SEE901733012561, SEE957863394442, SEE954979117439",6,20700,"WP Rascheid Am Rotbach 3","Windenergie an Land",0,2019,NA
"2115","ABR978732814878","Windeinheit","SEE962222371729, SEE922790698185, SEE954305187686, SEE936218971484, SEE981304288359, SEE968416798884",6,20700,"WP Vormark Infrastruktur GbR","Windenergie an Land",0,2017,NA
"2116","ABR937927846100","Windeinheit","SEE979282907829, SEE987372386249, SEE915960079976, SEE991101579437, SEE977566826699, SEE909344386712, SEE935775821782, SEE999772330807, SEE966242253782",9,20700,"Windpark Achmer Vinte GmbH ＆ Co. KG Renditefonds","Windenergie an Land",0,2005,NA
"2117","ABR929840170035","Windeinheit","SEE924046383098, SEE987701547631, SEE998649299049, SEE958881775176, SEE969558718136, SEE980692149884, SEE978754417873, SEE979240341740, SEE927886550941",9,20700,"Windpark Bohmstedt","Windenergie an Land",0,2014,NA
"2118","ABR916751036567","Windeinheit","SEE910970126306, SEE940607061724, SEE954059262479, SEE978596651992, SEE976542269383, SEE992293418030, SEE936441467129, SEE969762761850, SEE932017778934",9,20700,"Windpark Bunderhee","Windenergie an Land",0,2006,NA
"2119","ABR907049460393","Windeinheit","SEE918275428033, SEE977072423672, SEE959280773107, SEE973279399024",4,20700,"Windpark Floethe","Windenergie an Land",0,2022,NA
"2120","ABR937699941003","Windeinheit","SEE922416330710, SEE945094656163, SEE947506908990, SEE924380706232, SEE983738926463, SEE931370842559, SEE908418819842, SEE991895415850, SEE920838053941",9,20700,"Windpark Hillgroven","Windenergie an Land",0,2009,NA
"2121","ABR998819439145","Windeinheit","SEE939179438645, SEE957797992295, SEE966370025480, SEE939090684022, SEE991460954623, SEE923768594577",6,20700,"Windpark Milow","Windenergie an Land",0,2018,NA
"2122","ABR915508607371","Windeinheit","SEE993924751663, SEE962747774135, SEE930199687693, SEE934810725054",4,20700,"Windpark Radegast III","Windenergie an Land",0,2023,NA
"2123","ABR902374476484","Windeinheit","SEE957285091493, SEE945678949261, SEE957005764041, SEE917679471287, SEE978151083510, SEE942252907655",6,20700,"Wunderburg","Windenergie an Land",0,2022,NA
"2124","ABR994699984539","Windeinheit","SEE976393542215, SEE906526608594, SEE933572937439, SEE916060315452, SEE980025517755, SEE948584852441",6,20600,"BWP Süderauerdorf","Windenergie an Land",0,2017,NA
"2125","ABR949510458171","Windeinheit","SEE918138483322, SEE904941192827, SEE977978988688, SEE930893125149, SEE993348299536, SEE916757923236, SEE921472155855, SEE938542470718, SEE930705739052, SEE901532607579",10,20600,"Kloster Wulfshagen","Windenergie an Land",0,2005,NA
"2126","ABR965496151677","Windeinheit","SEE977244151761, SEE956823031793, SEE919747631500",3,20600,"Oelde-Bergeler","Windenergie an Land",0,2027,NA
"2127","ABR955463153650","Windeinheit","SEE982862205086, SEE918426709790, SEE928104188052",3,20600,"WP Neetzow-Liepen","Windenergie an Land",0,2027,NA
"2128","ABR923669280401","Windeinheit","SEE900286345164, SEE972134793311, SEE907814186060, SEE994698400054, SEE979996734193, SEE946499596320, SEE946460142006, SEE992961835664, SEE987382915255, SEE961436845729, SEE989873642145",11,20600,"Windpark Dornbock","Windenergie an Land",0,2002,NA
"2129","ABR977228717440","Windeinheit","SEE946327819690, SEE948322119324, SEE999455723780",3,20600,"Windpark Schmechten","Windenergie an Land",0,2026,NA
"2130","ABR938920342446","Windeinheit","SEE922065338013, SEE990467828418, SEE975530024270, SEE989000343730, SEE961871594800, SEE999644786992",6,20560,"Windpark Hatzenbühl","Windenergie an Land",0,2017,NA
"2131","ABR900944211237","Windeinheit","SEE969313089747, SEE966072006992, SEE954883336339, SEE948056013141, SEE973804784493, SEE912222883876",6,20550,"Bürgerwindpark Albersdorf","Windenergie an Land",0,2014,NA
"2132","ABR906239801992","Windeinheit","SEE969994635974, SEE938781449193, SEE910565525392, SEE988207178619, SEE918650961056, SEE954383657538, SEE970333083622",7,20550,"Windpark Erxleben","Windenergie an Land",0,2013,NA
"2133","ABR916531434569","Windeinheit","SEE955275228447, SEE921414565414, SEE985978927538, SEE943110193494, SEE934891400147",5,20500,"Repowering Windpark Uelvesbüll","Windenergie an Land",0,2023,NA
"2134","ABR990689175826","Windeinheit","SEE967323920128, SEE954434321364, SEE923962407581, SEE970486958556, SEE950596641609, SEE990346469275, SEE979361154717, SEE978452516052, SEE915620138852, SEE904617082650",10,20500,"Titz_Nord","Windenergie an Land",0,2012,NA
"2135","ABR971964590435","Windeinheit","SEE991193720403, SEE941324131325, SEE900244964277, SEE947438584934, SEE934179154489, SEE912247189113, SEE951596710852, SEE906264781368",8,20500,"WP Arle","Windenergie an Land",0,2013,NA
"2136","ABR980167927481","Windeinheit","SEE905576571483, SEE938368282526, SEE961942729322",3,20400,"ABO Energy WP Unna","Windenergie an Land",0,2027,NA
"2137","ABR932513068799","Windeinheit","SEE979651891612, SEE981221538537, SEE993515461599",3,20400,"ABO Energy WP Vögnitz","Windenergie an Land",0,2028,NA
"2138","ABR978755979103","Windeinheit","SEE944979088013, SEE951527383865, SEE960621409739",3,20400,"Affeln","Windenergie an Land",0,2028,NA
"2139","ABR929025524615","Windeinheit","SEE984485691604, SEE915576614332, SEE956585058779",3,20400,"Altmark II","Windenergie an Land",0,2027,NA
"2140","ABR963690877058","Windeinheit","SEE918685245695, SEE998408182483, SEE963188842025",3,20400,"Barler Feld","Windenergie an Land",0,2027,NA
"2141","ABR911809605740","Windeinheit","SEE942287029629, SEE914158472858, SEE938993613306",3,20400,"Bösingen-Herrenzimmern","Windenergie an Land",0,2026,NA
"2142","ABR919878331713","Windeinheit","SEE920388297130, SEE915369777527, SEE987521739605, SEE921598647548, SEE935969960259, SEE987202749817",6,20400,"Bürgerwindpark Neuengörs-Weede","Windenergie an Land",0,2016,NA
"2143","ABR918582642863","Windeinheit","SEE957641340050, SEE930952608606, SEE908144396952",3,20400,"Dingsfelde","Windenergie an Land",0,2026,NA
"2144","ABR986480967081","Windeinheit","SEE916740378845, SEE996072832918, SEE933615824740",3,20400,"ENOVA Windpark Boldecker Land Betriebs GmbH ＆ Co. KG","Windenergie an Land",0,2027,NA
"2145","ABR948376220892","Windeinheit","SEE941119924682, SEE993407713683, SEE959904835457",3,20400,"Ebert Windpark Börry","Windenergie an Land",0,2028,NA
"2146","ABR941190092140","Windeinheit","SEE950177992335, SEE964024211814, SEE991378373646",3,20400,"Gerstungen-Ost","Windenergie an Land",0,2028,NA
"2147","ABR966684469673","Windeinheit","SEE966480480209, SEE946981709153, SEE966591108757, SEE909102428395",4,20400,"Keula","Windenergie an Land",0,2019,NA
"2148","ABR965079021397","Windeinheit","SEE945307575618, SEE958928377547, SEE940528373272",3,20400,"Lindenberg","Windenergie an Land",0,2024,NA
"2149","ABR994472353675","Windeinheit","SEE950401894978, SEE941878411881, SEE940731994967",3,20400,"Lindern","Windenergie an Land",0,2026,NA
"2150","ABR990786690581","Windeinheit","SEE903055825492, SEE924112271007, SEE908674496467",3,20400,"Mo","Windenergie an Land",0,2026,NA
"2151","ABR941190092140","Windeinheit","SEE908342564702, SEE956902458626, SEE997416565202",3,20400,"Pulheim-Stommeln","Windenergie an Land",0,2028,NA
"2152","ABR978153165306","Windeinheit","SEE937302022419, SEE984591311441, SEE922225651273",3,20400,"Vreden-Doemern-Höchte","Windenergie an Land",0,2028,NA
"2153","ABR945527824657","Windeinheit","SEE975073373187, SEE925115414637, SEE910196478616",3,20400,"WP Breitenlohe","Windenergie an Land",0,2028,NA
"2154","ABR908324376323","Windeinheit","SEE979896803883, SEE930384114515, SEE928217457168",3,20400,"WP Gevensleben Repowering","Windenergie an Land",0,2024,NA
"2155","ABR963803103883","Windeinheit","SEE978003899511, SEE909399619315, SEE951402200416",3,20400,"WP Hausstette","Windenergie an Land",0,2028,NA
"2156","ABR948135389396","Windeinheit","SEE928453564248, SEE916576441959, SEE966672684248",3,20400,"WP Heinersdorf Ost II","Windenergie an Land",0,2027,NA
"2157","ABR975325753170","Windeinheit","SEE934980498123, SEE935783823303, SEE900998862218",3,20400,"WP Lüdersdorf-Trebbin III","Windenergie an Land",0,2028,NA
"2158","ABR945527824657","Windeinheit","SEE901905608929, SEE919741764273, SEE923651072939",3,20400,"WP Oberscheinfeld-Oberrimbach","Windenergie an Land",0,2028,NA
"2159","ABR941735005475","Windeinheit","SEE967103675828, SEE924054093422, SEE939912395655",3,20400,"WP Oederquart-Wischhafen","Windenergie an Land",0,2025,NA
"2160","ABR970807508743","Windeinheit","SEE999430592479, SEE995529399233, SEE943417994626",3,20400,"WP Winnigstedt Ost","Windenergie an Land",0,2024,NA
"2161","ABR904339297745","Windeinheit","SEE935885886091, SEE933991279776, SEE925815384995",3,20400,"Windpark Ascheberg-Forsthövel","Windenergie an Land",0,2026,NA
"2162","ABR999408386086","Windeinheit","SEE917577042435, SEE938229780079, SEE969058734469",3,20400,"Windpark Blomberg","Windenergie an Land",0,2027,NA
"2163","ABR977381322680","Windeinheit","SEE964236562377, SEE936516010625, SEE969735093322, SEE973744908997, SEE900673574856, SEE930677010623, SEE915959359393, SEE944266795358",8,20400,"Windpark Borne","Windenergie an Land",0,2011,NA
"2164","ABR936669412710","Windeinheit","SEE952875489865, SEE997012386911, SEE907679084655",3,20400,"Windpark Brand","Windenergie an Land",0,2027,NA
"2165","ABR969656787263","Windeinheit","SEE959224119107, SEE938651681296, SEE917435757563",3,20400,"Windpark Eichwald","Windenergie an Land",0,2027,NA
"2166","ABR915357032911","Windeinheit","SEE936323597890, SEE904572769665, SEE912350317014",3,20400,"Windpark Frielinghausen-Höringhausen","Windenergie an Land",0,2027,NA
"2167","ABR933160347206","Windeinheit","SEE990389099453, SEE958676782792, SEE917213296239",3,20400,"Windpark Gerdshagen II","Windenergie an Land",0,2028,NA
"2168","ABR999408386086","Windeinheit","SEE988796108974, SEE934291648149, SEE970395949492",3,20400,"Windpark Görlsdorf","Windenergie an Land",0,2028,NA
"2169","ABR968755586043","Windeinheit","SEE978298281756, SEE971939474807, SEE924198629396",3,20400,"Windpark Görzig","Windenergie an Land",0,2025,NA
"2170","ABR959167463930","Windeinheit","SEE987122266708, SEE933838980773, SEE963273217967",3,20400,"Windpark Helleberg","Windenergie an Land",0,2028,NA
"2171","ABR903014133378","Windeinheit","SEE916602089438, SEE946113419226, SEE909462366207",3,20400,"Windpark Hövelhof","Windenergie an Land",0,2026,NA
"2172","ABR926832914066","Windeinheit","SEE954468561941, SEE990571167458, SEE990871635329",3,20400,"Windpark Jerxheim","Windenergie an Land",0,2026,NA
"2173","ABR904538920376","Windeinheit","SEE978047993367, SEE941293029043, SEE954452965519, SEE981330253970",4,20400,"Windpark Klein Leine Nord IV","Windenergie an Land",0,2022,NA
"2174","ABR988902724524","Windeinheit","SEE958909525127, SEE947555802324, SEE906019807589",3,20400,"Windpark Lingelbach I","Windenergie an Land",0,2029,NA
"2175","ABR975231924886","Windeinheit","SEE986697966358, SEE989409600137, SEE951406116164",3,20400,"Windpark Mahlsdorf II","Windenergie an Land",0,2025,NA
"2176","ABR979071554036","Windeinheit","SEE925145861234, SEE911481108720, SEE906451610693",3,20400,"Windpark Ondrup GmbH ＆ Co. KG","Windenergie an Land",0,2026,NA
"2177","ABR917586351566","Windeinheit","SEE919694067469, SEE931359637305, SEE957535701448",3,20400,"Windpark Postlow-Blesewitz","Windenergie an Land",0,2027,NA
"2178","ABR980401008792","Windeinheit","SEE928964202585, SEE989703202303, SEE916043392913",3,20400,"Windpark Rehain III","Windenergie an Land",0,2027,NA
"2179","ABR957301131660","Windeinheit","SEE938775225963, SEE949433143024, SEE962323856415",3,20400,"Windpark Rimbeck","Windenergie an Land",0,2028,NA
"2180","ABR975325753170","Windeinheit","SEE912220679853, SEE900489703372, SEE937771888806",3,20400,"Windpark Rüthen","Windenergie an Land",0,2029,NA
"2181","ABR924041259350","Windeinheit","SEE994635883261, SEE955841288233, SEE922586410502, SEE996829441820, SEE927090705601",5,20400,"Windpark Schraudenbach","Windenergie an Land",0,2009,NA
"2182","ABR942117622488","Windeinheit","SEE952458596737, SEE958282431442, SEE961510737810",3,20400,"Windpark Schwarzfeld I","Windenergie an Land",0,2027,NA
"2183","ABR900157076845","Windeinheit","SEE984988582553, SEE986553652432, SEE981822627890",3,20400,"Windpark Seelow-Vierlinden","Windenergie an Land",0,2025,NA
"2184","ABR944259599963","Windeinheit","SEE969517069200, SEE928222458938, SEE955801785543",3,20400,"Windpark Stahlem","Windenergie an Land",0,2028,NA
"2185","ABR936984888139","Windeinheit","SEE916909438083, SEE932485972872, SEE937059936403",3,20400,"Windpark Warburg","Windenergie an Land",0,2028,NA
"2186","ABR922152381069","Windeinheit","SEE929419628363, SEE952746252802, SEE965622057330",3,20400,"Windpark Wipperdorf","Windenergie an Land",0,2026,NA
"2187","ABR938433782203","Windeinheit","SEE971165363326, SEE942613886926, SEE917722953845",3,20400,"Wöbbelin","Windenergie an Land",0,2027,NA
"2188","ABR939412659172","Windeinheit","SEE957597365787, SEE979522076728, SEE951493121966, SEE969039423467, SEE975222027336, SEE986325391071, SEE975469698658",7,20300,"WP Streumen","Windenergie an Land",0,2013,NA
"2189","ABR986461325329","Windeinheit","SEE957121151725, SEE912844328694, SEE967473214351, SEE924565990654, SEE984740153588, SEE981576173797, SEE944398145106",7,20260,"WWG","Windenergie an Land",0,2014,NA
"2190","ABR964117160524","Windeinheit","SEE972180859054, SEE952025010383, SEE979709008924, SEE932831730941, SEE962171405469, SEE970079714958",6,20220,"Kattrepel Repowering","Windenergie an Land",0,2013,NA
"2191","ABR940482273304","Windeinheit","SEE914953510977, SEE984806885781, SEE961512140779, SEE910600272694, SEE961914500553, SEE932180474831",6,20220,"Löwenstedt 54","Windenergie an Land",0,2013,NA
"2192","ABR921195174874","Windeinheit","SEE943842238623, SEE971640407712, SEE952308098978, SEE965874371611, SEE998917035577, SEE962031503984",6,20220,"Sollwitt","Windenergie an Land",0,2014,NA
"2193","ABR916801049325","Windeinheit","SEE927457140120, SEE979535478908, SEE907766735736, SEE985002274881, SEE976133861491, SEE913308808059",6,20220,"WINDPOOL Wittgeeste GmbH ＆ Co. KG","Windenergie an Land",0,2013,NA
"2194","ABR954477532208","Windeinheit","SEE923905842325, SEE925295426864, SEE963038300323, SEE914726085947, SEE926788490898, SEE931006035584",6,20220,"Windpark Twedt","Windenergie an Land",0,2017,NA
"2195","ABR910311512997","Windeinheit","SEE903867973671, SEE908139252850, SEE975985356605, SEE920426606627, SEE969629045703",5,20120,"Windpark Heidenrod-Springen","Windenergie an Land",0,2018,NA
"2196","ABR913104483801","Windeinheit","SEE965244873295, SEE919596360019, SEE994203870501, SEE920929363492, SEE965520473829, SEE977688540817",6,20100,"BWP Braderup-Tinningstedt GmbH ＆ Co. KG","Windenergie an Land",0,2013,NA
"2197","ABR915010106744","Windeinheit","SEE958954333593, SEE999129300040, SEE961994246839, SEE969427027512, SEE997344158019, SEE934381087858, SEE963074030284, SEE997065942157, SEE973683453091, SEE930853956622, SEE912389652155",11,20100,"Windpark Rauschenberg","Windenergie an Land",0,2006,NA
"2198","ABR986375071060","Windeinheit","SEE920518079353, SEE967417319036, SEE985859361437, SEE992047228939",4,20100,"Windpark Rohlsdorf","Windenergie an Land",0,2026,NA
"2199","ABR982372252389","Windeinheit","SEE923280857785, SEE973422765874, SEE996902630929, SEE934421564462, SEE932791130706, SEE942926714626, SEE916897269454, SEE973873004867, SEE929758320577, SEE962174348992",10,20000,"ERG Wind MEG 4 LLP","Windenergie an Land",0,2004,NA
"2200","ABR946985400544","Windeinheit","SEE955040867451, SEE919960408125, SEE907985783198, SEE915270228699, SEE922060245576, SEE951381057537, SEE963078176988, SEE945868492386, SEE946738833087, SEE957902333883",10,20000,"Feldheim","Windenergie an Land",0,2006,NA
"2201","ABR989393706204","Windeinheit","SEE900136718797, SEE953186822747, SEE950262085706, SEE971442400294, SEE971158592177, SEE998805664629, SEE931857940136, SEE977090464893, SEE969787718709, SEE917096058139",10,20000,"Hakenstedt II","Windenergie an Land",0,2006,NA
"2202","ABR980541072769","Windeinheit","SEE953912383061, SEE915912248054, SEE995574947830, SEE968365609378, SEE998172539353, SEE925974076144, SEE996418766204, SEE962625551476",8,20000,"Kambs","Windenergie an Land",0,2015,NA
"2203","ABR934363862305","Windeinheit","SEE997063632425, SEE943865255836, SEE942397283775, SEE915494684905, SEE971962884604, SEE953851967759, SEE958691066150, SEE904012304654, SEE927532100810, SEE918580682922",10,20000,"Langwedel I - LERAK","Windenergie an Land",0,2009,NA
"2204","ABR924129391514","Windeinheit","SEE991715354628, SEE978859870351, SEE962994451841, SEE927325990680, SEE956175930645, SEE981938596349, SEE972690824450, SEE934106662919, SEE973077067057, SEE952754590231",10,20000,"NxW Büren GmbH ＆ Co. KG","Windenergie an Land",0,2009,NA
"2205","ABR906463776226","Windeinheit","SEE938010896996, SEE952758832184, SEE916536499143, SEE944513829829, SEE925258068681, SEE980656172316, SEE976021907911, SEE988072822631, SEE931787392081, SEE924642562477, SEE944008348774, SEE992357660337, SEE948835252174",13,20000,"Premslin","Windenergie an Land",0,2004,NA
"2206","ABR943800554697","Windeinheit","SEE908001632483, SEE954807919556, SEE921580042665, SEE969482691826, SEE984939540960, SEE901070436617, SEE949700923229, SEE970045291155, SEE992450519266, SEE908456364236",10,20000,"SI1 Siestedt I","Windenergie an Land",0,2007,NA
"2207","ABR974885346525","Windeinheit","SEE984801418304, SEE950906083099, SEE961947384663",3,20000,"Sarmersbach","Windenergie an Land",0,2029,NA
"2208","ABR962330575156","Windeinheit","SEE945556911533, SEE941528056196, SEE989156396437, SEE945973632509, SEE902721778414, SEE912715170216, SEE904171000855, SEE990177737253, SEE967220397924, SEE975440281152",10,20000,"Schnellin","Windenergie an Land",0,2002,NA
"2209","ABR955049071866","Windeinheit","SEE905853014351, SEE917238074898, SEE967658363591, SEE947474874761, SEE912545674281, SEE972960611452, SEE964714864887, SEE995253037654, SEE900304644262, SEE951302839792",10,20000,"WKN Windkraft Nord GmbH ＆Co. Windpark Lüdersdorf KG","Windenergie an Land",0,2001,NA
"2210","ABR903729451323","Windeinheit","SEE959052613341, SEE953334855917, SEE970768873577, SEE970516890573, SEE977742969967, SEE957720581848, SEE993077098738, SEE947211310002, SEE967648197793, SEE905917276497",10,20000,"WP Beeskow-Neuendorf","Windenergie an Land",0,2002,NA
"2211","ABR968325992649","Windeinheit","SEE938369502371, SEE915167767218, SEE939933317100, SEE975272641452",4,20000,"WP Dahl Ost","Windenergie an Land",0,2022,NA
"2212","ABR956360501476","Windeinheit","SEE945826929701, SEE973472640589, SEE987587204802, SEE992771380606, SEE923138775490, SEE946816445690, SEE975897243345, SEE922533326047, SEE927324678190, SEE961745050142",10,20000,"WP Grapzow","Windenergie an Land",0,2004,NA
"2213","ABR988340486756","Windeinheit","SEE937983122699, SEE935711273590, SEE914819942119, SEE960003527549, SEE981134442402, SEE917806240175, SEE938843955242, SEE976603020847",8,20000,"WeBo I","Windenergie an Land",0,2007,NA
"2214","ABR973663784504","Windeinheit","SEE959979961082, SEE909188835964, SEE979909679078, SEE968915860600, SEE969607316276, SEE904325076378, SEE942183352678, SEE995277772746, SEE955426011126, SEE934103382179",10,20000,"Wikrano 2. Betriebs KG","Windenergie an Land",0,2009,NA
"2215","ABR960208454985","Windeinheit","SEE993847194608, SEE990416687943, SEE912257837493, SEE998790361961, SEE932439122513, SEE984321541100, SEE995077464247, SEE929649886441, SEE995818322201, SEE954334516525",10,20000,"Windpark Danna","Windenergie an Land",0,2009,NA
"2216","ABR950912539849","Windeinheit","SEE913654324159, SEE965361320207, SEE919032494308, SEE944751669737, SEE949022169213, SEE942335309932, SEE938789646457, SEE988530078174, SEE945682703972, SEE908299207479",10,20000,"Windpark Greifenhain","Windenergie an Land",0,2009,NA
"2217","ABR952171867657","Windeinheit","SEE944305766387, SEE904071900248, SEE993386810298, SEE973551579564, SEE977374606759, SEE930297642075, SEE939144663041, SEE926332554786, SEE965173167885, SEE988180084075",10,20000,"Windpark Gross Welle","Windenergie an Land",0,2006,NA
"2218","ABR975947453250","Windeinheit","SEE960553437497, SEE905687581005, SEE917191747488, SEE959163246087, SEE963767075479, SEE903796757571",6,20000,"Windpark Kandelin","Windenergie an Land",0,2018,NA
"2219","ABR984461323741","Windeinheit","SEE945335821480, SEE958762998045, SEE975392138412, SEE978678163825, SEE965668480406, SEE985896397406, SEE999439180639, SEE978410867332, SEE911219701995, SEE961871337834",10,20000,"Windpark Niederkirchen","Windenergie an Land",0,2004,NA
"2220","ABR986645205263","Windeinheit","SEE917692376897, SEE963966235612, SEE957100981305, SEE944369019269, SEE950140302444, SEE968183048809, SEE902218580933, SEE966239203424, SEE973607463014, SEE992307614953",10,20000,"Windpark Puschwitz","Windenergie an Land",0,2001,NA
"2221","ABR944187823437","Windeinheit","SEE909996001865, SEE925329053547, SEE932287031876, SEE920948101754, SEE959162398688",5,20000,"Windpark Swatte Poele","Windenergie an Land",0,2021,NA
"2222","ABR943830360343","Windeinheit","SEE911125245651, SEE973583117017, SEE914706604120, SEE909006920797, SEE986592887352, SEE920151670207, SEE979069939593",7,19975,"Rossau II","Windenergie an Land",0,2011,NA
"2223","ABR960096800888","Windeinheit","SEE913411965847, SEE976215545585, SEE960402036734, SEE952692288498, SEE926496151159, SEE921175027886, SEE989250496118, SEE982923388208",8,19900,"WP Beggerow-Borrentin","Windenergie an Land",0,2012,NA
"2224","ABR909041008313","Windeinheit","SEE943512544306, SEE914773791785, SEE970971078332, SEE941549960168, SEE978958851831, SEE980680897506, SEE974300238435, SEE948443607700, SEE994479749266",9,19900,"Windpark Druiberg","Windenergie an Land",0,2004,NA
"2225","ABR938579050297","Windeinheit","SEE963897850243, SEE951524607933, SEE902298850599, SEE931366906067, SEE914500426607, SEE910587313427, SEE929449846997",7,19850,"WP Meyn Repowering","Windenergie an Land",0,2015,NA
"2226","ABR989759872512","Windeinheit","SEE983075429504, SEE957410979955, SEE955880154384, SEE982165639359, SEE953582268187, SEE985321694889",6,19800,"Bürgerwindpark Westerhausen","Windenergie an Land",0,2016,NA
"2227","ABR954232911026","Windeinheit","SEE947549258991, SEE964386953339, SEE907830035281",3,19800,"CEE Windpark Berglicht","Windenergie an Land",0,2024,NA
"2228","ABR961656600177","Windeinheit","SEE991206653506, SEE958836089396, SEE970821111295, SEE947222532851, SEE963031535388, SEE927804629247",6,19800,"CEE Windpark Gollenberg","Windenergie an Land",0,2017,NA
"2229","ABR988799691855","Windeinheit","SEE983333807037, SEE944478601102, SEE978470910603",3,19800,"Esperstoft","Windenergie an Land",0,2023,NA
"2230","ABR991303753543","Windeinheit","SEE931208355817, SEE996539559976, SEE960289949172, SEE918024896175, SEE918505155586, SEE978638534528",6,19800,"Infrastruktur Ludwigsau GmbH ＆ Co. KG","Windenergie an Land",0,2016,NA
"2231","ABR933684711859","Windeinheit","SEE991382032973, SEE972422117966, SEE977479004047, SEE926532698556, SEE973582662457, SEE910655667469",6,19800,"Neu Guthendorf","Windenergie an Land",0,2018,NA
"2232","ABR972129657352","Windeinheit","SEE909622022950, SEE969700828799, SEE997232414456, SEE947167760326, SEE928123102411, SEE946412451972",6,19800,"WP Hatten","Windenergie an Land",0,2016,NA
"2233","ABR916115096862","Windeinheit","SEE964588884202, SEE968300210843, SEE994601780518, SEE993421871444, SEE965580260247, SEE997826815607",6,19800,"WP Krusemark - Ellingen","Windenergie an Land",0,2022,NA
"2234","ABR972427515736","Windeinheit","SEE906329510995, SEE954488002875, SEE928419801578, SEE976688123884, SEE933604817562, SEE913627117450, SEE944013600645, SEE979806533770, SEE978835379908, SEE987353453748, SEE982563805448",11,19800,"WP Lingen Ochsenbruch","Windenergie an Land",0,2003,NA
"2235","ABR962753246602","Windeinheit","SEE995472282774, SEE971866623620, SEE996729966249",3,19800,"WP Schenklengsfeld I","Windenergie an Land",0,2024,NA
"2236","ABR914277761000","Windeinheit","SEE960841368311, SEE969113072390, SEE910074848609",3,19800,"Windpark Bordelum GmbH ＆ Co. KG","Windenergie an Land",0,2025,NA
"2237","ABR966933755045","Windeinheit","SEE939126088718, SEE918250953970, SEE977353200848, SEE982215864533, SEE963233457617, SEE910611798503",6,19800,"Windpark Freckenfeld","Windenergie an Land",0,2017,NA
"2238","ABR947413919072","Windeinheit","SEE963600040190, SEE932863275762, SEE935153666578, SEE904442140594, SEE903469951565, SEE912448749468",6,19800,"Windpark Jalm","Windenergie an Land",0,2014,NA
"2239","ABR913655682333","Windeinheit","SEE946781108149, SEE975285968744, SEE909834686278",3,19800,"Windpark Uplengen","Windenergie an Land",0,2026,NA
"2240","ABR997258031125","Windeinheit","SEE953366863263, SEE977755253459, SEE977320145356, SEE980584142924, SEE933635285194, SEE969053367846, SEE957376884928, SEE936521865272, SEE949063599000, SEE979715020712, SEE918217512011",11,19800,"Windpark Wiesmoor","Windenergie an Land",0,2000,NA
"2241","ABR988310185726","Windeinheit","SEE912345918677, SEE996301737373, SEE979262533925",3,19700,"Boeckelt","Windenergie an Land",0,2028,NA
"2242","ABR923488179832","Windeinheit","SEE949913968574, SEE984863016333, SEE933034761039, SEE956166622177, SEE995364422998, SEE907569231121",6,19700,"Emder Hammrich Wind","Windenergie an Land",0,2017,NA
"2243","ABR958475037017","Windeinheit","SEE918756407250, SEE967298308938, SEE995595741875, SEE988857409354, SEE997690956512, SEE996207143971, SEE922801489436, SEE958053018490, SEE993496965864",9,19700,"Freisener Höhe","Windenergie an Land",0,2004,NA
"2244","ABR935208668663","Windeinheit","SEE921914991393, SEE916001557293, SEE921483110058",3,19700,"WP Heyen V Rep.","Windenergie an Land",0,2027,NA
"2245","ABR986645205263","Windeinheit","SEE916080352260, SEE985142911752, SEE990381445418, SEE914635987530",4,19640,"WP Zernitz Repowering","Windenergie an Land",0,2026,NA
"2246","ABR920157854823","Windeinheit","SEE941273251747, SEE992175763197, SEE962393358710",3,19600,"Windpark Schmieritz","Windenergie an Land",0,2026,NA
"2247","ABR911764425858","Windeinheit","SEE996669306754, SEE979143370274, SEE955395176543, SEE922345845767, SEE935735243395, SEE915130821473, SEE955699512436",7,19580,"Windpark Bredenborn Holzhausen","Windenergie an Land",0,2015,NA
"2248","ABR906515502506","Windeinheit","SEE982878757401, SEE982577358503, SEE968031102028, SEE991978157387, SEE980649030760, SEE976768050239, SEE920943730256, SEE912225143199, SEE930691626916",9,19500,"BOR07","Windenergie an Land",0,2017,NA
"2249","ABR913072096652","Windeinheit","SEE977743845048, SEE965964109230, SEE961194582911, SEE949373744565, SEE969743986425, SEE951139703372, SEE964777744577, SEE991290879837, SEE957328592376, SEE962965297782, SEE961705066688, SEE963282346177, SEE979913946395",13,19500,"WM Weenermoor","Windenergie an Land",0,1998,NA
"2250","ABR940027560456","Windeinheit","SEE916554819398, SEE914955719675, SEE989962429350, SEE923199674923, SEE920321397972, SEE984748537472, SEE921217182757, SEE973603288970, SEE986756683714, SEE993700524313, SEE952277082626, SEE989144190771, SEE994609733783",13,19500,"WP Görike/Söllenthin GmbH ＆Co. KG Renditefonds","Windenergie an Land",0,2002,NA
"2251","ABR991395980636","Windeinheit","SEE952882466873, SEE946991000394, SEE903149410221, SEE959212414696, SEE917336970412, SEE994974819778, SEE915559852720, SEE968700048589, SEE965966882735, SEE908136474859, SEE933522432243, SEE983478070921, SEE904717088156",13,19500,"WP Niederrhein","Windenergie an Land",0,2005,NA
"2252","ABR911394318063","Windeinheit","SEE976713899562, SEE952761931027, SEE971502670346, SEE951406203673, SEE943807807994, SEE994093418852, SEE982090981158, SEE919556789171, SEE938445526482, SEE900747605837, SEE919532504323, SEE935389526165",12,19500,"Windpark Belecke","Windenergie an Land",0,2003,NA
"2253","ABR996548363045","Windeinheit","SEE991599114318, SEE983697807926, SEE974523529563, SEE938234433755, SEE967088383862, SEE919525854657, SEE968393151498, SEE929844677257, SEE936537868090, SEE922837735484, SEE912421659845, SEE957359940917, SEE972960501296",13,19500,"Wolgast","Windenergie an Land",0,2001,NA
"2254","ABR946554768013","Windeinheit","SEE999371536051, SEE908556544095, SEE939129833858, SEE932319557411, SEE977973495792, SEE998980144411, SEE911957086217",7,19460,"Bürgerwindpark Bardowick","Windenergie an Land",0,2017,NA
"2255","ABR997984998976","Windeinheit","SEE972994425438, SEE901771602694, SEE971740837143, SEE900113741534, SEE950950476403, SEE953244640047, SEE981722692370",7,19460,"Bürgerwindpark Südliche Ortenau","Windenergie an Land",0,2016,NA
"2256","ABR927906277339","Windeinheit","SEE982631159763, SEE935999472609, SEE970929275967, SEE938779722185, SEE974493096935, SEE950503960441",6,19450,"BWP 3 GmbH ＆ Co. KG","Windenergie an Land",0,2015,NA
"2257","ABR901133994078","Windeinheit","SEE956831442925, SEE993250642840, SEE932904845763, SEE914400063094, SEE905186538678",5,19400,"Windpark Dahlem GmbH ＆ Co.KG","Windenergie an Land",0,2021,NA
"2258","ABR919840057931","Windeinheit","SEE909296073562, SEE933662817566, SEE911490912691",3,19400,"Windpark Salenkruke","Windenergie an Land",0,2026,NA
"2259","ABR909513419609","Windeinheit","SEE926414728807, SEE944144504027, SEE962954804625",3,19300,"Brüningsen","Windenergie an Land",0,2027,NA
"2260","ABR909682406875","Windeinheit","SEE918025392775, SEE904979333124, SEE935968965712",3,19300,"Groß Luckow","Windenergie an Land",0,2028,NA
"2261","ABR960142287953","Windeinheit","SEE951860939231, SEE912507533304, SEE937386816645",3,19300,"WP Wussentin","Windenergie an Land",0,2027,NA
"2262","ABR990981441469","Windeinheit","SEE921734651927, SEE920820903391, SEE975145405228",3,19300,"Windpark Rorup","Windenergie an Land",0,2027,NA
"2263","ABR901965083414","Windeinheit","SEE927950587712, SEE928344303840, SEE912699727512, SEE982802265613, SEE948078036753, SEE953961892439, SEE912820125644, SEE946150239993",8,19250,"Faas","Windenergie an Land",0,2013,NA
"2264","ABR963101632863","Windeinheit","SEE912077026411, SEE943024614559, SEE989600153838, SEE925356421814",4,19200,"Energiepark Mittelschwansen","Windenergie an Land",0,2024,NA
"2265","ABR927690947142","Windeinheit","SEE913143011607, SEE927196530770, SEE964885778709, SEE923173071472",4,19200,"Holt Süd II","Windenergie an Land",0,2022,NA
"2266","ABR917601105563","Windeinheit","SEE963060033008, SEE962744090467, SEE920364887973, SEE945243133132",4,19200,"LS Repowering","Windenergie an Land",0,2026,NA
"2267","ABR967145298412","Windeinheit","SEE913601256694, SEE992766536438, SEE981628506788, SEE998103464242",4,19200,"Silberstedt-Hochmoor","Windenergie an Land",0,2023,NA
"2268","ABR956522847800","Windeinheit","SEE962860963522, SEE938806959812, SEE908086400861, SEE906187118746, SEE966744711643, SEE990064155085, SEE965117315518, SEE933482225176",8,19200,"Trianel Windpark Vogelherd","Windenergie an Land",0,2017,NA
"2269","ABR971969980262","Windeinheit","SEE930016866423, SEE994671401153, SEE953032466262, SEE985421636482",4,19200,"WP Koogwind","Windenergie an Land",0,2023,NA
"2270","ABR981952312512","Windeinheit","SEE958982752687, SEE946263187723, SEE945014189375, SEE930552884967, SEE959219172797, SEE945139483693",6,19200,"WP Mürow","Windenergie an Land",0,2017,NA
"2271","ABR933776283783","Windeinheit","SEE989898796755, SEE922599761684, SEE923130826589, SEE923579933169",4,19200,"WP Padenstedt","Windenergie an Land",0,2027,NA
"2272","ABR932048258139","Windeinheit","SEE909151644029, SEE908185974652, SEE966553665762, SEE958159616569, SEE937744177838, SEE926881122313, SEE907339679962, SEE983957222988",8,19200,"Windenergie Randerath GmbH ＆ Co. KG","Windenergie an Land",0,2017,NA
"2273","ABR973539296803","Windeinheit","SEE931140358617, SEE916635091903, SEE907371345177, SEE939339763631, SEE904595247010, SEE946007164744, SEE960087440796, SEE911668392393",8,19200,"Windpark Coppenbrügge","Windenergie an Land",0,2015,NA
"2274","ABR972531438525","Windeinheit","SEE974342913512, SEE943971118841, SEE988739483618, SEE991012079217, SEE943070469295",5,19200,"Windpark Grammersdorf","Windenergie an Land",0,1996,NA
"2275","ABR989835873259","Windeinheit","SEE921232732913, SEE936011061535, SEE974020741062, SEE924554798698, SEE973749298420, SEE939725658091, SEE922754526226, SEE974290934812",8,19200,"Windpark Hohenzellig","Windenergie an Land",0,2015,NA
"2276","ABR964261670290","Windeinheit","SEE901188089804, SEE969208851442, SEE937345467772, SEE996289816640",4,19200,"Windpark Lutzhöft","Windenergie an Land",0,2025,NA
"2277","ABR909050485372","Windeinheit","SEE925562097841, SEE915119182762, SEE913226954845",3,19200,"Windpark Mühlen Eichsen","Windenergie an Land",0,2025,NA
"2278","ABR956184670464","Windeinheit","SEE918671684682, SEE919242395785, SEE938731483208, SEE980283621300",4,19200,"Windpark Waabs","Windenergie an Land",0,2024,NA
"2279","ABR944210684370","Windeinheit","SEE950910313250, SEE928675123384, SEE970154393146, SEE989719890907, SEE999908810043",5,19150,"Drei Hügel","Windenergie an Land",0,2024,NA
"2280","ABR941364780057","Windeinheit","SEE920642043114, SEE964841484644, SEE971906638652, SEE980096692368, SEE946982160540, SEE991579951032, SEE995820394753, SEE906505862849",8,19150,"WP KD","Windenergie an Land",0,2003,NA
"2281","ABR993473132661","Windeinheit","SEE940887124522, SEE978236067534, SEE976360843888, SEE961681911941, SEE982603998567",5,19100,"Oberseifersdorf","Windenergie an Land",0,2002,NA
"2282","ABR924601204608","Windeinheit","SEE913803058461, SEE935859936821, SEE904344587367, SEE953033247563, SEE992711537039",5,19100,"Tüngeda","Windenergie an Land",0,2015,NA
"2283","ABR920632827908","Windeinheit","SEE931329460001, SEE926610299972, SEE968106483434, SEE933540732219, SEE915382566863, SEE922384081799",6,19020,"BB Wind","Windenergie an Land",0,2014,NA
"2284","ABR930149257914","Windeinheit","SEE965157398069, SEE998693517700, SEE991728244541, SEE937283861144, SEE981792930327, SEE925422907792",6,19020,"Neuenkirchen BWP 1","Windenergie an Land",0,2015,NA
"2285","ABR955997833677","Windeinheit","SEE935335125244, SEE942526486695, SEE910700730872, SEE947133933686, SEE982891755200, SEE927855950109",6,19020,"Norstedt-Wind","Windenergie an Land",0,2014,NA
"2286","ABR907318821580","Windeinheit","SEE929063348860, SEE993431889552, SEE978046581084, SEE994046240288, SEE948680983438, SEE995148482514, SEE980621025876",7,18950,"Bürgerwindpark Schwesing GmbH ＆ Co. KG","Windenergie an Land",0,1998,NA
"2287","ABR955471044155","Windeinheit","SEE906319153614, SEE973162592013, SEE950920286520",3,18900,"ABO Energy WP Lindlar-Vogelberg","Windenergie an Land",0,2027,NA
"2288","ABR962309460582","Windeinheit","SEE904164743264, SEE914979154742, SEE947839349538, SEE936786686209, SEE930893795038, SEE965633769451",6,18900,"WP Altenbruch I Repowering","Windenergie an Land",0,2016,NA
"2289","ABR986645205263","Windeinheit","SEE994350822187, SEE954955110645, SEE911272041731",3,18900,"WP Schulenburg_III","Windenergie an Land",0,2028,NA
"2290","ABR939357911526","Windeinheit","SEE902479637575, SEE913220146802, SEE956801297388",3,18900,"Windpark Böttingen-Buch","Windenergie an Land",0,2027,NA
"2291","ABR970235096232","Windeinheit","SEE941394733399, SEE941198373050, SEE977939527802, SEE974392593788",4,18900,"Windpark Krummbek","Windenergie an Land",0,2027,NA
"2292","ABR939074410005","Windeinheit","SEE956565317841, SEE954319307247, SEE982530069545",3,18900,"Windpark Roßtal","Windenergie an Land",0,2028,NA
"2293","ABR917113238353","Windeinheit","SEE926732651979, SEE988168852696, SEE975692306979",3,18900,"Womelsdorf","Windenergie an Land",0,2026,NA
"2294","ABR913706167383","Windeinheit","SEE943406903592, SEE912745751430, SEE994234890837, SEE947944821547, SEE988245136381",5,18870,"Windpark Hasselbach","Windenergie an Land",0,2017,NA
"2295","ABR955975541112","Windeinheit","SEE945207522811, SEE967185107187, SEE997363639353, SEE985442657749",4,18800,"Roldisleben","Windenergie an Land",0,2021,NA
"2296","ABR994636054042","Windeinheit","SEE902912714429, SEE959624933488, SEE922139269021, SEE995353597492, SEE999135105721, SEE948098808965, SEE921919879290, SEE959359530402",8,18800,"Windpark Schönberg GmbH ＆ Co. KG","Windenergie an Land",0,2019,NA
"2297","ABR949473996352","Windeinheit","SEE913312173204, SEE980834730567, SEE929232171893, SEE900712127906, SEE943459418463",5,18634,"WEA 6","Windenergie an Land",0,1999,NA
"2298","ABR928916456455","Windeinheit","SEE913207046392, SEE934309224037, SEE904956976245",3,18600,"ABO Wind WP Weilrod II","Windenergie an Land",0,2025,NA
"2299","ABR907848921200","Windeinheit","SEE933132141382, SEE906288618879, SEE918868603519, SEE924911598213",4,18600,"Achim-Bollen","Windenergie an Land",0,2021,NA
"2300","ABR918582642863","Windeinheit","SEE986764652764, SEE968690034661, SEE990378499820",3,18600,"Bad Bentheim - Erweiterung ＆ Repowering","Windenergie an Land",0,2027,NA
"2301","ABR941190092140","Windeinheit","SEE930954419392, SEE992231934691, SEE958748633755",3,18600,"Bad Laasphe-Feudingen","Windenergie an Land",0,2029,NA
"2302","ABR963913170188","Windeinheit","SEE916095607065, SEE950682552819, SEE966981096046, SEE903615307437, SEE942409927567",5,18600,"Blumberg","Windenergie an Land",0,2018,NA
"2303","ABR953279968383","Windeinheit","SEE999887403069, SEE910614950656, SEE934621202393",3,18600,"Bürgerwindpark Vinstedt","Windenergie an Land",0,2025,NA
"2304","ABR935787334270","Windeinheit","SEE950254292204, SEE935559654858, SEE900002935310, SEE905106484047, SEE964382712206",5,18600,"Jacobsdorf","Windenergie an Land",0,2000,NA
"2305","ABR936348298444","Windeinheit","SEE974295894647, SEE985949030144, SEE986404448658",3,18600,"Kilbe-Mitte","Windenergie an Land",0,2026,NA
"2306","ABR941190092140","Windeinheit","SEE932594788753, SEE981297723622, SEE942926949929",3,18600,"Leukersdorf","Windenergie an Land",0,2027,NA
"2307","ABR941190092140","Windeinheit","SEE937737535812, SEE931891405172, SEE996308529445",3,18600,"Mossautal-Schnappgalgen","Windenergie an Land",0,2027,NA
"2308","ABR944802357170","Windeinheit","SEE972563717216, SEE934394858759, SEE958728304217, SEE974755211632, SEE984135554853, SEE932066334747, SEE993388615884",7,18600,"Neuenrade","Windenergie an Land",0,1994,NA
"2309","ABR902080022883","Windeinheit","SEE925903688776, SEE905455264093, SEE999007618571",3,18600,"Repowering Windpark Liethe","Windenergie an Land",0,2025,NA
"2310","ABR989646990305","Windeinheit","SEE955055902017, SEE974356712477, SEE969929327004",3,18600,"WP Mammendorf II","Windenergie an Land",0,2028,NA
"2311","ABR967518303026","Windeinheit","SEE970972355272, SEE959768168401, SEE986141450389",3,18600,"WP Schwalmtal","Windenergie an Land",0,2025,NA
"2312","ABR956960509834","Windeinheit","SEE915163727667, SEE992780909683, SEE943546776711",3,18600,"WP Uehrde III","Windenergie an Land",0,2026,NA
"2313","ABR925434661491","Windeinheit","SEE906959307538, SEE962611603370, SEE991908087760",3,18600,"Windpark Broderstorf","Windenergie an Land",0,2021,NA
"2314","ABR964252174417","Windeinheit","SEE985475088923, SEE981407551343, SEE909481671344",3,18600,"Windpark Bucha","Windenergie an Land",0,2027,NA
"2315","ABR903537868139","Windeinheit","SEE956791859498, SEE938580594827, SEE977596336199",3,18600,"Windpark Düvier","Windenergie an Land",0,2028,NA
"2316","ABR941190092140","Windeinheit","SEE974384947285, SEE913882998863, SEE964189341371",3,18600,"Windpark Etzean","Windenergie an Land",0,2027,NA
"2317","ABR944401108647","Windeinheit","SEE967188214202, SEE930931174788, SEE935684569843",3,18600,"Windpark Nienwohlde","Windenergie an Land",0,2026,NA
"2318","ABR916351662685","Windeinheit","SEE986930642971, SEE948064408441, SEE907057771122",3,18600,"Windpark Saidenberg","Windenergie an Land",0,2022,NA
"2319","ABR905207079364","Windeinheit","SEE960390693377, SEE901350125309, SEE996408798123",3,18600,"Windpark WMO Quantwick Ost","Windenergie an Land",0,2027,NA
"2320","ABR977318555303","Windeinheit","SEE988434048013, SEE991870604361, SEE925268052083, SEE959870329448, SEE941685322417, SEE959929617663",6,18600,"Windpark-Borssum","Windenergie an Land",0,2005,NA
"2321","ABR984273646076","Windeinheit","SEE966308420295, SEE902378964666, SEE922574758807, SEE953289998660, SEE983320318775, SEE986870320830",6,18500,"Nentzelsrode","Windenergie an Land",0,2018,NA
"2322","ABR993332229709","Windeinheit","SEE925101322403, SEE964025649166, SEE960360269007, SEE943768905609, SEE936906236598, SEE918483526507, SEE906752097339, SEE969205961014",8,18500,"Windpark Barnstorf","Windenergie an Land",0,2013,NA
"2323","ABR923388587713","Windeinheit","SEE951223439118, SEE931729343294, SEE916981856577, SEE906699186011, SEE965759694842, SEE992006830357",6,18450,"WP Bokel/Ellerdorf","Windenergie an Land",0,2013,NA
"2324","ABR943631061814","Windeinheit","SEE902683762001, SEE967821545625, SEE991980519456, SEE901960361302, SEE996076673869, SEE919288176331",6,18450,"WP Niederhausen","Windenergie an Land",0,2014,NA
"2325","ABR978607233513","Windeinheit","SEE997619611522, SEE990855924920, SEE915060581539, SEE902014854016, SEE934288920388, SEE971320459659",6,18450,"Windpark Langenzenn","Windenergie an Land",0,2014,NA
"2326","ABR929832519200","Windeinheit","SEE949984955732, SEE969499157391, SEE903044575551, SEE943626869838, SEE972874054147, SEE990382546671",6,18450,"Wittgenstein New Energy","Windenergie an Land",0,2013,NA
"2327","ABR920543322295","Windeinheit","SEE933403719395, SEE958454219656, SEE954162123117, SEE979268858763, SEE937453414552, SEE997296316864, SEE986629481072, SEE946350660337, SEE955259920558",9,18429.8,"Windpark Hof","Windenergie an Land",0,2011,NA
"2328","ABR979019404232","Windeinheit","SEE977781014314, SEE966259281181, SEE956554095934, SEE994441153961, SEE919475408801, SEE996015121475, SEE929042495486, SEE981342899302",8,18400,"Bürger-Windpark-Westfehmarn II GmbH ＆ Co. KG","Windenergie an Land",0,2008,NA
"2329","ABR993515623829","Windeinheit","SEE941842418175, SEE934903038351, SEE971061163235, SEE917786830380, SEE923310082521, SEE916082775906, SEE951413264445, SEE960325619694",8,18400,"Escherwind","Windenergie an Land",0,2017,NA
"2330","ABR952001194175","Windeinheit","SEE943962171206, SEE990956125066, SEE989120132856, SEE986234800732, SEE982146826297, SEE981772461940, SEE919998937376, SEE988042776032",8,18400,"Grabow-Reesen","Windenergie an Land",0,2014,NA
"2331","ABR915282303285","Windeinheit","SEE971460697393, SEE912822223287, SEE967389922630, SEE948858607883, SEE929362059962, SEE958208943042, SEE978485840131, SEE975942958392",8,18400,"Jänickendorf","Windenergie an Land",0,2013,NA
"2332","ABR968473369980","Windeinheit","SEE957918915981, SEE928058449421, SEE989301399252, SEE929233642286, SEE935906940092, SEE965379846508, SEE929839065007, SEE950890687020",8,18400,"WP Fahrenwalde","Windenergie an Land",0,2012,NA
"2333","ABR998919192087","Windeinheit","SEE920929284469, SEE910707945798, SEE984881148740, SEE963259655851, SEE915490678854, SEE916843845930, SEE939685151946, SEE962361339505",8,18400,"WP Kublank GmbH ＆ Co. KG","Windenergie an Land",0,2012,NA
"2334","ABR932843902374","Windeinheit","SEE962889505581, SEE918265652578, SEE907792322559, SEE924216132563, SEE989722474613, SEE976666829876",6,18400,"Weselberg","Windenergie an Land",0,2002,NA
"2335","ABR978986620539","Windeinheit","SEE998116187909, SEE976352742106, SEE966928683285, SEE908963243031, SEE909010976001, SEE948731847856, SEE995112929465, SEE915759758808",8,18400,"Windfarm Elsdorf","Windenergie an Land",0,2008,NA
"2336","ABR939813422382","Windeinheit","SEE988645125688, SEE932700659489, SEE956779354137, SEE978756434366, SEE929961924470, SEE903245881642, SEE915099713819, SEE989345672267",8,18400,"Windpark Heidehof II","Windenergie an Land",0,2012,NA
"2337","ABR928567608968","Windeinheit","SEE966844026388, SEE949342491810, SEE916639702508",3,18400,"Windpark Olsberg","Windenergie an Land",0,2029,NA
"2338","ABR903956531300","Windeinheit","SEE941798025342, SEE922566440093, SEE974345239251, SEE982294204022, SEE970116780298, SEE943239292740, SEE964112072549, SEE935403187471",8,18400,"Windpark Weidehof","Windenergie an Land",0,2014,NA
"2339","ABR985846928049","Windeinheit","SEE993717627939, SEE923698066496, SEE913910636484, SEE924198737343, SEE976788439342, SEE916017326647, SEE969860267261, SEE915547111952",8,18400,"Zweite Junkersrott","Windenergie an Land",0,2009,NA
"2340","ABR973599868989","Windeinheit","SEE970656374315, SEE992309404217, SEE934504181692, SEE900284763922, SEE980945728354, SEE948116469659, SEE947127862312, SEE928789986578, SEE987764871865",9,18350,"Bic","Windenergie an Land",0,2009,NA
"2341","ABR968475431029","Windeinheit","SEE983883945623, SEE996675546731, SEE952809640430, SEE985993939011, SEE949944970171, SEE908854202673",6,18300,"Bürgerwindpark Schleiden","Windenergie an Land",0,2014,NA
"2342","ABR976628174648","Windeinheit","SEE902892536868, SEE989548748882, SEE954648572606, SEE969167641016, SEE926288904345, SEE978994921321",6,18300,"Gemeinschaftswindpark Kandrich","Windenergie an Land",0,2014,NA
"2343","ABR965876464977","Windeinheit","SEE955517368856, SEE941037015059, SEE947792766816, SEE988799088266",4,18300,"Windpark Bokel","Windenergie an Land",0,2022,NA
"2344","ABR973951537799","Windeinheit","SEE967383787815, SEE986833622568, SEE913077166305, SEE925827816866, SEE980554289420, SEE927133254684",6,18300,"Windpark Fürfeld","Windenergie an Land",0,2013,NA
"2345","ABR928526968966","Windeinheit","SEE963832759402, SEE902157863517, SEE903656961452, SEE922636870645, SEE944350606317, SEE937000739633",6,18300,"Windpark Golzwarden","Windenergie an Land",0,2017,NA
"2346","ABR923178676795","Windeinheit","SEE955767735996, SEE957172697388, SEE988613333138, SEE913347024267, SEE921533509016, SEE928741148815",6,18300,"Windpark Helmste GmbH ＆ Co. KG","Windenergie an Land",0,2016,NA
"2347","ABR917952693580","Windeinheit","SEE906708435314, SEE997415779839, SEE942868049640, SEE987488337067, SEE922420891016, SEE902787154054",6,18300,"Windpark Pronstorf","Windenergie an Land",0,2015,NA
"2348","ABR989393706204","Windeinheit","SEE903678546200, SEE946663448929, SEE982770519855, SEE960576290673, SEE901874514603, SEE997789067389, SEE998502826917, SEE938027235931, SEE996442670539, SEE967716275279, SEE989018299654, SEE973081419538, SEE932021992999, SEE973688807417",14,18200,"Podelzig-Lebus","Windenergie an Land",0,2002,NA
"2349","ABR933676027579","Windeinheit","SEE900671091393, SEE931191715599, SEE995711659725",3,18200,"WP Bredentin 2","Windenergie an Land",0,2026,NA
"2350","ABR975171257136","Windeinheit","SEE999268069600, SEE900026085282, SEE951056528102",3,18200,"Windpark Kanzlei","Windenergie an Land",0,2024,NA
"2351","ABR957940970385","Windeinheit","SEE994092345623, SEE945228398426, SEE989018128305",3,18200,"Windpark Remblinghausen","Windenergie an Land",0,2027,NA
"2352","ABR915827645443","Windeinheit","SEE939405062668, SEE938659855378, SEE957892097567",3,18160,"Diepenau","Windenergie an Land",0,2012,NA
"2353","ABR971472825159","Windeinheit","SEE942295386226, SEE943357198436, SEE998756028457, SEE978519600557, SEE972042655381",5,18150,"MÖ Matteshöhe","Windenergie an Land",0,2019,NA
"2354","ABR927900758889","Windeinheit","SEE925626575339, SEE999919714026, SEE952751996449, SEE922807103862, SEE925690625329, SEE976183724111, SEE979817751453, SEE913644898165, SEE964417865563",9,18100,"Langenbach","Windenergie an Land",0,1995,NA
"2355","ABR944039012187","Windeinheit","SEE971779983453, SEE939806669862, SEE941752235879",3,18100,"Windpark Trendelburg II","Windenergie an Land",0,2027,NA
"2356","ABR946197053217","Windeinheit","SEE925784643635, SEE926752083101, SEE963638629862, SEE940310225246, SEE986808206526, SEE930378094212",6,18050,"Windpool Sinningen GmbH ＆ Co. KG","Windenergie an Land",0,2018,NA
"2357","ABR974634764013","Windeinheit","SEE954632253603, SEE927434732355, SEE954628302346",3,18000,"Ahaus Alstätte Ottenstein","Windenergie an Land",0,2029,NA
"2358","ABR924674808260","Windeinheit","SEE985818635128, SEE941114094380, SEE995617882227, SEE938751134852, SEE928564423663, SEE924636817033, SEE988156518993, SEE918646327583, SEE922582710477",9,18000,"Altlandsberg","Windenergie an Land",0,2004,NA
"2359","ABR969875200208","Windeinheit","SEE987631538228, SEE913030560348, SEE923457488170, SEE995807470814, SEE984022848232, SEE936180933749",6,18000,"BWP DFS","Windenergie an Land",0,2016,NA
"2360","ABR998880503035","Windeinheit","SEE931936221965, SEE914057943152, SEE999763976717, SEE947391810385, SEE912520805754",5,18000,"Bürger-Windpark Großenaspe GmbH ＆ Co. KG","Windenergie an Land",0,2023,NA
"2361","ABR950061968552","Windeinheit","SEE908897793756, SEE993900568605, SEE965976397434, SEE917693096794, SEE920240045435",5,18000,"Bürgerwindpark Norderhof II GmbH ＆ Co. KG","Windenergie an Land",0,2014,NA
"2362","ABR900918950018","Windeinheit","SEE904389985135, SEE951805058270, SEE925974037824",3,18000,"Crussow Repowering","Windenergie an Land",0,2027,NA
"2363","ABR977929803824","Windeinheit","SEE925022318134, SEE969121729057, SEE927911135518, SEE999573636665, SEE904152455742",5,18000,"Dolleruper Bürgerwindpark","Windenergie an Land",0,2023,NA
"2364","ABR941190092140","Windeinheit","SEE944240882593, SEE964939374901, SEE928301545634",3,18000,"Drebach","Windenergie an Land",0,2028,NA
"2365","ABR961645015357","Windeinheit","SEE919208919963, SEE935652043788, SEE900189117318",3,18000,"Dörentrup","Windenergie an Land",0,2024,NA
"2366","ABR989393706204","Windeinheit","SEE907420511416, SEE956827075687, SEE922064655067, SEE985428739827, SEE922968393829, SEE972089728772, SEE930067672042, SEE956731934599, SEE998551394061",9,18000,"Eilsleben II","Windenergie an Land",0,2006,NA
"2367","ABR979914253638","Windeinheit","SEE904240235775, SEE943823926914, SEE991237914720, SEE960346999263, SEE994994289001, SEE940270243700, SEE942427586210, SEE990741573737, SEE906659857814",9,18000,"Eixen","Windenergie an Land",0,2006,NA
"2368","ABR937717492104","Windeinheit","SEE931980772024, SEE973475390870, SEE993661851978",3,18000,"Ennigerloh Westkirchen SG8","Windenergie an Land",0,2026,NA
"2369","ABR924777485047","Windeinheit","SEE935696131120, SEE999033998159, SEE979610392235",3,18000,"Erler Lohr","Windenergie an Land",0,2028,NA
"2370","ABR942985291304","Windeinheit","SEE987847418444, SEE990143596693, SEE900275990986",3,18000,"Garlipp","Windenergie an Land",0,2027,NA
"2371","ABR902788064918","Windeinheit","SEE925682499297, SEE944678822024, SEE929990328515",3,18000,"Gudendorf 1","Windenergie an Land",0,2023,NA
"2372","ABR964232830579","Windeinheit","SEE933814125297, SEE977944368070, SEE950499967646, SEE993132092114, SEE972552594507, SEE929376543655, SEE989499204949, SEE900853743065, SEE929206572084",9,18000,"Gunzenhausen","Windenergie an Land",0,2011,NA
"2373","ABR989934150039","Windeinheit","SEE978674440258, SEE971546545655, SEE918189274078, SEE997896212375, SEE931825760131, SEE933760909477, SEE999579345622, SEE912257031334, SEE963471698827, SEE909194513658",10,18000,"Gö-Wi","Windenergie an Land",0,2001,NA
"2374","ABR960504436517","Windeinheit","SEE974605776526, SEE960143318649, SEE930018353860",3,18000,"HAI3","Windenergie an Land",0,2027,NA
"2375","ABR950655067869","Windeinheit","SEE970355894695, SEE941426123365, SEE970005036185",3,18000,"Hellenthal-Wiesenhardt","Windenergie an Land",0,2028,NA
"2376","ABR959007905910","Windeinheit","SEE963895509860, SEE912824495309, SEE984201276993",3,18000,"Holsthum","Windenergie an Land",0,2027,NA
"2377","ABR973685049735","Windeinheit","SEE916052807095, SEE933426220052, SEE902932412237, SEE994758919984, SEE945127962476",5,18000,"Jeetze II","Windenergie an Land",0,2020,NA
"2378","ABR920789433014","Windeinheit","SEE917086932357, SEE990833674168, SEE973484973699",3,18000,"Kevelaer-Ost","Windenergie an Land",0,2028,NA
"2379","ABR973783193897","Windeinheit","SEE978321229533, SEE982527056237, SEE986719505732, SEE942222878343",4,18000,"Langenberg","Windenergie an Land",0,2002,NA
"2380","ABR973576532803","Windeinheit","SEE923607665246, SEE988345993341, SEE900253533136, SEE928084597325, SEE972900408524, SEE979056734002, SEE946350188923, SEE925638089930, SEE940089792710",9,18000,"Lohe","Windenergie an Land",0,2007,NA
"2381","ABR925413090380","Windeinheit","SEE993169679364, SEE955472100621, SEE971156548954, SEE988652903705, SEE918834847619, SEE965486547084, SEE952261216808, SEE957338056844, SEE926424062328, SEE941151334722",10,18000,"Ludwigsdorf","Windenergie an Land",0,2003,NA
"2382","ABR995885980885","Windeinheit","SEE993110867109, SEE987178327637, SEE916307051921",3,18000,"Luhnstedt","Windenergie an Land",0,2028,NA
"2383","ABR937951536343","Windeinheit","SEE911051355646, SEE981972101462, SEE983109872863",3,18000,"MSH Bürger-Windpark-Feldatal","Windenergie an Land",0,2024,NA
"2384","ABR948741077625","Windeinheit","SEE998429014121, SEE981329693343, SEE901358413620",3,18000,"Manker-Protzen","Windenergie an Land",0,2028,NA
"2385","ABR904280546336","Windeinheit","SEE906869804691, SEE931734881378, SEE992931972382",3,18000,"Marienmünster","Windenergie an Land",0,2025,NA
"2386","ABR954402629102","Windeinheit","SEE923152875817, SEE926760641706, SEE914531865147",3,18000,"Möhnesee-Berlingsen","Windenergie an Land",0,2027,NA
"2387","ABR984310879900","Windeinheit","SEE946993214331, SEE936160360688, SEE971076631132, SEE937065935117, SEE981795700248, SEE963452848272, SEE978374852832, SEE920719193940, SEE923943411194",9,18000,"NxW Lübbow Bösel GmbH","Windenergie an Land",0,2009,NA
"2388","ABR924094071145","Windeinheit","SEE980303743579, SEE919906577861, SEE988802374423",3,18000,"Osterholz","Windenergie an Land",0,2028,NA
"2389","ABR954197407381","Windeinheit","SEE949673765598, SEE976498388848, SEE953080396733",3,18000,"Regio-Wind","Windenergie an Land",0,2027,NA
"2390","ABR913461090056","Windeinheit","SEE973767393572, SEE968257163698, SEE912678204973",3,18000,"Reuterberg","Windenergie an Land",0,2027,NA
"2391","ABR953237127944","Windeinheit","SEE988317674827, SEE903106898352, SEE939105998472",3,18000,"Rhede Külver Heide","Windenergie an Land",0,2028,NA
"2392","ABR966122865708","Windeinheit","SEE989616239137, SEE960739363329, SEE911288201969",3,18000,"Rosendahl Oberdarfeld","Windenergie an Land",0,2025,NA
"2393","ABR941190092140","Windeinheit","SEE960107271720, SEE975456161578, SEE942715461199",3,18000,"Tanna-Unterkoskau","Windenergie an Land",0,2029,NA
"2394","ABR902937763440","Windeinheit","SEE927130704632, SEE993648383928, SEE950651300540, SEE915157744632",4,18000,"Trianel Windpark Gande","Windenergie an Land",0,2023,NA
"2395","ABR921884713391","Windeinheit","SEE906430003188, SEE917630572176, SEE947538455288, SEE906766258733, SEE993405723301, SEE902327056190, SEE938154406396, SEE945067112832, SEE912408508364",9,18000,"Unseburg","Windenergie an Land",0,2006,NA
"2396","ABR942552728578","Windeinheit","SEE985840782487, SEE939753516752, SEE972667490619",3,18000,"WEA Berk","Windenergie an Land",0,2027,NA
"2397","ABR979916951396","Windeinheit","SEE976126386413, SEE997990646144, SEE994017365927, SEE910923969424, SEE958031499327, SEE938497366067, SEE937381809970, SEE976140071555, SEE981101267755",9,18000,"WKN Windkraft Nord GmbH ＆Co. Windpark Seelow KG","Windenergie an Land",0,2002,NA
"2398","ABR930362705162","Windeinheit","SEE900064039605, SEE973668615544, SEE999585302237, SEE910731771592, SEE945465984901, SEE945159820027",6,18000,"WP Bassum-Friedeholzheide","Windenergie an Land",0,2016,NA
"2399","ABR905489087392","Windeinheit","SEE962345116023, SEE915766142553, SEE948479714571",3,18000,"WP Ebschied","Windenergie an Land",0,2027,NA
"2400","ABR987947672791","Windeinheit","SEE908973619529, SEE956902077193, SEE914114712851, SEE969406915410, SEE924229756701, SEE987846105666, SEE913233388473, SEE951880177583, SEE912672106815",9,18000,"WP Hamersen","Windenergie an Land",0,2007,NA
"2401","ABR929552132659","Windeinheit","SEE960166848987, SEE935501132045, SEE944360324812, SEE988037321087, SEE984940799913, SEE992150038708, SEE998691740162, SEE989168684119, SEE902247220190",9,18000,"WP Hangelberg","Windenergie an Land",0,2003,NA
"2402","ABR971179165381","Windeinheit","SEE977835661990, SEE998722004409, SEE917110617212, SEE947312169875, SEE976747818799, SEE923522978070",6,18000,"WP Kniphagen","Windenergie an Land",0,2014,NA
"2403","ABR989906971099","Windeinheit","SEE953333200015, SEE925647767461, SEE992678483844, SEE936961301934, SEE924991538536, SEE950414145302, SEE922754792232, SEE946694561956, SEE994346058347",9,18000,"WP Lockstedt (Siestedt)","Windenergie an Land",0,2007,NA
"2404","ABR908531125639","Windeinheit","SEE956458812712, SEE913097852974, SEE942480101344",3,18000,"WP Neubrunn","Windenergie an Land",0,2026,NA
"2405","ABR941929215017","Windeinheit","SEE996793760507, SEE913236138075, SEE982181652394, SEE988699475159, SEE917408208320, SEE981347963244, SEE965164012576, SEE914750086422, SEE941357828919, SEE930512313476, SEE927505543699, SEE938941311803",12,18000,"WP Owschlag","Windenergie an Land",0,2001,NA
"2406","ABR962208113848","Windeinheit","SEE901699636290, SEE912556774857, SEE954670931792, SEE970127546289, SEE912879155234, SEE981057215763",6,18000,"WP Spahnharrenstätte","Windenergie an Land",0,2016,NA
"2407","ABR986645205263","Windeinheit","SEE981133989717, SEE916566028849, SEE939455128031",3,18000,"WP Titisee-Neustadt","Windenergie an Land",0,2028,NA
"2408","ABR929819744946","Windeinheit","SEE969527181268, SEE976394413651, SEE998700747847, SEE952066124742, SEE924853487354, SEE915280540323",6,18000,"WP Uetze","Windenergie an Land",0,2002,NA
"2409","ABR906592466708","Windeinheit","SEE973868665523, SEE905363277451, SEE946103783283, SEE999151140201, SEE969997488782, SEE926673874369, SEE943234359288, SEE975130558038, SEE973967950148",9,18000,"WP Werbach-Wenkheim","Windenergie an Land",0,2007,NA
"2410","ABR989642019673","Windeinheit","SEE960864394717, SEE960960729598, SEE935243087627, SEE902568364672, SEE901760715299, SEE970709035378, SEE987511103089, SEE950927851080, SEE963201811984",9,18000,"WP Wilstedt","Windenergie an Land",0,2009,NA
"2411","ABR909620308292","Windeinheit","SEE964305280010, SEE914847448416, SEE906809905570, SEE942325376210, SEE956491064901, SEE937917968713",6,18000,"WP_Brilon","Windenergie an Land",0,2017,NA
"2412","ABR903047002184","Windeinheit","SEE941895082132, SEE967450425596, SEE934137999626, SEE944660491238, SEE952954487812, SEE901471812881",6,18000,"Werneck-Essleben","Windenergie an Land",0,2015,NA
"2413","ABR977113935270","Windeinheit","SEE988074823384, SEE944791290533, SEE956496135088, SEE998656024627, SEE905586558863, SEE958444039967, SEE959702210753, SEE922299555453, SEE983869014558",9,18000,"Westerberg","Windenergie an Land",0,2002,NA
"2414","ABR957465173179","Windeinheit","SEE907871001740, SEE988863973269, SEE922868208902, SEE931783942549",4,18000,"Windenergie Heubuscher Weg","Windenergie an Land",0,2020,NA
"2415","ABR939010043748","Windeinheit","SEE930206762566, SEE945129166469, SEE974418901627",3,18000,"Windpark Altenhof","Windenergie an Land",0,2028,NA
"2416","ABR979381459151","Windeinheit","SEE992504660784, SEE939452894939, SEE922568907761, SEE949256372274, SEE962138804199, SEE927294860281, SEE954130999447, SEE938960414875, SEE923515123845",9,18000,"Windpark Beppener Bruch II","Windenergie an Land",0,2005,NA
"2417","ABR940721529735","Windeinheit","SEE988253848092, SEE914316925103, SEE921449812439, SEE911597344999, SEE969864196147, SEE925656259285",6,18000,"Windpark Blaue Ecke","Windenergie an Land",0,2018,NA
"2418","ABR925055351955","Windeinheit","SEE943825262072, SEE945449096828, SEE928387257957",3,18000,"Windpark Bostelwiebeck II","Windenergie an Land",0,2023,NA
"2419","ABR914391589023","Windeinheit","SEE995388929541, SEE915679820616, SEE916014708071",3,18000,"Windpark Brehmen","Windenergie an Land",0,2027,NA
"2420","ABR936835336604","Windeinheit","SEE958273178004, SEE961777220841, SEE903564795729, SEE916049450549",4,18000,"Windpark Bühnerbach","Windenergie an Land",0,2026,NA
"2421","ABR995532998553","Windeinheit","SEE941694026498, SEE936523944159, SEE970090310627, SEE975449819417, SEE952219732237, SEE935647460880",6,18000,"Windpark Die Gleiche","Windenergie an Land",0,2016,NA
"2422","ABR995820353118","Windeinheit","SEE924781463987, SEE994471203551, SEE908328137517, SEE925575984824, SEE909990270601, SEE908678584276, SEE929988092589, SEE921196949334, SEE955892800125",9,18000,"Windpark Dörnthal am Saidenberg","Windenergie an Land",0,2007,NA
"2423","ABR918112960054","Windeinheit","SEE914695689870, SEE980543278107, SEE916947690894",3,18000,"Windpark Eggensee-Wulkersdorf","Windenergie an Land",0,2027,NA
"2424","ABR973468143551","Windeinheit","SEE924896643472, SEE907197651810, SEE990030442287",3,18000,"Windpark Freiensteinau-Radmühl","Windenergie an Land",0,2027,NA
"2425","ABR949078050190","Windeinheit","SEE902499993118, SEE978249362268, SEE980475821907, SEE954252786116, SEE948664227329",5,18000,"Windpark Freimersheim GmbH ＆ Co. KG","Windenergie an Land",0,2022,NA
"2426","ABR950390016719","Windeinheit","SEE963270401628, SEE975631234509, SEE949272994351",3,18000,"Windpark Haltern","Windenergie an Land",0,2025,NA
"2427","ABR929383474010","Windeinheit","SEE902392323111, SEE959597285256, SEE933273822362, SEE932943508889, SEE916835118523, SEE962352019362, SEE971023802233, SEE925729504601, SEE917962611642",9,18000,"Windpark Hermannsburg","Windenergie an Land",0,2006,NA
"2428","ABR938028886620","Windeinheit","SEE930082099107, SEE959880487572, SEE929215869441",3,18000,"Windpark Herzberg","Windenergie an Land",0,2027,NA
"2429","ABR958994662431","Windeinheit","SEE994808350941, SEE999182541275, SEE943599647730",3,18000,"Windpark Heuberg","Windenergie an Land",0,2027,NA
"2430","ABR943137037733","Windeinheit","SEE935068545265, SEE937484966266, SEE908520748511",3,18000,"Windpark Horath","Windenergie an Land",0,2026,NA
"2431","ABR940471252969","Windeinheit","SEE929461444577, SEE972791142231, SEE917190460838",3,18000,"Windpark Jönsthövel","Windenergie an Land",0,2026,NA
"2432","ABR916115096862","Windeinheit","SEE901239239080, SEE986324902827, SEE904936102374",3,18000,"Windpark Kerpen-Marienfeld","Windenergie an Land",0,2027,NA
"2433","ABR913356278590","Windeinheit","SEE977207999096, SEE932429140978, SEE942007453345, SEE926679922873",4,18000,"Windpark Keula","Windenergie an Land",0,2023,NA
"2434","ABR987765810900","Windeinheit","SEE921646266424, SEE995376085730, SEE956157811160, SEE939584637732, SEE964736323744, SEE927856642355, SEE931225604561, SEE984549375129, SEE985186449372",9,18000,"Windpark Kuhlrade","Windenergie an Land",0,2001,NA
"2435","ABR966082448164","Windeinheit","SEE965403305230, SEE991944136590, SEE942820505412, SEE919564503110",4,18000,"Windpark Langenbrand GmbH ＆ Co. KG","Windenergie an Land",0,2024,NA
"2436","ABR945227290158","Windeinheit","SEE908267481900, SEE911061763912, SEE987439105028",3,18000,"Windpark Langwieden (Engen)","Windenergie an Land",0,2027,NA
"2437","ABR985882979722","Windeinheit","SEE915633809589, SEE906876620369, SEE926094482327",3,18000,"Windpark Muckenberg","Windenergie an Land",0,2028,NA
"2438","ABR944505379189","Windeinheit","SEE922244994955, SEE908850502210, SEE906195485717, SEE973884529076, SEE950312600507, SEE991391435734, SEE992465975446, SEE913546256513, SEE991427900045",9,18000,"Windpark Neu Kosenow","Windenergie an Land",0,2012,NA
"2439","ABR986645205263","Windeinheit","SEE998911364383, SEE935795312161, SEE973778692541, SEE919766239817, SEE953297484940, SEE992786003415, SEE918590553342, SEE993611863778, SEE910389360131, SEE942501916025, SEE925910295417, SEE952269942839",12,18000,"Windpark Ostercappeln","Windenergie an Land",0,2003,NA
"2440","ABR962315582698","Windeinheit","SEE921625984875, SEE956561518990, SEE971879837267, SEE958518341026, SEE921323265191, SEE980225535689",6,18000,"Windpark Perl Renglischberg","Windenergie an Land",0,2017,NA
"2441","ABR986645205263","Windeinheit","SEE952642110787, SEE909136646352, SEE959156336009, SEE995319042417, SEE909136407632, SEE968791829203, SEE971325535532, SEE949042910161, SEE961524657517",9,18000,"Windpark Prötzel V","Windenergie an Land",0,2006,NA
"2442","ABR933384954488","Windeinheit","SEE993492826091, SEE940159043773, SEE927665816244",3,18000,"Windpark Staufenberg","Windenergie an Land",0,2022,NA
"2443","ABR990609525816","Windeinheit","SEE967813898449, SEE932006732343, SEE932439805881",3,18000,"Windpark Suderburg","Windenergie an Land",0,2026,NA
"2444","ABR934076661080","Windeinheit","SEE917202841525, SEE948799950598, SEE965908785889",3,18000,"Windpark Weddelbrook","Windenergie an Land",0,2026,NA
"2445","ABR925076921410","Windeinheit","SEE963622897581, SEE955848608300, SEE924744057680, SEE976697258096, SEE983311333718, SEE967569901806",6,18000,"Windpark Weißenberg","Windenergie an Land",0,2016,NA
"2446","ABR922992360033","Windeinheit","SEE982903715390, SEE921161872360, SEE934699169048, SEE937215416213, SEE949465853786, SEE952025373402, SEE963387290061, SEE913694441502, SEE975369211926, SEE923188690910, SEE948845519830, SEE969070539752",12,18000,"Windpark Westerwald","Windenergie an Land",0,2004,NA
"2447","ABR943137037733","Windeinheit","SEE915733736167, SEE934607675746, SEE943303075767",3,18000,"Windpark Wintrich","Windenergie an Land",0,2027,NA
"2448","ABR976945120359","Windeinheit","SEE953570985102, SEE958252125111, SEE931211555792",3,18000,"Windpark Wulkow","Windenergie an Land",0,2022,NA
"2449","ABR976262636878","Windeinheit","SEE931290700410, SEE978208119650, SEE947975286711",3,18000,"Windpark Würselen Repowering","Windenergie an Land",0,2025,NA
"2450","ABR914919750515","Windeinheit","SEE979756663305, SEE907498461149, SEE965327694724, SEE916047406258, SEE960887926292",5,17800,"WP Krumlande","Windenergie an Land",0,1999,NA
"2451","ABR915014220989","Windeinheit","SEE960729683406, SEE935698992392, SEE942197785875, SEE946062943643, SEE975747586813, SEE915793920469",6,17750,"Windpark Altenautal Erweiterung 01","Windenergie an Land",0,2017,NA
"2452","ABR987366695838","Windeinheit","SEE962061230836, SEE935665653240, SEE988944891352, SEE926214286446, SEE989419445933, SEE994802125255, SEE910703480750",7,17710,"Klosterwald-Creglingen","Windenergie an Land",0,2015,NA
"2453","ABR913685982731","Windeinheit","SEE998332823599, SEE910313610929, SEE990815659695, SEE921524974175, SEE956733700017, SEE981677640143, SEE968881582278",7,17710,"WP Rehborn 1","Windenergie an Land",0,2013,NA
"2454","ABR908851764945","Windeinheit","SEE964693895872, SEE914319072712, SEE953637370339, SEE959612024983, SEE964125384844, SEE904380673048, SEE973106848138",7,17710,"WP Rehborn 2","Windenergie an Land",0,2013,NA
"2455","ABR966684469673","Windeinheit","SEE918104540905, SEE929469633782, SEE908963823288, SEE929306204502, SEE996591909986",5,17625,"Ballstädt-Westhausen","Windenergie an Land",0,2012,NA
"2456","ABR901047780521","Windeinheit","SEE904241940470, SEE916344430260, SEE934231237433, SEE915630160850",4,17600,"BWP Letter Görd","Windenergie an Land",0,2022,NA
"2457","ABR947974830045","Windeinheit","SEE996882786807, SEE912214268353, SEE926891013687, SEE929145793823",4,17600,"Windpark Ochtrup","Windenergie an Land",0,2002,NA
"2458","ABR950189137090","Windeinheit","SEE946150608645, SEE983530074461, SEE927326263561, SEE996978440873, SEE998007690341, SEE950254458938",6,17600,"Windpark Plötzkau GmbH ＆ Co Betriebs KG","Windenergie an Land",0,2016,NA
"2459","ABR927397646904","Windeinheit","SEE986212513609, SEE937754837487, SEE999090543712",3,17560,"Waltersberg II","Windenergie an Land",0,2028,NA
"2460","ABR915861801041","Windeinheit","SEE913907012925, SEE956938625917, SEE983858627714, SEE966980265184, SEE987571310946, SEE978125333634, SEE935655026429, SEE924883801922, SEE982569117750, SEE944969337596, SEE953311780683",11,17500,"WP Bredenborn","Windenergie an Land",0,2002,NA
"2461","ABR974836086081","Windeinheit","SEE980162628161, SEE956855085948, SEE942898072717, SEE930812331668, SEE971895762925, SEE915649714440, SEE959986860507",7,17500,"WP Lindau","Windenergie an Land",0,2013,NA
"2462","ABR909518505604","Windeinheit","SEE935856242420, SEE988836601359, SEE916669605305, SEE949021653447, SEE963698443330",5,17480,"Eichenhof Windpark","Windenergie an Land",0,2011,NA
"2463","ABR907319168288","Windeinheit","SEE993308225964, SEE937593447342, SEE916953917961, SEE922830000893, SEE923468077431, SEE997004439540, SEE966185195392, SEE973150345942",8,17450,"WP Galgenberg","Windenergie an Land",0,2010,NA
"2464","ABR922593578066","Windeinheit","SEE912785644822, SEE924633296527, SEE938976675079",3,17400,"BVD Repowering Fläche 53","Windenergie an Land",0,2026,NA
"2465","ABR936564237432","Windeinheit","SEE922054667087, SEE987480060550, SEE992205811652, SEE969882038139, SEE985738640998, SEE992061710199, SEE919152588727, SEE946632963668, SEE942887248505, SEE974726951666",10,17400,"Sachsendingen","Windenergie an Land",0,2001,NA
"2466","ABR906592466708","Windeinheit","SEE993857710140, SEE967184855669, SEE945240138376, SEE999338833025",4,17400,"WP Haßloch","Windenergie an Land",0,2005,NA
"2467","ABR927040790831","Windeinheit","SEE962331472478, SEE959958252668, SEE944644128761, SEE923564512102, SEE939104401379, SEE909964680603, SEE980988665746, SEE981235141013",8,17355,"Repowering WP Helmshagen","Windenergie an Land",0,2001,NA
"2468","ABR907861411993","Windeinheit","SEE929562929898, SEE996392045579, SEE951856471905, SEE986471147065",4,17250,"Mürow","Windenergie an Land",0,2002,NA
"2469","ABR921769176051","Windeinheit","SEE994718550226, SEE929361281517, SEE949782473957, SEE987859055736, SEE919204434392",5,17250,"STI","Windenergie an Land",0,2018,NA
"2470","ABR992796032139","Windeinheit","SEE991627179937, SEE994652076011, SEE964532721829, SEE976612272428, SEE904013845569",5,17250,"Trianel Windpark Buchenau","Windenergie an Land",0,2016,NA
"2471","ABR969688712431","Windeinheit","SEE982139183789, SEE982154060898, SEE991665583918, SEE933076005757, SEE983133036507",5,17250,"WKN Windpark Kittlitz III GmbH ＆ Co. KG","Windenergie an Land",0,2019,NA
"2472","ABR980336640982","Windeinheit","SEE909456301412, SEE960331251796, SEE977750165054, SEE946424422809, SEE994195430301",5,17250,"WP Roteberg","Windenergie an Land",0,2018,NA
"2473","ABR914063399943","Windeinheit","SEE958682725905, SEE987021246603, SEE968159738185, SEE911317545675, SEE904629800563",5,17250,"Windpark Bedesbach GmbH ＆ Co. KG","Windenergie an Land",0,2019,NA
"2474","ABR905430502813","Windeinheit","SEE919885649771, SEE936657499846, SEE958344933976, SEE907082741459, SEE928669796419",5,17250,"Windpark Brilon GmbH ＆ Co. KG","Windenergie an Land",0,2017,NA
"2475","ABR911596071506","Windeinheit","SEE965043664483, SEE954054310595, SEE901554767145, SEE943629578645, SEE906090044279",5,17250,"Windpark Parchim-Ost","Windenergie an Land",0,2015,NA
"2476","ABR991150444274","Windeinheit","SEE901428612397, SEE955523262698, SEE908045640123, SEE920197479802, SEE940406848564",5,17250,"Windpark Tempelfelde 2 GmbH ＆ Co. KG","Windenergie an Land",0,2018,NA
"2477","ABR912422236700","Windeinheit","SEE959497107221, SEE949701855116, SEE973909247527",3,17200,"Windpark Waldow - Repowering I","Windenergie an Land",0,2025,NA
"2478","ABR910374295639","Windeinheit","SEE908897041338, SEE902475819067, SEE997214722043, SEE958818373871, SEE992968863363, SEE964795356400, SEE911906047740",7,17180,"Windpark Offenbach an der Queich","Windenergie an Land",0,2008,NA
"2479","ABR918557103993","Windeinheit","SEE906110859784, SEE996083074352, SEE985843716434, SEE948659034246, SEE913229148906",5,17170,"Steife Brise Ahrenviöl GmbH ＆ Co. KG","Windenergie an Land",0,2015,NA
"2480","ABR917290769343","Windeinheit","SEE901732501851, SEE971076815044, SEE919936984066",3,17120,"Möhnesee-Theiningsen","Windenergie an Land",0,2026,NA
"2481","ABR902220317183","Windeinheit","SEE917121647727, SEE975708825579, SEE953270657644",3,17100,"ABO Energy WP Everswinkel Tiergarten","Windenergie an Land",0,2027,NA
"2482","ABR977273103717","Windeinheit","SEE968233272079, SEE936939140558, SEE975603190437",3,17100,"Bahrenhof","Windenergie an Land",0,2027,NA
"2483","ABR941424982292","Windeinheit","SEE997392812246, SEE946804695502, SEE976997257058",3,17100,"Bokel-Ellerdorf Erweiterung","Windenergie an Land",0,2027,NA
"2484","ABR993970863273","Windeinheit","SEE918491763833, SEE974332934282, SEE922645766632",3,17100,"Coppanz Repowering","Windenergie an Land",0,2024,NA
"2485","ABR909356255983","Windeinheit","SEE994663174829, SEE985568141252, SEE918346953181",3,17100,"HUEL","Windenergie an Land",0,2028,NA
"2486","ABR956947220103","Windeinheit","SEE979872268002, SEE925607826672, SEE951716493498",3,17100,"Pritzwalk-Giesensdorf","Windenergie an Land",0,2027,NA
"2487","ABR933776283783","Windeinheit","SEE981297117957, SEE982530202904, SEE974256075887",3,17100,"Quarnbek Erweiterung","Windenergie an Land",0,2026,NA
"2488","ABR907604221094","Windeinheit","SEE917411224065, SEE949956607539, SEE927216057614",3,17100,"Querstedt-Repowering","Windenergie an Land",0,2024,NA
"2489","ABR904595371135","Windeinheit","SEE995094407913, SEE971609882321, SEE963629197011",3,17100,"Repowering WP Arnoldsweiler","Windenergie an Land",0,2025,NA
"2490","ABR992609617362","Windeinheit","SEE933565637636, SEE935108058984, SEE925199057492",3,17100,"Schnellwettern","Windenergie an Land",0,2023,NA
"2491","ABR952579124338","Windeinheit","SEE990666740801, SEE914585579786, SEE964124329945",3,17100,"Teltow C","Windenergie an Land",0,2023,NA
"2492","ABR973366544580","Windeinheit","SEE963248582236, SEE948901278497, SEE958019193926",3,17100,"Teltow II","Windenergie an Land",0,2022,NA
"2493","ABR951284051649","Windeinheit","SEE909805319624, SEE988142474067, SEE984993459512",3,17100,"Unter-Wegfurth","Windenergie an Land",0,2027,NA
"2494","ABR976734505541","Windeinheit","SEE911375200561, SEE910417265834, SEE915827173298",3,17100,"Vettenbüttel Wind","Windenergie an Land",0,2022,NA
"2495","ABR916115096862","Windeinheit","SEE944731983273, SEE962518493777, SEE975185998650",3,17100,"WP Barbecke 1 Repowering","Windenergie an Land",0,2024,NA
"2496","ABR916115096862","Windeinheit","SEE916155723964, SEE998372454456, SEE995252868433",3,17100,"WP Bartelsdorf 2","Windenergie an Land",0,2023,NA
"2497","ABR916115096862","Windeinheit","SEE911334193712, SEE992618973046, SEE947487330643",3,17100,"WP Bergheim Wiedenfelder Höhe - Erweiterung","Windenergie an Land",0,2026,NA
"2498","ABR916115096862","Windeinheit","SEE976430253821, SEE946010721811, SEE925106333848",3,17100,"WP Calle Repowering","Windenergie an Land",0,2026,NA
"2499","ABR916115096862","Windeinheit","SEE925234523494, SEE992477000792, SEE980519518985",3,17100,"WP Grevenbroich","Windenergie an Land",0,2023,NA
"2500","ABR940230259543","Windeinheit","SEE922841613273, SEE929802271695, SEE925301818348",3,17100,"WP Neuachwald Sandizell","Windenergie an Land",0,2026,NA
"2501","ABR965816551262","Windeinheit","SEE978485545548, SEE908410352682, SEE910903840545",3,17100,"WP Schacht Konrad VI","Windenergie an Land",0,2023,NA
"2502","ABR916115096862","Windeinheit","SEE914869180400, SEE922402854176, SEE957980648961",3,17100,"Warthstrauch","Windenergie an Land",0,2028,NA
"2503","ABR979357549114","Windeinheit","SEE902774997930, SEE992581407678, SEE918267174900",3,17100,"Windpark Blumenthal","Windenergie an Land",0,2026,NA
"2504","ABR948959861818","Windeinheit","SEE940626412521, SEE976168361768, SEE984082691809",3,17100,"Windpark Ellbek","Windenergie an Land",0,2027,NA
"2505","ABR943665747388","Windeinheit","SEE956879758149, SEE933195752884, SEE959315883306",3,17100,"Windpark Elsdorf-Frankeshoven","Windenergie an Land",0,2026,NA
"2506","ABR933233078730","Windeinheit","SEE961196028059, SEE935793515755, SEE929025154676",3,17100,"Windpark Erftstadt Erp","Windenergie an Land",0,2026,NA
"2507","ABR989016034493","Windeinheit","SEE981646345239, SEE906387470156, SEE910197833025",3,17100,"Windpark Gosdorf","Windenergie an Land",0,2026,NA
"2508","ABR923658262227","Windeinheit","SEE904034468648, SEE944487436146, SEE996880775469",3,17100,"Windpark Meschede Rep.","Windenergie an Land",0,2028,NA
"2509","ABR920697173194","Windeinheit","SEE957960807951, SEE904007338985, SEE922579686204",3,17100,"Windpark Minden Repowering","Windenergie an Land",0,2026,NA
"2510","ABR955162006424","Windeinheit","SEE996038634051, SEE993271404212, SEE912749423845",3,17100,"Windpark Mittelkoog Gmbh ＆ Co. KG","Windenergie an Land",0,2029,NA
"2511","ABR966087641737","Windeinheit","SEE969063843323, SEE959758524583, SEE950517997907",3,17100,"Windpark Neukünkendorf","Windenergie an Land",0,2027,NA
"2512","ABR952192174086","Windeinheit","SEE908324959359, SEE962901458581, SEE973077558685",3,17100,"Windpark Nordwalde","Windenergie an Land",0,2026,NA
"2513","ABR977243162416","Windeinheit","SEE931646338915, SEE980228564112, SEE990186439155",3,17100,"Windpark Perscheid GmbH ＆ Co. KG","Windenergie an Land",0,2025,NA
"2514","ABR984009122058","Windeinheit","SEE963063914649, SEE906731214221, SEE924777796686",3,17100,"Windpark Rapshagen","Windenergie an Land",0,2023,NA
"2515","ABR984771206819","Windeinheit","SEE911351337090, SEE925161300960, SEE911700797926",3,17100,"Windpark Saarwellingen","Windenergie an Land",0,2026,NA
"2516","ABR914500676606","Windeinheit","SEE953529276374, SEE941198844468, SEE985319167074",3,17100,"Windpark Stauffenberg","Windenergie an Land",0,2027,NA
"2517","ABR972884522681","Windeinheit","SEE972922098239, SEE985285582604, SEE968389326022",3,17100,"Windpark Südlohn-Eschlohn/Wellschlatt","Windenergie an Land",0,2025,NA
"2518","ABR932682301871","Windeinheit","SEE978059607573, SEE968897457768, SEE966907119279",3,17100,"Windpark Vorbeck-Kambs GmbH ＆ Co. KG","Windenergie an Land",0,2027,NA
"2519","ABR993895938766","Windeinheit","SEE911339875163, SEE959160135261, SEE938479899804",3,17100,"Windpark Wöhrden-Nordwest","Windenergie an Land",0,2026,NA
"2520","ABR927068358389","Windeinheit","SEE966791184476, SEE924769050116, SEE962314688858, SEE999053293524",4,17040,"Breitenfelde-Süd","Windenergie an Land",0,2027,NA
"2521","ABR947965537236","Windeinheit","SEE907342140053, SEE919029924108, SEE931329761689, SEE946761342730",4,17040,"Oberfeld","Windenergie an Land",0,2027,NA
"2522","ABR987333392470","Windeinheit","SEE962756610325, SEE930610264397, SEE994435481186, SEE916073335072",4,17040,"WP Am Hegeler Wald","Windenergie an Land",0,2028,NA
"2523","ABR902784078414","Windeinheit","SEE910750172622, SEE998947234865, SEE993780521998, SEE917769117538",4,17040,"WP Barver Süd_Repowering","Windenergie an Land",0,2026,NA
"2524","ABR989646990305","Windeinheit","SEE958683197299, SEE918626611817, SEE996562406346, SEE912948342152",4,17040,"WP Pfaffenhofen a.d. Glonn","Windenergie an Land",0,2028,NA
"2525","ABR941784662339","Windeinheit","SEE984806338942, SEE933856095923, SEE930104426317, SEE931048229941",4,17040,"Windpark Georgshof","Windenergie an Land",0,2027,NA
"2526","ABR965485684018","Windeinheit","SEE936865389793, SEE969917872820, SEE982531501235, SEE911527553941",4,17040,"Windpark Spitze Warte","Windenergie an Land",0,2026,NA
"2527","ABR957841327066","Windeinheit","SEE996891489157, SEE961108180882, SEE979842351239, SEE986443248103",4,17040,"Windpark am Sund","Windenergie an Land",0,2027,NA
"2528","ABR922507336362","Windeinheit","SEE918034604289, SEE986522242435, SEE909941931919, SEE930567276719, SEE902243046725, SEE933182211387",6,17000,"BEE Danna Zwei GmbH ＆ Co.KG","Windenergie an Land",0,2013,NA
"2529","ABR912775914843","Windeinheit","SEE908391476223, SEE955578210064, SEE917583135435, SEE995092743624, SEE985459521309",5,17000,"Schönwalde-Altenkrempe","Windenergie an Land",0,2017,NA
"2530","ABR994037873556","Windeinheit","SEE908740129763, SEE937381625754, SEE998226286646, SEE913521339644, SEE991331491875",5,17000,"WP Grevenkop West","Windenergie an Land",0,2016,NA
"2531","ABR991509764497","Windeinheit","SEE970161922414, SEE941156402525, SEE939022498352, SEE926713783743, SEE937428224858, SEE994616909089, SEE990084795513, SEE958387006293, SEE939023111243, SEE914295155232, SEE944315125945, SEE973766662334, SEE948712555145, SEE994932562234, SEE992465015142, SEE932928434608, SEE997389926840",17,17000,"Wilsickow","Windenergie an Land",0,1998,NA
"2532","ABR922700325088","Windeinheit","SEE904041168364, SEE914732295910, SEE929349788748, SEE950009548976, SEE954735423675, SEE905805926084, SEE901127816232, SEE986153102139",8,17000,"Windpark Herrenkoog GmbH ＆ Co. KG","Windenergie an Land",0,2007,NA
"2533","ABR927682770277","Windeinheit","SEE926780040886, SEE970925012160, SEE956476889710, SEE942546219235, SEE984096508476, SEE957394741647, SEE983754445627, SEE934667529584, SEE926208883705",9,17000,"Woltersdorf","Windenergie an Land",0,2002,NA
"2534","ABR994001916906","Windeinheit","SEE932343470090, SEE911723809736, SEE933662956715, SEE934289565458",4,16980,"WP Hardheim- Höpfingen","Windenergie an Land",0,2025,NA
"2535","ABR985373951107","Windeinheit","SEE964919568696, SEE950748451346, SEE995228155079, SEE922371919517, SEE911402700293",5,16940,"Windpark Schafflundfeld GmbH ＆ Co. Betriebs KG","Windenergie an Land",0,2017,NA
"2536","ABR989393706204","Windeinheit","SEE999755996679, SEE931275616408, SEE905961390392, SEE927419070632, SEE996681549061, SEE965138786489, SEE984635413827, SEE947754843456, SEE901956209915, SEE987763546894, SEE913484673397, SEE912517339163, SEE999425027696",13,16900,"Eilsleben I","Windenergie an Land",0,1999,NA
"2537","ABR911195851226","Windeinheit","SEE950552215103, SEE965137729517, SEE996256345135, SEE944383319123, SEE904288262849",5,16900,"Völschow","Windenergie an Land",0,2013,NA
"2538","ABR994258218549","Windeinheit","SEE937669897675, SEE976980135523, SEE945239589028, SEE973377502852",4,16860,"Windpark Meineweh III","Windenergie an Land",0,2025,NA
"2539","ABR945128985245","Windeinheit","SEE999336494204, SEE924272716714, SEE977585310773, SEE957636686538, SEE943556400385",5,16850,"Windpark Ammersche Länder","Windenergie an Land",0,2012,NA
"2540","ABR941145675091","Windeinheit","SEE967216561896, SEE929740432165, SEE988693565061, SEE945007816097, SEE949310530091",5,16850,"Windpark Niederhambach","Windenergie an Land",0,2013,NA
"2541","ABR922948573517","Windeinheit","SEE926597301880, SEE901338936354, SEE992878654518, SEE951910906848",4,16800,"4.4-Wind","Windenergie an Land",0,2023,NA
"2542","ABR915241476456","Windeinheit","SEE941680169833, SEE900061942700, SEE924032705521",3,16800,"ABO Energy WP Lauda-Königshofen","Windenergie an Land",0,2028,NA
"2543","ABR951240308114","Windeinheit","SEE942802129025, SEE988940002363, SEE917965985948, SEE969685599905",4,16800,"ABO Energy WP Nentershausen","Windenergie an Land",0,2029,NA
"2544","ABR993109522033","Windeinheit","SEE936227855324, SEE979230581729, SEE994806299495, SEE994084332198",4,16800,"ABO Wind WP Himmighofen-Kasdorf","Windenergie an Land",0,2026,NA
"2545","ABR982324025771","Windeinheit","SEE922996232336, SEE902677050817, SEE993049377137, SEE918549334862",4,16800,"Bescheid Süd","Windenergie an Land",0,2023,NA
"2546","ABR945970298180","Windeinheit","SEE993333079419, SEE987594448527, SEE972513879575, SEE964546435279",4,16800,"Bürgerwind Hopsten GmbH ＆ Co. KG","Windenergie an Land",0,2022,NA
"2547","ABR915918909973","Windeinheit","SEE960008225969, SEE908747707285, SEE991768751139, SEE954608652348",4,16800,"CEE Windpark Wölsickendorf","Windenergie an Land",0,2019,NA
"2548","ABR938039397108","Windeinheit","SEE942631369180, SEE992670186699, SEE916711132841, SEE948920390040",4,16800,"Dorna Repowering","Windenergie an Land",0,2025,NA
"2549","ABR960443684611","Windeinheit","SEE989764542226, SEE982532643101, SEE963897789192, SEE900358758281",4,16800,"ENP Windpark Fürstenau Zwei","Windenergie an Land",0,2018,NA
"2550","ABR901987148849","Windeinheit","SEE989967764258, SEE916669772892, SEE953468609424",3,16800,"Gramzow","Windenergie an Land",0,2024,NA
"2551","ABR944135361486","Windeinheit","SEE948512996766, SEE992890999420, SEE968509041620, SEE909884751827",4,16800,"Grimburg","Windenergie an Land",0,2024,NA
"2552","ABR948135389396","Windeinheit","SEE906555488884, SEE959186971256, SEE945225048256",3,16800,"Heinersdorf Ost","Windenergie an Land",0,2027,NA
"2553","ABR939457588048","Windeinheit","SEE918995453537, SEE971340733173, SEE980298981772",3,16800,"Hermeskeil","Windenergie an Land",0,2027,NA
"2554","ABR970770820705","Windeinheit","SEE901267014543, SEE958577023499, SEE959554894323, SEE958558238416",4,16800,"Hohenlimburg","Windenergie an Land",0,2024,NA
"2555","ABR982511102919","Windeinheit","SEE933955586674, SEE942932132728, SEE957589106480, SEE955818700843, SEE990351681501",5,16800,"Krackow","Windenergie an Land",0,2013,NA
"2556","ABR940445484655","Windeinheit","SEE938702364390, SEE988342669959, SEE913816634966, SEE946773839464",4,16800,"Oldendorf-Kuhla","Windenergie an Land",0,2022,NA
"2557","ABR948522206909","Windeinheit","SEE944775753108, SEE905801794427, SEE940340113858",3,16800,"Plate I","Windenergie an Land",0,2027,NA
"2558","ABR953010554875","Windeinheit","SEE917572627712, SEE904524711568, SEE972706106662, SEE958109975210",4,16800,"Schermen","Windenergie an Land",0,2024,NA
"2559","ABR980002956430","Windeinheit","SEE932739141405, SEE911291893632, SEE960658199429, SEE924685814052",4,16800,"Schöppingen-Strönfeld","Windenergie an Land",0,2019,NA
"2560","ABR942137824015","Windeinheit","SEE910255917056, SEE906570815993, SEE925964668458, SEE999234274533",4,16800,"Sollerup","Windenergie an Land",0,2026,NA
"2561","ABR929860656519","Windeinheit","SEE989357341564, SEE964226916326, SEE948671420683, SEE930985284051",4,16800,"Stadtlohn Almsicker Loh","Windenergie an Land",0,2017,NA
"2562","ABR981905694689","Windeinheit","SEE977008156827, SEE907794788773, SEE949888556356, SEE912725413822",4,16800,"WP Aukrug","Windenergie an Land",0,2021,NA
"2563","ABR963703383200","Windeinheit","SEE925305511566, SEE994001334892, SEE982518497902",3,16800,"WP Bandelow","Windenergie an Land",0,2028,NA
"2564","ABR957748930338","Windeinheit","SEE960644989676, SEE921573972153, SEE953000972016, SEE930979010505",4,16800,"WP Bendorf-Ost","Windenergie an Land",0,2022,NA
"2565","ABR986645205263","Windeinheit","SEE931687643160, SEE929551240362, SEE946223896016",3,16800,"WP Brettenfeld III","Windenergie an Land",0,2027,NA
"2566","ABR986645205263","Windeinheit","SEE961937405538, SEE978425649763, SEE979003739340, SEE916213930655",4,16800,"WP Dainbach","Windenergie an Land",0,2025,NA
"2567","ABR983525053488","Windeinheit","SEE981741970350, SEE905913905315, SEE959740412591, SEE989126234103",4,16800,"WP Ebersdorf","Windenergie an Land",0,2022,NA
"2568","ABR982504213127","Windeinheit","SEE987616959727, SEE951829008466, SEE950430631056, SEE922448147881",4,16800,"WP Einzingen","Windenergie an Land",0,2021,NA
"2569","ABR986645205263","Windeinheit","SEE998476938708, SEE960464382145, SEE991973618739",3,16800,"WP Holzweiler","Windenergie an Land",0,2026,NA
"2570","ABR947890529047","Windeinheit","SEE983171892325, SEE993052005096, SEE965100277311",3,16800,"WP Lichterfelde","Windenergie an Land",0,2027,NA
"2571","ABR912838704961","Windeinheit","SEE992604422510, SEE941211232333, SEE945871781668, SEE946766023832",4,16800,"WP Moorseite","Windenergie an Land",0,2025,NA
"2572","ABR937022489332","Windeinheit","SEE909972527266, SEE977170725999, SEE913594187128",3,16800,"WP Müssingen","Windenergie an Land",0,2028,NA
"2573","ABR972580433205","Windeinheit","SEE953436580427, SEE954413200574, SEE928581734315",3,16800,"WP Oelerse IX","Windenergie an Land",0,2023,NA
"2574","ABR996959271267","Windeinheit","SEE985927387932, SEE944941970223, SEE928057366217",3,16800,"WP Schlotberg-Jüchsen","Windenergie an Land",0,2028,NA
"2575","ABR995221130882","Windeinheit","SEE958792552118, SEE912777077102, SEE921626930413",3,16800,"WP Solschen III","Windenergie an Land",0,2023,NA
"2576","ABR930775198339","Windeinheit","SEE904319564713, SEE915113832120, SEE931875914522, SEE945128452051, SEE971992912643, SEE968832545901, SEE906681970017",7,16800,"WP Weilrod","Windenergie an Land",0,2014,NA
"2577","ABR968082410004","Windeinheit","SEE919713834805, SEE932308095627, SEE984586925257, SEE912743637194",4,16800,"Walsede","Windenergie an Land",0,2025,NA
"2578","ABR930209876086","Windeinheit","SEE902814167330, SEE920942418728, SEE922215098637",3,16800,"Wansleben rpw Zwei","Windenergie an Land",0,2023,NA
"2579","ABR900352192661","Windeinheit","SEE919793006642, SEE907374591397, SEE925462151476, SEE995930900486",4,16800,"Windenergie Heubusch Sintfeld","Windenergie an Land",0,2020,NA
"2580","ABR910124334427","Windeinheit","SEE946340942146, SEE981747999805, SEE908690556329, SEE908973857945, SEE977761956894, SEE948615917743, SEE916818194698",7,16800,"Windpark Fläming 1 GmbH ＆ Co. KG","Windenergie an Land",0,2016,NA
"2581","ABR982511102919","Windeinheit","SEE957339586715, SEE911615168002, SEE982103620623, SEE914022810830, SEE971587792087, SEE969497254450, SEE961051068794",7,16800,"Windpark Freudenberg/M. (MVV)","Windenergie an Land",0,2016,NA
"2582","ABR938752705761","Windeinheit","SEE910853534907, SEE924561918966, SEE970472481372, SEE918577600342",4,16800,"Windpark Gerichtstetten","Windenergie an Land",0,2018,NA
"2583","ABR904378570434","Windeinheit","SEE982838147990, SEE966183504363, SEE984124591654, SEE910303641896",4,16800,"Windpark Görrisau","Windenergie an Land",0,2024,NA
"2584","ABR963583526896","Windeinheit","SEE965538440844, SEE961951724257, SEE958755966570, SEE911820337941, SEE903768753129, SEE946976202027, SEE938236125238",7,16800,"Windpark Hohenahr","Windenergie an Land",0,2012,NA
"2585","ABR961714062435","Windeinheit","SEE904905583586, SEE933350323942, SEE909623711792, SEE918312806800",4,16800,"Windpark Hohenlochen","Windenergie an Land",0,2021,NA
"2586","ABR944590908929","Windeinheit","SEE942286608139, SEE901864650816, SEE922230383206, SEE991835883596",4,16800,"Windpark Hollenstedt","Windenergie an Land",0,2023,NA
"2587","ABR938326421172","Windeinheit","SEE996625002355, SEE965372586708, SEE970981650610, SEE969111406128",4,16800,"Windpark Hommerdingen","Windenergie an Land",0,2026,NA
"2588","ABR946903614190","Windeinheit","SEE962422732955, SEE931806543432, SEE998098743803, SEE981888518088",4,16800,"Windpark Lehe","Windenergie an Land",0,2017,NA
"2589","ABR947481970296","Windeinheit","SEE931254413783, SEE931463531469, SEE917935004693",3,16800,"Windpark Mechern","Windenergie an Land",0,2029,NA
"2590","ABR942154478031","Windeinheit","SEE958547742627, SEE997599477989, SEE997085696849, SEE931228613379",4,16800,"Windpark Nichel","Windenergie an Land",0,2022,NA
"2591","ABR987294149496","Windeinheit","SEE987969835822, SEE956448359593, SEE936801457098",3,16800,"Windpark Nieder-Schleidern","Windenergie an Land",0,2026,NA
"2592","ABR972569139876","Windeinheit","SEE976285128640, SEE958147162610, SEE910913356968",3,16800,"Windpark Odervorland","Windenergie an Land",0,2023,NA
"2593","ABR924449599508","Windeinheit","SEE980640579176, SEE947092956436, SEE990859777546",3,16800,"Windpark Oldenbroker Feld I Repowering BA 1","Windenergie an Land",0,2025,NA
"2594","ABR902991359481","Windeinheit","SEE917426735488, SEE952886224813, SEE962305753411, SEE919438590697",4,16800,"Windpark Olsberg GmbH ＆ Co. KG","Windenergie an Land",0,2027,NA
"2595","ABR934046509411","Windeinheit","SEE990191490448, SEE947189229016, SEE905311209305",3,16800,"Windpark Ostenfelde","Windenergie an Land",0,2028,NA
"2596","ABR985062114349","Windeinheit","SEE937719816137, SEE923153113093, SEE963332287979, SEE991966929262",4,16800,"Windpark Salzgitter AG Abschnitt 1","Windenergie an Land",0,2020,NA
"2597","ABR925422847463","Windeinheit","SEE928883459916, SEE908592065141, SEE958075619149, SEE929148080630",4,16800,"Windpark Schadehorn","Windenergie an Land",0,2023,NA
"2598","ABR901021414350","Windeinheit","SEE905535975819, SEE925624096393, SEE990348616318, SEE908527051911, SEE938717681277, SEE966104199975, SEE984887752828",7,16800,"Windpark Schimmendorf GmbH ＆ Co. KG","Windenergie an Land",0,2017,NA
"2599","ABR964470726344","Windeinheit","SEE943686249984, SEE958667141690, SEE907949840288",3,16800,"Windpark St. Wendel","Windenergie an Land",0,2025,NA
"2600","ABR970644105501","Windeinheit","SEE929072780026, SEE916219129831, SEE921060624152, SEE980084287835, SEE990606982773, SEE908399353182, SEE931570204164",7,16800,"Windpark Zöschingen","Windenergie an Land",0,2013,NA
"2601","ABR972642772075","Windeinheit","SEE982048144260, SEE938719647141, SEE982346778631, SEE903334386508",4,16700,"Streumen","Windenergie an Land",0,2011,NA
"2602","ABR952711865792","Windeinheit","SEE977074675352, SEE969449217397, SEE929828156686, SEE943542034785, SEE975920387343, SEE934981707132, SEE957926445890, SEE946202934869",8,16700,"Windpark Heldrungen","Windenergie an Land",0,2004,NA
"2603","ABR924231662571","Windeinheit","SEE977932594856, SEE938915749311, SEE900348597975, SEE977867487490, SEE908261322773, SEE933921379323, SEE966027957256, SEE928630057037, SEE937317831952",9,16700,"Windpark Kremsdorf","Windenergie an Land",0,2001,NA
"2604","ABR912075328869","Windeinheit","SEE902143555808, SEE915028540875, SEE906562048989",3,16680,"ABO Energy WP Almstedt-Breinum II","Windenergie an Land",0,2027,NA
"2605","ABR905439871330","Windeinheit","SEE934952136268, SEE918562580123, SEE922781491665",3,16680,"ABO Energy WP Nidda-Ulfa","Windenergie an Land",0,2027,NA
"2606","ABR912029275942","Windeinheit","SEE900242236123, SEE989932833064, SEE921330158967",3,16680,"BWP Notuln-Gladbeck","Windenergie an Land",0,2027,NA
"2607","ABR995140423799","Windeinheit","SEE963477331513, SEE981880856973, SEE978659743671",3,16680,"Bürgerwind Fuchstal Gemeindewald GmbH ＆ Co. KG","Windenergie an Land",0,2024,NA
"2608","ABR962245195807","Windeinheit","SEE929869935752, SEE972275727565, SEE913495156070",3,16680,"Bürgerwind Hofoldinger Forst","Windenergie an Land",0,2025,NA
"2609","ABR976867828135","Windeinheit","SEE951784369268, SEE958837507325, SEE916911786028",3,16680,"Bürgerwind Höhenkirchener Forst","Windenergie an Land",0,2026,NA
"2610","ABR914495186401","Windeinheit","SEE965753412985, SEE924472627629, SEE944358736214, SEE915080825736, SEE917138637216, SEE923857228628",6,16680,"CEE Windpark Aßlar GmbH ＆ Co. KG","Windenergie an Land",0,2017,NA
"2611","ABR951762163239","Windeinheit","SEE953215685237, SEE901192845250, SEE910723933052",3,16680,"Coesfeld Letter Bruch","Windenergie an Land",0,2026,NA
"2612","ABR919557779065","Windeinheit","SEE952543679383, SEE913575514646, SEE945676580084",3,16680,"Energie ＆ Landwirtschaft Invest GmbH ＆ Co. KG (Peckelsheim)","Windenergie an Land",0,2026,NA
"2613","ABR956646849056","Windeinheit","SEE905360043851, SEE939388183107, SEE902324087180",3,16680,"Ettenheim","Windenergie an Land",0,2025,NA
"2614","ABR963387226053","Windeinheit","SEE997710009488, SEE970620337506, SEE933267637002, SEE914378189727, SEE994252252587, SEE922300987747",6,16680,"Flörsbachtal-Roßkopf","Windenergie an Land",0,2020,NA
"2615","ABR912600635516","Windeinheit","SEE970094770199, SEE910001408111, SEE961445920196",3,16680,"Füchtorf Repowering","Windenergie an Land",0,2026,NA
"2616","ABR923940225695","Windeinheit","SEE937553474821, SEE905612313756, SEE901987529129",3,16680,"Gau-Bickelheim Repowering Phase 1","Windenergie an Land",0,2023,NA
"2617","ABR967037996907","Windeinheit","SEE904937615385, SEE923724639670, SEE964948546047",3,16680,"Hämelhausen-Erweiterung","Windenergie an Land",0,2022,NA
"2618","ABR998002347530","Windeinheit","SEE982881153313, SEE998739382002, SEE972283469938",3,16680,"Sassenberg-Füchtorfer Moor R","Windenergie an Land",0,2026,NA
"2619","ABR995793818850","Windeinheit","SEE969148410532, SEE981362165548, SEE922118506475",3,16680,"Sundern ENERGIE Windpark I","Windenergie an Land",0,2026,NA
"2620","ABR940900749190","Windeinheit","SEE913436126674, SEE980111073356, SEE997083573180",3,16680,"TGE Wörthsee","Windenergie an Land",0,2027,NA
"2621","ABR943236007491","Windeinheit","SEE983102954412, SEE933575343954, SEE989521625308",3,16680,"WP Aasbruch","Windenergie an Land",0,2028,NA
"2622","ABR931204176225","Windeinheit","SEE983209042906, SEE998902285208, SEE958696731145",3,16680,"WP Beckeln","Windenergie an Land",0,2027,NA
"2623","ABR943236007491","Windeinheit","SEE985337611030, SEE917309441956, SEE976412300017",3,16680,"WP Dörpel","Windenergie an Land",0,2028,NA
"2624","ABR990243686447","Windeinheit","SEE984465358701, SEE966507368152, SEE990010273016",3,16680,"WP Herzog","Windenergie an Land",0,2027,NA
"2625","ABR923828951203","Windeinheit","SEE963769298388, SEE960939541145, SEE936011628530",3,16680,"WP Holtrup","Windenergie an Land",0,2027,NA
"2626","ABR955286968165","Windeinheit","SEE951499525126, SEE947749809207, SEE908214772471",3,16680,"WP Listrup Repowering","Windenergie an Land",0,2024,NA
"2627","ABR908531125639","Windeinheit","SEE914641825741, SEE962494455233, SEE980258128766",3,16680,"WP Plettenberg","Windenergie an Land",0,2028,NA
"2628","ABR918985398992","Windeinheit","SEE969686616472, SEE921733860160, SEE916662978383",3,16680,"WP Sammethöhe Nord","Windenergie an Land",0,2026,NA
"2629","ABR923828951203","Windeinheit","SEE950807639531, SEE938221834886, SEE911435395909",3,16680,"WP Scharrendorf Repowering","Windenergie an Land",0,2029,NA
"2630","ABR968929494860","Windeinheit","SEE902953362061, SEE976750136040, SEE988245421470, SEE943822449421, SEE997493373240, SEE949807730997",6,16680,"WP Wetzen","Windenergie an Land",0,2017,NA
"2631","ABR977457217155","Windeinheit","SEE979114406346, SEE930415656236, SEE960742365808",3,16680,"Waldeck-Sachsenhausen","Windenergie an Land",0,2026,NA
"2632","ABR916799065208","Windeinheit","SEE995867415886, SEE947097569440, SEE929972866820",3,16680,"WestfalenWIND Etteln","Windenergie an Land",0,2025,NA
"2633","ABR970298582895","Windeinheit","SEE929746810486, SEE926732960835, SEE968797492982",3,16680,"Windpark Bützfleth","Windenergie an Land",0,2026,NA
"2634","ABR946530241639","Windeinheit","SEE970920475038, SEE953295338627, SEE954020542555",3,16680,"Windpark Esbeck","Windenergie an Land",0,2027,NA
"2635","ABR952769469959","Windeinheit","SEE967918481225, SEE917840143654, SEE918639701116",3,16680,"Windpark Hopfenberg","Windenergie an Land",0,2026,NA
"2636","ABR971242278871","Windeinheit","SEE937749955530, SEE956338133654, SEE934336356145",3,16680,"Windpark Kampritt","Windenergie an Land",0,2028,NA
"2637","ABR993616236812","Windeinheit","SEE914139727144, SEE969560218389, SEE988910037043",3,16680,"Windpark Lahn-Wieste","Windenergie an Land",0,2028,NA
"2638","ABR953136564307","Windeinheit","SEE989365128607, SEE953174523724, SEE979515033516",3,16680,"Windpark Langen","Windenergie an Land",0,2028,NA
"2639","ABR944259599963","Windeinheit","SEE927192421362, SEE907560346756, SEE965127375885",3,16680,"Windpark Nieder-/ Mittelfeld (Münster)","Windenergie an Land",0,2027,NA
"2640","ABR982511102919","Windeinheit","SEE948383845170, SEE925377908066, SEE969004093916, SEE923993752292, SEE984054529413, SEE923151668694",6,16680,"Windpark Siegfriedeiche","Windenergie an Land",0,2020,NA
"2641","ABR953172667574","Windeinheit","SEE937237052666, SEE957106280136, SEE930006141325",3,16680,"Windpark Siegfriedeiche Nord","Windenergie an Land",0,2027,NA
"2642","ABR986645205263","Windeinheit","SEE991782659589, SEE980579917902, SEE977770763063",3,16680,"Windpark Vöhl","Windenergie an Land",0,2026,NA
"2643","ABR962350587009","Windeinheit","SEE918462171964, SEE915126889494, SEE975519833022",3,16675,"WP Molau","Windenergie an Land",0,2012,NA
"2644","ABR971616646329","Windeinheit","SEE915938592377, SEE939955705381, SEE995797169262, SEE978970312549, SEE974044068527",5,16650,"Barlt West","Windenergie an Land",0,2012,NA
"2645","ABR916732127291","Windeinheit","SEE936277446855, SEE997364878874, SEE952173458853, SEE930738042518, SEE942986259051, SEE945400949613, SEE978997528909, SEE919452450274, SEE918692583483, SEE957623321640, SEE967550994787, SEE984245636968, SEE937026099506, SEE908270683728, SEE954693728492, SEE967836305955, SEE909744438998",17,16618.8,"Einzelanlage","Windenergie an Land",0,1994,NA
"2646","ABR986958781706","Windeinheit","SEE993021538174, SEE975208410046, SEE968418978246, SEE998910887937",4,16600,"WP Woltersdorf","Windenergie an Land",0,2002,NA
"2647","ABR984720247450","Windeinheit","SEE928652737771, SEE982352802665, SEE976683184033, SEE976142250057, SEE969939705502, SEE915106422505, SEE959849570550, SEE998458490453",8,16600,"WP Züsedom","Windenergie an Land",0,2007,NA
"2648","ABR980211763102","Windeinheit","SEE924239983128, SEE925100006885, SEE998366426155",3,16600,"Windpark Helmstedt","Windenergie an Land",0,2027,NA
"2649","ABR969107522740","Windeinheit","SEE943798176673, SEE991126799834, SEE978347766425",3,16560,"Windpark LOB","Windenergie an Land",0,2028,NA
"2650","ABR995718038059","Windeinheit","SEE920284488199, SEE996908093841, SEE938927894269, SEE965762012312, SEE983057620462, SEE995842886410",6,16500,"BHW","Windenergie an Land",0,2014,NA
"2651","ABR926695676408","Windeinheit","SEE935925234349, SEE940458302908, SEE913619293926, SEE913167375600, SEE938642442578, SEE968773748416",6,16500,"CEE Windpark Nonnweiler GmbH ＆ Co. KG","Windenergie an Land",0,2017,NA
"2652","ABR964770092033","Windeinheit","SEE920451995130, SEE925086938309, SEE926177349738, SEE914534356321, SEE916775701229",5,16500,"Fleetmark II","Windenergie an Land",0,2017,NA
"2653","ABR923645310016","Windeinheit","SEE921059005580, SEE931659168011, SEE923932891716",3,16500,"Groß Buchwald / Negenharrie","Windenergie an Land",0,2022,NA
"2654","ABR968044190203","Windeinheit","SEE986938249110, SEE982705927632, SEE983568237043",3,16500,"Milow Repowering","Windenergie an Land",0,2023,NA
"2655","ABR918396726094","Windeinheit","SEE919689110682, SEE968576444195, SEE927210733521, SEE987505440862, SEE928285860082",5,16500,"Norderheistedt BWP Eider","Windenergie an Land",0,2014,NA
"2656","ABR918396726094","Windeinheit","SEE944603160870, SEE924245890571, SEE945302096903, SEE931301315077, SEE977632506746",5,16500,"Süderdorf BWP Eider","Windenergie an Land",0,2014,NA
"2657","ABR947378931829","Windeinheit","SEE937015510500, SEE947874604050, SEE990894634392, SEE916683286207, SEE959861856625",5,16500,"UGE Siegadel Drei GmbH ＆ Co. KG Umweltgerechte Energie","Windenergie an Land",0,2014,NA
"2658","ABR940414866222","Windeinheit","SEE986542336350, SEE968725527236, SEE996440337816, SEE900816008866, SEE933157250397",5,16500,"WKN Windkraft Nord GmbH ＆ Co. Windpark Looft KG","Windenergie an Land",0,2018,NA
"2659","ABR906592466708","Windeinheit","SEE985767597195, SEE905626946988, SEE948880779183, SEE902320636351, SEE997317165778, SEE904163531930, SEE981191637872, SEE916400726726, SEE910067544778, SEE944195980399, SEE964301143074",11,16500,"WP Neu Zauche","Windenergie an Land",0,2006,NA
"2660","ABR927308220124","Windeinheit","SEE991837300527, SEE948913253239, SEE937610462860, SEE968645204859, SEE990164361126",5,16500,"WP Riede","Windenergie an Land",0,2019,NA
"2661","ABR986380459563","Windeinheit","SEE967528445327, SEE962661935261, SEE951637261626, SEE949383428271, SEE944056810667",5,16500,"WP Schipkau-Süd 1","Windenergie an Land",0,2017,NA
"2662","ABR947625675858","Windeinheit","SEE901858112511, SEE933868925492, SEE974066027816",3,16500,"WP Thomasburg","Windenergie an Land",0,2023,NA
"2663","ABR990029944068","Windeinheit","SEE991804785937, SEE910496186495, SEE978198509349, SEE970883685352, SEE941579644922",5,16500,"WP Workerszeller Forst","Windenergie an Land",0,2017,NA
"2664","ABR901037990749","Windeinheit","SEE980741810598, SEE970725782058, SEE982841210476, SEE971073636864, SEE937147435924",5,16500,"Wartenberg","Windenergie an Land",0,2017,NA
"2665","ABR945539090163","Windeinheit","SEE970504792971, SEE988720231013, SEE919545381249, SEE945302730197, SEE961581218393",5,16500,"Windpark Aalen-Waldhausen","Windenergie an Land",0,2017,NA
"2666","ABR992482958101","Windeinheit","SEE905983313423, SEE975181533466, SEE949972451000, SEE905045304857, SEE935524430531",5,16500,"Windpark Amtenhauser Berg","Windenergie an Land",0,2017,NA
"2667","ABR986645205263","Windeinheit","SEE972152321589, SEE928917683201, SEE902494567673, SEE919201888563, SEE992896464717",5,16500,"Windpark Fürth","Windenergie an Land",0,2018,NA
"2668","ABR901037990749","Windeinheit","SEE924949262919, SEE981165388069, SEE982237159600",3,16500,"Windpark Kommunalwald Kirtorf Erweiterung","Windenergie an Land",0,2027,NA
"2669","ABR910821068090","Windeinheit","SEE909231613860, SEE907100049680, SEE965094588707, SEE900524475257, SEE951162658250",5,16500,"Windpark Lieger Wald","Windenergie an Land",0,2020,NA
"2670","ABR961715447743","Windeinheit","SEE942443183196, SEE922100389710, SEE943267731242, SEE917354574586, SEE987122821655",5,16500,"Windpark Ottweiler-Höcherberg","Windenergie an Land",0,2017,NA
"2671","ABR919652148643","Windeinheit","SEE934099088253, SEE985370414339, SEE922300078384, SEE992244569194, SEE908116606942",5,16500,"Windpark Siegadel","Windenergie an Land",0,2015,NA
"2672","ABR944401108647","Windeinheit","SEE946190432552, SEE911334335839, SEE924677875658",3,16500,"Windpark Winterberg-Altenfeld","Windenergie an Land",0,2026,NA
"2673","ABR968099689837","Windeinheit","SEE902279462582, SEE937795272797, SEE902346969549, SEE930452920635, SEE982857119664, SEE930566021204, SEE914849757868",7,16450,"Windpark Hochfranken","Windenergie an Land",0,2014,NA
"2674","ABR967597381021","Windeinheit","SEE954291522997, SEE967307065647, SEE970954499901, SEE967452782062",4,16400,"Bürgerwindpark Borchen","Windenergie an Land",0,2022,NA
"2675","ABR936036957004","Windeinheit","SEE936198706861, SEE981748100576, SEE964346431280, SEE904240808573, SEE965057021029, SEE920600956883, SEE953287836209, SEE908425554361, SEE970393649493",9,16300,"Falkenwalde","Windenergie an Land",0,2004,NA
"2676","ABR993548501873","Windeinheit","SEE939416893008, SEE911019371626, SEE962284643369, SEE935622506046, SEE946239354555",5,16260,"Windpark Mengsberger Wald","Windenergie an Land",0,2017,NA
"2677","ABR939731221630","Windeinheit","SEE909697172048, SEE936364222676, SEE946654522126",3,16260,"Winpark Schirl Frankenbach","Windenergie an Land",0,2027,NA
"2678","ABR941190092140","Windeinheit","SEE984287606288, SEE941585208026, SEE910436438523",3,16200,"Bad Laasphe-Jagdberg II","Windenergie an Land",0,2028,NA
"2679","ABR941190092140","Windeinheit","SEE949616875230, SEE937966897804, SEE956455379027",3,16200,"Hingstheide","Windenergie an Land",0,2028,NA
"2680","ABR949514644402","Windeinheit","SEE911027045526, SEE932415657725, SEE989358959553",3,16200,"Schöppingen Horstmar","Windenergie an Land",0,2023,NA
"2681","ABR970878366167","Windeinheit","SEE971330170292, SEE922743533488, SEE962899339176, SEE990000949785, SEE921610634648, SEE969248956084, SEE979767280645, SEE964143941685, SEE944625989855",9,16200,"Steyerberg","Windenergie an Land",0,2003,NA
"2682","ABR943894191389","Windeinheit","SEE947743553113, SEE978373026692, SEE961648945170, SEE907647935729, SEE921390021348, SEE975111310945, SEE950730440730, SEE969271333142, SEE914181065935",9,16200,"WP Fehnland","Windenergie an Land",0,2001,NA
"2683","ABR965270437263","Windeinheit","SEE917095362237, SEE970157737862, SEE955483031785, SEE901145724403, SEE981463550953, SEE929839149356, SEE948173256858, SEE935320553472, SEE916339280634",9,16200,"WP Höne Planungs-und Betriebs GmbH ＆ Co. KG","Windenergie an Land",0,2003,NA
"2684","ABR900510043736","Windeinheit","SEE901639349778, SEE970403097092, SEE934894124200",3,16200,"WP Wiemersdorf","Windenergie an Land",0,2024,NA
"2685","ABR960473281163","Windeinheit","SEE907457183266, SEE994569449151, SEE910760724606",3,16200,"Wanderup Erweiterung","Windenergie an Land",0,2023,NA
"2686","ABR960529023297","Windeinheit","SEE911040282441, SEE998488128708, SEE964575817640, SEE942752072570, SEE947372307354, SEE913454420532, SEE999541515503",7,16200,"Wangenheim-Hochheim","Windenergie an Land",0,2006,NA
"2687","ABR960318949074","Windeinheit","SEE934617116260, SEE903017049164, SEE950358952974",3,16200,"Windpark Allrichberg","Windenergie an Land",0,2027,NA
"2688","ABR998214791756","Windeinheit","SEE985520938838, SEE990850439306, SEE912253634225",3,16200,"Windpark Gescher Steggerhook","Windenergie an Land",0,2028,NA
"2689","ABR987888628123","Windeinheit","SEE913229887973, SEE946116552722, SEE911446093573, SEE935410811956, SEE916687153178",5,16200,"Windpark Leckeng","Windenergie an Land",0,2016,NA
"2690","ABR965143539896","Windeinheit","SEE915687712750, SEE987879732044, SEE981476705890",3,16200,"Windpark Liebenau/Binnen","Windenergie an Land",0,2028,NA
"2691","ABR969310400927","Windeinheit","SEE936639493091, SEE906897350405, SEE974129728377",3,16200,"Windpark Linnau","Windenergie an Land",0,2022,NA
"2692","ABR953934862841","Windeinheit","SEE966964195414, SEE947873154822, SEE997395923611, SEE947396516299",4,16200,"Windpark Willerswalde","Windenergie an Land",0,2023,NA
"2693","ABR913237612574","Windeinheit","SEE929573396610, SEE932777427769, SEE900312046126, SEE901777897872, SEE994939525638",5,16150,"Bürgerwindpark Altenrheine","Windenergie an Land",0,2017,NA
"2694","ABR994303599203","Windeinheit","SEE964286053955, SEE978979344084, SEE924254529981, SEE976978469456, SEE935848438237, SEE945575414190, SEE912719472668",7,16100,"Dieksanderkoog TraGe 2","Windenergie an Land",0,2012,NA
"2695","ABR982521485811","Windeinheit","SEE917687493462, SEE945467419890, SEE921586873232, SEE944980544140, SEE922617496024, SEE995884084812, SEE992586742309",7,16100,"Heidehof III","Windenergie an Land",0,2016,NA
"2696","ABR905132081012","Windeinheit","SEE975023074584, SEE970907772082, SEE990521385864, SEE930090349973, SEE949653100388, SEE964103084469, SEE925242017398",7,16100,"Helpershain-Meiches","Windenergie an Land",0,2011,NA
"2697","ABR941567438915","Windeinheit","SEE935968776400, SEE994271536972, SEE960961885736, SEE932847906859, SEE986464062702, SEE950949954820, SEE963603506488",7,16100,"Trebbichau","Windenergie an Land",0,2011,NA
"2698","ABR901037990749","Windeinheit","SEE969540375705, SEE913428897117, SEE969763157591, SEE911501416576, SEE926117683151, SEE956943377504, SEE969289708253",7,16100,"Ulrichstein-Platte","Windenergie an Land",0,2013,NA
"2699","ABR966151117069","Windeinheit","SEE969110751748, SEE967009535899, SEE904148342605, SEE915993961293, SEE981803758698, SEE937916122970, SEE990568524950",7,16100,"WG Mimstede","Windenergie an Land",0,2013,NA
"2700","ABR906592466708","Windeinheit","SEE949477933933, SEE901346844979, SEE987056732645, SEE951024294268, SEE947937887987, SEE941321121213, SEE928880470495",7,16100,"WP Gebhardshain","Windenergie an Land",0,2006,NA
"2701","ABR902320562728","Windeinheit","SEE987433374642, SEE990067462586, SEE947002703099, SEE948182989204, SEE933943666746, SEE903387574945, SEE900965582965",7,16100,"WP Martenberg","Windenergie an Land",0,2012,NA
"2702","ABR956510319951","Windeinheit","SEE932216428210, SEE921248173915, SEE957824194388, SEE990312637776, SEE939716490532, SEE963409407439, SEE960086751626",7,16100,"WP ND","Windenergie an Land",0,2016,NA
"2703","ABR979853872747","Windeinheit","SEE926390107689, SEE935999120784, SEE909465988345, SEE960683026493, SEE994735496309, SEE978900468766, SEE987472375273",7,16100,"WP Struckum","Windenergie an Land",0,2007,NA
"2704","ABR978121359935","Windeinheit","SEE923759327115, SEE932215899875, SEE949642175373, SEE963549794239, SEE986656659291, SEE999355246938, SEE941806854568",7,16100,"WP Vogelsberg (Hessen)","Windenergie an Land",0,2012,NA
"2705","ABR996870570159","Windeinheit","SEE986947608199, SEE951091167380, SEE910546614671, SEE982326361310, SEE934932350578, SEE918381412346, SEE942988842350",7,16100,"WP Westeregeln","Windenergie an Land",0,2011,NA
"2706","ABR953741479263","Windeinheit","SEE906259928082, SEE974308030024, SEE989893392976",3,16100,"Windpark Altentreptow-Ost","Windenergie an Land",0,2027,NA
"2707","ABR931009295381","Windeinheit","SEE925703947899, SEE969880175850, SEE958623816242, SEE995513210025, SEE946818793027, SEE922776146716, SEE909251240473",7,16100,"Windpark Breklum","Windenergie an Land",0,2014,NA
"2708","ABR935122584957","Windeinheit","SEE953139337588, SEE910411184162, SEE994606094580, SEE972338058971, SEE966851952878, SEE952288806334, SEE984361379398",7,16100,"Windpark Hasenkrug/Hardebek","Windenergie an Land",0,2014,NA
"2709","ABR919052363691","Windeinheit","SEE996336507477, SEE923225266597, SEE964747447316, SEE945595287194, SEE948410102085, SEE972006268466, SEE976279661627",7,16100,"Windpark Westoverledingen","Windenergie an Land",0,2013,NA
"2710","ABR993385962370","Windeinheit","SEE965865528574, SEE936551177215, SEE939733275792, SEE910907339410, SEE966881714262, SEE949834857889, SEE979078771047",7,16100,"mdp GmbH ＆ Co. WP Borne III KG","Windenergie an Land",0,2012,NA
"2711","ABR971474596897","Windeinheit","SEE988059843833, SEE939418211268, SEE995799591085, SEE951089772688",4,16060,"Windpark Nateln","Windenergie an Land",0,2021,NA
"2712","ABR900750916333","Windeinheit","SEE923510475758, SEE980799311115, SEE959250084851, SEE958700826478, SEE937165746248, SEE952493851938",6,16050,"WP Kublank III","Windenergie an Land",0,2015,NA
"2713","ABR927305173249","Windeinheit","SEE903686703053, SEE949907205272, SEE914753626069, SEE974113976203, SEE905592759612, SEE998414627763",6,16050,"WP Lichtenau","Windenergie an Land",0,2016,NA
"2714","ABR979191925303","Windeinheit","SEE945044875989, SEE977011918917, SEE926474693213, SEE994796716002, SEE912530280848",5,16020,"WP Quenstedt","Windenergie an Land",0,1999,NA
"2715","ABR960207546728","Windeinheit","SEE963375953428, SEE939551809360, SEE994306520389, SEE963458077386, SEE950539437306, SEE986581734698, SEE971144989462, SEE926718029334",8,16000,"Altentreptow 8 WKA","Windenergie an Land",0,2003,NA
"2716","ABR924672065429","Windeinheit","SEE961944009651, SEE900071630529, SEE935973964687, SEE988142105756, SEE915072054229, SEE950846636980",6,16000,"Blender","Windenergie an Land",0,2005,NA
"2717","ABR922541721070","Windeinheit","SEE979749341401, SEE992583265764, SEE942882568462, SEE986497850727",4,16000,"Bürgerwindpark Virngrund","Windenergie an Land",0,2016,NA
"2718","ABR926606192294","Windeinheit","SEE915596834826, SEE978713952094, SEE920789655096, SEE968067133348, SEE906565049709, SEE935556801217, SEE961835274410, SEE962360415811",8,16000,"CEE Windpark Domsdorf","Windenergie an Land",0,2009,NA
"2719","ABR935284499083","Windeinheit","SEE927035622840, SEE938491167554, SEE978634996702, SEE953192751192, SEE917963574601, SEE971811093065, SEE901832247864, SEE927357276073",8,16000,"Crussow","Windenergie an Land",0,2002,NA
"2720","ABR943294095836","Windeinheit","SEE912426366298, SEE941539178672, SEE947375064803, SEE962612101325, SEE930005512621, SEE907547087566, SEE999253325827, SEE968309786295",8,16000,"Ermsleben","Windenergie an Land",0,2010,NA
"2721","ABR981846342212","Windeinheit","SEE949473343507, SEE968019296497, SEE944208309667, SEE994045528363, SEE984596697038, SEE919122699026, SEE915549190696, SEE901887940574",8,16000,"HVL-Ketzin II","Windenergie an Land",0,2009,NA
"2722","ABR987725128793","Windeinheit","SEE945072717602, SEE931961106466, SEE951817626856, SEE945832153152",4,16000,"Heng","Windenergie an Land",0,2014,NA
"2723","ABR909234604254","Windeinheit","SEE963967887148, SEE933952966196, SEE951142229647, SEE934428913065, SEE913681946232, SEE914054707689, SEE985965057422, SEE966516710898",8,16000,"Kirchwistedt","Windenergie an Land",0,2005,NA
"2724","ABR912671732169","Windeinheit","SEE952330826112, SEE930591163573, SEE989689973556, SEE981008310547, SEE953726266154, SEE921033199236, SEE908191937924, SEE934903487470",8,16000,"Medow","Windenergie an Land",0,2006,NA
"2725","ABR928425416674","Windeinheit","SEE992651645658, SEE946657735493, SEE993249172525, SEE985046131812, SEE908599528649, SEE970728549757, SEE961426170817, SEE912142897298",8,16000,"Ottenhausen","Windenergie an Land",0,2007,NA
"2726","ABR970013267014","Windeinheit","SEE948921675948, SEE920480007651, SEE954753216624, SEE982056548111, SEE944268325935, SEE925881165504, SEE922862827321, SEE977726656784",8,16000,"Scheibe Trattendorf","Windenergie an Land",0,2004,NA
"2727","ABR973341030893","Windeinheit","SEE988321268357, SEE907205608201, SEE981880652810, SEE983342624090, SEE959278986991, SEE912495011310, SEE918951887406, SEE960980237615",8,16000,"Schönhagen","Windenergie an Land",0,2004,NA
"2728","ABR971323107748","Windeinheit","SEE987942488618, SEE960005706096, SEE998071435473, SEE954380216011, SEE935764661429, SEE996832692967, SEE970758089131, SEE976667434628",8,16000,"WP Belum","Windenergie an Land",0,2004,NA
"2729","ABR914279595108","Windeinheit","SEE968400094268, SEE984496697244, SEE938117928439, SEE963670213463, SEE962877158751",5,16000,"WP Forst Briesnig","Windenergie an Land",0,2018,NA
"2730","ABR980483253882","Windeinheit","SEE965276712555, SEE998700568596, SEE966215015560, SEE924034432432, SEE932265523805, SEE912921097857, SEE958228962238, SEE928673846698",8,16000,"WP Jüterbog","Windenergie an Land",0,2005,NA
"2731","ABR940751672999","Windeinheit","SEE993191955672, SEE931210018625, SEE996703454038, SEE912081815278, SEE960279161058",5,16000,"WP Kerkow","Windenergie an Land",0,2017,NA
"2732","ABR969530126010","Windeinheit","SEE943265400751, SEE949829324877, SEE926091251070, SEE966941614501, SEE978253728968",5,16000,"WP SW","Windenergie an Land",0,2019,NA
"2733","ABR924167570773","Windeinheit","SEE962334172283, SEE937384362410, SEE930661398096, SEE965667837133, SEE949259713715, SEE914209206661, SEE987962963577, SEE994877202899",8,16000,"WP Schulenburg","Windenergie an Land",0,2001,NA
"2734","ABR971355680448","Windeinheit","SEE940533863959, SEE963928278152, SEE942398151028, SEE908753128265, SEE928028322822, SEE934596218269, SEE916323799203, SEE922891452297",8,16000,"WP Selmsdorf","Windenergie an Land",0,2007,NA
"2735","ABR976867254651","Windeinheit","SEE982613354322, SEE954383966456, SEE995883016647, SEE968787286645, SEE944463776105, SEE981040178945, SEE906620330537, SEE970321034834",8,16000,"Windpark Aller-Leine-Tal GmbH ＆ Co. KG","Windenergie an Land",0,2011,NA
"2736","ABR947149785521","Windeinheit","SEE908510399969, SEE907707576442, SEE907017876355, SEE912901329527, SEE972843495179, SEE982271109241, SEE965703700490, SEE915330828395",8,16000,"Windpark Emmendorf GmbH ＆ Co. KG","Windenergie an Land",0,2003,NA
"2737","ABR984527466351","Windeinheit","SEE973361546299, SEE916376917241, SEE996075627764, SEE958352712266",4,16000,"Windpark Falkenhagen","Windenergie an Land",0,2014,NA
"2738","ABR900863426569","Windeinheit","SEE995357811488, SEE959667260428, SEE975148460774, SEE992404146708, SEE989180523557, SEE905335326613, SEE915473753103, SEE979761432033",8,16000,"Windpark GmbH ＆ Co. Ennigerloh KG","Windenergie an Land",0,2009,NA
"2739","ABR901381117533","Windeinheit","SEE962014885519, SEE902661856647, SEE962794468469, SEE953237788428, SEE946567243866, SEE923284267887, SEE908820752065, SEE980467183860",8,16000,"Windpark Günthersdorf","Windenergie an Land",0,2005,NA
"2740","ABR931907972872","Windeinheit","SEE999472875660, SEE912943501264, SEE915031734117, SEE987696600458, SEE957129151246",5,16000,"Windpark Kreuzau","Windenergie an Land",0,2019,NA
"2741","ABR917374462788","Windeinheit","SEE950258368783, SEE939930841059, SEE980902618254, SEE918352169064, SEE963801432763, SEE911359655066, SEE969566957275, SEE951224854521",8,16000,"Windpark Lamstedt","Windenergie an Land",0,2009,NA
"2742","ABR933767271775","Windeinheit","SEE916442095408, SEE933726611376, SEE951381217795, SEE936438137042, SEE988418941057, SEE994204364979, SEE987660256353, SEE985515975145",8,16000,"Windpark Lübbenau","Windenergie an Land",0,2010,NA
"2743","ABR992785928627","Windeinheit","SEE981937757413, SEE948629022273, SEE956930322647, SEE986694467728, SEE930133982136, SEE904956296985, SEE985405820166, SEE913167245064",8,16000,"Windpark Märkische Heide GmbH","Windenergie an Land",0,2009,NA
"2744","ABR966933755045","Windeinheit","SEE920215789630, SEE948598934744, SEE943000862837, SEE921263885664, SEE971519091721, SEE909236815061, SEE925803448302, SEE912371101784",8,16000,"Windpark Neuruppin","Windenergie an Land",0,2013,NA
"2745","ABR981268307769","Windeinheit","SEE962941682892, SEE972758826211, SEE977691741430, SEE996707758910, SEE981636285040, SEE965079893048, SEE933140062402, SEE927883942534",8,16000,"Windpark Radlinghausen","Windenergie an Land",0,2004,NA
"2746","ABR977692361514","Windeinheit","SEE944328091954, SEE934312684569, SEE959182984489, SEE935180826211",4,16000,"Windpark Schülp","Windenergie an Land",0,2014,NA
"2747","ABR977079494354","Windeinheit","SEE933736791716, SEE941160718001, SEE998848670595, SEE981139843532, SEE972925591157, SEE959939408916, SEE971443103774, SEE932293795281",8,16000,"Windpark Wehrhain","Windenergie an Land",0,2009,NA
"2748","ABR937563869716","Windeinheit","SEE994709910954, SEE936759041332, SEE956172312871, SEE916345989705, SEE924786062468, SEE985535625334, SEE900544576606, SEE906658459897",8,16000,"Winnigstedt","Windenergie an Land",0,2004,NA
"2749","ABR928184197791","Windeinheit","SEE928728831877, SEE909164856952, SEE985886950499, SEE947012708909, SEE910647800119, SEE941669110191, SEE932377536229, SEE995639829798",8,16000,"Wutike","Windenergie an Land",0,2009,NA
"2750","ABR912202965646","Windeinheit","SEE968424561203, SEE945962494057, SEE968760093192, SEE934929968229, SEE974999669572, SEE987380138267, SEE944021541732, SEE973078296661",8,16000,"Ziepel","Windenergie an Land",0,2008,NA
"2751","ABR993722713771","Windeinheit","SEE943443518988, SEE905336151740, SEE939088977297, SEE985854470370, SEE905376877389, SEE914553909638, SEE992434519718, SEE954913699168, SEE940033223253, SEE917772166011, SEE977633937808, SEE902313092928",12,15930.6,"Windpark 1","Windenergie an Land",0,1997,NA
"2752","ABR952519322657","Windeinheit","SEE900274965763, SEE964898379566, SEE946556084265, SEE955443214326, SEE983603227664, SEE923093548252, SEE916179612169, SEE999766426653",8,15900,"WP Altbokhorst","Windenergie an Land",0,2003,NA
"2753","ABR903729451323","Windeinheit","SEE930687780295, SEE951662456622, SEE913485853545, SEE932507957948, SEE944460288823",5,15900,"Windpark Tarnow","Windenergie an Land",0,2000,NA
"2754","ABR907684750781","Windeinheit","SEE905022013017, SEE924723138461, SEE921976128768, SEE974863227785",4,15900,"Östlich Zuschlag","Windenergie an Land",0,2021,NA
"2755","ABR968896659705","Windeinheit","SEE957844170935, SEE932427024805, SEE910115173493, SEE913675359086, SEE919941477768, SEE992151078086, SEE995724762009, SEE980836666093, SEE934870261844, SEE962069343118, SEE903786073353, SEE915590598724, SEE949509163314",13,15865.3,"WEA","Windenergie an Land",0,1991,NA
"2756","ABR934482816913","Windeinheit","SEE918472834514, SEE998291452168, SEE992986891171, SEE997850155410, SEE975898776200",5,15850,"Berching","Windenergie an Land",0,2012,NA
"2757","ABR937105935534","Windeinheit","SEE948892369488, SEE959153138453, SEE979430567837, SEE934626788212, SEE977501266337",5,15850,"Bürgerwindpark Schafflund GmbH ＆ Co.KG","Windenergie an Land",0,2014,NA
"2758","ABR935576940606","Windeinheit","SEE922495986549, SEE925247555307, SEE993521438172, SEE921219573263, SEE981175439980",5,15850,"Eggstedt IV","Windenergie an Land",0,2014,NA
"2759","ABR902580834214","Windeinheit","SEE947714920203, SEE915677211041, SEE956865501834, SEE907080542362, SEE904505295278",5,15850,"Windpark Beltheim II GmbH ＆ Co. KG","Windenergie an Land",0,2013,NA
"2760","ABR946972450163","Windeinheit","SEE969025465013, SEE983325300485, SEE990882244473, SEE954519167702, SEE989301178451",5,15850,"Windpark Großer Wald Hettingen/Rinschheim","Windenergie an Land",0,2013,NA
"2761","ABR926710547089","Windeinheit","SEE991750330212, SEE991363248027, SEE987372328201, SEE911868691470, SEE993841309190",5,15850,"Windpark Riegenroth GmbH ＆ Co. KG","Windenergie an Land",0,2012,NA
"2762","ABR928229484398","Windeinheit","SEE997605973719, SEE942538328815, SEE957944976635, SEE955065638623, SEE962581346741",5,15850,"Windpark Wanderup West","Windenergie an Land",0,2015,NA
"2763","ABR938153864852","Windeinheit","SEE957820436185, SEE983287525759, SEE973866509553",3,15820,"WP Löwen","Windenergie an Land",0,2026,NA
"2764","ABR904367324437","Windeinheit","SEE911593770952, SEE915466195781, SEE918919081266, SEE983016786888, SEE940381301702, SEE909962690789, SEE910637415323, SEE930178985932, SEE976007886285, SEE985726831599",10,15800,"Fischbeck","Windenergie an Land",0,2002,NA
"2765","ABR933089438221","Windeinheit","SEE954845316119, SEE984846301852, SEE940062672695, SEE915235979284, SEE965708697818",5,15770,"WP Schwicheldt","Windenergie an Land",0,2016,NA
"2766","ABR915477818341","Windeinheit","SEE964274163000, SEE932473489481, SEE981122796920, SEE901599023343, SEE974132008350, SEE900823078975, SEE902738601620, SEE957839379015, SEE923008512583, SEE956589062185",10,15750,"Reichenbach","Windenergie an Land",0,1996,NA
"2767","ABR930546763544","Windeinheit","SEE964928770134, SEE922041131720, SEE998340357451, SEE915980364847, SEE983596944470, SEE959950863978, SEE918428125123, SEE936745669755, SEE963570645098",9,15700,"WPI 1","Windenergie an Land",0,2003,NA
"2768","ABR918582642863","Windeinheit","SEE950566841657, SEE988073056332",2,15600,"Freren Bardel Erweiterung","Windenergie an Land",0,2027,NA
"2769","ABR922412031802","Windeinheit","SEE959484555578, SEE932962298204, SEE948418709668, SEE991841433549, SEE954723026390, SEE959569692174, SEE973070267119, SEE973034031671, SEE953786933669, SEE949349058108, SEE930783427933, SEE947506144053",12,15600,"SP Spitzer Berg","Windenergie an Land",0,2001,NA
"2770","ABR975494419433","Windeinheit","SEE956093476317, SEE908831423749, SEE971822848616",3,15600,"WP Hückelhoven","Windenergie an Land",0,2020,NA
"2771","ABR965911356311","Windeinheit","SEE933975975908, SEE955699708716, SEE907676899238, SEE956896201505, SEE952773012110, SEE912135476677, SEE966212366351, SEE993325782310, SEE976780899991, SEE936903969482",10,15600,"Windpark Büren","Windenergie an Land",0,2003,NA
"2772","ABR955129926154","Windeinheit","SEE910849552540, SEE967991619508, SEE996663598674, SEE943999890743",4,15600,"Windpark Gusenburg Süd","Windenergie an Land",0,2023,NA
"2773","ABR950652880980","Windeinheit","SEE961182872802, SEE966836859475",2,15600,"Windpark Heiligenberg","Windenergie an Land",0,2027,NA
"2774","ABR912021267419","Windeinheit","SEE951878182285, SEE997718021093, SEE918488579423, SEE990675255563, SEE977285553685",5,15500,"Auma","Windenergie an Land",0,1995,NA
"2775","ABR904543954540","Windeinheit","SEE931975427076, SEE970748257243, SEE946697336148, SEE962309942217, SEE975884761272, SEE958150033501, SEE976775708901",7,15500,"WP Grebbin","Windenergie an Land",0,2014,NA
"2776","ABR908117525846","Windeinheit","SEE927572789525, SEE972631541279, SEE956243664298, SEE910014954032, SEE959837238967, SEE979946874825",6,15500,"Windpark Schiffweiler","Windenergie an Land",0,2014,NA
"2777","ABR972884522681","Windeinheit","SEE953846871337, SEE900453853409, SEE997483738738",3,15460,"Windpark Rödder","Windenergie an Land",0,2026,NA
"2778","ABR958699387462","Windeinheit","SEE957017974728, SEE909814538696, SEE923266575818, SEE918066080723, SEE994193967786, SEE924101032428, SEE934652350216",7,15450,"Romrod-Zell","Windenergie an Land",0,1994,NA
"2779","ABR989208343518","Windeinheit","SEE903312181569, SEE937028800742, SEE958290730834, SEE907055173317, SEE943338094177, SEE995364183448, SEE965567711571",7,15450,"Twistringen","Windenergie an Land",0,2007,NA
"2780","ABR938040968113","Windeinheit","SEE949783624327, SEE952487750698, SEE923576073769",3,15400,"Quellendorf 1","Windenergie an Land",0,2023,NA
"2781","ABR920816539849","Windeinheit","SEE944826974278, SEE999030423661, SEE986556232211",3,15400,"RubkowII","Windenergie an Land",0,2026,NA
"2782","ABR978172246635","Windeinheit","SEE991749766275, SEE986673114957, SEE969730696641",3,15400,"WP Falkenhagen","Windenergie an Land",0,2023,NA
"2783","ABR982595860415","Windeinheit","SEE908175977229, SEE957807244840, SEE975612388016, SEE909591612992",4,15400,"Windpark Neuenkirchen","Windenergie an Land",0,1999,NA
"2784","ABR986645205263","Windeinheit","SEE931818767260, SEE942470314327, SEE922017690855",3,15400,"Windpark Welzheim / Plüderhausen","Windenergie an Land",0,2026,NA
"2785","ABR921288600518","Windeinheit","SEE963841258552, SEE966377238289, SEE952207842283",3,15380,"2BWPNorstedt","Windenergie an Land",0,2026,NA
"2786","ABR985617857646","Windeinheit","SEE911104077563, SEE958857432485, SEE942148140258",3,15380,"Stößen XI","Windenergie an Land",0,2025,NA
"2787","ABR932993160914","Windeinheit","SEE941718698373, SEE970072937835, SEE980222464746",3,15380,"Windpark Waldrach UW Osburg","Windenergie an Land",0,2025,NA
"2788","ABR904586509820","Windeinheit","SEE970097431950, SEE972537071986, SEE986793983570, SEE978061015458, SEE997638951548",5,15375,"BVT Windpark Flomborn/Stetten","Windenergie an Land",0,2013,NA
"2789","ABR935102232229","Windeinheit","SEE936960388783, SEE930396919290, SEE960236718097, SEE939229143994, SEE939121275373",5,15375,"Bürgerwindpark Sprakebüll GmbH ＆ Co. KG","Windenergie an Land",0,2014,NA
"2790","ABR987436556045","Windeinheit","SEE959987397446, SEE919025290085, SEE904218600086, SEE902715371881, SEE917737232188",5,15375,"Rossau I","Windenergie an Land",0,2013,NA
"2791","ABR908761557323","Windeinheit","SEE957943382666, SEE955771766078, SEE904530403488, SEE986467787893, SEE901557922978",5,15375,"WP Jeetze-Kahrstedt","Windenergie an Land",0,2013,NA
"2792","ABR915717637091","Windeinheit","SEE965783400860, SEE984199404897, SEE944038947022, SEE902427110976, SEE915379993535",5,15375,"WP Niebüll","Windenergie an Land",0,2011,NA
"2793","ABR984105440575","Windeinheit","SEE941198659949, SEE948991086118, SEE993392766664, SEE998463165124, SEE968381421220",5,15375,"Windpark Aldenhoven GmbH ＆ Co. KG","Windenergie an Land",0,2013,NA
"2794","ABR966598625592","Windeinheit","SEE927400157472, SEE984144636410, SEE960665287126, SEE985656495298, SEE943816262227",5,15375,"Windpark Flomborn","Windenergie an Land",0,2012,NA
"2795","ABR920565605260","Windeinheit","SEE948198937756, SEE949893395193, SEE979394705078, SEE968385814714, SEE994514686785",5,15375,"Windpark Offenheim","Windenergie an Land",0,2013,NA
"2796","ABR913189795875","Windeinheit","SEE976281517370, SEE936456262535, SEE991638873886, SEE960557772587, SEE929672620487",5,15375,"Windpark Perl-Borg","Windenergie an Land",0,2013,NA
"2797","ABR963039442343","Windeinheit","SEE986920907400, SEE903064011879, SEE954351418307, SEE978846951407, SEE912325125194",5,15375,"Windpark Sandstruth GmbH ＆ Co. KG","Windenergie an Land",0,2013,NA
"2798","ABR945797162299","Windeinheit","SEE907889258310, SEE925558524641, SEE965140944440, SEE917013255627, SEE945225512047",5,15375,"Windpark Schlüchtern","Windenergie an Land",0,2015,NA
"2799","ABR990054576692","Windeinheit","SEE946901947689, SEE960636972440, SEE980433416657, SEE947134212445, SEE924524849146",5,15375,"Windpark Teutleben","Windenergie an Land",0,2013,NA
"2800","ABR964284313532","Windeinheit","SEE940001716916, SEE997198323625, SEE945814323375, SEE917128206330, SEE943153576612",5,15375,"Windpark Thalmässing","Windenergie an Land",0,2015,NA
"2801","ABR940482273304","Windeinheit","SEE913286676305, SEE956133943229, SEE941289837911, SEE901619894458, SEE908815371875",5,15340,"Löwenstedt 256","Windenergie an Land",0,2014,NA
"2802","ABR918790771362","Windeinheit","SEE992022216241, SEE919148417956, SEE918101460442",3,15320,"2. Bauabschnitt GP","Windenergie an Land",0,2024,NA
"2803","ABR952230313316","Windeinheit","SEE901679970185, SEE975446177251, SEE986892075671",3,15320,"WP Groß Berßen Süd","Windenergie an Land",0,2025,NA
"2804","ABR956216717358","Windeinheit","SEE988953848248, SEE940427405418, SEE909960492286",3,15320,"Windpark Strüth","Windenergie an Land",0,2027,NA
"2805","ABR932308562334","Windeinheit","SEE981420015365, SEE973554657375, SEE973484736638",3,15300,"WP Sarma","Windenergie an Land",0,2026,NA
"2806","ABR976049890431","Windeinheit","SEE902763373370, SEE933228879083, SEE910699983945",3,15300,"WP Simmerath III","Windenergie an Land",0,2028,NA
"2807","ABR943435828309","Windeinheit","SEE924504373616, SEE984456281087, SEE911152300507, SEE903891371290, SEE995571598158, SEE939349870282",6,15300,"Windpark Högel GmbH ＆ Co KG","Windenergie an Land",0,2015,NA
"2808","ABR929091572886","Windeinheit","SEE957832689104, SEE924616723705, SEE983560167935",3,15300,"Windpark Jembke GmbH ＆ Co. KG","Windenergie an Land",0,2025,NA
"2809","ABR939758509049","Windeinheit","SEE974955888467, SEE957421626756, SEE987450411863, SEE957156997169",4,15300,"Windpark Lübbenow","Windenergie an Land",0,2017,NA
"2810","ABR937210735968","Windeinheit","SEE957434306485, SEE928409321574, SEE917668832624, SEE964449859639, SEE959217965513",5,15250,"BBE","Windenergie an Land",0,2015,NA
"2811","ABR932657424659","Windeinheit","SEE955691845044, SEE912502055405, SEE919248903366, SEE983003668838, SEE933558423666",5,15250,"Bütow","Windenergie an Land",0,2016,NA
"2812","ABR917631835034","Windeinheit","SEE996272008045, SEE978421391338, SEE929359457184, SEE933013505371, SEE927210958030",5,15250,"Geversdorf","Windenergie an Land",0,2018,NA
"2813","ABR949926510012","Windeinheit","SEE902507938469, SEE915343857894, SEE993393303417, SEE947552979173, SEE908747764776",5,15250,"Langwedel","Windenergie an Land",0,2017,NA
"2814","ABR932046836643","Windeinheit","SEE949225892376, SEE955069953142, SEE934832110173, SEE929986833702, SEE911626103573",5,15250,"Lütjenwestedt","Windenergie an Land",0,2016,NA
"2815","ABR922401550185","Windeinheit","SEE951796816118, SEE913156139633, SEE957415184781, SEE906378068225, SEE976515902989",5,15250,"Oberndorf","Windenergie an Land",0,2021,NA
"2816","ABR939236726098","Windeinheit","SEE953434860439, SEE970075402699, SEE997560192583, SEE926159728292, SEE990308761331",5,15250,"Thüler Straße - Nord","Windenergie an Land",0,2017,NA
"2817","ABR925358886390","Windeinheit","SEE947390756288, SEE979151061850, SEE994860749318, SEE978912323336, SEE990410581179",5,15250,"WP Bredentin","Windenergie an Land",0,2013,NA
"2818","ABR958528227020","Windeinheit","SEE957136671119, SEE915726196879, SEE945555863482, SEE935025493622, SEE948411508091",5,15250,"WP Kurzen Trechow","Windenergie an Land",0,2014,NA
"2819","ABR947699018490","Windeinheit","SEE968566225827, SEE970169026404, SEE906503361054, SEE926473576586, SEE971402704219",5,15250,"Windpark Beidenfleth","Windenergie an Land",0,2015,NA
"2820","ABR910484928885","Windeinheit","SEE919543016631, SEE992372347701, SEE976088459729, SEE954256023439, SEE943740957800",5,15250,"Windpark Cashagen","Windenergie an Land",0,2016,NA
"2821","ABR963072648566","Windeinheit","SEE923167005469, SEE930053010421, SEE951317162991, SEE989411472050, SEE980658912392",5,15250,"Windpark Hilsberg","Windenergie an Land",0,2014,NA
"2822","ABR919155876760","Windeinheit","SEE920637686425, SEE908139068369, SEE971502724209, SEE984228463451, SEE907422084826",5,15250,"Windpark Holtgaste","Windenergie an Land",0,2012,NA
"2823","ABR925290744963","Windeinheit","SEE908894012683, SEE963449689192, SEE939750388260, SEE989323313939, SEE906029789059",5,15250,"Windpark Kürrenberg","Windenergie an Land",0,2015,NA
"2824","ABR974391516771","Windeinheit","SEE904443963338, SEE923232814279, SEE918086344348, SEE983677054036, SEE976080717100",5,15250,"Windpark Niedernstöcken","Windenergie an Land",0,2013,NA
"2825","ABR921090463318","Windeinheit","SEE907866943499, SEE918882837587, SEE916303532165, SEE932180143034, SEE957868134722",5,15250,"Windpark Seibersbach-Dörrebach","Windenergie an Land",0,2012,NA
"2826","ABR914652075708","Windeinheit","SEE912879175959, SEE991945755752, SEE953320279352, SEE935388015394, SEE999954004434",5,15250,"Windpark Stockelsdorf","Windenergie an Land",0,2016,NA
"2827","ABR966438980140","Windeinheit","SEE915877281547, SEE943260891851, SEE975771882974, SEE991487974345, SEE911774490907",5,15250,"Windpark Waterloo","Windenergie an Land",0,2019,NA
"2828","ABR964086259793","Windeinheit","SEE995904504016, SEE985260647113, SEE967145944999, SEE965517476444, SEE970232352942",5,15250,"Witzenhausen","Windenergie an Land",0,2018,NA
"2829","ABR963040793014","Windeinheit","SEE953219448036, SEE995008197534, SEE906657639801, SEE921844888152, SEE973335584449, SEE952657852689, SEE913626810338",7,15200,"Halenbeck II","Windenergie an Land",0,2009,NA
"2830","ABR978744107104","Windeinheit","SEE942466803439, SEE997495827222, SEE924332130955, SEE948618403939, SEE990697970840, SEE951342692968, SEE959758708266, SEE925617668569, SEE927489900051",9,15200,"Königsmoor I","Windenergie an Land",0,2002,NA
"2831","ABR998546411490","Windeinheit","SEE932374016342, SEE928310790551, SEE968484628168, SEE991685880721, SEE943828950457",5,15200,"Windpark Iserloy","Windenergie an Land",0,2009,NA
"2832","ABR993802278015","Windeinheit","SEE969003985496, SEE955053310630, SEE941914352765, SEE905974083953, SEE931591334291, SEE902446500871",6,15180,"Trianel Onshore Windkraftwerk Rabenau","Windenergie an Land",0,2015,NA
"2833","ABR983464246064","Windeinheit","SEE982663303059, SEE947053432702",2,15160,"Werder / Kessin","Windenergie an Land",0,2012,NA
"2834","ABR956509856009","Windeinheit","SEE903951408959, SEE963593982736, SEE909508651120, SEE963423059645, SEE939889358141",5,15150,"Windpark Trogen II","Windenergie an Land",0,2013,NA
"2835","ABR983916376479","Windeinheit","SEE926389205310, SEE961466123514, SEE934483166659, SEE927563557232, SEE949698486553",5,15130,"St. Michel 5","Windenergie an Land",0,2011,NA
"2836","ABR981064215428","Windeinheit","SEE987226031264, SEE915459319675, SEE926863585556, SEE931956138908",4,15120,"Reuth","Windenergie an Land",0,2009,NA
"2837","ABR939919879578","Windeinheit","SEE970176732961, SEE976444057927, SEE993028097285, SEE999290104737",4,15120,"WP Friedland 2","Windenergie an Land",0,2012,NA
"2838","ABR981064215428","Windeinheit","SEE908381073173, SEE992183230735, SEE939822708378, SEE930375074248, SEE992076124615, SEE989063737910, SEE984446666535, SEE920998473597, SEE919388446273, SEE946364788003",10,15100,"Thonberg","Windenergie an Land",0,2001,NA
"2839","ABR977223013417","Windeinheit","SEE903548299434, SEE910610278747, SEE979948719216, SEE975779296483, SEE945467455232",5,15100,"Windpark Westerbüttel","Windenergie an Land",0,2017,NA
"2840","ABR901429717015","Windeinheit","SEE931245020907, SEE903427868829, SEE991737641331, SEE920738829776, SEE909928266133",5,15050,"Jühnde","Windenergie an Land",0,2026,NA
"2841","ABR934417833909","Windeinheit","SEE946721764572, SEE917947355431, SEE929863329823, SEE912239531043, SEE918177125610",5,15050,"Windpark Braunsbach","Windenergie an Land",0,2016,NA
"2842","ABR904387892916","Windeinheit","SEE921918561691, SEE988733288332, SEE962091584442, SEE947716755735, SEE964691381841",5,15000,"BWP Eiderland","Windenergie an Land",0,2016,NA
"2843","ABR945636717130","Windeinheit","SEE913569146808, SEE916377481116, SEE916704808272, SEE978969658689, SEE911112875267",5,15000,"Brechte","Windenergie an Land",0,2016,NA
"2844","ABR904502383756","Windeinheit","SEE925203517288, SEE926077279579, SEE983046345284, SEE936513085831, SEE967807261662, SEE975126520797, SEE967736666644, SEE927999769308, SEE965331350920, SEE989413121383",10,15000,"Dretzen I","Windenergie an Land",0,2005,NA
"2845","ABR990004275491","Windeinheit","SEE988940896665, SEE999685612380, SEE997628225260, SEE913163804685, SEE969225816073, SEE995625998781",6,15000,"Erste Bürgerwindpark Ahrenviöl/Ahrenviölfeld GmbH ＆ Co. KG","Windenergie an Land",0,2002,NA
"2846","ABR949738875798","Windeinheit","SEE994775188165, SEE952844823287, SEE968754593554, SEE961185763794, SEE917337210739",5,15000,"Felsberg Green Energy","Windenergie an Land",0,2017,NA
"2847","ABR989393706204","Windeinheit","SEE990612050411, SEE911428234239, SEE996934677176, SEE936599623002, SEE981320689666, SEE932434116319, SEE970095552466, SEE980343676882, SEE998995401516, SEE907662528678",10,15000,"Glienicke","Windenergie an Land",0,2003,NA
"2848","ABR951762163239","Windeinheit","SEE922047760993, SEE953893754812, SEE924617583599",3,15000,"Hamminkeln","Windenergie an Land",0,2027,NA
"2849","ABR934913695810","Windeinheit","SEE939815878125, SEE996544923489, SEE924310304439, SEE906506968434, SEE959251639128",5,15000,"Höpingen Wind GmbH ＆ Co. KG","Windenergie an Land",0,2016,NA
"2850","ABR913580561369","Windeinheit","SEE905670306042, SEE935317014894, SEE976237839839, SEE965688732318, SEE915556807204",5,15000,"Hürtgenwald-Peterberg","Windenergie an Land",0,2019,NA
"2851","ABR908541689657","Windeinheit","SEE969523304470, SEE983216227785, SEE971875403695, SEE926209207418, SEE976654998812, SEE950172511135, SEE950140458530, SEE908589946736, SEE946274818302, SEE995200177945",10,15000,"Kemberg","Windenergie an Land",0,2005,NA
"2852","ABR978298216550","Windeinheit","SEE935159544962",1,15000,"NC4","Windenergie auf See",0,2028,NA
"2853","ABR917513780087","Windeinheit","SEE978428525521, SEE944521516858, SEE969527258847, SEE945780331350, SEE959816077211",5,15000,"Neuschoo","Windenergie an Land",0,2017,NA
"2854","ABR902269147826","Windeinheit","SEE912654025127, SEE951100557973, SEE917127678121",3,15000,"PR3_DIT_409 - Krumstedter Viert","Windenergie an Land",0,2023,NA
"2855","ABR989393706204","Windeinheit","SEE913327957387, SEE924264865581, SEE907027811513, SEE934338814278, SEE938676104077, SEE923814754986, SEE977771729563, SEE963304201705, SEE911941445525, SEE919649194318",10,15000,"Straach","Windenergie an Land",0,2006,NA
"2856","ABR916844276047","Windeinheit","SEE935307070916, SEE988324155883, SEE952681556362, SEE902383732601, SEE919060989951",5,15000,"Tödienwisch","Windenergie an Land",0,2016,NA
"2857","ABR960346360650","Windeinheit","SEE994919963214, SEE949512395894, SEE984136574928, SEE927161884556, SEE990890693126",5,15000,"WP Bassum Friedeholzheide","Windenergie an Land",0,2016,NA
"2858","ABR938127021076","Windeinheit","SEE931072021207, SEE947841299654, SEE925183733012, SEE965397780341, SEE944251232226",5,15000,"WP Beedenbostel","Windenergie an Land",0,2017,NA
"2859","ABR960412619057","Windeinheit","SEE910442115548, SEE932092599462, SEE950166780110, SEE905871963013, SEE944914347168",5,15000,"WP Danna","Windenergie an Land",0,2017,NA
"2860","ABR952582556942","Windeinheit","SEE956917101388, SEE906215592807, SEE925226906618",3,15000,"WP HND","Windenergie an Land",0,2023,NA
"2861","ABR971221877392","Windeinheit","SEE916047276967, SEE981790067476, SEE931006495258, SEE961474326532, SEE906998024991, SEE980427569536, SEE936610395994, SEE997817187751, SEE908081989224, SEE914672922228",10,15000,"WP Hanstedt II","Windenergie an Land",0,2002,NA
"2862","ABR911054716253","Windeinheit","SEE963236791862, SEE978066682426, SEE926116971303, SEE921574265049, SEE923175118236",5,15000,"WP Sulinger Bruch","Windenergie an Land",0,2016,NA
"2863","ABR985250519932","Windeinheit","SEE952854631179, SEE906012967341, SEE968112939062, SEE944417585357",4,15000,"WP Thaden","Windenergie an Land",0,2022,NA
"2864","ABR918536553856","Windeinheit","SEE998509449478, SEE996307685364, SEE930020230654, SEE983809844122, SEE969115272873",5,15000,"WP_Ellwanger-Berge","Windenergie an Land",0,2016,NA
"2865","ABR961537963551","Windeinheit","SEE970846286701, SEE986232064006, SEE935407455446",3,15000,"Windpark Anzetel","Windenergie an Land",0,2014,NA
"2866","ABR946517138143","Windeinheit","SEE935223740993, SEE998189157816, SEE954188712319, SEE962182213664, SEE954773814459",5,15000,"Windpark Bollenhagen","Windenergie an Land",0,2017,NA
"2867","ABR945978857143","Windeinheit","SEE992150067678, SEE964085218517, SEE909576194901",3,15000,"Windpark Bondenschiften GmbH ＆ Co. KG","Windenergie an Land",0,2023,NA
"2868","ABR919009363699","Windeinheit","SEE949497302986, SEE954380382815, SEE997322419743",3,15000,"Windpark Dahlem V","Windenergie an Land",0,2024,NA
"2869","ABR920369346734","Windeinheit","SEE986633178456, SEE900106718093, SEE997054217037, SEE950015802161, SEE983417641281",5,15000,"Windpark Ellwanger Berge","Windenergie an Land",0,2017,NA
"2870","ABR976835710899","Windeinheit","SEE984126141284, SEE924370541096, SEE929167608211, SEE991635128750, SEE931106702195, SEE965316072649, SEE913816403715, SEE911963282818, SEE985486551614, SEE998609200894",10,15000,"Windpark Großberndten","Windenergie an Land",0,2003,NA
"2871","ABR903903714206","Windeinheit","SEE989867977963, SEE967899987839, SEE953889762944, SEE972044876562, SEE993742932565",5,15000,"Windpark Hakenberg","Windenergie an Land",0,2016,NA
"2872","ABR954118922375","Windeinheit","SEE932254781346, SEE976480495783, SEE901966672969, SEE962453827910, SEE953801318310, SEE999247004288",6,15000,"Windpark Haupersweiler","Windenergie an Land",0,2011,NA
"2873","ABR961800429272","Windeinheit","SEE922061799788, SEE907827095274, SEE962911772868, SEE913696566272, SEE914485918234",5,15000,"Windpark Monschau GmbH ＆ Co. KG","Windenergie an Land",0,2017,NA
"2874","ABR941036419186","Windeinheit","SEE972227183968, SEE917204446353, SEE990715521641, SEE908922735089, SEE938761100014, SEE911627871860, SEE947455560041, SEE990507859877, SEE951912304895, SEE946219908723",10,15000,"Windpark Nauen Nr. 33 GmbH ＆ Co. KG","Windenergie an Land",0,2002,NA
"2875","ABR952599367531","Windeinheit","SEE910386196283, SEE905233653446, SEE946202020234, SEE964892555737, SEE961289216820",5,15000,"Windpark Ostwestfalen","Windenergie an Land",0,2016,NA
"2876","ABR919596909980","Windeinheit","SEE964406598458, SEE973092720210, SEE965019107471, SEE923058940688, SEE929457527819",5,15000,"Windpark Rohrberg","Windenergie an Land",0,2015,NA
"2877","ABR949847121540","Windeinheit","SEE995537736433, SEE934321479132, SEE996627242889, SEE951200438776, SEE925419470544",5,15000,"Windpark Uphuser Mark GmbH ＆ Co. KG","Windenergie an Land",0,2016,NA
"2878","ABR969546929902","Windeinheit","SEE964318238169, SEE923094187702, SEE909744636189, SEE932564868324, SEE970420264415, SEE927924389274, SEE957000969663, SEE933445244909, SEE965922943043, SEE968584655033",10,15000,"ewz Windpark Dörmte GmbH","Windenergie an Land",0,2006,NA
"2879","ABR946864111783","Windeinheit","SEE924324573340, SEE952546376920, SEE919615899889, SEE939864827563, SEE997133830713, SEE986208206935, SEE903577138520, SEE989620873310, SEE921326034930",9,14950,"WKN Windkraft Nord GmbH ＆Co. Windpark Zinndorf KG","Windenergie an Land",0,2001,NA
"2880","ABR924977189486","Windeinheit","SEE983885743685, SEE950941501336, SEE955238237318, SEE931447358235, SEE953068654084, SEE955576146495, SEE906962129691",7,14900,"WP Seehausen","Windenergie an Land",0,2007,NA
"2881","ABR982187148938","Windeinheit","SEE989047608410, SEE959225557229, SEE929873926937, SEE991127630068",4,14900,"Windpark Kirchheilingen","Windenergie an Land",0,2014,NA
"2882","ABR929483516191","Windeinheit","SEE912718625577, SEE920365893881, SEE957305200386",3,14900,"Windpark Salzkotten","Windenergie an Land",0,2021,NA
"2883","ABR978913722091","Windeinheit","SEE920168416065, SEE978130277350, SEE903996198501",3,14895,"WP Repowering Schrepkow","Windenergie an Land",0,2022,NA
"2884","ABR927316890371","Windeinheit","SEE979077857988, SEE902481862552, SEE965424042718, SEE904837182178, SEE935982317115",5,14800,"Idesheim","Windenergie an Land",0,2009,NA
"2885","ABR979691506743","Windeinheit","SEE983000641117, SEE936614273953, SEE998229105432, SEE919584737366, SEE979063294704, SEE940908362254, SEE985736058863, SEE996012606241, SEE987750876959, SEE991391284950, SEE962293703801, SEE901985152855, SEE954349575111, SEE921719581843, SEE934514313625, SEE932558415008, SEE910576920520",17,14800,"WP Heiligengrabe","Windenergie an Land",0,2010,NA
"2886","ABR957537429852","Windeinheit","SEE906564646718, SEE975049730129, SEE917734792777, SEE915859906697, SEE939073763072, SEE958469533532, SEE957694598613",7,14800,"Windpark Dörpum GmbH ＆ Co. KG","Windenergie an Land",0,2002,NA
"2887","ABR978744107104","Windeinheit","SEE987275376316, SEE927497877284, SEE996726523469, SEE965159803950, SEE916599056475, SEE945847311752, SEE907337954139, SEE944562297143, SEE942705843547",9,14700,"Königsmoor II","Windenergie an Land",0,2002,NA
"2888","ABR904539662800","Windeinheit","SEE942369569784, SEE996049232048, SEE992835983514, SEE978541304515, SEE943323430942, SEE931811684540",6,14650,"Altentreptow Ost","Windenergie an Land",0,2010,NA
"2889","ABR986901476970","Windeinheit","SEE946868297117, SEE909143665988, SEE947813850111, SEE973448508035, SEE986157045586",5,14650,"Karstädt","Windenergie an Land",0,2017,NA
"2890","ABR953744539186","Windeinheit","SEE992444132112, SEE901787320254, SEE925618197921, SEE926028026733, SEE934536478746, SEE950948383874, SEE951131394431",7,14600,"Obersteinbach/Penig","Windenergie an Land",0,2007,NA
"2891","ABR932459890461","Windeinheit","SEE903838098655, SEE902786965170, SEE922650437060",3,14600,"Windpark Hausdorf Repowering GmbH ＆ Co. KG","Windenergie an Land",0,2026,NA
"2892","ABR903729451323","Windeinheit","SEE982049688121, SEE940886089464, SEE984732470150, SEE910495036029",4,14600,"Wölsickendorf","Windenergie an Land",0,2009,NA
"2893","ABR964292697532","Windeinheit","SEE977608026506, SEE968188279819, SEE983723360241, SEE975186777131",4,14560,"Schermbeck-Lühlerheim","Windenergie an Land",0,2017,NA
"2894","ABR925995374670","Windeinheit","SEE976654890642, SEE949331060089, SEE970375713150, SEE933047519337, SEE941534682334, SEE944750279548, SEE992681368503, SEE967942224003, SEE941971699995, SEE941109269090, SEE905329031387, SEE994483428614, SEE904832982070, SEE900860141953, SEE980362878489, SEE997857091155, SEE937675768983, SEE902644301454, SEE920245646361, SEE951358950762, SEE991777186366, SEE958293961259, SEE901760200924, SEE960500728241, SEE953127851393, SEE990294893993",26,14520,"Lichtenau","Windenergie an Land",0,1997,NA
"2895","ABR952277586629","Windeinheit","SEE971632228790, SEE931041010324, SEE966213596788",3,14520,"Marienfeld Süd","Windenergie an Land",0,2027,NA
"2896","ABR965669375961","Windeinheit","SEE977063983710, SEE982701420373, SEE904127985120, SEE956235881672",4,14520,"WP Gaildorf","Windenergie an Land",0,2017,NA
"2897","ABR910915413188","Windeinheit","SEE971664197194, SEE997900979935, SEE918243161238, SEE912974538369",4,14520,"WP Glandorf-Schwege","Windenergie an Land",0,2020,NA
"2898","ABR934103707521","Windeinheit","SEE941604053156, SEE902609043573, SEE919682641954, SEE920554524961, SEE982211738524, SEE965664178703",6,14500,"Adlerhorst","Windenergie an Land",0,2003,NA
"2899","ABR993212480190","Windeinheit","SEE956489213786, SEE954810161584, SEE973252272801, SEE917310816835, SEE909148537075, SEE931509751745",6,14500,"Windpark Neuenbeken","Windenergie an Land",0,2012,NA
"2900","ABR960208454985","Windeinheit","SEE993881541703, SEE903881656543, SEE929099650005, SEE973618090902, SEE910435493462, SEE934229734739, SEE960655755611, SEE909306260821, SEE966453013649",9,14500,"Windpark Uebigau B","Windenergie an Land",0,2006,NA
"2901","ABR901978702135","Windeinheit","SEE962972899733, SEE950061227338, SEE975015215698, SEE939926245168",4,14480,"Werder Kessin 1.BA","Windenergie an Land",0,2011,NA
"2902","ABR998050017508","Windeinheit","SEE983828569686, SEE927081995943, SEE998393712337",3,14400,"ABO Wind WP Meschede-Freienohl","Windenergie an Land",0,2025,NA
"2903","ABR927397646904","Windeinheit","SEE953061804653, SEE968514358720",2,14400,"Apensen NW","Windenergie an Land",0,2028,NA
"2904","ABR969781086545","Windeinheit","SEE968033615021, SEE969513738391, SEE968959268196",3,14400,"BWP Wanderup GmbH ＆ Co. KG","Windenergie an Land",0,2025,NA
"2905","ABR922657176535","Windeinheit","SEE997729479395, SEE995568203843",2,14400,"Blumberg III","Windenergie an Land",0,2026,NA
"2906","ABR907876324868","Windeinheit","SEE938245849828, SEE980687959153",2,14400,"Bürgerwind Scheddebrock GbR","Windenergie an Land",0,2027,NA
"2907","ABR947969625281","Windeinheit","SEE983787280288, SEE913092387679, SEE959078545374, SEE966014112149, SEE901479792437, SEE988910431650",6,14400,"EL Elzer Berg","Windenergie an Land",0,2016,NA
"2908","ABR997513095282","Windeinheit","SEE910556645528, SEE938647454934, SEE929182673669",3,14400,"Elfershausen","Windenergie an Land",0,2020,NA
"2909","ABR914908814006","Windeinheit","SEE976607248193, SEE994897604673",2,14400,"Eschlohn Brink","Windenergie an Land",0,2027,NA
"2910","ABR934410449091","Windeinheit","SEE913842873322, SEE971863674243",2,14400,"FEFA Arneburg-Sanne Repowering","Windenergie an Land",0,2028,NA
"2911","ABR939893126392","Windeinheit","SEE991810329583, SEE929549547077, SEE973915511629, SEE938357411937, SEE923882573557, SEE905471284884",6,14400,"Gedern","Windenergie an Land",0,2002,NA
"2912","ABR972661348169","Windeinheit","SEE948725526385, SEE990399001903, SEE988367610042",3,14400,"Grönland-Schönmoor","Windenergie an Land",0,2026,NA
"2913","ABR927149373508","Windeinheit","SEE921902185612, SEE925224806101, SEE995926251721, SEE958157248748, SEE935999517966, SEE980045703817, SEE906763785225",7,14400,"GÖPA Dieksanderkoog","Windenergie an Land",0,1996,NA
"2914","ABR980180630443","Windeinheit","SEE958847950043, SEE939396860922",2,14400,"Holter Wind","Windenergie an Land",0,2027,NA
"2915","ABR998995085600","Windeinheit","SEE907204699156, SEE928013612235, SEE924261857985, SEE995978876347, SEE960659110300, SEE981705738750, SEE993782539496, SEE926911596497, SEE951884928150",9,14400,"Holtriem III","Windenergie an Land",0,2002,NA
"2916","ABR977273103717","Windeinheit","SEE930947216786, SEE905516299361, SEE943415444451",3,14400,"Kleihof","Windenergie an Land",0,2027,NA
"2917","ABR984763111640","Windeinheit","SEE910557383443, SEE941120496598",2,14400,"MAN-I","Windenergie an Land",0,2028,NA
"2918","ABR946242075478","Windeinheit","SEE993476449483, SEE911987145502",2,14400,"MARK Neu","Windenergie an Land",0,2028,NA
"2919","ABR979723000096","Windeinheit","SEE929986554683, SEE958632594902, SEE901559913165, SEE982163842638",4,14400,"Mohlis","Windenergie an Land",0,2019,NA
"2920","ABR926995164650","Windeinheit","SEE981438929470, SEE961363834292, SEE918001068052, SEE973144463614",4,14400,"Pamina Windpark","Windenergie an Land",0,2023,NA
"2921","ABR910219168067","Windeinheit","SEE946075375974, SEE904240633236, SEE930280600334, SEE911205621085",4,14400,"Sembten II","Windenergie an Land",0,2019,NA
"2922","ABR945527824657","Windeinheit","SEE979621234203, SEE901358018382",2,14400,"Stettenfeld","Windenergie an Land",0,2029,NA
"2923","ABR921287079780","Windeinheit","SEE982534612129, SEE934693180759, SEE983297905022",3,14400,"Tarnow Repowering","Windenergie an Land",0,2026,NA
"2924","ABR915861801041","Windeinheit","SEE901299225047, SEE939071407022",2,14400,"Thedinghausen 127327 Repower","Windenergie an Land",0,2029,NA
"2925","ABR923027889925","Windeinheit","SEE930823471957, SEE901687193224, SEE964516517974, SEE926631876657, SEE939243842545, SEE920570855513, SEE954394593658, SEE903945756738",8,14400,"Twist","Windenergie an Land",0,2004,NA
"2926","ABR939457588048","Windeinheit","SEE932901935351, SEE907510907761, SEE977060777886, SEE947990897756",4,14400,"Vierherrenwald","Windenergie an Land",0,2027,NA
"2927","ABR919574103430","Windeinheit","SEE953656847034, SEE970776337733",2,14400,"WP Am Heilborn II","Windenergie an Land",0,2027,NA
"2928","ABR915861801041","Windeinheit","SEE986773129684, SEE947170258070",2,14400,"WP Bad Bentheim Repower","Windenergie an Land",0,2029,NA
"2929","ABR919574103430","Windeinheit","SEE940682195789, SEE988596439834",2,14400,"WP Calau IIb","Windenergie an Land",0,2028,NA
"2930","ABR901540326530","Windeinheit","SEE932416978874, SEE932711051340",2,14400,"WP Erlau II","Windenergie an Land",0,2027,NA
"2931","ABR967008498546","Windeinheit","SEE910033817318, SEE939856761806",2,14400,"WP Henglarn","Windenergie an Land",0,2025,NA
"2932","ABR937593242503","Windeinheit","SEE960303446205, SEE950340927294",2,14400,"WP Holzweiler-Süd","Windenergie an Land",0,2027,NA
"2933","ABR939826000522","Windeinheit","SEE907803430969, SEE917289370987, SEE907287417036, SEE905369993362",4,14400,"WP Hoort 2","Windenergie an Land",0,2019,NA
"2934","ABR947557261051","Windeinheit","SEE952187954006, SEE948143466645, SEE989099807656, SEE955961607969, SEE920114946448, SEE986239274767, SEE974190852186, SEE917276538383",8,14400,"WP IX","Windenergie an Land",0,2004,NA
"2935","ABR934335741355","Windeinheit","SEE999905714993, SEE970105262231, SEE904709616800, SEE909157983320, SEE963551802373, SEE928324139698",6,14400,"WP Jübar-Drebenstedt","Windenergie an Land",0,2016,NA
"2936","ABR944493433672","Windeinheit","SEE983634836064, SEE924298195388, SEE995536442960, SEE922023369479, SEE971306926588, SEE933380411176",6,14400,"WP Lobendorfer Forsten","Windenergie an Land",0,2015,NA
"2937","ABR942006454374","Windeinheit","SEE928249747015, SEE936931238680, SEE929709989204, SEE922964284589, SEE912149829001, SEE921581654485",6,14400,"WP Mengeringhausen","Windenergie an Land",0,2016,NA
"2938","ABR960133702182","Windeinheit","SEE948222469741, SEE965115341618",2,14400,"WP Pfaffenhausen","Windenergie an Land",0,2028,NA
"2939","ABR989393706204","Windeinheit","SEE915934886272, SEE971063930224",2,14400,"WP Sinnatl","Windenergie an Land",0,2028,NA
"2940","ABR918224171591","Windeinheit","SEE933260886322, SEE911739479022, SEE955744899338, SEE930236902413",4,14400,"WP Wintersteinchen","Windenergie an Land",0,2023,NA
"2941","ABR964329550144","Windeinheit","SEE929978120292, SEE965442699604",2,14400,"Windkraft Hemau-Riedenburg","Windenergie an Land",0,2028,NA
"2942","ABR920193003728","Windeinheit","SEE984064891739, SEE922602389355",2,14400,"Windpark Albertshof","Windenergie an Land",0,2027,NA
"2943","ABR957301131660","Windeinheit","SEE919762892085, SEE933432477174",2,14400,"Windpark Altenbergen GmbH ＆ Co. KG","Windenergie an Land",0,2028,NA
"2944","ABR908515276456","Windeinheit","SEE908907517181, SEE982231903179, SEE953045227492, SEE971388224688, SEE997670685333",5,14400,"Windpark Altengamme","Windenergie an Land",0,2017,NA
"2945","ABR995416485865","Windeinheit","SEE915907109261, SEE996255253561, SEE938429620816, SEE936115235825",4,14400,"Windpark Arfeld","Windenergie an Land",0,2022,NA
"2946","ABR978638749915","Windeinheit","SEE921982365416, SEE976343202817",2,14400,"Windpark Beppener Bruch Repowering","Windenergie an Land",0,2027,NA
"2947","ABR938766257898","Windeinheit","SEE943023861596, SEE962833150096",2,14400,"Windpark Burghaslach","Windenergie an Land",0,2027,NA
"2948","ABR965463074305","Windeinheit","SEE919718628461, SEE970967662934, SEE921592368579, SEE944098908087, SEE995927647042, SEE980859384998, SEE982429994170, SEE955275110285",8,14400,"Windpark Büttstedt GmbH ＆ Co. KG","Windenergie an Land",0,2003,NA
"2949","ABR920660209295","Windeinheit","SEE937992770119, SEE945082429762",2,14400,"Windpark Creußen III","Windenergie an Land",0,2027,NA
"2950","ABR943395077038","Windeinheit","SEE926435314287, SEE961884239781",2,14400,"Windpark Curau","Windenergie an Land",0,2028,NA
"2951","ABR992560692163","Windeinheit","SEE936153816185, SEE920547733653",2,14400,"Windpark Dannstadt R","Windenergie an Land",0,2028,NA
"2952","ABR971158249187","Windeinheit","SEE983136093187, SEE904905589663",2,14400,"Windpark Elstorf","Windenergie an Land",0,2027,NA
"2953","ABR914335649783","Windeinheit","SEE956227150922, SEE975597370556, SEE997667440723, SEE961999469882, SEE989388835643, SEE995322558325",6,14400,"Windpark Harzkopf","Windenergie an Land",0,2013,NA
"2954","ABR968674969798","Windeinheit","SEE915495528475, SEE958301521437",2,14400,"Windpark Heidkrug","Windenergie an Land",0,2027,NA
"2955","ABR907860043836","Windeinheit","SEE994461907483, SEE924209903408",2,14400,"Windpark Hummelsebene","Windenergie an Land",0,2026,NA
"2956","ABR977119024374","Windeinheit","SEE963234153990, SEE931507691937, SEE935656004310",3,14400,"Windpark Koselau Green Energy","Windenergie an Land",0,2027,NA
"2957","ABR924055199987","Windeinheit","SEE930180108664, SEE933289517467",2,14400,"Windpark Nittenau","Windenergie an Land",0,2028,NA
"2958","ABR987231060853","Windeinheit","SEE977978995808, SEE957884581173",2,14400,"Windpark Pegau","Windenergie an Land",0,2026,NA
"2959","ABR963474516449","Windeinheit","SEE989158055875, SEE911608476459, SEE958224696854, SEE936710618078, SEE933370333099, SEE931042764523, SEE934493625757, SEE975098039082",8,14400,"Windpark Perleberg","Windenergie an Land",0,2002,NA
"2960","ABR906813549333","Windeinheit","SEE948152964064, SEE970540379204, SEE972349277576, SEE977004503090",4,14400,"Windpark Raa-Besenbek","Windenergie an Land",0,2022,NA
"2961","ABR947429607734","Windeinheit","SEE911286422250, SEE941824608037, SEE921416058051, SEE912228892889, SEE924767808047, SEE979848448339",6,14400,"Windpark Remlingen","Windenergie an Land",0,2012,NA
"2962","ABR981582464643","Windeinheit","SEE903695431152, SEE911730026836, SEE949532593324, SEE922090717029, SEE942961495252, SEE986811810116, SEE969094950342, SEE987943746410",8,14400,"Windpark Roge","Windenergie an Land",0,2000,NA
"2963","ABR900819039959","Windeinheit","SEE970804520403, SEE978520767065, SEE918539425105",3,14400,"Windpark Schlage 3","Windenergie an Land",0,2026,NA
"2964","ABR978681047198","Windeinheit","SEE976735999424, SEE995818436731",2,14400,"Windpark Sintmann","Windenergie an Land",0,2027,NA
"2965","ABR960871901731","Windeinheit","SEE934238685060, SEE913710958144",2,14400,"Windpark Tholey-Beilstein","Windenergie an Land",0,2030,NA
"2966","ABR947332209797","Windeinheit","SEE959059045947, SEE994362570090",2,14400,"Windpark Ufhausen","Windenergie an Land",0,2028,NA
"2967","ABR914534428417","Windeinheit","SEE997665350970, SEE969253203555, SEE940739038489, SEE975173415596",4,14400,"Windpark Viertkamp","Windenergie an Land",0,2019,NA
"2968","ABR981046610791","Windeinheit","SEE907983051527, SEE995076945228",2,14400,"Windpark Volsemenhusen Nord","Windenergie an Land",0,2028,NA
"2969","ABR999527521047","Windeinheit","SEE924473713918, SEE984499746314, SEE945429294671, SEE949012804636",4,14400,"Windpark Zerbst II","Windenergie an Land",0,2017,NA
"2970","ABR983674772100","Windeinheit","SEE957498509525, SEE985194177595",2,14400,"Windpark fischer-group","Windenergie an Land",0,2027,NA
"2971","ABR942004525861","Windeinheit","SEE984259796481, SEE957775644369, SEE984858190680, SEE900037558577",4,14380,"Kattrepel Erweiterung II","Windenergie an Land",0,2022,NA
"2972","ABR993962069041","Windeinheit","SEE922979648550, SEE989304852327, SEE979598210903, SEE978629483705",4,14360,"Windpark Altenbeken","Windenergie an Land",0,2013,NA
"2973","ABR989393706204","Windeinheit","SEE963544498606, SEE907326331231, SEE993789355099, SEE964615418950, SEE986916884050, SEE941641404461, SEE933369384507, SEE951507284069, SEE936056994669, SEE940385718230, SEE973897425266",11,14300,"Quarnstedt Störkathen I","Windenergie an Land",0,2001,NA
"2974","ABR998947085603","Windeinheit","SEE962533892098, SEE916816503911, SEE982244142671, SEE932364580617, SEE978746334805, SEE961979411559, SEE934273661654",7,14300,"Sendenhorst","Windenergie an Land",0,2007,NA
"2975","ABR928165548314","Windeinheit","SEE966375786669, SEE952212254170, SEE925801207390, SEE967730688758, SEE989821029622, SEE945272982404, SEE936608034416",7,14300,"WP Groß Charlottengroden","Windenergie an Land",0,2005,NA
"2976","ABR998631551087","Windeinheit","SEE909989167158, SEE907166649190, SEE938885432183, SEE975978018343, SEE925592142252, SEE902801271736, SEE947545059806",7,14300,"Windpark Spradau","Windenergie an Land",0,2006,NA
"2977","ABR950690487493","Windeinheit","SEE990615644815, SEE985284464840, SEE995313463638, SEE995609638269, SEE940874085577",5,14250,"WeBo II","Windenergie an Land",0,2014,NA
"2978","ABR991780282956","Windeinheit","SEE909593845145, SEE994271593319",2,14200,"WP Bissee","Windenergie an Land",0,2026,NA
"2979","ABR995436199636","Windeinheit","SEE932556682389, SEE998226453550",2,14200,"WP Gangelt Breberen","Windenergie an Land",0,2026,NA
"2980","ABR994524750575","Windeinheit","SEE987474043002, SEE962105863020, SEE923786035847",3,14120,"Windpark Himmelreich","Windenergie an Land",0,2025,NA
"2981","ABR912499302384","Windeinheit","SEE958323320759, SEE980869405096, SEE985255302591",3,14100,"AB Ascheberg","Windenergie an Land",0,2026,NA
"2982","ABR976035097813","Windeinheit","SEE914323151090, SEE966794699489, SEE966913163259, SEE915274391207, SEE943504470279, SEE926442988013, SEE962758227323, SEE915372455375",8,14100,"Bernsdorf-Gersdorf","Windenergie an Land",0,1998,NA
"2983","ABR904475361997","Windeinheit","SEE905772535029, SEE908953571274, SEE919591775467, SEE938364396715",4,14100,"WEA 02","Windenergie an Land",0,1995,NA
"2984","ABR981868507699","Windeinheit","SEE924946526779, SEE943772738255, SEE930278165128, SEE943289234646, SEE914056372861, SEE948040855498",6,14100,"WP Werbig II","Windenergie an Land",0,2015,NA
"2985","ABR935204142174","Windeinheit","SEE986601994569, SEE997009015718, SEE998933152364",3,14080,"WP Proetzel","Windenergie an Land",0,2028,NA
"2986","ABR944902877967","Windeinheit","SEE917948826152, SEE963830057784, SEE953992432093, SEE945735773402, SEE921415139041",5,14050,"Wangenheim/Hochheim","Windenergie an Land",0,2011,NA
"2987","ABR911505218503","Windeinheit","SEE971883248028, SEE931480311150",2,14000,"ABO Energy Windpark 28 GmbH ＆ Co. KG","Windenergie an Land",0,2028,NA
"2988","ABR998598482288","Windeinheit","SEE947239699417, SEE974012304558",2,14000,"ABO Energy Windpark 31 GmbH ＆ Co. KG","Windenergie an Land",0,2029,NA
"2989","ABR970566792551","Windeinheit","SEE986307404577, SEE930311822353",2,14000,"Ahlen Ost","Windenergie an Land",0,2026,NA
"2990","ABR954060999982","Windeinheit","SEE981209625716, SEE985487589883",2,14000,"Auf der Baumke","Windenergie an Land",0,2026,NA
"2991","ABR943096933800","Windeinheit","SEE982403488992, SEE955112646984, SEE941582906505, SEE996719753699, SEE967059278609, SEE901249271100, SEE936372112419",7,14000,"BWP Löningen","Windenergie an Land",0,2010,NA
"2992","ABR956947220103","Windeinheit","SEE961313958160, SEE903565438984",2,14000,"Baiersbronn/Freudenstadt","Windenergie an Land",0,2027,NA
"2993","ABR941190092140","Windeinheit","SEE912033585518, SEE965346796713",2,14000,"Bergheim R","Windenergie an Land",0,2028,NA
"2994","ABR907319168288","Windeinheit","SEE909410905946, SEE921708538919",2,14000,"Bisterschied","Windenergie an Land",0,2025,NA
"2995","ABR949593948187","Windeinheit","SEE918983732583, SEE900595565796",2,14000,"Bosserweg","Windenergie an Land",0,2027,NA
"2996","ABR901326288755","Windeinheit","SEE990368793310, SEE936679853657",2,14000,"Bürger-Wind Hohenkammer","Windenergie an Land",0,2027,NA
"2997","ABR982997533931","Windeinheit","SEE924886502567, SEE970586827530, SEE922996200397, SEE932156453594, SEE941026970543",5,14000,"CEE Windpark Rehfeld GmbH ＆ Co. KG","Windenergie an Land",0,2013,NA
"2998","ABR903729451323","Windeinheit","SEE984717904519, SEE946068140275, SEE939201947732, SEE935761583649, SEE926399733889, SEE934708042133, SEE971954923991",7,14000,"Christinendorf","Windenergie an Land",0,2009,NA
"2999","ABR914438187427","Windeinheit","SEE939279632486, SEE951077235560",2,14000,"Dassensen","Windenergie an Land",0,2026,NA
"3000","ABR924118136331","Windeinheit","SEE932197045376, SEE944475682265",2,14000,"ENOVA Repowering Rurich","Windenergie an Land",0,2028,NA
"3001","ABR998134287001","Windeinheit","SEE940073017881, SEE919703784349",2,14000,"Elven","Windenergie an Land",0,2027,NA
"3002","ABR981846342212","Windeinheit","SEE967067310254, SEE907990296744, SEE908967020409, SEE905114928106, SEE978685270455, SEE910140200829, SEE910912047812",7,14000,"HVL-Bredow Zeestow I","Windenergie an Land",0,2005,NA
"3003","ABR981846342212","Windeinheit","SEE930688997975, SEE935982179683, SEE911870098786, SEE908025306797, SEE918483375617, SEE958653221900, SEE955368647001",7,14000,"HVL-Etzin 1","Windenergie an Land",0,2005,NA
"3004","ABR987073635714","Windeinheit","SEE926884402092, SEE974518229034",2,14000,"Herbergen","Windenergie an Land",0,2028,NA
"3005","ABR989393706204","Windeinheit","SEE930350096517, SEE945137041574, SEE901584905883, SEE922486063945, SEE947153324402, SEE940212344908, SEE919159864947",7,14000,"Hohe Wuhne II","Windenergie an Land",0,2007,NA
"3006","ABR906318922495","Windeinheit","SEE990624168036, SEE929267011836, SEE913854373919, SEE991363685228, SEE946368387622, SEE998405382206, SEE986056275749",7,14000,"Hohenwalde","Windenergie an Land",0,2006,NA
"3007","ABR935629331139","Windeinheit","SEE985809352003, SEE935495480429",2,14000,"Hude","Windenergie an Land",0,2029,NA
"3008","ABR907996347686","Windeinheit","SEE991748766191, SEE988204328529",2,14000,"Höheinöd Repowering","Windenergie an Land",0,2026,NA
"3009","ABR933776283783","Windeinheit","SEE909093010524, SEE929533639849",2,14000,"Janneby-Süderzollhaus","Windenergie an Land",0,2025,NA
"3010","ABR983161139829","Windeinheit","SEE911884625480, SEE906413119110, SEE904762549657, SEE984881674676, SEE920495531066, SEE909437696889, SEE907384039353",7,14000,"MLK Windpark Jacobsdorf Nr. 54 GmbH ＆ Co. KG","Windenergie an Land",0,2012,NA
"3011","ABR970859607036","Windeinheit","SEE946618371609, SEE999897187911",2,14000,"Mühlenhorst","Windenergie an Land",0,2028,NA
"3012","ABR930324965405","Windeinheit","SEE906078153245, SEE998281109584, SEE927947337573, SEE970524909182, SEE929974918404, SEE978824213589, SEE911653565689",7,14000,"NxW Mastershausen I GmbH ＆ Co. KG","Windenergie an Land",0,2007,NA
"3013","ABR919509555006","Windeinheit","SEE994150564010, SEE988194728590, SEE969137806582, SEE979270654797, SEE974735695070, SEE995772638875, SEE992907846068",7,14000,"NxW Schweskau GmbH","Windenergie an Land",0,2009,NA
"3014","ABR929478596559","Windeinheit","SEE971424638561, SEE968619863518",2,14000,"Oerel/Fahrendorf","Windenergie an Land",0,2029,NA
"3015","ABR958857513818","Windeinheit","SEE944481234755, SEE903993484430",2,14000,"Oldenbrok Süd","Windenergie an Land",0,2028,NA
"3016","ABR983110619303","Windeinheit","SEE956717544767, SEE963628197180, SEE946953683627, SEE906571664804, SEE925685936133, SEE940378975381, SEE951602598078",7,14000,"PAV Eidelweg I","Windenergie an Land",0,2006,NA
"3017","ABR995263493099","Windeinheit","SEE970366481174, SEE946821438595",2,14000,"PR2_RDE_159","Windenergie an Land",0,2026,NA
"3018","ABR941190092140","Windeinheit","SEE907274528790, SEE920775722245",2,14000,"Rabenau R","Windenergie an Land",0,2028,NA
"3019","ABR901375682474","Windeinheit","SEE937457401312, SEE942041664547",2,14000,"Rabenhain","Windenergie an Land",0,2027,NA
"3020","ABR946009948885","Windeinheit","SEE910350543297, SEE942403322221",2,14000,"Rieseler Windgemeinschaft","Windenergie an Land",0,2028,NA
"3021","ABR979825178532","Windeinheit","SEE945290837687, SEE983450626108",2,14000,"Schermbeck Overbeck","Windenergie an Land",0,2029,NA
"3022","ABR933776283783","Windeinheit","SEE933448633441, SEE998257166641",2,14000,"Schmalfeld","Windenergie an Land",0,2028,NA
"3023","ABR951323139017","Windeinheit","SEE988490959261, SEE933664489655, SEE912136527521, SEE995974734320, SEE949839758778, SEE958965292940, SEE919310869491",7,14000,"Sichau","Windenergie an Land",0,2002,NA
"3024","ABR940534828872","Windeinheit","SEE901830625329, SEE990950395854, SEE999566615363, SEE977187369261, SEE930607966228, SEE960935454500, SEE972020978174",7,14000,"Simmerath-Strauch","Windenergie an Land",0,2004,NA
"3025","ABR990087272745","Windeinheit","SEE938520578535, SEE922877418927, SEE912463772472, SEE978591771350, SEE905280880857, SEE969218552780, SEE997289207698",7,14000,"Spesenroth","Windenergie an Land",0,2008,NA
"3026","ABR949593948187","Windeinheit","SEE933481565778, SEE941981297884",2,14000,"StepII","Windenergie an Land",0,2027,NA
"3027","ABR918582642863","Windeinheit","SEE931242566583, SEE978925079916",2,14000,"Streitmark","Windenergie an Land",0,2027,NA
"3028","ABR977193012823","Windeinheit","SEE904080045640, SEE976067371868",2,14000,"Telgte Kirchspiel Erweiterung","Windenergie an Land",0,2027,NA
"3029","ABR945103334969","Windeinheit","SEE944456759771, SEE908601563224",2,14000,"Vachdorf","Windenergie an Land",0,2028,NA
"3030","ABR998203131204","Windeinheit","SEE901526194542, SEE909011192820",2,14000,"Vorst-Ost","Windenergie an Land",0,2027,NA
"3031","ABR935924593300","Windeinheit","SEE992093459639, SEE918206174077",2,14000,"WEA Höingen Süd","Windenergie an Land",0,2028,NA
"3032","ABR976049890431","Windeinheit","SEE960149251179, SEE984316124943",2,14000,"WP Aldenhoven-Erweiterung","Windenergie an Land",0,2028,NA
"3033","ABR976049890431","Windeinheit","SEE975465935641, SEE986240901195",2,14000,"WP Aldenhoven-Repowering","Windenergie an Land",0,2028,NA
"3034","ABR930023664487","Windeinheit","SEE927518025229, SEE922341284065, SEE935471457247, SEE938077670188, SEE924506095578, SEE913286844070, SEE934945084286",7,14000,"WP Bassum-Hollwedel","Windenergie an Land",0,2004,NA
"3035","ABR953268833838","Windeinheit","SEE926400728378, SEE998977707797",2,14000,"WP Getmold","Windenergie an Land",0,2026,NA
"3036","ABR937995708027","Windeinheit","SEE977231049224, SEE933278902588",2,14000,"WP Grambergen","Windenergie an Land",0,2028,NA
"3037","ABR904970817333","Windeinheit","SEE975686912438, SEE963146572339",2,14000,"WP Grimmen Nord","Windenergie an Land",0,2026,NA
"3038","ABR907100802209","Windeinheit","SEE952116404589, SEE935935551122",2,14000,"WP Groß Buchwald - Bissee","Windenergie an Land",0,2026,NA
"3039","ABR915861801041","Windeinheit","SEE990273848068, SEE970714324672, SEE905814105524, SEE920566825100, SEE971794743469, SEE942771557102, SEE977418781350",7,14000,"WP Hakenstedt","Windenergie an Land",0,2003,NA
"3040","ABR950072197934","Windeinheit","SEE927246384414, SEE915334127685, SEE961601948569, SEE907720234367, SEE960640094015, SEE960158177323, SEE968060237647, SEE922211588996, SEE951543350810, SEE918761889768",10,14000,"WP Hamswehrum","Windenergie an Land",0,1994,NA
"3041","ABR998800707246","Windeinheit","SEE900939006213, SEE912435486963",2,14000,"WP Hasselt Süd","Windenergie an Land",0,2028,NA
"3042","ABR903729451323","Windeinheit","SEE930862248688, SEE939222572326, SEE939019017030, SEE998481062245, SEE910775473605, SEE926421515049, SEE998893957153, SEE984705389724, SEE942540908852, SEE947750075271",10,14000,"WP Heinersdorf","Windenergie an Land",0,1997,NA
"3043","ABR904357018209","Windeinheit","SEE990861292310, SEE971143840405",2,14000,"WP Ingstetten","Windenergie an Land",0,2028,NA
"3044","ABR911022287327","Windeinheit","SEE914466803986, SEE987128803853",2,14000,"WP Jagstzell Projekt I GmbH ＆ Co.KG","Windenergie an Land",0,2028,NA
"3045","ABR911209194011","Windeinheit","SEE974136870731, SEE908827715292",2,14000,"WP Lünne-Nord","Windenergie an Land",0,2026,NA
"3046","ABR950952868435","Windeinheit","SEE982675289037, SEE939129253557, SEE906777081177, SEE922058881120, SEE952062743343, SEE902939318426, SEE974386411043",7,14000,"WP Lütetsburg","Windenergie an Land",0,2003,NA
"3047","ABR927082206420","Windeinheit","SEE997464675717, SEE918156416081, SEE910150305101, SEE964976429046, SEE919900657088, SEE973779278003, SEE920454463773",7,14000,"WP Osterrade Erw.","Windenergie an Land",0,2011,NA
"3048","ABR998203131204","Windeinheit","SEE913786487579, SEE949057799478",2,14000,"WP Ungershausen","Windenergie an Land",0,2028,NA
"3049","ABR920970605893","Windeinheit","SEE931874620110, SEE962392521863",2,14000,"WP Viersen-Lind","Windenergie an Land",0,2026,NA
"3050","ABR933233078730","Windeinheit","SEE967363236227, SEE953877315817",2,14000,"WP Wahrenholz/Wesendorf","Windenergie an Land",0,2027,NA
"3051","ABR930559812949","Windeinheit","SEE965079884817, SEE973701720341, SEE994095595551, SEE969154217002, SEE999152599435, SEE940138732087, SEE907588268832",7,14000,"WP Waltersdorf","Windenergie an Land",0,2007,NA
"3052","ABR900568194206","Windeinheit","SEE976236282896, SEE956985681003, SEE989320208702, SEE940046331662, SEE987809067666, SEE926101051096, SEE926198411131",7,14000,"WP Wormsdorf","Windenergie an Land",0,2002,NA
"3053","ABR949205937202","Windeinheit","SEE962428988493, SEE947752891169",2,14000,"WP Wörbzig","Windenergie an Land",0,2026,NA
"3054","ABR929523838474","Windeinheit","SEE955323660953, SEE926062277139, SEE939523455434, SEE905926107270, SEE975987611122, SEE938047435281, SEE987811486141",7,14000,"WSB Windpark Thurland GmbH ＆ Co. KG","Windenergie an Land",0,2005,NA
"3055","ABR985766839241","Windeinheit","SEE917476535694, SEE981113465170",2,14000,"WTS","Windenergie an Land",0,2026,NA
"3056","ABR988310185726","Windeinheit","SEE935130608041, SEE904978098727",2,14000,"Walbeck","Windenergie an Land",0,2028,NA
"3057","ABR915861801041","Windeinheit","SEE919487989015, SEE972123668002, SEE970462685469, SEE920232862804, SEE906906003261, SEE942361374652, SEE956311837388",7,14000,"Waldhausen","Windenergie an Land",0,2006,NA
"3058","ABR920498030191","Windeinheit","SEE954991990447, SEE945335689844, SEE964057878886, SEE915762091688",4,14000,"Wansleben","Windenergie an Land",0,2014,NA
"3059","ABR989516174446","Windeinheit","SEE998888963176, SEE968561802979",2,14000,"Windpark Alsheimer Chaussee","Windenergie an Land",0,2026,NA
"3060","ABR990343532385","Windeinheit","SEE914990130398, SEE981568570467",2,14000,"Windpark Altenheerse","Windenergie an Land",0,2028,NA
"3061","ABR936286140386","Windeinheit","SEE964634738640, SEE958156753212",2,14000,"Windpark Autobahnkreuz","Windenergie an Land",0,2029,NA
"3062","ABR905306530049","Windeinheit","SEE958515219540, SEE927329003522",2,14000,"Windpark Bremen Rekum Repowering","Windenergie an Land",0,2026,NA
"3063","ABR934170558088","Windeinheit","SEE947611851716, SEE920136677825, SEE954058753930, SEE942074708232, SEE946200797336, SEE936260072245, SEE984045578161",7,14000,"Windpark Bärfang","Windenergie an Land",0,2018,NA
"3064","ABR913655682333","Windeinheit","SEE996611460091, SEE953218875857",2,14000,"Windpark Firrel II","Windenergie an Land",0,2027,NA
"3065","ABR923641285301","Windeinheit","SEE992771667042, SEE994693307556",2,14000,"Windpark Galgenberg","Windenergie an Land",0,2028,NA
"3066","ABR920589342653","Windeinheit","SEE989491105091, SEE909574661962",2,14000,"Windpark Groß Welle","Windenergie an Land",0,2026,NA
"3067","ABR902488716339","Windeinheit","SEE922376645633, SEE943092604919",2,14000,"Windpark Grünz","Windenergie an Land",0,2027,NA
"3068","ABR955129926154","Windeinheit","SEE904791217992, SEE956644455860",2,14000,"Windpark Gusenburg Nord","Windenergie an Land",0,2026,NA
"3069","ABR965585749440","Windeinheit","SEE954763155869, SEE990608690300",2,14000,"Windpark Hirschau-Rotbühl","Windenergie an Land",0,2029,NA
"3070","ABR945917140442","Windeinheit","SEE946991001896, SEE997500634579",2,14000,"Windpark Hollriede GmbH ＆ Co. KG","Windenergie an Land",0,2027,NA
"3071","ABR917115992765","Windeinheit","SEE928351911472, SEE987151630365",2,14000,"Windpark Hürtgenwald-Ochsenauel","Windenergie an Land",0,2028,NA
"3072","ABR983201364198","Windeinheit","SEE977986078814, SEE974222218003",2,14000,"Windpark Iven","Windenergie an Land",0,2029,NA
"3073","ABR934148421338","Windeinheit","SEE916036823455, SEE910438528475",2,14000,"Windpark Lirstal 2","Windenergie an Land",0,2027,NA
"3074","ABR905239608297","Windeinheit","SEE962775217208, SEE983143411905",2,14000,"Windpark Lövenich Erweiterung","Windenergie an Land",0,2027,NA
"3075","ABR903416986121","Windeinheit","SEE991086221444, SEE936515120547, SEE973777040626, SEE933771154590, SEE920412591890, SEE993925293858, SEE936158338262",7,14000,"Windpark Masendorf","Windenergie an Land",0,2006,NA
"3076","ABR960208454985","Windeinheit","SEE987726956623, SEE947769241667, SEE941856650967, SEE966706572879, SEE933578637289, SEE992481827088, SEE997358429624",7,14000,"Windpark Möglenz","Windenergie an Land",0,2005,NA
"3077","ABR982511102919","Windeinheit","SEE947099885432, SEE912059220134, SEE957547833588, SEE925088612672, SEE984798640481, SEE999988321019, SEE929127823104",7,14000,"Windpark Plauerhagen (MVV)","Windenergie an Land",0,2010,NA
"3078","ABR962463550907","Windeinheit","SEE970318701442, SEE951302293648",2,14000,"Windpark Rakow West GmbH ＆ Co. KG","Windenergie an Land",0,2028,NA
"3079","ABR905158471972","Windeinheit","SEE963146023787, SEE994616367667",2,14000,"Windpark Reitfeld","Windenergie an Land",0,2026,NA
"3080","ABR925398545172","Windeinheit","SEE937428438255, SEE917820810378",2,14000,"Windpark Schweckhausen","Windenergie an Land",0,2028,NA
"3081","ABR918014695733","Windeinheit","SEE971547882254, SEE962804467215",2,14000,"Windpark Tenholt","Windenergie an Land",0,2027,NA
"3082","ABR972937502745","Windeinheit","SEE924231984765, SEE996176565712, SEE979049025988, SEE998832637603, SEE953915610485, SEE906825710769, SEE934568447154",7,14000,"Windpark Trebitz","Windenergie an Land",0,2004,NA
"3083","ABR990662786322","Windeinheit","SEE947770133890, SEE914724997549, SEE937288435753, SEE920664512896, SEE973011541759, SEE918404326452, SEE919675430794",7,14000,"Windpark Warendorf I Gronhorst","Windenergie an Land",0,2009,NA
"3084","ABR924674808260","Windeinheit","SEE930455220695, SEE999134430909, SEE927459531681, SEE923076548026, SEE970413619482, SEE948108109853, SEE941611739326",7,14000,"Windpark Wriezener Höhe","Windenergie an Land",0,2005,NA
"3085","ABR909614062537","Windeinheit","SEE991201542706, SEE966877312212",2,14000,"Windpark Wulfen II","Windenergie an Land",0,2027,NA
"3086","ABR988310185726","Windeinheit","SEE907338057662, SEE936838372395",2,14000,"Zitterhuck","Windenergie an Land",0,2028,NA
"3087","ABR914821989768","Windeinheit","SEE949047866227, SEE973446207305, SEE960532787339, SEE957154293836, SEE949315196711, SEE907189530246, SEE936411948757",7,14000,"ewz Windpark Schermen GmbH","Windenergie an Land",0,2007,NA
"3088","ABR910842526302","Windeinheit","SEE946130651708, SEE974552873606, SEE908631931109",3,13960,"Vier Berge IV","Windenergie an Land",0,2024,NA
"3089","ABR929250151532","Windeinheit","SEE957599775348, SEE981400410357, SEE921295188511, SEE922560341853",4,13950,"WP Galgenhöh","Windenergie an Land",0,2019,NA
"3090","ABR920869236399","Windeinheit","SEE963866170044, SEE954000013358, SEE991871125414, SEE904609885535, SEE997650979551",5,13900,"BWP Häcklingen-Melbeck","Windenergie an Land",0,2017,NA
"3091","ABR981258278383","Windeinheit","SEE922704608606, SEE955455326680, SEE931616769800, SEE934148029329, SEE912408200398",5,13900,"BWP Wendhausen","Windenergie an Land",0,2017,NA
"3092","ABR914143322465","Windeinheit","SEE988427675059, SEE991910311211, SEE986148899884, SEE976368152500, SEE951049756543",5,13900,"SWI Windpark Hain-Ost GmbH","Windenergie an Land",0,2016,NA
"3093","ABR991670969981","Windeinheit","SEE909491500979, SEE997426825266, SEE993411655993, SEE978565005269, SEE969112523954",5,13900,"UGE Karche Eins GmbH ＆ Co. KG Umweltgerechte Energie","Windenergie an Land",0,2015,NA
"3094","ABR999832559438","Windeinheit","SEE908503812246, SEE962320358707, SEE982322054940, SEE925479731463, SEE920086464773",5,13900,"WP Ahorn-Schillingstadt","Windenergie an Land",0,2016,NA
"3095","ABR993127327719","Windeinheit","SEE976395973147, SEE933839810871, SEE962775788326, SEE981965860727, SEE927902806649",5,13900,"WP Cheinitz-Zethlingen","Windenergie an Land",0,2016,NA
"3096","ABR951821739603","Windeinheit","SEE959892725099, SEE989970129709, SEE911322124032, SEE963712413196, SEE997872776570",5,13900,"WP Himmelwald","Windenergie an Land",0,2015,NA
"3097","ABR946527346422","Windeinheit","SEE996675779078, SEE999548023742, SEE919846944990, SEE978981115931, SEE958403315347, SEE993370620858",6,13900,"WP Naumburg","Windenergie an Land",0,2014,NA
"3098","ABR984363194159","Windeinheit","SEE982680217346, SEE990398406075, SEE985633264046, SEE969196226161",4,13880,"Panzow","Windenergie an Land",0,2010,NA
"3099","ABR983870391075","Windeinheit","SEE991129407675, SEE911211611933, SEE929631014425, SEE900744440127, SEE953042180516, SEE992905359645",6,13850,"Gö-Ha","Windenergie an Land",0,2011,NA
"3100","ABR979610985697","Windeinheit","SEE992869631320, SEE999370963766, SEE964064042676, SEE926374223350, SEE916377030499",5,13850,"WP Meckenbach","Windenergie an Land",0,2014,NA
"3101","ABR921637320876","Windeinheit","SEE957797936527, SEE927123512510, SEE988216619776, SEE981961142971, SEE927206243928, SEE975772642478, SEE958130487485",7,13850,"WP Wilmersdorf","Windenergie an Land",0,2002,NA
"3102","ABR915601496575","Windeinheit","SEE998223743968, SEE961087977077, SEE955362731003",3,13850,"Windpark Schwennenz","Windenergie an Land",0,2026,NA
"3103","ABR960508116538","Windeinheit","SEE999265075161, SEE947324175215, SEE915823536813, SEE990873024763, SEE947458170148, SEE908728620299",6,13800,"AGM Walle","Windenergie an Land",0,2012,NA
"3104","ABR960591139858","Windeinheit","SEE910664040437, SEE932243953501, SEE907564523665, SEE934573962482",4,13800,"BEE Groß Ziescht Eins GmbH ＆ Co.KG","Windenergie an Land",0,2015,NA
"3105","ABR931616761187","Windeinheit","SEE970904389962, SEE936512281586, SEE926552063891, SEE959919454421, SEE976916380041, SEE944937708779",6,13800,"BWP Nenndorf","Windenergie an Land",0,2016,NA
"3106","ABR946590217995","Windeinheit","SEE924845583781, SEE943035879817, SEE972609993567, SEE922421995904, SEE984258559704, SEE906739975476",6,13800,"BWPL","Windenergie an Land",0,2013,NA
"3107","ABR979885255792","Windeinheit","SEE952062035783, SEE939197664545, SEE950277374055, SEE916026257727",4,13800,"Bad Bentheim","Windenergie an Land",0,2017,NA
"3108","ABR975005129400","Windeinheit","SEE995867302339, SEE901569893501, SEE967863124789, SEE938233021496",4,13800,"CEE Windpark Hainstadt-Buchen","Windenergie an Land",0,2023,NA
"3109","ABR943357972159","Windeinheit","SEE969552771847, SEE989488040978, SEE949037208983, SEE958861110256, SEE958581890568, SEE993637796968",6,13800,"Dieksanderkoog TraGe 1","Windenergie an Land",0,2012,NA
"3110","ABR922386489920","Windeinheit","SEE903890683424, SEE946549148813, SEE902771645865, SEE935791933193, SEE931409162641, SEE904659563179",6,13800,"Diemelsee","Windenergie an Land",0,2009,NA
"3111","ABR938017081357","Windeinheit","SEE937595074270, SEE968464153864, SEE976197649394, SEE922256255112, SEE961151697573, SEE963608359102, SEE906567621545, SEE951333683548",8,13800,"Ebendorf","Windenergie an Land",0,2001,NA
"3112","ABR954360919574","Windeinheit","SEE968272200415, SEE920316453041",2,13800,"Greffen Süd","Windenergie an Land",0,2027,NA
"3113","ABR902974424724","Windeinheit","SEE940244713673, SEE946222646254, SEE907497594534, SEE961371796131, SEE995640409712, SEE978865949799",6,13800,"HAI","Windenergie an Land",0,2013,NA
"3114","ABR981846342212","Windeinheit","SEE927827322958, SEE985947741080, SEE964571906652, SEE978057448277, SEE983102399039, SEE967718725765",6,13800,"HVL-Bredow Zeestow II","Windenergie an Land",0,2008,NA
"3115","ABR995491823651","Windeinheit","SEE988187316032, SEE924829254201, SEE967206844886, SEE973689971391, SEE931033157280, SEE954777882546, SEE939047889487, SEE919378537905",8,13800,"Hahnenkamm","Windenergie an Land",0,1999,NA
"3116","ABR996293094607","Windeinheit","SEE976520875957, SEE952814433195, SEE942446589308, SEE976909673747, SEE995263654438, SEE990977063682",6,13800,"Kaiser-Wilhelm-Koog TaGe 3","Windenergie an Land",0,2012,NA
"3117","ABR964954693629","Windeinheit","SEE926169160969, SEE964051106725, SEE923133869231, SEE997646004984, SEE962191060389, SEE941523377050",6,13800,"Kassieck-Lindstedt II","Windenergie an Land",0,2011,NA
"3118","ABR905520989142","Windeinheit","SEE911624354106, SEE913484530461, SEE903802358860, SEE968285439857, SEE987304374849, SEE966389680014",6,13800,"Külz II","Windenergie an Land",0,2012,NA
"3119","ABR949669362657","Windeinheit","SEE924419954672, SEE929689151578, SEE970543049692, SEE960678648990",4,13800,"Lahn Energy","Windenergie an Land",0,2023,NA
"3120","ABR914746888122","Windeinheit","SEE936922833191, SEE970624359184, SEE961187952547, SEE924055393569",4,13800,"MLK Windpark Briesen Nr. 59 GmbH ＆ Co. KG","Windenergie an Land",0,2016,NA
"3121","ABR927675315850","Windeinheit","SEE997718891207, SEE935850774699, SEE905933232026, SEE957555753724",4,13800,"Rakower Bürgerwindpark GmbH ＆ Co. KG","Windenergie an Land",0,2018,NA
"3122","ABR996846652971","Windeinheit","SEE988522057415, SEE998138061744, SEE923264142043, SEE977384835385",4,13800,"Schwegenheim 2","Windenergie an Land",0,2019,NA
"3123","ABR973249345693","Windeinheit","SEE955578964790, SEE925764503812, SEE911426112188, SEE956362839355, SEE907780472075, SEE982918666748",6,13800,"WP Breklum II","Windenergie an Land",0,2014,NA
"3124","ABR946242075478","Windeinheit","SEE965591460438, SEE949302662380, SEE940736197530, SEE935575185497, SEE901994806879, SEE969255288598",6,13800,"WP Dargelütz","Windenergie an Land",0,2011,NA
"3125","ABR995696962247","Windeinheit","SEE929441960295, SEE939229242192, SEE943068572310, SEE944708543714, SEE956306036451, SEE935387852877",6,13800,"WP Gollhofen-Rodheim","Windenergie an Land",0,2011,NA
"3126","ABR958149245465","Windeinheit","SEE952813328546, SEE988197382447, SEE971536686320, SEE965211791829",4,13800,"WP Jännersdorf","Windenergie an Land",0,2018,NA
"3127","ABR982973334880","Windeinheit","SEE944970337882, SEE957344320281, SEE980042557840, SEE913418335889, SEE994766897649, SEE933960886677",6,13800,"WP Lange Heide","Windenergie an Land",0,2016,NA
"3128","ABR994366397815","Windeinheit","SEE912726762806, SEE924160436205, SEE944473301564, SEE926052184737, SEE974207868308, SEE987056946370",6,13800,"WP Pellworm","Windenergie an Land",0,2015,NA
"3129","ABR911230018645","Windeinheit","SEE916393411005, SEE938967257734, SEE989570798657, SEE901670023415, SEE927628427487",5,13800,"WP Rietweyen Kevelaer-Twisteden","Windenergie an Land",0,2017,NA
"3130","ABR984400626780","Windeinheit","SEE913983338315, SEE903398196761, SEE987563565675, SEE963295803131, SEE985545333717, SEE980717074719",6,13800,"WP Upgant-Schott","Windenergie an Land",0,2027,NA
"3131","ABR910268078089","Windeinheit","SEE904064278279, SEE906604186563, SEE954281444551, SEE932765254902, SEE962645965741, SEE986524819031",6,13800,"WP Vollstedt","Windenergie an Land",0,2007,NA
"3132","ABR960794395242","Windeinheit","SEE989068303462, SEE992617880451, SEE917378095210, SEE913922504580, SEE931842961634, SEE982552602638",6,13800,"WP Wehren Rep.","Windenergie an Land",0,2009,NA
"3133","ABR934407197738","Windeinheit","SEE973049221876, SEE917019776218, SEE931923775013, SEE909466422589, SEE917793984458, SEE918319217968",6,13800,"WP Westerbelmhusen","Windenergie an Land",0,2013,NA
"3134","ABR952988023604","Windeinheit","SEE976449242281, SEE991901753938, SEE913090625452, SEE968437742804, SEE923618702633, SEE990744036390",6,13800,"WPFNW","Windenergie an Land",0,2008,NA
"3135","ABR946949044753","Windeinheit","SEE924571513625, SEE999713436629, SEE986816037938, SEE934680965710, SEE938971707324, SEE994083451265, SEE940201794448, SEE943124289015, SEE959567396357",9,13800,"Wasserstrasse","Windenergie an Land",0,2002,NA
"3136","ABR936345454966","Windeinheit","SEE933821170686, SEE979713972761, SEE989649326026, SEE934370095994, SEE923695201685, SEE958801575510",6,13800,"Windpark Blaue Warthe II GmbH ＆ Co. Betriebs-KG","Windenergie an Land",0,2013,NA
"3137","ABR936326068908","Windeinheit","SEE974771267460, SEE968993430085, SEE978136874560, SEE997498719197, SEE983113710526, SEE911738888108",6,13800,"Windpark Dorn-Dürkheim","Windenergie an Land",0,2012,NA
"3138","ABR923144593590","Windeinheit","SEE934269254389, SEE942117131485, SEE936590655415, SEE926105327951, SEE929678620993",5,13800,"Windpark Hellberge","Windenergie an Land",0,2011,NA
"3139","ABR989426227720","Windeinheit","SEE985227635597, SEE938417664426, SEE906228686876, SEE970206869575, SEE929060889885, SEE991082620623",6,13800,"Windpark Kampen","Windenergie an Land",0,2017,NA
"3140","ABR963920070013","Windeinheit","SEE907468839817, SEE977124407742, SEE957384927303, SEE977674184643",4,13800,"Windpark Milow 1 GmbH ＆ Co. KG","Windenergie an Land",0,2018,NA
"3141","ABR918319607493","Windeinheit","SEE922261664244, SEE980253642861, SEE958180358605, SEE988883199861, SEE941416195815, SEE930146168336",6,13800,"Windpark Nusbaum III","Windenergie an Land",0,2011,NA
"3142","ABR908468815924","Windeinheit","SEE915910013586, SEE901561968528, SEE972204801090, SEE907499308047",4,13800,"Windpark Schönermark","Windenergie an Land",0,2016,NA
"3143","ABR931220074604","Windeinheit","SEE927807481156, SEE952236383375, SEE944522037765, SEE987182778999, SEE942033091061, SEE990716851747",6,13800,"Windpark Schütting","Windenergie an Land",0,2012,NA
"3144","ABR903367884460","Windeinheit","SEE912894553015, SEE954850532351, SEE960383260937, SEE980724081717, SEE988922588779, SEE927502495397",6,13800,"Windpark Vierschau","Windenergie an Land",0,2011,NA
"3145","ABR937558323148","Windeinheit","SEE997625084860, SEE938549640800, SEE930682253039, SEE970977606829, SEE993838326919",5,13750,"WP Kräft","Windenergie an Land",0,2014,NA
"3146","ABR930220055712","Windeinheit","SEE961387754774, SEE967674550654, SEE979137280930, SEE999639357442, SEE922141230002",5,13750,"WP Sonnefeld","Windenergie an Land",0,2016,NA
"3147","ABR939761995266","Windeinheit","SEE978762925414, SEE961020781532, SEE917124058155, SEE964482006168, SEE971813982893",5,13750,"Windpark Göllheim","Windenergie an Land",0,2014,NA
"3148","ABR929343963066","Windeinheit","SEE909049724956, SEE955010438971, SEE942952029251, SEE968651980556",4,13710,"WP Hangen-Weisheim","Windenergie an Land",0,2013,NA
"3149","ABR967119029097","Windeinheit","SEE929174534817, SEE956698111323, SEE946253747821, SEE940806234424",4,13710,"Windpark Stoffeng GmbH ＆ Co. KG","Windenergie an Land",0,2014,NA
"3150","ABR987612152870","Windeinheit","SEE910259836513, SEE996790747365, SEE931485005580, SEE943010850664, SEE996226620453",5,13700,"WP Nessa","Windenergie an Land",0,2013,NA
"3151","ABR919733297932","Windeinheit","SEE908361671535, SEE922496714851, SEE984102557306, SEE963921145024, SEE905081115165, SEE932359131459, SEE992382737264",7,13650,"Zerbst","Windenergie an Land",0,2005,NA
"3152","ABR903529007829","Windeinheit","SEE968270144070, SEE930365512934",2,13600,"Bernstorf/Questin","Windenergie an Land",0,2028,NA
"3153","ABR997658306854","Windeinheit","SEE980777139366, SEE985964539769",2,13600,"Burghaun","Windenergie an Land",0,2028,NA
"3154","ABR916270639393","Windeinheit","SEE913518453407, SEE985655459345",2,13600,"Bürgerwind Elve","Windenergie an Land",0,2027,NA
"3155","ABR938256323201","Windeinheit","SEE969769718338, SEE936326698808, SEE984171928649, SEE999371615503",4,13600,"Bürgerwindpark Dagebüll 1","Windenergie an Land",0,2015,NA
"3156","ABR918475166193","Windeinheit","SEE961684883252, SEE976838785689, SEE998954957160, SEE973656440103",4,13600,"Bürgerwindpark Strübbel Beteiligungs GmbH＆Co.KG","Windenergie an Land",0,2016,NA
"3157","ABR908206978614","Windeinheit","SEE917465942939, SEE953188830771",2,13600,"Esloher Höhe I","Windenergie an Land",0,2027,NA
"3158","ABR908206978614","Windeinheit","SEE947134060763, SEE999525884038",2,13600,"Esloher Höhe II","Windenergie an Land",0,2027,NA
"3159","ABR960670868358","Windeinheit","SEE956715131631, SEE931740482033",2,13600,"GW-Wind GbR","Windenergie an Land",0,2028,NA
"3160","ABR962330575156","Windeinheit","SEE900019954427, SEE966630601645, SEE972423994139, SEE983906269088, SEE961822070070, SEE975830426200, SEE964168233390",7,13600,"Helmstedt","Windenergie an Land",0,2002,NA
"3161","ABR933776283783","Windeinheit","SEE920625007102, SEE999733413310",2,13600,"Hohenaspe","Windenergie an Land",0,2026,NA
"3162","ABR985766839241","Windeinheit","SEE922460754920, SEE976731990678",2,13600,"Lichterfelde-Britz","Windenergie an Land",0,2029,NA
"3163","ABR946879950384","Windeinheit","SEE938388966772, SEE926846216842",2,13600,"Marienmünster Bredenborn II","Windenergie an Land",0,2028,NA
"3164","ABR966632565884","Windeinheit","SEE999173198334, SEE939183407903",2,13600,"Neustadt-Glewe West","Windenergie an Land",0,2027,NA
"3165","ABR982511102919","Windeinheit","SEE921054902815, SEE930602987945",2,13600,"Niederkirchen 2","Windenergie an Land",0,2025,NA
"3166","ABR990786690581","Windeinheit","SEE997381679805, SEE954989292577",2,13600,"WM","Windenergie an Land",0,2029,NA
"3167","ABR990786690581","Windeinheit","SEE980600057904, SEE911928708582",2,13600,"WP BH","Windenergie an Land",0,2028,NA
"3168","ABR914277761000","Windeinheit","SEE923507752091, SEE976337561364, SEE934972132073, SEE935825000563, SEE923160132025",5,13600,"WP Bordelum","Windenergie an Land",0,2008,NA
"3169","ABR956838423484","Windeinheit","SEE922468469581, SEE979794994263",2,13600,"WP Glandorf-Bever","Windenergie an Land",0,2027,NA
"3170","ABR905703903613","Windeinheit","SEE944034274276, SEE950326301292",2,13600,"WP Harzelt","Windenergie an Land",0,2028,NA
"3171","ABR961153935239","Windeinheit","SEE988096110752, SEE999916053340",2,13600,"WP Hintersteinau II","Windenergie an Land",0,2026,NA
"3172","ABR945527824657","Windeinheit","SEE977865699413, SEE993315031244",2,13600,"WP Kißlegg","Windenergie an Land",0,2028,NA
"3173","ABR938532857604","Windeinheit","SEE991283452948, SEE927843643266",2,13600,"WP Kuhstedt III","Windenergie an Land",0,2025,NA
"3174","ABR937995708027","Windeinheit","SEE967783845986, SEE901997886977",2,13600,"WP Lagermühle","Windenergie an Land",0,2028,NA
"3175","ABR959577984377","Windeinheit","SEE979935948117, SEE919258483162",2,13600,"WP Lüscher Polder-Ost","Windenergie an Land",0,2028,NA
"3176","ABR910136104599","Windeinheit","SEE980795354376, SEE956669089545",2,13600,"WP Oederquart-Hollerdeich","Windenergie an Land",0,2025,NA
"3177","ABR900852478203","Windeinheit","SEE997215596254, SEE954655453561",2,13600,"WP Oelde","Windenergie an Land",0,2026,NA
"3178","ABR965850204858","Windeinheit","SEE907427321865, SEE951822187649",2,13600,"WP Repowering Winnigstedt West","Windenergie an Land",0,2026,NA
"3179","ABR957301131660","Windeinheit","SEE910052597970, SEE933236650797",2,13600,"WP Werther West","Windenergie an Land",0,2026,NA
"3180","ABR936778242215","Windeinheit","SEE924058164920, SEE973267982382",2,13600,"WP Willich 1","Windenergie an Land",0,2026,NA
"3181","ABR974983251677","Windeinheit","SEE983029913950, SEE929750671226",2,13600,"WP Wimmer Bruch-Repowering","Windenergie an Land",0,2027,NA
"3182","ABR937995708027","Windeinheit","SEE927655592639, SEE996367713052",2,13600,"WP Wulfter Berg","Windenergie an Land",0,2028,NA
"3183","ABR916115096862","Windeinheit","SEE989145903295, SEE934497543521",2,13600,"Wind Onshore Düren-Merken","Windenergie an Land",0,2026,NA
"3184","ABR933323039054","Windeinheit","SEE947122625691, SEE900344637354",2,13600,"Windenergie Midlich Nord","Windenergie an Land",0,2027,NA
"3185","ABR999408386086","Windeinheit","SEE903341492773, SEE914067455218",2,13600,"Windpark Altendonop","Windenergie an Land",0,2027,NA
"3186","ABR959802351134","Windeinheit","SEE926877313824, SEE926066910964",2,13600,"Windpark Bechtolsheim","Windenergie an Land",0,2027,NA
"3187","ABR993665808732","Windeinheit","SEE977754444032, SEE970759732432",2,13600,"Windpark Borgentreich-Ost III","Windenergie an Land",0,2027,NA
"3188","ABR961925453442","Windeinheit","SEE987712526922, SEE998707363637",2,13600,"Windpark Breite Eiche","Windenergie an Land",0,2027,NA
"3189","ABR930924800274","Windeinheit","SEE932091979739, SEE957070787235",2,13600,"Windpark Burghaun 2","Windenergie an Land",0,2027,NA
"3190","ABR985852219667","Windeinheit","SEE906073513822, SEE987305938064",2,13600,"Windpark Dornbock IV","Windenergie an Land",0,2024,NA
"3191","ABR962740327208","Windeinheit","SEE969771144545, SEE976253980492",2,13600,"Windpark Farnstädt I","Windenergie an Land",0,2027,NA
"3192","ABR944944663375","Windeinheit","SEE940794793071, SEE959877558070",2,13600,"Windpark Fehrenbötel I","Windenergie an Land",0,2026,NA
"3193","ABR973513306672","Windeinheit","SEE921264007379, SEE914814406777",2,13600,"Windpark Frauenprießnitz III","Windenergie an Land",0,2023,NA
"3194","ABR903766811210","Windeinheit","SEE914859370385, SEE931300001742",2,13600,"Windpark Gehrden Nord","Windenergie an Land",0,2028,NA
"3195","ABR999408386086","Windeinheit","SEE975935898551, SEE956980421215",2,13600,"Windpark Halenbeck-Warnsdorf","Windenergie an Land",0,2026,NA
"3196","ABR953844260089","Windeinheit","SEE911891203121, SEE919914630114",2,13600,"Windpark Kirf-Süd","Windenergie an Land",0,2028,NA
"3197","ABR992129898920","Windeinheit","SEE964040416033, SEE959530332009",2,13600,"Windpark Lage-Lückhausen","Windenergie an Land",0,2027,NA
"3198","ABR993365454062","Windeinheit","SEE939093765650, SEE977892951348",2,13600,"Windpark Möncheberg","Windenergie an Land",0,2028,NA
"3199","ABR982582988573","Windeinheit","SEE991698728669, SEE935158394773",2,13600,"Windpark Mühlhausen 2","Windenergie an Land",0,2027,NA
"3200","ABR907853762096","Windeinheit","SEE915946541398, SEE994798118651",2,13600,"Windpark Neuhofen-Limburgerhof","Windenergie an Land",0,2027,NA
"3201","ABR954781875794","Windeinheit","SEE994063830547, SEE960643891260",2,13600,"Windpark Nieheim-Eversen West","Windenergie an Land",0,2028,NA
"3202","ABR910157888690","Windeinheit","SEE928534684469, SEE967459183541",2,13600,"Windpark Roldisleben-Olbersleben IV","Windenergie an Land",0,2026,NA
"3203","ABR999694586207","Windeinheit","SEE939869986050, SEE969586592104",2,13600,"Windpark Rolofshagen","Windenergie an Land",0,2023,NA
"3204","ABR999408386086","Windeinheit","SEE995743064405, SEE969625119019",2,13600,"Windpark Rosenmoor I","Windenergie an Land",0,2027,NA
"3205","ABR963945292247","Windeinheit","SEE996372214643, SEE958799132016",2,13600,"Windpark Rotes Land","Windenergie an Land",0,2028,NA
"3206","ABR931849087047","Windeinheit","SEE961354423160, SEE943291344753",2,13600,"Windpark Sassenberg","Windenergie an Land",0,2026,NA
"3207","ABR960650826453","Windeinheit","SEE996823979282, SEE965645054033",2,13600,"Windpark Siethen","Windenergie an Land",0,2027,NA
"3208","ABR988798883145","Windeinheit","SEE979649736321, SEE942069825210",2,13600,"Windpark Sommersell","Windenergie an Land",0,2028,NA
"3209","ABR904066107669","Windeinheit","SEE923383256171, SEE922215316496",2,13600,"Windpark Süsel","Windenergie an Land",0,2026,NA
"3210","ABR993636792565","Windeinheit","SEE951705863523, SEE906475868940",2,13600,"Windpark Titz-Rödingen","Windenergie an Land",0,2025,NA
"3211","ABR999408386086","Windeinheit","SEE945529531904, SEE907147661616",2,13600,"Windpark Trebitz I","Windenergie an Land",0,2028,NA
"3212","ABR900157076845","Windeinheit","SEE922483554224, SEE922291079889",2,13600,"Windpark Vierlinden II","Windenergie an Land",0,2025,NA
"3213","ABR960871901731","Windeinheit","SEE911452891507, SEE949040109154",2,13600,"Windpark Wadern-Hochwaldalm","Windenergie an Land",0,2028,NA
"3214","ABR948752979505","Windeinheit","SEE925178943327, SEE940413900231",2,13600,"Windpark Weißenborn Lichtenberg","Windenergie an Land",0,2028,NA
"3215","ABR930036992720","Windeinheit","SEE929397937464, SEE909785491358",2,13600,"Windpark Wundersleben-Nord","Windenergie an Land",0,2024,NA
"3216","ABR999408386086","Windeinheit","SEE904090071073, SEE954672004432",2,13600,"Windpark Wustermark Nord","Windenergie an Land",0,2027,NA
"3217","ABR999408386086","Windeinheit","SEE982350603219, SEE917117962568",2,13600,"Windpark Wustermark Süd","Windenergie an Land",0,2027,NA
"3218","ABR942899893519","Windeinheit","SEE979007031723, SEE973963882191, SEE917166286462, SEE978642849465",4,13510,"Windpark Geilenkirchen-Beeck","Windenergie an Land",0,2013,NA
"3219","ABR906728457037","Windeinheit","SEE992715545061, SEE901928982150, SEE979882634866, SEE940086764833",4,13500,"BWG Bahrenhof GmbH ＆ Co. KG","Windenergie an Land",0,2009,NA
"3220","ABR928507208616","Windeinheit","SEE901604808248, SEE910108088902, SEE936060398453, SEE915862471298, SEE958486902298, SEE985456585069, SEE923156913072, SEE932808795942, SEE944398027259",9,13500,"Breydin","Windenergie an Land",0,2004,NA
"3221","ABR953977919991","Windeinheit","SEE963059194956, SEE993379842336, SEE989143624468",3,13500,"Bürgerwind Schwalmstadt","Windenergie an Land",0,2022,NA
"3222","ABR977961168837","Windeinheit","SEE960181493926, SEE954208174493, SEE978420581952",3,13500,"CEE Windpark Jülich-Barmen-Merzenhausen","Windenergie an Land",0,2021,NA
"3223","ABR972423483077","Windeinheit","SEE926529387388, SEE930189674641, SEE949682898591",3,13500,"CEE Windpark Waldfeucht","Windenergie an Land",0,2020,NA
"3224","ABR920140684185","Windeinheit","SEE990995166181, SEE961089201699, SEE964682073625, SEE974306466740, SEE979342759467, SEE972590885087, SEE999964541585, SEE972554350040, SEE909070426744",9,13500,"ERG Wind MEG 2 LLP2","Windenergie an Land",0,2004,NA
"3225","ABR996719889077","Windeinheit","SEE940454143857, SEE946919653770, SEE944400032424",3,13500,"GreenForce Windpark Fuchsstadt GmbH ＆ Co. KG","Windenergie an Land",0,2023,NA
"3226","ABR939936608250","Windeinheit","SEE992406229751, SEE955862194315, SEE980777410427, SEE981942821154, SEE950836826278, SEE918424366117, SEE973192695548, SEE940985564398, SEE946501220670",9,13500,"HH Hohenfelde","Windenergie an Land",0,2004,NA
"3227","ABR922311327402","Windeinheit","SEE943597990197, SEE937588796349, SEE976950937447",3,13500,"Krampfer-Reckenthin","Windenergie an Land",0,2021,NA
"3228","ABR995116060805","Windeinheit","SEE923253464071, SEE995907343322, SEE918127492946",3,13500,"Qair WP Altenschlag GmbH ＆ Co. KG","Windenergie an Land",0,2025,NA
"3229","ABR914931018723","Windeinheit","SEE906112027617, SEE972240695059, SEE956302263905",3,13500,"Trianel Windpark Görzig","Windenergie an Land",0,2022,NA
"3230","ABR980956903832","Windeinheit","SEE978310943174, SEE979688464148, SEE937541776111, SEE937606841891, SEE994502171286, SEE935013358322, SEE915832188492, SEE904247798549, SEE988722606604",9,13500,"WP Aschersleben/Nauen","Windenergie an Land",0,2003,NA
"3231","ABR945448048705","Windeinheit","SEE992455532420, SEE999566778129, SEE949196276854",3,13500,"WP Geilenkirchen Lindern","Windenergie an Land",0,2022,NA
"3232","ABR966854615398","Windeinheit","SEE920807847076, SEE924628522716, SEE943120222597",3,13500,"WP Hünfeldener Wald","Windenergie an Land",0,2020,NA
"3233","ABR984213481378","Windeinheit","SEE928023154107, SEE921909567367, SEE972548134427, SEE972517870103, SEE982193872629, SEE977601274355, SEE995367096165, SEE919815414233, SEE989819582894",9,13500,"WP Prützke I","Windenergie an Land",0,2002,NA
"3234","ABR979888856705","Windeinheit","SEE979278984803, SEE947879708456, SEE951422931352, SEE980336304280, SEE980606086823, SEE963986181609, SEE943758827898, SEE941316588496, SEE948308084875",9,13500,"WP VII","Windenergie an Land",0,2002,NA
"3235","ABR915950550218","Windeinheit","SEE930046531896, SEE996282972640, SEE953840599244",3,13500,"Windpark Baesweiler III","Windenergie an Land",0,2023,NA
"3236","ABR979025533773","Windeinheit","SEE903628837662, SEE955401041803, SEE938274237337",3,13500,"Windpark Bretzfeld-Obersulm","Windenergie an Land",0,2022,NA
"3237","ABR975241080428","Windeinheit","SEE929582252976, SEE911014313560, SEE995094827391",3,13500,"Windpark Frechen","Windenergie an Land",0,2026,NA
"3238","ABR933977503147","Windeinheit","SEE930386180839, SEE951871470389, SEE945226050821, SEE994404519803, SEE927334780388, SEE989359972582, SEE948158496330, SEE904634776068, SEE926998325485",9,13500,"Windpark Heede","Windenergie an Land",0,2000,NA
"3239","ABR986897961979","Windeinheit","SEE932402140650, SEE971314624964, SEE933512787414",3,13500,"Windpark Herkentrup","Windenergie an Land",0,2024,NA
"3240","ABR991014625641","Windeinheit","SEE985178006118, SEE958728536892, SEE922678410762, SEE941739167353, SEE941033575731, SEE961556705057, SEE982827048772, SEE927611433242, SEE979727556650",9,13500,"Windpark Kleinpaschleben","Windenergie an Land",0,2002,NA
"3241","ABR938153874158","Windeinheit","SEE936695129576, SEE984813361742, SEE979637515884, SEE980000535750, SEE952213380687, SEE912498326947, SEE911140699484, SEE954281673302, SEE987660433440",9,13500,"Windpark Liesten","Windenergie an Land",0,2003,NA
"3242","ABR992647171222","Windeinheit","SEE924487427849, SEE978222314253, SEE905215250588, SEE991680756052, SEE908947573161, SEE970082722575, SEE915002312498, SEE951078739470, SEE932239487812",9,13500,"Windpark Lüneburg Nr. 38 GmbH ＆ Co. KG","Windenergie an Land",0,2002,NA
"3243","ABR969848130310","Windeinheit","SEE902243471220, SEE991402684601, SEE935378200625",3,13500,"Windpark Niese-Köterberg","Windenergie an Land",0,2025,NA
"3244","ABR986645205263","Windeinheit","SEE965388548103, SEE939264177893, SEE933871383456, SEE955647520162, SEE998073576310, SEE913625700371, SEE944186800156, SEE941101493721, SEE901813253631",9,13500,"Windpark Rositz","Windenergie an Land",0,2003,NA
"3245","ABR943824768568","Windeinheit","SEE974579500110, SEE904481629104, SEE913483592798",3,13500,"Windpark Wilhelmshöhe III","Windenergie an Land",0,2022,NA
"3246","ABR962859800432","Windeinheit","SEE967713858420, SEE978968638712, SEE968633677399, SEE923447900071",4,13480,"Bürgerwinpark Langenhorn II GmbH ＆ Co KG","Windenergie an Land",0,2014,NA
"3247","ABR908197915490","Windeinheit","SEE967078511268, SEE988299051845, SEE950797669211, SEE916392031914",4,13480,"Heerenweg","Windenergie an Land",0,2016,NA
"3248","ABR951767274404","Windeinheit","SEE927493735076, SEE984471637081, SEE994217688710, SEE996638513305",4,13480,"Kattrepel/Westerbelmhusen Erweiterung","Windenergie an Land",0,2015,NA
"3249","ABR971638587853","Windeinheit","SEE929732183310, SEE900547499124, SEE961588534823, SEE933774815009",4,13480,"Kronprinzenkoog LEP","Windenergie an Land",0,2014,NA
"3250","ABR962859800432","Windeinheit","SEE975321353732, SEE929976813660, SEE964462351561, SEE947758581958",4,13480,"Ockholm Langenhor Erlös- ＆ Infrastruktur GmbH ＆ Co KG","Windenergie an Land",0,2011,NA
"3251","ABR977939099798","Windeinheit","SEE960577072346, SEE954294390531, SEE950116933702, SEE996139814130",4,13480,"Phase 5 GmbH ＆ Co. Pinnow 5 KG","Windenergie an Land",0,2012,NA
"3252","ABR986016287362","Windeinheit","SEE919010704498, SEE944239630990, SEE912529897798, SEE923469471689",4,13480,"WPL","Windenergie an Land",0,2013,NA
"3253","ABR939893126392","Windeinheit","SEE968888676628, SEE915267690867, SEE993542025092, SEE943713206553, SEE977615077188, SEE932709882819, SEE953140891536, SEE924949680423",8,13480,"Wimmelburg","Windenergie an Land",0,1999,NA
"3254","ABR975963028036","Windeinheit","SEE985749549068, SEE947076293458, SEE995553391166, SEE923842023924",4,13480,"Windpark Framersheim","Windenergie an Land",0,2015,NA
"3255","ABR953010554875","Windeinheit","SEE941558484334, SEE907806029528, SEE923584923421, SEE932648840185, SEE971152510887, SEE954792211079, SEE972123857338, SEE984761014752, SEE932603268399, SEE921462545505, SEE983524808881, SEE946857396050, SEE968643492609, SEE924862739642, SEE934914273680",15,13400,"Uckermark","Windenergie an Land",0,1994,NA
"3256","ABR907306371264","Windeinheit","SEE969039688668, SEE960094162070, SEE952623099285, SEE985583993911",4,13360,"WP Ahlerstedt","Windenergie an Land",0,2009,NA
"3257","ABR953328360113","Windeinheit","SEE922688465769, SEE988482596252, SEE936761610465, SEE990675984685, SEE981866859622, SEE930439212791, SEE958187689139, SEE949034269383, SEE929762307939, SEE941387627988, SEE981936726533, SEE916480915997, SEE914479699255, SEE910585280592, SEE905914182098, SEE927955152861, SEE984772801624, SEE912192875024, SEE980322108090, SEE922427216737",20,13354.6,"WKA","Windenergie an Land",0,1993,NA
"3258","ABR993004638846","Windeinheit","SEE970235329606, SEE914745098904, SEE958886223092, SEE929183622352",4,13350,"Hermersberg","Windenergie an Land",0,2016,NA
"3259","ABR978855762155","Windeinheit","SEE943153544413, SEE906301316423, SEE951472464015, SEE957543565100",4,13350,"Lüdersdorf","Windenergie an Land",0,2016,NA
"3260","ABR912511063514","Windeinheit","SEE939342563129, SEE980802678006, SEE982123169188, SEE960244345117, SEE954632099041, SEE983182357585, SEE946776489970",7,13300,"Windpark Neuengamme","Windenergie an Land",0,2000,NA
"3261","ABR944100555391","Windeinheit","SEE947736967798, SEE994037159384",2,13200,"ABO Energy WP Hörstel-Dreierwalde","Windenergie an Land",0,2028,NA
"3262","ABR995884249136","Windeinheit","SEE964732312414, SEE986869938985, SEE901142632060, SEE917885024376",4,13200,"Benzweiler","Windenergie an Land",0,2017,NA
"3263","ABR945392764232","Windeinheit","SEE952577563313, SEE951426932003, SEE904284115071, SEE939978024063",4,13200,"Birkholz IV Repowering","Windenergie an Land",0,2022,NA
"3264","ABR976400733933","Windeinheit","SEE998475125567, SEE973297214019, SEE985001685459, SEE947203790706",4,13200,"Bürgerwindpark Neuenkirchen","Windenergie an Land",0,2017,NA
"3265","ABR978478639735","Windeinheit","SEE960626455106, SEE930053065117, SEE933796114920, SEE978287182880",4,13200,"CEE Windpark Schmölln","Windenergie an Land",0,2017,NA
"3266","ABR937511219365","Windeinheit","SEE936800575052, SEE957855428605, SEE915723469679, SEE907717378043",4,13200,"Dinkelsbühl","Windenergie an Land",0,2015,NA
"3267","ABR960207546728","Windeinheit","SEE972573053373, SEE940129437144, SEE981577602098, SEE933760283379",4,13200,"Glaubitz RI","Windenergie an Land",0,2016,NA
"3268","ABR918396726094","Windeinheit","SEE940542881845, SEE967675224974, SEE970640592787, SEE945355768925",4,13200,"Hennstedt 2 BWP Eider","Windenergie an Land",0,2015,NA
"3269","ABR929875055697","Windeinheit","SEE993656849553, SEE942172215007",2,13200,"Holtsee-Altenhof Erweiterung","Windenergie an Land",0,2024,NA
"3270","ABR921397155497","Windeinheit","SEE937067156992, SEE923194781411, SEE965076656639, SEE986315730712",4,13200,"Holtwicker Mark","Windenergie an Land",0,2017,NA
"3271","ABR963563511744","Windeinheit","SEE919571414669, SEE988023162199, SEE919176873854, SEE977898277206",4,13200,"Langwieden","Windenergie an Land",0,2019,NA
"3272","ABR925991327533","Windeinheit","SEE918704084182, SEE941853051484, SEE968921516119, SEE923312193454",4,13200,"MLK Windfeld Grünow Nr. 63 GmbH ＆ Co. KG","Windenergie an Land",0,2015,NA
"3273","ABR924449599508","Windeinheit","SEE938677206473, SEE957910113781, SEE993576324093, SEE939680191169",4,13200,"OF III b","Windenergie an Land",0,2017,NA
"3274","ABR943376270649","Windeinheit","SEE908870877596, SEE925471288200, SEE990669745094, SEE973028886102",4,13200,"OffTec Field","Windenergie an Land",0,2011,NA
"3275","ABR996153984185","Windeinheit","SEE956059517306, SEE932884467313, SEE936533092710",3,13200,"Sillerup Repowering II","Windenergie an Land",0,2023,NA
"3276","ABR908550799293","Windeinheit","SEE942944287003, SEE940501332081, SEE914028389002, SEE925596075174",4,13200,"Stadtlohn Hundewick","Windenergie an Land",0,2017,NA
"3277","ABR992820431228","Windeinheit","SEE952068597650, SEE906964189402, SEE990369189358, SEE952007101474, SEE956812762004, SEE907715017791",6,13200,"Stahlwerke Bremen","Windenergie an Land",0,2004,NA
"3278","ABR918396726094","Windeinheit","SEE912683712425, SEE956443692862, SEE930421452983, SEE928933524182",4,13200,"Tellingstedt BWP Eider","Windenergie an Land",0,2014,NA
"3279","ABR939197057361","Windeinheit","SEE904900738103, SEE992828447177, SEE939911717229, SEE913815063385",4,13200,"UGE Siegadel Eins GmbH ＆ Co. KG Umweltgerechte Energie","Windenergie an Land",0,2014,NA
"3280","ABR985598785723","Windeinheit","SEE998230870497, SEE984665850500, SEE954661320642, SEE967968000803",4,13200,"UGE Siegadel Vier GmbH ＆ Co. KG Umweltgerechte Energie","Windenergie an Land",0,2014,NA
"3281","ABR986510114232","Windeinheit","SEE991826307841, SEE976991459809, SEE932582249037, SEE934234516511",4,13200,"WP Essel","Windenergie an Land",0,2017,NA
"3282","ABR973867442651","Windeinheit","SEE908495724831, SEE970191657683, SEE912144675191, SEE911211137655, SEE970379425189, SEE954704437412",6,13200,"WP Gimbweiler","Windenergie an Land",0,2008,NA
"3283","ABR933034811987","Windeinheit","SEE919756154748, SEE993615649620",2,13200,"WP Hildebrandshagen II","Windenergie an Land",0,2027,NA
"3284","ABR990769339759","Windeinheit","SEE954647626942, SEE901259607029, SEE914797620337, SEE926795241698, SEE933274219635, SEE923518847281, SEE954599303427",7,13200,"WP Hinte I","Windenergie an Land",0,2001,NA
"3285","ABR952088505314","Windeinheit","SEE959969348411, SEE947369825069, SEE952529428530, SEE919282226704",4,13200,"WP Hüselitz 1","Windenergie an Land",0,2015,NA
"3286","ABR915705520855","Windeinheit","SEE975620561876, SEE981284234193, SEE965564880034, SEE983257596697",4,13200,"WP Hüselitz 2","Windenergie an Land",0,2015,NA
"3287","ABR960549216075","Windeinheit","SEE983218994180, SEE953548572679, SEE942828260672, SEE928641251400",4,13200,"WP Neuenreuth","Windenergie an Land",0,2017,NA
"3288","ABR919574103430","Windeinheit","SEE979727732832, SEE958241414844",2,13200,"WP Odensachsen","Windenergie an Land",0,2028,NA
"3289","ABR919574103430","Windeinheit","SEE935620137105, SEE969156897714",2,13200,"WP Schenklengsfeld III","Windenergie an Land",0,2027,NA
"3290","ABR917019087765","Windeinheit","SEE957071376810, SEE964145672532, SEE904452366342",3,13200,"WP Taarstedt-Loit","Windenergie an Land",0,2024,NA
"3291","ABR949444715746","Windeinheit","SEE962733078735, SEE948299673317",2,13200,"Werl-Mawicke","Windenergie an Land",0,2024,NA
"3292","ABR978450328121","Windeinheit","SEE928956392591, SEE944938600546",2,13200,"Windpark Barntrup Meierberg","Windenergie an Land",0,2028,NA
"3293","ABR988559485618","Windeinheit","SEE977809384337, SEE901945620967, SEE981433160199, SEE934495700025",4,13200,"Windpark Buchholz III","Windenergie an Land",0,2017,NA
"3294","ABR966933755045","Windeinheit","SEE953755771476, SEE996868242662, SEE923355961461, SEE930710804813",4,13200,"Windpark Bühlertann","Windenergie an Land",0,2017,NA
"3295","ABR929183832898","Windeinheit","SEE935141154964, SEE929719139101, SEE915063880301, SEE971699963573",4,13200,"Windpark Dittmannsdorf","Windenergie an Land",0,1999,NA
"3296","ABR952759948037","Windeinheit","SEE943461798775, SEE969611415859, SEE958110628334, SEE971705281158",4,13200,"Windpark Grebenau","Windenergie an Land",0,2017,NA
"3297","ABR968928496810","Windeinheit","SEE952147207463, SEE960642340516, SEE926280213742, SEE995277340211",4,13200,"Windpark Groß Ziescht","Windenergie an Land",0,2017,NA
"3298","ABR936797696082","Windeinheit","SEE966032058245, SEE990435859512, SEE975525828661, SEE933795356901",4,13200,"Windpark Großbardorf-Sulzfeld","Windenergie an Land",0,2016,NA
"3299","ABR913666731341","Windeinheit","SEE950677887438, SEE948212961651",2,13200,"Windpark Heiligenhafen-Gremersdorf","Windenergie an Land",0,2025,NA
"3300","ABR946094081726","Windeinheit","SEE984601292333, SEE906551403430",2,13200,"Windpark Klein Henstedt","Windenergie an Land",0,2028,NA
"3301","ABR954757994443","Windeinheit","SEE932838016826, SEE929011158367",2,13200,"Windpark Nortorf 2","Windenergie an Land",0,2022,NA
"3302","ABR915220366549","Windeinheit","SEE925676966651, SEE917462738504, SEE921744184453, SEE944322330493",4,13200,"Windpark Rot am See","Windenergie an Land",0,2016,NA
"3303","ABR921856042702","Windeinheit","SEE994668931571, SEE939284855306",2,13200,"Windpark Sollwitt-Pobüll","Windenergie an Land",0,2025,NA
"3304","ABR936874029147","Windeinheit","SEE985156722498, SEE978438404861",2,13200,"Windpark Windfart","Windenergie an Land",0,2028,NA
"3305","ABR944401108647","Windeinheit","SEE942488026175, SEE967904835582",2,13200,"Wipperberg","Windenergie an Land",0,2029,NA
"3306","ABR911887894913","Windeinheit","SEE951830573076, SEE952864988829, SEE987877199054, SEE959911504957",4,13200,"Wittenfelde-Rieste","Windenergie an Land",0,2016,NA
"3307","ABR934816483637","Windeinheit","SEE979409616184, SEE946081697534, SEE963361894124, SEE953499745733",4,13080,"BürgerWindpark Wittbek GmbH ＆ Co. KG","Windenergie an Land",0,2015,NA
"3308","ABR983732818122","Windeinheit","SEE996838864443, SEE916054729715, SEE945768855342, SEE946120630775",4,13080,"Eggstedt III","Windenergie an Land",0,2014,NA
"3309","ABR904172556115","Windeinheit","SEE932858406638, SEE979873315354, SEE940238187251, SEE907137856640, SEE935622247314",5,13010,"Pilsach-Neumarkt","Windenergie an Land",0,2010,NA
"3310","ABR988207089892","Windeinheit","SEE963060733892, SEE911071613580",2,13000,"WP Tenholt Erweiterung","Windenergie an Land",0,2027,NA
"3311","ABR913589203949","Windeinheit","SEE967992831077, SEE994275524388, SEE971131339027, SEE989045094789, SEE942974310115, SEE901679021771, SEE927469611007, SEE912813134547, SEE924057195161, SEE935983645507",10,13000,"WP Trebbichau","Windenergie an Land",0,2002,NA
"3312","ABR994145714604","Windeinheit","SEE997025795137, SEE967994015987, SEE913198553725, SEE938324405648",4,12975,"WP Garlipp III","Windenergie an Land",0,2014,NA
"3313","ABR902634284941","Windeinheit","SEE910615777627, SEE992512156910, SEE988245294005, SEE936528227028, SEE955397444107",5,12950,"WP Natenstedt","Windenergie an Land",0,2016,NA
"3314","ABR944079035665","Windeinheit","SEE982741350289, SEE945567438432, SEE924423441793, SEE910283418945",4,12920,"Windpark Hauenhorst","Windenergie an Land",0,2017,NA
"3315","ABR926574903632","Windeinheit","SEE983178770053, SEE968166103754, SEE949345148568, SEE915440323001",4,12920,"Windpark Uthuisen","Windenergie an Land",0,2017,NA
"3316","ABR935681390433","Windeinheit","SEE939119856461, SEE906404949856, SEE999888230404, SEE981292975446, SEE970580494028, SEE956549853792",6,12900,"Lichterfelde","Windenergie an Land",0,2000,NA
"3317","ABR990229181263","Windeinheit","SEE958578448567, SEE976694328099, SEE993070849849",3,12900,"TAP Windpark Bad Arolsen","Windenergie an Land",0,2019,NA
"3318","ABR916115096862","Windeinheit","SEE950897648765, SEE950912477769, SEE997361980594",3,12900,"WP Kail","Windenergie an Land",0,2025,NA
"3319","ABR905366900059","Windeinheit","SEE913102139830, SEE996858379873, SEE960655415881, SEE970408300517, SEE959522095066, SEE981929785004, SEE976793942110, SEE936520893238",8,12900,"Windpark Ermke","Windenergie an Land",0,2000,NA
"3320","ABR913484042087","Windeinheit","SEE944909358575, SEE957030434056",2,12900,"Windpark Suderwittingen","Windenergie an Land",0,2025,NA
"3321","ABR962389800124","Windeinheit","SEE941418094369, SEE968592746235, SEE969688408167, SEE992455228088, SEE951754544817",5,12820,"Heiden","Windenergie an Land",0,2000,NA
"3322","ABR994843357035","Windeinheit","SEE909091957388, SEE915618425216, SEE974281710418",3,12800,"Milow","Windenergie an Land",0,2022,NA
"3323","ABR981961694081","Windeinheit","SEE961620769626, SEE969579477012, SEE961681879883, SEE985743672649",4,12800,"WP Hemelingen","Windenergie an Land",0,2018,NA
"3324","ABR996955716656","Windeinheit","SEE959316726862, SEE932112642277, SEE972750573427, SEE913037509685",4,12800,"WP Ohrtermersch","Windenergie an Land",0,2018,NA
"3325","ABR937934130018","Windeinheit","SEE985730305741, SEE964660246454, SEE944920526151",3,12800,"WP Schalksmühle","Windenergie an Land",0,2027,NA
"3326","ABR914058685327","Windeinheit","SEE974490422768, SEE945596185468, SEE979175059369, SEE915596475470",4,12800,"WP Schlüsselburg","Windenergie an Land",0,2020,NA
"3327","ABR968261687470","Windeinheit","SEE978546378986, SEE918011388034, SEE906233325944, SEE957038355728, SEE956301002543, SEE923737843880",6,12800,"Windpark Hohelucht","Windenergie an Land",0,2004,NA
"3328","ABR935463956383","Windeinheit","SEE949447850734, SEE937555233839, SEE918134541743, SEE969269931985, SEE929677579131, SEE937919235431, SEE950807603167, SEE935510781579",8,12800,"Windpark Littdorf","Windenergie an Land",0,1999,NA
"3329","ABR953565264700","Windeinheit","SEE976094038819, SEE931931854571, SEE972287867259",3,12780,"Dree Möhlen","Windenergie an Land",0,2027,NA
"3330","ABR929478596559","Windeinheit","SEE949097843667, SEE987541784326, SEE941244417899",3,12780,"Ebersdorf","Windenergie an Land",0,2027,NA
"3331","ABR978334681922","Windeinheit","SEE941512617907, SEE917882414170, SEE988753004912",3,12780,"Katz","Windenergie an Land",0,2029,NA
"3332","ABR956190160690","Windeinheit","SEE946922063382, SEE939407289278, SEE968186017642",3,12780,"Soest-Epsingsen","Windenergie an Land",0,2026,NA
"3333","ABR954868335197","Windeinheit","SEE982875269983, SEE934661141126, SEE963751859245",3,12780,"WP Lohhof","Windenergie an Land",0,2026,NA
"3334","ABR924166094362","Windeinheit","SEE914650429152, SEE905922321847, SEE998993658790",3,12780,"WindGuard-Forschungswindpark Ganderkesee GmbH ＆ Co. KG","Windenergie an Land",0,2026,NA
"3335","ABR920624001972","Windeinheit","SEE968095123212, SEE963942909544, SEE921902605875",3,12780,"Windpark Fritzenberg Ganderkesee","Windenergie an Land",0,2027,NA
"3336","ABR999951315830","Windeinheit","SEE930225630716, SEE976698200629, SEE949957752740",3,12780,"Windpark Leese-Loccum","Windenergie an Land",0,2026,NA
"3337","ABR940486198085","Windeinheit","SEE917352020702, SEE929700057056, SEE956600636050",3,12780,"Windpark Lüdenscheid-Kälberberg","Windenergie an Land",0,2028,NA
"3338","ABR924964771106","Windeinheit","SEE904530438879, SEE924319858537, SEE952733229862",3,12780,"Windpark Müllingsen GmbH ＆ Co.KG","Windenergie an Land",0,2026,NA
"3339","ABR996619842189","Windeinheit","SEE979462612512, SEE930560396353, SEE986350406085",3,12780,"Windpark Sommerhausen","Windenergie an Land",0,2025,NA
"3340","ABR912113980998","Windeinheit","SEE956616396634, SEE985408957791, SEE924293449530",3,12780,"Windpark Tange","Windenergie an Land",0,2027,NA
"3341","ABR970050281615","Windeinheit","SEE956326122165, SEE990881704503, SEE978724876556, SEE910400228174",4,12770,"Windpark Aldenhoven-Nord","Windenergie an Land",0,2016,NA
"3342","ABR984185376016","Windeinheit","SEE982660431250, SEE931383854259, SEE950155884225, SEE949029261699",4,12760,"Windpark Gerolsbach","Windenergie an Land",0,2015,NA
"3343","ABR987882658751","Windeinheit","SEE901389927547, SEE993605508746, SEE934134390020, SEE937561413812",4,12750,"Bürgerwindpark Süderdeich GmbH ＆ Co. KG","Windenergie an Land",0,2016,NA
"3344","ABR927606402918","Windeinheit","SEE928918834114, SEE989053867382, SEE982682015179, SEE989124989531, SEE929431075992",5,12750,"Windpark Curslack","Windenergie an Land",0,2017,NA
"3345","ABR935709159400","Windeinheit","SEE978722308844, SEE983708804869, SEE994797746626, SEE984666761157, SEE928693519664, SEE944910605699, SEE922246638116, SEE940081431433, SEE983396700542, SEE927765726696, SEE964651311307",11,12750,"Windpark Rhein-Lippe Nr. 27 GmbH ＆ Co. KG","Windenergie an Land",0,2001,NA
"3346","ABR952536526304","Windeinheit","SEE941414047192, SEE941890856905, SEE972892520655, SEE971935784627, SEE914573832626",5,12740,"WP Clauen II","Windenergie an Land",0,2009,NA
"3347","ABR971256256520","Windeinheit","SEE911004220588, SEE970238069615, SEE901329272027, SEE957201736248",4,12730,"WEA2","Windenergie an Land",0,2007,NA
"3348","ABR969014127779","Windeinheit","SEE957502772556, SEE956248815183, SEE981993190629",3,12720,"Wersche","Windenergie an Land",0,2024,NA
"3349","ABR965237863067","Windeinheit","SEE957990519992, SEE941516284556, SEE991681364324, SEE929498322671, SEE922971693282, SEE908751861362",6,12700,"Horn","Windenergie an Land",0,2008,NA
"3350","ABR953578717644","Windeinheit","SEE934508959549, SEE975107224072",2,12700,"Lenze Hünningen","Windenergie an Land",0,2028,NA
"3351","ABR994881575545","Windeinheit","SEE938906592834, SEE961550955830",2,12700,"WP Sauren Kämpen","Windenergie an Land",0,2027,NA
"3352","ABR935479592537","Windeinheit","SEE958210641479, SEE961005842531, SEE976556427250, SEE934059944506, SEE921221202137, SEE983156764340",6,12700,"Windpark CGLT","Windenergie an Land",0,2017,NA
"3353","ABR945572747949","Windeinheit","SEE932942048133, SEE957060766622, SEE923461192216, SEE940587007545",4,12680,"Eschweiler Nord","Windenergie an Land",0,2017,NA
"3354","ABR990640045021","Windeinheit","SEE940353210933, SEE992256929740, SEE990868840064, SEE945618546796",4,12680,"Jörl","Windenergie an Land",0,2014,NA
"3355","ABR930149257914","Windeinheit","SEE917132420494, SEE990851331449, SEE917651976625, SEE980291300068",4,12680,"Neuenkirchen BWP 2","Windenergie an Land",0,2015,NA
"3356","ABR954394946737","Windeinheit","SEE956686317928, SEE921667232156, SEE944152991208, SEE998039504876",4,12680,"WP Grevenkop","Windenergie an Land",0,2015,NA
"3357","ABR965245086700","Windeinheit","SEE966124480428, SEE937351395823, SEE910528865084, SEE923582031159",4,12680,"WP Holt-Nord","Windenergie an Land",0,2014,NA
"3358","ABR965245086700","Windeinheit","SEE948062534777, SEE955399802110, SEE910281856107, SEE940330100967",4,12680,"WP Holt-Süd","Windenergie an Land",0,2015,NA
"3359","ABR982078073554","Windeinheit","SEE947947606172, SEE962860239924, SEE985804758510, SEE947269487930",4,12675,"WP Möglenz VI","Windenergie an Land",0,2014,NA
"3360","ABR972237786944","Windeinheit","SEE977806197534, SEE973957519119, SEE927149385228, SEE956058241035, SEE995896348728",5,12650,"Windpark Amöneburg","Windenergie an Land",0,2016,NA
"3361","ABR903329840572","Windeinheit","SEE954065333897, SEE933244215582, SEE988550532632, SEE975094493437, SEE923923348991",5,12650,"Windpark Dahme-Zagelsdorf 4","Windenergie an Land",0,2016,NA
"3362","ABR915934031122","Windeinheit","SEE920299922671, SEE975022311611, SEE947541385336, SEE958026275493, SEE964890708197",5,12650,"Windpark Zagelsdorf","Windenergie an Land",0,2016,NA
"3363","ABR906320147411","Windeinheit","SEE968337441517, SEE976665295061, SEE981922750924",3,12600,"Ahlen","Windenergie an Land",0,2025,NA
"3364","ABR951762163239","Windeinheit","SEE989128748240, SEE966040095652",2,12600,"Alpen Veen","Windenergie an Land",0,2027,NA
"3365","ABR913114128082","Windeinheit","SEE929301959438, SEE986484802111, SEE963747882035",3,12600,"Biegen I","Windenergie an Land",0,2022,NA
"3366","ABR949349100166","Windeinheit","SEE946485215570, SEE932016910243, SEE921062875750",3,12600,"CEE Windpark Haunetal","Windenergie an Land",0,2021,NA
"3367","ABR922613049248","Windeinheit","SEE995363434404, SEE998176250636, SEE912731141498",3,12600,"Diedersdorf","Windenergie an Land",0,2025,NA
"3368","ABR969551918335","Windeinheit","SEE963418771736, SEE950788304954, SEE930656847271",3,12600,"Fliederberg","Windenergie an Land",0,2024,NA
"3369","ABR917113238353","Windeinheit","SEE978200877930, SEE974997298040",2,12600,"Gutes Wasser Süd","Windenergie an Land",0,2026,NA
"3370","ABR937033381014","Windeinheit","SEE954334448536, SEE962033637083, SEE953320447072",3,12600,"Hemme Moorweg Repowering","Windenergie an Land",0,2022,NA
"3371","ABR923804534437","Windeinheit","SEE973903871278, SEE901008771810, SEE901854939600, SEE900565121717, SEE908844523030, SEE961891842219, SEE995008606531",7,12600,"Jennelt","Windenergie an Land",0,2001,NA
"3372","ABR922191690375","Windeinheit","SEE982364803902, SEE931461278601, SEE982356318568",3,12600,"Jörl-Stieglund","Windenergie an Land",0,2024,NA
"3373","ABR929824713661","Windeinheit","SEE982824953079, SEE995092962063, SEE906207264132",3,12600,"Klinksberg-Humberg","Windenergie an Land",0,2029,NA
"3374","ABR912619840499","Windeinheit","SEE906473458587, SEE967256658235, SEE907980376104, SEE920814448914, SEE950565518109, SEE976976555861, SEE961282855330",7,12600,"Lengerich","Windenergie an Land",0,2000,NA
"3375","ABR986075661950","Windeinheit","SEE919840860500, SEE967034399183, SEE905456738951",3,12600,"Lübbenow","Windenergie an Land",0,2021,NA
"3376","ABR980540122830","Windeinheit","SEE917978915987, SEE940089160670, SEE995412085144, SEE924356988532, SEE909984594362, SEE952477372176, SEE996676773761, SEE972832876378, SEE973937514974, SEE919637625961, SEE909653246813, SEE902697591628, SEE942240398137, SEE923806625676, SEE947126080878, SEE945926921315, SEE955805869041, SEE927540714603, SEE980737787637, SEE920418729747, SEE957102616779",21,12600,"Rakow","Windenergie an Land",0,2000,NA
"3377","ABR917281658977","Windeinheit","SEE967564837100, SEE946549384822, SEE910061014109",3,12600,"Repowering Steinburg","Windenergie an Land",0,2022,NA
"3378","ABR920816539849","Windeinheit","SEE947972033219, SEE900410046882, SEE974160104864",3,12600,"RubkowI","Windenergie an Land",0,2026,NA
"3379","ABR967067158061","Windeinheit","SEE936742568716, SEE980206969878, SEE976194153870, SEE926850779135, SEE957117693246, SEE916825940097, SEE967203263758",7,12600,"Scholen WP","Windenergie an Land",0,2004,NA
"3380","ABR943735896442","Windeinheit","SEE962727061682, SEE981656653942, SEE990329812937",3,12600,"Schöppingen-Brook","Windenergie an Land",0,2019,NA
"3381","ABR963703465715","Windeinheit","SEE914434957345, SEE958744680463, SEE960181397293",3,12600,"Schöppingen-Ramsberg","Windenergie an Land",0,2019,NA
"3382","ABR930625211645","Windeinheit","SEE987015125204, SEE969098984510, SEE946352826823, SEE959387093559",4,12600,"Sehestedt","Windenergie an Land",0,2014,NA
"3383","ABR922769321243","Windeinheit","SEE936618774630, SEE991544685610, SEE973818346939",3,12600,"Vier Berge II","Windenergie an Land",0,2023,NA
"3384","ABR971899498660","Windeinheit","SEE906766747589, SEE913874476706, SEE923151773275",3,12600,"WP Bucha II","Windenergie an Land",0,2020,NA
"3385","ABR949180872406","Windeinheit","SEE901397601767, SEE981209327443, SEE984098644509",3,12600,"WP Ekernermoor","Windenergie an Land",0,2028,NA
"3386","ABR938586218635","Windeinheit","SEE973333726698, SEE995436213448, SEE932579574555",3,12600,"WP Feldatal-Markhohl","Windenergie an Land",0,2026,NA
"3387","ABR915861801041","Windeinheit","SEE912759330881, SEE940562338473, SEE933418275848, SEE933351841131, SEE992480987752, SEE982525980411, SEE967350246604",7,12600,"WP Feldheim IV","Windenergie an Land",0,2002,NA
"3388","ABR989245785548","Windeinheit","SEE970077237527, SEE990311101896, SEE998557205354",3,12600,"WP Himmelreich","Windenergie an Land",0,2021,NA
"3389","ABR986645205263","Windeinheit","SEE935265373920, SEE908780251943, SEE953111145361",3,12600,"WP Hohenstadt","Windenergie an Land",0,2023,NA
"3390","ABR971969453339","Windeinheit","SEE943479870579, SEE924404554559, SEE984677495614, SEE966320532372, SEE946683451459, SEE969848215116, SEE993953980973",7,12600,"WP Hude/Hatten","Windenergie an Land",0,2002,NA
"3391","ABR978332834603","Windeinheit","SEE990588174463, SEE924362457770, SEE995069870209",3,12600,"WP Krautheim-Eckigbreit","Windenergie an Land",0,2022,NA
"3392","ABR932418056938","Windeinheit","SEE991831778407, SEE975085191786, SEE999920120427, SEE945362271708, SEE987668126108, SEE952258183083",6,12600,"WP Marschtief","Windenergie an Land",0,2006,NA
"3393","ABR954096653254","Windeinheit","SEE919812392190, SEE912315785438, SEE939625728818, SEE969050009114, SEE973759668282, SEE947603485349, SEE985579669158",7,12600,"WP Ostermarsch I","Windenergie an Land",0,2003,NA
"3394","ABR934161876887","Windeinheit","SEE968724688792, SEE963593004360, SEE974031572587",3,12600,"WP Pülfringen","Windenergie an Land",0,2024,NA
"3395","ABR961469293061","Windeinheit","SEE921840508504, SEE951111573122, SEE930637528557",3,12600,"WP Settrup","Windenergie an Land",0,2018,NA
"3396","ABR972381158734","Windeinheit","SEE944598150641, SEE985523955757, SEE903970436124",3,12600,"WP Westerfleth","Windenergie an Land",0,2024,NA
"3397","ABR964693075687","Windeinheit","SEE982675959183, SEE921436528916, SEE979524431921, SEE920426269631, SEE954485446986, SEE903740801725",6,12600,"WP Wittmund-Eggelingen","Windenergie an Land",0,2005,NA
"3398","ABR909311245561","Windeinheit","SEE936456069752, SEE995592538751, SEE948347445682, SEE965536262547, SEE973924541990, SEE976378399674, SEE934646664947",7,12600,"WSB Windpark Queis GmbH ＆ Co. KG","Windenergie an Land",0,2003,NA
"3399","ABR984274007289","Windeinheit","SEE987763349266, SEE932860007625, SEE926648471296, SEE952848388041, SEE919941401893, SEE944575530282, SEE937363757008",7,12600,"WSB Windpark Reußen GmbH ＆ Co. KG","Windenergie an Land",0,2003,NA
"3400","ABR908477931660","Windeinheit","SEE944454873059, SEE941970105824, SEE923839468202",3,12600,"Wessendorf","Windenergie an Land",0,2021,NA
"3401","ABR988283016720","Windeinheit","SEE950252216950, SEE976662754295, SEE989349870324",3,12600,"Windpark Altdorf-Eismannsberg","Windenergie an Land",0,2020,NA
"3402","ABR993397916965","Windeinheit","SEE916718711841, SEE991827015981, SEE934494717307",3,12600,"Windpark Besdorf-Bokhorst Repowering","Windenergie an Land",0,2026,NA
"3403","ABR969579860388","Windeinheit","SEE910884215141, SEE913251669332",2,12600,"Windpark Esing-Iltinghook","Windenergie an Land",0,2028,NA
"3404","ABR906847528731","Windeinheit","SEE922947892848, SEE948284724154, SEE994645487923",3,12600,"Windpark Falkenhöhe","Windenergie an Land",0,2021,NA
"3405","ABR951762163239","Windeinheit","SEE988223809825, SEE945010169265, SEE902761308695",3,12600,"Windpark Finnentrop-Ramscheid","Windenergie an Land",0,2025,NA
"3406","ABR971256620307","Windeinheit","SEE969786545108, SEE934337846256, SEE926054157951",3,12600,"Windpark Gehrde Repowering","Windenergie an Land",0,2026,NA
"3407","ABR920444877221","Windeinheit","SEE997750194281, SEE999982645333, SEE993303818567",3,12600,"Windpark Gischow I","Windenergie an Land",0,2027,NA
"3408","ABR949777429099","Windeinheit","SEE902559765792, SEE986231404865, SEE985487424436",3,12600,"Windpark Glümmel","Windenergie an Land",0,2017,NA
"3409","ABR928567608968","Windeinheit","SEE915712343881, SEE913567600289, SEE912576063221",3,12600,"Windpark Großenaspe","Windenergie an Land",0,2026,NA
"3410","ABR980729531613","Windeinheit","SEE932221916016, SEE989124864784, SEE937633852129",3,12600,"Windpark Herbrum","Windenergie an Land",0,2017,NA
"3411","ABR943223649666","Windeinheit","SEE934474348361, SEE913828889583, SEE961403479230",3,12600,"Windpark Mittelherwigsdorf","Windenergie an Land",0,2024,NA
"3412","ABR989221271799","Windeinheit","SEE914060640444, SEE910354021791, SEE959127822098",3,12600,"Windpark Renkenberge-Nord GmbH ＆ Co. KG","Windenergie an Land",0,2018,NA
"3413","ABR985062114349","Windeinheit","SEE976033891222, SEE965478612448, SEE992121250047",3,12600,"Windpark Salzgitter AG","Windenergie an Land",0,2020,NA
"3414","ABR986645205263","Windeinheit","SEE967774901400, SEE958699450678, SEE991513356145",3,12600,"Windpark Schwienau III","Windenergie an Land",0,2020,NA
"3415","ABR986645205263","Windeinheit","SEE959761100002, SEE953419625312, SEE910559025211",3,12600,"Windpark Steinheimer Becken A","Windenergie an Land",0,2023,NA
"3416","ABR948372934199","Windeinheit","SEE921869074875, SEE927420209687, SEE995165128044",3,12600,"Windpark Stoffeng Nord GmbH ＆ Co. KG","Windenergie an Land",0,2023,NA
"3417","ABR916408479655","Windeinheit","SEE927724896347, SEE908564346513, SEE903844093996",3,12600,"Windpark Tribsees","Windenergie an Land",0,2017,NA
"3418","ABR959958742299","Windeinheit","SEE974694350294, SEE925174017183, SEE990113599969",3,12600,"Windpark WEN","Windenergie an Land",0,2025,NA
"3419","ABR942797128829","Windeinheit","SEE948407953478, SEE988806985809, SEE991197574637, SEE975364103905, SEE916916707172, SEE939558758791, SEE943090434914",7,12600,"Windpark Walkhügel GmbH ＆ Co. Aderstedt II KG","Windenergie an Land",0,2001,NA
"3420","ABR946628980761","Windeinheit","SEE995202758128, SEE969409615058, SEE920883289562",3,12600,"Windpark Wulkow bei Trebnitz","Windenergie an Land",0,2024,NA
"3421","ABR921090463318","Windeinheit","SEE935952526950, SEE974165248211, SEE936703597083, SEE990716411309",4,12585,"Windpark Stetten","Windenergie an Land",0,2012,NA
"3422","ABR914612944655","Windeinheit","SEE964664780381, SEE934243573987, SEE974445509063, SEE976270381845",4,12510,"Max Bögl Windpower Winnberg GmbH ＆ Co. KG","Windenergie an Land",0,2010,NA
"3423","ABR940715409395","Windeinheit","SEE947137595255, SEE915850153021, SEE936718348625, SEE901030694491, SEE913546087193",5,12500,"Glandorf","Windenergie an Land",0,2003,NA
"3424","ABR916789344108","Windeinheit","SEE951150072259, SEE953248309162, SEE973811673476, SEE902843594763, SEE924807852665",5,12500,"Helmstadt","Windenergie an Land",0,2012,NA
"3425","ABR962344132253","Windeinheit","SEE927940462791, SEE904938620418",2,12500,"Hirschweg Ost","Windenergie an Land",0,2025,NA
"3426","ABR989393706204","Windeinheit","SEE913522064385, SEE940877258022, SEE954905531247, SEE932290349920, SEE940414286815",5,12500,"Hohe Wuhne III","Windenergie an Land",0,2011,NA
"3427","ABR940428972131","Windeinheit","SEE915862910469, SEE968844223125",2,12500,"Schönermark Repowering","Windenergie an Land",0,2025,NA
"3428","ABR932819468330","Windeinheit","SEE972621880173, SEE998384568424",2,12500,"WP A 33","Windenergie an Land",0,2024,NA
"3429","ABR938817943503","Windeinheit","SEE947555291418, SEE956246324298, SEE950043891434, SEE954340268012, SEE976894391466",5,12500,"WP Ellenserdamm","Windenergie an Land",0,2011,NA
"3430","ABR914428050151","Windeinheit","SEE944529701478, SEE951421486242, SEE942637893450, SEE971864867651, SEE991639339909",5,12500,"WP Münnerstadt","Windenergie an Land",0,2014,NA
"3431","ABR993580112310","Windeinheit","SEE971616086064, SEE918486893316",2,12500,"Windpark Künsbach-Etzlinsweiler","Windenergie an Land",0,2027,NA
"3432","ABR991732515798","Windeinheit","SEE946090885236, SEE964123934966, SEE988918628830, SEE908934832981, SEE902783653001",5,12500,"Windpark Obbach","Windenergie an Land",0,2015,NA
"3433","ABR927394469391","Windeinheit","SEE979767747483, SEE955380942993, SEE930108517523, SEE967804601980, SEE906117250430",5,12500,"Windpark Priesberg","Windenergie an Land",0,2016,NA
"3434","ABR978970673633","Windeinheit","SEE911630656034, SEE924036529611, SEE958341667485, SEE908547336128, SEE919025549114, SEE958085609987",6,12500,"Windpark Voigtstedt","Windenergie an Land",0,2006,NA
"3435","ABR940721529735","Windeinheit","SEE918677145422, SEE943396957452, SEE990397338346, SEE990334911854",4,12460,"Windpark Gilserberg","Windenergie an Land",0,2014,NA
"3436","ABR902585630170","Windeinheit","SEE917618735081, SEE901122628625",2,12440,"Quantwick","Windenergie an Land",0,2028,NA
"3437","ABR939125171183","Windeinheit","SEE952822788072, SEE905593589782, SEE988525189656",3,12430,"Schneebergerhof","Windenergie an Land",0,2003,NA
"3438","ABR997067059884","Windeinheit","SEE953064222072, SEE967556130059",2,12400,"ABO Energy WP Kloppberg IV Repowering","Windenergie an Land",0,2028,NA
"3439","ABR931999105912","Windeinheit","SEE905876661358, SEE959947585593",2,12400,"ABO Energy WP Kruft","Windenergie an Land",0,2026,NA
"3440","ABR996907813815","Windeinheit","SEE975489914356, SEE917035512784",2,12400,"Altes Feld","Windenergie an Land",0,2027,NA
"3441","ABR957301131660","Windeinheit","SEE959631396665, SEE917414556200",2,12400,"Hellberge VI","Windenergie an Land",0,2028,NA
"3442","ABR985831711786","Windeinheit","SEE968448056921, SEE932728247606, SEE992253040684, SEE931271479113, SEE974959224346",5,12400,"Kemnitz","Windenergie an Land",0,2016,NA
"3443","ABR915074286734","Windeinheit","SEE932660567282, SEE910997261516",2,12400,"Kilbe-Erndtebrück","Windenergie an Land",0,2027,NA
"3444","ABR922206031001","Windeinheit","SEE958426804750, SEE972920698325",2,12400,"Reinstedt 2","Windenergie an Land",0,2026,NA
"3445","ABR922206031001","Windeinheit","SEE990965276254, SEE967232573262",2,12400,"Reinstedt 3","Windenergie an Land",0,2026,NA
"3446","ABR940452837413","Windeinheit","SEE907039503673, SEE906051446111",2,12400,"WP Blüthen/Klockow","Windenergie an Land",0,2027,NA
"3447","ABR952431042794","Windeinheit","SEE910025643628, SEE916000339180",2,12400,"WP Brackel","Windenergie an Land",0,2027,NA
"3448","ABR986959065393","Windeinheit","SEE907751417692, SEE968118471306",2,12400,"WP Helmstedter Revier I","Windenergie an Land",0,2026,NA
"3449","ABR959674653893","Windeinheit","SEE985702055445, SEE942377162540, SEE962886649028, SEE990461608375, SEE972395877553, SEE983074130234, SEE941533309270, SEE917415254778, SEE983030495117, SEE968384762160, SEE975982575511, SEE944470783295, SEE955969150634, SEE981236165889",14,12400,"WP-DG","Windenergie an Land",0,2002,NA
"3450","ABR963620964605","Windeinheit","SEE958407449826, SEE918711899915",2,12400,"Windpark Altenbamberg/Hochstätten","Windenergie an Land",0,2026,NA
"3451","ABR981204190790","Windeinheit","SEE908082742736, SEE977982856379",2,12400,"Windpark Altenglan GmbH ＆ Co. KG","Windenergie an Land",0,2025,NA
"3452","ABR947141202187","Windeinheit","SEE960233759437, SEE951524881258",2,12400,"Windpark Bellingen West","Windenergie an Land",0,2024,NA
"3453","ABR914968756209","Windeinheit","SEE973670634021, SEE952414346413",2,12400,"Windpark Desloch GmbH ＆ Co. KG","Windenergie an Land",0,2024,NA
"3454","ABR974049345517","Windeinheit","SEE936810763708, SEE983400752437",2,12400,"Windpark Dietenhofen-Herpersdorf","Windenergie an Land",0,2024,NA
"3455","ABR942816717133","Windeinheit","SEE918586250361, SEE949539329995",2,12400,"Windpark Lanze-Lomitz","Windenergie an Land",0,2027,NA
"3456","ABR974049345517","Windeinheit","SEE947257190118, SEE931751942502",2,12400,"Windpark Neuhof-Hirschneuses","Windenergie an Land",0,2024,NA
"3457","ABR959555421405","Windeinheit","SEE969979784079, SEE977541316238",2,12400,"Windpark Nohfelden-Zallenberg","Windenergie an Land",0,2027,NA
"3458","ABR950215021720","Windeinheit","SEE908418372101, SEE930285963069",2,12400,"Windpark Prezelle","Windenergie an Land",0,2025,NA
"3459","ABR917097139684","Windeinheit","SEE968253904837, SEE944235853287",2,12400,"Windpark Reichenbach GmbH ＆ Co. KG","Windenergie an Land",0,2024,NA
"3460","ABR966207609616","Windeinheit","SEE993335123134, SEE969025379679",2,12400,"Windpark Rote Steige II","Windenergie an Land",0,2027,NA
"3461","ABR908415743621","Windeinheit","SEE943508336373, SEE902595172523, SEE907706035858, SEE904836916637, SEE927101127392",5,12400,"Windpark St. Peter","Windenergie an Land",0,2006,NA
"3462","ABR980659966790","Windeinheit","SEE944972457281, SEE952749950064",2,12400,"Wundersleben","Windenergie an Land",0,2025,NA
"3463","ABR955469853677","Windeinheit","SEE906295197954, SEE993135673266, SEE959511787231, SEE930592345565",4,12300,"Energiepark Simonsberg","Windenergie an Land",0,2012,NA
"3464","ABR951821791892","Windeinheit","SEE931422449996, SEE931525164017, SEE975562120896, SEE902130386675",4,12300,"Hornsömmern","Windenergie an Land",0,2014,NA
"3465","ABR937586161538","Windeinheit","SEE937243795236, SEE949891050643, SEE998822541132, SEE964584981189",4,12300,"Lieskau II","Windenergie an Land",0,2014,NA
"3466","ABR931418342584","Windeinheit","SEE981001264038, SEE967489487374, SEE902635355848, SEE914584308028",4,12300,"UGE Barkow Drei GmbH ＆ Co. KG","Windenergie an Land",0,2014,NA
"3467","ABR902028205019","Windeinheit","SEE922989307089, SEE942383564253, SEE971562703411, SEE988515830728",4,12300,"UGE Barkow GmbH ＆ Co. KG","Windenergie an Land",0,2014,NA
"3468","ABR958242444901","Windeinheit","SEE955462659801, SEE923226758244, SEE901220244536, SEE959728200103",4,12300,"UGE Göllnitz-West Eins","Windenergie an Land",0,2013,NA
"3469","ABR962585002209","Windeinheit","SEE912676298950, SEE950531611322, SEE908136300608, SEE903184271115",4,12300,"UGE Göllnitz-West Zwei","Windenergie an Land",0,2014,NA
"3470","ABR952287017748","Windeinheit","SEE940095187999, SEE976382088113, SEE971657792993, SEE990495136882",4,12300,"UGE Rehfeld","Windenergie an Land",0,2013,NA
"3471","ABR986962635385","Windeinheit","SEE935097668744, SEE928776422898, SEE934847520882, SEE972228277475",4,12300,"WP B/T I","Windenergie an Land",0,2012,NA
"3472","ABR995110989911","Windeinheit","SEE933212650551, SEE984799089173, SEE916178592721, SEE962868123638, SEE909728309658, SEE965734568694",6,12300,"WP Eckolstädt 3","Windenergie an Land",0,2013,NA
"3473","ABR915833802663","Windeinheit","SEE989546133543, SEE900537047205, SEE983080291660, SEE937190272200",4,12300,"WP Garlipp II","Windenergie an Land",0,2014,NA
"3474","ABR988127063880","Windeinheit","SEE998587382506, SEE932450836758, SEE995709247644, SEE943992193889, SEE904379647111, SEE910421701762",6,12300,"WP Grimmen-Grellenberg","Windenergie an Land",0,2009,NA
"3475","ABR991980663906","Windeinheit","SEE940802868739, SEE953047802475, SEE925210695474, SEE951188669902, SEE948690917881",5,12300,"WP LA","Windenergie an Land",0,2015,NA
"3476","ABR989646990305","Windeinheit","SEE933629212991, SEE973323903306",2,12300,"WP Malching II","Windenergie an Land",0,2028,NA
"3477","ABR926829632652","Windeinheit","SEE959991134389, SEE906426180848, SEE908899428229, SEE914690804483",4,12300,"Wallroth","Windenergie an Land",0,2015,NA
"3478","ABR999746237781","Windeinheit","SEE909670884234, SEE961737959606",2,12300,"Wanderup Testanlagen","Windenergie an Land",0,2014,NA
"3479","ABR914220254719","Windeinheit","SEE988764498335, SEE944201172176, SEE912510962832, SEE992662200792",4,12300,"Windheim","Windenergie an Land",0,2014,NA
"3480","ABR955790110906","Windeinheit","SEE924867346685, SEE998225040614",2,12300,"Windpark Handewitt","Windenergie an Land",0,2014,NA
"3481","ABR963289439155","Windeinheit","SEE903532903798, SEE968403295532, SEE916617918846, SEE971689551704",4,12300,"Windpark Krampfer I","Windenergie an Land",0,2015,NA
"3482","ABR902320562728","Windeinheit","SEE968441784098, SEE949337478475, SEE981236118823, SEE907901840233",4,12300,"Windpark Mangelsdorf","Windenergie an Land",0,2014,NA
"3483","ABR994346825284","Windeinheit","SEE974572767831, SEE980090471129, SEE903403703106, SEE917107968044",4,12300,"Windpark Mühlhausen","Windenergie an Land",0,2012,NA
"3484","ABR970793024821","Windeinheit","SEE964788839156, SEE955533216476, SEE952892441556, SEE989733973921",4,12300,"Windpark Nack","Windenergie an Land",0,2013,NA
"3485","ABR926352297502","Windeinheit","SEE978748817788, SEE954032903122, SEE928886600636, SEE937110324651",4,12300,"Windpark Neuenkrug","Windenergie an Land",0,2012,NA
"3486","ABR911933200941","Windeinheit","SEE927809213366, SEE944281087438, SEE961946058855, SEE963308368442",4,12300,"Windpark Oberthal","Windenergie an Land",0,2013,NA
"3487","ABR915611284742","Windeinheit","SEE957493753336, SEE982783768639, SEE985936297048, SEE963757239089",4,12300,"Windpark Vier Fichten GmbH ＆ Co. KG","Windenergie an Land",0,2013,NA
"3488","ABR993614785169","Windeinheit","SEE926909843206, SEE974495311029, SEE985311202131, SEE980446352102, SEE981054333767, SEE906968145060",6,12300,"Windpark Wölkisch GmbH ＆ Co. KG","Windenergie an Land",0,2015,NA
"3489","ABR978752396675","Windeinheit","SEE946753636809, SEE942748501244, SEE982555013578, SEE947411419970",4,12268,"E-Park","Windenergie an Land",0,2014,NA
"3490","ABR974291655624","Windeinheit","SEE915020633377, SEE944356617706, SEE989980528608, SEE959536716155, SEE960284430859",5,12250,"WP Fahrenwalde infra","Windenergie an Land",0,2012,NA
"3491","ABR963048208565","Windeinheit","SEE940927958353, SEE940139678155, SEE961877541396, SEE978295508672, SEE963163210122, SEE939350132751, SEE927974809371, SEE944508033477",8,12250,"WP Kribbe","Windenergie an Land",0,2000,NA
"3492","ABR983174512923","Windeinheit","SEE928302964656, SEE952363413938, SEE915942324711, SEE935181401240, SEE964440721508",5,12250,"Windpark Waldalgesheim","Windenergie an Land",0,2011,NA
"3493","ABR929330099815","Windeinheit","SEE955539466530, SEE902299962048, SEE944779829250, SEE963289783555",4,12250,"Windpark Wangenheim-Hochheim Repowering","Windenergie an Land",0,2020,NA
"3494","ABR900250863069","Windeinheit","SEE991484686005, SEE997946516699, SEE998099751128, SEE970156035464, SEE973522972301",5,12225,"Windpark Norath","Windenergie an Land",0,2001,NA
"3495","ABR930122621060","Windeinheit","SEE917819047839, SEE965512101730, SEE952734019486, SEE976852785092",4,12200,"Bernitt","Windenergie an Land",0,2014,NA
"3496","ABR984804651951","Windeinheit","SEE905073849054, SEE985666917636, SEE980023540885",3,12200,"Brüheim","Windenergie an Land",0,2017,NA
"3497","ABR902196959738","Windeinheit","SEE912043610927, SEE903063301605",2,12200,"Bürgerwindpark Altenkattbek GmbH ＆ Co. KG","Windenergie an Land",0,2026,NA
"3498","ABR957990382398","Windeinheit","SEE982478622826, SEE991111648758, SEE910558953072, SEE967468326816, SEE930447157299",5,12200,"Energieverteilung Windpark Jever GbR","Windenergie an Land",0,2010,NA
"3499","ABR926171683371","Windeinheit","SEE960151280501, SEE985840637671, SEE962567713420, SEE977543621743",4,12200,"Glasewitz","Windenergie an Land",0,2014,NA
"3500","ABR964713323545","Windeinheit","SEE922960060484, SEE906968376266, SEE966277935912, SEE910262339988",4,12200,"Infrastruktur Völschow Ost GbR","Windenergie an Land",0,2016,NA
"3501","ABR924090964854","Windeinheit","SEE955626424146, SEE986979666891, SEE965979054358, SEE903747443553",4,12200,"Niederheide","Windenergie an Land",0,2014,NA
"3502","ABR935561554061","Windeinheit","SEE900985233823, SEE976195075881, SEE963915618275, SEE904739739760",4,12200,"Obhausen II","Windenergie an Land",0,2013,NA
"3503","ABR959357902072","Windeinheit","SEE991435979668, SEE918597339079, SEE937154816242, SEE978970539076",4,12200,"Trianel Onshore-Windkraftwerk Bendorf","Windenergie an Land",0,2014,NA
"3504","ABR995380734792","Windeinheit","SEE993928517678, SEE905982182440, SEE919677442733, SEE949914632023",4,12200,"WP Bendorf","Windenergie an Land",0,2014,NA
"3505","ABR901634861930","Windeinheit","SEE953600969942, SEE952730466949, SEE903337307036, SEE967054188972",4,12200,"WP Galg1","Windenergie an Land",0,2014,NA
"3506","ABR945053285021","Windeinheit","SEE990414579967, SEE959790084045, SEE956228570996, SEE989666813912",4,12200,"WP Galg2","Windenergie an Land",0,2015,NA
"3507","ABR917134592946","Windeinheit","SEE961522762213, SEE967163977436, SEE929567258306, SEE906985347393",4,12200,"WP Hohegaste","Windenergie an Land",0,2017,NA
"3508","ABR983394101143","Windeinheit","SEE996715780309, SEE991279528466, SEE916725122395, SEE969333748051",4,12200,"WP Oldenburg","Windenergie an Land",0,2014,NA
"3509","ABR906051131321","Windeinheit","SEE923367267452, SEE926498275914, SEE986496547383, SEE940484899250, SEE978951890158, SEE905120007048, SEE962489328283, SEE993536286386, SEE958825464388",9,12200,"WP Schuby","Windenergie an Land",0,2001,NA
"3510","ABR990220683117","Windeinheit","SEE923870305566, SEE945878367377, SEE950511091403, SEE974009306527",4,12200,"WP Veldenz","Windenergie an Land",0,2015,NA
"3511","ABR962374835438","Windeinheit","SEE975205706562, SEE947650349434, SEE950492410941, SEE968721213096",4,12200,"WP_Mautitz","Windenergie an Land",0,2014,NA
"3512","ABR945052506417","Windeinheit","SEE969035948001, SEE995548751449, SEE970834512331, SEE972843431085",4,12200,"Wind Wolfhagen GmbH","Windenergie an Land",0,2014,NA
"3513","ABR923546750300","Windeinheit","SEE966204773952, SEE917768131078, SEE912534379371, SEE991702587381",4,12200,"Windfeld-2015","Windenergie an Land",0,2015,NA
"3514","ABR923870628320","Windeinheit","SEE926971959133, SEE943066119593, SEE992824754804, SEE985738417026",4,12200,"Windpark Dissau","Windenergie an Land",0,2016,NA
"3515","ABR925239881124","Windeinheit","SEE926951370941, SEE981499369475",2,12200,"Windpark Eilerberg","Windenergie an Land",0,2025,NA
"3516","ABR968641572488","Windeinheit","SEE982111839581, SEE950051233387, SEE938319460379, SEE971531243528",4,12200,"Windpark Eimsheim","Windenergie an Land",0,2013,NA
"3517","ABR948625829258","Windeinheit","SEE972194177991, SEE980629681708, SEE927136747497, SEE944630035608",4,12200,"Windpark Englmannsberg","Windenergie an Land",0,2014,NA
"3518","ABR940032515243","Windeinheit","SEE923137781423, SEE987933820694, SEE920824236112, SEE922550891290",4,12200,"Windpark Freiensteinau","Windenergie an Land",0,2013,NA
"3519","ABR970597056882","Windeinheit","SEE923240585697, SEE919812991546, SEE990381088653, SEE979996461761",4,12200,"Windpark Glasewitz","Windenergie an Land",0,2014,NA
"3520","ABR944284845691","Windeinheit","SEE922526900575, SEE933180040019",2,12200,"Windpark Happurg","Windenergie an Land",0,2025,NA
"3521","ABR931636411536","Windeinheit","SEE924545064313, SEE996424961532, SEE923064639248, SEE935370638617",4,12200,"Windpark Knoten","Windenergie an Land",0,2013,NA
"3522","ABR951356716124","Windeinheit","SEE983056286096, SEE966741078756, SEE918410021860, SEE906600578898",4,12200,"Windpark Kohlenbek","Windenergie an Land",0,2014,NA
"3523","ABR981983477198","Windeinheit","SEE979083396426, SEE970972984748, SEE959459916755, SEE951533733432",4,12200,"Windpark Moosmoor","Windenergie an Land",0,2015,NA
"3524","ABR938205791938","Windeinheit","SEE902354627356, SEE969427925818",2,12200,"Windpark Oberwiera","Windenergie an Land",0,2023,NA
"3525","ABR971699005112","Windeinheit","SEE968501549438, SEE920672959904, SEE965241858271, SEE970435778068",4,12200,"Windpark Offenhausen","Windenergie an Land",0,2013,NA
"3526","ABR994702992940","Windeinheit","SEE931738570810, SEE964140498533, SEE930415342566, SEE948883153287",4,12200,"Windpark Tannberg Lindenhardt 1","Windenergie an Land",0,2014,NA
"3527","ABR947268688000","Windeinheit","SEE995063296111, SEE942385696563, SEE913964848789, SEE906131617714",4,12200,"Windpark Tellmer","Windenergie an Land",0,2017,NA
"3528","ABR934695601146","Windeinheit","SEE959270623429, SEE965165880013, SEE956656256738, SEE973867589554",4,12200,"Windpark Zedtwitz","Windenergie an Land",0,2014,NA
"3529","ABR968664863525","Windeinheit","SEE942099671177, SEE927803744101, SEE990295778053",3,12170,"Windpark Rossow","Windenergie an Land",0,1999,NA
"3530","ABR995773682211","Windeinheit","SEE980177259701, SEE940510733916, SEE950164256327, SEE973365243408",4,12150,"BEG","Windenergie an Land",0,2018,NA
"3531","ABR902102663780","Windeinheit","SEE957944424587, SEE928257890451, SEE957143276284, SEE937531565800, SEE960751650032, SEE948521149566",6,12150,"WP Kauxdorf/Lausitz","Windenergie an Land",0,2012,NA
"3532","ABR939893126392","Windeinheit","SEE918923925952, SEE945055265144, SEE932631343655, SEE975685994701, SEE979225085232",5,12135,"Windpark Maßbach","Windenergie an Land",0,2014,NA
"3533","ABR965324034493","Windeinheit","SEE950489311879, SEE916385954305, SEE968044447352, SEE925727553458",4,12100,"Windpark Aachen-Nord GmbH ＆ Co. KG","Windenergie an Land",0,2017,NA
"3534","ABR930078708518","Windeinheit","SEE910547708591, SEE907783121994, SEE984350788064",3,12060,"Lennestadt","Windenergie an Land",0,2003,NA
"3535","ABR952651935456","Windeinheit","SEE983788328088, SEE994826727893, SEE909045454826",3,12060,"WP Schwaney","Windenergie an Land",0,2024,NA
"3536","ABR937435990500","Windeinheit","SEE976535922356, SEE964477763960, SEE941864722137, SEE962224608229",4,12050,"CEE Windpark Lohkamp","Windenergie an Land",0,2017,NA
"3537","ABR959331915272","Windeinheit","SEE988136233953, SEE926294978934",2,12000,"ABO Energy WP Marpingen Repowering","Windenergie an Land",0,2026,NA
"3538","ABR996630297937","Windeinheit","SEE925809423785, SEE957492642167",2,12000,"ABO Energy WP Pfedelbach-Gleichen GmbH ＆ Co. KG","Windenergie an Land",0,2028,NA
"3539","ABR954621319884","Windeinheit","SEE958330887719, SEE923036353813",2,12000,"ABO Energy WP Spreeau 3","Windenergie an Land",0,2027,NA
"3540","ABR933556513963","Windeinheit","SEE954649778311, SEE937706292203",2,12000,"ABO Wind WP Heimbach-Vlatten","Windenergie an Land",0,2026,NA
"3541","ABR918822616838","Windeinheit","SEE968348043786, SEE986778341364",2,12000,"Arneburg-Sanne I","Windenergie an Land",0,2028,NA
"3542","ABR933474004017","Windeinheit","SEE982677519873, SEE979689520461",2,12000,"BWP Reher","Windenergie an Land",0,2023,NA
"3543","ABR912358703819","Windeinheit","SEE968143532928, SEE918341566508, SEE923532809296, SEE921141872373, SEE985553773703, SEE930689204997",6,12000,"Bad Emstal","Windenergie an Land",0,2007,NA
"3544","ABR990346269721","Windeinheit","SEE988846851591, SEE987101740212",2,12000,"Bedburg-Hau","Windenergie an Land",0,2028,NA
"3545","ABR982758961294","Windeinheit","SEE928778059542, SEE981823817580, SEE913229104032, SEE936202848624, SEE921358060808",5,12000,"Brugger","Windenergie an Land",0,2014,NA
"3546","ABR949048863966","Windeinheit","SEE926389263679, SEE939217929906, SEE951031081714, SEE935581159468",4,12000,"Büchenbach","Windenergie an Land",0,2012,NA
"3547","ABR970423110733","Windeinheit","SEE940532188442, SEE925788948125",2,12000,"Bürgerwind Ammert","Windenergie an Land",0,2027,NA
"3548","ABR954915655902","Windeinheit","SEE988512549531, SEE973565766844, SEE922883376952, SEE952191762499",4,12000,"Bürgerwind Berg GmbH ＆ Co. KG","Windenergie an Land",0,2015,NA
"3549","ABR906859548284","Windeinheit","SEE948654178396, SEE993261706180, SEE961779200087, SEE912586433991",4,12000,"Bürgerwind Strönfeld","Windenergie an Land",0,2016,NA
"3550","ABR956459241306","Windeinheit","SEE963776349813, SEE976458137189, SEE960011629389, SEE904280924486",4,12000,"Bürgerwindkraft Fuchstal GmbH ＆ Co. KG","Windenergie an Land",0,2016,NA
"3551","ABR923787172442","Windeinheit","SEE905419690449, SEE977161293384, SEE938247482375, SEE912987768883, SEE949143952756",5,12000,"CEE Mainova Kirchhain GmbH ＆ Co. KG","Windenergie an Land",0,2013,NA
"3552","ABR939197881614","Windeinheit","SEE924402865992, SEE955032180520, SEE946945805259, SEE950434801165, SEE901243986062, SEE988972861358",6,12000,"CEE Windpark Gilmerdingen","Windenergie an Land",0,2017,NA
"3553","ABR957812605278","Windeinheit","SEE919861746494, SEE958141631075, SEE983904502880, SEE930455271109",4,12000,"CEE Windpark Kuhbett","Windenergie an Land",0,2017,NA
"3554","ABR995084041387","Windeinheit","SEE906919293512, SEE980265654647, SEE942939078906, SEE974824461586",4,12000,"CEE Windpark Schwalbach","Windenergie an Land",0,2018,NA
"3555","ABR931048674703","Windeinheit","SEE961073593298, SEE922461723147",2,12000,"Delfshausen","Windenergie an Land",0,2026,NA
"3556","ABR984882476866","Windeinheit","SEE912883437456, SEE978406898302",2,12000,"Diehlo West","Windenergie an Land",0,2027,NA
"3557","ABR926007748472","Windeinheit","SEE928581977521, SEE906552003912, SEE935960399263",3,12000,"Dietrichsfeld","Windenergie an Land",0,2023,NA
"3558","ABR968863143114","Windeinheit","SEE991257547625, SEE952991775880",2,12000,"Dülmen Mitwick","Windenergie an Land",0,2028,NA
"3559","ABR959785025886","Windeinheit","SEE968605967312, SEE973984788557",2,12000,"EE Nordwalde","Windenergie an Land",0,2027,NA
"3560","ABR951808321609","Windeinheit","SEE912102621628, SEE992993145939, SEE973443398723, SEE900736020382, SEE982720313311, SEE969777244621",6,12000,"Eichow","Windenergie an Land",0,2006,NA
"3561","ABR960306157214","Windeinheit","SEE929089857094, SEE923132968133",2,12000,"Ellingen-Krusemark","Windenergie an Land",0,2024,NA
"3562","ABR907192428363","Windeinheit","SEE956111330577, SEE917686649730, SEE947545333241, SEE934283966305",4,12000,"Energiepark Schlei-Ostsee","Windenergie an Land",0,2016,NA
"3563","ABR916449789027","Windeinheit","SEE983399226537, SEE917043026600",2,12000,"Erneuerbare Energie Weißes Venn","Windenergie an Land",0,2028,NA
"3564","ABR975203323204","Windeinheit","SEE931885626217, SEE915283301150",2,12000,"F3 Freiheit","Windenergie an Land",0,2025,NA
"3565","ABR941190092140","Windeinheit","SEE933205868093, SEE975021136116",2,12000,"Fahrenkamp","Windenergie an Land",0,2028,NA
"3566","ABR951762163239","Windeinheit","SEE987270640283, SEE952290914393",2,12000,"Finnentrop-Hesenberg","Windenergie an Land",0,2026,NA
"3567","ABR988247688451","Windeinheit","SEE933414713962, SEE908848290884, SEE936098032800, SEE926639556162, SEE932374595786, SEE983493898159, SEE987944329056, SEE909010791376",8,12000,"GLS Windpark Zodel GmbH ＆ Co. KG","Windenergie an Land",0,2003,NA
"3568","ABR977919126896","Windeinheit","SEE918438994948, SEE989044216748, SEE995033562642, SEE930871584944, SEE933425351320",5,12000,"Gesater Wald","Windenergie an Land",0,2015,NA
"3569","ABR902788064918","Windeinheit","SEE990924820917, SEE914093588423",2,12000,"Gudendorf 2","Windenergie an Land",0,2023,NA
"3570","ABR915403323925","Windeinheit","SEE917289168270, SEE979955430661, SEE989567000022, SEE958837858441, SEE976383939599, SEE985422527512",6,12000,"Hamswehrum/Groothusen","Windenergie an Land",0,2005,NA
"3571","ABR905530396428","Windeinheit","SEE918664830768, SEE946526591427",2,12000,"Hanbünge","Windenergie an Land",0,2028,NA
"3572","ABR989046830744","Windeinheit","SEE928322833482, SEE912173162662",2,12000,"Harsewinkel Greffen","Windenergie an Land",0,2028,NA
"3573","ABR928507208616","Windeinheit","SEE997371066912, SEE987935419643, SEE906656729459, SEE942714279405, SEE946931954411, SEE964921060126, SEE930970284165, SEE947396627728",8,12000,"Heckelberg","Windenergie an Land",0,2005,NA
"3574","ABR989129879585","Windeinheit","SEE968827783141, SEE951868951143, SEE965937686447, SEE977349841147, SEE905996677109, SEE999947295245",6,12000,"Heddinghäuser Bürgerwind","Windenergie an Land",0,2016,NA
"3575","ABR957688592450","Windeinheit","SEE972126054642, SEE926135222264",2,12000,"Heiden-Nordick","Windenergie an Land",0,2026,NA
"3576","ABR926167375389","Windeinheit","SEE997920377575, SEE950970667317, SEE936047853388, SEE970630602311",4,12000,"Heinfelde Pool GbR","Windenergie an Land",0,2017,NA
"3577","ABR922794626511","Windeinheit","SEE981502192687, SEE952601958085, SEE931765026748, SEE942753278537, SEE913616007755, SEE998933820065, SEE960679355095, SEE936761043003",8,12000,"KM Klostermoor","Windenergie an Land",0,1999,NA
"3578","ABR933830725198","Windeinheit","SEE912295755964, SEE976549969484, SEE941282256757, SEE929994667993, SEE959682835144, SEE962898818825",6,12000,"Kaarst - LUKIAN","Windenergie an Land",0,2006,NA
"3579","ABR949880646413","Windeinheit","SEE907886847210, SEE906567266425, SEE955086072680, SEE907077568689",4,12000,"Kambacher Eck","Windenergie an Land",0,2016,NA
"3580","ABR918581342252","Windeinheit","SEE939336524792, SEE950119787975, SEE975811283617, SEE934113634572, SEE912073342195, SEE900128753980",6,12000,"Kauxdorf","Windenergie an Land",0,2006,NA
"3581","ABR929879367550","Windeinheit","SEE991433106820, SEE995864821895, SEE931899840364",3,12000,"Kerken-Poelyck","Windenergie an Land",0,2021,NA
"3582","ABR989393706204","Windeinheit","SEE915096666156, SEE909887135228, SEE953457760358, SEE909370342812, SEE991948692160, SEE973392552603",6,12000,"Lambsborn- Martinshöhe","Windenergie an Land",0,2007,NA
"3583","ABR972047439597","Windeinheit","SEE903778358079, SEE995401103484, SEE973180944689, SEE996893001654, SEE934380216754, SEE938840144489",6,12000,"Lehrte III","Windenergie an Land",0,2009,NA
"3584","ABR901047780521","Windeinheit","SEE938161111443, SEE929059975261",2,12000,"Letter Görd","Windenergie an Land",0,2026,NA
"3585","ABR941190092140","Windeinheit","SEE979305054523, SEE961029759211",2,12000,"Lochtum","Windenergie an Land",0,2029,NA
"3586","ABR969352178259","Windeinheit","SEE993420503896, SEE993206082713, SEE999902202837, SEE956379687857",4,12000,"Lorica Windpark Stegelitz I","Windenergie an Land",0,2009,NA
"3587","ABR979788725729","Windeinheit","SEE926364530963, SEE966412100205",2,12000,"Manrode","Windenergie an Land",0,2027,NA
"3588","ABR982511102919","Windeinheit","SEE932183446583, SEE985134717645",2,12000,"Minfeld R","Windenergie an Land",0,2026,NA
"3589","ABR937120639547","Windeinheit","SEE949772317506, SEE972433449667",2,12000,"MÄ Märkischer Kreis","Windenergie an Land",0,2026,NA
"3590","ABR996271569974","Windeinheit","SEE927012653997, SEE935350021699",2,12000,"Möhnesee-Hewingsen","Windenergie an Land",0,2027,NA
"3591","ABR943046324726","Windeinheit","SEE942298167051, SEE943426540876, SEE962333479505, SEE946328446611",4,12000,"Niederkrüchten","Windenergie an Land",0,2020,NA
"3592","ABR951762163239","Windeinheit","SEE913741050442, SEE945939163702",2,12000,"Olpe","Windenergie an Land",0,2026,NA
"3593","ABR920842199420","Windeinheit","SEE962826340725, SEE909149311575, SEE937251490390, SEE954057928445, SEE939887373290, SEE950647294372",6,12000,"Onshore Windpark Jänschwalde","Windenergie an Land",0,2004,NA
"3594","ABR920310595273","Windeinheit","SEE920845144854, SEE991991672645",2,12000,"Pad-Wind","Windenergie an Land",0,2027,NA
"3595","ABR945274272916","Windeinheit","SEE912973249891, SEE903392627193, SEE974497148890, SEE940940429106, SEE944527860900, SEE988437726178",6,12000,"Prinzhöfte","Windenergie an Land",0,2005,NA
"3596","ABR932446489050","Windeinheit","SEE904072612720, SEE986172805516",2,12000,"Pröbsting Windkraft","Windenergie an Land",0,2025,NA
"3597","ABR997938663868","Windeinheit","SEE913406182600, SEE975157862330, SEE949902022225, SEE999337515885, SEE910147927651",5,12000,"Rippachtal","Windenergie an Land",0,2016,NA
"3598","ABR931066872471","Windeinheit","SEE946197232964, SEE967983876582, SEE998885409684, SEE961906592917, SEE900831369416",5,12000,"SWF","Windenergie an Land",0,2013,NA
"3599","ABR927316890371","Windeinheit","SEE934837674168, SEE962638558004, SEE922230674403, SEE964260035557, SEE972307681544, SEE946629758338, SEE997852488851, SEE952134342900",8,12000,"Schenkendöbern","Windenergie an Land",0,2009,NA
"3600","ABR989393706204","Windeinheit","SEE923036349328, SEE958232714991, SEE949264980508, SEE978143742951, SEE956768945261, SEE980956017584, SEE988874336282, SEE998183401250",8,12000,"Sembten","Windenergie an Land",0,2002,NA
"3601","ABR935911583024","Windeinheit","SEE949677623085, SEE971156547100, SEE965606930956, SEE900660626681, SEE972304502422, SEE967776862020",6,12000,"Sommerland_B","Windenergie an Land",0,2016,NA
"3602","ABR981528566783","Windeinheit","SEE914915190025, SEE992202187415, SEE993381482933, SEE966504774499, SEE920992099779, SEE949050148945",6,12000,"Süd 6, Osterfeld/Stößen","Windenergie an Land",0,2005,NA
"3603","ABR944469474586","Windeinheit","SEE969462522218, SEE966321541045, SEE980839801507, SEE958490452437, SEE968733158682",5,12000,"Trianel Windpark Creußen","Windenergie an Land",0,2017,NA
"3604","ABR902586811769","Windeinheit","SEE904872963091, SEE962611919952, SEE916205560709, SEE991232648699",4,12000,"Vorster Feld","Windenergie an Land",0,2018,NA
"3605","ABR975579775829","Windeinheit","SEE953991516749, SEE916345360016, SEE980048750252, SEE996679652193",4,12000,"Vreden Dömern","Windenergie an Land",0,2017,NA
"3606","ABR989646990305","Windeinheit","SEE927157653487, SEE976217917441",2,12000,"WEA Gilching","Windenergie an Land",0,2028,NA
"3607","ABR923968123621","Windeinheit","SEE968340165011, SEE939358702826",2,12000,"WEA-Homburg-1","Windenergie an Land",0,2027,NA
"3608","ABR913913882260","Windeinheit","SEE961924553785, SEE964821060233",2,12000,"WEA-Nandlstadt","Windenergie an Land",0,2026,NA
"3609","ABR986645205263","Windeinheit","SEE946362161457, SEE941343646022",2,12000,"WP Aitrach","Windenergie an Land",0,2028,NA
"3610","ABR998443179714","Windeinheit","SEE947604071473, SEE965817350604, SEE959051215256, SEE981438138681",4,12000,"WP Altenbruch-Ost","Windenergie an Land",0,2016,NA
"3611","ABR936793791637","Windeinheit","SEE911424010714, SEE938326386419",2,12000,"WP Bad Arolsen Landau","Windenergie an Land",0,2025,NA
"3612","ABR950762795112","Windeinheit","SEE934622314484, SEE930961896766, SEE989351426588, SEE997765358258",4,12000,"WP Düngstrup","Windenergie an Land",0,2016,NA
"3613","ABR942866811850","Windeinheit","SEE942376605802, SEE903849694075",2,12000,"WP Franzburg","Windenergie an Land",0,2024,NA
"3614","ABR918822616838","Windeinheit","SEE955978095087, SEE984012231815",2,12000,"WP Franzburg II","Windenergie an Land",0,2025,NA
"3615","ABR904291516762","Windeinheit","SEE949084948122, SEE927626901217, SEE916298295564, SEE942862383917, SEE910179097469, SEE905892761506",6,12000,"WP Friedland Stadt","Windenergie an Land",0,2009,NA
"3616","ABR906643309022","Windeinheit","SEE928517779991, SEE907191413193, SEE946117799270, SEE971512425608, SEE908731234490, SEE909216562084",6,12000,"WP Friedland Süd","Windenergie an Land",0,2009,NA
"3617","ABR978471583226","Windeinheit","SEE941865743971, SEE930485213711, SEE925487606685, SEE989581724287, SEE908679241475",5,12000,"WP Geisberg","Windenergie an Land",0,2013,NA
"3618","ABR930547373377","Windeinheit","SEE958279464279, SEE930091542298, SEE955890632506, SEE926464900994",4,12000,"WP Greiner Eck","Windenergie an Land",0,2017,NA
"3619","ABR918822616838","Windeinheit","SEE999851190117, SEE955796737008",2,12000,"WP Grünow-Baumgarten II","Windenergie an Land",0,2027,NA
"3620","ABR919574103430","Windeinheit","SEE985238997547, SEE928066392979",2,12000,"WP Hassendorf Rep.","Windenergie an Land",0,2027,NA
"3621","ABR969663747687","Windeinheit","SEE995973848837, SEE991666841253, SEE952005378557, SEE970390264477, SEE961891642086",5,12000,"WP Helbedündorf-Holzthaleben","Windenergie an Land",0,2016,NA
"3622","ABR903729451323","Windeinheit","SEE981895374349, SEE937499566079, SEE913576851771, SEE954088138301, SEE974662008745, SEE967052901610",6,12000,"WP Heynitz","Windenergie an Land",0,2002,NA
"3623","ABR933034811987","Windeinheit","SEE971471457313, SEE939292325389",2,12000,"WP Hildebrandshagen","Windenergie an Land",0,2027,NA
"3624","ABR923828951203","Windeinheit","SEE906310915242, SEE936880931830",2,12000,"WP Hoyerhagen II","Windenergie an Land",0,2027,NA
"3625","ABR959157756356","Windeinheit","SEE904594306749, SEE940141663842, SEE919194565694, SEE924305040533",4,12000,"WP Hünxer Heide","Windenergie an Land",0,2018,NA
"3626","ABR989906971099","Windeinheit","SEE966972026144, SEE948142262170, SEE956924637733, SEE924346424323, SEE952989199148, SEE924281742643",6,12000,"WP Illmersdorf-Hohenseefeld","Windenergie an Land",0,2009,NA
"3627","ABR994841093331","Windeinheit","SEE905492609598, SEE924944876739",2,12000,"WP Kleine Marsch","Windenergie an Land",0,2026,NA
"3628","ABR997369369971","Windeinheit","SEE906056348984, SEE985515260388",2,12000,"WP Knipsberg","Windenergie an Land",0,2028,NA
"3629","ABR935968782746","Windeinheit","SEE991679343485, SEE920996044362, SEE979202557332, SEE991596389870, SEE950637781417, SEE978019285414, SEE920955565198, SEE966721870189, SEE948224047909, SEE946321279186, SEE904220184291, SEE957265039507",12,12000,"WP Kyritz","Windenergie an Land",0,2001,NA
"3630","ABR948070162337","Windeinheit","SEE956294542866, SEE955219561128, SEE903456199734, SEE913509342192",4,12000,"WP Menslage 01 - Herberger Feld","Windenergie an Land",0,2015,NA
"3631","ABR968442379521","Windeinheit","SEE960396208643, SEE907558026165, SEE987755256114, SEE930212034596, SEE948611934171, SEE965883762998",6,12000,"WP Mittelhausen","Windenergie an Land",0,2010,NA
"3632","ABR918822616838","Windeinheit","SEE929664965138, SEE941205581515",2,12000,"WP Neuenfeld","Windenergie an Land",0,2028,NA
"3633","ABR918411334969","Windeinheit","SEE957014451895, SEE938512570615, SEE964957632748, SEE965044308102, SEE985634070387, SEE973382482644",6,12000,"WP Ostermarsch II","Windenergie an Land",0,2005,NA
"3634","ABR990364309096","Windeinheit","SEE933786720797, SEE980183539880, SEE945788468348, SEE950504337358, SEE927185550994, SEE938863797150",6,12000,"WP Osterrade Rep.","Windenergie an Land",0,2015,NA
"3635","ABR999430332785","Windeinheit","SEE923597420573, SEE974797845352",2,12000,"WP Pfaffenhofen","Windenergie an Land",0,2026,NA
"3636","ABR918822616838","Windeinheit","SEE950109156057, SEE906230352721",2,12000,"WP Recknitz","Windenergie an Land",0,2028,NA
"3637","ABR999125960491","Windeinheit","SEE968204692578, SEE977736245053, SEE902010020682, SEE918906895166",4,12000,"WP Rugendorf","Windenergie an Land",0,2021,NA
"3638","ABR959505979512","Windeinheit","SEE929094746918, SEE925081454675, SEE993091877050, SEE941817972855, SEE997567851469, SEE973408387786",6,12000,"WP Schloßvippach","Windenergie an Land",0,2006,NA
"3639","ABR980950148079","Windeinheit","SEE929104551167, SEE943016122680, SEE924112676680",3,12000,"WP Tornow","Windenergie an Land",0,2018,NA
"3640","ABR918822616838","Windeinheit","SEE962352673007, SEE928538671007",2,12000,"WP Trebitz Nord 3","Windenergie an Land",0,2027,NA
"3641","ABR973182099998","Windeinheit","SEE962758257214, SEE964894084877, SEE913844612233, SEE971804721548, SEE927625999642, SEE979778196737, SEE979166855550, SEE915138894318",8,12000,"WP Vogelsberg","Windenergie an Land",0,2005,NA
"3642","ABR950226529109","Windeinheit","SEE966003489450, SEE975726841445, SEE929927549624, SEE939019926004, SEE977413383474",5,12000,"WP Wangelau","Windenergie an Land",0,2014,NA
"3643","ABR941403543803","Windeinheit","SEE906120894829, SEE929240029148, SEE900914136850, SEE985652821701, SEE984239580284, SEE941959017568",6,12000,"WP Wernitz","Windenergie an Land",0,2003,NA
"3644","ABR903277320485","Windeinheit","SEE939864122118, SEE955065786768, SEE997579681412",3,12000,"WP Wipperdorf","Windenergie an Land",0,2017,NA
"3645","ABR929242388182","Windeinheit","SEE998139755697, SEE997871702907, SEE998348960394, SEE955225819695, SEE918738628796, SEE975625503543, SEE963228072115, SEE903675089649",8,12000,"WPLangendorf","Windenergie an Land",0,2001,NA
"3646","ABR993279554995","Windeinheit","SEE958751552647, SEE986674821885, SEE906439849329, SEE940740098496, SEE942212413080, SEE934550401126, SEE940091138346, SEE956352992039",8,12000,"Wilmersdorf","Windenergie an Land",0,2003,NA
"3647","ABR948408775192","Windeinheit","SEE982650824321, SEE936961020439",2,12000,"Windenergie Marbecker Brook","Windenergie an Land",0,2028,NA
"3648","ABR962068604470","Windeinheit","SEE908180821517, SEE951303684445",2,12000,"Windenergie Norderhamme","Windenergie an Land",0,2023,NA
"3649","ABR929025524615","Windeinheit","SEE900393732352, SEE902692528988, SEE904017008908, SEE940217453759, SEE926987854903, SEE906025843380",6,12000,"Windpark Altmark DK","Windenergie an Land",0,2006,NA
"3650","ABR962204627400","Windeinheit","SEE964685011884, SEE924568561905, SEE920042719916, SEE946453142013",4,12000,"Windpark Angeltürn","Windenergie an Land",0,2016,NA
"3651","ABR919287846174","Windeinheit","SEE986153540283, SEE930017442862",2,12000,"Windpark Arborn","Windenergie an Land",0,2028,NA
"3652","ABR948103180543","Windeinheit","SEE986468839461, SEE982843106074",2,12000,"Windpark Arnsberg","Windenergie an Land",0,2027,NA
"3653","ABR992165073053","Windeinheit","SEE977450681816, SEE972915222757, SEE989185313863, SEE951013169225, SEE947089209439",5,12000,"Windpark Bayerischer Odenwald","Windenergie an Land",0,2013,NA
"3654","ABR949952171317","Windeinheit","SEE909937509597, SEE946417933343",2,12000,"Windpark Bitburg Land III","Windenergie an Land",0,2028,NA
"3655","ABR962204627400","Windeinheit","SEE958114625582, SEE940101782682, SEE969184477315, SEE974834647390",4,12000,"Windpark Bobstadt","Windenergie an Land",0,2018,NA
"3656","ABR967597381021","Windeinheit","SEE973085673035, SEE989717388574",2,12000,"Windpark Borchen-Etteln 2","Windenergie an Land",0,2027,NA
"3657","ABR967597381021","Windeinheit","SEE904894683564, SEE929084037194",2,12000,"Windpark Borchen-Etteln Milchweg","Windenergie an Land",0,2024,NA
"3658","ABR991103235737","Windeinheit","SEE989278247341, SEE969017802253",2,12000,"Windpark Brüheim","Windenergie an Land",0,2022,NA
"3659","ABR962978704222","Windeinheit","SEE947268652360, SEE970590140458",2,12000,"Windpark Burgholzhausen II","Windenergie an Land",0,2025,NA
"3660","ABR983552301132","Windeinheit","SEE942156170698, SEE969118872292, SEE946373493769, SEE922428523773",4,12000,"Windpark Börger Ohe 1","Windenergie an Land",0,2016,NA
"3661","ABR994914181484","Windeinheit","SEE912294984716, SEE972563236243, SEE997796828201, SEE908728278704, SEE902376174012, SEE925772737063",6,12000,"Windpark Domnitz","Windenergie an Land",0,2009,NA
"3662","ABR990113855096","Windeinheit","SEE995508783428, SEE941537204755",2,12000,"Windpark Drensteinfurt Ameke Hölter","Windenergie an Land",0,2025,NA
"3663","ABR954118922375","Windeinheit","SEE997512699627, SEE997541930821, SEE934509031404, SEE998960177569, SEE968753961729, SEE953570232305",6,12000,"Windpark Eisenach_II","Windenergie an Land",0,2009,NA
"3664","ABR929025524615","Windeinheit","SEE999932771631, SEE925409004322, SEE946085389558, SEE939803081353, SEE952219571157, SEE946706077628",6,12000,"Windpark Feldmark 1","Windenergie an Land",0,2006,NA
"3665","ABR920797577946","Windeinheit","SEE952538477284, SEE974414020469, SEE902037203792, SEE980535463573",4,12000,"Windpark Finkenbach-Gersweiler GmbH ＆ Co. KG","Windenergie an Land",0,2017,NA
"3666","ABR964434969466","Windeinheit","SEE922481195252, SEE920086200463",2,12000,"Windpark Galmsbüll","Windenergie an Land",0,2028,NA
"3667","ABR994963071859","Windeinheit","SEE931033739745, SEE935358147582, SEE947210307300, SEE951392674006, SEE956959782576",5,12000,"Windpark Gemünden","Windenergie an Land",0,2017,NA
"3668","ABR920920258896","Windeinheit","SEE926651686960, SEE912066409690",2,12000,"Windpark Giershagen","Windenergie an Land",0,2027,NA
"3669","ABR975868592922","Windeinheit","SEE956419363758, SEE971135920542",2,12000,"Windpark Gindorf","Windenergie an Land",0,2025,NA
"3670","ABR979781857922","Windeinheit","SEE956198733124, SEE907525376378, SEE982648237812",3,12000,"Windpark Gribbohm","Windenergie an Land",0,2022,NA
"3671","ABR990113855096","Windeinheit","SEE940880900352, SEE902476797678",2,12000,"Windpark Hamm Isenburg","Windenergie an Land",0,2025,NA
"3672","ABR934700893306","Windeinheit","SEE944353714866, SEE993203565554, SEE900331994422, SEE954210592353, SEE934181325822",5,12000,"Windpark Hamwiede GmbH ＆ Co. KG","Windenergie an Land",0,2015,NA
"3673","ABR983701890043","Windeinheit","SEE998441257834, SEE978102644111, SEE913789088681, SEE902417438158",4,12000,"Windpark Hassenhausen GmbH ＆ Co. KG","Windenergie an Land",0,2017,NA
"3674","ABR929715933925","Windeinheit","SEE944160732923, SEE943866615967",2,12000,"Windpark Hatzenweierer Wald (Ottersweier)","Windenergie an Land",0,2028,NA
"3675","ABR982511102919","Windeinheit","SEE978364136225, SEE922759761585, SEE923899895604, SEE989786167636, SEE966205466143, SEE905389231420, SEE962533414313, SEE921196428662",8,12000,"Windpark Holdenstedt-Bornstedt","Windenergie an Land",0,2006,NA
"3676","ABR922869314558","Windeinheit","SEE991916640506, SEE923513221741, SEE968852355627, SEE972812900192",4,12000,"Windpark Hornberg - St. Alban","Windenergie an Land",0,2018,NA
"3677","ABR929821174595","Windeinheit","SEE905282393263, SEE979576558782, SEE972284606479, SEE941926176717",4,12000,"Windpark Kalbeck","Windenergie an Land",0,2017,NA
"3678","ABR954118922375","Windeinheit","SEE915001072218, SEE960409305949, SEE969480936554, SEE997519331964, SEE913447612449, SEE948631332988",6,12000,"Windpark Kemberg_II","Windenergie an Land",0,2012,NA
"3679","ABR937849202787","Windeinheit","SEE908637168554, SEE986069120593, SEE905662942692, SEE919658094340, SEE979432001261",5,12000,"Windpark Külsheim","Windenergie an Land",0,2016,NA
"3680","ABR960208454985","Windeinheit","SEE945236433591, SEE993952300734, SEE975773854993, SEE967553127298, SEE945774958051, SEE967733843192",6,12000,"Windpark Langenrieth","Windenergie an Land",0,2006,NA
"3681","ABR934180856952","Windeinheit","SEE935487110259, SEE927349849445",2,12000,"Windpark Lehmden-Liethe","Windenergie an Land",0,2027,NA
"3682","ABR964793413389","Windeinheit","SEE954401670686, SEE908987021523, SEE958468403812, SEE927473969231, SEE974941457905",5,12000,"Windpark Lindenberg GmbH ＆ Co. KG","Windenergie an Land",0,2014,NA
"3683","ABR995118483381","Windeinheit","SEE966961322448, SEE958954093077",2,12000,"Windpark Lochtum","Windenergie an Land",0,2028,NA
"3684","ABR970480654287","Windeinheit","SEE940274422552, SEE971738182576, SEE970350588568, SEE908264963522, SEE993028809635",5,12000,"Windpark Lonnerstadt","Windenergie an Land",0,2015,NA
"3685","ABR988317434223","Windeinheit","SEE982462257454, SEE911333476632",2,12000,"Windpark Markt Taschendorf 2","Windenergie an Land",0,2022,NA
"3686","ABR924674808260","Windeinheit","SEE924638860396, SEE975753469551, SEE998079166430, SEE968369238147, SEE992964040393, SEE949710155146",6,12000,"Windpark Mildenberg","Windenergie an Land",0,2003,NA
"3687","ABR977848108031","Windeinheit","SEE946850973937, SEE934240793678, SEE972564806599, SEE939965819603, SEE967839813679, SEE989539524341",6,12000,"Windpark Mücklingen","Windenergie an Land",0,2003,NA
"3688","ABR915861801041","Windeinheit","SEE914046330574, SEE922255214806, SEE980870170655, SEE978957422254, SEE927283836686, SEE907809514830, SEE978707104584, SEE993871044498",8,12000,"Windpark Nielebock","Windenergie an Land",0,2003,NA
"3689","ABR904872495769","Windeinheit","SEE959705430813, SEE911339927480",2,12000,"Windpark Oberperl","Windenergie an Land",0,2026,NA
"3690","ABR927713344835","Windeinheit","SEE931549035393, SEE907348154474, SEE993148789701, SEE952547723884, SEE903987125967, SEE974168499450",6,12000,"Windpark Oldenswort Moordeich","Windenergie an Land",0,2001,NA
"3691","ABR995854597113","Windeinheit","SEE963069670112, SEE949992861506, SEE945275112877, SEE945840832025, SEE902967609183",5,12000,"Windpark Pamsendorf","Windenergie an Land",0,2016,NA
"3692","ABR914391589023","Windeinheit","SEE928606182503, SEE993788960164",2,12000,"Windpark Pülfringen","Windenergie an Land",0,2025,NA
"3693","ABR931048674703","Windeinheit","SEE963690764389, SEE907346709805",2,12000,"Windpark Rastede (Liethe)","Windenergie an Land",0,2026,NA
"3694","ABR931048674703","Windeinheit","SEE954456875630, SEE953103294824",2,12000,"Windpark Rastede (Wapeldorf Süd)","Windenergie an Land",0,2026,NA
"3695","ABR905684364915","Windeinheit","SEE970413496021, SEE903262736239, SEE981889946699, SEE966108539562, SEE956367318107, SEE914154029001",6,12000,"Windpark Reinstedt","Windenergie an Land",0,2010,NA
"3696","ABR953599852232","Windeinheit","SEE978980812312, SEE907734864895, SEE988568703048, SEE949396101635",4,12000,"Windpark Rohrenkopf","Windenergie an Land",0,2016,NA
"3697","ABR987923915904","Windeinheit","SEE914949404013, SEE981041141047",2,12000,"Windpark Rommerskirchen-Süd","Windenergie an Land",0,2026,NA
"3698","ABR960208454985","Windeinheit","SEE922610860266, SEE931818100494, SEE940851939510, SEE961231392121, SEE901640200433, SEE945604931421, SEE976378310426, SEE930007654190",8,12000,"Windpark Rosenthal","Windenergie an Land",0,2003,NA
"3699","ABR995871856262","Windeinheit","SEE947446073666, SEE974114100119",2,12000,"Windpark Scheppacher Forst","Windenergie an Land",0,2027,NA
"3700","ABR951537490805","Windeinheit","SEE918823999275, SEE992392873303, SEE973177394947, SEE973125484201, SEE910733344824, SEE962931930934, SEE946638529684, SEE937022124219",8,12000,"Windpark Schirl","Windenergie an Land",0,2002,NA
"3701","ABR970477594657","Windeinheit","SEE903153913466, SEE940701354326, SEE976877777270, SEE930561854272, SEE917180000464, SEE964690154231",6,12000,"Windpark Schmohlhöhe","Windenergie an Land",0,2012,NA
"3702","ABR950137302815","Windeinheit","SEE934698104804, SEE991560622286",2,12000,"Windpark Schnarup-Thumby","Windenergie an Land",0,2025,NA
"3703","ABR970062282792","Windeinheit","SEE915577857578, SEE931608690983, SEE913807781822, SEE924338319385, SEE934589255929, SEE947008843195",6,12000,"Windpark Schneverdingen","Windenergie an Land",0,2015,NA
"3704","ABR949774759199","Windeinheit","SEE950405426359, SEE962291653542, SEE990716110462, SEE904674612623, SEE957579557544, SEE975477199475",6,12000,"Windpark Schwanebeck Betriebs GmbH ＆ Co. KG","Windenergie an Land",0,2011,NA
"3705","ABR969490856033","Windeinheit","SEE904429617774, SEE979154551426, SEE991083474102, SEE982842564981, SEE961913821925, SEE999017275450, SEE960847687256, SEE975817497759",8,12000,"Windpark Staffelstein","Windenergie an Land",0,2001,NA
"3706","ABR994319947715","Windeinheit","SEE904107005909, SEE958801144051",2,12000,"Windpark Teufelsberg","Windenergie an Land",0,2027,NA
"3707","ABR973146451824","Windeinheit","SEE988348756721, SEE956442217004, SEE904226071540, SEE989895179339, SEE962350315534",5,12000,"Windpark Velburg","Windenergie an Land",0,2015,NA
"3708","ABR984331109840","Windeinheit","SEE943794630438, SEE908251592698, SEE984605459114, SEE952731866373, SEE960403518550",5,12000,"Windpark Weißer Turm Nord","Windenergie an Land",0,2022,NA
"3709","ABR981441259250","Windeinheit","SEE944102066390, SEE933612261593, SEE900464670330, SEE907863768354, SEE990988007781",5,12000,"Windpark Weißer Turm Süd","Windenergie an Land",0,2022,NA
"3710","ABR981525548720","Windeinheit","SEE989742808023, SEE940238920926, SEE967235671934, SEE944600337169, SEE939341049204, SEE990206496625",6,12000,"Windpark Wilsickow II","Windenergie an Land",0,2006,NA
"3711","ABR918644474487","Windeinheit","SEE961370267793, SEE934721381837",2,12000,"Windpark Wirmighausen","Windenergie an Land",0,2026,NA
"3712","ABR941718048055","Windeinheit","SEE978682825221, SEE990221569601",2,12000,"Windpark kleiner Roßkopf","Windenergie an Land",0,2028,NA
"3713","ABR911321440812","Windeinheit","SEE909823311457, SEE930925208840, SEE914680951692, SEE992000182421",4,12000,"Windpark Östliches Herberger Feld GmbH ＆ Co. KG","Windenergie an Land",0,2019,NA
"3714","ABR922386489920","Windeinheit","SEE991578097199, SEE921826191669, SEE942379726191, SEE901320136229, SEE964404662366, SEE920274792114",6,12000,"Winterspelt","Windenergie an Land",0,2007,NA
"3715","ABR909052757705","Windeinheit","SEE942090532477, SEE949484204897, SEE962105148592, SEE951071525124, SEE904435873652, SEE905127426729",6,12000,"Zweite Windpark Abens-Nord GmbH＆ Co. KG","Windenergie an Land",0,2005,NA
"3716","ABR974043200065","Windeinheit","SEE907408861816, SEE947448469320, SEE996410603569, SEE904682921380",4,11960,"Koselauer Windenergie GmbH ＆ Co. KG","Windenergie an Land",0,2021,NA
"3717","ABR929653060684","Windeinheit","SEE928278560678, SEE983892691764, SEE965713722420, SEE905332712594, SEE991913101048, SEE937711906904, SEE980796532506",7,11900,"Bürger-Windpark-Westfehmarn GmbH ＆ Co. KG","Windenergie an Land",0,2000,NA
"3718","ABR927933456332","Windeinheit","SEE911596131057, SEE953548683580, SEE939712610460, SEE901888150118",4,11880,"WP Neudorf III","Windenergie an Land",0,2016,NA
"3719","ABR915979327389","Windeinheit","SEE941671791005, SEE903552338884, SEE981656968138",3,11870,"Windpark Ravelsberg","Windenergie an Land",0,2000,NA
"3720","ABR908421096025","Windeinheit","SEE907135146644, SEE918707478421, SEE912595001075, SEE987528700400, SEE914540646737, SEE924673971361, SEE912384499212, SEE931263517526, SEE968769300178",9,11850,"Windpark Echtrop","Windenergie an Land",0,2000,NA
"3721","ABR933776283783","Windeinheit","SEE906773779832, SEE948909010440",2,11800,"Frehne Nord Repowering","Windenergie an Land",0,2028,NA
"3722","ABR972136789398","Windeinheit","SEE971392452572, SEE975091748400, SEE931861592291, SEE969290611870, SEE959060000690, SEE943425637652, SEE959226410653, SEE927047215993",8,11800,"Windpark Lampaden","Windenergie an Land",0,1999,NA
"3723","ABR933661740698","Windeinheit","SEE968976041420, SEE993570452624",2,11800,"Windpark Lirstal","Windenergie an Land",0,2026,NA
"3724","ABR953438935560","Windeinheit","SEE946976065875, SEE942894490447, SEE924228811401, SEE933686094349, SEE941217986087",5,11750,"Bürgerwindpark Denkendorf","Windenergie an Land",0,2013,NA
"3725","ABR964044345582","Windeinheit","SEE963421777800, SEE941345861164, SEE942265793061, SEE983471792561, SEE949103704111",5,11750,"Bürgerwindpark Norddeich GmbH ＆ Co. KG","Windenergie an Land",0,2015,NA
"3726","ABR983110619303","Windeinheit","SEE999228365452, SEE966585998227, SEE904677088531, SEE926086745010, SEE988914989133",5,11750,"PAV Eidelweg II","Windenergie an Land",0,2017,NA
"3727","ABR987101166937","Windeinheit","SEE908086838367, SEE985561116752, SEE926966665483, SEE981799532012, SEE916153193301",5,11750,"Windpark Düste 2","Windenergie an Land",0,2018,NA
"3728","ABR960820635427","Windeinheit","SEE978859908559, SEE903108660216, SEE923734491879, SEE953122821926, SEE930029111169",5,11750,"Windpark Sandbostel","Windenergie an Land",0,2015,NA
"3729","ABR922493976986","Windeinheit","SEE975637260540, SEE924351019002, SEE996674812974, SEE947588270947, SEE928497558517",5,11750,"Windpark_Engelschoff","Windenergie an Land",0,2017,NA
"3730","ABR952469530485","Windeinheit","SEE909068175647, SEE984030757366, SEE936556795810, SEE942049204981, SEE929780257605",5,11700,"CEE Windpark Sylda","Windenergie an Land",0,2015,NA
"3731","ABR927900758889","Windeinheit","SEE901931856097, SEE922653820234, SEE962902058216, SEE974108331161",4,11700,"Hartenfelser Kopf","Windenergie an Land",0,2006,NA
"3732","ABR971158985009","Windeinheit","SEE998737801215, SEE968993999636, SEE944317585587",3,11700,"WP Evendorf 3","Windenergie an Land",0,2022,NA
"3733","ABR910371071786","Windeinheit","SEE940752620685, SEE952264622996, SEE934996806301, SEE933125165753, SEE995268756960, SEE990146578672, SEE953371966614, SEE970071611989, SEE995568888248",9,11700,"WP Mangelsdorf","Windenergie an Land",0,2002,NA
"3734","ABR902187640386","Windeinheit","SEE960183350036, SEE913947729838, SEE957512199749, SEE928717866279, SEE964745175983",5,11660,"WP Kronprinzenkoog","Windenergie an Land",0,2005,NA
"3735","ABR970395943421","Windeinheit","SEE922817082089, SEE957424313943, SEE971820629262, SEE928840748879, SEE940774824832",5,11650,"Windpark Baaler Bruch","Windenergie an Land",0,2017,NA
"3736","ABR940794673649","Windeinheit","SEE963355107117, SEE978738034287, SEE946164437910, SEE960926884330, SEE997631944240, SEE904083486693, SEE967564730104, SEE922754607116, SEE910452753747, SEE948741061945, SEE912978694320, SEE963493108281",12,11600,"Billertshausen","Windenergie an Land",0,1998,NA
"3737","ABR932305592365","Windeinheit","SEE967935305559, SEE908880482926",2,11600,"Büren - Haabusch","Windenergie an Land",0,2024,NA
"3738","ABR909054335185","Windeinheit","SEE949311077083, SEE943845203666",2,11600,"Ihn","Windenergie an Land",0,2027,NA
"3739","ABR996515508547","Windeinheit","SEE975343214073, SEE921070297308, SEE941205230444, SEE942123729461, SEE915177947143, SEE974749761167, SEE949338093806",7,11600,"Windkraftwerk Meckel-Gilzem","Windenergie an Land",0,2005,NA
"3740","ABR915593029508","Windeinheit","SEE916913798777, SEE960428116489",2,11600,"Windpark Auras Süd III","Windenergie an Land",0,2022,NA
"3741","ABR956146318410","Windeinheit","SEE914293253503, SEE953467324885",2,11600,"Windpark Travenhorst","Windenergie an Land",0,2026,NA
"3742","ABR911222671759","Windeinheit","SEE948006865134, SEE931062019115",2,11560,"Bürgerwind Nordwalde","Windenergie an Land",0,2026,NA
"3743","ABR906239801992","Windeinheit","SEE911068318894, SEE969977947759",2,11560,"Erxlebener Windenergie GmbH ＆ Co.KG","Windenergie an Land",0,2025,NA
"3744","ABR904116843684","Windeinheit","SEE905811300939, SEE929244489948",2,11560,"Naturenergie Leutershausen","Windenergie an Land",0,2028,NA
"3745","ABR998288295426","Windeinheit","SEE915683897178, SEE961140640443",2,11560,"Repowering WEA","Windenergie an Land",0,2028,NA
"3746","ABR998720610329","Windeinheit","SEE902686141414, SEE960546950439",2,11560,"WP Trogen 3","Windenergie an Land",0,2029,NA
"3747","ABR919557779065","Windeinheit","SEE962430550091, SEE957973867300",2,11560,"Warendorf-Flintrup","Windenergie an Land",0,2028,NA
"3748","ABR951181014105","Windeinheit","SEE905738591977, SEE970664025803",2,11560,"Windpark Etteln Ost","Windenergie an Land",0,2028,NA
"3749","ABR957363436857","Windeinheit","SEE919092052661, SEE958181102764",2,11560,"Windpark FL","Windenergie an Land",0,2027,NA
"3750","ABR909200199135","Windeinheit","SEE969460524856, SEE993422660436, SEE931860706682, SEE945230503955, SEE901753796595",5,11550,"4305","Windenergie an Land",0,2011,NA
"3751","ABR997467918330","Windeinheit","SEE977997763976, SEE951991390321, SEE985422908014, SEE934428458962, SEE955241841724",5,11500,"Berne","Windenergie an Land",0,2015,NA
"3752","ABR906102619877","Windeinheit","SEE913626525898, SEE906635930166, SEE986795623726, SEE901503025425, SEE999382253862",5,11500,"Berrenrather Börde","Windenergie an Land",0,2025,NA
"3753","ABR985399224117","Windeinheit","SEE947549095954, SEE967915779059, SEE965137818075, SEE969549904814, SEE948117680435",5,11500,"Huntorf","Windenergie an Land",0,2006,NA
"3754","ABR985735550931","Windeinheit","SEE924574238686, SEE950506633434, SEE916871665166, SEE956409261576, SEE973335281201",5,11500,"Lorica Windpark Wenddorf","Windenergie an Land",0,2013,NA
"3755","ABR977464387957","Windeinheit","SEE904940990042, SEE951272433051, SEE964469067373, SEE915471578838, SEE927648305666",5,11500,"Marner Neuenkoogsdeich Erweiterung","Windenergie an Land",0,2015,NA
"3756","ABR952707352190","Windeinheit","SEE965989298032, SEE987770934080, SEE929463148121, SEE905673727295, SEE915101652372",5,11500,"NeNo","Windenergie an Land",0,2010,NA
"3757","ABR938282040684","Windeinheit","SEE979202407804, SEE967828882006, SEE921612932971, SEE989840755885, SEE909410619614",5,11500,"Okeler Bruch","Windenergie an Land",0,2005,NA
"3758","ABR960349894985","Windeinheit","SEE932817315957, SEE938988174539, SEE906814510394, SEE998587231705, SEE975401393627",5,11500,"Utgast IV","Windenergie an Land",0,2009,NA
"3759","ABR904691528099","Windeinheit","SEE914839753016, SEE961268745945, SEE986625171120, SEE918723394828, SEE933812563596",5,11500,"WP Büttler Balje","Windenergie an Land",0,2014,NA
"3760","ABR906592466708","Windeinheit","SEE918681366264, SEE962902816649, SEE904108661487, SEE949258833353, SEE942456309101",5,11500,"WP Fohren-Linden/Eckersweiler","Windenergie an Land",0,2006,NA
"3761","ABR964562369862","Windeinheit","SEE987991071892, SEE970451582045, SEE907049559004, SEE958142364040, SEE954190206547",5,11500,"WP Goch/Uedem/Bedburg-Hau","Windenergie an Land",0,2015,NA
"3762","ABR953703973358","Windeinheit","SEE914310743970, SEE900115838133, SEE990555207002, SEE980443125631, SEE910763562151",5,11500,"WP Mahndorf","Windenergie an Land",0,2011,NA
"3763","ABR978600495574","Windeinheit","SEE918882678548, SEE911482512373, SEE968294969659, SEE986863692463, SEE937412269216",5,11500,"WP Ohlendorf","Windenergie an Land",0,2009,NA
"3764","ABR906065001184","Windeinheit","SEE980647445153, SEE946932489677, SEE941411852928, SEE944068253476, SEE987351780723",5,11500,"WP Osterbruch","Windenergie an Land",0,2023,NA
"3765","ABR915203006998","Windeinheit","SEE985205748028, SEE937778322860, SEE963440004918, SEE928374435955, SEE929016889372",5,11500,"WP Wiesmoor","Windenergie an Land",0,2011,NA
"3766","ABR943911488447","Windeinheit","SEE976385884682, SEE927650110159, SEE957084778076, SEE953430811374, SEE979502244925",5,11500,"WP Wörrstadt-Ost","Windenergie an Land",0,2011,NA
"3767","ABR922734500260","Windeinheit","SEE987495987002, SEE927583157849, SEE999328619189, SEE961753449372, SEE918418866920",5,11500,"Wildberg","Windenergie an Land",0,2014,NA
"3768","ABR993545350320","Windeinheit","SEE998676303979, SEE951629980757, SEE988530325971, SEE969355318218, SEE907447119060",5,11500,"Windpark Ahlen","Windenergie an Land",0,2011,NA
"3769","ABR916104834604","Windeinheit","SEE996456624146, SEE966986909938, SEE984748935810, SEE973757300436, SEE957728536925",5,11500,"Windpark Burlage","Windenergie an Land",0,2017,NA
"3770","ABR931357329486","Windeinheit","SEE937727189407, SEE980429814900, SEE975587551378, SEE965410510627, SEE915438587156",5,11500,"Windpark Dammfleth-Hochfeld","Windenergie an Land",0,2014,NA
"3771","ABR907319614181","Windeinheit","SEE952270744088, SEE938784562967, SEE905307889856, SEE990488468815, SEE985752524946",5,11500,"Windpark Donstorf-Schierholz","Windenergie an Land",0,2011,NA
"3772","ABR966462543335","Windeinheit","SEE929522141100, SEE977489343099, SEE901511799486, SEE914178537964, SEE906102359469",5,11500,"Windpark Hohenroden","Windenergie an Land",0,2013,NA
"3773","ABR961578176262","Windeinheit","SEE923434940646, SEE982068300035, SEE991665513861, SEE914008426567, SEE977839528220",5,11500,"Windpark Schonungen","Windenergie an Land",0,2012,NA
"3774","ABR912325032409","Windeinheit","SEE906521089664, SEE905193289174, SEE995589535718, SEE902957000761, SEE999662233027",5,11500,"Windpark Töpen","Windenergie an Land",0,2013,NA
"3775","ABR967399122167","Windeinheit","SEE960958276820, SEE928526918886, SEE946578228432, SEE956414490114, SEE960389022072, SEE908226230662",6,11500,"Windpark Weiersbach","Windenergie an Land",0,2003,NA
"3776","ABR979528449571","Windeinheit","SEE919385887468, SEE949316829847, SEE996663051780, SEE948913363976, SEE910451377036",5,11500,"Windpark Zieger","Windenergie an Land",0,2011,NA
"3777","ABR926689737085","Windeinheit","SEE921098482847, SEE994751258707, SEE961216614279, SEE901597986657",4,11475,"Infrastruktur Broderstorf GbR","Windenergie an Land",0,2013,NA
"3778","ABR973009267456","Windeinheit","SEE974230938528, SEE973086801536, SEE906200606847, SEE925240799906, SEE950441495906",5,11460,"WEA 03","Windenergie an Land",0,1996,NA
"3779","ABR957659462591","Windeinheit","SEE904157234625, SEE955364434544, SEE957010113384, SEE962237104886",4,11450,"WEA Emden","Windenergie an Land",0,2014,NA
"3780","ABR924324834540","Windeinheit","SEE951934241291, SEE964244041253, SEE960940702238",3,11450,"WP Freren","Windenergie an Land",0,2018,NA
"3781","ABR915869018427","Windeinheit","SEE949434099412, SEE936896408722",2,11400,"ABO Energy WP Eslohe-Murenberg","Windenergie an Land",0,2028,NA
"3782","ABR988836963945","Windeinheit","SEE993154987078, SEE911082930522",2,11400,"ABO Energy WP Schälker Heide Schwerte","Windenergie an Land",0,2026,NA
"3783","ABR967609294042","Windeinheit","SEE977947930793, SEE940122087063",2,11400,"ABO Energy WP Weselberg Repowering","Windenergie an Land",0,2028,NA
"3784","ABR968691482379","Windeinheit","SEE965369501295, SEE968029316048",2,11400,"ABO Wind WP Roth","Windenergie an Land",0,2026,NA
"3785","ABR979676019770","Windeinheit","SEE947159858062, SEE919877724424",2,11400,"BWO Bürgerwindpark Oldenborstel GmbH ＆Co.KG","Windenergie an Land",0,2024,NA
"3786","ABR916019984036","Windeinheit","SEE939499952111, SEE969943487647",2,11400,"Boizenburg","Windenergie an Land",0,2030,NA
"3787","ABR922960697246","Windeinheit","SEE964892721811, SEE955787223671",2,11400,"Brakel-Bellersen","Windenergie an Land",0,2027,NA
"3788","ABR929739338553","Windeinheit","SEE992982422300, SEE998833929769",2,11400,"CEE Energiepark Gielert","Windenergie an Land",0,2022,NA
"3789","ABR940428972131","Windeinheit","SEE954620401429, SEE935005151078",2,11400,"Gollmitz Repowering","Windenergie an Land",0,2025,NA
"3790","ABR945373564820","Windeinheit","SEE936800860943, SEE935412511021",2,11400,"Heiligengrabe-Wittstock","Windenergie an Land",0,2028,NA
"3791","ABR921520556436","Windeinheit","SEE997164107327, SEE975560711874",2,11400,"Kerkow-Welsow","Windenergie an Land",0,2023,NA
"3792","ABR912820961075","Windeinheit","SEE914120580055, SEE980798369285",2,11400,"Loehrheide Nord","Windenergie an Land",0,2024,NA
"3793","ABR966087641737","Windeinheit","SEE965581908261, SEE953226614691",2,11400,"Neukünkendorf","Windenergie an Land",0,2027,NA
"3794","ABR947843591473","Windeinheit","SEE998747620936, SEE990911890732",2,11400,"Salingen II","Windenergie an Land",0,2027,NA
"3795","ABR960962125510","Windeinheit","SEE923335246571, SEE945168113479",2,11400,"Stepratherheide","Windenergie an Land",0,2024,NA
"3796","ABR949047373411","Windeinheit","SEE933067622260, SEE928542459097",2,11400,"StwBo:  WP Schälker Heide","Windenergie an Land",0,2025,NA
"3797","ABR963287650248","Windeinheit","SEE972036157600, SEE948567326013",2,11400,"Thumby Dörphof","Windenergie an Land",0,2026,NA
"3798","ABR908873363836","Windeinheit","SEE977843993984, SEE998720279519",2,11400,"Trianel Windpark Karthaus","Windenergie an Land",0,2026,NA
"3799","ABR942093863486","Windeinheit","SEE987497729389, SEE961669466470",2,11400,"Trianel Windpark Limbergen","Windenergie an Land",0,2026,NA
"3800","ABR952761597872","Windeinheit","SEE906237687741, SEE982299416406",2,11400,"VSB Windpark Flintbek","Windenergie an Land",0,2025,NA
"3801","ABR969187324906","Windeinheit","SEE975889647717, SEE998092194304, SEE928692781840, SEE971005691992",4,11400,"WP Appeln","Windenergie an Land",0,2015,NA
"3802","ABR974422971418","Windeinheit","SEE990359315729, SEE995794948280",2,11400,"WP Baalberge 3","Windenergie an Land",0,2026,NA
"3803","ABR963729328933","Windeinheit","SEE990725483991, SEE998439545189",2,11400,"WP Baesweiler II","Windenergie an Land",0,2026,NA
"3804","ABR949368057854","Windeinheit","SEE964359628233, SEE958976269306",2,11400,"WP Bartelsdorf Erweiterung","Windenergie an Land",0,2023,NA
"3805","ABR965292038370","Windeinheit","SEE932520114823, SEE983298948783",2,11400,"WP Beverloh","Windenergie an Land",0,2026,NA
"3806","ABR995266983832","Windeinheit","SEE984034322805, SEE912620566593",2,11400,"WP Brachelen III","Windenergie an Land",0,2026,NA
"3807","ABR915519230735","Windeinheit","SEE908018446950, SEE968989662681",2,11400,"WP Datteln","Windenergie an Land",0,2024,NA
"3808","ABR922308687090","Windeinheit","SEE965454978018, SEE967220190976",2,11400,"WP Etschberg","Windenergie an Land",0,2026,NA
"3809","ABR976049890431","Windeinheit","SEE980844985452, SEE979371983222",2,11400,"WP Fischbachhöhe II","Windenergie an Land",0,2027,NA
"3810","ABR912377580545","Windeinheit","SEE943058027653, SEE974701728719",2,11400,"WP Herbsleben-Dachwig","Windenergie an Land",0,2025,NA
"3811","ABR976049890431","Windeinheit","SEE929642985783, SEE934841801642",2,11400,"WP Kerpen","Windenergie an Land",0,2028,NA
"3812","ABR927397646904","Windeinheit","SEE976623535888, SEE909487521582",2,11400,"WP Lövenich-Linnich","Windenergie an Land",0,2026,NA
"3813","ABR990883702354","Windeinheit","SEE913089258753, SEE989868198497",2,11400,"WP Regesbostel","Windenergie an Land",0,2024,NA
"3814","ABR916115096862","Windeinheit","SEE986645676148, SEE932024973834",2,11400,"WP Repowering Elisenhof","Windenergie an Land",0,2023,NA
"3815","ABR938872060207","Windeinheit","SEE933324796543, SEE998632231209",2,11400,"WP Sinningen","Windenergie an Land",0,2027,NA
"3816","ABR912429503362","Windeinheit","SEE978067084229, SEE989870824315",2,11400,"WP Viersen Dülken","Windenergie an Land",0,2027,NA
"3817","ABR947989635789","Windeinheit","SEE947181591555, SEE913702883607",2,11400,"WP Wiemersdorf Rep.","Windenergie an Land",0,2024,NA
"3818","ABR994222513205","Windeinheit","SEE936181207221, SEE968998518504",2,11400,"WP Willich Dickerheide","Windenergie an Land",0,2026,NA
"3819","ABR951284051649","Windeinheit","SEE905422651260, SEE944401083814",2,11400,"WPGEL","Windenergie an Land",0,2025,NA
"3820","ABR976653511913","Windeinheit","SEE943088798080, SEE983851364364",2,11400,"WPON","Windenergie an Land",0,2026,NA
"3821","ABR941232637162","Windeinheit","SEE920934394047, SEE985889937763",2,11400,"Waldfeucht Repowering Obspringen","Windenergie an Land",0,2023,NA
"3822","ABR972735064353","Windeinheit","SEE995188393511, SEE952663805556, SEE989345503998, SEE925090802955, SEE942028860382, SEE967112522120, SEE969115843172, SEE953830196644, SEE903076453148, SEE986935390549, SEE977542042358, SEE984002317284, SEE981058330731, SEE983207976456, SEE986819925232, SEE984053421763, SEE912898488849, SEE981394749686, SEE941567099994",19,11400,"Wernikow","Windenergie an Land",0,2001,NA
"3823","ABR916109778477","Windeinheit","SEE983509600370, SEE917480552885",2,11400,"Windex","Windenergie an Land",0,2028,NA
"3824","ABR944401108647","Windeinheit","SEE925020155458, SEE963893127103",2,11400,"Windpark Beiersdorf-Freudenberg","Windenergie an Land",0,2026,NA
"3825","ABR939798777071","Windeinheit","SEE910651781770, SEE926099556160",2,11400,"Windpark Boscherhausen","Windenergie an Land",0,2026,NA
"3826","ABR998176588258","Windeinheit","SEE928653678516, SEE981704140875",2,11400,"Windpark Bützow","Windenergie an Land",0,2023,NA
"3827","ABR961323222848","Windeinheit","SEE916391676178, SEE999235708112",2,11400,"Windpark Carinerland West","Windenergie an Land",0,2023,NA
"3828","ABR980220634028","Windeinheit","SEE949108060106, SEE919143842555",2,11400,"Windpark Dahle","Windenergie an Land",0,2022,NA
"3829","ABR933568210331","Windeinheit","SEE909238061244, SEE964599368708",2,11400,"Windpark Elsdorf III","Windenergie an Land",0,2024,NA
"3830","ABR973785508064","Windeinheit","SEE941925942443, SEE930630553471",2,11400,"Windpark Eulendorf","Windenergie an Land",0,2028,NA
"3831","ABR976049890431","Windeinheit","SEE993728335830, SEE975768912707",2,11400,"Windpark Fischbachhöhe II","Windenergie an Land",0,2027,NA
"3832","ABR998685791385","Windeinheit","SEE991456740414, SEE993966486356",2,11400,"Windpark Freudenberg Süd","Windenergie an Land",0,2023,NA
"3833","ABR919271778368","Windeinheit","SEE926650236579, SEE944168717427",2,11400,"Windpark Hassenhausen 2","Windenergie an Land",0,2028,NA
"3834","ABR916528300686","Windeinheit","SEE980448667198, SEE986253747506",2,11400,"Windpark Heckelberg-Brunow III","Windenergie an Land",0,2026,NA
"3835","ABR957592018503","Windeinheit","SEE957289625878, SEE903408872494",2,11400,"Windpark Heikendorf GmbH ＆ Co. KG","Windenergie an Land",0,2027,NA
"3836","ABR959300048420","Windeinheit","SEE966650114491, SEE948690030528",2,11400,"Windpark Heringen-Philippsthal","Windenergie an Land",0,2023,NA
"3837","ABR956846705190","Windeinheit","SEE973966168018, SEE927399003873",2,11400,"Windpark Nortorf","Windenergie an Land",0,2025,NA
"3838","ABR957752525063","Windeinheit","SEE967067242593, SEE914097310099",2,11400,"Windpark Osdorf","Windenergie an Land",0,2025,NA
"3839","ABR957595102087","Windeinheit","SEE995584869405, SEE912739616837",2,11400,"Windpark Prüm Air Station GmbH ＆ Co. KG","Windenergie an Land",0,2024,NA
"3840","ABR930204557706","Windeinheit","SEE903575442322, SEE914060585462",2,11400,"Windpark Prüm GmbH ＆ Co. KG","Windenergie an Land",0,2025,NA
"3841","ABR998802658249","Windeinheit","SEE931840121979, SEE923953428854",2,11400,"Windpark Rote Erde","Windenergie an Land",0,2025,NA
"3842","ABR954328798623","Windeinheit","SEE964615789876, SEE928229760614",2,11400,"Windpark Santow","Windenergie an Land",0,2021,NA
"3843","ABR905703903613","Windeinheit","SEE930726754454, SEE984518497708",2,11400,"Windpark Viersen Dülken","Windenergie an Land",0,2027,NA
"3844","ABR997370552171","Windeinheit","SEE952286222044, SEE944728793595",2,11400,"Windpark Vietlübbe-Kreien II","Windenergie an Land",0,2025,NA
"3845","ABR941232637162","Windeinheit","SEE912029738201, SEE918876449444",2,11400,"Windpark Waldfeucht Bocket West","Windenergie an Land",0,2023,NA
"3846","ABR986645205263","Windeinheit","SEE911954494343, SEE991665569042",2,11400,"Windpark Wiemerstedt","Windenergie an Land",0,2024,NA
"3847","ABR900309908611","Windeinheit","SEE922789977635, SEE984536104558, SEE963203502361, SEE959147973305",4,11350,"Beckum Wersewind","Windenergie an Land",0,2017,NA
"3848","ABR991212138783","Windeinheit","SEE932325260794, SEE947852209253, SEE943371395392, SEE904849029829",4,11350,"HeideWind","Windenergie an Land",0,2014,NA
"3849","ABR986044738881","Windeinheit","SEE909184690017, SEE908910146927, SEE968021473978, SEE971790023596",4,11310,"Boppard","Windenergie an Land",0,2023,NA
"3850","ABR915861801041","Windeinheit","SEE921225574544, SEE901270384848, SEE944692004154, SEE997853874189, SEE955403168065, SEE943082303563, SEE904894673954",7,11300,"WP Thedinghausen","Windenergie an Land",0,2003,NA
"3851","ABR986443931555","Windeinheit","SEE941905084361, SEE956421050288, SEE936159295847, SEE989047901122",4,11300,"WP Walchum","Windenergie an Land",0,2010,NA
"3852","ABR923602738990","Windeinheit","SEE902142195555, SEE902266335240, SEE969835932125, SEE934792359674, SEE946523827314, SEE979580857772",6,11300,"Windpark Rodenkircherwurp","Windenergie an Land",0,2001,NA
"3853","ABR997370310627","Windeinheit","SEE919365687262, SEE973975044730, SEE909308158874, SEE904166445654",4,11225,"UGE Proschim","Windenergie an Land",0,2013,NA
"3854","ABR902548859037","Windeinheit","SEE999034580858, SEE988195389486, SEE962123083356, SEE993047151982",4,11210,"Wesel","Windenergie an Land",0,2011,NA
"3855","ABR949537731165","Windeinheit","SEE928702952062, SEE977686622300",2,11200,"ABO Energy WP Hasenberg","Windenergie an Land",0,2028,NA
"3856","ABR981714768465","Windeinheit","SEE941959771170, SEE910210398005",2,11200,"Antrup","Windenergie an Land",0,2023,NA
"3857","ABR978258878354","Windeinheit","SEE942676941372, SEE945691908702",2,11200,"ENOVA Windpark Dollenkamp Betriebs GmbH ＆ Co. KG","Windenergie an Land",0,2025,NA
"3858","ABR959440134786","Windeinheit","SEE938830521160, SEE932478916340",2,11200,"Hainhaus","Windenergie an Land",0,2024,NA
"3859","ABR918822616838","Windeinheit","SEE916978760429, SEE926479567014",2,11200,"Jatznick","Windenergie an Land",0,2028,NA
"3860","ABR958247124075","Windeinheit","SEE913752035810, SEE977436007630",2,11200,"Kuhs Repowering","Windenergie an Land",0,2024,NA
"3861","ABR971583815308","Windeinheit","SEE938859200725, SEE984910685390",2,11200,"Mehlbach","Windenergie an Land",0,2027,NA
"3862","ABR944123066935","Windeinheit","SEE952174383345, SEE911450459105, SEE959636437141, SEE977737164506, SEE941436951200, SEE963702680737",6,11200,"Mittelherwigsdorf","Windenergie an Land",0,2002,NA
"3863","ABR950486362461","Windeinheit","SEE944525146990, SEE959996802535",2,11200,"Mosel","Windenergie an Land",0,2022,NA
"3864","ABR941190092140","Windeinheit","SEE975465823818, SEE929605300035",2,11200,"Perl Sinz","Windenergie an Land",0,2027,NA
"3865","ABR900294040266","Windeinheit","SEE928796907979, SEE935283478430, SEE916205541425, SEE955049801265, SEE998317603192, SEE969136673413",6,11200,"Ramsdorf","Windenergie an Land",0,2003,NA
"3866","ABR967468709374","Windeinheit","SEE988473742545, SEE921673599328",2,11200,"Repowering Windpark Alte Höhe","Windenergie an Land",0,2028,NA
"3867","ABR992075904157","Windeinheit","SEE943600455903, SEE953786921925, SEE965921551065, SEE975968165873, SEE985180780143, SEE983831404523",6,11200,"Rosendahl","Windenergie an Land",0,2002,NA
"3868","ABR966760229986","Windeinheit","SEE933921576869, SEE948601818696",2,11200,"Schlenzer BA 2","Windenergie an Land",0,2025,NA
"3869","ABR998796908801","Windeinheit","SEE982553986881, SEE957383869338",2,11200,"Südlohn","Windenergie an Land",0,2023,NA
"3870","ABR986645205263","Windeinheit","SEE980536408603, SEE974524790931",2,11200,"WP Baumersroda I","Windenergie an Land",0,2028,NA
"3871","ABR933676027579","Windeinheit","SEE989806660130, SEE918292837887",2,11200,"WP Bredentin 3","Windenergie an Land",0,2026,NA
"3872","ABR973180198822","Windeinheit","SEE964350551974, SEE900644688254",2,11200,"WP Erkelenz Lövenich","Windenergie an Land",0,2026,NA
"3873","ABR918822616838","Windeinheit","SEE962522278636, SEE972649230578",2,11200,"WP Falkenhagen III Repowering","Windenergie an Land",0,2028,NA
"3874","ABR986645205263","Windeinheit","SEE967568889839, SEE976389053817",2,11200,"WP Föhrden-Barl","Windenergie an Land",0,2026,NA
"3875","ABR978638749915","Windeinheit","SEE917539540849, SEE954781169138",2,11200,"WP Oelerse V Rep. 1. BA","Windenergie an Land",0,2026,NA
"3876","ABR926629339256","Windeinheit","SEE973849188430, SEE974112449203",2,11200,"WP Wegberg Repowering","Windenergie an Land",0,2023,NA
"3877","ABR903190913962","Windeinheit","SEE963359155114, SEE964656059532",2,11200,"Windpark Am Hirschberg","Windenergie an Land",0,2023,NA
"3878","ABR986645205263","Windeinheit","SEE935087286132, SEE971357905433",2,11200,"Windpark Bad Wildbad","Windenergie an Land",0,2025,NA
"3879","ABR941657279367","Windeinheit","SEE974748957035, SEE909804603656",2,11200,"Windpark Beesenberg II","Windenergie an Land",0,2021,NA
"3880","ABR921681302422","Windeinheit","SEE941483759095, SEE946919101660",2,11200,"Windpark Beiersdorf II","Windenergie an Land",0,2022,NA
"3881","ABR931545243587","Windeinheit","SEE901286068022, SEE962361404593",2,11200,"Windpark Biegen III","Windenergie an Land",0,2021,NA
"3882","ABR912780792597","Windeinheit","SEE978459819026, SEE902647945990, SEE988416310954",3,11200,"Windpark Großrössen","Windenergie an Land",0,2020,NA
"3883","ABR936119208962","Windeinheit","SEE943474310469, SEE920306033031",2,11200,"Windpark Milow IV","Windenergie an Land",0,2026,NA
"3884","ABR970250927511","Windeinheit","SEE954883089556, SEE937050347109",2,11200,"Windpark Oelerse X","Windenergie an Land",0,2025,NA
"3885","ABR932469004940","Windeinheit","SEE953943854950, SEE944802969953",2,11200,"Windpark Olbersleben/Ostramondra","Windenergie an Land",0,2021,NA
"3886","ABR992730579232","Windeinheit","SEE936295958361, SEE928037071261",2,11200,"Windpark Protzen","Windenergie an Land",0,2028,NA
"3887","ABR956975247028","Windeinheit","SEE997397188261, SEE976061105155",2,11200,"Windpark Seelow-Worin","Windenergie an Land",0,2027,NA
"3888","ABR963314760124","Windeinheit","SEE918247120330, SEE968425582030",2,11200,"Windpark Sieversdorfer Heide","Windenergie an Land",0,2023,NA
"3889","ABR937562507992","Windeinheit","SEE907902260115, SEE919890960038",2,11200,"Windpark Simmerath II","Windenergie an Land",0,2024,NA
"3890","ABR943237668950","Windeinheit","SEE919618832999, SEE977897270673",2,11200,"Windpark Völkersen","Windenergie an Land",0,2022,NA
"3891","ABR999408386086","Windeinheit","SEE930856107878, SEE970921485869",2,11200,"Windpark Werder-Zinndorf I","Windenergie an Land",0,2027,NA
"3892","ABR948710242986","Windeinheit","SEE935970772247, SEE978283147074, SEE924921109911, SEE936852985762, SEE972272054961, SEE952833449276",6,11150,"Hilgermissen","Windenergie an Land",0,2004,NA
"3893","ABR911236630643","Windeinheit","SEE940164924647, SEE932410366837",2,11120,"ABO Energy WP Kundert Repowering","Windenergie an Land",0,2027,NA
"3894","ABR923485024449","Windeinheit","SEE906429394594, SEE946554046913",2,11120,"ABO Wind WP Niederöfflingen","Windenergie an Land",0,2024,NA
"3895","ABR909999558557","Windeinheit","SEE931787053012, SEE982308588674, SEE920558934360, SEE965331705355",4,11120,"Ahorn Buch","Windenergie an Land",0,2017,NA
"3896","ABR966967092024","Windeinheit","SEE930146517424, SEE907643809055",2,11120,"Aldenhoven-Pattern","Windenergie an Land",0,2026,NA
"3897","ABR963781575290","Windeinheit","SEE944367392159, SEE935269179214, SEE903425977882, SEE935839008067",4,11120,"BWP Ehlbeck","Windenergie an Land",0,2017,NA
"3898","ABR927397646904","Windeinheit","SEE914592983477, SEE969500507085",2,11120,"Börzow-Grieben","Windenergie an Land",0,2027,NA
"3899","ABR958492707252","Windeinheit","SEE989659235950, SEE996251138886",2,11120,"Bürgerwind Burghaslach - Markt Tachendorf","Windenergie an Land",0,2027,NA
"3900","ABR971880788343","Windeinheit","SEE911621895718, SEE971053666027",2,11120,"Bürgerwind Parkstein","Windenergie an Land",0,2027,NA
"3901","ABR971664063826","Windeinheit","SEE932878998489, SEE961012329971",2,11120,"Emskämpe","Windenergie an Land",0,2028,NA
"3902","ABR957301131660","Windeinheit","SEE943437697842, SEE982182344588",2,11120,"Feldheim XI","Windenergie an Land",0,2028,NA
"3903","ABR917335781712","Windeinheit","SEE910617212980, SEE902085954912",2,11120,"Hagen - Kuhweide","Windenergie an Land",0,2025,NA
"3904","ABR996451432869","Windeinheit","SEE967813203243, SEE979587120381",2,11120,"Heidewind Senden GbR","Windenergie an Land",0,2028,NA
"3905","ABR934913695810","Windeinheit","SEE954382336014, SEE906750557095",2,11120,"Höpingen Wind","Windenergie an Land",0,2025,NA
"3906","ABR913105635087","Windeinheit","SEE906356169012, SEE925942796654",2,11120,"Neue Weide Repowering","Windenergie an Land",0,2027,NA
"3907","ABR996019161200","Windeinheit","SEE971913612409, SEE981701839017",2,11120,"Oberrammersdorf","Windenergie an Land",0,2028,NA
"3908","ABR977285065065","Windeinheit","SEE926053962358, SEE978366867653",2,11120,"Ovelgönne-Colmar","Windenergie an Land",0,2026,NA
"3909","ABR918985398992","Windeinheit","SEE948266663365, SEE995533057631",2,11120,"Sammethöhe Süd","Windenergie an Land",0,2026,NA
"3910","ABR920166067344","Windeinheit","SEE907956192141, SEE942490913098",2,11120,"Steinheim II","Windenergie an Land",0,2027,NA
"3911","ABR941190092140","Windeinheit","SEE992111188688, SEE927871590198",2,11120,"Veldenz-Gornhausen-Monzelfeld 5","Windenergie an Land",0,2028,NA
"3912","ABR916833054519","Windeinheit","SEE947429998108, SEE997851959970",2,11120,"WP Altenbeken-Buke","Windenergie an Land",0,2028,NA
"3913","ABR923536032409","Windeinheit","SEE999285984771, SEE940922179968",2,11120,"WP Ammeln Süd","Windenergie an Land",0,2026,NA
"3914","ABR996217537227","Windeinheit","SEE903459034896, SEE948957688707",2,11120,"WP Aurea","Windenergie an Land",0,2027,NA
"3915","ABR983910744571","Windeinheit","SEE965286891363, SEE999679902947",2,11120,"WP EB-Erw","Windenergie an Land",0,2026,NA
"3916","ABR948135389396","Windeinheit","SEE970460679606, SEE955884540336",2,11120,"WP Freudenberg-Kuhlenberg","Windenergie an Land",0,2026,NA
"3917","ABR910237234799","Windeinheit","SEE999989092482, SEE965035753331",2,11120,"WP Gau-Bickelheim - Phase 3b","Windenergie an Land",0,2025,NA
"3918","ABR957301131660","Windeinheit","SEE999248277568, SEE914191229075",2,11120,"WP Großschwabhausen","Windenergie an Land",0,2028,NA
"3919","ABR986645205263","Windeinheit","SEE900069680116, SEE968577728836",2,11120,"WP Gundelsheim","Windenergie an Land",0,2029,NA
"3920","ABR923828951203","Windeinheit","SEE964983105674, SEE957502106511",2,11120,"WP Harsewinkel/Kattenstrot","Windenergie an Land",0,2026,NA
"3921","ABR911085031288","Windeinheit","SEE986092423661, SEE973329845648",2,11120,"WP Hasselwiese - Willegassen","Windenergie an Land",0,2026,NA
"3922","ABR989646990305","Windeinheit","SEE966916247352, SEE951266253757",2,11120,"WP Maisach-Rottbach","Windenergie an Land",0,2027,NA
"3923","ABR943572426352","Windeinheit","SEE974879084358, SEE969693002466",2,11120,"WP Nideggen Wollersheim-Süd","Windenergie an Land",0,2026,NA
"3924","ABR916808838076","Windeinheit","SEE932305827474, SEE960271906701, SEE909083134780, SEE937511902915",4,11120,"WP Nonnenholz","Windenergie an Land",0,2017,NA
"3925","ABR936355160291","Windeinheit","SEE905290636840, SEE982166097318",2,11120,"WP Rosengarten","Windenergie an Land",0,2024,NA
"3926","ABR959233571880","Windeinheit","SEE935259777307, SEE975384588317",2,11120,"WP-Hausenstatt","Windenergie an Land",0,2027,NA
"3927","ABR940255389898","Windeinheit","SEE976402712035, SEE963213668521",2,11120,"Wind-Plan-Sintfeld II","Windenergie an Land",0,2026,NA
"3928","ABR953557541536","Windeinheit","SEE960099908581, SEE941381779249",2,11120,"Windpark Alpen-Bönninghardt","Windenergie an Land",0,2027,NA
"3929","ABR944401108647","Windeinheit","SEE974928799622, SEE930245066717",2,11120,"Windpark Alpen-Bönninghardt Erweiterung","Windenergie an Land",0,2028,NA
"3930","ABR986316707768","Windeinheit","SEE938249729485, SEE904104664840",2,11120,"Windpark Bildstock","Windenergie an Land",0,2026,NA
"3931","ABR901058481066","Windeinheit","SEE949265703007, SEE940613249796",2,11120,"Windpark Bleiwäsche","Windenergie an Land",0,2025,NA
"3932","ABR931483379454","Windeinheit","SEE948517435505, SEE941918427667",2,11120,"Windpark Bratberg","Windenergie an Land",0,2024,NA
"3933","ABR923318640136","Windeinheit","SEE966292692364, SEE957429148120, SEE958964068829, SEE908807218980",4,11120,"Windpark Dischingen","Windenergie an Land",0,2016,NA
"3934","ABR923107751876","Windeinheit","SEE987646369404, SEE990503274643",2,11120,"Windpark Drensteinfurt-Rieth","Windenergie an Land",0,2026,NA
"3935","ABR940771080149","Windeinheit","SEE984272177441, SEE920422933673",2,11120,"Windpark Haiderbachhöhe GmbH ＆ Co. KG","Windenergie an Land",0,2026,NA
"3936","ABR994319874868","Windeinheit","SEE999457180482, SEE994957664814",2,11120,"Windpark Haus Hölting","Windenergie an Land",0,2027,NA
"3937","ABR930517872244","Windeinheit","SEE998153322547, SEE979450868129, SEE976736085614, SEE903591163508",4,11120,"Windpark Karche Zwei GmbH ＆ Co. KG","Windenergie an Land",0,2015,NA
"3938","ABR901037990749","Windeinheit","SEE998742097726, SEE936500095287",2,11120,"Windpark Kefenrod Erweiterung","Windenergie an Land",0,2026,NA
"3939","ABR955259601075","Windeinheit","SEE943247272192, SEE916188567207",2,11120,"Windpark Kleinschirma","Windenergie an Land",0,2025,NA
"3940","ABR952556378457","Windeinheit","SEE979407972077, SEE955847781486",2,11120,"Windpark Krautheim-Oberginsbach","Windenergie an Land",0,2027,NA
"3941","ABR954844813664","Windeinheit","SEE922006736748, SEE933810435413",2,11120,"Windpark Königshain-Wiederau","Windenergie an Land",0,2024,NA
"3942","ABR976434398122","Windeinheit","SEE996354788148, SEE982018865188",2,11120,"Windpark Langenchursdorf","Windenergie an Land",0,2027,NA
"3943","ABR928186650485","Windeinheit","SEE981218686814, SEE936738719917",2,11120,"Windpark Langer Wald","Windenergie an Land",0,2026,NA
"3944","ABR904626453946","Windeinheit","SEE932123857899, SEE969177986152",2,11120,"Windpark Meiste West","Windenergie an Land",0,2027,NA
"3945","ABR988623023685","Windeinheit","SEE944036777058, SEE988334172252",2,11120,"Windpark Nideggen Wollersheim-Süd","Windenergie an Land",0,2026,NA
"3946","ABR960409827052","Windeinheit","SEE954310641357, SEE967718869810, SEE917651823332, SEE911106730312",4,11120,"Windpark Ohmenheim Sommerhof GmbH ＆ Co. KG","Windenergie an Land",0,2016,NA
"3947","ABR921887562576","Windeinheit","SEE913043133249, SEE933974877357",2,11120,"Windpark Raßlitz II","Windenergie an Land",0,2025,NA
"3948","ABR968448080551","Windeinheit","SEE980376380732, SEE947192528168",2,11120,"Windpark Senden","Windenergie an Land",0,2024,NA
"3949","ABR943786836336","Windeinheit","SEE969960436079, SEE923650749498",2,11120,"Windpark Senden Ottmarsbocholt","Windenergie an Land",0,2025,NA
"3950","ABR982816901064","Windeinheit","SEE909050935938, SEE992541035590",2,11120,"Windpark Steenkuhlenweg","Windenergie an Land",0,2028,NA
"3951","ABR937430095743","Windeinheit","SEE926780330796, SEE973190291049",2,11120,"Windpark Welter Heide","Windenergie an Land",0,2027,NA
"3952","ABR929966356108","Windeinheit","SEE942711887801, SEE945131688874",2,11120,"Windpark Wirdum-Grashaus","Windenergie an Land",0,2027,NA
"3953","ABR953945752933","Windeinheit","SEE949014961634, SEE968926073402",2,11120,"Windpark_HEIDENHAIN","Windenergie an Land",0,2026,NA
"3954","ABR909690773907","Windeinheit","SEE924087477947, SEE939790224382",2,11120,"Worms R","Windenergie an Land",0,2026,NA
"3955","ABR968468144660","Windeinheit","SEE956276445345, SEE979389177217, SEE916448256148, SEE915629514572",4,11100,"Bürgerwindpark Heek-Ahle","Windenergie an Land",0,2017,NA
"3956","ABR945002012166","Windeinheit","SEE995544159393, SEE950227048326, SEE911408118528, SEE905938614216, SEE990134035156, SEE944787473889, SEE932653536073, SEE915399003443, SEE991653553312, SEE977396020502, SEE913613659865, SEE956896604276, SEE954241917194, SEE977140011527, SEE978184705663, SEE969847655302, SEE989659708775, SEE914823372162",18,11100,"Rackwitz","Windenergie an Land",0,1996,NA
"3957","ABR927095844077","Windeinheit","SEE979941584590, SEE973935053611, SEE954853877701",3,11100,"Windpark Loop","Windenergie an Land",0,2023,NA
"3958","ABR941612291953","Windeinheit","SEE969725232489, SEE911834146867",2,11000,"Bosau","Windenergie an Land",0,2025,NA
"3959","ABR941620176310","Windeinheit","SEE968897184459, SEE961077271321",2,11000,"CEE Windpark Ebenheim","Windenergie an Land",0,2021,NA
"3960","ABR923053511142","Windeinheit","SEE991195678900, SEE916121834274",2,11000,"Erwitte Merklinghausen","Windenergie an Land",0,2025,NA
"3961","ABR955442338511","Windeinheit","SEE906077194058, SEE982911748212, SEE931873148738, SEE902254233145, SEE960427609258",5,11000,"Fiebing","Windenergie an Land",0,2009,NA
"3962","ABR936630831700","Windeinheit","SEE960343364316, SEE961216242366",2,11000,"Gronau Epe","Windenergie an Land",0,2021,NA
"3963","ABR919373861784","Windeinheit","SEE958795481088, SEE981283298974",2,11000,"HSW Windpark Herrscheid-Eslohe","Windenergie an Land",0,2025,NA
"3964","ABR919373861784","Windeinheit","SEE965142600030, SEE976283690569",2,11000,"HSW Windpark Herrscheid-Lennestadt","Windenergie an Land",0,2024,NA
"3965","ABR987116253233","Windeinheit","SEE990050357967, SEE966980116417",2,11000,"Haltern Ennenberg","Windenergie an Land",0,2022,NA
"3966","ABR946827201315","Windeinheit","SEE913392916074, SEE926501244333",2,11000,"Kletzke Repowering","Windenergie an Land",0,2021,NA
"3967","ABR912440980067","Windeinheit","SEE929779828441, SEE980666601127, SEE998229577345, SEE989535950229, SEE938154011767, SEE900504582555",6,11000,"Landscheide","Windenergie an Land",0,2001,NA
"3968","ABR941479460738","Windeinheit","SEE911516211746, SEE919574743216",2,11000,"Lohe Wind","Windenergie an Land",0,2023,NA
"3969","ABR977290093343","Windeinheit","SEE991610974600, SEE996946650914",2,11000,"Remmels","Windenergie an Land",0,2022,NA
"3970","ABR904674920995","Windeinheit","SEE981103737126, SEE935649648668",2,11000,"Rysumer Nacken","Windenergie an Land",0,2007,NA
"3971","ABR946827201315","Windeinheit","SEE965182276202, SEE926475883385",2,11000,"Schrepkow Repowering","Windenergie an Land",0,2022,NA
"3972","ABR966586376659","Windeinheit","SEE908364260491, SEE995135130497, SEE987591246010, SEE916194418289, SEE928820692253",5,11000,"Stäbelow","Windenergie an Land",0,2014,NA
"3973","ABR913385555396","Windeinheit","SEE935030425380, SEE984330404410",2,11000,"WF","Windenergie an Land",0,2023,NA
"3974","ABR901037990749","Windeinheit","SEE904464431953, SEE961962144198",2,11000,"WP Erbenhausen","Windenergie an Land",0,2023,NA
"3975","ABR918822616838","Windeinheit","SEE988265922261, SEE952754616467",2,11000,"WP Granzin","Windenergie an Land",0,2027,NA
"3976","ABR923645310016","Windeinheit","SEE939010474160, SEE902975420848",2,11000,"WP Groß Buchwald Erweiterung","Windenergie an Land",0,2025,NA
"3977","ABR941320267462","Windeinheit","SEE969356908845, SEE972448209973",2,11000,"Windpark Aldenhoven-Indebogen","Windenergie an Land",0,2025,NA
"3978","ABR934169942898","Windeinheit","SEE964550871506, SEE977184544005",2,11000,"Windpark Ascheberg Herbern","Windenergie an Land",0,2025,NA
"3979","ABR907143546863","Windeinheit","SEE982053078581, SEE909400540034",2,11000,"Windpark Dorsten Torfvenn","Windenergie an Land",0,2023,NA
"3980","ABR983492205699","Windeinheit","SEE920160995988, SEE957693266803",2,11000,"Windpark Jülich Bourheim","Windenergie an Land",0,2022,NA
"3981","ABR960208454985","Windeinheit","SEE904539021317, SEE981995862722, SEE992486526351, SEE946512993341, SEE969805670996, SEE969251480507, SEE988082854103",7,11000,"Windpark Uebigau A","Windenergie an Land",0,2005,NA
"3982","ABR944401108647","Windeinheit","SEE969349098980, SEE933271197509",2,11000,"Windpark Wahrenholz","Windenergie an Land",0,2025,NA
"3983","ABR909466876931","Windeinheit","SEE928228599918, SEE974419251783, SEE976127646011, SEE965406213846, SEE909814014190, SEE917401758280",6,11000,"Wulfshagen","Windenergie an Land",0,2000,NA
"3984","ABR921870793161","Windeinheit","SEE974154242091, SEE974518025667, SEE977494878944, SEE910015606428, SEE902012581594",5,10960,"Windpark Kindenheim","Windenergie an Land",0,2003,NA
"3985","ABR977403738451","Windeinheit","SEE914561252276, SEE967107163642, SEE925608999689, SEE949340753224, SEE957299761559, SEE917029247067, SEE912483787357, SEE912557348880",8,10900,"Bückwitz II","Windenergie an Land",0,2012,NA
"3986","ABR957875782329","Windeinheit","SEE900382612832, SEE953108463553, SEE932152780915, SEE916001040337",4,10900,"Windpark Malterhausen","Windenergie an Land",0,2001,NA
"3987","ABR963366335677","Windeinheit","SEE978909436216, SEE934612154908, SEE911421746944",3,10890,"Windpark Stollberg","Windenergie an Land",0,2020,NA
"3988","ABR987760923711","Windeinheit","SEE969723793012, SEE907260538154, SEE914879630339, SEE942764928971",4,10840,"Windpark Jübek","Windenergie an Land",0,2013,NA
"3989","ABR970547008503","Windeinheit","SEE989789407227, SEE962639054970, SEE986321075869",3,10800,"Bad Saulgau","Windenergie an Land",0,2019,NA
"3990","ABR968553966436","Windeinheit","SEE956779902659, SEE966085441216, SEE919963403400",3,10800,"Dennin","Windenergie an Land",0,2023,NA
"3991","ABR918639827540","Windeinheit","SEE939195148368, SEE983873854720, SEE956509200949",3,10800,"Feistelberg","Windenergie an Land",0,2019,NA
"3992","ABR984970176326","Windeinheit","SEE961932370404, SEE968164234726, SEE969842393117, SEE938072963575, SEE903645656185, SEE963454857265",6,10800,"Lammersdorf","Windenergie an Land",0,2002,NA
"3993","ABR902309420636","Windeinheit","SEE965391761001, SEE911833651188, SEE923082792796",3,10800,"Mainhardt","Windenergie an Land",0,2017,NA
"3994","ABR950493146467","Windeinheit","SEE992892842380, SEE954236036428, SEE974940830792",3,10800,"Mörsfeld","Windenergie an Land",0,2021,NA
"3995","ABR923579318706","Windeinheit","SEE932864474324, SEE994572384791, SEE990737724310",3,10800,"Sögel","Windenergie an Land",0,2018,NA
"3996","ABR960495903791","Windeinheit","SEE929896724169, SEE946847709020",2,10800,"WEA-1","Windenergie an Land",0,2023,NA
"3997","ABR960495903791","Windeinheit","SEE975068936885, SEE963434307049",2,10800,"WEA-2","Windenergie an Land",0,2023,NA
"3998","ABR960495903791","Windeinheit","SEE900760523705, SEE992622674823",2,10800,"WEA-3","Windenergie an Land",0,2023,NA
"3999","ABR960495903791","Windeinheit","SEE914923810427, SEE964795594338",2,10800,"WEA-4","Windenergie an Land",0,2023,NA
"4000","ABR965306173844","Windeinheit","SEE991157663258, SEE960888709658, SEE916931622405, SEE932737015432, SEE932837090261, SEE921736792963",6,10800,"WP Ahle","Windenergie an Land",0,2003,NA
"4001","ABR954164674365","Windeinheit","SEE919482350469, SEE998567815413, SEE952445092044",3,10800,"WP Ardestorf","Windenergie an Land",0,2026,NA
"4002","ABR934115143621","Windeinheit","SEE939046483372, SEE946256677934, SEE904171817668",3,10800,"WP Arzfeld-West","Windenergie an Land",0,2018,NA
"4003","ABR941077484136","Windeinheit","SEE919588187754, SEE963687705852, SEE945649546208, SEE990673008895, SEE963949638591, SEE950537870105",6,10800,"WP Bernstadt","Windenergie an Land",0,2003,NA
"4004","ABR988470368595","Windeinheit","SEE997237400997, SEE910872466111",2,10800,"WP Gerbstedt Nordwest II Repowering","Windenergie an Land",0,2026,NA
"4005","ABR950285547496","Windeinheit","SEE971506168153, SEE980763261132, SEE996995479870",3,10800,"WP Harsum-Schellerten","Windenergie an Land",0,2019,NA
"4006","ABR988432195894","Windeinheit","SEE958628418267, SEE953366984401, SEE939811671072, SEE912072262500, SEE974773767463, SEE914990273248",6,10800,"WP Heyen I","Windenergie an Land",0,2004,NA
"4007","ABR942589617715","Windeinheit","SEE999010370961, SEE958715181500, SEE917150209330",3,10800,"WP Schieder","Windenergie an Land",0,2024,NA
"4008","ABR957126637934","Windeinheit","SEE913858166678, SEE982760847159, SEE900232123426, SEE940681589466, SEE940918020823, SEE947882736576",6,10800,"WP Stocksdorf","Windenergie an Land",0,2004,NA
"4009","ABR991350527937","Windeinheit","SEE969914423551, SEE976915203037, SEE980093841141, SEE966685817244, SEE913212007524, SEE921677116286",6,10800,"Windpark Brilon","Windenergie an Land",0,2006,NA
"4010","ABR931065223656","Windeinheit","SEE944750339853, SEE942042745962, SEE923966888041, SEE963264904685, SEE987924382491, SEE943364140398",6,10800,"Windpark Egeln GmbH ＆ Co. I KG","Windenergie an Land",0,2001,NA
"4011","ABR965866601481","Windeinheit","SEE942635927621, SEE929700955284, SEE914674550948",3,10800,"Windpark Osterburg","Windenergie an Land",0,2020,NA
"4012","ABR991649636272","Windeinheit","SEE962457150250, SEE982306871228, SEE991530217788",3,10800,"Windpark Rote Steige","Windenergie an Land",0,2017,NA
"4013","ABR986645205263","Windeinheit","SEE928697831229, SEE981028892092, SEE950661423079",3,10800,"Windpark Tantow","Windenergie an Land",0,2021,NA
"4014","ABR948908589176","Windeinheit","SEE937139714709, SEE994744867176, SEE948576089961",3,10750,"WP Asseln","Windenergie an Land",0,2020,NA
"4015","ABR917880411935","Windeinheit","SEE993614378460, SEE930561469438, SEE964685835152",3,10750,"WP Mertensdorf II","Windenergie an Land",0,2023,NA
"4016","ABR980202630321","Windeinheit","SEE999122996356, SEE916568385070, SEE940962360951, SEE976990413468, SEE988078252692, SEE945345561109, SEE963473277808, SEE949009056505, SEE905693977878, SEE982344379311",10,10750,"Windpark Asseln","Windenergie an Land",0,1998,NA
"4017","ABR917846009893","Windeinheit","SEE914751908211, SEE976031123066, SEE927348779187, SEE948673974535",4,10700,"TOW Wendorfer Berg","Windenergie an Land",0,2013,NA
"4018","ABR989976647573","Windeinheit","SEE989090247192, SEE940377170312, SEE922980321060",3,10700,"Windpark Mönkeberg","Windenergie an Land",0,2022,NA
"4019","ABR930339659474","Windeinheit","SEE907378586108, SEE957545495399, SEE910075717737, SEE925533204094",4,10700,"Windpark Waddewarden","Windenergie an Land",0,2018,NA
"4020","ABR998231634548","Windeinheit","SEE994802132734, SEE971479520477, SEE926469864444, SEE941890950917",4,10675,"Windpark Kraasa","Windenergie an Land",0,2013,NA
"4021","ABR977250630922","Windeinheit","SEE996266209410, SEE998339258264, SEE934069658813, SEE996089624681, SEE903474038138",5,10650,"Sönnebüll","Windenergie an Land",0,2005,NA
"4022","ABR945858600722","Windeinheit","SEE967043372276, SEE940601445445",2,10600,"Jülich","Windenergie an Land",0,2022,NA
"4023","ABR907569259606","Windeinheit","SEE957641081663, SEE935263507327, SEE968393399562, SEE986161597774, SEE981731949441",5,10600,"WP Bergtheim","Windenergie an Land",0,2012,NA
"4024","ABR992163664864","Windeinheit","SEE900067974880, SEE986621951580, SEE942062491986, SEE973338548899",4,10600,"WP Drelsdorf","Windenergie an Land",0,2016,NA
"4025","ABR946242075478","Windeinheit","SEE910393035414, SEE901177251519, SEE914714664109, SEE934673610771, SEE984442953806",5,10600,"WP Wergzahna","Windenergie an Land",0,2009,NA
"4026","ABR980714249851","Windeinheit","SEE993234399883, SEE982091332980, SEE921863061345",3,10600,"Weesbydamm","Windenergie an Land",0,2013,NA
"4027","ABR983703210207","Windeinheit","SEE949631184522, SEE985162987973, SEE921470821233, SEE948214956563, SEE975546995793",5,10600,"Windpark Börde-Bodetal GmbH ＆ Co. Betriebs-KG","Windenergie an Land",0,2008,NA
"4028","ABR964433682977","Windeinheit","SEE933648614400, SEE986395893925, SEE988390214064, SEE917718592157, SEE912871867876",5,10600,"Windpark Drochtersen","Windenergie an Land",0,2003,NA
"4029","ABR987491676696","Windeinheit","SEE941854589900, SEE900389952559",2,10600,"Windpark Lemgo","Windenergie an Land",0,2026,NA
"4030","ABR924726677905","Windeinheit","SEE918936788636, SEE958026868633, SEE948466315828, SEE957233908477",4,10600,"Windpark Ruhlsdorf","Windenergie an Land",0,2007,NA
"4031","ABR955224318144","Windeinheit","SEE942669518307, SEE923353428874, SEE959094503617",3,10500,"Hellberge V","Windenergie an Land",0,2021,NA
"4032","ABR968794191406","Windeinheit","SEE927070046083, SEE935241805773",2,10500,"Hemme Repowering","Windenergie an Land",0,2023,NA
"4033","ABR960318949074","Windeinheit","SEE944045215091, SEE929134210942",2,10500,"WP Allrichberg","Windenergie an Land",0,2027,NA
"4034","ABR910831924997","Windeinheit","SEE925924116432, SEE908445297156, SEE997198564905, SEE990550820961, SEE985448276920, SEE949210010358, SEE915261779315",7,10500,"WP Ober-Flörsheim","Windenergie an Land",0,2002,NA
"4035","ABR913185956492","Windeinheit","SEE981159114780, SEE976034385317, SEE952028708386, SEE992388606311, SEE946141746103, SEE942093907388, SEE902772010563",7,10500,"WP Rottelsdorf","Windenergie an Land",0,1999,NA
"4036","ABR995973366256","Windeinheit","SEE993982214186, SEE931538068708, SEE948375293941, SEE965623792049, SEE968918978739",5,10500,"WP Struckum II","Windenergie an Land",0,2009,NA
"4037","ABR915861801041","Windeinheit","SEE948302408875, SEE951424806788, SEE979541985834, SEE978871003188, SEE930240813682, SEE993512898237, SEE925416173554, SEE927836202999",8,10500,"WP Wertheim","Windenergie an Land",0,2002,NA
"4038","ABR960208454985","Windeinheit","SEE953739433178, SEE935906698450, SEE916500485301, SEE984292971630, SEE900196611878, SEE988638269313, SEE927755588785",7,10500,"Windpark Drehnow","Windenergie an Land",0,2005,NA
"4039","ABR916341626154","Windeinheit","SEE973345089637, SEE936233981857, SEE990769709040, SEE986682478897, SEE925186810543, SEE906414258337, SEE975194326550",7,10500,"Windpark Fonds Amesdorf-Wellen GmbH ＆ Co. KG","Windenergie an Land",0,2002,NA
"4040","ABR952781187152","Windeinheit","SEE937262414279, SEE983873487812, SEE968596816613, SEE997135621159, SEE932143449241, SEE938266455695, SEE968396044452",7,10500,"Windpark Jatzke","Windenergie an Land",0,2003,NA
"4041","ABR982511102919","Windeinheit","SEE954029591370, SEE961025192616, SEE938080793805, SEE934861747432, SEE992762903661, SEE904517120117, SEE982150830389",7,10500,"Windpark Jülicher Börde","Windenergie an Land",0,2005,NA
"4042","ABR963252693591","Windeinheit","SEE941070366682, SEE990953621486, SEE973013465466",3,10500,"Windpark Kölsa II","Windenergie an Land",0,2017,NA
"4043","ABR999744912086","Windeinheit","SEE974492756014, SEE980225017055, SEE991975928331, SEE947788538434, SEE941104264526, SEE953895222807, SEE973623975737",7,10500,"Windpark Ohne","Windenergie an Land",0,2001,NA
"4044","ABR909054335185","Windeinheit","SEE905584388226, SEE908554341283, SEE947427753624, SEE985240109877, SEE960657550429, SEE975681565264",6,10500,"Windpark Prenzlau","Windenergie an Land",0,1998,NA
"4045","ABR960208454985","Windeinheit","SEE949292048683, SEE995345006537, SEE967568614509, SEE949658093340, SEE946128617716, SEE989765935843, SEE994698170742",7,10500,"Windpark Rehfeld","Windenergie an Land",0,2004,NA
"4046","ABR920287260204","Windeinheit","SEE925510078953, SEE940696738422",2,10460,"Salz-Berzhahn","Windenergie an Land",0,2026,NA
"4047","ABR960529023297","Windeinheit","SEE952748928439, SEE917695083631, SEE971412122195",3,10400,"Gangloffsömmern","Windenergie an Land",0,2007,NA
"4048","ABR960207546728","Windeinheit","SEE926816124191, SEE973177732121, SEE935566558132",3,10400,"Görmin","Windenergie an Land",0,1999,NA
"4049","ABR917975233619","Windeinheit","SEE919045837093, SEE991234474388",2,10400,"WP Drewer-Altenrüthen","Windenergie an Land",0,2026,NA
"4050","ABR999700015523","Windeinheit","SEE980143071849, SEE958180761382, SEE952618808984, SEE939969396476, SEE941239063193, SEE973703027493",6,10400,"WP Schülp Groth Hagge ＆ Co.","Windenergie an Land",0,1994,NA
"4051","ABR960406157084","Windeinheit","SEE990927288066, SEE991119864532, SEE920566463111, SEE954721727367",4,10370,"Windpark Twerberg","Windenergie an Land",0,2016,NA
"4052","ABR934160128444","Windeinheit","SEE953544323015, SEE991001722650, SEE933723690435",3,10350,"BWP Trendelburg","Windenergie an Land",0,2020,NA
"4053","ABR915087631682","Windeinheit","SEE951394524835, SEE925066265869, SEE941890476400",3,10350,"Hüselitz BGXV","Windenergie an Land",0,2017,NA
"4054","ABR988215850415","Windeinheit","SEE990416593558, SEE985437496414, SEE930769625438",3,10350,"MLK Windpark Treplin Nr. 60 GmbH ＆ Co. KG","Windenergie an Land",0,2016,NA
"4055","ABR994907478249","Windeinheit","SEE988684108291, SEE912674872923, SEE907105038719",3,10350,"Schneeberger Hof / Windhübel","Windenergie an Land",0,2019,NA
"4056","ABR998520862478","Windeinheit","SEE936744572230, SEE945770351566, SEE968643650863",3,10350,"Spielberg","Windenergie an Land",0,2017,NA
"4057","ABR941503260853","Windeinheit","SEE931023538587, SEE934471660947, SEE924222998320",3,10350,"WP Bakum","Windenergie an Land",0,2022,NA
"4058","ABR974542853250","Windeinheit","SEE925211912518, SEE908823272652, SEE965367315467",3,10350,"WP Klein Leine Nord","Windenergie an Land",0,2016,NA
"4059","ABR999051169296","Windeinheit","SEE948669122186, SEE901305933805, SEE925725870380",3,10350,"WP Kreepen","Windenergie an Land",0,2020,NA
"4060","ABR970393697814","Windeinheit","SEE973461970406, SEE933956603271, SEE977104521321",3,10350,"WP Uetze Nord-West","Windenergie an Land",0,2021,NA
"4061","ABR931125859702","Windeinheit","SEE968588546214, SEE996704901654, SEE923595443932",3,10350,"WP Uhlhorn","Windenergie an Land",0,2018,NA
"4062","ABR958148362651","Windeinheit","SEE978382435096, SEE905291723570, SEE924793446015",3,10350,"Windgebiet Bernsdorf/Gersdorf","Windenergie an Land",0,2019,NA
"4063","ABR927064010762","Windeinheit","SEE939426321812, SEE967445598243, SEE955837552553",3,10350,"Windkraft EGGE GmbH ＆ Co. KG","Windenergie an Land",0,2018,NA
"4064","ABR994986071614","Windeinheit","SEE971623161198, SEE960525562912, SEE968017527043",3,10350,"Windpark Barkhorst","Windenergie an Land",0,2019,NA
"4065","ABR985076101779","Windeinheit","SEE965893064532, SEE914212724107, SEE963410874398",3,10350,"Windpark Chüden Eins","Windenergie an Land",0,2016,NA
"4066","ABR981617190370","Windeinheit","SEE987321059217, SEE976028508968, SEE939204304419",3,10350,"Windpark Homberg GmbH ＆ Co. KG","Windenergie an Land",0,2017,NA
"4067","ABR961024422745","Windeinheit","SEE938515509469, SEE942880242081, SEE970944370630",3,10350,"Windpark Hämelhausen","Windenergie an Land",0,2016,NA
"4068","ABR991390459120","Windeinheit","SEE925854856361, SEE999479064685, SEE986980992200",3,10350,"Windpark Niederstetten","Windenergie an Land",0,2018,NA
"4069","ABR961358193571","Windeinheit","SEE905561264215, SEE974922580486, SEE930353469448",3,10350,"Windpark Parchim","Windenergie an Land",0,2016,NA
"4070","ABR997782842136","Windeinheit","SEE981458154609, SEE943982672288, SEE946798768220",3,10350,"Windpark Schenkendöbern Eins GmbH ＆ Co. KG","Windenergie an Land",0,2016,NA
"4071","ABR993297771770","Windeinheit","SEE914306575981, SEE915429125763, SEE918323895459",3,10350,"Windpark Wadern-Felsenberg","Windenergie an Land",0,2017,NA
"4072","ABR922771889298","Windeinheit","SEE967376845621, SEE974941001320, SEE983281384543",3,10350,"Zweite Bökingharder Windpark GmbH ＆ Co. KG","Windenergie an Land",0,2019,NA
"4073","ABR975542724120","Windeinheit","SEE956431845546, SEE995862025578, SEE979579988975",3,10340,"Windpark Mühlenberg","Windenergie an Land",0,2010,NA
"4074","ABR956904091128","Windeinheit","SEE929307868451, SEE970508192210, SEE902975308740",3,10300,"WP Herrenmoor","Windenergie an Land",0,2017,NA
"4075","ABR947965537236","Windeinheit","SEE966438861906, SEE971337759339, SEE977030189541, SEE980384929756, SEE904282473555",5,10300,"Windpark Oberfeld","Windenergie an Land",0,2007,NA
"4076","ABR988240929407","Windeinheit","SEE931537779179, SEE956604775243, SEE950936619930, SEE994060175528",4,10300,"Windpark Würselen-Broichweiden","Windenergie an Land",0,2017,NA
"4077","ABR938877800174","Windeinheit","SEE942982060026, SEE956014078422",2,10260,"RB 2.0","Windenergie an Land",0,2028,NA
"4078","ABR943236007491","Windeinheit","SEE978636500785, SEE901284966269",2,10260,"WP Markonah","Windenergie an Land",0,2027,NA
"4079","ABR951762163239","Windeinheit","SEE951321993208, SEE969391495256",2,10260,"Windpark Finnentrop-Eslohe","Windenergie an Land",0,2028,NA
"4080","ABR924197733247","Windeinheit","SEE909748695960, SEE986765094747, SEE937746860202, SEE996978735184, SEE983544587094, SEE931668600328, SEE913626459247, SEE996476320738, SEE911089697244, SEE914505049627, SEE982553809500, SEE968258108926, SEE929475266318, SEE973419761308, SEE990625029220, SEE937957509648, SEE993525348507, SEE905005310188, SEE944032035183, SEE947653185558, SEE925186869251, SEE999961692433",22,10251.1,"Windkraft","Windenergie an Land",0,1994,NA
"4081","ABR939395340883","Windeinheit","SEE979016340373, SEE977887397113, SEE993837017047, SEE964590642289, SEE984886166282",5,10250,"Nordfriesland Windpark GmbH ＆ Co. KG","Windenergie an Land",0,2005,NA
"4082","ABR968582950789","Windeinheit","SEE977426363654, SEE965596269739, SEE928808169982, SEE953028932511, SEE990275455738",5,10250,"WP Groß Niendorf","Windenergie an Land",0,2014,NA
"4083","ABR974859644893","Windeinheit","SEE938902865048, SEE989636300909, SEE997122264154, SEE974318580007, SEE918769935313",5,10250,"WP Rödingen","Windenergie an Land",0,2013,NA
"4084","ABR977806759374","Windeinheit","SEE959214472533, SEE911329402706, SEE983794037189, SEE997097711486, SEE975759996785",5,10250,"Windkraftwerk Wremen","Windenergie an Land",0,2010,NA
"4085","ABR982176679375","Windeinheit","SEE984627798406, SEE994522329049, SEE919189035546, SEE950359455795, SEE968322262790",5,10250,"Windpark Barg-Schwensby","Windenergie an Land",0,2015,NA
"4086","ABR984461323741","Windeinheit","SEE913174631423, SEE928267791762, SEE928070080244, SEE985925101769, SEE942465358633",5,10250,"Windpark Polch","Windenergie an Land",0,2012,NA
"4087","ABR973854946681","Windeinheit","SEE911788064149, SEE990813199667, SEE968683557863, SEE988842182385, SEE951721678996",5,10250,"meridian Windpark Zschöpel","Windenergie an Land",0,2011,NA
"4088","ABR901629362855","Windeinheit","SEE983239974970, SEE974618156100, SEE922730473551",3,10200,"Bürgerwindpark Neuenbrook","Windenergie an Land",0,2017,NA
"4089","ABR950939240841","Windeinheit","SEE948138586303, SEE904112488148, SEE923398081898",3,10200,"Heidenau-Hollinde","Windenergie an Land",0,2017,NA
"4090","ABR924360921808","Windeinheit","SEE958384089060, SEE947794930963, SEE908272154332",3,10200,"Mißlareuth","Windenergie an Land",0,2018,NA
"4091","ABR933146796769","Windeinheit","SEE924274365750, SEE905341771766",2,10200,"Schlage Süd (Schlage IV)","Windenergie an Land",0,2026,NA
"4092","ABR933040566857","Windeinheit","SEE976545591092, SEE959756935022",2,10200,"WEA 06","Windenergie an Land",0,2016,NA
"4093","ABR933040566857","Windeinheit","SEE906897540462, SEE901255337050",2,10200,"WEA 07","Windenergie an Land",0,2016,NA
"4094","ABR982595860415","Windeinheit","SEE950493436957, SEE997590985858, SEE936816773961, SEE982124447858",4,10200,"WP Neuenkirchen","Windenergie an Land",0,1999,NA
"4095","ABR928515517588","Windeinheit","SEE980418195928, SEE931440336513, SEE967567416302, SEE997205386506, SEE929875470834",5,10200,"WP Pinnow","Windenergie an Land",0,2009,NA
"4096","ABR928905941894","Windeinheit","SEE930103720881, SEE914886744036, SEE930817606532",3,10200,"Windpark Adlerhorst","Windenergie an Land",0,2024,NA
"4097","ABR911701027992","Windeinheit","SEE960897070015, SEE900309308213, SEE927631984595, SEE966200008089",4,10150,"CEE Windpark Looft","Windenergie an Land",0,2015,NA
"4098","ABR963408700074","Windeinheit","SEE939881404013, SEE928572099898, SEE934584196388, SEE902266530744, SEE943985689504",5,10150,"Erlau II","Windenergie an Land",0,2009,NA
"4099","ABR975541924453","Windeinheit","SEE995626340060, SEE936576096232, SEE946581033405, SEE906514308864",4,10120,"Windpark Ravenstein","Windenergie an Land",0,2015,NA
"4100","ABR968059316414","Windeinheit","SEE997045194316, SEE964996323331, SEE903291594275",3,10110,"WP Hammelwarder Moor","Windenergie an Land",0,2017,NA
"4101","ABR930336000781","Windeinheit","SEE914263128817, SEE946450292070, SEE954442894812",3,10110,"Windpark Dingen","Windenergie an Land",0,2011,NA
"4102","ABR922037898835","Windeinheit","SEE907063820166, SEE912812547461, SEE989279708179",3,10110,"Windpark Heßloch","Windenergie an Land",0,2014,NA
"4103","ABR930412296619","Windeinheit","SEE902454712532, SEE911824499690, SEE932992680628",3,10110,"Windpark Jüchen","Windenergie an Land",0,2012,NA
"4104","ABR969164489963","Windeinheit","SEE952744094954, SEE943830253300, SEE920019250077",3,10110,"Windpark Oberwesel II GmbH ＆ Co. KG","Windenergie an Land",0,2013,NA
"4105","ABR955028191967","Windeinheit","SEE988427866211, SEE931250473316, SEE969350796943",3,10110,"Windpark Oberwesel III GmbH ＆ Co. KG","Windenergie an Land",0,2013,NA
"4106","ABR906995668815","Windeinheit","SEE930465000478, SEE944483924456, SEE900129535318, SEE938752192554",4,10100,"Elsd","Windenergie an Land",0,2014,NA
"4107","ABR930236870620","Windeinheit","SEE914978368522, SEE918443134315, SEE911266301827, SEE980945546101, SEE907799733211, SEE958252142194",6,10100,"WP Wadersloh","Windenergie an Land",0,2004,NA
"4108","ABR992276038262","Windeinheit","SEE949424960449, SEE983289715158",2,10100,"Windpark Heinsdorf","Windenergie an Land",0,2027,NA
"4109","ABR915068942295","Wasser","SEE901911520000, SEE932041539754, SEE971886830459, SEE943866326672, SEE921472787742, SEE957029086662, SEE990357023541",7,303000,"illwerke vkw Obervermuntwerk I","Speicherwasseranlage",0.428571428571429,1930,NA
"4110","ABR915068942295","Wasser","SEE918714025250, SEE927932653541, SEE964481657378",3,288000,"illwerke vkw Kopswerk I","Speicherwasseranlage",0,1969,NA
"4111","ABR915068942295","Wasser","SEE952262880046, SEE918928929085, SEE932792338347",3,150000,"illwerke vkw Rodundwerk I","Speicherwasseranlage",0,1943,NA
"4112","ABR967287372797","Wasser","SEE902378631681, SEE971499223693, SEE965528786747, SEE961706754454, SEE991958709742",5,132000,"Kraftwerk Jochenstein","Laufwasseranlage",0,1956,NA
"4113","ABR914764874992","Wasser","SEE930595548697, SEE928459304602, SEE981832585265, SEE994984344970, SEE965777272787, SEE975302241416, SEE936406566188, SEE994080011080",8,124000,"Walchenseekraftwerk D F1","Speicherwasseranlage",0,1924,NA
"4114","ABR997116496912","Wasser","SEE974080003018, SEE946142465416, SEE975444777408",3,120000,"TögingNeu","Laufwasseranlage",0,2022,NA
"4115","ABR915068942295","Wasser","SEE997586162263, SEE917250397289, SEE977812651266, SEE968905495126",4,108000,"Rheinkraftwerk Iffezheim","Laufwasseranlage",0,1978,NA
"4116","ABR918910130901","Wasser","SEE905804223849, SEE910013400721, SEE973556997929, SEE902489482608, SEE994853801559, SEE991332001752, SEE947227591686, SEE949717053087, SEE981577033014, SEE925074451797",10,106000,"Kraftwerk Laufenburg","Laufwasseranlage",0,1990,NA
"4117","ABR969064982205","Wasser","SEE946492105505, SEE912351283974, SEE992421348512, SEE979623845346",4,102400,"Kraftwerk Braunau-Simbach","Laufwasseranlage",0,1954,NA
"4118","ABR972811767499","Wasser","SEE973493827723, SEE929404505242, SEE991505581654, SEE962376547568, SEE976184145496",5,95500,"Kraftwerk Rheinfelden","Laufwasseranlage",0,2010,NA
"4119","ABR969064982205","Wasser","SEE995234903107, SEE973513212348, SEE983560968952, SEE941054035436",4,86400,"Kraftwerk Passau-Ingling","Laufwasseranlage",0,1965,NA
"4120","ABR920789268791","Wasser","SEE975539952376, SEE995156555835, SEE904955359575",3,84900,"Kraftwerk Ryburg Schwörstadt","Laufwasseranlage",0,1930,NA
"4121","ABR937637196106","Wasser","SEE901440918859, SEE934395809149, SEE991917215321",3,83820,"Rheinkraftwerk Albbruck-Dogern (RADAG)","Laufwasseranlage",0,1934,NA
"4122","ABR950811337010","Wasser","SEE948455839281, SEE993233732025, SEE914861690945, SEE922429625575, SEE957367978162, SEE974979035090",6,80700,"Kraftwerk Egglfing-Obernberg","Laufwasseranlage",0,1944,NA
"4123","ABR950811337010","Wasser","SEE964117025212, SEE977891692877, SEE969078917545",3,72900,"Kraftwerk Ering-Frauenstein","Laufwasseranlage",0,1942,NA
"4124","ABR915068942295","Wasser","SEE955634700423, SEE975648364909, SEE922473273890",3,69000,"Rheinkraftwerk Säckingen","Laufwasseranlage",0,1966,NA
"4125","ABR988666610835","Wasser","SEE955978509164, SEE937356687909, SEE990364668339",3,64000,"SKW Hohenwarte 1","Speicherwasseranlage",0,1941,NA
"4126","ABR969064982205","Wasser","SEE978187174503, SEE996980679766",2,60000,"Kraftwerk Oberaudorf-Ebbs","Laufwasseranlage",0,1992,NA
"4127","ABR914764874992","Wasser","SEE963787688062, SEE962597527578, SEE935976236132, SEE950988570012, SEE944518084070, SEE938153286029, SEE995447721338, SEE935963507269",8,53700,"Kachlet K","Laufwasseranlage",0,1927,NA
"4128","ABR997116496912","Wasser","SEE969507902654, SEE967404406039, SEE943021591570, SEE995735564722, SEE968493660913, SEE995049451596, SEE937353642390, SEE927407069969, SEE978319698396, SEE984899087819, SEE982484501641",11,53200,"Kraftwerk Wasserburg","Laufwasseranlage",0,1938,NA
"4129","ABR982790226122","Wasser","SEE901602471161, SEE913911815888, SEE959377024433, SEE979257485857, SEE925023182710",5,50400,"Alzwerk","Laufwasseranlage",0,1922,NA
"4130","ABR950811337010","Wasser","SEE907943989181, SEE929107540175",2,50000,"KW Nußdorf (im Besitz von Innwerk und ÖBK)","Laufwasseranlage",0,1982,NA
"4131","ABR915068942295","Wasser","SEE980337143772, SEE982833830750",2,42000,"WKW Reckingen","Laufwasseranlage",0,1941,NA
"4132","ABR915068942295","Wasser","SEE946412220059",1,38850,"Rheinkraftwerk Iffezheim","Laufwasseranlage",0,2013,NA
"4133","ABR972811767499","Wasser","SEE931261988564, SEE934890098444, SEE927287469774, SEE982064123652, SEE942749879687, SEE925326526723, SEE921196877927, SEE935645540645, SEE911430024132, SEE910204132950, SEE934727232676",11,38520,"KW Wyhlen ","Laufwasseranlage",0,1912,NA
"4134","ABR997116496912","Wasser","SEE950536544908, SEE961226195928, SEE944229371742",3,38199,"Kraftwerk Feldkirchen","Laufwasseranlage",0,1970,NA
"4135","ABR914764874992","Wasser","SEE900963630248, SEE980892645759, SEE902745894848, SEE979394589432",4,36000,"Aufkirchen","Laufwasseranlage",0,1924,NA
"4136","ABR914764874992","Wasser","SEE906074606738, SEE956908340703, SEE937685363109, SEE902444234136",4,36000,"Eitting","Laufwasseranlage",0,1925,NA
"4137","ABR914764874992","Wasser","SEE906382407782, SEE967003406416, SEE948865320546, SEE928579781840, SEE926693191903, SEE912494745674, SEE966014390042, SEE913336549115",6,35900,"Pfrombach","Laufwasseranlage",0,1929,NA
"4138","ABR997116496912","Wasser","SEE977512784516, SEE982332501670, SEE947313574326",3,35100,"Rosenheim","Laufwasseranlage",0,1960,NA
"4139","ABR997116496912","Wasser","SEE946979186225, SEE991316727548, SEE931012437020, SEE969267129582, SEE953174240607, SEE941548257580",6,30000,"","Laufwasseranlage",0,1938,NA
"4140","ABR938084769295","Wasser","SEE923223371170, SEE954220263762, SEE936428070663",3,29100,"Vohburg E K","Laufwasseranlage",0,1992,NA
"4141","ABR937637196106","Wasser","SEE900600559253",1,28450,"Rheinkraftwerk Albbruck-Dogern (RADAG)","Laufwasseranlage",0,2009,NA
"4142","ABR914764874992","Wasser","SEE959715874706, SEE992196002671, SEE982564834379, SEE980276191377, SEE945845418224, SEE907673676115, SEE954199811421",5,27954,"Altheim","Laufwasseranlage",0,1951,NA
"4143","ABR999401230768","Wasser","SEE935573961376, SEE963949142524, SEE920847840785, SEE945785612836",4,27500,"SWM Uppenborn 1","Laufwasseranlage",0,1930,NA
"4144","ABR997116496912","Wasser","SEE923389370246, SEE941348086168, SEE925570951074, SEE931353190974",3,26100,"Kraftwerk Neuötting MS","Laufwasseranlage",0,1951,NA
"4145","ABR997116496912","Wasser","SEE989745723057, SEE971686772294, SEE927234931354, SEE900123363948, SEE985411751317",5,25000,"Kraftwerk Teufelsbruck MS","Laufwasseranlage",0,1938,NA
"4146","ABR907506418141","Wasser","SEE933647139935, SEE976392258995, SEE918271567637",3,24999,"Geisling K","Laufwasseranlage",0,1985,NA
"4147","ABR914764874992","Wasser","SEE913199703136",1,24900,"Roßhaupten SKW K2","Speicherwasseranlage",0,1954,NA
"4148","ABR914764874992","Wasser","SEE950450991048",1,24900,"Roßhaupten SKW K1","Speicherwasseranlage",0,1954,NA
"4149","ABR938084769295","Wasser","SEE964673859078, SEE920999677857, SEE960680903568",3,24900,"Bergheim E K","Laufwasseranlage",0,1970,NA
"4150","ABR925974012494","Wasser","SEE937849602679, SEE937360320199, SEE920872442510, SEE906312850534",4,24000,"Detzem Maschine ","Laufwasseranlage",0,1962,NA
"4151","ABR997116496912","Wasser","SEE928246905913, SEE920405564993, SEE976445927045",3,23199,"Kraftwerk Stammham","Laufwasseranlage",0,1955,NA
"4152","ABR915068942295","Wasser","SEE935949048892, SEE975862748837, SEE901506319514, SEE936411567903, SEE999927238279, SEE903121707776",5,22000,"WKW Rudolf-Fettweis-Werk Murgwerk M","Speicherwasseranlage",0,1918,NA
"4153","ABR915068942295","Wasser","SEE984453739475",1,21500,"WKW Rudolf-Fettweis-Werk PSW Schwarzenbach","Speicherwasseranlage",0,1926,NA
"4154","ABR907506418141","Wasser","SEE935560628848, SEE967078876749, SEE954281393200",3,21499.98,"LW Straubing RMD","Laufwasseranlage",0,1994,NA
"4155","ABR938084769295","Wasser","SEE993827105563, SEE906889375157, SEE994048824899",3,21000,"Bittenbrunn E K","Laufwasseranlage",0,1969,NA
"4156","ABR938084769295","Wasser","SEE933078887559, SEE972180197972, SEE955407848307",3,20100,"Ingolstadt E K","Laufwasseranlage",0,1971,NA
"4157","ABR925974012494","Wasser","SEE914513090444, SEE922911017253, SEE923624580645, SEE934654061066",4,20000,"Wintrich Maschine ","Laufwasseranlage",0,1965,NA
"4158","ABR914764874992","Wasser","SEE933265744528, SEE909400381729",2,20000,"Hemfurth F1","Speicherwasseranlage",0,1915,NA
"4159","ABR925974012494","Wasser","SEE950624794208, SEE967019106539, SEE941176001043, SEE936922240418",4,20000,"Lehmen Maschi","Laufwasseranlage",0,1962,NA
"4160","ABR938084769295","Wasser","SEE959264884584, SEE977600961171, SEE916571034606",3,19800,"Bertoldsheim E K","Laufwasseranlage",0,1967,NA
"4161","ABR997116496912","Wasser","SEE921294761234, SEE949459256067, SEE974434785997",3,19398,"Kraftwerk Perach","Laufwasseranlage",0,1977,NA
"4162","ABR914764874992","Wasser","SEE907837230047, SEE946976628933, SEE903494881059",3,19200,"Prem","Laufwasseranlage",0,1971,NA
"4163","ABR925987931874","Wasser","SEE980008908440",1,19000,"WKW III","Laufwasseranlage",0,1920,NA
"4164","ABR925974012494","Wasser","SEE965922127559, SEE941619779157, SEE977519384276, SEE909057995010",4,18800,"Trier Maschi","Laufwasseranlage",0,1962,NA
"4165","ABR925974012494","Wasser","SEE925878652192, SEE929405778768, SEE991358537341, SEE968613122536",4,18400,"Enkirch Maschine ","Laufwasseranlage",0,1966,NA
"4166","ABR914764874992","Wasser","SEE964721515031, SEE988114672156, SEE924169304048",3,18300,"Kaufering K(Ro)","Laufwasseranlage",0,1975,NA
"4167","ABR914764874992","Wasser","SEE997722783727, SEE938443144244",2,18200,"Dornau","Laufwasseranlage",0,1960,NA
"4168","ABR999401230768","Wasser","SEE907834312319, SEE931485815622, SEE980479559837",3,18000,"SWM Uppenborn 2","Laufwasseranlage",0,1951,NA
"4169","ABR914764874992","Wasser","SEE941459970745, SEE928715410504, SEE956682707471",3,16500,"Gummering K","Laufwasseranlage",0,1957,NA
"4170","ABR925974012494","Wasser","SEE940474876544, SEE992559962321, SEE918483749111, SEE931478434564",4,16400,"Müden Maschine ","Laufwasseranlage",0,1965,NA
"4171","ABR925974012494","Wasser","SEE966970929270, SEE997982071411, SEE944886199833, SEE985446296883",4,16400,"Neef Maschine ","Laufwasseranlage",0,1966,NA
"4172","ABR925974012494","Wasser","SEE971746670720, SEE999735538103, SEE966521084113, SEE991810618885",4,16400,"Fankel Maschine ","Laufwasseranlage",0,1963,NA
"4173","ABR925974012494","Wasser","SEE931158678738, SEE996485724770, SEE996357195448, SEE961061178896",4,16000,"Koblenz Maschine ","Laufwasseranlage",0,1951,NA
"4174","ABR925974012494","Wasser","SEE944656117388, SEE977356213593",2,16000,"Heimbach Maschine ","Speicherwasseranlage",0,1905,NA
"4175","ABR914764874992","Wasser","SEE931699316403, SEE919412154723, SEE916697461249",3,15000,"Dingolfing","Laufwasseranlage",0,1957,NA
"4176","ABR937352321692","Wasser","SEE938477978983, SEE965966201352, SEE968039156900, SEE927000188951",3,15000,"Biggekraftwerk","Speicherwasseranlage",0,1965,NA
"4177","ABR915068942295","Wasser","SEE952242150978, SEE944923156256, SEE989300885374, SEE964658207085",4,14200,"WKW Unteropfingen M","Laufwasseranlage",0,1924,NA
"4178","ABR914764874992","Wasser","SEE932259668697, SEE934999181948, SEE940552188637",3,14100,"Unterbergen K(Ro)","Laufwasseranlage",0,1983,NA
"4179","ABR925974012494","Wasser","SEE985107396679",1,14000,"Schwammenauel","Speicherwasseranlage",0,1938,NA
"4180","ABR925974012494","Wasser","SEE969618944758, SEE931088083121, SEE941420464426, SEE961196425506",4,13600,"Zeltingen Maschine ","Laufwasseranlage",0,1964,NA
"4181","ABR914764874992","Wasser","SEE909007092769, SEE935359739632, SEE996794687834",3,13500,"Merching","Laufwasseranlage",0,1978,NA
"4182","ABR914764874992","Wasser","SEE930232746332, SEE907294548426, SEE927477486369",3,13500,"Scheuring K(Ro)","Laufwasseranlage",0,1980,NA
"4183","ABR914764874992","Wasser","SEE932109633288, SEE948263410344, SEE972467909069",3,12900,"Schwabstadl K(Ro)","Laufwasseranlage",0,1981,NA
"4184","ABR914764874992","Wasser","SEE961284659301, SEE941328262162",2,12800,"Obernach F","Laufwasseranlage",0,1955,NA
"4185","ABR921440481122","Wasser","SEE943181515102, SEE962922475031, SEE978382998973",3,12630,"Meitingen","Laufwasseranlage",0,1922,NA
"4186","ABR914764874992","Wasser","SEE930248546148, SEE949049420311, SEE926125006225",3,12600,"Landau","Laufwasseranlage",0,1984,NA
"4187","ABR914764874992","Wasser","SEE950140538850, SEE988465448257, SEE960357727398",3,12600,"Dessau K(Ro)","Laufwasseranlage",0,1967,NA
"4188","ABR914764874992","Wasser","SEE969190320896, SEE991388294085, SEE932569427427",3,12600,"Pielweichs K","Laufwasseranlage",0,1994,NA
"4189","ABR921440481122","Wasser","SEE922767690112, SEE912827261192",2,12300,"Oberpeiching","Laufwasseranlage",0,1954,NA
"4190","ABR914764874992","Wasser","SEE923058511512, SEE901248773803, SEE982462684892",3,12300,"Ettling K","Laufwasseranlage",0,1988,NA
"4191","ABR914764874992","Wasser","SEE973546643669, SEE975578379660, SEE907339611450",3,12300,"Prittriching K(Ro)","Laufwasseranlage",0,1984,NA
"4192","ABR925974012494","Wasser","SEE911476679648, SEE918573116014",2,12100,"Serrig Maschine ","Laufwasseranlage",0,1985,NA
"4193","ABR920411149450","Wasser","SEE967558939506, SEE901604837408, SEE935602197158, SEE985755138850, SEE948936460041, SEE961245060139, SEE915246106037, SEE905826160993",8,12058.5,"Saalachkraftwerk ","Laufwasseranlage",0,1914,NA
"4194","ABR914764874992","Wasser","SEE929915888797, SEE954975672987, SEE926876352800",3,12000,"Urspring K(Ro) ","Laufwasseranlage",0,1966,NA
"4195","ABR921440481122","Wasser","SEE950641511031, SEE971021553687",2,11200,"Rain","Laufwasseranlage",0,1955,NA
"4196","ABR914764874992","Wasser","SEE977277909087, SEE992625046054, SEE949500107867",3,11200,"Mühltal F","Laufwasseranlage",0,1924,NA
"4197","ABR915068942295","Wasser","SEE965755251490, SEE929681132193, SEE982923767645, SEE925268162232",3,10800,"WKW Dettingen M","Laufwasseranlage",0,1927,NA
"4198","ABR915068942295","Wasser","SEE903626449133, SEE909482931270",2,10100,"Faimingen","Laufwasseranlage",0,1965,NA
"4199","ABR989402884855","Wasser","SEE998337266582, SEE906326722117, SEE973276921297, SEE911899162451",2,10037.5,"WKW Böfinger Halde Generator 1","Laufwasseranlage",0,1953,NA
"4200","ABR907042335667","Stromspeichereinheit",NA,11,1294000,"Vianden M","Pumpspeicher",0,1962,NA
"4201","ABR907324430387","Stromspeichereinheit",NA,2,1e+05,"Kyon-38 Battery Storage ","Batterie",0,2026,NA
"4202","ABR916115096862","Stromspeichereinheit",NA,1,40000,"BESS Manheimer Bucht 1","Batterie",0,2026,NA
"4203","ABR935182969404","Stromspeichereinheit",NA,1,12420,"Kyon-50 Battery Storage","Batterie",0,2027,NA
"4204","ABR907042335667","Stromspeichereinheit",NA,1,99000,"Batteriespeicher Neurath","Batterie",0,2025,NA
"4205","ABR998735752212","Stromspeichereinheit",NA,1,15000,"GBS KW Walsum","Batterie",0,2016,NA
"4206","ABR931557435161","Stromspeichereinheit",NA,1,47000,"SGE Duisburg-Walsum","Batterie",0,2026,NA
"4207","ABR983113762846","Stromspeichereinheit",NA,1,20000,"SEE_2025_4642_Föhren_BESS","Batterie",0,2025,NA
"4208","ABR998735752212","Stromspeichereinheit",NA,1,15000,"GBS KW Fenne","Batterie",0,2016,NA
"4209","ABR978317570168","Stromspeichereinheit",NA,1,3e+05,"ECO POWER FOUR","Batterie",0,2028,NA
"4210","ABR998735752212","Stromspeichereinheit",NA,1,15000,"GBS KW Weiher","Batterie",0,2016,NA
"4211","ABR985968818044","Stromspeichereinheit",NA,1,19800,"Kyon-41 Battery Storage","Batterie",0,2026,NA
"4212","ABR911599361659","Stromspeichereinheit","SEE983207682227",1,12000,"Speicher-Leimersdorf","Batterie",0,2026,NA
"4213","ABR998735752212","Stromspeichereinheit",NA,1,15000,"GBS KW Herne","Batterie",0,2016,NA
"4214","ABR918952916969","Stromspeichereinheit",NA,1,92500,"Batteriepark Metelen","Batterie",0,2026,NA
"4215","ABR902595304665","Stromspeichereinheit","SEE984190254156",1,12780,"Zell 1.1 Speicher","Batterie",0,2026,NA
"4216","ABR998735752212","Stromspeichereinheit",NA,1,15000,"GBS KW Bexbach","Batterie",0,2016,NA
"4217","ABR998735752212","Stromspeichereinheit",NA,1,15000,"GBS 2 KW Bexbach","Batterie",0,2016,NA
"4218","ABR942491613195","Stromspeichereinheit",NA,1,20000,"PV-Batteriespeicher Overath 1","Batterie",0,2026,NA
"4219","ABR973249061883","Stromspeichereinheit","SEE971669294270",1,12780,"Hesweiler Speicher","Batterie",0,2026,NA
"4220","ABR982105583193","Stromspeichereinheit",NA,1,45000,"Batteriespeicher Emsland","Batterie",0,2022,NA
"4221","ABR913279061811","Stromspeichereinheit",NA,1,15360,"BESS Leer Nord","Batterie",0,2026,NA
"4222","ABR932212103470","Stromspeichereinheit",NA,1,50000,"Batterie Weißenthurm-Kettig","Batterie",0,2026,NA
"4223","ABR907042335667","Stromspeichereinheit",NA,2,171080,"","Pumpspeicher",0,1989,NA
"4224","ABR922907721966","Stromspeichereinheit",NA,1,11920,"Q_ESS_Luenen","Batterie",0,2016,NA
"4225","ABR922907721966","Stromspeichereinheit",NA,2,19580,"","Batterie",0,2017,NA
"4226","ABR982105583193","Stromspeichereinheit",NA,1,72000,"Batteriespeicher Werne","Batterie",0,2022,NA
"4227","ABR943901418713","Stromspeichereinheit",NA,1,11500,"BESS Wehr – 11,5 MW","Batterie",0,2026,NA
"4228","ABR935436324768","Stromspeichereinheit",NA,4,910000,"KW Wehr MS ","Pumpspeicher",0,1975,NA
"4229","ABR935436324768","Stromspeichereinheit",NA,4,360000,"KW Säckingen ","Pumpspeicher",0,1966,NA
"4230","ABR907042335667","Stromspeichereinheit",NA,2,712240,"Batteriespeicher Westfalen ","Batterie",0,2024,NA
"4231","ABR940486198085","Stromspeichereinheit",NA,2,138000,"Pumpspeicherwerk Rönkhausen PSW","Pumpspeicher",0,2019,NA
"4232","ABR972562919970","Stromspeichereinheit",NA,1,13800,"green flexibility BESS Ennigerloh GmbH","Batterie",0,2026,NA
"4233","ABR999566358659","Stromspeichereinheit",NA,1,11900,"Energiewende-Speicher","Batterie",0,2018,NA
"4234","ABR935436324768","Stromspeichereinheit",NA,4,120000,"KW Häusern MS ","Pumpspeicher",0,1931,NA
"4235","ABR935436324768","Stromspeichereinheit",NA,4,176000,"KW Waldshut MS ","Pumpspeicher",0,1951,NA
"4236","ABR935436324768","Stromspeichereinheit",NA,4,220000,"KW Witznau MS ","Pumpspeicher",0,1946,NA
"4237","ABR951801588542","Stromspeichereinheit",NA,1,1e+05,"Kyon-65 Battery Storage","Batterie",0,2028,NA
"4238","ABR946299421976","Stromspeichereinheit",NA,1,10545,"BESS Kirschgartenweg 1","Batterie",0,2026,NA
"4239","ABR907617485391","Stromspeichereinheit",NA,1,12000,"Batteriespeicher HKW-West","Batterie",0,2026,NA
"4240","ABR915068942295","Stromspeichereinheit",NA,1,21700,"WKW Rudolf-Fettweis-Werk PSW Schwarzenbach M6","Pumpspeicher",0,1926,NA
"4241","ABR995234977986","Stromspeichereinheit","SEE999239610039",1,20190,"trlyr 8","Batterie",0,2026,NA
"4242","ABR931678066954","Stromspeichereinheit",NA,1,30000,"Batteriespeicher-Park Worms","Batterie",0,2026,NA
"4243","ABR985062114349","Stromspeichereinheit",NA,1,15000,"Batteriespeicher Prinzhöfte","Batterie",0,2026,NA
"4244","ABR932212103470","Stromspeichereinheit",NA,1,16000,"Batterie Rechtenbach","Batterie",0,2022,NA
"4245","ABR967916671758","Stromspeichereinheit",NA,1,3e+05,"ECO POWER SIX","Batterie",0,2029,NA
"4246","ABR924011581795","Stromspeichereinheit",NA,1,102960,"Kyon-51 Battery Storage","Batterie",0,2027,NA
"4247","ABR985095029641","Stromspeichereinheit",NA,1,18100,"Schaper Grid Energy Storage Herford","Batterie",0,2022,NA
"4248","ABR919956319381","Stromspeichereinheit",NA,1,60000,"Batteriespeicher Bremen","Batterie",0,2028,NA
"4249","ABR901047920507","Stromspeichereinheit",NA,1,18000,"Hybridregelkraftwerk","Batterie",0,2019,NA
"4250","ABR987772819477","Stromspeichereinheit",NA,1,20000,"Speicher 3","Batterie",0,2025,NA
"4251","ABR987772819477","Stromspeichereinheit",NA,2,12800,"Windpark Reußenköge Batteriespeicher ","Batterie",0,2024,NA
"4252","ABR914358874711","Stromspeichereinheit",NA,1,56000,"BESS Strübbel","Batterie",0,2026,NA
"4253","ABR934227154928","Stromspeichereinheit",NA,1,90000,"1.BEN - Batterie- und Energiepark Nord","Batterie",0,2026,NA
"4254","ABR924410946720","Stromspeichereinheit","SEE965347778626",1,10030,"Speicher Altenstadt / Limeshain","Batterie",0,2027,NA
"4255","ABR914764874992","Stromspeichereinheit",NA,2,70000,"Bringhausen M","Pumpspeicher",0,1931,NA
"4256","ABR914764874992","Stromspeichereinheit",NA,2,480000,"Waldeck 2 F","Pumpspeicher",0,1974,NA
"4257","ABR914764874992","Stromspeichereinheit",NA,1,75000,"Waldeck 1 Pumpspeicher","Pumpspeicher",0,1931,NA
"4258","ABR988763171093","Stromspeichereinheit",NA,1,146500,"Kyon-53 Battery Storage","Batterie",0,2027,NA
"4259","ABR948497366233","Stromspeichereinheit",NA,1,17000,"VPI Bad Wildungen BESS","Batterie",0,2026,NA
"4260","ABR962434023836","Stromspeichereinheit",NA,1,146500,"Kyon-56 Battery Storage","Batterie",0,2027,NA
"4261","ABR985310436612","Stromspeichereinheit",NA,1,48000,"BESS Jardelund","Batterie",0,2018,NA
"4262","ABR920405658623","Stromspeichereinheit","SEE984446277410",1,12000,"Büttel Speicher","Batterie",0,2023,NA
"4263","ABR915068942295","Stromspeichereinheit",NA,1,1e+05,"Speicher Batterie100 Marbach am Neckar","Batterie",0,2026,NA
"4264","ABR994860618744","Stromspeichereinheit",NA,1,20000,"Kyon-100 Battery Storage","Batterie",0,2026,NA
"4265","ABR915068942295","Stromspeichereinheit",NA,2,90000,"PSW Glems ","Pumpspeicher",0,1964,NA
"4266","ABR924410946720","Stromspeichereinheit","SEE910033689748",1,13416,"Stromspeicher – Bad Orb","Batterie",0,2026,NA
"4267","ABR918952916969","Stromspeichereinheit",NA,2,130000,"Battery Park Höxter ","Batterie",0,2027,NA
"4268","ABR902772494981","Stromspeichereinheit",NA,1,15000,"Terra One Energy Grid 2 GmbH","Batterie",0,2025,NA
"4269","ABR985623752263","Stromspeichereinheit","SEE999714255243",1,10224,"Aasbüttel Speicher","Batterie",0,2026,NA
"4270","ABR948632491394","Stromspeichereinheit",NA,1,103000,"ECO POWER TWO","Batterie",0,2026,NA
"4271","ABR963986876604","Stromspeichereinheit",NA,2,103500,"ECO POWER ONE ","Batterie",0,2025,NA
"4272","ABR996159873315","Stromspeichereinheit","SEE912580321386",1,10320,"Pfaffenklinge Speicher","Batterie",0,2026,NA
"4273","ABR902592972270","Stromspeichereinheit",NA,1,15500,"BESS Wertheim","Batterie",0,2026,NA
"4274","ABR905147749402","Stromspeichereinheit","SEE904434353421",1,10080,"Batteriespeicher Jagel","Batterie",0,2026,NA
"4275","ABR997481012212","Stromspeichereinheit",NA,1,14200,"GS Solargarten","Batterie",0,2025,NA
"4276","ABR938084769295","Stromspeichereinheit",NA,2,168400,"Langenprozelten E F","Pumpspeicher",0,1976,NA
"4277","ABR981012087725","Stromspeichereinheit",NA,3,11400,"Tiste BESS","Batterie",0,2026,NA
"4278","ABR901203303755","Stromspeichereinheit",NA,1,14000,"Batteriespeicher Herrenhausen","Batterie",0,2017,NA
"4279","ABR932212103470","Stromspeichereinheit",NA,1,12000,"Batterie Hessisch Lichtenau","Batterie",0,2022,NA
"4280","ABR922267365824","Stromspeichereinheit",NA,1,53470,"Großbatteriespeicher Alfeld","Batterie",0,2026,NA
"4281","ABR915068942295","Stromspeichereinheit",NA,1,12000,"illwerke vkw Rellswerk M1","Pumpspeicher",0,2017,NA
"4282","ABR906942683205","Stromspeichereinheit","SEE976352702957",1,17250,"trlyr 9","Batterie",0,2026,NA
"4283","ABR986860240483","Stromspeichereinheit",NA,1,24500,"BESS-Einbeck","Batterie",0,2026,NA
"4284","ABR950977059382","Stromspeichereinheit",NA,1,22396,"Batteriespeicher","Batterie",0,2026,NA
"4285","ABR915068942295","Stromspeichereinheit",NA,5,280000,"illwerke vkw Lünerseewerk M","Pumpspeicher",0,1957,NA
"4286","ABR915068942295","Stromspeichereinheit",NA,1,295000,"illwerke vkw Rodundwerk II M1","Pumpspeicher",0,2011,NA
"4287","ABR915068942295","Stromspeichereinheit",NA,1,50000,"illwerke vkw Rodundwerk I M2","Pumpspeicher",0,1943,NA
"4288","ABR942003369305","Stromspeichereinheit",NA,1,16000,"Field Waldkappel","Batterie",0,2025,NA
"4289","ABR937092328135","Stromspeichereinheit",NA,1,44792,"enercity BESS Lehrte-Ahlten 1","Batterie",0,2026,NA
"4290","ABR912255793326","Stromspeichereinheit",NA,1,220000,"Pumpspeicherkraftwerk Erzhausen","Pumpspeicher",0,1964,NA
"4291","ABR985302903962","Stromspeichereinheit",NA,1,24500,"BES NM","Batterie",0,2024,NA
"4292","ABR915068942295","Stromspeichereinheit",NA,3,525000,"illwerke vkw Kopswerk II M","Pumpspeicher",0,2008,NA
"4293","ABR911461408246","Stromspeichereinheit",NA,1,15000,"Batteriespeicherkraftwerk","Batterie",0,2019,NA
"4294","ABR915068942295","Stromspeichereinheit",NA,2,380000,"Obervermuntwerk II Maschine ","Pumpspeicher",0,2018,NA
"4295","ABR998730980924","Stromspeichereinheit",NA,1,15000,"BESS Bergtheim","Batterie",0,2027,NA
"4296","ABR962767237566","Stromspeichereinheit",NA,1,10080,"Großbatteriespeicher Illertissen","Batterie",0,2025,NA
"4297","ABR962767237566","Stromspeichereinheit",NA,1,10080,"Großbatteriespeicher Illertissen","Batterie",0,2025,NA
"4298","ABR965334605621","Stromspeichereinheit",NA,1,19600,"SMAREG12 Vöhringen I","Batterie",0,2025,NA
"4299","ABR921704480304","Stromspeichereinheit",NA,1,15000,"trlyr 5","Batterie",0,2026,NA
"4300","ABR962767237566","Stromspeichereinheit",NA,1,10080,"Großbatteriespeicher Untereichen","Batterie",0,2025,NA
"4301","ABR962767237566","Stromspeichereinheit",NA,1,10080,"Großbatteriespeicher Nersingen","Batterie",0,2025,NA
"4302","ABR962767237566","Stromspeichereinheit",NA,1,10080,"Großbatteriespeicher Heimertingen","Batterie",0,2025,NA
"4303","ABR989644624141","Stromspeichereinheit",NA,1,60000,"SMAREG4 Wartburgspeicher Eisenach","Batterie",0,2022,NA
"4304","ABR904881155135","Stromspeichereinheit",NA,1,15800,"BESS Immenstadt","Batterie",0,2025,NA
"4305","ABR914788743809","Stromspeichereinheit",NA,1,56406,"BESS Wetzen","Batterie",0,2026,NA
"4306","ABR962767237566","Stromspeichereinheit",NA,1,10080,"Großbatteriespeicher Bubesheim","Batterie",0,2025,NA
"4307","ABR932212103470","Stromspeichereinheit",NA,1,20700,"Batterie Iphofen","Batterie",0,2022,NA
"4308","ABR962767237566","Stromspeichereinheit",NA,1,10080,"Großbatteriespeicher Lauben","Batterie",0,2025,NA
"4309","ABR932212103470","Stromspeichereinheit",NA,1,10350,"Batterie Eisenach","Batterie",0,2022,NA
"4310","ABR917063786638","Stromspeichereinheit",NA,2,22900,"","Batterie",0,2018,NA
"4311","ABR988666610835","Stromspeichereinheit",NA,3,120000,"PSW Geesthacht PSS ","Pumpspeicher",0,1958,NA
"4312","ABR962767237566","Stromspeichereinheit",NA,1,10080,"Großbatteriespeicher Burgau","Batterie",0,2025,NA
"4313","ABR983327904544","Stromspeichereinheit",NA,1,20000,"PowerCenter Salzgitter 1","Batterie",0,2026,NA
"4314","ABR914871779159","Stromspeichereinheit",NA,1,13272,"BESS Brietlingen","Batterie",0,2026,NA
"4315","ABR928374642575","Stromspeichereinheit",NA,1,38300,"BESS Balzhausen 2 green flexibility","Batterie",0,2026,NA
"4316","ABR954720125034","Stromspeichereinheit",NA,1,20000,"Batteriespeicher Knetzgau","Batterie",0,2026,NA
"4317","ABR932367683483","Stromspeichereinheit",NA,1,10350,"BESS Waltershausen","Batterie",0,2025,NA
"4318","ABR962767237566","Stromspeichereinheit",NA,1,10080,"Großbatteriespeicher Höchstädt","Batterie",0,2025,NA
"4319","ABR932212103470","Stromspeichereinheit",NA,1,20700,"Batterie Diespeck","Batterie",0,2022,NA
"4320","ABR962767237566","Stromspeichereinheit",NA,1,20160,"Großbatteriespeicher Irsingen","Batterie",0,2025,NA
"4321","ABR962767237566","Stromspeichereinheit",NA,1,25200,"Großbatteriespeicher Irsingen","Batterie",0,2025,NA
"4322","ABR962767237566","Stromspeichereinheit",NA,1,30240,"Großbatteriespeicher","Batterie",0,2025,NA
"4323","ABR978968772379","Stromspeichereinheit","SEE921637592464",1,13170,"trlyr 31","Batterie",0,2026,NA
"4324","ABR962767237566","Stromspeichereinheit",NA,1,20160,"Großbatteriespeicher Schwenningen","Batterie",0,2025,NA
"4325","ABR962767237566","Stromspeichereinheit",NA,1,10080,"Großbatteriespeicher Horgau","Batterie",0,2025,NA
"4326","ABR971239871825","Stromspeichereinheit",NA,1,50000,"BESS Rockensußra","Batterie",0,2026,NA
"4327","ABR962767237566","Stromspeichereinheit",NA,1,10080,"Großbatteriespeicher Langerringen","Batterie",0,2025,NA
"4328","ABR902645313012","Stromspeichereinheit",NA,1,10350,"PES Ohrdruf","Batterie",0,2024,NA
"4329","ABR932212103470","Stromspeichereinheit",NA,1,16000,"Batterie Schwabmünchen","Batterie",0,2022,NA
"4330","ABR904352940161","Stromspeichereinheit",NA,1,32040,"SMAREG6 Gunzenhausen","Batterie",0,2024,NA
"4331","ABR994641387562","Stromspeichereinheit",NA,1,12000,"SMAREG5 Hildburghausen","Batterie",0,2022,NA
"4332","ABR936221867897","Stromspeichereinheit",NA,1,12000,"SMAREG7 Monheim","Batterie",0,2024,NA
"4333","ABR921440481122","Stromspeichereinheit",NA,1,12520,"Gersthofen BS1","Batterie",0,2025,NA
"4334","ABR901300660683","Stromspeichereinheit",NA,1,12000,"SMAREG3 Eisfeld","Batterie",0,2022,NA
"4335","ABR988666610835","Stromspeichereinheit",NA,2,80000,"PSW Wendefurth PSS ","Pumpspeicher",0,1967,NA
"4336","ABR976760522116","Stromspeichereinheit",NA,2,5e+05,"KW Silz - Maschine ","Pumpspeicher",0,1981,NA
"4337","ABR976760522116","Stromspeichereinheit",NA,2,289000,"KW Kühtai - Maschine ","Pumpspeicher",0,1981,NA
"4338","ABR988666610835","Stromspeichereinheit",NA,4,1060000,"PSW Goldisthal PSS ","Pumpspeicher",0,2003,NA
"4339","ABR927157249000","Stromspeichereinheit","SEE906749239827",1,25000,"Stromspeicher Jesow","Batterie",0,2026,NA
"4340","ABR993904967541","Stromspeichereinheit",NA,1,17500,"Thale59","Batterie",0,2027,NA
"4341","ABR906803746957","Stromspeichereinheit",NA,1,15000,"Batteriespeicher Kunrau – UW Kunrau","Batterie",0,2027,NA
"4342","ABR940470825270","Stromspeichereinheit",NA,1,10350,"Second Foundation BESS Königsee","Batterie",0,2025,NA
"4343","ABR924785063442","Stromspeichereinheit",NA,1,13800,"BESS Quedlinburg","Batterie",0,2025,NA
"4344","ABR974709308340","Stromspeichereinheit",NA,1,15000,"BESS Harzgerode","Batterie",0,2027,NA
"4345","ABR990327284545","Stromspeichereinheit",NA,1,17280,"BESS Grevesmühlen","Batterie",0,2026,NA
"4346","ABR989079290348","Stromspeichereinheit",NA,1,13800,"Second Foundation BESS Oberröblingen","Batterie",0,2025,NA
"4347","ABR917598812901","Stromspeichereinheit",NA,1,103500,"ECO POWER FIVE GmbH","Batterie",0,2028,NA
"4348","ABR988666610835","Stromspeichereinheit",NA,8,320000,"PSW Hohenwarte 2 PSS ","Pumpspeicher",0,1965,NA
"4349","ABR914764874992","Stromspeichereinheit",NA,4,160000,"Happurg F","Pumpspeicher",0,1958,NA
"4350",NA,"Stromspeichereinheit",NA,2,60000,"PSW Hohenwarte 1 PSS ","Pumpspeicher",1,1959,NA
"4351","ABR914796709125","Stromspeichereinheit",NA,1,12000,"BESS Hettstedt","Batterie",0,2025,NA
"4352","ABR901162720907","Stromspeichereinheit",NA,1,13416,"BESS Groß Laasch","Batterie",0,2026,NA
"4353","ABR903690099142","Stromspeichereinheit",NA,1,15120,"Batteriespeicher Reisgang","Batterie",0,2026,NA
"4354","ABR981242264477","Stromspeichereinheit",NA,1,10350,"trlyr 3","Batterie",0,2025,NA
"4355","ABR960029253064","Stromspeichereinheit",NA,1,57960,"Kyon-42 Battery Storage","Batterie",0,2026,NA
"4356","ABR906445302191","Stromspeichereinheit",NA,1,23700,"Kyon-26 Battery Storage","Batterie",0,2026,NA
"4357","ABR903690099142","Stromspeichereinheit",NA,1,15120,"Batteriespeicher Marktleugast","Batterie",0,2026,NA
"4358","ABR976207446951","Stromspeichereinheit",NA,1,3e+05,"ECO POWER THREE","Batterie",0,2027,NA
"4359","ABR990512880934","Stromspeichereinheit",NA,1,20000,"Batteriespeicher Holzkirchen","Batterie",0,2026,NA
"4360","ABR988666610835","Stromspeichereinheit",NA,2,80000,"PSW Bleiloch PSS ","Pumpspeicher",0,1932,NA
"4361","ABR961787390190","Stromspeichereinheit",NA,1,104500,"Stendal BESS","Batterie",0,2026,NA
"4362","ABR989044820808","Stromspeichereinheit",NA,1,20700,"Speicher Karstädt","Batterie",0,2025,NA
"4363","ABR977696921097","Stromspeichereinheit","SEE920510769771",1,25200,"BESS Sandhagen","Batterie",0,2027,NA
"4364","ABR913858159946","Stromspeichereinheit","SEE913755727583",1,10030,"BESS Kriegswiese","Batterie",0,2027,NA
"4365","ABR934638879540","Stromspeichereinheit","SEE966769248636",1,24000,"Batteriespeicher Photovoltaik LAKO Angern","Batterie",0,2026,NA
"4366","ABR902428448054","Stromspeichereinheit",NA,1,20500,"SMAREG8 Calbe","Batterie",0,2024,NA
"4367","ABR954274120745","Stromspeichereinheit",NA,1,50940,"BESS Krumpa I","Batterie",0,2026,NA
"4368","ABR999401230768","Stromspeichereinheit",NA,3,92000,"SWM Leitzach ","Pumpspeicher",0,1960,NA
"4369","ABR940365157189","Stromspeichereinheit","SEE935322911287",1,22563,"TEP Vesta GmbH ＆ Co KG (Speicher)","Batterie",0,2026,NA
"4370","ABR989495737847","Stromspeichereinheit",NA,1,15800,"Speicher Tangermünde","Batterie",0,2024,NA
"4371","ABR942699376991","Stromspeichereinheit",NA,1,50940,"BESS Leuna 4","Batterie",0,2026,NA
"4372","ABR940228980657","Stromspeichereinheit",NA,1,50940,"BESS Leuna 3","Batterie",0,2026,NA
"4373","ABR912387761507","Stromspeichereinheit",NA,1,12000,"Klaron Neunte Energie (Weißenfels 1)","Batterie",0,2026,NA
"4374","ABR961353941788","Stromspeichereinheit",NA,1,50940,"BESS Leuna 2","Batterie",0,2026,NA
"4375","ABR963082122353","Stromspeichereinheit",NA,1,50940,"BESS Leuna 1","Batterie",0,2026,NA
"4376","ABR957063689461","Stromspeichereinheit",NA,1,12000,"BEE Merseburg GmbH","Batterie",0,2025,NA
"4377","ABR999401230768","Stromspeichereinheit",NA,10,26100,"SWM Uppenborn 1 BSP","Batterie",0,2022,NA
"4378","ABR905180285950","Stromspeichereinheit",NA,1,20000,"20 MW Batteriespeicher","Batterie",0,2026,NA
"4379","ABR987292969263","Stromspeichereinheit",NA,1,11263,"BESS Halle (Saale)","Batterie",0,2025,NA
"4380","ABR934913987328","Stromspeichereinheit","SEE989525935199",1,10800,"Regenstauf-Buchenlohe 1 Batterie","Batterie",0,2026,NA
"4381","ABR941615518163","Stromspeichereinheit",NA,1,25000,"BESS_Werle","Batterie",0,2027,NA
"4382","ABR977280905571","Stromspeichereinheit",NA,1,10224,"24203 SP Passow II Weisin Speicher","Batterie",0,2026,NA
"4383","ABR963637873662","Stromspeichereinheit","SEE926694397113",1,10800,"BESS Diesenbach BF 2","Batterie",0,2027,NA
"4384","ABR963795573701","Stromspeichereinheit","SEE995184714136",1,17560,"Solar Zerbst Batterie","Batterie",0,2025,NA
"4385","ABR966765833386","Stromspeichereinheit",NA,2,101000,"BESS - DE - ARZBERG - GMR","Batterie",0,2025,NA
"4386","ABR970023203286","Stromspeichereinheit",NA,1,210000,"BESS_Sabel","Batterie",0,2027,NA
"4387","ABR965074943014","Stromspeichereinheit",NA,1,17250,"BESS Tirpersdorf","Batterie",0,2026,NA
"4388","ABR932212103470","Stromspeichereinheit",NA,1,41400,"Batterie Coschütz","Batterie",0,2026,NA
"4389","ABR948334917826","Stromspeichereinheit","SEE932907515472",1,13800,"Elsteraue Battery Storage","Batterie",0,2022,NA
"4390","ABR965734942418","Stromspeichereinheit",NA,1,20295,"BES ELS","Batterie",0,2024,NA
"4391","ABR926222717024","Stromspeichereinheit",NA,1,150000,"BESS_Bentwisch","Batterie",0,2027,NA
"4392","ABR984442488490","Stromspeichereinheit",NA,1,12500,"Speicher Roitzsch","Batterie",0,2026,NA
"4393","ABR973937302977","Stromspeichereinheit",NA,2,41500,"","Batterie",0,1959,NA
"4394","ABR973937302977","Stromspeichereinheit",NA,3,99000,"Pfreimd R","Pumpspeicher",0,1955,NA
"4395","ABR976700826632","Stromspeichereinheit",NA,1,17250,"BES GRO","Batterie",0,2019,NA
"4396","ABR958577446472","Stromspeichereinheit","SEE932750106643",1,11180,"BESS Beerendorf","Batterie",0,2027,NA
"4397","ABR928941149414","Stromspeichereinheit",NA,1,10100,"BESS Werdau","Batterie",0,2026,NA
"4398","ABR932926516955","Stromspeichereinheit",NA,1,1e+06,"GigaBattery Lippendorf 1000","Batterie",0,2028,NA
"4399","ABR929322061196","Stromspeichereinheit",NA,4,13600,"Partition_","Batterie",0,2017,NA
"4400","ABR948334917826","Stromspeichereinheit","SEE961989517128",1,13883,"Bad Düben Battery Storage","Batterie",0,2022,NA
"4401","ABR921213385473","Stromspeichereinheit",NA,1,16425,"BES BEN","Batterie",0,2018,NA
"4402","ABR905956843650","Stromspeichereinheit",NA,1,60000,"BEES Kränzlin","Batterie",0,2026,NA
"4403","ABR971309606203","Stromspeichereinheit","SEE930343596277",1,36000,"BESS Schlön","Batterie",0,2026,NA
"4404","ABR977618448695","Stromspeichereinheit","SEE913676481137",1,18400,"TEP Flora GmbH ＆ Co KG (Speicher)","Batterie",0,2026,NA
"4405","ABR988666610835","Stromspeichereinheit",NA,6,1050000,"PSW Markersbach PSS ","Pumpspeicher",0,1979,NA
"4406","ABR992411297332","Stromspeichereinheit",NA,1,15800,"Batteriespeicher Chemnitz GmbH ＆ Co. KG","Batterie",0,2017,NA
"4407","ABR949076866342","Stromspeichereinheit",NA,1,25000,"BESS_Klevenow","Batterie",0,2027,NA
"4408","ABR903837623278","Stromspeichereinheit",NA,1,44720,"Beilrode II - BESS - CoLocation","Batterie",0,2026,NA
"4409","ABR903837623278","Stromspeichereinheit",NA,1,76024,"Beilrode - BESS Co-Location (UW Ost)","Batterie",0,2026,NA
"4410","ABR903837623278","Stromspeichereinheit","SEE913483427694",1,10400,"Speicher Beilrode II - Teilanlage 1","Batterie",0,2025,NA
"4411","ABR993144943596","Stromspeichereinheit",NA,1,15804,"trlyr 4","Batterie",0,2025,NA
"4412","ABR915209255888","Stromspeichereinheit","SEE933996098181",1,15750,"BESS Löwenberger Land I","Batterie",0,2026,NA
"4413","ABR915209255888","Stromspeichereinheit","SEE937755233493",1,22500,"BESS Löwenberger Land II","Batterie",0,2026,NA
"4414","ABR951581837830","Stromspeichereinheit",NA,1,1e+05,"BESS_Gransee_groß","Batterie",0,2027,NA
"4415","ABR996723278485","Stromspeichereinheit",NA,1,58000,"Kyon-101 Battery Storage","Batterie",0,2027,NA
"4416","ABR995829519652","Stromspeichereinheit",NA,1,20000,"SMAREG9 Freiberg","Batterie",0,2024,NA
"4417","ABR940594298417","Stromspeichereinheit",NA,1,25000,"Batteriespeicher JT Energy Systems GmbH","Batterie",0,2022,NA
"4418",NA,"Stromspeichereinheit",NA,2,40000,"PSW Niederwartha PSS ","Pumpspeicher",1,1958,NA
"4419","ABR924571267894","Stromspeichereinheit",NA,1,12000,"BES DD","Batterie",0,2022,NA
"4420","ABR982988239613","Stromspeichereinheit","SEE963224111412",1,22000,"Batteriespeicher Cremzow","Batterie",0,2018,NA
"4421","ABR932920354027","Stromspeichereinheit","SEE908016184137",1,16000,"Batteriespeicher","Batterie",0,2026,NA
"4422","ABR979040163139","Stromspeichereinheit","SEE945365634999",1,25000,"Tibo Photovoltaik Gottesgabe 3 - Speicher","Batterie",0,2027,NA
"4423","ABR924016454384","Stromspeichereinheit","SEE908939522733",1,32400,"BESS Bergholz","Batterie",0,2026,NA
"4424","ABR967895852209","Stromspeichereinheit",NA,1,66000,"Big Battery Lausitz","Batterie",0,2020,NA
"4425","ABR993258699907","Stromspeichereinheit",NA,1,12000,"GEPVOLT 2 BATTERY GmbH","Batterie",0,2026,NA
"4426","ABR986258318664","Stromspeichereinheit",NA,1,32200,"BESS Kahsel","Batterie",0,2026,NA
"4427","ABR932926516955","Stromspeichereinheit",NA,1,1e+06,"GigaBattery Jänschwalde 2000","Batterie",0,2028,NA
"4428","ABR932926516955","Stromspeichereinheit",NA,1,1e+06,"GigaBattery Jänschwalde 1000","Batterie",0,2027,NA
"4429","ABR932926516955","Stromspeichereinheit",NA,1,1e+05,"GridBattery Heinersbrück 100","Batterie",0,2027,NA
"4430","ABR932926516955","Stromspeichereinheit",NA,1,1e+06,"GigaBattery Boxberg 1000","Batterie",0,2028,NA
"4431","ABR932926516955","Stromspeichereinheit",NA,1,4e+05,"GigaBattery Boxberg 400","Batterie",0,2027,NA
"4432","ABR932926516955","Stromspeichereinheit",NA,1,1e+05,"Big Battery Oberlausitz","Batterie",0,2026,NA
"4433","ABR975042035634","Stromspeichereinheit","SEE972894381872",15,46340,"","Batterie",0.0666666666666667,2014,NA
"4434","ABR995447323334","Biomasse","SEE934186668986, SEE956633170538, SEE975007696191, SEE990954339502, SEE973646665912, SEE932482220433, SEE951990574296, SEE930528221833, SEE978879033972, SEE975322898515",10,15089,"BHKW 1","Biogas",0,2005,"KWK961912834308"
"4435","ABR929167688565","Biomasse","SEE963030891539, SEE903767538864, SEE905539392322, SEE948097271128, SEE991655637386, SEE921370286774, SEE938639952295, SEE943132425573, SEE988200309768, SEE983659383482, SEE952173845431, SEE900629107138",12,18969,"BHKW 2","Biogas",0,2006,"KWK967433916585"
"4436","ABR938168939637","Biomasse","SEE939989113299, SEE997455013214, SEE928713714703, SEE902955080857, SEE987576765949, SEE961813539029, SEE945447407992, SEE973688503241, SEE966723514852, SEE966730949203, SEE907462518343, SEE901874338452, SEE921362200214, SEE949965900171, SEE970313657485, SEE973005742315, SEE922127186262, SEE919158317499, SEE901176667656, SEE934574816722, SEE974535500635, SEE906955914129, SEE958330851079, SEE949048855701, SEE998347394978, SEE981065674477, SEE980855202265",27,38859,"BHKW 3","Biogas",0,2007,"KWK905359482180"
"4437","ABR938249833854","Biomasse","SEE993208260898, SEE952462070315, SEE936677280295, SEE983568345908, SEE960801491783, SEE995877950063, SEE928370287633, SEE991321973862, SEE921107192767, SEE923379646047, SEE999017850800, SEE910075221593, SEE911630335144, SEE903090782514, SEE926496085973, SEE948772028054, SEE953087405261, SEE928125180271, SEE949104051993, SEE956157457757, SEE913629863829, SEE919276586692",22,31045,"BHKW 4","Biogas",0,2002,"KWK927135164998"
"4438","ABR918483294475","Biomasse","SEE972735724790, SEE923404988159, SEE911775602897, SEE921109479248, SEE977161302734, SEE936662407911, SEE920704094856, SEE950611598741, SEE912494951280, SEE938493896629, SEE949081731321, SEE920801206961",12,20255,"BHKW 5","Biogas",0,2002,"KWK970047292495"
"4439","ABR983267124088","Biomasse","SEE986195659547, SEE986199327602, SEE951412377504, SEE926060705511, SEE985575362435, SEE969963499897, SEE981514219747",7,10823,"BHKW 6","Biogas",0,2019,"KWK949410784387"
"4440","ABR929281724965","Biomasse","SEE926614659772",1,23000,"BMHKW","Altholz, Gebrauchtholz, Holz(sperr)müll",0,2006,"KWK946090334109"
"4441","ABR918975416231","Biomasse","SEE956906670420",1,20000,"BMHKW Bergkamen","Wald-Stammholz, Rundholz",0,2005,"KWK944019627639"
"4442","ABR991967582008","Biomasse","SEE944498947082",1,12600,"BMHKW Biomasseheizkraftwerk Elsterwerda","Altholz, Gebrauchtholz, Holz(sperr)müll",0,2004,"KWK954356026583"
"4443","ABR938302580886","Biomasse","SEE998802179607",1,25700,"BMHKW Horn","Altholz, Gebrauchtholz, Holz(sperr)müll",0,2000,"KWK966646097302"
"4444","ABR987228640990","Biomasse","SEE921830733190",1,10626,"BMHKW Malchin DT","Altholz, Gebrauchtholz, Holz(sperr)müll",0,2003,"KWK903790736954"
"4445","ABR996401106758","Biomasse","SEE952794027650",1,20000,"BMHKW Piesteritz","Wald-Holzhackschnitzel, Wald-Scheitholz, -Kronenholz",0,2008,"KWK946040592054"
"4446","ABR902388041678","Biomasse","SEE907030791383",1,11400,"BMHKW der ESWE BioEnergie","Altholz, Gebrauchtholz, Holz(sperr)müll",0,2013,"KWK912545649722"
"4447","ABR999943071645","Biomasse","SEE929516405690",1,20500,"BMK Lünen","Altholz, Gebrauchtholz, Holz(sperr)müll",0,2006,NA
"4448","ABR996401106758","Biomasse","SEE989520528877",1,20000,"BMKW Bischofferode","Wald-Holzhackschnitzel, Wald-Scheitholz, -Kronenholz",1,2005,NA
"4449","ABR905920218880","Biomasse","SEE964448645769",1,20000,"BMKW Delitzsch","Altholz, Gebrauchtholz, Holz(sperr)müll",0,2004,NA
"4450","ABR977766043292","Biomasse","SEE955696590697",1,20600,"BMKW Königs Wusterhausen","Altholz, Gebrauchtholz, Holz(sperr)müll",0,2003,NA
"4451","ABR977766043292","Biomasse","SEE907276435515",1,20000,"BMKW Mannheim","Altholz, Gebrauchtholz, Holz(sperr)müll",0,2003,NA
"4452","ABR942530405743","Biomasse","SEE932713248328",1,15000,"BMKW Wicker","Altholz, Gebrauchtholz, Holz(sperr)müll",0,2003,NA
"4453","ABR929565467625","Biomasse","SEE979656996589",1,15700,"BioHKW Herbrechtingen GmbH","Altholz, Gebrauchtholz, Holz(sperr)müll",0,2004,"KWK907500455395"
"4454","ABR974008020066","Biomasse","SEE972034775981",1,20000,"Biomass Heizkraftwerk Recklinghausen","Altholz, Gebrauchtholz, Holz(sperr)müll",0,2004,"KWK909567136514"
"4455","ABR944706218935","Biomasse","SEE939643489500",1,20000,"Biomasse Heizkraftwerk Siegerland (BHSi)","Altholz, Gebrauchtholz, Holz(sperr)müll",0,2006,"KWK918631193353"
"4456","ABR977477035746","Biomasse","SEE992398329613",1,20000,"Biomasse-HKW Oberkirch","Rinde und Landschaftspflegeholz",0,2024,"KWK907706691450"
"4457","ABR991195295770","Biomasse","SEE943096190258",1,12430,"Biomasse-Kraftwerk Fechenheim GmbH","Altholz, Gebrauchtholz, Holz(sperr)müll",0,2004,"KWK963925029542"
"4458","ABR940486198085","Biomasse","SEE929069715185",1,20000,"Biomasse-Verstromungs-Anlage","Altholz, Gebrauchtholz, Holz(sperr)müll",0,2004,"KWK971518635599"
"4459","ABR932409823716","Biomasse","SEE903171052819, SEE928894621579, SEE915538369669",3,23363,"Biomasseheizkraftwerk","Rinde und Landschaftspflegeholz",0,1998,"KWK958498250134"
"4460","ABR925244483504","Biomasse","SEE931494186256",1,18300,"Biomasseheizkraftwerk Wismar","Feste biogene Stoffe",0,2023,"KWK956425049868"
"4461","ABR912255793326","Biomasse","SEE904771605146",1,20000,"Biomassekraftwerk Emden","Altholz, Gebrauchtholz, Holz(sperr)müll",0,2004,"KWK965764126741"
"4462","ABR912255793326","Biomasse","SEE916134140720",1,20000,"Biomassekraftwerk Landesbergen","Altholz, Gebrauchtholz, Holz(sperr)müll",0,2003,NA
"4463","ABR999780788287","Biomasse","SEE928262059652, SEE973647221858, SEE947540189959, SEE937452598307, SEE910241049976",5,11600,"Block 1","Altholz, Gebrauchtholz, Holz(sperr)müll",0.6,1992,"KWK996506190447"
"4464",NA,"Biomasse","SEE909323889876",1,12672,"Boehringer Ingelheim - 2336 - K8/T7","Altholz, Gebrauchtholz, Holz(sperr)müll",1,1983,"KWK946119848099"
"4465","ABR919384234843","Biomasse","SEE938349787705",1,12500,"DT2","Altholz, Gebrauchtholz, Holz(sperr)müll",0,2019,"KWK974776309622"
"4466","ABR956205387616","Biomasse","SEE976325553869",1,28500,"DTS 1","Brennlauge, Schwarzlauge, Sulfitablauge",0,1966,"KWK900692271637"
"4467","ABR948091314388","Biomasse","SEE991539102320",1,21975,"Dinslakener Holz-Energiezentrum CTE","Altholz, Gebrauchtholz, Holz(sperr)müll",0,2025,"KWK994856914171"
"4468","ABR955223232007","Biomasse","SEE998909352200",1,11656,"EA-46950","Stroh, Strohpellets",0,2013,"KWK943520799668"
"4469","ABR907670171910","Biomasse","SEE930197122479",1,19700,"Energieanlage 3","Feste biogene Stoffe",0,2002,"KWK925850847837"
"4470","ABR937659587982","Biomasse","SEE946556052639",1,20000,"GSH Green Steam Hürth GmbH","Wald-Holzhackschnitzel, Wald-Scheitholz, -Kronenholz",0,2023,"KWK916638417281"
"4471","ABR906732650110","Biomasse","SEE938639845887",1,21638,"HHKW Berlin-Neukölln","Altholz, Gebrauchtholz, Holz(sperr)müll",0,2004,"KWK962285507431"
"4472","ABR985412107342","Biomasse","SEE909373287806",1,10800,"Heizkraftwerk Altenstadt","Altholz, Gebrauchtholz, Holz(sperr)müll",0,1999,"KWK930700072475"
"4473","ABR910370239262","Biomasse","SEE950132255796",1,17000,"Holzheizkraftwerk Cuxhaven","Wald-Holzhackschnitzel, Wald-Scheitholz, -Kronenholz",0,2023,"KWK927502395505"
"4474","ABR928844178122","Biomasse","SEE976945777003, SEE999630346957",2,18565,"KWK Baruth","Altholz, Gebrauchtholz, Holz(sperr)müll",0,2002,"KWK910024287465"
"4475","ABR970041037054","Biomasse","SEE909387693235",1,13309,"KWK Gütersloh","Altholz, Gebrauchtholz, Holz(sperr)müll",0,2000,"KWK917166919704"
"4476","ABR931786615600","Biomasse","SEE980004472600, SEE928382664095",2,20675,"KWK Neumarkt","Altholz, Gebrauchtholz, Holz(sperr)müll",0,2001,"KWK905380360785"
"4477","ABR976387142384","Biomasse","SEE951220926673, SEE990151320914",2,16850,"KWK-Anlage","Rinde und Landschaftspflegeholz",0,2007,"KWK900618283294"
"4478","ABR990322982668","Biomasse","SEE964041814975",1,20000,"Kraftwerk Eberswalde GmbH (HoKaWe)","Wald-Holzhackschnitzel, Wald-Scheitholz, -Kronenholz",0,2006,"KWK909773275182"
"4479",NA,"Biomasse","SEE998469801279",1,20000,"MVB Borsigstraße Holz","Altholz, Gebrauchtholz, Holz(sperr)müll",1,2005,"KWK957694316248"
"4480","ABR963996598664","Biomasse","SEE938990134545",1,20520,"MVB Borsigstraße Holz 24","Altholz, Gebrauchtholz, Holz(sperr)müll",0,2005,"KWK957694316248"
"4481","ABR929490364426","Biomasse","SEE922914399295",1,57235,"Mercer Rosenthal","Brennlauge, Schwarzlauge, Sulfitablauge",0,1999,"KWK922913077255"
"4482","ABR974140391505","Biomasse","SEE924682614181",1,99720,"Mercer Stendal TG 1","Brennlauge, Schwarzlauge, Sulfitablauge",0,2004,"KWK992219692742"
"4483","ABR974140391505","Biomasse","SEE963815106018",1,48000,"Mercer Stendal TG 2","Brennlauge, Schwarzlauge, Sulfitablauge",0,2004,"KWK992219692742"
"4484","ABR918199406025","Biomasse","SEE968846459119",1,20376,"SKW Eisenach","Biogas",0,2028,"KWK943133986776"
"4485","ABR985690379400","Biomasse","SEE928259749542",1,20000,"SKW Thiendorf","Biomethan (Bioerdgas)",0,2025,NA
"4486",NA,"Biomasse","SEE937128904463",1,19470,"ST_BHKW_T9","Brennlauge, Schwarzlauge, Sulfitablauge",1,2019,"KWK962230375740"
"4487","ABR937875031863","Biomasse","SEE924602311411",1,55000,"SWD KWF T1","Feste biogene Stoffe und Abfälle (ohne Holz)",0,2000,"KWK928975320667"
"4488",NA,"Biomasse","SEE962845122456",1,50000,"SWD KWF T4","Feste biogene Stoffe und Abfälle (ohne Holz)",1,1955,NA
"4489","ABR967862306308","Biomasse","SEE934189578992",1,18320,"Sonae Arauco Beeskow GmbH","Altholz, Gebrauchtholz, Holz(sperr)müll",0,2001,"KWK953414182803"
"4490","ABR989898135684","Biomasse","SEE997618485445",1,23100,"Steinbeis Energie Papenburg GmbH","Altholz, Gebrauchtholz, Holz(sperr)müll",0,2003,"KWK995233299126"
"4491","ABR920316084252","Biomasse","SEE971244426065",1,39470,"Turbine 1","Feste biogene Stoffe und Abfälle (ohne Holz)",0,2008,"KWK937747375224"
"4492","ABR947227410345","Biomasse","SEE973279238699",1,16750,"Turbine 5","Brennlauge, Schwarzlauge, Sulfitablauge",0,2003,"KWK939539192019"
"4493","ABR926412045777","Biomasse","SEE930306010543, SEE941305896496",2,31300,"Turbine 7","Altholz, Gebrauchtholz, Holz(sperr)müll",0.5,2002,"KWK989630496813"
"4494","ABR903459933366","Biomasse","SEE927858822632",1,13212,"Turbinengenerator5-SiemensT8302","Brennlauge, Schwarzlauge, Sulfitablauge",0,1990,"KWK994849384103"
"4495","ABR956671981813","Biomasse","SEE918648599230",1,19975,"Zolling Biomasse-HKW","Altholz, Gebrauchtholz, Holz(sperr)müll",0,2003,"KWK909139870402"
