nr_MASTR,nr_betreiber,energie_type,name,einspeisung,leistung_brutto,plz,landkreis,ort,strasse,hausnummer,bundesland,laenge,breite,jahr_inbetriebnahme,jahr_stillgelegt,stillgelegt,energietraeger,nr_KW,name_KW
SEE909081639072,ABR905920218880,Biomasse,BM-BHKW Heizwerk Kirchberg,Volleinspeisung,1189,08107,Zwickau,Kirchberg,Lengenfelder Straße,58,Sachsen,12.506653,50.619609,2012,NA,FALSE,Biomethan (Bioerdgas),KWK946434926861,BM-BHKW Heizwerk Kirchberg
SEE932967557191,NA,Biomasse,Biomasse BHKW1 Senden,Volleinspeisung,2339,89250,Neu-Ulm,Senden,Daimlerstraße,31,Bayern,10.048,48.331,2012,2018,TRUE,Biogas,KWK980525617740,Biomasse BHKW1 Senden
SEE930505488037,NA,Biomasse,BGA Mardorf 1 - BHKW 3 (1.203 kW),Teileinspeisung (einschließlich Eigenverbrauch),1203,35287,Marburg-Biedenkopf,Amöneburg,NA,NA,Hessen,8.943601,50.755761,2019,2021,TRUE,Biogas,KWK932868273107,BGA Mardorf 1 - BHKW 3 (1.203 kW)
SEE995023344623,ABR980581604562,Biomasse,BGA Mardorf 2 - BHKW 2 (1.501 kW),Teileinspeisung (einschließlich Eigenverbrauch),1501,35287,Marburg-Biedenkopf,Amöneburg,NA,NA,Hessen,8.913862,50.770631,2019,NA,FALSE,Biogas,KWK990804038951,BGA Mardorf 2 - BHKW 2 (1.501 kW)
SEE967036044012,ABR903027727564,Biomasse,Biomassekraftwerk Zapfendorf,Teileinspeisung (einschließlich Eigenverbrauch),6250,96199,Bamberg,Zapfendorf,Werkstraße,2,Bayern,10.931,50.021,2001,2024,TRUE,"Altholz, Gebrauchtholz, Holz(sperr)müll",NA,Biomassekraftwerk Zapfendorf
SEE986248238767,NA,Biomasse,Biomassekraftwerk Großaitingen,Teileinspeisung (einschließlich Eigenverbrauch),5400,86845,Augsburg,Großaitingen,Ährenstraße,26,Bayern,10.804,48.225,2002,2024,TRUE,"Altholz, Gebrauchtholz, Holz(sperr)müll",NA,Biomassekraftwerk Großaitingen
SEE900007197607,NA,Biomasse,Biomasse BHKW2 Senden,Volleinspeisung,2339,89250,Neu-Ulm,Senden,Daimlerstraße,31,Bayern,10.048,48.331,2012,2018,TRUE,Biogas,KWK980525617740,Biomasse BHKW2 Senden
SEE953849626040,ABR998231634548,Biomasse,Biomasse-HKW Augsburg,Teileinspeisung (einschließlich Eigenverbrauch),7660,86167,Augsburg,Augsburg,Beim Grenzgraben,20,Bayern,10.937903,48.403856,2008,NA,FALSE,"Wald-Holzhackschnitzel, Wald-Scheitholz, -Kronenholz",KWK948784540162,Biomasse-HKW Augsburg
SEE947668078517,ABR974799295476,Biomasse,BHKW D - Hauptanlage,Volleinspeisung,1170,49624,Cloppenburg,Löningen,Industriepark,5,Niedersachsen,7.787,52.74,2009,NA,FALSE,Biogas,KWK906630828055,BHKW D - Hauptanlage
SEE953522294832,ABR977382004851,Biomasse,MARC2-Turbine,Teileinspeisung (einschließlich Eigenverbrauch),8375,88436,Biberach,Eberhardzell,Kappel,28,Baden-Württemberg,9.824,47.988,2004,NA,FALSE,"Altholz, Gebrauchtholz, Holz(sperr)müll",KWK988897822816,MARC2-Turbine
SEE927986442054,ABR949182374199,Biomasse,Heizkraftwerk,Volleinspeisung,5000,19230,Ludwigslust-Parchim,Hagenow,Dr.-Raber-Str.,8,Mecklenburg-Vorpommern,11.191231,53.416807,1997,NA,FALSE,"Altholz, Gebrauchtholz, Holz(sperr)müll",KWK949764583278,Heizkraftwerk
SEE974964635236,ABR905225060597,Biomasse,MWM HMWB1850,Volleinspeisung,1850,31157,Hildesheim,Sarstedt,NA,NA,Niedersachsen,9.911292,52.252008,2018,NA,FALSE,Biogas,KWK919074263788,MWM HMWB1850
SEE940605802312,ABR909423293412,Biomasse,Turbine,Teileinspeisung (einschließlich Eigenverbrauch),9300,09618,Mittelsachsen,Brand-Erbisdorf,An der Zugspitze,20,Sachsen,13.334,50.871,2000,NA,FALSE,"Wald-Holzhackschnitzel, Wald-Scheitholz, -Kronenholz",NA,Turbine
SEE949032343375,ABR987206131205,Biomasse,Tangeln Satelliten-BHKW 2,Volleinspeisung,1067,38489,Altmarkkreis Salzwedel,Beetzendorf,Lange Straße,58a,Sachsen-Anhalt,11.015782,52.67397,2020,NA,FALSE,Biogas,KWK930053251336,Tangeln Satelliten-BHKW 2
SEE909043722354,ABR996083385243,Biomasse,Heizkraftwerk Osterfeld,Volleinspeisung,1900,06721,Burgenlandkreis,Osterfeld,Mühlenstraße,3,Sachsen-Anhalt,11.934822,51.047045,2009,NA,FALSE,"Wald-Holzhackschnitzel, Wald-Scheitholz, -Kronenholz",KWK915180674890,Heizkraftwerk Osterfeld
SEE992461607822,ABR922189048249,Biomasse,GM 5,Volleinspeisung,1484,08297,Erzgebirgskreis,Zwönitz,Wiesenstraße,7 c,Sachsen,12.800205,50.629779,2012,NA,FALSE,Biomethan (Bioerdgas),KWK972893498595,GM 5
SEE935147878826,ABR922189048249,Biomasse,GM 1,Volleinspeisung,1445,08297,Erzgebirgskreis,Zwönitz,Wiesenstraße,7 c,Sachsen,12.800232,50.629908,2013,NA,FALSE,Biomethan (Bioerdgas),KWK922929678392,GM 1
SEE933235844517,ABR973147089415,Biomasse,HB - Antwerpener Straße,Volleinspeisung,1200,28259,Bremen,Bremen,Antwerpener Straße,13,Bremen,8.713969,53.052099,2011,NA,FALSE,Biomethan (Bioerdgas),KWK921056043615,HB - Antwerpener Straße
SEE993208260898,ABR938249833854,Biomasse,BHKW 4,Volleinspeisung,1501,24969,Schleswig-Flensburg,Lindewitt,Riesbrieker Straße,2,Schleswig-Holstein,9.162,54.705,2019,NA,FALSE,Biogas,KWK927135164998,BHKW 4
SEE903984340707,ABR977703892693,Biomasse,Biogas Höhnstedt GmbH,Volleinspeisung,1175,06198,Saalekreis,Salzatal,Schochwitzer Straße,7 Z,Sachsen-Anhalt,11.744,51.505,2011,NA,FALSE,Biogas,KWK986490709114,Biogas Höhnstedt GmbH
SEE998894842229,ABR943371599172,Biomasse,Jenbacher 1203,Teileinspeisung (einschließlich Eigenverbrauch),1203,29227,Celle,Celle,Osterloher Landstraße,9,Niedersachsen,10.134986,52.594505,2019,NA,FALSE,Biogas,KWK955002060760,Jenbacher 1203
SEE960408920440,ABR977703892693,Biomasse,Biogas Höhnstedt 2,Volleinspeisung,3050,06198,Saalekreis,Salzatal,Schochwitzer Straße,7 Z,Sachsen-Anhalt,11.744,51.505,2019,NA,FALSE,Biogas,KWK986490709114,Biogas Höhnstedt 2
SEE911087950389,ABR917919036764,Biomasse,1501er,Teileinspeisung (einschließlich Eigenverbrauch),1501,86641,Donau-Ries,Rain,NA,NA,Bayern,10.959509,48.666639,2019,NA,FALSE,Biogas,KWK946347737998,1501er
SEE928780914075,ABR900237509133,Biomasse,Jenbacher 420 2017,Teileinspeisung (einschließlich Eigenverbrauch),1500,89407,Dillingen a.d. Donau,Dillingen,Riedwirtsweg,3,Bayern,10.495755,48.555041,2017,NA,FALSE,Biogas,KWK977962976370,Jenbacher 420 2017
SEE999480158908,ABR992499524764,Biomasse,Biogas Müsleringen GmbH@CoKG,Volleinspeisung,1600,31592,Nienburg (Weser),Stolzenau,Müsleringer Weserweg,7,Niedersachsen,9.033488,52.485416,2011,NA,FALSE,Biogas,KWK953668830185,Biogas Müsleringen GmbH@CoKG
SEE969263477915,ABR945623055092,Biomasse,Motor 6,Volleinspeisung,3054,28870,Verden,Ottersberg,Am Damm,26,Niedersachsen,9.148772,53.123631,2018,NA,FALSE,Biogas,KWK965758522078,Motor 6
SEE934186668986,ABR995447323334,Biomasse,BHKW 1,Volleinspeisung,1131,26409,Wittmund,Wittmund,Heglitzer Straße,53,Niedersachsen,7.698531,53.531624,2007,NA,FALSE,Biogas,KWK961912834308,BHKW 1
SEE959286723380,ABR914255480282,Biomasse,BHKW 1 Bioabfall-Vergärungsanlage,Teileinspeisung (einschließlich Eigenverbrauch),1165,74906,Heilbronn,Bad Rappenau,NA,NA,Baden-Württemberg,9.132668,49.262829,2018,NA,FALSE,Biogas,KWK966041421979,BHKW 1 Bioabfall-Vergärungsanlage
SEE991101635409,ABR945623055092,Biomasse,Motor 1,Volleinspeisung,1048,28870,Verden,Ottersberg,Am Damm,26,Niedersachsen,9.148874,53.123412,2005,NA,FALSE,Biogas,KWK965758522078,Motor 1
SEE910562646632,ABR945623055092,Biomasse,Motor 2,Volleinspeisung,1048,28870,Verden,Ottersberg,Am Damm,26,Niedersachsen,9.148836,53.123448,2007,NA,FALSE,Biogas,KWK965758522078,Motor 2
SEE917758204157,ABR945623055092,Biomasse,Motor 3,Volleinspeisung,1048,28870,Verden,Ottersberg,Am Damm,26,Niedersachsen,9.148835,53.123487,2005,NA,FALSE,Biogas,KWK965758522078,Motor 3
SEE997354262225,ABR945623055092,Biomasse,Motor 4,Volleinspeisung,1048,28870,Verden,Ottersberg,Am Damm,26,Niedersachsen,9.148856,53.123542,2007,NA,FALSE,Biogas,KWK965758522078,Motor 4
SEE924474026383,ABR945623055092,Biomasse,Motor 5,Volleinspeisung,1048,28870,Verden,Ottersberg,Am Damm,26,Niedersachsen,9.149084,53.123621,2005,NA,FALSE,Biogas,KWK965758522078,Motor 5
SEE968035471069,ABR945623055092,Biomasse,Motor 7,Volleinspeisung,3054,28870,Verden,Ottersberg,Am Damm,26,Niedersachsen,9.148718,53.123584,2018,NA,FALSE,Biogas,KWK965758522078,Motor 7
SEE903256604155,ABR901758174299,Biomasse,Flex 2000er Motor,Volleinspeisung,2000,59597,Soest,Erwitte,Brockhof,1,Nordrhein-Westfalen,8.295,51.635,2017,NA,FALSE,Biogas,KWK910273854982,Flex 2000er Motor
SEE970851575272,ABR901979434424,Biomasse,BHKW 2019,Volleinspeisung,1203,29578,Uelzen,Eimke,NA,NA,Niedersachsen,10.312556,52.962973,2019,NA,FALSE,Biogas,KWK984251671342,BHKW 2019
SEE933438784917,ABR900730219225,Biomasse,BHKW 3 - Jenbacher,Teileinspeisung (einschließlich Eigenverbrauch),1203,14550,Potsdam-Mittelmark,Groß Kreutz,Zum Kompostplatz,1,Brandenburg,12.82699,52.43423,2018,NA,FALSE,Biogas,KWK901620437590,BHKW 3 - Jenbacher
SEE933194754216,ABR964717566009,Biomasse,Bioenergie Jenbacher 1501 kW,Volleinspeisung,1501,37619,Holzminden,Hehlen,Hauptstraße,1,Niedersachsen,9.483,51.985,2018,NA,FALSE,Biogas,KWK922089801302,Bioenergie Jenbacher 1501 kW
SEE906347215353,ABR939417780321,Biomasse,BGA Klein Eichholz BHKW 1,Teileinspeisung (einschließlich Eigenverbrauch),1364,15754,Dahme-Spreewald,Heidesee,Klein Eichholzer Straße,27 b,Brandenburg,13.82022,52.22144,2006,NA,FALSE,Biogas,KWK918740768329,BGA Klein Eichholz BHKW 1
SEE937240372935,ABR939417780321,Biomasse,BGA Klein Eichholz BHKW 2,Teileinspeisung (einschließlich Eigenverbrauch),1560,15754,Dahme-Spreewald,Heidesee,Klein Eichholzer Straße,27 b,Brandenburg,13.82022,52.22144,2018,NA,FALSE,Biogas,KWK918740768329,BGA Klein Eichholz BHKW 2
SEE905435687232,ABR991967582008,Biomasse,"BGA Bernsdorf, Dresdener Str 17, ORC-BHKW2",Volleinspeisung,2188,02994,Bautzen,Bernsdorf,Dresdener Straße,17,Sachsen,14.056,51.363,2014,NA,FALSE,Biogas,KWK962136930760,"BGA Bernsdorf, Dresdener Str 17, ORC-BHKW2"
SEE968382893774,ABR933190343483,Biomasse,ORC-HKW-HHKW,Volleinspeisung,2114,71636,Ludwigsburg,Ludwigsburg,Eisenbahnstraße,14,Baden-Württemberg,9.187578,48.885972,2009,NA,FALSE,Rinde und Landschaftspflegeholz,NA,ORC-HKW-HHKW
SEE989805286652,ABR982637289068,Biomasse,Jen 1065,Volleinspeisung,1065,84106,Kelheim,Volkenschwand,Dietrichsdorf,5,Bayern,11.855143,48.613219,2007,NA,FALSE,Biogas,KWK968829655644,Jen 1065
SEE919334194227,ABR982637289068,Biomasse,Jen 1501_1,Teileinspeisung (einschließlich Eigenverbrauch),1501,84106,Kelheim,Volkenschwand,Dietrichsdorf,5,Bayern,11.855013,48.613362,2018,NA,FALSE,Biogas,KWK968829655644,Jen 1501_1
SEE986414283607,ABR982637289068,Biomasse,Jen 1501_2,Teileinspeisung (einschließlich Eigenverbrauch),1501,84106,Kelheim,Volkenschwand,Dietrichsdorf,5,Bayern,11.854997,48.613362,2018,NA,FALSE,Biogas,KWK968829655644,Jen 1501_2
SEE937518957512,ABR905920218880,Biomasse,"BGA Falkenstein, Froser Straße 10, BHKW 2",Volleinspeisung,2004,06463,Harz,Reinstedt,NA,NA,Sachsen-Anhalt,11.35605,51.775218,2020,NA,FALSE,Biogas,KWK946985867682,"BGA Falkenstein, Froser Straße 10, BHKW 2"
SEE992910708230,ABR954076216738,Biomasse,"BGA Lichtensee, Alter Sportplatz 01, BHKW",Volleinspeisung,1191,01609,Meißen,Lichtensee,Alter Sportplatz,01,Sachsen,13.363531,51.377445,2011,NA,FALSE,Biogas,KWK921429241020,"BGA Lichtensee, Alter Sportplatz 01, BHKW"
SEE972121065797,ABR982766372006,Biomasse,Flex-BHKW 1.500 kW,Volleinspeisung,1500,49509,Steinfurt,Recke,Püttenbeckstr.,39,Nordrhein-Westfalen,7.706137,52.348542,2005,NA,FALSE,Biogas,KWK944256572341,Flex-BHKW 1.500 kW
SEE906814037433,ABR955168261360,Biomasse,BGA Dinkelburg BHKW II JMS 420 GS-B.L,Volleinspeisung,1501,34434,Höxter,Borgentreich,Gut Dinkelburg,1,Nordrhein-Westfalen,9.2432,51.54092,2018,NA,FALSE,Biogas,KWK934096739875,BGA Dinkelburg BHKW II JMS 420 GS-B.L
SEE960601227278,ABR991967582008,Biomasse,"BGA Langenwetzendorf, Anlage I, BHKW 2",Volleinspeisung,1021,07957,Greiz,Langenwetzendorf,In der Haardt,2,Thüringen,12.113809,50.689326,2006,NA,FALSE,Biogas,KWK944889134824,"BGA Langenwetzendorf, Anlage I, BHKW 2"
SEE917591397634,ABR991967582008,Biomasse,"BGA Langenwetzendorf, Anlage II, BHKW 3",Volleinspeisung,1703,07957,Greiz,Langenwetzendorf,In der Haardt,2,Thüringen,12.113765,50.689319,2006,NA,FALSE,Biogas,KWK965500183298,"BGA Langenwetzendorf, Anlage II, BHKW 3"
SEE975015361029,NA,Biomasse,"BGA Gröbern, Radeburger Str. 65, BHKW",Volleinspeisung,1064,01689,Meißen,Niederau,Radeburger Straße,65,Sachsen,13.552,51.198,2007,2025,TRUE,Biogas,KWK969293941981,"BGA Gröbern, Radeburger Str. 65, BHKW"
SEE999748514927,ABR960009285672,Biomasse,Iller Roth 416,Teileinspeisung (einschließlich Eigenverbrauch),1189,89257,Neu-Ulm,Illertissen,Bergenstettener Straße,99,Bayern,10.132224,48.202726,2011,NA,FALSE,Biogas,KWK928412083308,Iller Roth 416
SEE982448623600,ABR990496052990,Biomasse,EZ SDH M1,Volleinspeisung,1189,30853,Region Hannover,Langenhagen,Am Schulzentrum,3-5,Niedersachsen,9.742,52.441,2013,NA,FALSE,Biomethan (Bioerdgas),KWK908779351074,EZ SDH M1
SEE935372184563,ABR963714206963,Biomasse,Biomasse-HKW WEP,Teileinspeisung (einschließlich Eigenverbrauch),5600,41836,Heinsberg,Hückelhoven,Sophiastraße,2,Nordrhein-Westfalen,6.214954,51.059955,1987,NA,FALSE,"Altholz, Gebrauchtholz, Holz(sperr)müll",NA,Biomasse-HKW WEP
SEE951660093386,ABR902847469890,Biomasse,Schneider Energie 2,Volleinspeisung,1540,63584,Main-Kinzig-Kreis,Gründau,Friedrichshof,1,Hessen,9.094221,50.204689,2019,NA,FALSE,Biogas,KWK988976402083,Schneider Energie 2
SEE901212692017,ABR961642567781,Biomasse,Anlage mit Hof,Volleinspeisung,2204,94428,Dingolfing-Landau,Eichendorf,Rannersdorf,12,Bayern,12.760365,48.631489,2006,NA,FALSE,Biogas,KWK908099788963,Anlage mit Hof
SEE952462070315,ABR978181354048,Biomasse,BHKW 4,Teileinspeisung (einschließlich Eigenverbrauch),1203,31171,Hildesheim,Nordstemmen,NA,NA,Niedersachsen,9.738647,52.176891,2019,NA,FALSE,Biogas,KWK930442088673,BHKW 4
SEE916077532026,ABR909172199584,Biomasse,Biomasse-Heizkraftwerk,Volleinspeisung,1177,79256,Breisgau-Hochschwarzwald,Buchenbach,Talstraße,9,Baden-Württemberg,8.029415,47.970745,2001,NA,FALSE,"Wald-Holzhackschnitzel, Wald-Scheitholz, -Kronenholz",KWK992818700978,Biomasse-Heizkraftwerk
SEE981659690715,ABR917517091578,Biomasse,BHKW3 (1.203 kW),Teileinspeisung (einschließlich Eigenverbrauch),1203,35274,Marburg-Biedenkopf,Kirchhain,NA,NA,Hessen,8.858509,50.810984,2018,NA,FALSE,Biogas,KWK947006629074,BHKW3 (1.203 kW)
SEE983505650362,ABR987681084560,Biomasse,Biogas Söhnergy Schwaigern,Volleinspeisung,1160,74193,Heilbronn,Schwaigern,Bei der Biogasanlage,1,Baden-Württemberg,9.081706,49.135269,2008,NA,FALSE,Biogas,KWK952834963115,Biogas Söhnergy Schwaigern
SEE922286010279,ABR918894170337,Biomasse,TEAtherm,Teileinspeisung (einschließlich Eigenverbrauch),9680,91550,Ansbach,Dinkelsbühl,Innovativ-Ring,5,Bayern,10.25,49.1,2007,NA,FALSE,Rinde und Landschaftspflegeholz,KWK928055807507,TEAtherm
SEE961135728941,ABR920346921428,Biomasse,BioSchw,Teileinspeisung (einschließlich Eigenverbrauch),1064,27333,Nienburg (Weser),Schweringen,NA,NA,Niedersachsen,9.188683,52.739678,2006,NA,FALSE,Biogas,KWK914861914034,BioSchw
SEE977615805620,ABR943312595966,Biomasse,Mittelhausen Biogas GmbH ＆ Co. KG - M1,Teileinspeisung (einschließlich Eigenverbrauch),1200,06542,Mansfeld-Südharz,Allstedt,Mittelhäuser Dorfstraße,120 z,Sachsen-Anhalt,11.469033,51.432876,2011,NA,FALSE,Biogas,KWK973214905259,Mittelhausen Biogas GmbH ＆ Co. KG - M1
SEE995287982968,ABR910302488874,Biomasse,BGA Rixdorf BHKW II Jenbacher 612,Volleinspeisung,2004,24306,Plön,Lebrade,NA,NA,Schleswig-Holstein,10.420187,54.211772,2016,NA,FALSE,Biogas,KWK932654784022,BGA Rixdorf BHKW II Jenbacher 612
SEE948362645081,ABR923420451033,Biomasse,BHKW 3 2018,Volleinspeisung,1203,49762,Emsland,Fresenburg,Ströhn,8,Niedersachsen,7.37509,52.87256,2018,NA,FALSE,Biogas,KWK979473669116,BHKW 3 2018
SEE946926339711,ABR927396591977,Biomasse,BMK Bordesholmer Land - Anlage 1 BHKW 2,Volleinspeisung,1200,24582,Rendsburg-Eckernförde,Brügge,An der Kreisstr.,15,Schleswig-Holstein,10.0582,54.18154,2018,NA,FALSE,Biogas,KWK960993330990,BMK Bordesholmer Land - Anlage 1 BHKW 2
SEE976494000249,ABR954076216738,Biomasse,KW Pfaffenhofen Biomasse,Volleinspeisung,6100,85276,Pfaffenhofen a.d. Ilm,Pfaffenhofen,Posthofstraße,2,Bayern,11.505549,48.522168,2001,NA,FALSE,"Wald-Stammholz, Rundholz",KWK959186274692,KW Pfaffenhofen Biomasse
SEE944737723330,ABR927396591977,Biomasse,BMK Bordesholmer Land - Anlage 2 BHKW 2,Volleinspeisung,1200,24582,Rendsburg-Eckernförde,Brügge,An der Kreisstr.,15,Schleswig-Holstein,10.0582,54.18154,2018,NA,FALSE,Biogas,KWK920564648374,BMK Bordesholmer Land - Anlage 2 BHKW 2
SEE955758112867,ABR939417780321,Biomasse,SAT Bestensee BHKW 2,Volleinspeisung,1200,15741,Dahme-Spreewald,Bestensee,Mozartstraße,9,Brandenburg,13.654298,52.242347,2021,NA,FALSE,Biogas,KWK959615103043,SAT Bestensee BHKW 2
SEE900412128128,ABR939417780321,Biomasse,SAT Bestensee BHKW 3,Volleinspeisung,1200,15741,Dahme-Spreewald,Bestensee,Mozartstraße,9,Brandenburg,13.654325,52.242333,2021,NA,FALSE,Biogas,KWK959615103043,SAT Bestensee BHKW 3
SEE936677280295,ABR901979434424,Biomasse,BHKW 4,Volleinspeisung,1189,29578,Uelzen,Eimke,NA,NA,Niedersachsen,10.308924,52.967406,2014,NA,FALSE,Biogas,KWK908962649971,BHKW 4
SEE919737057556,ABR988066569115,Biomasse,Energiezentrale BHKW-2,Volleinspeisung,1248,78166,Schwarzwald-Baar-Kreis,Donaueschingen,Friedrich-Ebert-Straße,1,Baden-Württemberg,8.501106,47.946914,2013,NA,FALSE,Biomethan (Bioerdgas),KWK978913392614,Energiezentrale BHKW-2
SEE921467396805,ABR954076216738,Biomasse,Bad Köstritz BHKW 1,Volleinspeisung,1043,07586,Greiz,Bad Köstritz,Heinrichshall,16,Thüringen,12.036162,50.930872,2006,NA,FALSE,Biogas,KWK996252457719,Bad Köstritz BHKW 1
SEE918957686058,ABR972036277445,Biomasse,Sauen 1 - BHKW 3,Volleinspeisung,1562,15848,Oder-Spree,Rietz-Neuendorf,Schäferei,4,Brandenburg,14.208338,52.264173,2020,NA,FALSE,Biogas,KWK905213204521,Sauen 1 - BHKW 3
SEE937856012720,ABR954076216738,Biomasse,Bad Köstritz BHKW 2,Volleinspeisung,1043,07586,Greiz,Bad Köstritz,Heinrichshall,16,Thüringen,12.036173,50.930858,2006,NA,FALSE,Biogas,KWK996252457719,Bad Köstritz BHKW 2
SEE904756831669,ABR954076216738,Biomasse,Bad Köstritz BHKW 3,Volleinspeisung,1043,07586,Greiz,Bad Köstritz,Heinrichshall,16,Thüringen,12.03627,50.930954,2006,NA,FALSE,Biogas,KWK996252457719,Bad Köstritz BHKW 3
SEE925925525059,ABR954076216738,Biomasse,Bad Köstritz BHKW 4,Volleinspeisung,1043,07586,Greiz,Bad Köstritz,Heinrichshall,16,Thüringen,12.036194,50.930849,2006,NA,FALSE,Biogas,KWK996252457719,Bad Köstritz BHKW 4
SEE936897124751,ABR905920218880,Biomasse,BM-BHKW München Westendstr,Volleinspeisung,1189,80686,München,München,Westendstraße,174,Bayern,11.522968,48.135238,2014,NA,FALSE,Biomethan (Bioerdgas),KWK996905166739,BM-BHKW München Westendstr
SEE914997796504,ABR975439269666,Biomasse,BGA Carolinenhof BHKW 1,Volleinspeisung,1022,17348,Mecklenburgische Seenplatte,Woldegk,Carolinenhof,1,Mecklenburg-Vorpommern,13.620026,53.44583,2005,NA,FALSE,Biogas,KWK966802215595,BGA Carolinenhof BHKW 1
SEE950874008179,ABR972036277445,Biomasse,Havelberg - BHKW 2,Volleinspeisung,1562,39539,Stendal,Havelberg,NA,NA,Sachsen-Anhalt,12.087983,52.842209,2020,NA,FALSE,Biogas,KWK941816542776,Havelberg - BHKW 2
SEE945620130686,ABR988066569115,Biomasse,Energiezentrale BHKW 3,Volleinspeisung,1189,78166,Schwarzwald-Baar-Kreis,Donaueschingen,Friedrich-Ebert-Straße,1,Baden-Württemberg,8.50115,47.946916,2013,NA,FALSE,Biomethan (Bioerdgas),KWK978913392614,Energiezentrale BHKW 3
SEE939989113299,ABR938168939637,Biomasse,BHKW 3,Teileinspeisung (einschließlich Eigenverbrauch),2000,24992,Schleswig-Flensburg,Jörl,Kretelbargerweg,8,Schleswig-Holstein,9.258,54.64,2018,NA,FALSE,Biogas,KWK905359482180,BHKW 3
SEE912956680635,ABR925283076712,Biomasse,BE 1111 BHKW 1.1,Volleinspeisung,1560,21244,Harburg,Buchholz,Ritscherstraße,22,Niedersachsen,9.824122,53.325835,2006,NA,FALSE,Biogas,KWK905550356532,BE 1111 BHKW 1.1
SEE935151737003,ABR905529524283,Biomasse,BHKW   J 416,Teileinspeisung (einschließlich Eigenverbrauch),1203,88524,Biberach,Uttenweiler,Hailtinger Straße,6,Baden-Württemberg,9.559828,48.150239,2018,NA,FALSE,Biogas,KWK920114026461,BHKW   J 416
SEE934116265568,ABR996913492431,Biomasse,"Satellit, FAGB2,3,4",Volleinspeisung,1803,78359,Konstanz,Orsingen-Nenzingen,Nenzinger Straße,34 a,Baden-Württemberg,8.939,47.838,2011,NA,FALSE,Biogas,KWK941814937802,"Satellit, FAGB2,3,4"
SEE909973026553,ABR925283076712,Biomasse,BE 1112 BHKW 2.1,Volleinspeisung,1560,21244,Harburg,Buchholz,Ritscherstraße,22,Niedersachsen,9.824007,53.325643,2006,NA,FALSE,Biogas,KWK983895502272,BE 1112 BHKW 2.1
SEE933358233663,ABR911067859985,Biomasse,BGA III K 91,Teileinspeisung (einschließlich Eigenverbrauch),1203,38474,Gifhorn,Tülau,NA,NA,Niedersachsen,10.884776,52.569429,2018,NA,FALSE,Biogas,KWK902178081259,BGA III K 91
SEE973978701883,ABR925283076712,Biomasse,BE 1113 BHKW 3.1,Volleinspeisung,1560,21244,Harburg,Buchholz,Ritscherstraße,22,Niedersachsen,9.823859,53.325396,2006,NA,FALSE,Biogas,KWK902086577608,BE 1113 BHKW 3.1
SEE943144072093,ABR987304425480,Biomasse,BHKW2,Volleinspeisung,1500,24631,Rendsburg-Eckernförde,Langwedel,Ziegelei,3,Schleswig-Holstein,9.951572,54.231267,2018,NA,FALSE,Biogas,KWK922543116522,BHKW2
SEE910080216164,ABR911067859985,Biomasse,BGA Tülau Satellit IV,Teileinspeisung (einschließlich Eigenverbrauch),1203,38474,Gifhorn,Tülau,NA,NA,Niedersachsen,10.87332,52.575925,2018,NA,FALSE,Biogas,KWK923985695774,BGA Tülau Satellit IV
SEE966771002400,ABR988066569115,Biomasse,Energiezentrale BHKW-4,Volleinspeisung,1200,78166,Schwarzwald-Baar-Kreis,Donaueschingen,Friedrich-Ebert-Straße,1,Baden-Württemberg,8.501194,47.946904,2016,NA,FALSE,Biomethan (Bioerdgas),KWK978913392614,Energiezentrale BHKW-4
SEE916546061644,ABR994759752641,Biomasse,Biomasse-Anlage III Oberspiesheim 1200,Volleinspeisung,1200,97509,Schweinfurt,Kolitzheim,Spiesheimer Straße,30,Bayern,10.274,49.939,2017,NA,FALSE,Biogas,KWK995586305574,Biomasse-Anlage III Oberspiesheim 1200
SEE997455013214,ABR953163312070,Biomasse,BHKW 3,Volleinspeisung,1203,49406,Diepholz,Eydelstedt,Düste,15,Niedersachsen,8.539939,52.679373,2018,NA,FALSE,Biogas,KWK963132423676,BHKW 3
SEE963695791632,ABR974633778769,Biomasse,HT ORC,Volleinspeisung,2648,54311,Trier-Saarburg,Trierweiler,NA,NA,Rheinland-Pfalz,6.586,49.776,2020,NA,FALSE,"Holzreste (z.B. aus Schreinereien, auch Spanholz)",KWK950292478813,HT ORC
SEE995153775694,ABR972036277445,Biomasse,Sembten 1 - BHKW 2,Volleinspeisung,1562,03172,Spree-Neiße,Schenkendöbern,Parkstraße,903,Brandenburg,14.643948,52.019891,2008,NA,FALSE,Biogas,KWK922034675637,Sembten 1 - BHKW 2
SEE917737767864,ABR908199206305,Biomasse,1203,Volleinspeisung,1203,27801,Oldenburg,Dötlingen,Brennereiweg,3,Niedersachsen,8.437305,52.932135,2018,NA,FALSE,Biogas,KWK941544611713,1203
SEE953957458502,ABR972036277445,Biomasse,Sembten 2 - BHKW 2,Volleinspeisung,1562,03172,Spree-Neiße,Schenkendöbern,Parkstraße,902,Brandenburg,14.643623,52.019563,2021,NA,FALSE,Biogas,KWK955431089615,Sembten 2 - BHKW 2
SEE995845637217,ABR972036277445,Biomasse,Sembten 3 - BHKW 2,Teileinspeisung (einschließlich Eigenverbrauch),1562,03172,Spree-Neiße,Schenkendöbern,Parkstraße,901,Brandenburg,14.643042,52.01892,2021,NA,FALSE,Biogas,KWK956511148468,Sembten 3 - BHKW 2
SEE919766213282,ABR972036277445,Biomasse,Ketzin 2 - BHKW 2,Volleinspeisung,1562,14669,Havelland,Ketzin,Knoblaucher Chaussee,102,Brandenburg,12.8683,52.491077,2007,NA,FALSE,Biogas,KWK918930661775,Ketzin 2 - BHKW 2
SEE900106636144,ABR979676879619,Biomasse,BHKW V20,Volleinspeisung,2000,18461,Vorpommern-Rügen,Millienhagen-Oebelitz,Franzburger Str.,2,Mecklenburg-Vorpommern,12.816,54.181,2017,NA,FALSE,Biogas,KWK926472076278,BHKW V20
SEE940190891074,ABR978874512335,Biomasse,BHKW_4 - J 420,Teileinspeisung (einschließlich Eigenverbrauch),1500,88525,Biberach,Dürmentingen,Badwiese,1,Baden-Württemberg,9.522987,48.116798,2016,NA,FALSE,Biogas,KWK912162669738,BHKW_4 - J 420
SEE973627292625,ABR900826302220,Biomasse,BBA-Modul 3,Teileinspeisung (einschließlich Eigenverbrauch),1203,24794,Rendsburg-Eckernförde,Borgstedt,Borgstedtfelde,15,Schleswig-Holstein,9.692985,54.348397,2019,NA,FALSE,Biogas,KWK941134294654,BBA-Modul 3
SEE919400736221,ABR941981612137,Biomasse,Motor 3,Volleinspeisung,1203,49835,Grafschaft Bentheim,Wietmarschen,Speckendiek,2,Niedersachsen,7.183289,52.529147,2019,NA,FALSE,Biogas,KWK919007778952,Motor 3
SEE972735724790,ABR918483294475,Biomasse,BHKW 5,Volleinspeisung,1501,86751,Donau-Ries,Mönchsdeggingen,NA,NA,Bayern,10.643673,48.754664,2019,NA,FALSE,Biogas,KWK970047292495,BHKW 5
SEE923434151042,ABR976600386670,Biomasse,Flex BHKW 1203 kW,Volleinspeisung,1203,26892,Emsland,Dörpen,NA,NA,Niedersachsen,7.401028,52.966746,2019,NA,FALSE,Biogas,KWK925280467995,Flex BHKW 1203 kW
SEE937825145411,ABR941127435682,Biomasse,BHKW 1500,Teileinspeisung (einschließlich Eigenverbrauch),1500,31832,Region Hannover,Springe,NA,NA,Niedersachsen,9.67128,52.14367,2018,NA,FALSE,Biogas,KWK908007275417,BHKW 1500
SEE980671632888,ABR925352265030,Biomasse,BHKW 1 Jenbacher J 320 GSC 21 SerienNr. 4525621,Volleinspeisung,1064,86756,Donau-Ries,Reimlingen,Heuweg,10,Bayern,10.514,48.83,2006,NA,FALSE,Biogas,KWK968770591596,BHKW 1 Jenbacher J 320 GSC 21 SerienNr. 4525621
SEE951691965256,ABR925352265030,Biomasse,BHKW 2 Jenbacher J320 GSC 25 SerienNr. 1232022,Volleinspeisung,1064,86756,Donau-Ries,Reimlingen,Heuweg,10,Bayern,10.514,48.83,2006,NA,FALSE,Biogas,KWK968770591596,BHKW 2 Jenbacher J320 GSC 25 SerienNr. 1232022
SEE997382911652,ABR987206131205,Biomasse,Tangeln BHKW 2,Volleinspeisung,1063,38489,Altmarkkreis Salzwedel,Beetzendorf,Ahlumer Straße,89b,Sachsen-Anhalt,11.019757,52.679724,2023,NA,FALSE,Biogas,KWK907184393693,Tangeln BHKW 2
SEE929026362773,ABR960009285672,Biomasse,Iller Roth 420,Teileinspeisung (einschließlich Eigenverbrauch),1500,89257,Neu-Ulm,Illertissen,Bergenstettener Straße,99,Bayern,10.132224,48.202726,2017,NA,FALSE,Biogas,KWK928412083308,Iller Roth 420
SEE912841785346,ABR971452201317,Biomasse,Zülpich-Geich BHKW 9296641,Teileinspeisung (einschließlich Eigenverbrauch),1022,53909,Euskirchen,Zülpich,Veilchenstraße,NA,Nordrhein-Westfalen,6.640495,50.708274,2005,NA,FALSE,Biogas,KWK992282644327,Zülpich-Geich BHKW 9296641
SEE977815176360,ABR901954133120,Biomasse,AWG Bava OH,Volleinspeisung,1256,75387,Calw,Neubulach,Martinsmooser Straße,102,Baden-Württemberg,8.648657,48.647209,2020,NA,FALSE,Biogas,NA,AWG Bava OH
SEE969663168482,ABR932708769821,Biomasse,BE 4.0 Generator TBE 4.12,Volleinspeisung,1500,78665,Tuttlingen,Frittlingen,Bihrenberg,1,Baden-Württemberg,8.716,48.133,2018,NA,FALSE,Biogas,KWK934286272007,BE 4.0 Generator TBE 4.12
SEE974261344695,ABR911974762156,Biomasse,BGA Neperstorf,Volleinspeisung,1005,19417,Nordwestmecklenburg,Neperstorf,Kastanienallee,5,Mecklenburg-Vorpommern,11.615,53.824,2011,NA,FALSE,Biogas,KWK973814682550,BGA Neperstorf
SEE983568345908,ABR965723906919,Biomasse,BHKW 4,Volleinspeisung,1497,89438,Dillingen a.d. Donau,Holzheim,Römerstraße,95,Bayern,10.534,48.518,2018,NA,FALSE,Biogas,KWK924118313596,BHKW 4
SEE928713714703,ABR965723906919,Biomasse,BHKW 3,Volleinspeisung,1497,89438,Dillingen a.d. Donau,Holzheim,Römerstraße,95,Bayern,10.534,48.518,2018,NA,FALSE,Biogas,KWK924118313596,BHKW 3
SEE960204123854,ABR991967582008,Biomasse,"BGA Malchin, Industriegelände 13, BHKW 1",Volleinspeisung,1064,17139,Mecklenburgische Seenplatte,Malchin,Industriegelände,13,Mecklenburg-Vorpommern,12.773,53.75,2007,NA,FALSE,Biogas,KWK936037436768,"BGA Malchin, Industriegelände 13, BHKW 1"
SEE921596134590,ABR991967582008,Biomasse,"BGA Malchin, Industriegelände 13, BHKW 2",Volleinspeisung,1064,17139,Mecklenburgische Seenplatte,Malchin,Industriegelände,13,Mecklenburg-Vorpommern,12.773,53.75,2007,NA,FALSE,Biogas,KWK936037436768,"BGA Malchin, Industriegelände 13, BHKW 2"
SEE925944311237,ABR925283076712,Biomasse,BE 0210 SAT-BHKW 1,Volleinspeisung,1165,21244,Harburg,Buchholz,Ritscherstraße,4,Niedersachsen,9.812988,53.321753,2011,NA,FALSE,Biogas,KWK986251640601,BE 0210 SAT-BHKW 1
SEE978746383063,ABR991967582008,Biomasse,"BGA Malchin, Industriegelände 13, BHKW 3",Volleinspeisung,1415,17139,Mecklenburgische Seenplatte,Malchin,Industriegelände,13,Mecklenburg-Vorpommern,12.773,53.75,2007,NA,FALSE,Biogas,KWK936037436768,"BGA Malchin, Industriegelände 13, BHKW 3"
SEE900472225126,ABR991967582008,Biomasse,"BGA Malchin, Industriegelände 13, BHKW 4",Volleinspeisung,1415,17139,Mecklenburgische Seenplatte,Malchin,Industriegelände,13,Mecklenburg-Vorpommern,12.773,53.75,2007,NA,FALSE,Biogas,KWK936037436768,"BGA Malchin, Industriegelände 13, BHKW 4"
SEE903145929437,NA,Biomasse,BHKW BE-5.1,Volleinspeisung,1500,46342,Borken,Velen,Anton-Lutter-Straße,9-11,Nordrhein-Westfalen,6.944371,51.937686,2019,2023,TRUE,Biogas,NA,BHKW BE-5.1
SEE976180163449,ABR911761063787,Biomasse,BMHKW Leineweberstraße,Volleinspeisung,1819,39114,Magdeburg,Magdeburg,Leineweberstraße,2,Sachsen-Anhalt,11.677,52.127,2009,NA,FALSE,"Wald-Holzhackschnitzel, Wald-Scheitholz, -Kronenholz",KWK969570323233,BMHKW Leineweberstraße
SEE933990743162,ABR948239224524,Biomasse,Tüttendorf 1C,Volleinspeisung,2300,24214,Rendsburg-Eckernförde,Tüttendorf,Rabensmoor,NA,Schleswig-Holstein,9.985324,54.389339,2020,NA,FALSE,Biogas,KWK966437647747,Tüttendorf 1C
SEE995849211253,ABR962279945096,Biomasse,BHKW 2 (420),Teileinspeisung (einschließlich Eigenverbrauch),1501,35282,Marburg-Biedenkopf,Rauschenberg,Hof Fiddemühle,1,Hessen,8.943596,50.892872,2018,NA,FALSE,Biogas,KWK990187191205,BHKW 2 (420)
SEE918268792622,ABR973942215187,Biomasse,Vo JES 320,Volleinspeisung,1065,27412,Rotenburg (Wümme),Vorwerk,Diekweg,1,Niedersachsen,9.150827,53.188487,2007,NA,FALSE,Biogas,KWK933236627058,Vo JES 320
SEE909480635361,ABR911880209493,Biomasse,Biogasanlage Fienstorf,Volleinspeisung,2000,18184,Rostock,Broderstorf,Fienstorfer Mühle,2,Mecklenburg-Vorpommern,12.282,54.109,2018,NA,FALSE,Biogas,KWK977551520946,Biogasanlage Fienstorf
SEE989793566002,ABR970865976416,Biomasse,Bioenergie Mitlmeier,Teileinspeisung (einschließlich Eigenverbrauch),1200,92648,Neustadt a.d. Waldnaab,Vohenstrauß,NA,NA,Bayern,12.273671,49.642406,2019,NA,FALSE,Biogas,KWK988211686858,Bioenergie Mitlmeier
SEE919697855377,ABR906549006544,Biomasse,Jenbacher 420er Oben aus 2017,Volleinspeisung,1500,59609,Soest,Anröchte,NA,NA,Nordrhein-Westfalen,8.24114,51.518986,2017,NA,FALSE,Biogas,KWK952143934134,Jenbacher 420er Oben aus 2017
SEE917172119082,ABR906549006544,Biomasse,Jenbacher 416er Oben aus 2017,Volleinspeisung,1203,59609,Soest,Anröchte,NA,NA,Nordrhein-Westfalen,8.241223,51.518937,2017,NA,FALSE,Biogas,KWK952143934134,Jenbacher 416er Oben aus 2017
SEE960801491783,ABR974303252124,Biomasse,BHKW 4,Volleinspeisung,1168,27245,Diepholz,Bahrenborstel,Tempelberg,1 Y,Niedersachsen,8.803916,52.554504,2019,NA,FALSE,Biogas,KWK987243560655,BHKW 4
SEE970461728839,ABR945202398800,Biomasse,Palmhof Energie GbR JB 1063,Volleinspeisung,1063,78199,Schwarzwald-Baar-Kreis,Bräunlingen,Palmhof,1,Baden-Württemberg,8.468085,47.931779,2018,NA,FALSE,Biogas,KWK941669701030,Palmhof Energie GbR JB 1063
SEE995877950063,ABR905319281433,Biomasse,BHKW 4,Teileinspeisung (einschließlich Eigenverbrauch),2000,38473,Gifhorn,Tiddische,NA,NA,Niedersachsen,10.800809,52.512537,2016,NA,FALSE,Biogas,KWK901832459342,BHKW 4
SEE976573882100,ABR921129654939,Biomasse,BHKW Nr.4,Volleinspeisung,2000,27259,Diepholz,Wehrbleck,Strange,47,Niedersachsen,8.674,52.643,2019,NA,FALSE,Biogas,KWK942441747246,BHKW Nr.4
SEE925485104244,ABR959312777837,Biomasse,Bioenergie 416,Teileinspeisung (einschließlich Eigenverbrauch),1203,95500,Bayreuth,Heinersreuth,NA,NA,Bayern,11.544048,49.960006,2018,NA,FALSE,Biogas,KWK970144962840,Bioenergie 416
SEE907850147001,ABR980733011347,Biomasse,Biogas 4.2 BHKW,Volleinspeisung,2350,24852,Schleswig-Flensburg,Sollerup,NA,NA,Schleswig-Holstein,9.316541,54.582992,2018,NA,FALSE,Biogas,KWK964415816406,Biogas 4.2 BHKW
SEE945339938030,ABR970916467597,Biomasse,Biogasanlage BestandsBHKW,Volleinspeisung,1427,14550,Potsdam-Mittelmark,Groß Kreutz,Ketziner Siedlung,15,Brandenburg,12.839122,52.454864,2007,NA,FALSE,Biogas,KWK918554200398,Biogasanlage BestandsBHKW
SEE937128904463,NA,Biomasse,ST_BHKW_T9,Volleinspeisung,19470,63811,Aschaffenburg,Stockstadt,Obernburger Straße,1-9,Bayern,9.066645,49.978037,2019,2023,TRUE,"Brennlauge, Schwarzlauge, Sulfitablauge",KWK962230375740,ST_BHKW_T9
SEE902955080857,ABR973499570470,Biomasse,BHKW 3,Teileinspeisung (einschließlich Eigenverbrauch),1560,93354,Kelheim,Biburg,NA,NA,Bayern,11.86292,48.783747,2017,NA,FALSE,Biogas,KWK933669563312,BHKW 3
SEE942586134857,ABR952341155270,Biomasse,Biogasanlage Kees ＆ Nuscheler GmbH ＆ Co. KG 3,Volleinspeisung,1501,86972,Weilheim-Schongau,Altenstadt,NA,NA,Bayern,10.871481,47.842907,2020,NA,FALSE,Biogas,KWK965208160706,Biogasanlage Kees ＆ Nuscheler GmbH ＆ Co. KG 3
SEE901441281495,ABR904741097094,Biomasse,Jen 420,Teileinspeisung (einschließlich Eigenverbrauch),1717,85452,Erding,Moosinning,Lerchenstraße,21,Bayern,11.79052,48.271241,2017,NA,FALSE,Biogas,KWK955278944962,Jen 420
SEE963030891539,ABR929167688565,Biomasse,BHKW 2,Volleinspeisung,1067,31020,Hameln-Pyrmont,Salzhemmendorf,Am Klei,0,Niedersachsen,9.622497,52.032606,2020,NA,FALSE,Biogas,KWK967433916585,BHKW 2
SEE903227424096,ABR963164403219,Biomasse,"BGA Kantow, BHKW 2 (Flex)",Volleinspeisung,1489,16845,Ostprignitz-Ruppin,Kantow,Dorfstraße,2 C,Brandenburg,12.611371,52.92214,2023,NA,FALSE,Biogas,KWK965714725161,"BGA Kantow, BHKW 2 (Flex)"
SEE987576765949,ABR929167688565,Biomasse,BHKW 3,Volleinspeisung,1067,31020,Hameln-Pyrmont,Salzhemmendorf,Am Klei,0,Niedersachsen,9.622573,52.032654,2020,NA,FALSE,Biogas,KWK967433916585,BHKW 3
SEE956633170538,ABR930273501884,Biomasse,BHKW 1,Teileinspeisung (einschließlich Eigenverbrauch),1560,99428,Weimarer Land,Grammetal,Am Troistedter Weg,6,Thüringen,11.237,50.956,2012,NA,FALSE,Biogas,KWK912769380425,BHKW 1
SEE904097850084,ABR969092625426,Biomasse,BHKW Anlage,Volleinspeisung,1065,26409,Wittmund,Wittmund,Isums,45a,Niedersachsen,7.781059,53.554871,1997,NA,FALSE,Biogas,KWK972303998264,BHKW Anlage
SEE954692375956,ABR905105983053,Biomasse,Motor 5,Volleinspeisung,1870,37671,Höxter,Höxter,Wellenweg,99,Nordrhein-Westfalen,10.871962,51.307452,2017,NA,FALSE,Biogas,KWK986487857293,Motor 5
SEE908013945267,ABR905105983053,Biomasse,Motor 6,Volleinspeisung,1870,37671,Höxter,Höxter,Konrad-Reitz-Straße,2,Nordrhein-Westfalen,9.41245,51.824931,2017,NA,FALSE,Biogas,KWK912461681486,Motor 6
SEE961813539029,ABR963950784973,Biomasse,BHKW 3,Volleinspeisung,1169,26169,Cloppenburg,Friesoythe,NA,NA,Niedersachsen,7.807785,53.056718,2019,NA,FALSE,Biogas,KWK998680495592,BHKW 3
SEE938681812370,ABR919919808877,Biomasse,BHKW Jenbacher 420,Volleinspeisung,1563,79843,Breisgau-Hochschwarzwald,Löffingen,Hämmerleweg,24,Baden-Württemberg,8.354,47.879,2020,NA,FALSE,Biogas,KWK969574670562,BHKW Jenbacher 420
SEE928370287633,ABR900262582903,Biomasse,BHKW 4,Volleinspeisung,1203,01594,Meißen,Hirschstein,Neuhirschsteiner Straße,33,Sachsen,13.384968,51.255613,2019,NA,FALSE,Biogas,NA,BHKW 4
SEE955234483337,ABR965141016269,Biomasse,Biogas Hof Petersen - BHKW 3 - BGA,Volleinspeisung,1500,25821,Nordfriesland,Reußenköge,Cecilienkoog,16,Schleswig-Holstein,8.921098,54.585083,2018,NA,FALSE,Biogas,KWK953924301039,Biogas Hof Petersen - BHKW 3 - BGA
SEE953393860068,ABR960880081141,Biomasse,Biopellet Magdeburg GmbH＆Co.KG - BMHKW,Volleinspeisung,1862,39126,Magdeburg,Magdeburg,Glindenberger Weg,15,Sachsen-Anhalt,11.672717,52.212331,2012,NA,FALSE,Rinde und Landschaftspflegeholz,KWK928294421779,Biopellet Magdeburg GmbH＆Co.KG - BMHKW
SEE968545680586,ABR972884522681,Biomasse,BK-24-MR01,Volleinspeisung,1166,48163,Münster,Münster,Mecklenbecker Straße,475,Nordrhein-Westfalen,7.563,51.927,2005,2025,TRUE,Biomethan (Bioerdgas),KWK924290113151,BK-24-MR01
SEE943632456749,ABR982176084896,Biomasse,BKWO Biomasseheizkraftwerk Obrigheim,Teileinspeisung (einschließlich Eigenverbrauch),6500,74847,Neckar-Odenwald-Kreis,Obrigheim,Kraftwerkstraße,3,Baden-Württemberg,9.07865,49.362288,2008,NA,FALSE,Rinde und Landschaftspflegeholz,KWK986188224424,BKWO Biomasseheizkraftwerk Obrigheim
SEE962185382367,ABR959271720820,Biomasse,PKV Kraftwerk BGM 1,Volleinspeisung,1124,26316,Friesland,Varel,Dangaster Straße,38,Niedersachsen,8.132755,53.403091,2006,NA,FALSE,Biogas,KWK948743637643,PKV Kraftwerk BGM 1
SEE967477810276,ABR990752860598,Biomasse,Klärwerk Waßmannsdorf BHKW Modul 1,Teileinspeisung (einschließlich Eigenverbrauch),1200,12529,Dahme-Spreewald,Schönefeld,Straße am Klärwerk,4,Brandenburg,13.470075,52.37987,2012,NA,FALSE,Klärgas,KWK953354373675,Klärwerk Waßmannsdorf BHKW Modul 1
SEE971009731366,ABR990752860598,Biomasse,Klärwerk Waßmannsdorf BHKW Modul 4,Teileinspeisung (einschließlich Eigenverbrauch),1200,12529,Dahme-Spreewald,Schönefeld,Straße am Klärwerk,4,Brandenburg,13.470075,52.37987,2012,NA,FALSE,Klärgas,KWK953354373675,Klärwerk Waßmannsdorf BHKW Modul 4
SEE949197490495,ABR990752860598,Biomasse,Klärwerk Waßmannsdorf BHKW Modul 5,Teileinspeisung (einschließlich Eigenverbrauch),1200,12529,Dahme-Spreewald,Schönefeld,Straße am Klärwerk,4,Brandenburg,13.470075,52.37987,2012,NA,FALSE,Klärgas,KWK953354373675,Klärwerk Waßmannsdorf BHKW Modul 5
SEE985287165805,ABR990752860598,Biomasse,Klärwerk Waßmannsdorf BHKW Modul 2,Teileinspeisung (einschließlich Eigenverbrauch),1200,12529,Dahme-Spreewald,Schönefeld,Straße am Klärwerk,4,Brandenburg,13.470075,52.37987,2015,NA,FALSE,Klärgas,KWK908743562482,Klärwerk Waßmannsdorf BHKW Modul 2
SEE990950440271,ABR990752860598,Biomasse,Klärwerk Waßmannsdorf BHKW Modul 3,Teileinspeisung (einschließlich Eigenverbrauch),1200,12529,Dahme-Spreewald,Schönefeld,Straße am Klärwerk,4,Brandenburg,13.470075,52.37987,2015,NA,FALSE,Klärgas,KWK908743562482,Klärwerk Waßmannsdorf BHKW Modul 3
SEE967950570895,ABR959271720820,Biomasse,PKV Kraftwerk BGM 2,Volleinspeisung,1124,26316,Friesland,Varel,Dangaster Straße,38,Niedersachsen,8.132755,53.403092,2006,NA,FALSE,Biogas,KWK948743637643,PKV Kraftwerk BGM 2
SEE912240391971,ABR988066569115,Biomasse,Energiezentrale BHKW-1,Volleinspeisung,1248,78166,Schwarzwald-Baar-Kreis,Donaueschingen,Friedrich-Ebert-Straße,1,Baden-Württemberg,8.50105,47.94693,2012,NA,FALSE,Biomethan (Bioerdgas),KWK978913392614,Energiezentrale BHKW-1
SEE989074901805,ABR992480003490,Biomasse,Flex BGA 2,Volleinspeisung,1501,23936,Nordwestmecklenburg,Grevesmühlen,Degtower Weg,4,Mecklenburg-Vorpommern,11.203373,53.857471,2019,NA,FALSE,Biogas,KWK971167025192,Flex BGA 2
SEE971815308165,ABR923908075218,Biomasse,Biomasseturbine,Volleinspeisung,4300,82024,München,Taufkirchen,Lanzenhaarer Weg,2,Bayern,11.605477,48.024875,2000,NA,FALSE,"Wald-Holzhackschnitzel, Wald-Scheitholz, -Kronenholz",KWK961479631563,Biomasseturbine
SEE994189415987,ABR992735938027,Biomasse,Modul 4,Teileinspeisung (einschließlich Eigenverbrauch),1203,27726,Osterholz,Worpswede,NA,NA,Niedersachsen,8.990722,53.292483,2019,NA,FALSE,Biogas,KWK941780922246,Modul 4
SEE998924023239,ABR982537610160,Biomasse,Jenbacher 2018,Volleinspeisung,1203,91438,Neustadt a.d. Aisch-Bad Windsheim,Bad Windsheim,Ipsheimer Straße,2,Bayern,10.435503,49.509081,2018,NA,FALSE,Biogas,KWK984883003733,Jenbacher 2018
SEE944247975397,ABR994619312633,Biomasse,BE 5.0 Generator TBE 3.8.1,Teileinspeisung (einschließlich Eigenverbrauch),1200,84405,Erding,Dorfen,Nicklhub,1,Bayern,12.217286,48.284668,2020,NA,FALSE,Biogas,KWK955690633895,BE 5.0 Generator TBE 3.8.1
SEE954065901232,ABR915991090711,Biomasse,BHKW Dampfturbine TWIN CA36,Volleinspeisung,2050,09648,Mittelsachsen,Mittweida,Altenburger Straße,38,Sachsen,12.950514,50.987856,1999,NA,FALSE,"Holzreste (z.B. aus Schreinereien, auch Spanholz)",KWK904660972861,BHKW Dampfturbine TWIN CA36
SEE921279029663,ABR905478027057,Biomasse,Energiepark Hahnennest,Volleinspeisung,1003,88356,Sigmaringen,Ostrach,Hahnennester 100,NA,Baden-Württemberg,9.321413,47.920437,2019,NA,FALSE,Biogas,KWK925996817039,Energiepark Hahnennest
SEE917618760229,ABR994980798333,Biomasse,BHKW 1200 Biovergärungsanlage Backnang-Neuschöntal,Teileinspeisung (einschließlich Eigenverbrauch),1200,71522,Rems-Murr-Kreis,Backnang,Lindauer Straße,111,Baden-Württemberg,9.400344,48.936885,2019,NA,FALSE,Biogas,KWK907998875408,BHKW 1200 Biovergärungsanlage Backnang-Neuschöntal
SEE950116969510,NA,Biomasse,medl BHKW Broich Modul 3,Volleinspeisung,2717,45479,Mülheim an der Ruhr,Mülheim,Duisburger Straße,50,Nordrhein-Westfalen,6.866425,51.427875,1998,2020,TRUE,Biomethan (Bioerdgas),KWK984800906482,medl BHKW Broich Modul 3
SEE975736044645,ABR918098008030,Biomasse,BGA BHKW 3 1192 kW,Volleinspeisung,1192,48268,Steinfurt,Greven,Guntruper Str.,1,Nordrhein-Westfalen,7.664,52.071,2017,NA,FALSE,Biogas,KWK932448440097,BGA BHKW 3 1192 kW
SEE906691973961,ABR975477979077,Biomasse,medl BHKW Broich Modul 4,Volleinspeisung,1999,45479,Mülheim an der Ruhr,Mülheim,Duisburger Straße,50,Nordrhein-Westfalen,6.866381,51.427916,2011,NA,FALSE,Biomethan (Bioerdgas),KWK975523876220,medl BHKW Broich Modul 4
SEE903246061906,ABR940648870590,Biomasse,vdB,Volleinspeisung,1560,47638,Kleve,Straelen,Hochheid,4,Nordrhein-Westfalen,6.266,51.413,2013,NA,FALSE,Biomethan (Bioerdgas),KWK954207564936,vdB
SEE934892513273,NA,Biomasse,GM 1,Volleinspeisung,3891,99752,Nordhausen,Bleicherode,Nordhäuser Straße,2,Thüringen,10.592579,51.452046,2012,2023,TRUE,Biogas,KWK943461324394,GM 1
SEE925648480314,ABR975477979077,Biomasse,medl BHKW Broich Modul 1,Volleinspeisung,3293,45479,Mülheim an der Ruhr,Mülheim,Duisburger Straße,50,Nordrhein-Westfalen,6.867,51.428,2014,NA,FALSE,Biomethan (Bioerdgas),KWK914482450379,medl BHKW Broich Modul 1
SEE939521298415,ABR978096504668,Biomasse,BHKW Essen,Volleinspeisung,4397,45131,Essen,Essen,Walpurgisstr.,1,Nordrhein-Westfalen,7.012232,51.428652,2013,NA,FALSE,Biomethan (Bioerdgas),KWK912781679545,BHKW Essen
SEE991247859455,ABR930317722138,Biomasse,APP/CHK,Teileinspeisung (einschließlich Eigenverbrauch),2580,56759,Cochem-Zell,Kaisersesch,Werner-von-Siemens-Straße,18,Rheinland-Pfalz,7.156,50.239,1999,NA,FALSE,"Holzspäne, Sägemehl",KWK903575264399,APP/CHK
SEE920155962636,ABR924117948911,Biomasse,Bioenergie Demmin GmbH ＆ Co. KG,Volleinspeisung,1501,17109,Mecklenburgische Seenplatte,Demmin,NA,NA,Mecklenburg-Vorpommern,13.06648,53.903601,2019,NA,FALSE,Biogas,KWK954752948748,Bioenergie Demmin GmbH ＆ Co. KG
SEE907300811995,ABR994980798333,Biomasse,BHKW 1560 Biovergärungsanlage Backnang- Neuschöntal,Teileinspeisung (einschließlich Eigenverbrauch),1560,71522,Rems-Murr-Kreis,Backnang,Lindauer Straße,111,Baden-Württemberg,9.400436,48.936898,2019,NA,FALSE,Biogas,KWK907998875408,BHKW 1560 Biovergärungsanlage Backnang- Neuschöntal
SEE989520528877,ABR996401106758,Biomasse,BMKW Bischofferode,Volleinspeisung,20000,37345,Eichsfeld,Am Ohmberg,Schachtstraße,1,Thüringen,10.413338,51.489714,2005,2025,TRUE,"Wald-Holzhackschnitzel, Wald-Scheitholz, -Kronenholz",NA,BMKW Bischofferode
SEE925527960616,ABR996949360650,Biomasse,Birkhof Jenbacher,Volleinspeisung,1203,72172,Rottweil,Sulz,Keltenstraße,97,Baden-Württemberg,8.635187,48.379223,2016,NA,FALSE,Biogas,KWK929983101668,Birkhof Jenbacher
SEE911611471809,ABR969084238221,Biomasse,BGA Flex Jenbacher 416,Volleinspeisung,1203,97854,Main-Spessart,Steinfeld,NA,NA,Bayern,9.676742,49.944212,2019,NA,FALSE,Biogas,KWK929594802572,BGA Flex Jenbacher 416
SEE903410580158,ABR978096504668,Biomasse,BHKW Geithain,Volleinspeisung,2000,04643,Leipzig,Geithain,Straße der Deutschen Einheit,35 Z,Sachsen,12.684723,51.058902,2013,NA,FALSE,Biomethan (Bioerdgas),KWK982429865944,BHKW Geithain
SEE900137729396,ABR978096504668,Biomasse,BHKW Rochlitz,Volleinspeisung,1560,09306,Mittelsachsen,Rochlitz,Am Mönchswinkel,3,Sachsen,12.797,51.057,2013,NA,FALSE,Biomethan (Bioerdgas),KWK956459916464,BHKW Rochlitz
SEE903097387316,ABR904160801876,Biomasse,BHKW 2 Oberhagen Flex,Volleinspeisung,1560,18182,Rostock,Rövershagen,Haus,12a,Mecklenburg-Vorpommern,12.273043,54.168948,2007,NA,FALSE,Biogas,KWK973963729007,BHKW 2 Oberhagen Flex
SEE987274638439,ABR993886927694,Biomasse,"BGA Groß Grabenstedt, BHKW 2 (Flex)",Volleinspeisung,1203,29410,Altmarkkreis Salzwedel,Salzwedel,Groß Grabenstedt,10 a,Sachsen-Anhalt,10.955649,52.856238,2019,NA,FALSE,Biogas,KWK974004126960,"BGA Groß Grabenstedt, BHKW 2 (Flex)"
SEE970544380732,ABR962705139990,Biomasse,BGA Flex Jenbacher 416,Volleinspeisung,1202,97854,Main-Spessart,Steinfeld,NA,NA,Bayern,9.676772,49.943974,2019,NA,FALSE,Biogas,KWK982816450739,BGA Flex Jenbacher 416
SEE992419849410,ABR945643788406,Biomasse,BHKW 4_Jenbacher_420,Volleinspeisung,1501,46282,Recklinghausen,Dorsten,Gottlieb-Daimler-Straße,29,Nordrhein-Westfalen,7.02,51.66,2018,NA,FALSE,Biogas,KWK989448547578,BHKW 4_Jenbacher_420
SEE970991401325,ABR958080711821,Biomasse,BHKW Sat,Teileinspeisung (einschließlich Eigenverbrauch),2000,15324,Märkisch-Oderland,Letschin,Hauptstraße,6,Brandenburg,14.407,52.634,2012,NA,FALSE,Biogas,KWK988631141784,BHKW Sat
SEE903767538864,ABR930273501884,Biomasse,BHKW 2,Teileinspeisung (einschließlich Eigenverbrauch),1560,99428,Weimarer Land,Grammetal,Am Troistedter Weg,6,Thüringen,11.237,50.956,2012,NA,FALSE,Biogas,KWK912769380425,BHKW 2
SEE975007696191,ABR947885676114,Biomasse,BHKW 1,Volleinspeisung,1063,21394,Lüneburg,Südergellersen,Oerzer Straße,16,Niedersachsen,10.304,53.198,2014,NA,FALSE,Biogas,KWK930355569023,BHKW 1
SEE905539392322,ABR947885676114,Biomasse,BHKW 2,Volleinspeisung,1063,21394,Lüneburg,Südergellersen,Oerzer Straße,16,Niedersachsen,10.304,53.198,2014,NA,FALSE,Biogas,KWK930355569023,BHKW 2
SEE999955839875,ABR973147089415,Biomasse,HB - Landskronastraße 40,Volleinspeisung,1200,28719,Bremen,Bremen,Landskronastraße,40,Bremen,8.721,53.176413,2011,NA,FALSE,Biomethan (Bioerdgas),KWK967362966125,HB - Landskronastraße 40
SEE995257179305,ABR973147089415,Biomasse,BHV - Boschstraße 11,Volleinspeisung,1150,27574,Bremerhaven,Bremerhaven,Boschstraße,11,Bremen,8.604912,53.517759,2005,NA,FALSE,Biomethan (Bioerdgas),KWK970036069572,BHV - Boschstraße 11
SEE990397738429,ABR906283881599,Biomasse,BHKW Winnenden,Volleinspeisung,1999,71364,Rems-Murr-Kreis,Winnenden,Forststraße,20,Baden-Württemberg,9.386,48.867,2012,NA,FALSE,Biomethan (Bioerdgas),KWK987222594305,BHKW Winnenden
SEE949066398716,ABR978096504668,Biomasse,BMHKW Neufahrn,Volleinspeisung,5600,85375,Freising,Neufahrn,Ludwig-Erhard-Straße,13,Bayern,11.65,48.311,2003,NA,FALSE,"Altholz, Gebrauchtholz, Holz(sperr)müll",KWK939070589156,BMHKW Neufahrn
SEE904677108444,ABR949449053171,Biomasse,Linie 1 (Kessel 5_Turbine 1)_Komplex 04-01/04,Volleinspeisung,3440,72531,Reutlingen,Hohenstein,Hans-Schwörer-Straße,8,Baden-Württemberg,9.331597,48.325679,1995,NA,FALSE,"Wald-Stammholz, Rundholz",KWK911127866809,Linie 1 (Kessel 5_Turbine 1)_Komplex 04-01/04
SEE977054519836,ABR917653898284,Biomasse,"Biogasanlage 1,189 MW",Volleinspeisung,1189,17192,Mecklenburgische Seenplatte,Peenehagen,Warener Chaussee,NA,Mecklenburg-Vorpommern,12.727,53.579,2013,NA,FALSE,Biogas,NA,"Biogasanlage 1,189 MW"
SEE991321973862,ABR984164194013,Biomasse,BHKW 4,Volleinspeisung,1260,93473,Cham,Arnschwang,Gewerbegebiet,8,Bayern,12.8,49.273,2010,NA,FALSE,Biogas,KWK953054519564,BHKW 4
SEE980217317743,ABR927356589860,Biomasse,MWM 1200,Teileinspeisung (einschließlich Eigenverbrauch),1200,92693,Neustadt a.d. Waldnaab,Eslarn,Roßtränk,4,Bayern,12.48545,49.573862,2016,NA,FALSE,Biogas,KWK982916084476,MWM 1200
SEE943708020478,ABR954712994198,Biomasse,Flex BHKW 6,Volleinspeisung,1999,32694,Lippe,Dörentrup,Oelentrup,1,Nordrhein-Westfalen,9.044347,52.0394,2019,NA,FALSE,Biogas,KWK966672861816,Flex BHKW 6
SEE912816384918,ABR958847543702,Biomasse,Agrargenossenschaft Uckermark agrar eG Flex BHKW,Volleinspeisung,1497,17291,Uckermark,Göritz,Tornower Damm,1,Brandenburg,13.919996,53.404356,2020,NA,FALSE,Biogas,KWK989899297558,Agrargenossenschaft Uckermark agrar eG Flex BHKW
SEE905767085751,ABR992312151382,Biomasse,HHKW Melsungen,Volleinspeisung,4405,34212,Schwalm-Eder-Kreis,Melsungen,Am Haidelspfad,2,Hessen,9.556154,51.104001,2014,NA,FALSE,"Wald-Holzhackschnitzel, Wald-Scheitholz, -Kronenholz",KWK995187365366,HHKW Melsungen
SEE991312591846,ABR949519149322,Biomasse,HEW Melsungen,Volleinspeisung,2300,34212,Schwalm-Eder-Kreis,Melsungen,Am Haidelspfad,4,Hessen,9.558985,51.104252,2014,NA,FALSE,"Wald-Holzhackschnitzel, Wald-Scheitholz, -Kronenholz",KWK989748679535,HEW Melsungen
SEE923404988159,ABR983267124088,Biomasse,BHKW 5,Volleinspeisung,2167,06466,Salzlandkreis,Gatersleben,Am Schwabeplan,6,Sachsen-Anhalt,11.27514,51.82454,2019,NA,FALSE,Biogas,KWK949410784387,BHKW 5
SEE986195659547,ABR983267124088,Biomasse,BHKW 6,Volleinspeisung,1554,06466,Salzlandkreis,Gatersleben,Am Schwabeplan,6,Sachsen-Anhalt,11.275046,51.82455,2019,NA,FALSE,Biogas,KWK949410784387,BHKW 6
SEE918589253963,ABR983267124088,Biomasse,BHKW 7,Volleinspeisung,2481,06466,Salzlandkreis,Gatersleben,Am Schwabeplan,6,Sachsen-Anhalt,11.264875,51.821893,2019,NA,FALSE,Biogas,KWK987429093199,BHKW 7
SEE922389316407,ABR996878910322,Biomasse,BHKW Baruth,Volleinspeisung,8365,15837,Teltow-Fläming,Baruth,An der Birkenpfuhlheide,1,Brandenburg,13.512318,52.067487,2009,NA,FALSE,Rinde und Landschaftspflegeholz,NA,BHKW Baruth
SEE956116560252,ABR996878910322,Biomasse,BHKW Oberrot MAN,Volleinspeisung,7200,74420,Schwäbisch Hall,Oberrot,Eugen-Klenk-Straße,2,Baden-Württemberg,9.674875,49.011682,2009,NA,FALSE,Rinde und Landschaftspflegeholz,NA,BHKW Oberrot MAN
SEE941663384451,ABR907609946596,Biomasse,BHKW Rackith,Volleinspeisung,1145,06901,Wittenberg,Kemberg,Lammsdorf,900 Z,Sachsen-Anhalt,12.672945,51.80446,2012,NA,FALSE,Biogas,KWK943427760594,BHKW Rackith
SEE986579886248,ABR967085125366,Biomasse,"BHKW Dinslaken Lohberg Modul 2 1,99 MW",Volleinspeisung,1999,46539,Wesel,Dinslaken,NA,NA,Nordrhein-Westfalen,6.762089,51.583517,2011,NA,FALSE,Biomethan (Bioerdgas),KWK904935139555,"BHKW Dinslaken Lohberg Modul 2 1,99 MW"
SEE907419360698,ABR967085125366,Biomasse,"BHKW Dinslaken Lohberg Modul 1 3,3 MW",Volleinspeisung,3354,46539,Wesel,Dinslaken,NA,NA,Nordrhein-Westfalen,6.757941,51.579107,2019,NA,FALSE,Biomethan (Bioerdgas),KWK904935139555,"BHKW Dinslaken Lohberg Modul 1 3,3 MW"
SEE934879768511,ABR949449053171,Biomasse,Linie 2 (Kessel 6_Turbine 2)_Komplex 04-01/04,Volleinspeisung,5770,72531,Reutlingen,Hohenstein,Hans-Schwörer-Straße,8,Baden-Württemberg,9.331597,48.325679,2001,NA,FALSE,"Wald-Stammholz, Rundholz",KWK956319758418,Linie 2 (Kessel 6_Turbine 2)_Komplex 04-01/04
SEE939138657360,ABR913012901282,Biomasse,Stw-HV BHKW III,Volleinspeisung,1501,39539,Stendal,Havelberg,Birkenweg,50,Sachsen-Anhalt,12.091718,52.83359,2019,NA,FALSE,Biogas,KWK944682815500,Stw-HV BHKW III
SEE983478482199,ABR954142926875,Biomasse,Eising Agrar Flex BHKW,Volleinspeisung,1497,17129,Vorpommern-Greifswald,Bentzin,Dorfstraße,49,Mecklenburg-Vorpommern,13.273463,53.947149,2022,NA,FALSE,Biogas,KWK924582994994,Eising Agrar Flex BHKW
SEE902160971391,ABR907139279478,Biomasse,Eising Biogas Flex BHKW,Volleinspeisung,1497,17129,Vorpommern-Greifswald,Bentzin,Dorfstraße,49,Mecklenburg-Vorpommern,13.273463,53.947149,2022,NA,FALSE,Biogas,KWK959061631855,Eising Biogas Flex BHKW
SEE912875878557,ABR933190343483,Biomasse,HKW-Stotz-BHKW,Volleinspeisung,1166,70806,Ludwigsburg,Kornwestheim,Eastleighstraße,1,Baden-Württemberg,9.17869,48.855768,2011,NA,FALSE,Biomethan (Bioerdgas),NA,HKW-Stotz-BHKW
SEE925896034246,ABR914796104364,Biomasse,KG III,Volleinspeisung,1168,27412,Rotenburg (Wümme),Breddorf,NA,NA,Niedersachsen,9.073684,53.311927,2025,NA,FALSE,Biogas,KWK909632152388,KG III
SEE989602356244,ABR970980571718,Biomasse,Biks Modul 1,Volleinspeisung,1022,67363,Germersheim,Lustadt,Am Oberen Griesweg,11,Rheinland-Pfalz,8.268352,49.233897,2008,NA,FALSE,Biogas,KWK932239301293,Biks Modul 1
SEE922039130902,ABR957778258105,Biomasse,Petersdorf BHKW 5,Volleinspeisung,1203,15236,Oder-Spree,Jacobsdorf,Briesener Straße,12,Brandenburg,14.321546,52.358198,2019,NA,FALSE,Biogas,KWK941720911811,Petersdorf BHKW 5
SEE911774512449,ABR957778258105,Biomasse,Petersdorf BHKW 6,Volleinspeisung,1203,15236,Oder-Spree,Jacobsdorf,Briesener Straße,12,Brandenburg,14.321546,52.358198,2019,NA,FALSE,Biogas,KWK941720911811,Petersdorf BHKW 6
SEE902616313270,ABR931718835274,Biomasse,BHKW4,Teileinspeisung (einschließlich Eigenverbrauch),1203,91550,Ansbach,Dinkelsbühl,Sinbronn,14,Bayern,10.387878,49.064507,2018,NA,FALSE,Biogas,KWK942239146695,BHKW4
SEE957055995815,ABR908382978705,Biomasse,BE 4.0 Gasmotor TBE 4.6 1067 KWel,Teileinspeisung (einschließlich Eigenverbrauch),1067,78166,Schwarzwald-Baar-Kreis,Donaueschingen,Dürrheimer Straße,81,Baden-Württemberg,8.514081,47.975548,2019,NA,FALSE,Biogas,KWK966032191430,BE 4.0 Gasmotor TBE 4.6 1067 KWel
SEE968607610087,ABR969002359205,Biomasse,MWM,Volleinspeisung,1200,31683,Schaumburg,Obernkirchen,Ringstraße,46,Niedersachsen,9.118537,52.289833,2017,NA,FALSE,Biogas,KWK983412885376,MWM
SEE923927639033,ABR909814628397,Biomasse,SL II - Arnsdorf,Volleinspeisung,1203,06917,Wittenberg,Jessen,Leipaer Straße,900 R,Sachsen-Anhalt,12.952819999999999,51.817313,2006,NA,FALSE,Biogas,KWK953594958854,SL II - Arnsdorf
SEE940499866582,ABR909814628397,Biomasse,SL III - Arnsdorf,Volleinspeisung,1203,06917,Wittenberg,Jessen,Leipaer Straße,900 r,Sachsen-Anhalt,12.952819999999999,51.817313,2006,NA,FALSE,Biogas,KWK987456422924,SL III - Arnsdorf
SEE962618844660,ABR915948655567,Biomasse,Bioenergie Elbisbach GmbH,Volleinspeisung,1067,04654,Leipzig,Frohburg,NA,NA,Sachsen,12.648091,51.106432,2019,NA,FALSE,Biogas,KWK957693264311,Bioenergie Elbisbach GmbH
SEE945704391279,ABR907100294745,Biomasse,Holzheizkraftwerk Horn,Teileinspeisung (einschließlich Eigenverbrauch),2970,32805,Lippe,Horn-Bad Meinberg,Wilberger Straße,72,Nordrhein-Westfalen,8.947575,51.88382,2018,NA,FALSE,"Holzreste (z.B. aus Schreinereien, auch Spanholz)",KWK985742873153,Holzheizkraftwerk Horn
SEE955850230544,ABR972948124769,Biomasse,BGA Dornhan 2,Volleinspeisung,1500,72175,Rottweil,Dornhan,Ellenbögle,1,Baden-Württemberg,8.515999,48.337153,2019,NA,FALSE,Biogas,KWK952286466479,BGA Dornhan 2
SEE914571088087,ABR967266413855,Biomasse,H. Dechering Biogas GmbH ＆ Co.KG,Volleinspeisung,1501,18299,Rostock,Dolgen am See,Dolgener Weg,2,Mecklenburg-Vorpommern,12.236169,53.954514,2005,NA,FALSE,Biogas,NA,H. Dechering Biogas GmbH ＆ Co.KG
SEE923325428512,ABR994715572597,Biomasse,K＆T Bioenergie 4,Volleinspeisung,1203,49744,Emsland,Geeste,Holthaarstraße,3,Niedersachsen,7.331331,52.595992,2019,NA,FALSE,Biogas,KWK920442393051,K＆T Bioenergie 4
SEE929069715185,ABR940486198085,Biomasse,Biomasse-Verstromungs-Anlage,Volleinspeisung,20000,58099,Hagen,Hagen,Hohensyburgstraße,67,Nordrhein-Westfalen,7.487861,51.412889,2004,NA,FALSE,"Altholz, Gebrauchtholz, Holz(sperr)müll",KWK971518635599,Biomasse-Verstromungs-Anlage
SEE991019427196,ABR978096504668,Biomasse,BMHKW Dresden,Volleinspeisung,7070,01259,Dresden,Dresden,Am Lugaer Graben,18,Sachsen,13.842866,50.996166,2003,NA,FALSE,"Altholz, Gebrauchtholz, Holz(sperr)müll",KWK938545669942,BMHKW Dresden
SEE947857681641,ABR978096504668,Biomasse,BMHKW Warndt,Volleinspeisung,1820,66352,Regionalverband Saarbrücken,Großrosseln,Zum alten Bergwerk,NA,Saarland,6.81216,49.182297,2009,NA,FALSE,"Wald-Holzhackschnitzel, Wald-Scheitholz, -Kronenholz",KWK992846941619,BMHKW Warndt
SEE951434743592,ABR952154731531,Biomasse,BMHKW Traunreut,Volleinspeisung,5500,83301,Traunstein,Traunreut,Werner-von-Siemens-Straße,200,Bayern,12.607041,47.956321,2004,NA,FALSE,"Altholz, Gebrauchtholz, Holz(sperr)müll",KWK959135244141,BMHKW Traunreut
SEE904832659149,ABR942957870681,Biomasse,BMHKW Ilmenau,Volleinspeisung,5430,98693,Ilm-Kreis,Ilmenau,Gewerbepark Am Wald,18 a,Thüringen,10.943419,50.69782,2005,NA,FALSE,"Altholz, Gebrauchtholz, Holz(sperr)müll",KWK977087409975,BMHKW Ilmenau
SEE940195269939,ABR996020527361,Biomasse,BMHKW Buchen,Volleinspeisung,7500,74722,Neckar-Odenwald-Kreis,Buchen,Sansenhecken,1,Baden-Württemberg,9.314334,49.50128,2003,NA,FALSE,"Altholz, Gebrauchtholz, Holz(sperr)müll",NA,BMHKW Buchen
SEE931639691317,ABR904836142500,Biomasse,Flex-BHKW 1.1,Teileinspeisung (einschließlich Eigenverbrauch),1063,49324,Osnabrück,Melle,Allendorfer Straße,22,Niedersachsen,8.298175,52.202276,2020,NA,FALSE,Biogas,KWK932354951557,Flex-BHKW 1.1
SEE945447407992,ABR923501941873,Biomasse,BHKW 3,Teileinspeisung (einschließlich Eigenverbrauch),1500,97461,Haßberge,Hofheim,NA,NA,Bayern,10.524669,50.129396,2017,NA,FALSE,Biogas,KWK969626722409,BHKW 3
SEE973804298129,ABR992480003490,Biomasse,Flex BGA 1,Volleinspeisung,1497,23936,Nordwestmecklenburg,Grevesmühlen,Degtower Weg,2,Mecklenburg-Vorpommern,11.203491,53.857459,2020,NA,FALSE,Biogas,KWK963303938763,Flex BGA 1
SEE948097271128,ABR944326813381,Biomasse,BHKW 2,Volleinspeisung,1203,26203,Oldenburg,Wardenburg,Swarten Pool,127,Niedersachsen,8.179667,53.019254,2019,NA,FALSE,Biogas,KWK948304045177,BHKW 2
SEE926610081423,ABR904246011953,Biomasse,BHKW III,Teileinspeisung (einschließlich Eigenverbrauch),1999,74076,Heilbronn,Heilbronn,Weipertstraße,49,Baden-Württemberg,9.216126,49.148873,2013,NA,FALSE,Biogas,KWK925868171429,BHKW III
SEE916697638207,ABR978797016804,Biomasse,Flex-BHKW,Volleinspeisung,1560,16727,Oberhavel,Oberkrämer,Perwenitzer Chaussee,2,Brandenburg,13.0798,52.715647,2022,NA,FALSE,Biogas,NA,Flex-BHKW
SEE987670443286,ABR985332072119,Biomasse,Marthahof alt,Volleinspeisung,1040,53881,Euskirchen,Euskirchen,Monikastraße,110,Nordrhein-Westfalen,6.907002,50.625878,2005,2026,TRUE,Biogas,KWK992723696847,Marthahof alt
SEE962277377448,ABR968038860327,Biomasse,416_2017_Walkenhausweg,NA,1203,59556,Soest,Lippstadt,Walkenhausweg,23,Nordrhein-Westfalen,8.343012,51.719642,2017,NA,FALSE,Biogas,KWK956203044771,416_2017_Walkenhausweg
SEE903171052819,ABR932409823716,Biomasse,Biomasseheizkraftwerk,Volleinspeisung,16113,07929,Saale-Orla-Kreis,Saalburg-Ebersdorf,Am Bahnhof,123,Thüringen,11.65497,50.49761,2008,NA,FALSE,Rinde und Landschaftspflegeholz,KWK958498250134,Biomasseheizkraftwerk
SEE970528676127,ABR975115477286,Biomasse,Energiehof Thoma BHKW2,Volleinspeisung,1560,93309,Kelheim,Kelheim,Schwaben,9,Bayern,11.761384,48.911599,2020,NA,FALSE,Biogas,KWK922676253736,Energiehof Thoma BHKW2
SEE956877899073,ABR976288874056,Biomasse,BHKW 4 (1) - JMS416,Teileinspeisung (einschließlich Eigenverbrauch),1203,91567,Ansbach,Herrieden,Seebronn,10,Bayern,10.535206,49.260484,2017,NA,FALSE,Biogas,KWK988424898604,BHKW 4 (1) - JMS416
SEE981956155085,ABR985183309662,Biomasse,BHKW 7,Volleinspeisung,1203,26169,Cloppenburg,Friesoythe,Im Alten Haferland,6,Niedersachsen,7.756056,52.988786,2020,NA,FALSE,Biogas,KWK934000780986,BHKW 7
SEE948039845110,ABR901760966196,Biomasse,BHKW I - 1.203,Volleinspeisung,1203,74743,Neckar-Odenwald-Kreis,Seckach,Bannholzsiedlung,1,Baden-Württemberg,9.306625,49.442371,2019,NA,FALSE,Biogas,KWK910472640775,BHKW I - 1.203
SEE919724004020,ABR947138665315,Biomasse,ORC-BHKW Saelhuysen,Volleinspeisung,1200,47509,Kleve,Rheurdt,Saelhuysen,50,Nordrhein-Westfalen,6.452838,51.440106,2011,NA,FALSE,Biogas,KWK932671154990,ORC-BHKW Saelhuysen
SEE924784922146,ABR995582248226,Biomasse,BHKW Hünxe 2,Volleinspeisung,1022,46569,Wesel,Hünxe,NA,NA,Nordrhein-Westfalen,6.699888,51.635307,2005,NA,FALSE,Biogas,KWK987665524150,BHKW Hünxe 2
SEE918321594224,ABR991203468189,Biomasse,BIO-Energie Schwaben,Teileinspeisung (einschließlich Eigenverbrauch),1063,87746,Unterallgäu,Erkheim,Eidlerholzstraße,101 a,Bayern,10.329088,48.023615,2008,NA,FALSE,Biogas,KWK929678685503,BIO-Energie Schwaben
SEE914474474840,ABR908143230424,Biomasse,Ekol,Teileinspeisung (einschließlich Eigenverbrauch),7720,46325,Borken,Borken,Hansestraße,44,Nordrhein-Westfalen,6.885971,51.852444,2006,NA,FALSE,"Altholz, Gebrauchtholz, Holz(sperr)müll",KWK935180531207,Ekol
SEE933767950021,ABR908143230424,Biomasse,AEG,Teileinspeisung (einschließlich Eigenverbrauch),3705,46325,Borken,Borken,Hansestraße,44,Nordrhein-Westfalen,6.885971,51.852444,2006,NA,FALSE,"Altholz, Gebrauchtholz, Holz(sperr)müll",KWK935180531207,AEG
SEE958982617221,ABR992187811633,Biomasse,Saubach Biogas GmbH ＆ Co. KG - M1,Teileinspeisung (einschließlich Eigenverbrauch),1200,06647,Burgenlandkreis,Finneland,Kahlwinkeler Straße,2,Sachsen-Anhalt,11.506364,51.216111,2010,NA,FALSE,Biogas,KWK972894927858,Saubach Biogas GmbH ＆ Co. KG - M1
SEE993438773403,ABR911861449665,Biomasse,Weickelsdorf Biogas GmbH ＆ Co. KG - M1,Teileinspeisung (einschließlich Eigenverbrauch),1300,06721,Burgenlandkreis,Meineweh,Kuhlede,2,Sachsen-Anhalt,11.96767,51.050002,2007,NA,FALSE,Biogas,KWK911553211709,Weickelsdorf Biogas GmbH ＆ Co. KG - M1
SEE932136847696,ABR911861449665,Biomasse,Weickelsdorf Biogas GmbH ＆ Co. KG - M2,Teileinspeisung (einschließlich Eigenverbrauch),1500,06721,Burgenlandkreis,Meineweh,Kuhlede,2,Sachsen-Anhalt,11.967874,51.050063,2020,NA,FALSE,Biogas,KWK911553211709,Weickelsdorf Biogas GmbH ＆ Co. KG - M2
SEE928894621579,ABR906226464681,Biomasse,Biomasseheizkraftwerk,Volleinspeisung,2300,63762,Aschaffenburg,Großostheim,Stockstädter Straße,100,Bayern,9.065093,49.942054,2002,NA,FALSE,"Altholz, Gebrauchtholz, Holz(sperr)müll",NA,Biomasseheizkraftwerk
SEE942811647657,ABR975431518359,Biomasse,JMS 416 GS-BL,Volleinspeisung,1203,49716,Emsland,Meppen,Weststraße,7,Niedersachsen,7.187987,52.697422,2019,NA,FALSE,Biogas,KWK913024282003,JMS 416 GS-BL
SEE932905608459,ABR995513483603,Biomasse,BHKW2,Volleinspeisung,1064,31789,Hameln-Pyrmont,Hameln,Hesselbrink,1,Niedersachsen,9.433713,52.101739,2006,NA,FALSE,Biogas,KWK973421691877,BHKW2
SEE979656996589,ABR929565467625,Biomasse,BioHKW Herbrechtingen GmbH,Teileinspeisung (einschließlich Eigenverbrauch),15700,89542,Heidenheim,Herbrechtingen,Oskar-von-Miller-Weg,1,Baden-Württemberg,10.200603,48.628357,2004,NA,FALSE,"Altholz, Gebrauchtholz, Holz(sperr)müll",KWK907500455395,BioHKW Herbrechtingen GmbH
SEE917777903253,NA,Biomasse,Biomethan BHKW,Teileinspeisung (einschließlich Eigenverbrauch),1560,04178,Leipzig,Leipzig,Gutenbergstraße,10,Sachsen,12.298109,51.34573,2013,2023,TRUE,Biomethan (Bioerdgas),KWK988517339687,Biomethan BHKW
SEE971599036599,ABR940531501327,Biomasse,Biomethan BHKW,Teileinspeisung (einschließlich Eigenverbrauch),1191,06729,Burgenlandkreis,Elsteraue,NA,NA,Sachsen-Anhalt,12.262872,51.069507,2014,NA,FALSE,Biomethan (Bioerdgas),KWK915900538259,Biomethan BHKW
SEE952484445108,ABR951991743080,Biomasse,Biomasse-HKW Wiesmoor,Volleinspeisung,2400,26639,Aurich,Wiesmoor,Ilexstraße,44,Niedersachsen,7.752882,53.37101,2012,NA,FALSE,Rinde und Landschaftspflegeholz,KWK925053848570,Biomasse-HKW Wiesmoor
SEE974602397939,ABR954081268128,Biomasse,Biomasse-Heizkraftwerk Hardegsen,Volleinspeisung,1856,37181,Northeim,Hardegsen,Zementfabrik,4,Niedersachsen,9.847217,51.655466,2009,NA,FALSE,Rinde und Landschaftspflegeholz,KWK948058972866,Biomasse-Heizkraftwerk Hardegsen
SEE904071534542,ABR955491288522,Biomasse,Schleswig Jen 1,Teileinspeisung (einschließlich Eigenverbrauch),1416,24837,Schleswig-Flensburg,Schleswig,St.-Jürgener-Straße,60a,Schleswig-Holstein,9.578378,54.534894,2006,NA,FALSE,Biogas,KWK905222555201,Schleswig Jen 1
SEE965887098123,ABR955491288522,Biomasse,Schleswig MTU 2,Teileinspeisung (einschließlich Eigenverbrauch),1169,24837,Schleswig-Flensburg,Schleswig,St.-Jürgener-Straße,60a,Schleswig-Holstein,9.578378,54.534894,2006,NA,FALSE,Biogas,KWK905222555201,Schleswig MTU 2
SEE900568023049,ABR971970051807,Biomasse,KKLS GbR,Volleinspeisung,1200,29229,Celle,Celle,NA,NA,Niedersachsen,10.075516,52.647638,2019,NA,FALSE,Biogas,KWK999312763966,KKLS GbR
SEE965746137888,ABR964457430103,Biomasse,SN-Süd-BioE-BioGasBHKW01,Volleinspeisung,1416,19061,Schwerin,Schwerin,Pampower Str.,50,Mecklenburg-Vorpommern,11.397351,53.578199,2007,NA,FALSE,Biogas,NA,SN-Süd-BioE-BioGasBHKW01
SEE931790331770,ABR991824694387,Biomasse,BHKW II,Teileinspeisung (einschließlich Eigenverbrauch),1200,39307,Jerichower Land,Genthin,Jerichower Straße,50,Sachsen-Anhalt,12.14808,52.417776,2011,NA,FALSE,Biogas,KWK932312716945,BHKW II
SEE956122396203,ABR956386430606,Biomasse,Biogas Steyerberg,Teileinspeisung (einschließlich Eigenverbrauch),1500,31595,Nienburg (Weser),Steyerberg,Borsteler Weg,50,Niedersachsen,9.034723,52.591286,2007,NA,FALSE,Biogas,KWK981331761900,Biogas Steyerberg
SEE932906654721,ABR991764960177,Biomasse,Heizwerk Ost BHKW Deutz 1,Volleinspeisung,1990,38820,Harz,Halberstadt,Wehrstedter Straße,48,Sachsen-Anhalt,11.060296,51.90185,2009,NA,FALSE,Biomethan (Bioerdgas),KWK909919668106,Heizwerk Ost BHKW Deutz 1
SEE986199327602,ABR906366555881,Biomasse,BHKW 6,Volleinspeisung,1501,37586,Northeim,Dassel,NA,NA,Niedersachsen,9.73315,51.819053,2020,NA,FALSE,Biogas,KWK980254670559,BHKW 6
SEE968479323719,ABR948183036815,Biomasse,VBS 4,Volleinspeisung,1203,48624,Borken,Schöppingen,Eggeroder Straße,NA,Nordrhein-Westfalen,7.232571,52.084463,2018,NA,FALSE,Biogas,KWK940019833216,VBS 4
SEE959621158723,ABR925047952290,Biomasse,BGA_800,Volleinspeisung,1400,18469,Vorpommern-Rügen,Velgast,Gewerbegebiet Süd,4,Mecklenburg-Vorpommern,12.822123,54.270047,2013,NA,FALSE,Biogas,KWK961090109939,BGA_800
SEE964797467647,ABR948183036815,Biomasse,VBS 3,Volleinspeisung,1203,48624,Borken,Schöppingen,Eggeroder Straße,NA,Nordrhein-Westfalen,7.232571,52.084463,2018,NA,FALSE,Biogas,KWK986635843932,VBS 3
SEE975574032156,ABR988072060484,Biomasse,BHKW neu,Volleinspeisung,1203,48720,Coesfeld,Rosendahl,Hennewich,25,Nordrhein-Westfalen,7.290869,52.034674,2018,NA,FALSE,Biogas,KWK963670945784,BHKW neu
SEE930061348875,ABR978348168945,Biomasse,99700025 Am Kuhof Biogas BHKW 3,Volleinspeisung,1065,23758,Ostholstein,Oldenburg,Am Kuhof,99,Schleswig-Holstein,10.89352,54.291721,2008,NA,FALSE,Biogas,KWK955028080988,99700025 Am Kuhof Biogas BHKW 3
SEE930306010543,ABR926412045777,Biomasse,Turbine 7,Teileinspeisung (einschließlich Eigenverbrauch),13300,75175,Pforzheim,Pforzheim,Hohwiesenweg,15,Baden-Württemberg,8.725477,48.896998,2004,NA,FALSE,"Altholz, Gebrauchtholz, Holz(sperr)müll",KWK989630496813,Turbine 7
SEE921107192767,ABR991382516480,Biomasse,BHKW 4,Volleinspeisung,1169,31234,Peine,Edemissen,NA,NA,Niedersachsen,10.346452,52.408912,2019,NA,FALSE,Biogas,KWK925226728746,BHKW 4
SEE938424543714,ABR941843821721,Biomasse,Altanlage Jenbacher 1203,Volleinspeisung,1203,31855,Hameln-Pyrmont,Aerzen,Schalkshof,1,Niedersachsen,9.197287,52.083984,2019,NA,FALSE,Biogas,KWK979781153659,Altanlage Jenbacher 1203
SEE961753738704,ABR928281709439,Biomasse,BHKW3,Teileinspeisung (einschließlich Eigenverbrauch),1200,31228,Peine,Peine,Zum Wendesser Moor,23a,Niedersachsen,10.195355,52.358506,2018,NA,FALSE,Biogas,KWK972242400408,BHKW3
SEE910664648947,ABR921332453930,Biomasse,BHKW 2 - 1200,Teileinspeisung (einschließlich Eigenverbrauch),1200,29339,Celle,Wathlingen,Triftweg,7,Niedersachsen,10.16718,52.535819,2017,NA,FALSE,Biogas,KWK924014749499,BHKW 2 - 1200
SEE906439227363,ABR961019737502,Biomasse,BHKW 2 - 1200,Teileinspeisung (einschließlich Eigenverbrauch),1200,29339,Celle,Wathlingen,Triftweg,9,Niedersachsen,10.166735,52.534966,2017,NA,FALSE,Biogas,KWK938798467760,BHKW 2 - 1200
SEE988675365689,ABR920968514619,Biomasse,Jenbacher_R_485,Volleinspeisung,1870,06542,Mansfeld-Südharz,Allstedt,Allstedter Straße,23,Sachsen-Anhalt,11.351606,51.423163,2014,NA,FALSE,Biogas,KWK964786018522,Jenbacher_R_485
SEE944503731255,ABR924703181210,Biomasse,Biomasse-Heizkraftwerk Dotternhausen,Volleinspeisung,1265,72359,Zollernalbkreis,Dotternhausen,Otto-Hahn-Straße,4,Baden-Württemberg,8.794499,48.234516,2011,NA,FALSE,Rinde und Landschaftspflegeholz,KWK920949036932,Biomasse-Heizkraftwerk Dotternhausen
SEE964335575957,NA,Biomasse,Biomethan-Gasturbine Arheilgen,Volleinspeisung,4950,64291,Darmstadt,Darmstadt,Grillparzerstraße,68 A,Hessen,8.664827,49.903311,2000,2020,TRUE,Biomethan (Bioerdgas),KWK979175474766,Biomethan-Gasturbine Arheilgen
SEE976135285394,ABR994250173211,Biomasse,Biomasse-Heizkraftwerk Mudau,Volleinspeisung,1250,69427,Neckar-Odenwald-Kreis,Mudau,Steinbacher Straße,60,Baden-Württemberg,9.220703,49.536695,2006,NA,FALSE,Rinde und Landschaftspflegeholz,KWK907390548276,Biomasse-Heizkraftwerk Mudau
SEE923379646047,ABR952602720407,Biomasse,BHKW 4,Volleinspeisung,1500,27628,Cuxhaven,Hagen,An der Reithalle,10,Niedersachsen,8.619711,53.385112,2021,NA,FALSE,Biogas,NA,BHKW 4
SEE924767861363,ABR961783992770,Biomasse,BHKW4,Volleinspeisung,1850,27232,Diepholz,Sulingen,Groß Lessen,13,Niedersachsen,8.726006,52.655298,2019,NA,FALSE,Biogas,KWK904999588757,BHKW4
SEE910723204312,NA,Biomasse,BHKW Romäusring,Volleinspeisung,1012,78050,Schwarzwald-Baar-Kreis,Villingen-Schwenningen,Romäusring,1,Baden-Württemberg,8.455502,48.05914,1998,2019,TRUE,Biomethan (Bioerdgas),KWK975150231393,BHKW Romäusring
SEE991655637386,ABR947677724917,Biomasse,BHKW 2,Volleinspeisung,1500,24992,Schleswig-Flensburg,Jörl,Rupel,8,Schleswig-Holstein,9.242316,54.611898,2019,NA,FALSE,Biogas,KWK937538503089,BHKW 2
SEE929694115466,ABR906521475399,Biomasse,Jenbacher 416,Volleinspeisung,1203,49832,Emsland,Beesten,Kämpeweg,1,Niedersachsen,7.483922,52.441247,2019,NA,FALSE,Biogas,KWK993947391990,Jenbacher 416
SEE995234681692,ABR960038969826,Biomasse,Offenbergweg V,Teileinspeisung (einschließlich Eigenverbrauch),1203,48432,Steinfurt,Rheine,Offenbergweg,21,Nordrhein-Westfalen,7.453857,52.320181,2017,NA,FALSE,Biogas,KWK920814309420,Offenbergweg V
SEE906420205479,ABR960684199806,Biomasse,Jenbacher 420,Teileinspeisung (einschließlich Eigenverbrauch),1500,29364,Celle,Langlingen,Langlinger Straße,NA,Niedersachsen,10.30106,52.560108,2026,NA,FALSE,Biogas,KWK935160821533,Jenbacher 420
SEE973688503241,ABR949503830373,Biomasse,BHKW 3,Volleinspeisung,1169,89547,Heidenheim,Gerstetten,NA,NA,Baden-Württemberg,9.967226,48.647164,2018,NA,FALSE,Biogas,KWK978658119330,BHKW 3
SEE938523921017,ABR978348168945,Biomasse,99000261 Schöneberger Str. Bioerdgas-BHKW 1,Volleinspeisung,2062,22149,Hamburg,Hamburg,Schöneberger Straße,60,Hamburg,10.147918,53.585094,2013,NA,FALSE,Biomethan (Bioerdgas),KWK994667454460,99000261 Schöneberger Str. Bioerdgas-BHKW 1
SEE975330529609,ABR931597271019,Biomasse,MTU Agro 3,Teileinspeisung (einschließlich Eigenverbrauch),1169,29693,Heidekreis,Böhme,Beetenbrücker Weg,NA,Niedersachsen,9.526497,52.789019,2019,NA,FALSE,Biogas,KWK920121526893,MTU Agro 3
SEE982553109440,ABR981036132883,Biomasse,Knoop Bioenergie Erweiterung,Volleinspeisung,1203,29223,Celle,Celle,NA,NA,Niedersachsen,10.115775,52.628015,2018,NA,FALSE,Biogas,KWK953594285486,Knoop Bioenergie Erweiterung
SEE968759507488,ABR904198335060,Biomasse,BHKW 1A,Teileinspeisung (einschließlich Eigenverbrauch),1200,24994,Schleswig-Flensburg,Holt,Hauptstraße,2,Schleswig-Holstein,9.150755,54.810915,2017,NA,FALSE,Biogas,KWK997180151168,BHKW 1A
SEE926771196912,ABR994193209855,Biomasse,BHKW 2A,Volleinspeisung,1200,24994,Schleswig-Flensburg,Holt,Hauptstraße,2,Schleswig-Holstein,9.150755,54.810915,2017,NA,FALSE,Biogas,KWK900971832832,BHKW 2A
SEE996518986489,NA,Biomasse,mtl. STW-Bio-EEG-004,Volleinspeisung,2427,47906,Viersen,Kempen,Otto-Schott-Straße,4,Nordrhein-Westfalen,6.416451,51.375876,2007,2023,TRUE,Biomethan (Bioerdgas),KWK967854335453,mtl. STW-Bio-EEG-004
SEE907030791383,ABR902388041678,Biomasse,BMHKW der ESWE BioEnergie,Teileinspeisung (einschließlich Eigenverbrauch),11400,65205,Wiesbaden,Wiesbaden,Deponiestraße,14,Hessen,8.2625,50.043276,2013,NA,FALSE,"Altholz, Gebrauchtholz, Holz(sperr)müll",KWK912545649722,BMHKW der ESWE BioEnergie
SEE958633749325,ABR968651556829,Biomasse,BHKW 4: 1200 kW,Volleinspeisung,1203,29479,Lüchow-Dannenberg,Jameln,Bahnhofstraße,37,Niedersachsen,11.087344,53.037011,2016,NA,FALSE,Biogas,KWK922201576736,BHKW 4: 1200 kW
SEE999017850800,ABR929107241539,Biomasse,BHKW 4,Volleinspeisung,1501,29378,Gifhorn,Wittingen,Wunderbütteler Kirchweg,12,Niedersachsen,10.724983,52.720209,2019,NA,FALSE,Biogas,KWK991290256294,BHKW 4
SEE972590639321,ABR942767528161,Biomasse,T020435 -02,Volleinspeisung,1712,30539,Region Hannover,Hannover,Ortskamp,6,Niedersachsen,9.83102,52.331872,2011,NA,FALSE,Biomethan (Bioerdgas),KWK907549255352,T020435 -02
SEE956913476183,ABR946715920793,Biomasse,EPH Hosenfeld,Volleinspeisung,1285,36154,Fulda,Hosenfeld,In der Hinterbach,5,Hessen,9.497008,50.532219,2010,NA,FALSE,"Wald-Holzhackschnitzel, Wald-Scheitholz, -Kronenholz",KWK985197218097,EPH Hosenfeld
SEE934524093678,ABR981465640751,Biomasse,WFA Agrargas Volkmarsen GmbH Stamm VI,Volleinspeisung,1562,34471,Waldeck-Frankenberg,Volkmarsen,Wolfskammer,5,Hessen,9.114094,51.39826,2019,NA,FALSE,Biogas,KWK924642960549,WFA Agrargas Volkmarsen GmbH Stamm VI
SEE939563511053,ABR968997593090,Biomasse,BHKW Jenbacher 549 KW alt,Volleinspeisung,2052,79801,Waldshut,Hohentengen,Bercherhof,3,Baden-Württemberg,8.410011,47.588071,2008,NA,FALSE,Biogas,KWK992739904868,BHKW Jenbacher 549 KW alt
SEE916025764295,NA,Biomasse,Biomethan-BHKW Wietzendorf,Volleinspeisung,8400,29649,Heidekreis,Wietzendorf,Breite Straße,NA,Niedersachsen,9.962712,52.907585,2001,2017,TRUE,Biomethan (Bioerdgas),NA,Biomethan-BHKW Wietzendorf
SEE904235340866,ABR943740203877,Biomasse,BMHKW Sinsheim,Volleinspeisung,1255,74889,Heilbronn,Sinsheim,"Saugrund, Gewann",9998,Baden-Württemberg,8.886441,49.271353,2011,NA,FALSE,Rinde und Landschaftspflegeholz,KWK950009010015,BMHKW Sinsheim
SEE927495545659,ABR978417161594,Biomasse,BHKW1,Volleinspeisung,1416,29614,Heidekreis,Soltau,Beim Schäferkreuz,6,Niedersachsen,9.856183,52.974503,2004,NA,FALSE,Biogas,KWK974523051934,BHKW1
SEE961557925461,ABR978417161594,Biomasse,BHKW2,Volleinspeisung,1416,29614,Heidekreis,Soltau,Beim Schäferkreuz,6,Niedersachsen,9.856553,52.974217,2004,NA,FALSE,Biogas,KWK974523051934,BHKW2
SEE982917717625,ABR919106441153,Biomasse,1Heiz Calau,Volleinspeisung,3540,03205,Oberspreewald-Lausitz,Calau,Senftenberger Straße,6,Brandenburg,13.98411,51.732484,2025,NA,FALSE,"Wald-Holzhackschnitzel, Wald-Scheitholz, -Kronenholz",KWK984085608040,1Heiz Calau
SEE947353425060,ABR928397062183,Biomasse,BHKW,Volleinspeisung,1534,66687,Merzig-Wadern,Wadern,Holzerweg,3,Saarland,6.894431,49.522586,2000,NA,FALSE,Biogas,KWK950217021568,BHKW
SEE940685437817,ABR952144861712,Biomasse,HKW Adlerstraße Modul 1,Volleinspeisung,1999,82467,Garmisch-Partenkirchen,Garmisch-Partenkirchen,Adlerstraße,25,Bayern,11.0967,47.50223,2013,NA,FALSE,Biomethan (Bioerdgas),KWK929326382907,HKW Adlerstraße Modul 1
SEE922518617825,ABR923626239206,Biomasse,Biomasse-HKW 1 Kehl,Teileinspeisung (einschließlich Eigenverbrauch),8600,77694,Ortenaukreis,Kehl,Bremenwörtstraße,5,Baden-Württemberg,7.819465,48.583032,2002,NA,FALSE,"Altholz, Gebrauchtholz, Holz(sperr)müll",KWK914486736134,Biomasse-HKW 1 Kehl
SEE950688444200,ABR923626239206,Biomasse,Biomasse-HKW 2 Kehl,Teileinspeisung (einschließlich Eigenverbrauch),2900,77694,Ortenaukreis,Kehl,Bremenwörtstraße,5,Baden-Württemberg,7.81878,48.58289,2011,NA,FALSE,"Altholz, Gebrauchtholz, Holz(sperr)müll",KWK914486736134,Biomasse-HKW 2 Kehl
SEE969002535821,ABR955438308177,Biomasse,Biomethan BHKW Lerchenberg,Volleinspeisung,1263,55127,Mainz,Mainz,Regerstraße,13,Rheinland-Pfalz,8.201748,49.960778,2013,NA,FALSE,Biomethan (Bioerdgas),KWK962191227942,Biomethan BHKW Lerchenberg
SEE908288926947,ABR951394789111,Biomasse,Biomasse Heizkraftwerk Zwickau Süd,Volleinspeisung,4999,08066,Zwickau,Zwickau,Am Kraftwerk,1,Sachsen,12.507594,50.711593,2012,NA,FALSE,"Wald-Holzhackschnitzel, Wald-Scheitholz, -Kronenholz",KWK942687093961,Biomasse Heizkraftwerk Zwickau Süd
SEE911775602897,ABR951836932426,Biomasse,BHKW 5,Teileinspeisung (einschließlich Eigenverbrauch),1980,49419,Diepholz,Wagenfeld,Im Pohle,1,Niedersachsen,8.550567,52.527906,2018,NA,FALSE,Biogas,KWK946848887130,BHKW 5
SEE925031173496,ABR952144861712,Biomasse,HKW Adlerstraße Modul 3,Volleinspeisung,1999,82467,Garmisch-Partenkirchen,Garmisch-Partenkirchen,Adlerstraße,25,Bayern,11.0971,47.50187,2014,NA,FALSE,Biomethan (Bioerdgas),KWK971682325500,HKW Adlerstraße Modul 3
SEE927075578893,ABR952144861712,Biomasse,BHKW OEZ Modul 1,Volleinspeisung,1999,82467,Garmisch-Partenkirchen,Garmisch-Partenkirchen,Am Eisstadion,1,Bayern,11.09681,47.48881,2013,NA,FALSE,Biomethan (Bioerdgas),KWK953745773824,BHKW OEZ Modul 1
SEE963650312636,ABR974251821311,Biomasse,"A122 Ben-Gurion-Ring, Frankfurt am Main",Volleinspeisung,1501,60437,Frankfurt am Main,Frankfurt,Ben-Gurion-Ring,31,Hessen,8.661963,50.187354,2008,NA,FALSE,Biomethan (Bioerdgas),KWK988856283849,"A122 Ben-Gurion-Ring, Frankfurt am Main"
SEE934675123545,ABR984626570041,Biomasse,Jenbacher JMS 416,Volleinspeisung,1203,27305,Diepholz,Bruchhausen-Vilsen,Sulinger Straße,NA,Niedersachsen,8.95705,52.810449,2020,NA,FALSE,Biogas,KWK910717040391,Jenbacher JMS 416
SEE914253415439,ABR963888440682,Biomasse,BHKW Planitz,Volleinspeisung,1999,08062,Zwickau,Zwickau,Erich-Mühsam-Straße,205,Sachsen,12.46175,50.700086,2012,NA,FALSE,Biomethan (Bioerdgas),KWK903750095992,BHKW Planitz
SEE989343828482,ABR985092809840,Biomasse,Biogasanlage BOT 2012,Volleinspeisung,1063,99994,Unstrut-Hainich-Kreis,Nottertal-Heilinger Höhen,Vor dem Dorfe,1,Thüringen,10.629983,51.18302,2012,NA,FALSE,Feste biogene Stoffe,NA,Biogasanlage BOT 2012
SEE971479700435,ABR904545729399,Biomasse,Flex-BHKW,Volleinspeisung,1560,27245,Diepholz,Kirchdorf,NA,NA,Niedersachsen,8.801613,52.581331,2020,NA,FALSE,Biogas,KWK979500070625,Flex-BHKW
SEE927941322247,ABR936496943364,Biomasse,Flex-BHKW,Volleinspeisung,1560,27245,Diepholz,Kirchdorf,NA,NA,Niedersachsen,8.800935,52.580407,2020,NA,FALSE,Biogas,KWK931839097834,Flex-BHKW
SEE951220926673,ABR976387142384,Biomasse,KWK-Anlage,Volleinspeisung,1720,73494,Ostalbkreis,Rosenberg,Holzmühle,1,Baden-Württemberg,10.069027,49.014776,2010,NA,FALSE,Rinde und Landschaftspflegeholz,KWK900618283294,KWK-Anlage
SEE909373287806,ABR985412107342,Biomasse,Heizkraftwerk Altenstadt,Teileinspeisung (einschließlich Eigenverbrauch),10800,86972,Weilheim-Schongau,Altenstadt,Triebstraße,90,Bayern,10.876352,47.825536,1999,NA,FALSE,"Altholz, Gebrauchtholz, Holz(sperr)müll",KWK930700072475,Heizkraftwerk Altenstadt
SEE964251511879,ABR978348168945,Biomasse,99000723 Bioerdgas-BHKW 1,Volleinspeisung,1556,22525,Hamburg,Hamburg,Försterweg,88,Hamburg,9.925881,53.582618,2010,NA,FALSE,Biomethan (Bioerdgas),KWK931295982408,99000723 Bioerdgas-BHKW 1
SEE921452792889,ABR998760498499,Biomasse,EZB Brückenhof BHKW M0-216,Volleinspeisung,1560,34132,Kassel,Kassel,Korbacher Straße,173,Hessen,9.440803,51.283099,2014,NA,FALSE,Biomethan (Bioerdgas),NA,EZB Brückenhof BHKW M0-216
SEE936262297660,ABR998760498499,Biomasse,EZB Brückenhof BHKW M0-215,Volleinspeisung,1560,34132,Kassel,Kassel,Korbacher Straße,173,Hessen,9.440803,51.283099,2014,NA,FALSE,Biomethan (Bioerdgas),NA,EZB Brückenhof BHKW M0-215
SEE992396146960,ABR975857014473,Biomasse,EEG Eisenberg BHKW M0-149,Volleinspeisung,1560,07607,Saale-Holzland-Kreis,Eisenberg,Jenaer Straße,40a,Thüringen,11.88227,50.971081,2012,NA,FALSE,Biomethan (Bioerdgas),NA,EEG Eisenberg BHKW M0-149
SEE929555192711,ABR984143895771,Biomasse,Jenbacher,Volleinspeisung,1203,86663,Donau-Ries,Asbach-Bäumenheim,Rudolf-Grenzebach-Straße,22,Bayern,10.827621,48.703869,2017,NA,FALSE,Biogas,KWK947912385514,Jenbacher
SEE953202752799,ABR924694427601,Biomasse,BHKW 1 - BGA,Volleinspeisung,1063,27259,Diepholz,Varrel,NA,NA,Niedersachsen,8.738867,52.611682,2007,NA,FALSE,Biogas,KWK942470424897,BHKW 1 - BGA
SEE978941565905,ABR924694427601,Biomasse,BHKW 2 - BGA,Volleinspeisung,1203,27259,Diepholz,Varrel,NA,NA,Niedersachsen,8.738872,52.611631,2020,NA,FALSE,Biogas,KWK942470424897,BHKW 2 - BGA
SEE905003697304,NA,Biomasse,BHKW3,Volleinspeisung,1416,29614,Heidekreis,Soltau,Beim Schäferkreuz,6,Niedersachsen,9.856455,52.974709,2004,2019,TRUE,Biogas,KWK974523051934,BHKW3
SEE957537107262,ABR916184103195,Biomasse,HKW 1.250 kW,Volleinspeisung,1250,95703,Tirschenreuth,Plößberg,Stein,33,Bayern,12.322545,49.829191,2004,NA,FALSE,Rinde und Landschaftspflegeholz,KWK915734235782,HKW 1.250 kW
SEE914914333461,ABR971234014524,Biomasse,Biomasse Kraftwerk Kemel,Volleinspeisung,3045,65321,Rheingau-Taunus-Kreis,Heidenrod,Am Windpark,NA,Hessen,8.040417,50.163217,2013,NA,FALSE,"Wald-Holzhackschnitzel, Wald-Scheitholz, -Kronenholz",NA,Biomasse Kraftwerk Kemel
SEE953844515097,ABR952737822441,Biomasse,HKW 2.100 kW,Volleinspeisung,2100,95703,Tirschenreuth,Plößberg,Stein,33,Bayern,12.320498,49.828501,2007,NA,FALSE,Rinde und Landschaftspflegeholz,KWK981722187319,HKW 2.100 kW
SEE986979406428,ABR942767528161,Biomasse,T022075,Volleinspeisung,1454,25451,Pinneberg,Quickborn,Pinneberger Straße,2,Schleswig-Holstein,9.894642,53.730992,2009,NA,FALSE,Biomethan (Bioerdgas),KWK985840093200,T022075
SEE939643489500,ABR944706218935,Biomasse,Biomasse Heizkraftwerk Siegerland (BHSi),Teileinspeisung (einschließlich Eigenverbrauch),20000,56479,Westerwaldkreis,Liebenscheid,Graf-Zeppelin-Straße,2,Rheinland-Pfalz,8.0731,50.7021,2006,NA,FALSE,"Altholz, Gebrauchtholz, Holz(sperr)müll",KWK918631193353,Biomasse Heizkraftwerk Siegerland (BHSi)
SEE972034775981,ABR974008020066,Biomasse,Biomass Heizkraftwerk Recklinghausen,Volleinspeisung,20000,45665,Recklinghausen,Recklinghausen,NA,NA,Nordrhein-Westfalen,7.250568,51.604216,2004,NA,FALSE,"Altholz, Gebrauchtholz, Holz(sperr)müll",KWK909567136514,Biomass Heizkraftwerk Recklinghausen
SEE905486405731,ABR959402294480,Biomasse,BHKW BGA 7,Volleinspeisung,1497,27374,Rotenburg (Wümme),Visselhövede,Ziegeleiweg,20,Niedersachsen,9.549952,52.999519,2020,NA,FALSE,Biogas,KWK949831571979,BHKW BGA 7
SEE963168894891,ABR967793480382,Biomasse,T023017 EEG,Volleinspeisung,1487,20457,Hamburg,Hamburg,Stockmeyerstraße,41,Hamburg,10.007057,53.544485,2013,NA,FALSE,Biomethan (Bioerdgas),KWK933568479073,T023017 EEG
SEE998909352200,ABR955223232007,Biomasse,EA-46950,Volleinspeisung,11656,49824,Grafschaft Bentheim,Emlichheim,Neuerostraße,5,Niedersachsen,6.871931,52.618643,2013,NA,FALSE,"Stroh, Strohpellets",KWK943520799668,EA-46950
SEE967748205930,ABR948749059999,Biomasse,Holz-Heizkraftwerk Chemnitz-West,Teileinspeisung (einschließlich Eigenverbrauch),4800,09117,Chemnitz,Chemnitz,Mauersbergerstraße,4,Sachsen,12.856022,50.809416,2023,NA,FALSE,"Wald-Holzhackschnitzel, Wald-Scheitholz, -Kronenholz",NA,Holz-Heizkraftwerk Chemnitz-West
SEE930197122479,ABR907670171910,Biomasse,Energieanlage 3,Volleinspeisung,19700,16909,Ostprignitz-Ruppin,Heiligengrabe,Wittstocker Chaussee,1,Brandenburg,12.369299,53.14531,2002,NA,FALSE,Feste biogene Stoffe,KWK925850847837,Energieanlage 3
SEE964041814975,ABR990322982668,Biomasse,Kraftwerk Eberswalde GmbH (HoKaWe),Teileinspeisung (einschließlich Eigenverbrauch),20000,16225,Barnim,Eberswalde,Angermünder Straße,68,Brandenburg,13.777591,52.852556,2006,NA,FALSE,"Wald-Holzhackschnitzel, Wald-Scheitholz, -Kronenholz",KWK909773275182,Kraftwerk Eberswalde GmbH (HoKaWe)
SEE911766285627,ABR914952511036,Biomasse,BioPower 1,Volleinspeisung,1075,48488,Emsland,Emsbüren,Carl-von-Linné-Straße,1,Niedersachsen,7.269748,52.362333,2010,NA,FALSE,Rinde und Landschaftspflegeholz,NA,BioPower 1
SEE944337615356,ABR964730803990,Biomasse,BHKW Mindelheim 1,Volleinspeisung,1200,87719,Unterallgäu,Mindelheim,Industriestraße,9,Bayern,10.498238,48.040722,2012,NA,FALSE,Biomethan (Bioerdgas),KWK920085520258,BHKW Mindelheim 1
SEE929189729697,ABR964730803990,Biomasse,BHKW Kaufbeuren,Volleinspeisung,2679,87600,Kaufbeuren,Kaufbeuren,Kemnater Straße,30,Bayern,10.611708,47.885392,2013,NA,FALSE,Biomethan (Bioerdgas),NA,BHKW Kaufbeuren
SEE950132255796,ABR910370239262,Biomasse,Holzheizkraftwerk Cuxhaven,Volleinspeisung,17000,27472,Cuxhaven,Cuxhaven,Neufelder Straße,NA,Niedersachsen,8.717032,53.855534,2023,NA,FALSE,"Wald-Holzhackschnitzel, Wald-Scheitholz, -Kronenholz",KWK927502395505,Holzheizkraftwerk Cuxhaven
SEE913205372455,NA,Biomasse,BHKW BE-5.2,Volleinspeisung,1500,46342,Borken,Velen,NA,NA,Nordrhein-Westfalen,6.944371,51.937686,2019,2023,TRUE,Biogas,NA,BHKW BE-5.2
SEE930273769611,ABR967988325672,Biomasse,"Oberer Ornberg 24a, 60433 Frankfurt am Main",Volleinspeisung,1554,60433,Frankfurt am Main,Frankfurt,Oberer Ornberg,24 a,Hessen,8.683811,50.165963,2013,NA,FALSE,Biomethan (Bioerdgas),KWK969411769534,"Oberer Ornberg 24a, 60433 Frankfurt am Main"
SEE947523198176,ABR981337177064,Biomasse,Bio Energie Vulkaneifel,Volleinspeisung,1225,54552,Vulkaneifel,Mehren,Gewerbegebietsstraße,8,Rheinland-Pfalz,6.88145,50.163283,2009,NA,FALSE,"Wald-Holzhackschnitzel, Wald-Scheitholz, -Kronenholz",KWK940118253748,Bio Energie Vulkaneifel
SEE934760751868,ABR919870698333,Biomasse,Esche 1,Volleinspeisung,1560,49828,Grafschaft Bentheim,Esche,Hauptstraße,10,Niedersachsen,6.960225,52.550877,2016,NA,FALSE,Biogas,KWK987618679456,Esche 1
SEE958874269798,ABR955062777806,Biomasse,"BHKW 1, Geislingen, HKW Bolzstraße",Volleinspeisung,1189,73312,Göppingen,Geislingen,Bebelstraße,11,Baden-Württemberg,9.818482,48.619472,2012,NA,FALSE,Biomethan (Bioerdgas),KWK986847020961,"BHKW 1, Geislingen, HKW Bolzstraße"
SEE957933281627,ABR955062777806,Biomasse,"BHKW 2, Geislingen, HKW Bolzstraße",Volleinspeisung,1563,73312,Göppingen,Geislingen,Bebelstraße,11,Baden-Württemberg,9.818482,48.619472,2019,NA,FALSE,Biomethan (Bioerdgas),KWK986847020961,"BHKW 2, Geislingen, HKW Bolzstraße"
SEE935136252378,ABR903839492315,Biomasse,BHKW II,Volleinspeisung,1413,25797,Dithmarschen,Wöhrden,Pehrsenweg,1,Schleswig-Holstein,9.010619,54.170391,2012,NA,FALSE,Biomethan (Bioerdgas),KWK994211132622,BHKW II
SEE977990779479,ABR903839492315,Biomasse,BHKW II Flex,Volleinspeisung,3360,25797,Dithmarschen,Wöhrden,Pehrsenweg,1,Schleswig-Holstein,9.010546,54.170316,2020,NA,FALSE,Biomethan (Bioerdgas),KWK994211132622,BHKW II Flex
SEE926031218569,NA,Biomasse,BHKW Neu-Ulm M4 EEG,Volleinspeisung,1945,89231,Neu-Ulm,Neu-Ulm,NA,NA,Bayern,10.013271,48.386261,1999,2019,TRUE,Biomethan (Bioerdgas),KWK901876286911,BHKW Neu-Ulm M4 EEG
SEE909227639621,ABR940983871368,Biomasse,Bioenergie Wächtersbach GmbH,Volleinspeisung,1200,63607,Main-Kinzig-Kreis,Wächtersbach,Industriestraße,44,Hessen,9.289549,50.247705,2009,NA,FALSE,"Wald-Holzhackschnitzel, Wald-Scheitholz, -Kronenholz",KWK901272531684,Bioenergie Wächtersbach GmbH
SEE993388006958,NA,Biomasse,Biogasanlage Bardowick BHKW 2,Teileinspeisung (einschließlich Eigenverbrauch),1550,21357,Lüneburg,Bardowick,Adendorfer Weg,7,Niedersachsen,10.417847,53.3046,2007,2020,TRUE,Biogas,KWK991155732536,Biogasanlage Bardowick BHKW 2
SEE967982302792,ABR974993492459,Biomasse,"Heizkraftwerk 1,8 MW",Volleinspeisung,1800,95703,Tirschenreuth,Plößberg,Betzenmühle,3,Bayern,12.32358,49.81408,2006,NA,FALSE,Rinde und Landschaftspflegeholz,KWK919430570871,"Heizkraftwerk 1,8 MW"
SEE993275685433,NA,Biomasse,EEG Kornharpen,Volleinspeisung,5100,44803,Bochum,Bochum,Havkenscheider Str.,301,Nordrhein-Westfalen,7.265386,51.482147,1994,2022,TRUE,Deponiegas,KWK905960896956,EEG Kornharpen
SEE967845229167,ABR965525145561,Biomasse,Biomasse-HKW Goch,Volleinspeisung,7600,47574,Kleve,Goch,Klever Str.,135,Nordrhein-Westfalen,6.156149,51.690493,2012,NA,FALSE,Rinde und Landschaftspflegeholz,KWK913656901914,Biomasse-HKW Goch
SEE986352162149,ABR938147744139,Biomasse,Biomasse-HKW Elsfleth,Volleinspeisung,7470,26931,Wesermarsch,Elsfleth,Am Tidehafen,7,Niedersachsen,8.458721,53.222884,2014,NA,FALSE,Rinde und Landschaftspflegeholz,KWK975465135614,Biomasse-HKW Elsfleth
SEE919988253042,ABR905647714740,Biomasse,Averkamp Biogasanlage 2,Volleinspeisung,1030,15306,Märkisch-Oderland,Gusow-Platkow,NA,NA,Brandenburg,14.367484,52.604635,2014,NA,FALSE,Biogas,KWK913233657036,Averkamp Biogasanlage 2
SEE994683189803,ABR920634072818,Biomasse,ORC-Generator,Volleinspeisung,1763,14974,Teltow-Fläming,Ludwigsfelde,Am Birkengrund,16,Brandenburg,13.280033,52.313612,2007,NA,FALSE,"Wald-Stammholz, Rundholz",KWK928235658004,ORC-Generator
SEE997347458659,NA,Biomasse,BMK Coesfeld,Volleinspeisung,1021,48653,Coesfeld,Coesfeld,Brink,36,Nordrhein-Westfalen,7.154154,51.974547,2008,2017,TRUE,Biogas,KWK955283346690,BMK Coesfeld
SEE994872581760,NA,Biomasse,BMK Coesfeld,Volleinspeisung,1364,48653,Coesfeld,Coesfeld,Brink,36,Nordrhein-Westfalen,7.154154,51.974547,2008,2017,TRUE,Biogas,KWK955283346690,BMK Coesfeld
SEE979654340506,ABR942552104747,Biomasse,BGA Kolochau 1.203 kW,Teileinspeisung (einschließlich Eigenverbrauch),1203,04936,Elbe-Elster,Kolochau,Jeßnigker Str.,1 z,Brandenburg,13.302141,51.733971,2020,NA,FALSE,Biogas,KWK952295726328,BGA Kolochau 1.203 kW
SEE960097928826,ABR948759959302,Biomasse,BGA Beuna I,Volleinspeisung,1075,06217,Saalekreis,Merseburg,Geusaer Weg,8a,Sachsen-Anhalt,11.950535,51.326609,2006,NA,FALSE,Biogas,KWK907472120741,BGA Beuna I
SEE956200924533,ABR943713600375,Biomasse,BGA Beuna II,Volleinspeisung,1186,06217,Saalekreis,Merseburg,NA,NA,Sachsen-Anhalt,11.959092,51.324405,2010,NA,FALSE,Biogas,KWK948894947622,BGA Beuna II
SEE926246242700,ABR922384414191,Biomasse,Biogasanlage Rhade BHKW 1MW,Teileinspeisung (einschließlich Eigenverbrauch),1021,27404,Rotenburg (Wümme),Rhade,Industriestraße,11,Niedersachsen,9.139519,53.298312,2023,NA,FALSE,Biogas,KWK996561840004,Biogasanlage Rhade BHKW 1MW
SEE910605213357,ABR989132859871,Biomasse,BHKW Flohr GmbH,Teileinspeisung (einschließlich Eigenverbrauch),7600,56567,Neuwied,Neuwied,Heldenbergstraße,900 Z,Rheinland-Pfalz,7.461959,50.441014,2004,NA,FALSE,"Altholz, Gebrauchtholz, Holz(sperr)müll",KWK987205591093,BHKW Flohr GmbH
SEE947177185836,ABR916198639970,Biomasse,HKW Dresden - Trachau Modul 1,Volleinspeisung,1189,01129,Dresden,Dresden,Halleystraße,2,Sachsen,13.710577,51.092893,2011,NA,FALSE,Biomethan (Bioerdgas),KWK910610503252,HKW Dresden - Trachau Modul 1
SEE953089081975,ABR916198639970,Biomasse,HKW Dresden - Trachau Modul 2,Volleinspeisung,1189,01129,Dresden,Dresden,Halleystraße,2,Sachsen,13.710577,51.092893,2011,NA,FALSE,Biomethan (Bioerdgas),KWK910610503252,HKW Dresden - Trachau Modul 2
SEE922302716659,ABR975439269666,Biomasse,BGA Carolinenhof BHKW 2,Volleinspeisung,1501,17348,Mecklenburgische Seenplatte,Woldegk,Carolinenhof,1,Mecklenburg-Vorpommern,13.620837999999999,53.445776,2019,NA,FALSE,Biogas,KWK966802215595,BGA Carolinenhof BHKW 2
SEE964279150814,ABR975439269666,Biomasse,BGA Carolinenhof BHKW 3,Volleinspeisung,1501,17348,Mecklenburgische Seenplatte,Woldegk,Carolinenhof,1,Mecklenburg-Vorpommern,13.620733,53.445705,2019,NA,FALSE,Biogas,KWK966802215595,BGA Carolinenhof BHKW 3
SEE960864842010,ABR971799729505,Biomasse,"Jenbacher BHKW 1,5 MW",Volleinspeisung,1501,59597,Soest,Erwitte,Lusebrink,1Z,Nordrhein-Westfalen,8.269797,51.595441,2019,NA,FALSE,Biogas,KWK963097198848,"Jenbacher BHKW 1,5 MW"
SEE967763227863,ABR924969891816,Biomasse,2 MW BHKW,Volleinspeisung,2000,47652,Kleve,Weeze,Kevelaerer Straße,140,Nordrhein-Westfalen,6.218849,51.613642,2019,NA,FALSE,Biogas,KWK987202604932,2 MW BHKW
SEE901097859772,ABR906549006544,Biomasse,416 er Mitte aus 2012,Volleinspeisung,1191,59609,Soest,Anröchte,Windweg,1,Nordrhein-Westfalen,8.241055,51.518918,2012,NA,FALSE,Biogas,KWK952143934134,416 er Mitte aus 2012
SEE998177335011,ABR989927274988,Biomasse,Holzkraftwerk,Volleinspeisung,1450,33611,Bielefeld,Bielefeld,Schildescher Straße,16,Nordrhein-Westfalen,8.538522,52.033525,2009,NA,FALSE,Feste biogene Stoffe,KWK949399668289,Holzkraftwerk
SEE954830517330,ABR989927274988,Biomasse,BHKW Meisenstraße,Volleinspeisung,2000,33607,Bielefeld,Bielefeld,Meisenstraße,100,Nordrhein-Westfalen,8.567449,52.012549,2013,NA,FALSE,Biomethan (Bioerdgas),KWK931246916773,BHKW Meisenstraße
SEE954223985074,ABR923453334440,Biomasse,vdB III,Volleinspeisung,1712,47638,Kleve,Straelen,Hochheid,4,Nordrhein-Westfalen,6.266008,51.413107,2011,NA,FALSE,Biomethan (Bioerdgas),KWK954736280222,vdB III
SEE934007235656,ABR903690099142,Biomasse,Biomethan-BHKW Hammelburg Modul 1,Volleinspeisung,1191,97762,Bad Kissingen,Hammelburg,Rommelstraße,27,Bayern,9.905995,50.087029,2014,NA,FALSE,Biomethan (Bioerdgas),KWK939281359739,Biomethan-BHKW Hammelburg Modul 1
SEE941137040142,ABR903690099142,Biomasse,Biomethan BHKW Hammelburg,Volleinspeisung,1190,97762,Bad Kissingen,Hammelburg,Rommelstraße,27,Bayern,9.905995,50.087029,2012,NA,FALSE,Biomethan (Bioerdgas),KWK959504626035,Biomethan BHKW Hammelburg
SEE997529312649,ABR949943560816,Biomasse,BGA 2 BHKW 2,Volleinspeisung,1067,38486,Altmarkkreis Salzwedel,Klötze,Köckter Weg,11,Sachsen-Anhalt,11.095641,52.574757,2019,NA,FALSE,Biogas,KWK923811360197,BGA 2 BHKW 2
SEE979430977858,ABR955348431156,Biomasse,Biomasse HKW Sandreuth,Volleinspeisung,6025,90441,Nürnberg,Nürnberg,Sandreuthstraße,65,Bayern,11.060277,49.43854,2012,NA,FALSE,"Wald-Holzhackschnitzel, Wald-Scheitholz, -Kronenholz",KWK990542867639,Biomasse HKW Sandreuth
SEE966068938658,ABR938008937847,Biomasse,Biogas Stahlberg I,Volleinspeisung,1064,38448,Wolfsburg,Wolfsburg,Zum Stahlberg,1,Niedersachsen,10.796326,52.468803,2006,NA,FALSE,Biogas,NA,Biogas Stahlberg I
SEE907517881682,ABR905046434607,Biomasse,Flex BHKW 1500 kW,Volleinspeisung,1500,21717,Stade,Fredenbeck,Camp,1,Niedersachsen,9.371812,53.545871,2019,NA,FALSE,Biogas,KWK935995649739,Flex BHKW 1500 kW
SEE936777942819,ABR982627968720,Biomasse,BHKW 7,Teileinspeisung (einschließlich Eigenverbrauch),1110,37574,Northeim,Einbeck,Grimsehlstraße,31,Niedersachsen,9.885553,51.814358,2010,NA,FALSE,Biomethan (Bioerdgas),KWK946656804886,BHKW 7
SEE983569207328,ABR900630650449,Biomasse,BHKW 1203,Volleinspeisung,1203,29223,Celle,Celle,NA,NA,Niedersachsen,10.052351,52.641042,2019,NA,FALSE,Biogas,KWK937012524432,BHKW 1203
SEE943096190258,ABR991195295770,Biomasse,Biomasse-Kraftwerk Fechenheim GmbH,Teileinspeisung (einschließlich Eigenverbrauch),12430,60386,Frankfurt am Main,Frankfurt,Alt-Fechenheim,34,Hessen,8.767352,50.12841,2004,NA,FALSE,"Altholz, Gebrauchtholz, Holz(sperr)müll",KWK963925029542,Biomasse-Kraftwerk Fechenheim GmbH
SEE922404576786,ABR906044892383,Biomasse,Biogasanlage III,Volleinspeisung,1950,37281,Werra-Meißner-Kreis,Wanfried,NA,NA,Hessen,10.1677,51.1912,2020,NA,FALSE,Biogas,KWK998397521577,Biogasanlage III
SEE966723514852,ABR935433627022,Biomasse,BHKW 3,Volleinspeisung,1500,66482,Zweibrücken,Zweibrücken,Heilbachhof,1,Rheinland-Pfalz,7.380672,49.285029,2018,NA,FALSE,Biogas,KWK931305217117,BHKW 3
SEE954933948147,ABR915283388540,Biomasse,BGA Teutleben Erw.1,Volleinspeisung,1203,99880,Gotha,Teutleben,Burgweg,1,Thüringen,10.564486,50.947473,2019,NA,FALSE,Biogas,KWK936386860122,BGA Teutleben Erw.1
SEE939920023106,ABR933328334321,Biomasse,Biomasse Katterbach,Volleinspeisung,1191,91522,Ansbach,Ansbach,NA,NA,Bayern,10.6533,49.31294,2011,NA,FALSE,Biomethan (Bioerdgas),KWK903766121692,Biomasse Katterbach
SEE932748872758,ABR972694298363,Biomasse,BHKW Mitte,Volleinspeisung,8000,99734,Nordhausen,Nordhausen,Barbarossastraße,1,Thüringen,10.801057,51.493343,2017,NA,FALSE,Biomethan (Bioerdgas),KWK981857815514,BHKW Mitte
SEE945050810691,NA,Biomasse,Biomasse-Anlage,Teileinspeisung (einschließlich Eigenverbrauch),1025,54311,Trier-Saarburg,Trierweiler,Trierweilerstraße,22,Rheinland-Pfalz,6.589179,49.765282,2000,2020,TRUE,"Holzreste (z.B. aus Schreinereien, auch Spanholz)",NA,Biomasse-Anlage
SEE905892081468,ABR991764960177,Biomasse,Heizwerk Ost BHKW Deutz 2,Volleinspeisung,1999,38820,Harz,Halberstadt,Wehrstedter Straße,48,Sachsen-Anhalt,11.060218,51.901817,2019,NA,FALSE,Biomethan (Bioerdgas),KWK909919668106,Heizwerk Ost BHKW Deutz 2
SEE984332482966,ABR925283076712,Biomasse,BGA Schwedt II - BHKW 1,Volleinspeisung,1200,16303,Uckermark,Schwedt,Neuer Hafen,10,Brandenburg,14.322675,53.098113,2014,NA,FALSE,Biogas,KWK970539658129,BGA Schwedt II - BHKW 1
SEE972328462818,ABR925283076712,Biomasse,BGA Schwedt II - BHKW 2,Volleinspeisung,1560,16303,Uckermark,Schwedt,Neuer Hafen,10,Brandenburg,14.322626,53.098132,2014,NA,FALSE,Biogas,KWK970539658129,BGA Schwedt II - BHKW 2
SEE938249792892,ABR944105253780,Biomasse,MWM,Volleinspeisung,2000,46325,Borken,Borken,Aechterhookstraße,53,Nordrhein-Westfalen,6.802024,51.818526,2019,NA,FALSE,Biogas,KWK948020536119,MWM
SEE970664444536,ABR964002114076,Biomasse,Biomasse 1,Volleinspeisung,1600,94491,Deggendorf,Hengersberg,Zum Sägewerk,9,Bayern,13.064334,48.765706,2005,NA,FALSE,Rinde und Landschaftspflegeholz,KWK988817062988,Biomasse 1
SEE996550718352,ABR964002114076,Biomasse,Biomasse 4,Volleinspeisung,2800,94491,Deggendorf,Hengersberg,Zum Sägewerk,9,Bayern,13.064334,48.765706,2014,NA,FALSE,Rinde und Landschaftspflegeholz,KWK925564594461,Biomasse 4
SEE963459156257,ABR967895852209,Biomasse,BMHKW Sellessen,Volleinspeisung,2570,03130,Spree-Neiße,Spremberg,Grenzstraße,4,Brandenburg,14.404918,51.59761,2005,NA,FALSE,"Wald-Holzhackschnitzel, Wald-Scheitholz, -Kronenholz",KWK902360578000,BMHKW Sellessen
SEE921495755070,ABR997419221839,Biomasse,Anlage 2009 ehem. EPC Generator 1,Volleinspeisung,1550,04860,Nordsachsen,Torgau,Forstweg,3,Sachsen,12.951593,51.550589,2009,NA,FALSE,Rinde und Landschaftspflegeholz,KWK942695492435,Anlage 2009 ehem. EPC Generator 1
SEE967940456772,ABR997419221839,Biomasse,Anlage 2009 ehem. EPV Generator 2,Volleinspeisung,1550,04860,Nordsachsen,Torgau,Forstweg,3,Sachsen,12.951593,51.550589,2009,NA,FALSE,Rinde und Landschaftspflegeholz,KWK942695492435,Anlage 2009 ehem. EPV Generator 2
SEE985107237163,ABR997419221839,Biomasse,Anlage 2013,Volleinspeisung,5300,04860,Nordsachsen,Torgau,Forstweg,1,Sachsen,12.952358,51.554257,2013,NA,FALSE,Rinde und Landschaftspflegeholz,KWK981059076362,Anlage 2013
SEE957262802302,ABR997419221839,Biomasse,Anlage 2014,Volleinspeisung,5300,04860,Nordsachsen,Torgau,Forstweg,1,Sachsen,12.952358,51.554257,2014,NA,FALSE,Rinde und Landschaftspflegeholz,KWK959010988344,Anlage 2014
SEE924766121826,ABR956611750820,Biomasse,BHKW IV,Teileinspeisung (einschließlich Eigenverbrauch),1500,24867,Schleswig-Flensburg,Dannewerk,Schäpersweg,4,Schleswig-Holstein,9.481818,54.463595,2019,NA,FALSE,Biogas,KWK905273349811,BHKW IV
SEE998185750394,ABR914723978242,Biomasse,BHKW_ABO,Volleinspeisung,1021,53909,Euskirchen,Zülpich,Veilchenstraße,NA,Nordrhein-Westfalen,6.639253,50.708291,2007,NA,FALSE,Biogas,KWK967971147878,BHKW_ABO
SEE966730949203,ABR986885418973,Biomasse,BHKW 3,Volleinspeisung,1501,31595,Nienburg (Weser),Steyerberg,NA,NA,Niedersachsen,8.973404,52.578846,2019,NA,FALSE,Biogas,KWK970389553728,BHKW 3
SEE912681231416,ABR997419221839,Biomasse,Anlage 2009,Volleinspeisung,2590,04860,Nordsachsen,Torgau,Forstweg,1,Sachsen,12.952358,51.554257,2009,NA,FALSE,Rinde und Landschaftspflegeholz,KWK979767933817,Anlage 2009
SEE954787876719,ABR907670171910,Biomasse,Energieanlage 1,Volleinspeisung,4500,16909,Ostprignitz-Ruppin,Heiligengrabe,Wittstocker Chaussee,1,Brandenburg,12.380599,53.149251,1994,NA,FALSE,Feste biogene Stoffe,KWK914930430717,Energieanlage 1
SEE933674289412,ABR912041335884,Biomasse,Enkental BHKW 3,Volleinspeisung,1501,72172,Rottweil,Sulz,Freudenstädter Straße,NA,Baden-Württemberg,8.610905,48.364741,2019,NA,FALSE,Biogas,KWK983151638974,Enkental BHKW 3
SEE955519228905,ABR930936921172,Biomasse,Bioenergie Kortenberken BGA II,Volleinspeisung,1500,49835,Grafschaft Bentheim,Wietmarschen,Kortenberken,8,Niedersachsen,7.19113,52.495843,2019,NA,FALSE,Biogas,KWK922249304964,Bioenergie Kortenberken BGA II
SEE971712417526,ABR991967582008,Biomasse,BM-BHKW Klingenthal,Volleinspeisung,1200,08248,Vogtlandkreis,Klingenthal,Keplerstraße,15,Sachsen,12.453022,50.361436,2013,NA,FALSE,Biomethan (Bioerdgas),KWK979895163179,BM-BHKW Klingenthal
SEE930183559739,ABR991967582008,Biomasse,BM-BHKW Hohenstein-Ernstthal,Volleinspeisung,1189,09337,Zwickau,Hohenstein-Ernstthal,Nutzunger Straße,17 Z,Sachsen,12.731944,50.800699,2010,NA,FALSE,Biomethan (Bioerdgas),KWK900890554952,BM-BHKW Hohenstein-Ernstthal
SEE936859728508,ABR905920218880,Biomasse,BM-BHKW Flöha,Volleinspeisung,1189,09557,Mittelsachsen,Flöha,Augustusburger Straße,65 a,Sachsen,13.071521,50.852145,2010,NA,FALSE,Biomethan (Bioerdgas),KWK900638317740,BM-BHKW Flöha
SEE928001903086,ABR947476027035,Biomasse,Holz-Heizkraftwerk,Volleinspeisung,1650,83052,Rosenheim,Bruckmühl,Hornau,40,Bayern,11.92663,47.912539,2006,NA,FALSE,"Wald-Holzhackschnitzel, Wald-Scheitholz, -Kronenholz",KWK934770991322,Holz-Heizkraftwerk
SEE950118200574,ABR951786418858,Biomasse,BHKW III Flex,NA,1950,24601,Plön,Belau,NA,NA,Schleswig-Holstein,10.240976,54.118241,2019,NA,FALSE,Biogas,KWK911525378942,BHKW III Flex
SEE971805626330,ABR905920218880,Biomasse,BM-BHKW Lauchhammer Grundhofstraße 49 Z,Volleinspeisung,1189,01979,Oberspreewald-Lausitz,Lauchhammer,Grundhofstraße,49,Brandenburg,13.736401,51.493305,2012,NA,FALSE,Biomethan (Bioerdgas),KWK952259038474,BM-BHKW Lauchhammer Grundhofstraße 49 Z
SEE929288424400,NA,Biomasse,BM-BHKW Lauchhammer Vestas,Volleinspeisung,1191,01979,Oberspreewald-Lausitz,Lauchhammer,John-Schehr-Straße,7 X,Brandenburg,13.779234,51.47661,2012,2023,TRUE,Biomethan (Bioerdgas),KWK989668410614,BM-BHKW Lauchhammer Vestas
SEE977287358820,ABR905920218880,Biomasse,"BM-BHKW 3 Großenhain, Am Bobersberg 6 Z",Volleinspeisung,1191,01558,Meißen,Großenhain,Am Bobersberg,6 Z,Sachsen,13.539941,51.288144,2012,NA,FALSE,Biomethan (Bioerdgas),KWK940438852430,"BM-BHKW 3 Großenhain, Am Bobersberg 6 Z"
SEE932397655627,ABR905920218880,Biomasse,"BM-BHKW Grimma 1, Bahnhofstraße 5",Volleinspeisung,1190,04668,Leipzig,Grimma,Bahnhofstraße,5,Sachsen,12.718724,51.225693,2009,NA,FALSE,Biomethan (Bioerdgas),KWK952926851085,"BM-BHKW Grimma 1, Bahnhofstraße 5"
SEE982452346052,ABR905920218880,Biomasse,"BM-BHKW Grimma 3, Bahnhofstraße 5",Volleinspeisung,1189,04668,Leipzig,Grimma,Bahnhofstraße,5,Sachsen,12.718724,51.225693,2013,NA,FALSE,Biomethan (Bioerdgas),KWK976089833429,"BM-BHKW Grimma 3, Bahnhofstraße 5"
SEE922661797399,ABR905920218880,Biomasse,"BM-BHKW Roßwein, Goldbornstraße",Volleinspeisung,1189,04741,Mittelsachsen,Roßwein,Goldbornstraße,1 Z,Sachsen,13.178086,51.061735,2013,NA,FALSE,Biomethan (Bioerdgas),KWK904012047629,"BM-BHKW Roßwein, Goldbornstraße"
SEE941332284853,ABR954072006791,Biomasse,50965751496-Biogasanlage 2011,Teileinspeisung (einschließlich Eigenverbrauch),1120,93309,Kelheim,Kelheim,Großberghofener Straße,34,Bayern,11.882505,48.883705,2011,NA,FALSE,Biogas,KWK973171183394,50965751496-Biogasanlage 2011
SEE921370286774,ABR958374050797,Biomasse,BHKW 2,Volleinspeisung,1500,24996,Schleswig-Flensburg,Sterup,Terkelsmai,NA,Schleswig-Holstein,9.746706,54.723982,2019,NA,FALSE,Biogas,KWK957493082955,BHKW 2
SEE907462518343,ABR958374050797,Biomasse,BHKW 3,Volleinspeisung,1500,24996,Schleswig-Flensburg,Sterup,Terkelsmai,NA,Schleswig-Holstein,9.746595,54.723978,2019,NA,FALSE,Biogas,KWK957493082955,BHKW 3
SEE902300072483,ABR900206466801,Biomasse,BHKW 3 HWFR,Volleinspeisung,1200,02763,Görlitz,Zittau,Friedensstraße,17,Sachsen,14.81414,50.887738,2012,NA,FALSE,Biomethan (Bioerdgas),KWK933425528401,BHKW 3 HWFR
SEE924682614181,ABR974140391505,Biomasse,Mercer Stendal TG 1,Teileinspeisung (einschließlich Eigenverbrauch),99720,39596,Stendal,Arneburg,Goldbecker Straße,1,Sachsen-Anhalt,12.0103,52.725965,2004,NA,FALSE,"Brennlauge, Schwarzlauge, Sulfitablauge",KWK992219692742,Mercer Stendal TG 1
SEE916246964979,ABR906265329576,Biomasse,BHKW III (Jenbacher 1501 kW),Teileinspeisung (einschließlich Eigenverbrauch),1501,25557,Rendsburg-Eckernförde,Bendorf,Scharfenstein,5,Schleswig-Holstein,9.351246,54.09083,2020,NA,FALSE,Biogas,KWK992653654740,BHKW III (Jenbacher 1501 kW)
SEE994048120847,NA,Biomasse,Container BHKW Senden EEG,Volleinspeisung,1248,89250,Neu-Ulm,Senden,Daimlerstraße,31,Bayern,10.045021,48.331039,2012,2025,TRUE,Biomethan (Bioerdgas),KWK912303662529,Container BHKW Senden EEG
SEE990954339502,ABR983991857207,Biomasse,BHKW 1,Teileinspeisung (einschließlich Eigenverbrauch),1262,26434,Friesland,Wangerland,Fuhlrieger Allee,3,Niedersachsen,7.857729,53.587083,2006,NA,FALSE,Biogas,NA,BHKW 1
SEE938639952295,ABR983991857207,Biomasse,BHKW 2,Teileinspeisung (einschließlich Eigenverbrauch),1262,26434,Friesland,Wangerland,Fuhlrieger Allee,3,Niedersachsen,7.857835,53.587137,2006,NA,FALSE,Biogas,NA,BHKW 2
SEE901874338452,ABR960895896082,Biomasse,BHKW 3,Volleinspeisung,1001,31632,Nienburg (Weser),Husum,Unter den Eichen,23,Niedersachsen,9.254843,52.594925,2021,NA,FALSE,Biogas,NA,BHKW 3
SEE910075221593,ABR960895896082,Biomasse,BHKW 4,Volleinspeisung,1001,31632,Nienburg (Weser),Husum,Unter den Eichen,23,Niedersachsen,9.255071,52.594813,2021,NA,FALSE,Biogas,NA,BHKW 4
SEE934189578992,ABR967862306308,Biomasse,Sonae Arauco Beeskow GmbH,Volleinspeisung,18320,15848,Oder-Spree,Beeskow,Radinkendorfer Straße,71,Brandenburg,14.256328,52.182234,2001,NA,FALSE,"Altholz, Gebrauchtholz, Holz(sperr)müll",KWK953414182803,Sonae Arauco Beeskow GmbH
SEE902515833169,ABR988835401769,Biomasse,BHKW III (MWM 1500 kW),Volleinspeisung,1500,25560,Steinburg,Puls,Meiereistraße,55,Schleswig-Holstein,9.513651,54.090268,2020,NA,FALSE,Biogas,KWK925039187952,BHKW III (MWM 1500 kW)
SEE929516405690,ABR999943071645,Biomasse,BMK Lünen,Volleinspeisung,20500,44536,Unna,Lünen,Josef-Rethmann-Straße,4,Nordrhein-Westfalen,7.472065,51.619416,2006,NA,FALSE,"Altholz, Gebrauchtholz, Holz(sperr)müll",NA,BMK Lünen
SEE922914399295,ABR929490364426,Biomasse,Mercer Rosenthal,Teileinspeisung (einschließlich Eigenverbrauch),57235,07366,Saale-Orla-Kreis,Rosenthal,Hauptstraße,16,Thüringen,11.70039,50.402077,1999,NA,FALSE,"Brennlauge, Schwarzlauge, Sulfitablauge",KWK922913077255,Mercer Rosenthal
SEE919205109794,ABR907614365108,Biomasse,Hamburg-Lohbrügge ORC,Volleinspeisung,2100,21031,Hamburg,Hamburg,Havighorster Weg,10,Hamburg,10.208893,53.514326,2008,NA,FALSE,"Wald-Holzhackschnitzel, Wald-Scheitholz, -Kronenholz",NA,Hamburg-Lohbrügge ORC
SEE904171174631,ABR976768816019,Biomasse,B+T Biopower,Volleinspeisung,1193,37213,Werra-Meißner-Kreis,Witzenhausen,Kasseler Landstraße,23,Hessen,9.84796,51.31931,2008,NA,FALSE,Klärgas,KWK902736927654,B+T Biopower
SEE950062447919,ABR962424139622,Biomasse,IPH Strom CoFA BHKW 2,Volleinspeisung,1451,65929,Frankfurt am Main,Frankfurt,Brüningstraße,50,Hessen,8.521564,50.083427,2007,NA,FALSE,Biogas,KWK949769250045,IPH Strom CoFA BHKW 2
SEE937254014852,ABR962424139622,Biomasse,IPH Strom CoFA BHKW 1,Volleinspeisung,1451,65929,Frankfurt am Main,Frankfurt,Brüningstraße,50,Hessen,8.521564,50.083427,2007,NA,FALSE,Biogas,KWK949769250045,IPH Strom CoFA BHKW 1
SEE912857331322,ABR921066781309,Biomasse,Fernwärme Alfhausen - BHKW I Bertha-Benz-Straße,Volleinspeisung,2300,49594,Osnabrück,Alfhausen,NA,NA,Niedersachsen,7.943742,52.504011,2022,NA,FALSE,Biomethan (Bioerdgas),KWK991433717064,Fernwärme Alfhausen - BHKW I Bertha-Benz-Straße
SEE993420879625,ABR920968514619,Biomasse,Jenbacher_Y_554,Teileinspeisung (einschließlich Eigenverbrauch),1563,06542,Mansfeld-Südharz,Allstedt,Allstedter Straße,23,Sachsen-Anhalt,11.352491,51.42295,2020,NA,FALSE,Biogas,KWK940277633689,Jenbacher_Y_554
SEE948589813690,ABR928580515120,Biomasse,Agarenergie 6,Volleinspeisung,1203,31840,Hameln-Pyrmont,Hessisch Oldendorf,NA,NA,Niedersachsen,9.252404,52.137214,2020,NA,FALSE,Biogas,KWK906296752435,Agarenergie 6
SEE979129989872,ABR928580515120,Biomasse,Bioenergie 5,Volleinspeisung,1203,31840,Hameln-Pyrmont,Hessisch Oldendorf,NA,NA,Niedersachsen,9.252439,52.137206,2020,NA,FALSE,Biogas,KWK951352385713,Bioenergie 5
SEE983106740448,ABR942554027464,Biomasse,5. 416 Kurshagen,Volleinspeisung,1203,37281,Werra-Meißner-Kreis,Wanfried,Am Kurshagen,1,Hessen,10.202169,51.142279,2020,NA,FALSE,Biogas,KWK901053256591,5. 416 Kurshagen
SEE973957871118,ABR967242774475,Biomasse,TEE GmbH ＆ Co KG Biogas,Volleinspeisung,1501,49393,Vechta,Lohne,An den Teichen,27,Niedersachsen,8.177417,52.689072,2020,NA,FALSE,Biogas,KWK943083648496,TEE GmbH ＆ Co KG Biogas
SEE917200177923,ABR985849110670,Biomasse,"BGA Gnoien II, BHKW 2.1",Volleinspeisung,1200,17179,Rostock,Gnoien,Bäbelitzer Weg,18,Mecklenburg-Vorpommern,12.699839,53.996488,2008,NA,FALSE,Biogas,KWK945248810564,"BGA Gnoien II, BHKW 2.1"
SEE927858822632,ABR903459933366,Biomasse,Turbinengenerator5-SiemensT8302,Volleinspeisung,13212,89584,Alb-Donau-Kreis,Ehingen,Biberacher Straße,73,Baden-Württemberg,9.727243,48.269758,1990,NA,FALSE,"Brennlauge, Schwarzlauge, Sulfitablauge",KWK994849384103,Turbinengenerator5-SiemensT8302
SEE926614659772,ABR929281724965,Biomasse,BMHKW,Teileinspeisung (einschließlich Eigenverbrauch),23000,49824,Grafschaft Bentheim,Emlichheim,Neuerostraße,8,Niedersachsen,6.873123,52.619837,2006,NA,FALSE,"Altholz, Gebrauchtholz, Holz(sperr)müll",KWK946090334109,BMHKW
SEE945528720750,ABR920792798377,Biomasse,BHKW5,Teileinspeisung (einschließlich Eigenverbrauch),1500,24813,Rendsburg-Eckernförde,Schülp,Jevenstedter Straße,2,Schleswig-Holstein,9.646373,54.253031,2017,NA,FALSE,Biogas,KWK938254859429,BHKW5
SEE968309350465,ABR941878949179,Biomasse,BHKW 1 + 2,Volleinspeisung,1998,07407,Saalfeld-Rudolstadt,Rudolstadt,Breitscheidstraße,160,Thüringen,11.330406,50.68594,2005,NA,FALSE,Biogas,KWK971093706295,BHKW 1 + 2
SEE987904122949,ABR996600060516,Biomasse,BMHKW Schameder,Teileinspeisung (einschließlich Eigenverbrauch),5000,57339,Siegen-Wittgenstein,Erndtebrück,Am Gäuseberg,3,Nordrhein-Westfalen,8.320819,50.994959,2009,NA,FALSE,Rinde und Landschaftspflegeholz,KWK950186133477,BMHKW Schameder
SEE946556052639,ABR937659587982,Biomasse,GSH Green Steam Hürth GmbH,Volleinspeisung,20000,50354,Rhein-Erft-Kreis,Hürth,Bertrams-Jagdweg,12,Nordrhein-Westfalen,6.836082,50.858452,2023,NA,FALSE,"Wald-Holzhackschnitzel, Wald-Scheitholz, -Kronenholz",KWK916638417281,GSH Green Steam Hürth GmbH
SEE908170409886,ABR977806639522,Biomasse,"BHKW-Anlage, Modul 1, Klärwerk Augsburg",Teileinspeisung (einschließlich Eigenverbrauch),1191,86154,Augsburg,Augsburg,Klärwerkstraße,10,Bayern,10.88542,48.407102,2008,NA,FALSE,Klärgas,KWK926359534945,"BHKW-Anlage, Modul 1, Klärwerk Augsburg"
SEE974946430095,ABR977806639522,Biomasse,"BHKW-Anlage, Modul 2, Klärwerk Augsburg",Teileinspeisung (einschließlich Eigenverbrauch),1200,86154,Augsburg,Augsburg,Klärwerkstraße,10,Bayern,10.88542,48.407102,2008,NA,FALSE,Klärgas,KWK926359534945,"BHKW-Anlage, Modul 2, Klärwerk Augsburg"
SEE969316053011,ABR903690099142,Biomasse,Biomethan BHKW Haar,Volleinspeisung,1604,85540,München,Haar,Höglweg,9,Bayern,11.729258,48.114975,2014,NA,FALSE,Biomethan (Bioerdgas),KWK949142184240,Biomethan BHKW Haar
SEE950097304904,ABR977806639522,Biomasse,"BHKW-Anlage, Modul 3, Klärwerk Augsburg",Teileinspeisung (einschließlich Eigenverbrauch),1352,86154,Augsburg,Augsburg,Klärwerkstraße,10,Bayern,10.88542,48.407102,2008,NA,FALSE,Klärgas,KWK926359534945,"BHKW-Anlage, Modul 3, Klärwerk Augsburg"
SEE928534733273,ABR972694298363,Biomasse,BHKW Nord 1,Volleinspeisung,1740,99734,Nordhausen,Nordhausen,Am Hagenberg,1,Thüringen,10.798498,51.516841,1994,NA,FALSE,Biomethan (Bioerdgas),KWK990607600379,BHKW Nord 1
SEE921110502003,ABR972694298363,Biomasse,BHKW Ost,Volleinspeisung,1160,99734,Nordhausen,Nordhausen,Im Stürzetal,60,Thüringen,10.820014,51.499611,1994,NA,FALSE,Biomethan (Bioerdgas),KWK946093038332,BHKW Ost
SEE938851317995,ABR975836783802,Biomasse,BHKW neu,Volleinspeisung,1500,25887,Nordfriesland,Winnert,Straußweg,5,Schleswig-Holstein,9.19131,54.43356,2018,NA,FALSE,Biogas,KWK936059046945,BHKW neu
SEE933503210617,ABR922384414191,Biomasse,Biogasanlage Rhade BHKW 2 MW,Teileinspeisung (einschließlich Eigenverbrauch),1950,27404,Rotenburg (Wümme),Rhade,Industriestraße,11,Niedersachsen,9.139519,53.298312,2023,NA,FALSE,Biogas,KWK996561840004,Biogasanlage Rhade BHKW 2 MW
SEE941747761277,NA,Biomasse,Biomasseanlage,Volleinspeisung,1563,52152,Städteregion Aachen,Simmerath,Walter-Bachmann-Straße,10,Nordrhein-Westfalen,6.289715,50.601819,2006,2021,TRUE,"Wald-Holzhackschnitzel, Wald-Scheitholz, -Kronenholz",KWK966018285207,Biomasseanlage
SEE915373075985,ABR906416074959,Biomasse,BV J416,Volleinspeisung,1203,49716,Emsland,Meppen,Zum Tengen,6,Niedersachsen,7.178858,52.732961,2016,NA,FALSE,Biogas,KWK959502387211,BV J416
SEE994277935496,ABR907786961450,Biomasse,Jenbacher Leischstr. 1,Volleinspeisung,1203,27432,Rotenburg (Wümme),Ebersdorf,Leischstraße,1a,Niedersachsen,9.048966,53.523701,2020,NA,FALSE,Biogas,KWK938492250491,Jenbacher Leischstr. 1
SEE904221213013,ABR907786961450,Biomasse,Jenbacher Leischstr. 25,Volleinspeisung,1203,27432,Rotenburg (Wümme),Ebersdorf,Leischstraße,25 A,Niedersachsen,9.040972,53.523683,2020,NA,FALSE,Biogas,KWK904632969851,Jenbacher Leischstr. 25
SEE975613830927,ABR907786961450,Biomasse,Jenbacher Sportplatz,Volleinspeisung,1203,27432,Rotenburg (Wümme),Ebersdorf,Am Sportplatz,1,Niedersachsen,9.05503,53.522972,2020,NA,FALSE,Biogas,KWK920345650749,Jenbacher Sportplatz
SEE994644502849,ABR907786961450,Biomasse,Brakland Jenbacher,Teileinspeisung (einschließlich Eigenverbrauch),1203,27432,Rotenburg (Wümme),Ebersdorf,Brakland,1,Niedersachsen,9.046964,53.527571,2020,NA,FALSE,Biogas,KWK924981803002,Brakland Jenbacher
SEE965284371430,ABR907786961450,Biomasse,Höpen Jenbacher,Teileinspeisung (einschließlich Eigenverbrauch),1501,27432,Rotenburg (Wümme),Ebersdorf,Höpen,2,Niedersachsen,9.048565,53.534787,2020,NA,FALSE,Biogas,KWK942616576909,Höpen Jenbacher
SEE916360372544,ABR915131906155,Biomasse,SBE Jenbacher,Volleinspeisung,1203,27432,Rotenburg (Wümme),Bremervörde,An der Höhne,62,Niedersachsen,9.115617,53.512904,2020,NA,FALSE,Biogas,KWK917758118126,SBE Jenbacher
SEE980867862679,ABR962135858416,Biomasse,Flex BHKW Jenbacher,Volleinspeisung,1202,49681,Cloppenburg,Garrel,Nikolausstraße,32,Niedersachsen,8.079841,52.992181,2020,NA,FALSE,Biogas,KWK983660901026,Flex BHKW Jenbacher
SEE911320296380,ABR994880761703,Biomasse,Brüsseler Straße BHKW2,Volleinspeisung,1165,78052,Schwarzwald-Baar-Kreis,Villingen-Schwenningen,Brüsseler Straße,15,Baden-Württemberg,8.489987,48.068958,2012,NA,FALSE,Biomethan (Bioerdgas),KWK938731363647,Brüsseler Straße BHKW2
SEE924295510405,ABR920317330280,Biomasse,HKW2,Teileinspeisung (einschließlich Eigenverbrauch),5128,83071,Rosenheim,Stephanskirchen,Rohrdorfer Straße,133,Bayern,12.15928,47.845887,2001,NA,FALSE,"Holzreste (z.B. aus Schreinereien, auch Spanholz)",KWK956599544350,HKW2
SEE905576218050,ABR934350274487,Biomasse,Jenbacher JGS 320 1067 neu,Volleinspeisung,1067,86748,Donau-Ries,Marktoffingen,NA,NA,Bayern,10.456888,48.954778,2014,NA,FALSE,Biogas,KWK904306380395,Jenbacher JGS 320 1067 neu
SEE907402158233,ABR934350274487,Biomasse,Jenbacher JGS 320 1067 alt,Volleinspeisung,1067,86748,Donau-Ries,Marktoffingen,NA,NA,Bayern,10.456896,48.95478,2010,NA,FALSE,Biogas,KWK904306380395,Jenbacher JGS 320 1067 alt
SEE975558245343,ABR985183309662,Biomasse,BHKW 8,Volleinspeisung,1203,26169,Cloppenburg,Friesoythe,Im Alten Haferland,6,Niedersachsen,7.756056,52.988786,2020,NA,FALSE,Biogas,KWK934000780986,BHKW 8
SEE970952632331,ABR918146039610,Biomasse,Fernwärme,Volleinspeisung,1998,49124,Osnabrück,Georgsmarienhütte,Neue Hüttenstraße,1,Niedersachsen,8.043395,52.211386,2009,NA,FALSE,Biomethan (Bioerdgas),NA,Fernwärme
SEE952024455826,ABR948996725883,Biomasse,Bioenergie 21,Volleinspeisung,1203,31855,Hameln-Pyrmont,Aerzen,Wülmser Weg,NA,Niedersachsen,9.254691,52.034706,2020,NA,FALSE,Biogas,KWK911704701547,Bioenergie 21
SEE946499365858,ABR948996725883,Biomasse,Aerzener Agrar Energie 22,Volleinspeisung,1203,31855,Hameln-Pyrmont,Aerzen,Wülmser Weg,NA,Niedersachsen,9.254738,52.034628,2020,NA,FALSE,Biogas,KWK965140719598,Aerzener Agrar Energie 22
SEE931058179427,ABR920317330280,Biomasse,HKW3,Teileinspeisung (einschließlich Eigenverbrauch),6136,83071,Rosenheim,Stephanskirchen,Rohrdorfer Straße,133,Bayern,12.15928,47.845887,2002,NA,FALSE,"Holzreste (z.B. aus Schreinereien, auch Spanholz)",KWK956599544350,HKW3
SEE974028099271,ABR924381567610,Biomasse,BHKW Vorketzin,Volleinspeisung,4960,14669,Havelland,Ketzin,Vorketzin,100,Brandenburg,12.844879,52.507626,2004,NA,FALSE,Deponiegas,NA,BHKW Vorketzin
SEE931494186256,ABR925244483504,Biomasse,Biomasseheizkraftwerk Wismar,Teileinspeisung (einschließlich Eigenverbrauch),18300,23970,Nordwestmecklenburg,Wismar,NA,NA,Mecklenburg-Vorpommern,11.451388,53.905647,2023,NA,FALSE,Feste biogene Stoffe,KWK956425049868,Biomasseheizkraftwerk Wismar
SEE914234024018,ABR928603869209,Biomasse,Baden Airpark Energie,Volleinspeisung,5552,77836,Rastatt,Rheinmünster,Summersite Avenue D,102,Baden-Württemberg,8.08577,48.77178,2005,NA,FALSE,Rinde und Landschaftspflegeholz,KWK936604912015,Baden Airpark Energie
SEE900351206932,ABR976104278778,Biomasse,BHKW2,Volleinspeisung,2000,24996,Schleswig-Flensburg,Sterup,NA,NA,Schleswig-Holstein,9.765653,54.738649,2020,NA,FALSE,Biogas,KWK990721563864,BHKW2
SEE944498947082,ABR991967582008,Biomasse,BMHKW Biomasseheizkraftwerk Elsterwerda,Teileinspeisung (einschließlich Eigenverbrauch),12600,04910,Elbe-Elster,Elsterwerda,Roland-Schmid-Straße,5-7,Brandenburg,13.504711,51.465983,2004,NA,FALSE,"Altholz, Gebrauchtholz, Holz(sperr)müll",KWK954356026583,BMHKW Biomasseheizkraftwerk Elsterwerda
SEE917858474627,ABR991967582008,Biomasse,BMHKW Biomasseheizkraftwerk Sulzbach-Rosenberg,Volleinspeisung,4540,92237,Amberg-Sulzbach,Sulzbach-Rosenberg,Europastraße,26,Bayern,11.773324,49.486535,2006,NA,FALSE,"Wald-Stammholz, Rundholz",KWK981203505427,BMHKW Biomasseheizkraftwerk Sulzbach-Rosenberg
SEE946375223258,ABR991967582008,Biomasse,BM-BHKW Bad Lobenstein,Volleinspeisung,1189,07356,Saale-Orla-Kreis,Bad Lobenstein,Poststraße,32,Thüringen,11.636383,50.462087,2012,NA,FALSE,Biomethan (Bioerdgas),KWK970947878027,BM-BHKW Bad Lobenstein
SEE993604236183,ABR903839492315,Biomasse,BHKW III Flex,Volleinspeisung,1999,25797,Dithmarschen,Wöhrden,Pehrsenweg,1,Schleswig-Holstein,9.014028,54.172283,2020,NA,FALSE,Biogas,KWK998111717354,BHKW III Flex
SEE983423615252,ABR949587776680,Biomasse,"BHKW 1, PA-Hellersberg",Teileinspeisung (einschließlich Eigenverbrauch),1487,94034,Passau,Passau,Hellersberg,10,Bayern,13.392315,48.604857,2012,NA,FALSE,Biogas,KWK948133776891,"BHKW 1, PA-Hellersberg"
SEE966486463367,ABR959740546623,Biomasse,BGA Liptitz 1067 KW,Volleinspeisung,1067,04779,Nordsachsen,Wermsdorf,Döllnitzseeweg,999 Z,Sachsen,12.934504,51.258765,2020,NA,FALSE,Biogas,KWK945657359753,BGA Liptitz 1067 KW
SEE946567664012,ABR951574450398,Biomasse,"EZ - Leinefelde, Boschstr. 25, BM-BHKW",Volleinspeisung,2000,37327,Eichsfeld,Leinefelde-Worbis,Boschstraße,25,Thüringen,10.339433,51.382099,2013,NA,FALSE,Biomethan (Bioerdgas),KWK964718953648,"EZ - Leinefelde, Boschstr. 25, BM-BHKW"
SEE932986742752,ABR948508175557,Biomasse,Biogasanlage MH Modul 1,Volleinspeisung,4800,17379,Vorpommern-Greifswald,Wilhelmsburg,Mühlenhof,NA,Mecklenburg-Vorpommern,13.833289,53.633017,2013,NA,FALSE,Biogas,NA,Biogasanlage MH Modul 1
SEE992754225047,ABR994319947715,Biomasse,"Biogas-BHKW-1, Frankenberg, Burgwaldkasere",Volleinspeisung,1200,35066,Waldeck-Frankenberg,Frankenberg,Marburger Straße,75,Hessen,8.785476,51.038212,2014,NA,FALSE,Biomethan (Bioerdgas),KWK915753134776,"Biogas-BHKW-1, Frankenberg, Burgwaldkasere"
SEE954484797942,ABR983364695795,Biomasse,Rheinstraße,Teileinspeisung (einschließlich Eigenverbrauch),1406,96052,Bamberg,Bamberg,Rheinstraße,4,Bayern,10.859377,49.912504,2010,NA,FALSE,Klärgas,KWK903007701317,Rheinstraße
SEE916382303724,ABR938713549984,Biomasse,BHKW Grünäcker 3 SW Sindelfingen,Volleinspeisung,1165,71069,Böblingen,Sindelfingen,Krotenäckerweg,71,Baden-Württemberg,8.973936,48.724807,2012,NA,FALSE,Biomethan (Bioerdgas),KWK935152899588,BHKW Grünäcker 3 SW Sindelfingen
SEE921894153743,ABR962424139622,Biomasse,IPH Strom CoFA BHKW 3,NA,1451,65929,Frankfurt am Main,Frankfurt,Brüningstraße,50,Hessen,8.521564,50.083427,2007,NA,FALSE,Biogas,KWK949769250045,IPH Strom CoFA BHKW 3
SEE990151320914,ABR995785915932,Biomasse,KWK-Anlage,Volleinspeisung,15130,85092,Eichstätt,Kösching,Einsteinstraße,9,Bayern,11.511039,48.795846,2007,NA,FALSE,Feste biogene Stoffe,KWK950996558330,KWK-Anlage
SEE980169917916,ABR948508175557,Biomasse,Biogasanlage MH Modul 2,Volleinspeisung,1200,17379,Vorpommern-Greifswald,Wilhelmsburg,Mühlenhof,NA,Mecklenburg-Vorpommern,13.833289,53.633017,2013,NA,FALSE,Biogas,NA,Biogasanlage MH Modul 2
SEE905061979817,ABR948508175557,Biomasse,Biogasanlage MH Modul 3,Volleinspeisung,1200,17379,Vorpommern-Greifswald,Wilhelmsburg,Mühlenhof,NA,Mecklenburg-Vorpommern,13.833289,53.633017,2013,NA,FALSE,Biogas,NA,Biogasanlage MH Modul 3
SEE985748161100,ABR948508175557,Biomasse,Biogasanlage MH Modul 4,Volleinspeisung,1200,17379,Vorpommern-Greifswald,Wilhelmsburg,Mühlenhof,NA,Mecklenburg-Vorpommern,13.833289,53.633017,2013,NA,FALSE,Biogas,NA,Biogasanlage MH Modul 4
SEE959302606680,ABR984454599672,Biomasse,BGA Wallhausen BHKW 1,Volleinspeisung,1316,06528,Mansfeld-Südharz,Wallhausen,Salzhügel,269,Sachsen-Anhalt,11.214814,51.464043,2007,NA,FALSE,Biogas,KWK975824817496,BGA Wallhausen BHKW 1
SEE984294633161,ABR956598197625,Biomasse,BHKW 1-3,Teileinspeisung (einschließlich Eigenverbrauch),1800,91054,Erlangen,Erlangen,Bayreuther Straße,105,Bayern,10.999104,49.616943,2016,NA,FALSE,Klärgas,KWK920989122893,BHKW 1-3
SEE933030447814,ABR925283076712,Biomasse,BGA Zittau; M1,Teileinspeisung (einschließlich Eigenverbrauch),1064,02763,Görlitz,Zittau,Gerhart-Hauptmann-Straße,17 e,Sachsen,14.815886,50.881343,2007,NA,FALSE,Biogas,KWK909252892787,BGA Zittau; M1
SEE946896464543,ABR925283076712,Biomasse,BGA Zittau; M2,Teileinspeisung (einschließlich Eigenverbrauch),1064,02763,Görlitz,Zittau,Gerhart-Hauptmann-Straße,17 e,Sachsen,14.815886,50.881343,2007,NA,FALSE,Biogas,KWK909252892787,BGA Zittau; M2
SEE942146938451,ABR922058725400,Biomasse,Jenbacher Flex BHKW,Volleinspeisung,1501,16278,Uckermark,Mark Landin,Pinnower Weg,1,Brandenburg,14.080485,53.099308,2020,NA,FALSE,Biogas,KWK981148272316,Jenbacher Flex BHKW
SEE981930155162,ABR909584072444,Biomasse,GKW BHKW1,Teileinspeisung (einschließlich Eigenverbrauch),2000,51061,Köln,Köln,Egonstr.,9,Nordrhein-Westfalen,6.985731,50.989098,2012,NA,FALSE,Klärgas,KWK975304256494,GKW BHKW1
SEE971418542089,ABR909584072444,Biomasse,GKW BHKW2,Teileinspeisung (einschließlich Eigenverbrauch),2000,51061,Köln,Köln,Egonstr.,9,Nordrhein-Westfalen,6.985731,50.989098,2011,NA,FALSE,Klärgas,KWK975304256494,GKW BHKW2
SEE917401086437,ABR909584072444,Biomasse,GKW BHKW3,Teileinspeisung (einschließlich Eigenverbrauch),2000,51061,Köln,Köln,Egonstr.,9,Nordrhein-Westfalen,6.985731,50.989098,2012,NA,FALSE,Klärgas,KWK975304256494,GKW BHKW3
SEE947020088925,ABR992825243079,Biomasse,KWK HS Timber,Volleinspeisung,5552,02923,Görlitz,Kodersdorf,Industriestraße,1,Sachsen,14.9227,51.2296,2020,NA,FALSE,Rinde und Landschaftspflegeholz,KWK994139506192,KWK HS Timber
SEE932427082324,ABR985398937902,Biomasse,Bioenergie Röhrs Flex,Volleinspeisung,1168,29640,Heidekreis,Schneverdingen,Auf dem Spann,15,Niedersachsen,9.806936,53.065643,2020,NA,FALSE,Biogas,KWK945972938749,Bioenergie Röhrs Flex
SEE951608547421,ABR924129855252,Biomasse,BHKW 6 (IV),Teileinspeisung (einschließlich Eigenverbrauch),1501,33397,Gütersloh,Rietberg,Batenhorster Straße,42,Nordrhein-Westfalen,8.354635,51.806735,2020,NA,FALSE,Biogas,KWK952903090230,BHKW 6 (IV)
SEE957381246797,ABR924129855252,Biomasse,BHKW 7 (V),Teileinspeisung (einschließlich Eigenverbrauch),1501,33397,Gütersloh,Rietberg,Batenhorster Straße,42,Nordrhein-Westfalen,8.354519,51.806707,2020,NA,FALSE,Biogas,KWK952903090230,BHKW 7 (V)
SEE951684341951,ABR924129855252,Biomasse,BHKW 2 (I),Teileinspeisung (einschließlich Eigenverbrauch),1067,33397,Gütersloh,Rietberg,Batenhorster Straße,42,Nordrhein-Westfalen,8.354326,51.806987,2006,NA,FALSE,Biogas,KWK952903090230,BHKW 2 (I)
SEE971908768968,ABR976396908070,Biomasse,BHKW 02 - Papenburg,Volleinspeisung,1191,33442,Gütersloh,Herzebrock-Clarholz,Dieselstraße,86,Nordrhein-Westfalen,8.214855,51.887152,2014,NA,FALSE,Biomethan (Bioerdgas),KWK982351022590,BHKW 02 - Papenburg
SEE957299028942,ABR932937240320,Biomasse,"BGA Oegeln, BHKW 3",Volleinspeisung,1200,15848,Oder-Spree,Beeskow,Ortsrandweg,5,Brandenburg,14.292667,52.17312,2020,NA,FALSE,Biogas,KWK995886836648,"BGA Oegeln, BHKW 3"
SEE921362200214,ABR983221533789,Biomasse,BHKW 3,Volleinspeisung,1501,48496,Steinfurt,Hopsten,Teekenstr.,4,Nordrhein-Westfalen,7.593978,52.37033,2020,NA,FALSE,Biogas,KWK936821587379,BHKW 3
SEE946702027146,ABR916364425239,Biomasse,Biomasseheizkraftwerk Kapiteltal,Teileinspeisung (einschließlich Eigenverbrauch),3100,67657,Kaiserslautern,Kaiserslautern,Kapiteltal,NA,Rheinland-Pfalz,7.818095,49.476408,2005,NA,FALSE,"Altholz, Gebrauchtholz, Holz(sperr)müll",NA,Biomasseheizkraftwerk Kapiteltal
SEE983985670508,ABR956965918440,Biomasse,HKW Neubrücke,Volleinspeisung,7500,55768,Birkenfeld,Hoppstädten-Weiersbach,Fissler Str.,5,Rheinland-Pfalz,7.17144,49.603476,2003,NA,FALSE,"Altholz, Gebrauchtholz, Holz(sperr)müll",KWK907698513402,HKW Neubrücke
SEE926296497143,ABR924969891816,Biomasse,2000kW BHKW-Kevelaer,Volleinspeisung,2000,47623,Kleve,Kevelaer,NA,NA,Nordrhein-Westfalen,6.248324,51.586436,2020,NA,FALSE,Biogas,KWK962797562553,2000kW BHKW-Kevelaer
SEE964130633838,ABR934755012578,Biomasse,Jenbacher,Volleinspeisung,1497,91601,Ansbach,Dombühl,NA,NA,Bayern,10.286891,49.247994,2020,NA,FALSE,Biogas,KWK911528120524,Jenbacher
SEE947649562172,ABR926401701271,Biomasse,Jenbacher 420,Volleinspeisung,1501,48249,Coesfeld,Dülmen,Dernekamp,30,Nordrhein-Westfalen,7.327987,51.799925,2020,NA,FALSE,Biogas,KWK967634315521,Jenbacher 420
SEE914631714826,ABR911068876646,Biomasse,Umweltdienste Kedenburg GmbH NL Heizkraftwerk Mansfelder Land,Volleinspeisung,5800,06311,Mansfeld-Südharz,Helbra,Am Ernst-Schacht,8,Sachsen-Anhalt,11.493073,51.546368,2002,NA,FALSE,"Altholz, Gebrauchtholz, Holz(sperr)müll",KWK952655134053,Umweltdienste Kedenburg GmbH NL Heizkraftwerk Mansfelder Land
SEE999001160243,ABR923068534594,Biomasse,"EZ - Wolgast, Schulstr. 3, BM-BHKW",Volleinspeisung,1189,17438,Vorpommern-Greifswald,Wolgast,Schulstraße,3,Mecklenburg-Vorpommern,13.76537,54.058738,2013,NA,FALSE,Biomethan (Bioerdgas),KWK984508191777,"EZ - Wolgast, Schulstr. 3, BM-BHKW"
SEE949722532379,ABR991967582008,Biomasse,"BGA Friedrichshof, Friedrichshof 9, BHKW Flex",Volleinspeisung,2004,17087,Mecklenburgische Seenplatte,Altentreptow,Friedrichshof,9,Mecklenburg-Vorpommern,13.204528,53.686359,2020,NA,FALSE,Biogas,KWK996229829228,"BGA Friedrichshof, Friedrichshof 9, BHKW Flex"
SEE943076246616,ABR982626982246,Biomasse,Biogas Rosenbusch,Volleinspeisung,1445,06231,Saalekreis,Bad Dürrenberg,Richard-Wagner-Straße,901 z,Sachsen-Anhalt,12.094539,51.304075,2012,NA,FALSE,Biogas,KWK901948259690,Biogas Rosenbusch
SEE960730726383,NA,Biomasse,BHKW MOB,Teileinspeisung (einschließlich Eigenverbrauch),2000,23560,Lübeck,Lübeck,Moislinger Berg,2,Schleswig-Holstein,10.64219,53.845189,2005,2019,TRUE,Biomethan (Bioerdgas),KWK981144612109,BHKW MOB
SEE981671241322,NA,Biomasse,BHKW MAR,Teileinspeisung (einschließlich Eigenverbrauch),2000,23566,Lübeck,Lübeck,Marliring,69,Schleswig-Holstein,10.721973,53.869094,2005,2019,TRUE,Biomethan (Bioerdgas),KWK907640752040,BHKW MAR
SEE931727631683,ABR988531521723,Biomasse,Werk Oranienbaum,Volleinspeisung,1900,06785,Wittenberg,Oranienbaum-Wörlitz,Einsteinstraße,17,Sachsen-Anhalt,12.357895,51.805377,2009,NA,FALSE,"Wald-Holzhackschnitzel, Wald-Scheitholz, -Kronenholz",KWK944579640963,Werk Oranienbaum
SEE912178465096,ABR988531521723,Biomasse,Werk Löbau,Volleinspeisung,1807,02708,Görlitz,Löbau,Am Flössel,7,Sachsen,14.684714,51.119597,2009,NA,FALSE,"Wald-Holzhackschnitzel, Wald-Scheitholz, -Kronenholz",KWK993364895613,Werk Löbau
SEE963815106018,ABR974140391505,Biomasse,Mercer Stendal TG 2,Teileinspeisung (einschließlich Eigenverbrauch),48000,39596,Stendal,Arneburg,Goldbecker Straße,1,Sachsen-Anhalt,12.0103,52.725965,2004,NA,FALSE,"Brennlauge, Schwarzlauge, Sulfitablauge",KWK992219692742,Mercer Stendal TG 2
SEE948644814105,ABR973947740523,Biomasse,DEL Biogas BHKW 2 MWM 2020 V20,Teileinspeisung (einschließlich Eigenverbrauch),2000,39343,Börde,Nordgermersleben,Emdener Feldweg,1,Sachsen-Anhalt,11.302955,52.218041,2021,NA,FALSE,Biomethan (Bioerdgas),NA,DEL Biogas BHKW 2 MWM 2020 V20
SEE909323889876,NA,Biomasse,Boehringer Ingelheim - 2336 - K8/T7,Teileinspeisung (einschließlich Eigenverbrauch),12672,55218,Mainz-Bingen,Ingelheim,Binger Straße,173,Rheinland-Pfalz,8.041205,49.973236,1983,2024,TRUE,"Altholz, Gebrauchtholz, Holz(sperr)müll",KWK946119848099,Boehringer Ingelheim - 2336 - K8/T7
SEE963076830264,ABR933190343483,Biomasse,BHKW_HKW-Hohenrain,Volleinspeisung,1191,71642,Ludwigsburg,Ludwigsburg,Hohenrainstraße,53,Baden-Württemberg,9.229668,48.919616,2014,NA,FALSE,Biomethan (Bioerdgas),NA,BHKW_HKW-Hohenrain
SEE992030652802,ABR933190343483,Biomasse,BHKW_HKW_PH,Volleinspeisung,1999,71634,Ludwigsburg,Ludwigsburg,Reuteallee,50,Baden-Württemberg,9.18329,48.911025,2014,NA,FALSE,Biomethan (Bioerdgas),NA,BHKW_HKW_PH
SEE924164679820,ABR978348168945,Biomasse,"99000742 BHKW Hamburg, Havighorster Weg 10",Volleinspeisung,1200,21031,Hamburg,Hamburg,Havighorster Weg,10,Hamburg,10.208893,53.514326,2014,NA,FALSE,Biomethan (Bioerdgas),KWK985886010643,"99000742 BHKW Hamburg, Havighorster Weg 10"
SEE956906670420,ABR918975416231,Biomasse,BMHKW Bergkamen,Teileinspeisung (einschließlich Eigenverbrauch),20000,59192,Unna,Bergkamen,Ernst-Schering-Straße,8,Nordrhein-Westfalen,7.628967,51.620918,2005,NA,FALSE,"Wald-Stammholz, Rundholz",KWK944019627639,BMHKW Bergkamen
SEE938639845887,ABR906732650110,Biomasse,HHKW Berlin-Neukölln,Teileinspeisung (einschließlich Eigenverbrauch),21638,12355,Berlin,Berlin,Köpenicker Straße,32,Berlin,13.516401,52.424479,2004,NA,FALSE,"Altholz, Gebrauchtholz, Holz(sperr)müll",KWK962285507431,HHKW Berlin-Neukölln
SEE902977990646,ABR928011029035,Biomasse,1041530 EEG Goldenstedt,Volleinspeisung,1900,49424,Vechta,Goldenstedt,Arkeburger Straße,31,Niedersachsen,8.392908,52.72846,2009,NA,FALSE,"Wald-Holzhackschnitzel, Wald-Scheitholz, -Kronenholz",KWK914951009473,1041530 EEG Goldenstedt
SEE985898250617,ABR921194798286,Biomasse,Biomethan BHKW 2000 kW,Volleinspeisung,2000,71282,Ludwigsburg,Hemmingen,Konrad-Haller-Straße,9,Baden-Württemberg,9.04634,48.865639,2013,NA,FALSE,Biomethan (Bioerdgas),KWK913069645078,Biomethan BHKW 2000 kW
SEE920555419037,ABR907680278241,Biomasse,Biomethan BHKW Kaiserstein,Volleinspeisung,1191,71701,Ludwigsburg,Schwieberdingen,Im Seelach,NA,Baden-Württemberg,9.087321,48.872366,2013,NA,FALSE,Biomethan (Bioerdgas),KWK910255015820,Biomethan BHKW Kaiserstein
SEE966137165473,ABR953520014838,Biomasse,Holz-Heiz-Kraftwerk Pfaffengrund,Volleinspeisung,3200,69123,Heidelberg,Heidelberg,Eppelheimer Straße,72,Baden-Württemberg,8.6481,49.406156,2013,NA,FALSE,"Wald-Holzhackschnitzel, Wald-Scheitholz, -Kronenholz",KWK961275882596,Holz-Heiz-Kraftwerk Pfaffengrund
SEE965501104513,ABR959889844710,Biomasse,1042220 EEG Lübeck,Volleinspeisung,2679,23562,Lübeck,Lübeck,Ratzeburger Allee,160/1,Schleswig-Holstein,10.700063,53.835114,2014,NA,FALSE,Biomethan (Bioerdgas),KWK923649885299,1042220 EEG Lübeck
SEE946792488896,ABR910681628243,Biomasse,1043000 EEG Bad Arolsen,Volleinspeisung,4994,34454,Waldeck-Frankenberg,Bad Arolsen,Auf dem Hagen,5,Hessen,9.008072,51.357107,2009,NA,FALSE,"Wald-Holzhackschnitzel, Wald-Scheitholz, -Kronenholz",KWK970413247333,1043000 EEG Bad Arolsen
SEE997271267877,ABR910681628243,Biomasse,1043010 EEG Langelsheim,Volleinspeisung,4994,38685,Goslar,Langelsheim,Kropskamp,12,Niedersachsen,10.336656,51.929845,2009,NA,FALSE,"Wald-Holzhackschnitzel, Wald-Scheitholz, -Kronenholz",KWK908752410736,1043010 EEG Langelsheim
SEE981195463057,ABR910681628243,Biomasse,1043020 EEG Leipzig,Volleinspeisung,4994,04158,Leipzig,Leipzig,Am Jägerhaus,8,Sachsen,12.291429,51.396528000000004,2009,NA,FALSE,"Wald-Holzhackschnitzel, Wald-Scheitholz, -Kronenholz",KWK923488975212,1043020 EEG Leipzig
SEE925648472135,ABR948881049674,Biomasse,1043030 EEG Niesky,Volleinspeisung,4994,02906,Görlitz,Niesky,Ziegelweg,13,Sachsen,14.822496,51.303565,2010,NA,FALSE,"Wald-Holzhackschnitzel, Wald-Scheitholz, -Kronenholz",KWK969929110507,1043030 EEG Niesky
SEE905192937625,ABR942057792470,Biomasse,1043040 EEG Rieste,Volleinspeisung,4994,49597,Osnabrück,Rieste,Oldenburger Straße,2,Niedersachsen,8.056893,52.485032,2010,NA,FALSE,"Wald-Holzhackschnitzel, Wald-Scheitholz, -Kronenholz",KWK914540561580,1043040 EEG Rieste
SEE908604539295,ABR910681628243,Biomasse,1043050 EEG Steinau,Volleinspeisung,4350,36396,Main-Kinzig-Kreis,Steinau,Max-Wolf-Straße,8,Hessen,9.444868,50.316712,2011,NA,FALSE,"Wald-Holzhackschnitzel, Wald-Scheitholz, -Kronenholz",KWK962836361628,1043050 EEG Steinau
SEE947415699804,ABR918505233888,Biomasse,1042410 EEG Alperstedt,Volleinspeisung,1900,99195,Sömmerda,Alperstedt,Großrudestedter Straße,7,Thüringen,11.061728,51.096792,2006,NA,FALSE,"Wald-Holzhackschnitzel, Wald-Scheitholz, -Kronenholz",KWK985871166027,1042410 EEG Alperstedt
SEE980465352619,ABR926988534927,Biomasse,1701460_EEG_Hamburg,Volleinspeisung,1200,22045,Hamburg,Hamburg,Kurt-Oldenburg-Straße,1,Hamburg,10.137599,53.581184,2013,NA,FALSE,Biomethan (Bioerdgas),KWK933485999005,1701460_EEG_Hamburg
SEE900694435051,ABR977844986282,Biomasse,6112200 EEG Wiesbaden-Dotzheim,Teileinspeisung (einschließlich Eigenverbrauch),1166,65199,Wiesbaden,Wiesbaden,Karl-Marx-Straße,51,Hessen,8.186455,50.070664,2006,NA,FALSE,Biomethan (Bioerdgas),KWK960734676431,6112200 EEG Wiesbaden-Dotzheim
SEE981915535170,ABR981699175647,Biomasse,Container Nord,Volleinspeisung,1558,97234,Würzburg,Reichenberg,Winterhauser Straße,2,Bayern,9.979602,49.699389,2020,NA,FALSE,Biogas,KWK937003416784,Container Nord
SEE919257334939,ABR981699175647,Biomasse,Container Süd,Volleinspeisung,1558,97234,Würzburg,Reichenberg,Winterhauser Straße,2,Bayern,9.979602,49.699389,2020,NA,FALSE,Biogas,KWK937003416784,Container Süd
SEE990442131250,ABR973545935260,Biomasse,Modul 1,Volleinspeisung,1131,79713,Waldshut,Bad Säckingen,NA,NA,Baden-Württemberg,7.935941,47.551909,2014,NA,FALSE,Biomethan (Bioerdgas),KWK936384233157,Modul 1
SEE939348508094,ABR973545935260,Biomasse,Modul 3,Volleinspeisung,1501,79713,Waldshut,Bad Säckingen,NA,NA,Baden-Württemberg,7.935918,47.552002,2020,NA,FALSE,Biomethan (Bioerdgas),KWK936384233157,Modul 3
SEE986715791634,ABR973545935260,Biomasse,Modul 4,Volleinspeisung,1501,79713,Waldshut,Bad Säckingen,NA,NA,Baden-Württemberg,7.935926,47.552026,2020,NA,FALSE,Biomethan (Bioerdgas),KWK936384233157,Modul 4
SEE974908953471,ABR913997305587,Biomasse,Biomassekessel 3,Volleinspeisung,1670,94474,Passau,Vilshofen,Hohentanner Straße,30,Bayern,13.114549,48.630735,2005,NA,FALSE,Rinde und Landschaftspflegeholz,KWK995697828962,Biomassekessel 3
SEE948345343607,ABR951712199189,Biomasse,Biomassekessel 4,Volleinspeisung,2600,94474,Passau,Vilshofen,Hohentanner Straße,30,Bayern,13.108934,48.633427,2012,NA,FALSE,"Altholz, Gebrauchtholz, Holz(sperr)müll",KWK962534869617,Biomassekessel 4
SEE949965900171,ABR973699028498,Biomasse,BHKW 3,Volleinspeisung,1189,29392,Gifhorn,Wesendorf,NA,NA,Niedersachsen,10.534571,52.606494,2007,NA,FALSE,Biogas,KWK995667894881,BHKW 3
SEE973646665912,ABR999889759843,Biomasse,BHKW 1,Volleinspeisung,1059,63741,Aschaffenburg,Aschaffenburg,Weichertstraße,7,Bayern,9.153506,49.988891,2005,NA,FALSE,Biogas,KWK916510384762,BHKW 1
SEE921043304088,ABR963933983836,Biomasse,Biomethan BHKW Dortmund Bodelschwingh,Volleinspeisung,1489,44357,Dortmund,Dortmund,Wenemarstraße,NA,Nordrhein-Westfalen,7.377473,51.549096,2013,NA,FALSE,Biomethan (Bioerdgas),KWK948186108649,Biomethan BHKW Dortmund Bodelschwingh
SEE918302318559,ABR956901478380,Biomasse,BHKW I HKW Fronmüllerstr.,Volleinspeisung,1999,90763,Fürth,Fürth,Fronmüllerstraße,65,Bayern,11.000072,49.458854,2006,NA,FALSE,Biomethan (Bioerdgas),KWK916767283979,BHKW I HKW Fronmüllerstr.
SEE932482220433,ABR984073081558,Biomasse,BHKW 1,Teileinspeisung (einschließlich Eigenverbrauch),1850,25491,Pinneberg,Hetlingen,Am Heuhafen,2,Schleswig-Holstein,9.62592,53.60076,2012,NA,FALSE,Klärgas,KWK934148002391,BHKW 1
SEE943132425573,ABR984073081558,Biomasse,BHKW 2,Teileinspeisung (einschließlich Eigenverbrauch),1850,25491,Pinneberg,Hetlingen,Am Heuhafen,2,Schleswig-Holstein,9.62592,53.60076,2012,NA,FALSE,Klärgas,KWK934148002391,BHKW 2
SEE970313657485,ABR984073081558,Biomasse,BHKW 3,Teileinspeisung (einschließlich Eigenverbrauch),1850,25491,Pinneberg,Hetlingen,Am Heuhafen,2,Schleswig-Holstein,9.62592,53.60076,2012,NA,FALSE,Klärgas,KWK934148002391,BHKW 3
SEE911630335144,ABR984073081558,Biomasse,BHKW 4,Teileinspeisung (einschließlich Eigenverbrauch),1850,25491,Pinneberg,Hetlingen,Am Heuhafen,2,Schleswig-Holstein,9.633588,53.607824,2012,NA,FALSE,Klärgas,KWK934148002391,BHKW 4
SEE947499366487,ABR995433082597,Biomasse,Flex BHKW Neuwetterade,Volleinspeisung,2000,24329,Plön,Dannau,Neuwetterade,3,Schleswig-Holstein,10.569609,54.242939,2020,NA,FALSE,Biogas,KWK907665735080,Flex BHKW Neuwetterade
SEE916134140720,ABR912255793326,Biomasse,Biomassekraftwerk Landesbergen,Volleinspeisung,20000,31628,Nienburg (Weser),Landesbergen,Hävern,1,Niedersachsen,9.115922,52.54612,2003,NA,FALSE,"Altholz, Gebrauchtholz, Holz(sperr)müll",NA,Biomassekraftwerk Landesbergen
SEE955234926438,ABR905920218880,Biomasse,"BM-BHKW Oberschleißheim, Am Michaelianger 2",NA,1189,85764,München,Oberschleißheim,Am Michaelianger,2,Bayern,11.549763,48.254891,2012,NA,FALSE,Biomethan (Bioerdgas),KWK995288631476,"BM-BHKW Oberschleißheim, Am Michaelianger 2"
SEE987494285147,ABR933233078730,Biomasse,HW Weiden - Ostlandstr.46,Volleinspeisung,2000,50858,Köln,Köln,Ostlandstr.,46,Nordrhein-Westfalen,6.835177,50.936093,2012,NA,FALSE,Biomethan (Bioerdgas),KWK977543027149,HW Weiden - Ostlandstr.46
SEE918582894514,ABR942903197824,Biomasse,BHKW Süd - Modul 1,Volleinspeisung,1822,18273,Rostock,Güstrow,Clara-Zetkin-Str.,17,Mecklenburg-Vorpommern,12.18338,53.777553,2013,NA,FALSE,Biomethan (Bioerdgas),KWK966706222743,BHKW Süd - Modul 1
SEE947118003595,ABR918289341960,Biomasse,Biomasse-HKW Dollbergen,Volleinspeisung,10000,31311,Region Hannover,Uetze,Mastenweg,3,Niedersachsen,10.172085,52.418192,2020,NA,FALSE,Rinde und Landschaftspflegeholz,KWK958926361685,Biomasse-HKW Dollbergen
SEE936183827175,ABR985062114349,Biomasse,6000008645 BHKW Bio LGMitte2 (MD00039),Volleinspeisung,1822,21335,Lüneburg,Lüneburg,Lindenstraße,45,Niedersachsen,10.404724,53.243648,2008,NA,FALSE,Biomethan (Bioerdgas),KWK972489362323,6000008645 BHKW Bio LGMitte2 (MD00039)
SEE903090782514,ABR970122448007,Biomasse,BHKW 4,Volleinspeisung,1400,33378,Gütersloh,Rheda-Wiedenbrück,Marienfelder Straße,2 A,Nordrhein-Westfalen,8.297873,51.870348,2002,NA,FALSE,Biogas,KWK955481833558,BHKW 4
SEE921109479248,ABR970122448007,Biomasse,BHKW 5,Volleinspeisung,1400,33378,Gütersloh,Rheda-Wiedenbrück,Marienfelder Straße,2 A,Nordrhein-Westfalen,8.297873,51.870348,2002,NA,FALSE,Biogas,KWK955481833558,BHKW 5
SEE971866463226,ABR933222098688,Biomasse,Biogasanlage BHKW 2 (2000),Teileinspeisung (einschließlich Eigenverbrauch),2000,97244,Würzburg,Bütthard,Lerchengrund,3,Bayern,9.881167,49.605009,2020,NA,FALSE,Biogas,KWK986947371840,Biogasanlage BHKW 2 (2000)
SEE973005742315,ABR993511488453,Biomasse,BHKW 3,Volleinspeisung,1202,53913,Rhein-Sieg-Kreis,Swisttal,In der Freiheit,63,Nordrhein-Westfalen,6.87537,50.640596,2020,NA,FALSE,Biogas,KWK920956266889,BHKW 3
SEE942911811224,NA,Biomasse,MHT,Volleinspeisung,1999,54290,Trier,Trier,Feldstraße,16,Rheinland-Pfalz,6.631913,49.754764,2009,2021,TRUE,Biomethan (Bioerdgas),KWK949718524142,MHT
SEE925336506920,ABR955909751808,Biomasse,KRU,Volleinspeisung,1998,54290,Trier,Trier,Krahnenufer,19,Rheinland-Pfalz,6.630265,49.757077,2009,NA,FALSE,Biomethan (Bioerdgas),KWK997450793074,KRU
SEE949938158837,ABR955909751808,Biomasse,MHF,Volleinspeisung,1999,54296,Trier,Trier,Am Mariahof,147,Rheinland-Pfalz,6.657363,49.728709,2005,NA,FALSE,Biomethan (Bioerdgas),KWK919329525784,MHF
SEE926625035404,ABR989138515733,Biomasse,Rottleberode K8,Volleinspeisung,1800,06536,Mansfeld-Südharz,Südharz,Schwendaer Straße,4,Sachsen-Anhalt,10.953894,51.511691,2008,NA,FALSE,Rinde und Landschaftspflegeholz,KWK914112890438,Rottleberode K8
SEE958311079706,ABR929963603878,Biomasse,Kohlbach Somplar,Volleinspeisung,1800,59969,Waldeck-Frankenberg,Bromskirchen,Im Inkerfeld,1,Hessen,8.665491,51.083754,2007,NA,FALSE,Rinde und Landschaftspflegeholz,KWK955167505892,Kohlbach Somplar
SEE950065229741,ABR903839492315,Biomasse,BHKW I Flex,Volleinspeisung,1999,25779,Dithmarschen,Hennstedt,Lindener Koog,19,Schleswig-Holstein,9.166715,54.268968,2020,NA,FALSE,Biomethan (Bioerdgas),KWK992075687517,BHKW I Flex
SEE944372861008,ABR903839492315,Biomasse,BHKW IV Flex,Volleinspeisung,1999,25779,Dithmarschen,Hennstedt,Lindener Koog,19,Schleswig-Holstein,9.166664,54.26896,2020,NA,FALSE,Biomethan (Bioerdgas),KWK928758185766,BHKW IV Flex
SEE907134785943,ABR903839492315,Biomasse,BHKW V Flex,Volleinspeisung,1999,25779,Dithmarschen,Hennstedt,Lindener Koog,19,Schleswig-Holstein,9.166678,54.268974,2020,NA,FALSE,Biomethan (Bioerdgas),KWK947528036978,BHKW V Flex
SEE979308620794,ABR996418828063,Biomasse,Biomasseheizkraftwerk Trendpark Süd,Volleinspeisung,1100,74172,Heilbronn,Neckarsulm,Carl-Zeiss-Straße,5,Baden-Württemberg,9.232774,49.177145,2004,NA,FALSE,"Wald-Holzhackschnitzel, Wald-Scheitholz, -Kronenholz",KWK974046740445,Biomasseheizkraftwerk Trendpark Süd
SEE964448645769,ABR905920218880,Biomasse,BMKW Delitzsch,Teileinspeisung (einschließlich Eigenverbrauch),20000,04509,Nordsachsen,Delitzsch,Carl-Friedrich-Benz-Straße,42,Sachsen,12.300039,51.507542,2004,NA,FALSE,"Altholz, Gebrauchtholz, Holz(sperr)müll",NA,BMKW Delitzsch
SEE950821721519,ABR972053554451,Biomasse,HKW - WAB,Volleinspeisung,2600,41836,Heinsberg,Hückelhoven,Sophiastraße,10,Nordrhein-Westfalen,6.214487,51.05916,2007,NA,FALSE,Feste biogene Stoffe,NA,HKW - WAB
SEE957099398672,ABR925283076712,Biomasse,BGA Jessen; M1,Volleinspeisung,1063,06917,Wittenberg,Jessen,Gewerbepark,18,Sachsen-Anhalt,12.935811,51.798341,2008,NA,FALSE,Biogas,KWK946786836085,BGA Jessen; M1
SEE969368547087,ABR925283076712,Biomasse,BGA Jessen; M2,Volleinspeisung,1415,06917,Wittenberg,Jessen,Gewerbepark,18,Sachsen-Anhalt,12.935811,51.798341,2009,NA,FALSE,Biogas,KWK946786836085,BGA Jessen; M2
SEE946760194149,ABR925283076712,Biomasse,BGA Jessen; M3,Volleinspeisung,1415,06917,Wittenberg,Jessen,Gewerbepark,18,Sachsen-Anhalt,12.935811,51.798341,2009,NA,FALSE,Biogas,KWK946786836085,BGA Jessen; M3
SEE946226596494,ABR925283076712,Biomasse,BGA Jessen; M4,Volleinspeisung,1415,06917,Wittenberg,Jessen,Gewerbepark,18,Sachsen-Anhalt,12.935811,51.798341,2010,NA,FALSE,Biogas,KWK946786836085,BGA Jessen; M4
SEE903780024849,NA,Biomasse,Bardowick BHKW ausgetauscht,Teileinspeisung (einschließlich Eigenverbrauch),1416,21357,Lüneburg,Bardowick,Adendorfer Weg,7,Niedersachsen,10.406608,53.303612,2020,2023,TRUE,Biogas,KWK991155732536,Bardowick BHKW ausgetauscht
SEE973417264580,ABR944024480793,Biomasse,BHKW,Volleinspeisung,1100,16259,Märkisch-Oderland,Bad Freienwalde,Oderberger Straße,19,Brandenburg,14.02469,52.845138,2009,NA,FALSE,"Wald-Holzhackschnitzel, Wald-Scheitholz, -Kronenholz",KWK958062083984,BHKW
SEE997129314197,ABR929463139327,Biomasse,BGA Hahn Geb 220,Volleinspeisung,1200,55483,Rhein-Hunsrück-Kreis,Hahn-Flughafen,NA,NA,Rheinland-Pfalz,7.259,49.932512,2011,NA,FALSE,Biogas,KWK948565550984,BGA Hahn Geb 220
SEE992617518552,ABR932873268174,Biomasse,Motor III,Volleinspeisung,1203,49716,Emsland,Meppen,Abbemühlen,13,Niedersachsen,7.223172,52.734323,2020,NA,FALSE,Biogas,KWK921537287378,Motor III
SEE950738934613,ABR949587776680,Biomasse,"BHKW 2, PA-Hellersberg",Teileinspeisung (einschließlich Eigenverbrauch),1497,94034,Passau,Passau,Hellersberg,10,Bayern,13.39236,48.604945,2020,NA,FALSE,Biogas,KWK913456261980,"BHKW 2, PA-Hellersberg"
SEE998469801279,NA,Biomasse,MVB Borsigstraße Holz,Teileinspeisung (einschließlich Eigenverbrauch),20000,22113,Hamburg,Hamburg,Borsigstraße,6,Hamburg,10.074323,53.533142,2005,2023,TRUE,"Altholz, Gebrauchtholz, Holz(sperr)müll",KWK957694316248,MVB Borsigstraße Holz
SEE914869842889,ABR938879346625,Biomasse,Biomasseheizkraftwerk Landshut,Volleinspeisung,6304,84036,Landshut,Landshut,Am Lurzenhof,31,Bayern,12.187272,48.558954,2000,NA,FALSE,Rinde und Landschaftspflegeholz,KWK908672875998,Biomasseheizkraftwerk Landshut
SEE998415718910,ABR989865013403,Biomasse,Bio Energie Mildenitz BHKW 2,Volleinspeisung,1560,17348,Mecklenburgische Seenplatte,Woldegk,Hauptstraße,50,Mecklenburg-Vorpommern,13.645146,53.477134,2021,NA,FALSE,Biogas,KWK953967031825,Bio Energie Mildenitz BHKW 2
SEE907519194384,ABR925045275568,Biomasse,BGA Westerfeld,Volleinspeisung,1416,31840,Hameln-Pyrmont,Hessisch Oldendorf,Westerfeld,2,Niedersachsen,9.235205,52.168256,2007,NA,FALSE,Biogas,KWK971279861411,BGA Westerfeld
SEE981351966712,ABR900878190974,Biomasse,M_02,Volleinspeisung,2004,53474,Ahrweiler,Bad Neuenahr-Ahrweiler,Dahlienweg,25,Rheinland-Pfalz,7.1239,50.5403,2012,NA,FALSE,Biomethan (Bioerdgas),KWK958443732999,M_02
SEE907276435515,ABR977766043292,Biomasse,BMKW Mannheim,Volleinspeisung,20000,68169,Mannheim,Mannheim,Otto-Hahn-Straße,1,Baden-Württemberg,8.451864,49.524198,2003,NA,FALSE,"Altholz, Gebrauchtholz, Holz(sperr)müll",NA,BMKW Mannheim
SEE955696590697,ABR977766043292,Biomasse,BMKW Königs Wusterhausen,Volleinspeisung,20600,15711,Dahme-Spreewald,Königs Wusterhausen,Am Nordhafen,12,Brandenburg,13.635982,52.304855,2003,NA,FALSE,"Altholz, Gebrauchtholz, Holz(sperr)müll",NA,BMKW Königs Wusterhausen
SEE927586968183,ABR928701142266,Biomasse,Bioenergie Bubenheim Biogas,Volleinspeisung,1050,91757,Weißenburg-Gunzenhausen,Treuchtlingen,NA,NA,Bayern,10.902344,48.994168,2005,NA,FALSE,Biogas,KWK959318820544,Bioenergie Bubenheim Biogas
SEE929116279851,ABR998012103300,Biomasse,BHKW 2 von 2,Volleinspeisung,1202,50374,Rhein-Erft-Kreis,Erftstadt,Tonstraße,1a,Nordrhein-Westfalen,6.830557,50.839503,2021,NA,FALSE,Biogas,KWK986112204157,BHKW 2 von 2
SEE998859636726,ABR998729139968,Biomasse,BHKW2,Volleinspeisung,1169,88477,Biberach,Schwendi,NA,NA,Baden-Württemberg,10.02485,48.2128,2020,NA,FALSE,Biogas,KWK928843214609,BHKW2
SEE996924752135,ABR911227556037,Biomasse,Flex-BHKW 3,Volleinspeisung,1203,27446,Rotenburg (Wümme),Selsingen,NA,NA,Niedersachsen,9.185017,53.352288,2021,NA,FALSE,Biogas,KWK958714930772,Flex-BHKW 3
SEE906333483032,ABR938227265141,Biomasse,BHKW Sprottauer Straße,Volleinspeisung,1999,32756,Lippe,Detmold,Sprottauer Straße,9,Nordrhein-Westfalen,8.852791,51.938016,2012,NA,FALSE,Biomethan (Bioerdgas),KWK999525356306,BHKW Sprottauer Straße
SEE914798124803,ABR913330800724,Biomasse,KEA-BHKW 1,Volleinspeisung,1625,04463,Leipzig,Großpösna,Am Westufer,3,Sachsen,12.423338,51.236355,2022,NA,FALSE,Biogas,KWK957795989624,KEA-BHKW 1
SEE934106315020,ABR938227265141,Biomasse,BHKW Wittekindstraße,Volleinspeisung,1999,32758,Lippe,Detmold,Wittekindstraße,16,Nordrhein-Westfalen,8.863805,51.944158,2011,NA,FALSE,Biomethan (Bioerdgas),KWK964616326889,BHKW Wittekindstraße
SEE914934898520,ABR938227265141,Biomasse,BHKW Georgstraße,Volleinspeisung,4300,32756,Lippe,Detmold,Georgstraße,10,Nordrhein-Westfalen,8.874786,51.951124,2014,NA,FALSE,Biomethan (Bioerdgas),KWK908402580888,BHKW Georgstraße
SEE918648599230,ABR956671981813,Biomasse,Zolling Biomasse-HKW,Volleinspeisung,19975,85406,Freising,Zolling,Leiningerstraße,1,Bayern,11.796122,48.455489,2003,NA,FALSE,"Altholz, Gebrauchtholz, Holz(sperr)müll",KWK909139870402,Zolling Biomasse-HKW
SEE939904853804,ABR968584471619,Biomasse,MWM,Volleinspeisung,2000,46395,Borken,Bocholt,Pannemannstraße,50,Nordrhein-Westfalen,6.575856,51.82151,2020,NA,FALSE,Biogas,KWK928700298087,MWM
SEE995399834612,ABR933342753061,Biomasse,Bodelshausen,Volleinspeisung,1700,72411,Tübingen,Bodelshausen,Dörnlestraße,3,Baden-Württemberg,8.965336,48.386697,1982,NA,FALSE,"Wald-Stammholz, Rundholz",KWK915454394660,Bodelshausen
SEE970594389198,ABR913330800724,Biomasse,KEA-BHKW 2,Volleinspeisung,1625,04463,Leipzig,Großpösna,Am Westufer,3,Sachsen,12.423338,51.23655,2022,NA,FALSE,Biogas,KWK957795989624,KEA-BHKW 2
SEE900807365213,NA,Biomasse,HKW Alfred-Leikam-Straße / CAT-BHKW 1,Volleinspeisung,2904,74523,Schwäbisch Hall,Schwäbisch Hall,Alfred-Leikam-Straße,16,Baden-Württemberg,9.785656,49.112298,1997,2020,TRUE,Biomethan (Bioerdgas),KWK960596733440,HKW Alfred-Leikam-Straße / CAT-BHKW 1
SEE994315562448,ABR973917124001,Biomasse,Biomasse HKW Moers,Volleinspeisung,2750,47445,Wesel,Moers,Eurotec-Ring,42,Nordrhein-Westfalen,6.636639,51.471866,2009,NA,FALSE,Rinde und Landschaftspflegeholz,KWK994890698587,Biomasse HKW Moers
SEE949099093695,ABR931958048250,Biomasse,BHKW FHS Moers,Volleinspeisung,1990,47443,Wesel,Moers,Franz-Haniel-Straße,41,Nordrhein-Westfalen,6.661631,51.455758,2012,NA,FALSE,Biomethan (Bioerdgas),KWK927987084758,BHKW FHS Moers
SEE922127186262,ABR915396988125,Biomasse,BHKW 3,Teileinspeisung (einschließlich Eigenverbrauch),1950,24837,Schleswig-Flensburg,Schleswig,Heinrich-Hertz-Straße,9,Schleswig-Holstein,9.583593,54.533209,2023,NA,FALSE,Biogas,KWK908975180966,BHKW 3
SEE972123440271,ABR993492808004,Biomasse,Biogasanlage Frensdorf Jenbacher,Volleinspeisung,1202,96158,Bamberg,Frensdorf,NA,NA,Bayern,10.85897,49.82317,2020,NA,FALSE,Biogas,KWK904028559765,Biogasanlage Frensdorf Jenbacher
SEE988558018985,ABR944458372947,Biomasse,KesselH,Volleinspeisung,9180,33378,Gütersloh,Rheda-Wiedenbrück,Hellweg,15,Nordrhein-Westfalen,8.309303,51.828579,2001,NA,FALSE,"Wald-Holzhackschnitzel, Wald-Scheitholz, -Kronenholz",KWK963627746433,KesselH
SEE976135568763,ABR920739825821,Biomasse,Bioenergie Leifels Flex BHKW,Volleinspeisung,1203,17098,Mecklenburgische Seenplatte,Friedland,Liepen,33,Mecklenburg-Vorpommern,13.476086,53.569247,2020,NA,FALSE,Biogas,KWK902795741451,Bioenergie Leifels Flex BHKW
SEE978014721818,ABR967349237798,Biomasse,Biomasse HKW,Volleinspeisung,3145,46145,Oberhausen,Oberhausen,Friedrichstr.,37,Nordrhein-Westfalen,6.846322,51.511719,2011,NA,FALSE,Rinde und Landschaftspflegeholz,KWK946669861852,Biomasse HKW
SEE990566788279,NA,Biomasse,HKW-Hermsdorf: BMHKW,Volleinspeisung,2300,07629,Saale-Holzland-Kreis,Hermsdorf,Keramikerstraße,3,Thüringen,11.851974,50.900597,2008,2023,TRUE,"Wald-Stammholz, Rundholz",KWK921562914577,HKW-Hermsdorf: BMHKW
SEE970551575312,ABR915096058180,Biomasse,Biomasseheizkraftwerk Unterbernbach,Volleinspeisung,9760,86556,Aichach-Friedberg,Kühbach,Mühlenstraße,7,Bayern,11.171101,48.52469,2007,NA,FALSE,Feste biogene Stoffe,KWK940764948012,Biomasseheizkraftwerk Unterbernbach
SEE951282702260,ABR924979280266,Biomasse,Biomasseheizkraftwerk Uelzen,Volleinspeisung,7352,29525,Uelzen,Uelzen,Bremer Straße,5,Niedersachsen,10.56386,53.000261,2008,NA,FALSE,Feste biogene Stoffe,KWK965002436496,Biomasseheizkraftwerk Uelzen
SEE903339640964,ABR925283076712,Biomasse,"BGA Kodersdorf, BHKW flex",Volleinspeisung,1200,02923,Görlitz,Kodersdorf,Am Sandberg,2,Sachsen,14.916993,51.259332,2021,NA,FALSE,Biogas,NA,"BGA Kodersdorf, BHKW flex"
SEE998572923332,ABR965654609774,Biomasse,BHKW 1203,Volleinspeisung,1203,49586,Osnabrück,Merzen,Haferkamp,13,Niedersachsen,7.809526,52.463574,2020,NA,FALSE,Biogas,KWK902871192214,BHKW 1203
SEE921830733190,ABR987228640990,Biomasse,BMHKW Malchin DT,Volleinspeisung,10626,17139,Mecklenburgische Seenplatte,Malchin,Mühlentorsiedlung,7,Mecklenburg-Vorpommern,12.78257,53.74153,2003,NA,FALSE,"Altholz, Gebrauchtholz, Holz(sperr)müll",KWK903790736954,BMHKW Malchin DT
SEE923912864792,ABR924280150876,Biomasse,Siedlerstr. 11 - EA-10725,Teileinspeisung (einschließlich Eigenverbrauch),1064,49835,Grafschaft Bentheim,Wietmarschen,Siedlerstraße,11,Niedersachsen,7.160241,52.563564,2007,NA,FALSE,Biogas,KWK977933127480,Siedlerstr. 11 - EA-10725
SEE939894266998,ABR924280150876,Biomasse,Siedlerstr. 11 - EA-1201979,Teileinspeisung (einschließlich Eigenverbrauch),1064,49835,Grafschaft Bentheim,Wietmarschen,Siedlerstraße,11,Niedersachsen,7.160242,52.563545,2007,NA,FALSE,Biogas,KWK977933127480,Siedlerstr. 11 - EA-1201979
SEE953842723838,ABR924280150876,Biomasse,Siedlerstr. 11 - EA-1201980,Teileinspeisung (einschließlich Eigenverbrauch),1064,49835,Grafschaft Bentheim,Wietmarschen,Siedlerstraße,11,Niedersachsen,7.160259,52.563542,2007,NA,FALSE,Biogas,KWK977933127480,Siedlerstr. 11 - EA-1201980
SEE900952886915,ABR957612647386,Biomasse,Pohnsdorf BHKW 2,Volleinspeisung,1560,24211,Plön,Pohnsdorf,Kronsredder,1,Schleswig-Holstein,10.264608,54.246544,2020,NA,FALSE,Biogas,KWK920424885772,Pohnsdorf BHKW 2
SEE902845481696,ABR935101923869,Biomasse,BmHKW groß,Volleinspeisung,7500,17235,Mecklenburgische Seenplatte,Neustrelitz,Am Heizkraftwerk,21,Mecklenburg-Vorpommern,13.088325,53.361206,2005,NA,FALSE,"Wald-Holzhackschnitzel, Wald-Scheitholz, -Kronenholz",NA,BmHKW groß
SEE920668035247,ABR991982851172,Biomasse,Ölper Bio BHKW (P6 und P7),Volleinspeisung,1996,38114,Braunschweig,Braunschweig,Bockshornweg,30,Niedersachsen,10.484066,52.287746,2007,NA,FALSE,Biogas,KWK918480728676,Ölper Bio BHKW (P6 und P7)
SEE954175155358,ABR985332072119,Biomasse,Marthahof Straße 416,Volleinspeisung,1203,53881,Euskirchen,Euskirchen,Monikastraße,110,Nordrhein-Westfalen,6.907144,50.625885,2019,NA,FALSE,Biogas,KWK992723696847,Marthahof Straße 416
SEE902902544166,ABR927364600908,Biomasse,Biomasseheizkraftwerk Lauterbach,Volleinspeisung,9880,36341,Vogelsbergkreis,Lauterbach,Am Hällstein,1,Hessen,9.35286,50.662975,2009,NA,FALSE,Feste biogene Stoffe,KWK977605599850,Biomasseheizkraftwerk Lauterbach
SEE977531536110,ABR985332072119,Biomasse,Marthahof 416 Hofseite,Volleinspeisung,1203,53881,Euskirchen,Euskirchen,Monikastraße,110,Nordrhein-Westfalen,6.907076,50.625888,2019,NA,FALSE,Biogas,KWK992723696847,Marthahof 416 Hofseite
SEE924509872176,ABR968159731575,Biomasse,BGA Meusdorf BHKW 2,Volleinspeisung,1202,04654,Leipzig,Frohburg,Meusdorf,998,Sachsen,12.624286,50.98706,2021,NA,FALSE,Biogas,KWK965537978973,BGA Meusdorf BHKW 2
SEE933132882780,ABR940108811262,Biomasse,"BGA Roßleben, BHKW 1",Teileinspeisung (einschließlich Eigenverbrauch),1100,06571,Kyffhäuserkreis,Roßleben-Wiehe,Gewerbering,6,Thüringen,11.446081,51.299635,2007,NA,FALSE,Biogas,KWK962784341048,"BGA Roßleben, BHKW 1"
SEE909136383660,ABR925427341607,Biomasse,"BGA Lüchow 1, BHKW 1",Volleinspeisung,1022,29439,Lüchow-Dannenberg,Lüchow,Albrecht-Thaer-Straße,6,Niedersachsen,11.16334,52.981867,2002,NA,FALSE,Biogas,KWK998791121106,"BGA Lüchow 1, BHKW 1"
SEE908834173825,ABR904774810417,Biomasse,BHKW KLA Bottrop (Klärgas),Teileinspeisung (einschließlich Eigenverbrauch),1170,46238,Bottrop,Bottrop,In der Welheimer Mark,158,Nordrhein-Westfalen,6.982734,51.517629,2016,NA,FALSE,Klärgas,KWK970908259759,BHKW KLA Bottrop (Klärgas)
SEE971356185294,ABR989147724485,Biomasse,Heizkraftwerk Holzwerke Gmach,Volleinspeisung,1670,93483,Cham,Pösing,Mühlbachstraße,1,Bayern,12.557307,49.228289,2005,NA,FALSE,"Wald-Holzhackschnitzel, Wald-Scheitholz, -Kronenholz",KWK917939126360,Heizkraftwerk Holzwerke Gmach
SEE905731198661,ABR959029440000,Biomasse,"Duotherm-Anlage, Biomasse",Volleinspeisung,5000,27570,Bremerhaven,Bremerhaven,Zur Hexenbrücke,16,Bremen,8.61712,53.54852,2002,NA,FALSE,Feste biogene Stoffe und Abfälle (ohne Holz),NA,"Duotherm-Anlage, Biomasse"
SEE993063850913,ABR981438761810,Biomasse,GA Süd Motor 10,Volleinspeisung,1690,06258,Saalekreis,Schkopau,NA,NA,Sachsen-Anhalt,12.071906,51.417116,2005,NA,FALSE,Deponiegas,NA,GA Süd Motor 10
SEE905021325609,ABR987681084560,Biomasse,Jenbacher 420,Teileinspeisung (einschließlich Eigenverbrauch),1558,74193,Heilbronn,Schwaigern,NA,NA,Baden-Württemberg,9.081869,49.135386,2020,NA,FALSE,Biogas,KWK952834963115,Jenbacher 420
SEE919541641439,ABR924491430743,Biomasse,BHKW,Volleinspeisung,1803,79108,Freiburg im Breisgau,Freiburg,Tullastraße,68 b,Baden-Württemberg,7.845701,48.025688,2000,NA,FALSE,Biogas,NA,BHKW
SEE919158317499,ABR913814301204,Biomasse,BHKW 3,Volleinspeisung,1501,48346,Warendorf,Ostbevern,Lehmbrock,21,Nordrhein-Westfalen,7.819151,52.038603,2020,NA,FALSE,Biogas,KWK977120230498,BHKW 3
SEE927843936191,ABR994818390821,Biomasse,Erdgasentspannungsturbine + BHKW Ransbach Baumbach,Teileinspeisung (einschließlich Eigenverbrauch),1206,56235,Westerwaldkreis,Ransbach-Baumbach,Eisensteinstraße,NA,Rheinland-Pfalz,7.750026,50.473826,2013,NA,FALSE,Biogas,KWK999129305182,Erdgasentspannungsturbine + BHKW Ransbach Baumbach
SEE987477635198,ABR906549006544,Biomasse,420 er Unten an BGA 1,Volleinspeisung,1563,59609,Soest,Anröchte,NA,NA,Nordrhein-Westfalen,8.240979,51.519233,2020,NA,FALSE,Biogas,KWK952143934134,420 er Unten an BGA 1
SEE951412377504,ABR920444498082,Biomasse,BHKW 6,Volleinspeisung,1500,19258,Ludwigslust-Parchim,Boizenburg,NA,NA,Mecklenburg-Vorpommern,10.741882,53.377063,2020,NA,FALSE,Biogas,KWK941240389299,BHKW 6
SEE926496085973,ABR920444498082,Biomasse,BHKW 4,Volleinspeisung,1560,19258,Ludwigslust-Parchim,Boizenburg,Dr.-Alexander-Str.,74,Mecklenburg-Vorpommern,10.729022,53.387009,2021,NA,FALSE,Biogas,KWK916114143581,BHKW 4
SEE966068456466,ABR948078136033,Biomasse,BHKW II,Volleinspeisung,2000,15518,Oder-Spree,Steinhöfel,Buchholzer Dorfstraße,23,Brandenburg,14.111146,52.427656,2021,NA,FALSE,Biogas,KWK965892659784,BHKW II
SEE922625948119,ABR910166956793,Biomasse,Biogas Maihingen BHKW 3,Volleinspeisung,1501,86747,Donau-Ries,Maihingen,Energieweg,5,Bayern,10.519353,48.919902,2020,NA,FALSE,Biogas,NA,Biogas Maihingen BHKW 3
SEE999084038804,ABR962275797118,Biomasse,Biomasseanlage Essenheim,Volleinspeisung,1200,55270,Mainz-Bingen,Essenheim,Am Kleinbirkenfeld,1,Rheinland-Pfalz,8.146104,49.955691,2012,NA,FALSE,Biogas,KWK974762499733,Biomasseanlage Essenheim
SEE942118506596,ABR991967582008,Biomasse,"BGA Klostermansfeld, Volkstedter Weg 4, 06308 Klostermansfeld, BHKW 2 (Flex)",Volleinspeisung,2004,06308,Mansfeld-Südharz,Klostermansfeld,NA,NA,Sachsen-Anhalt,11.497709,51.579523,2020,NA,FALSE,Biogas,KWK970587204194,"BGA Klostermansfeld, Volkstedter Weg 4, 06308 Klostermansfeld, BHKW 2 (Flex)"
SEE955867260602,ABR991982851172,Biomasse,Ölper Biomethan BHKW (CAT),Volleinspeisung,1990,38114,Braunschweig,Braunschweig,Bockshornweg,30,Niedersachsen,10.4838,52.2879,2004,NA,FALSE,Biomethan (Bioerdgas),KWK997393547147,Ölper Biomethan BHKW (CAT)
SEE907541917340,ABR980593308380,Biomasse,BHKW2000,Teileinspeisung (einschließlich Eigenverbrauch),1998,39517,Stendal,Tangerhütte,Tangermünder Straße,59F,Sachsen-Anhalt,11.755689,52.51016,2022,NA,FALSE,Biogas,KWK994917364105,BHKW2000
SEE981572709884,ABR910166956793,Biomasse,Energiezentrum-Ries 2,Volleinspeisung,1067,86747,Donau-Ries,Maihingen,Energieweg,NA,Bayern,10.519363,48.919979,2014,NA,FALSE,Biogas,KWK961817064749,Energiezentrum-Ries 2
SEE944041809621,ABR975035362440,Biomasse,BHKW Halle,Volleinspeisung,1863,19374,Ludwigslust-Parchim,Domsühl,Raduhner Str.,1,Mecklenburg-Vorpommern,11.731348,53.487782,2006,NA,FALSE,Biogas,KWK985451982115,BHKW Halle
SEE948772028054,ABR991191327086,Biomasse,BHKW 4,Volleinspeisung,1169,49219,Osnabrück,Glandorf,Höfeweg,1,Niedersachsen,7.996704,52.077013,2020,NA,FALSE,Biogas,KWK930195936443,BHKW 4
SEE977259713152,ABR956652366929,Biomasse,Entwässerungsbetrieb BHKW,Teileinspeisung (einschließlich Eigenverbrauch),1911,99090,Erfurt,Erfurt,Zum Riedfeld,28,Thüringen,10.984015,51.040839,2013,NA,FALSE,Klärgas,KWK926017713095,Entwässerungsbetrieb BHKW
SEE980004472600,ABR931786615600,Biomasse,KWK Neumarkt,Volleinspeisung,16675,92318,Neumarkt i.d. OPf.,Neumarkt,Dreichlingerstraße,76,Bayern,11.451419,49.261473,2001,NA,FALSE,"Altholz, Gebrauchtholz, Holz(sperr)müll",KWK905380360785,KWK Neumarkt
SEE976945777003,ABR928844178122,Biomasse,KWK Baruth,Volleinspeisung,10205,15837,Teltow-Fläming,Baruth,An der Birkenpfuhlheide,4,Brandenburg,13.516199,52.0719,2002,NA,FALSE,"Altholz, Gebrauchtholz, Holz(sperr)müll",KWK910024287465,KWK Baruth
SEE999630346957,ABR928844178122,Biomasse,KWK Baruth,Volleinspeisung,8360,15837,Teltow-Fläming,Baruth,An der Birkenpfuhlheide,4,Brandenburg,13.516083,52.073598,2002,NA,FALSE,"Altholz, Gebrauchtholz, Holz(sperr)müll",KWK910024287465,KWK Baruth
SEE923008175078,ABR967122372302,Biomasse,E12974010000000000000032964300001,Teileinspeisung (einschließlich Eigenverbrauch),1021,89561,Heidenheim,Dischingen,Oberer Weiler,19,Baden-Württemberg,10.394379,48.723017,2001,NA,FALSE,"Wald-Holzhackschnitzel, Wald-Scheitholz, -Kronenholz",KWK914718016829,E12974010000000000000032964300001
SEE985745389354,ABR939618659471,Biomasse,Motor 2,Volleinspeisung,1067,16928,Prignitz,Groß Pankow,Wunderknabenweg,1,Brandenburg,12.189527,53.043859,2022,NA,FALSE,Biogas,KWK942158464580,Motor 2
SEE978939940417,ABR999443135175,Biomasse,BE 0211 SAT-BHKW 2,Volleinspeisung,1260,21244,Harburg,Buchholz,Ritscherstraße,4,Niedersachsen,9.822637,53.325466,2021,NA,FALSE,Biogas,NA,BE 0211 SAT-BHKW 2
SEE977611994410,ABR961790229500,Biomasse,901 KW Jenb.,Volleinspeisung,1014.4,38551,Gifhorn,Ribbesbüttel,NA,NA,Niedersachsen,10.5082,52.43217,2010,NA,FALSE,Biogas,KWK986774405077,901 KW Jenb.
SEE926196852141,ABR987681084560,Biomasse,Jenbacher 416,Teileinspeisung (einschließlich Eigenverbrauch),1248,74193,Heilbronn,Schwaigern,NA,NA,Baden-Württemberg,9.08178,49.13536,2020,NA,FALSE,Biogas,KWK952834963115,Jenbacher 416
SEE988200309768,ABR967026081775,Biomasse,BHKW 2,Volleinspeisung,2300,24894,Schleswig-Flensburg,Twedt,NA,NA,Schleswig-Holstein,9.655411,54.606322,2020,NA,FALSE,Biogas,KWK934772778624,BHKW 2
SEE966962122245,ABR918639827540,Biomasse,EEG Westbad Messerschmittstr.,Volleinspeisung,1548,93049,Regensburg,Regensburg,Messerschmittstraße,4,Bayern,12.055201,49.024122,2008,NA,FALSE,Biomethan (Bioerdgas),KWK969296899746,EEG Westbad Messerschmittstr.
SEE928966552503,ABR921108047943,Biomasse,Heizkraftwerk,Volleinspeisung,1400,78098,Schwarzwald-Baar-Kreis,Triberg,Steinbis,1,Baden-Württemberg,8.238406,48.161398,2015,NA,FALSE,Rinde und Landschaftspflegeholz,KWK965611268006,Heizkraftwerk
SEE964471393231,ABR911754242014,Biomasse,BHKW Modul 2 Buch,Volleinspeisung,1067,74321,Ludwigsburg,Bietigheim-Bissingen,Berliner Straße,8,Baden-Württemberg,9.144205,48.941969,2012,NA,FALSE,Biomethan (Bioerdgas),KWK907680592743,BHKW Modul 2 Buch
SEE958008405061,ABR904774810417,Biomasse,BHKW KLA Bottrop (Klärgas),Teileinspeisung (einschließlich Eigenverbrauch),1170,46238,Bottrop,Bottrop,In der Welheimer Mark,158,Nordrhein-Westfalen,6.982734,51.517629,2016,NA,FALSE,Klärgas,KWK970908259759,BHKW KLA Bottrop (Klärgas)
SEE904803008655,ABR904774810417,Biomasse,BHKW KLA Bottrop (Klärgas),Teileinspeisung (einschließlich Eigenverbrauch),1170,46238,Bottrop,Bottrop,In der Welheimer Mark,158,Nordrhein-Westfalen,6.982734,51.517629,2016,NA,FALSE,Klärgas,KWK970908259759,BHKW KLA Bottrop (Klärgas)
SEE928262059652,NA,Biomasse,Block 1,Volleinspeisung,1800,91634,Ansbach,Wilburgstetten,Industriestraße,1,Bayern,10.378383,49.032929,1992,2020,TRUE,"Altholz, Gebrauchtholz, Holz(sperr)müll",KWK996506190447,Block 1
SEE947714682422,ABR932075866536,Biomasse,Block 2,Volleinspeisung,3500,91634,Ansbach,Wilburgstetten,Industriestraße,1,Bayern,10.38169,49.033524,1997,NA,FALSE,"Altholz, Gebrauchtholz, Holz(sperr)müll",KWK913456153957,Block 2
SEE985016452213,ABR959740546623,Biomasse,BGA Malkwitz 1067 KW,Teileinspeisung (einschließlich Eigenverbrauch),1067,04779,Nordsachsen,Wermsdorf,Feldstraße,3,Sachsen,12.992085,51.335658,2021,NA,FALSE,Biogas,KWK942494945910,BGA Malkwitz 1067 KW
SEE908940173795,ABR939989105492,Biomasse,MWM 2020,Volleinspeisung,2000,46395,Borken,Bocholt,Milchstraße,11,Nordrhein-Westfalen,6.550958,51.825538,2020,NA,FALSE,Biogas,KWK996118116699,MWM 2020
SEE973647221858,ABR999780788287,Biomasse,Block 1,Volleinspeisung,4900,66877,Kaiserslautern,Ramstein-Miesenbach,Industriestraße,1,Rheinland-Pfalz,7.522238,49.434853,2009,NA,FALSE,Rinde und Landschaftspflegeholz,KWK901692280490,Block 1
SEE951990574296,ABR984164194013,Biomasse,BHKW 1,Volleinspeisung,1500,93473,Cham,Arnschwang,Gewerbegebiet,8,Bayern,12.8,49.273,2016,NA,FALSE,Biogas,KWK953054519564,BHKW 1
SEE979996012895,ABR991982851172,Biomasse,Hungerkamp Biomethan BHKW,Volleinspeisung,1191,38104,Braunschweig,Braunschweig,Hungerkamp,1 B,Niedersachsen,10.5665,52.2855,2013,NA,FALSE,Biomethan (Bioerdgas),KWK928827597810,Hungerkamp Biomethan BHKW
SEE901176667656,ABR984164194013,Biomasse,BHKW 3,Volleinspeisung,1500,93473,Cham,Arnschwang,Gewerbegebiet,8,Bayern,12.800432,49.272874,2016,NA,FALSE,Biogas,KWK953054519564,BHKW 3
SEE973279238699,ABR947227410345,Biomasse,Turbine 5,Volleinspeisung,16750,31061,Hildesheim,Alfeld,Mühlenmasch,1,Niedersachsen,9.82186,51.983469,2003,NA,FALSE,"Brennlauge, Schwarzlauge, Sulfitablauge",KWK939539192019,Turbine 5
SEE964667705107,ABR982184456555,Biomasse,BHKW Viersen 1200kW,Volleinspeisung,1248,41751,Viersen,Viersen,Rheindahlener Straße,321,Nordrhein-Westfalen,6.342747,51.232221,2020,NA,FALSE,Biomethan (Bioerdgas),NA,BHKW Viersen 1200kW
SEE978381866198,ABR924381567610,Biomasse,Deponie Schöneiche BHKW 5,Teileinspeisung (einschließlich Eigenverbrauch),1255,15806,Teltow-Fläming,Zossen,Am Galluner Kanal,0,Brandenburg,13.549223,52.236014,1997,NA,FALSE,Deponiegas,NA,Deponie Schöneiche BHKW 5
SEE933893170119,ABR958824566496,Biomasse,Bioanlage Bioenergie Aschaffenburg,Volleinspeisung,1363,63741,Aschaffenburg,Aschaffenburg,Industriestraße,6,Bayern,9.110943,49.969542,2010,NA,FALSE,"Wald-Holzhackschnitzel, Wald-Scheitholz, -Kronenholz",KWK955116551802,Bioanlage Bioenergie Aschaffenburg
SEE992511942873,ABR904774810417,Biomasse,BHKW KLA Emschermündung,Teileinspeisung (einschließlich Eigenverbrauch),1255,46147,Duisburg,Oberhausen,Sassenstr.,999,Nordrhein-Westfalen,6.783965,51.544249,2000,2025,TRUE,Klärgas,KWK941355066887,BHKW KLA Emschermündung
SEE919667624941,ABR904774810417,Biomasse,BHKW KLA Emschermündung,Teileinspeisung (einschließlich Eigenverbrauch),1255,46147,Duisburg,Oberhausen,Sassenstr.,999,Nordrhein-Westfalen,6.783965,51.544249,2000,2025,TRUE,Klärgas,KWK941355066887,BHKW KLA Emschermündung
SEE957314265864,ABR904774810417,Biomasse,BHKW KLA Emschermündung,Teileinspeisung (einschließlich Eigenverbrauch),1255,46147,Duisburg,Oberhausen,Sassenstr.,999,Nordrhein-Westfalen,6.783965,51.544249,2000,2025,TRUE,Klärgas,KWK941355066887,BHKW KLA Emschermündung
SEE944201997021,ABR904774810417,Biomasse,BHKW KLA Emschermündung,Teileinspeisung (einschließlich Eigenverbrauch),1255,46147,Duisburg,Oberhausen,Sassenstr.,999,Nordrhein-Westfalen,6.783965,51.544249,2000,2025,TRUE,Klärgas,KWK941355066887,BHKW KLA Emschermündung
SEE947237264259,ABR904774810417,Biomasse,BHKW KLA Emschermündung,Teileinspeisung (einschließlich Eigenverbrauch),1255,46147,Duisburg,Oberhausen,Sassenstr.,999,Nordrhein-Westfalen,6.783965,51.544249,2000,2025,TRUE,Klärgas,KWK941355066887,BHKW KLA Emschermündung
SEE935686780697,ABR927929060291,Biomasse,Biogasanlage BHKW 1,Volleinspeisung,1050,21614,Stade,Buxtehude,Soltauer Chaussee,90,Niedersachsen,9.743115,53.437943,2011,NA,FALSE,Biogas,KWK977601162591,Biogasanlage BHKW 1
SEE947540189959,NA,Biomasse,Block 1,Volleinspeisung,1550,07927,Saale-Orla-Kreis,Hirschberg,Ullersreuth,61,Thüringen,11.82581,50.42957,1994,2020,TRUE,"Altholz, Gebrauchtholz, Holz(sperr)müll",KWK966567229042,Block 1
SEE917065673929,ABR957893156485,Biomasse,Beuerfeld 5 Jenbach 416,Volleinspeisung,1202,96484,Coburg,Meeder,NA,NA,Bayern,10.96043,50.306383,2020,NA,FALSE,Biogas,KWK926655506219,Beuerfeld 5 Jenbach 416
SEE962717353759,ABR933018872461,Biomasse,Holz Schmidt GmbH,Volleinspeisung,1200,35091,Marburg-Biedenkopf,Cölbe,Zum Flugplatz,8,Hessen,8.816057,50.880677,2008,NA,FALSE,Feste biogene Stoffe,KWK975239107120,Holz Schmidt GmbH
SEE984189242669,ABR924182691583,Biomasse,Biomasse-Anlage 408522932,Volleinspeisung,1800,72186,Freudenstadt,Empfingen,Max-Eyth-Strasse,3,Baden-Württemberg,8.727951,48.394726,2012,NA,FALSE,Rinde und Landschaftspflegeholz,KWK901591218068,Biomasse-Anlage 408522932
SEE980085406983,ABR967085125366,Biomasse,Biomasse HKW Dinslaken,Volleinspeisung,2496,46537,Wesel,Dinslaken,Gerhard-Malina-Straße,19,Nordrhein-Westfalen,6.742885,51.566903,2007,NA,FALSE,Rinde und Landschaftspflegeholz,KWK993793679327,Biomasse HKW Dinslaken
SEE939620659636,ABR925283076712,Biomasse,BGA Grasleben; BHKW 4,Teileinspeisung (einschließlich Eigenverbrauch),1203,38368,Helmstedt,Grasleben,NA,NA,Niedersachsen,11.019838,52.300669,2016,NA,FALSE,Biogas,KWK996927396299,BGA Grasleben; BHKW 4
SEE931496749596,ABR948645411051,Biomasse,SAT BHKW FLEX,Volleinspeisung,1950,27383,Rotenburg (Wümme),Scheeßel,NA,NA,Niedersachsen,9.47065,53.172578,2020,NA,FALSE,Biogas,KWK916153779758,SAT BHKW FLEX
SEE953467839334,ABR932434151709,Biomasse,EBI V BHKW 1,Volleinspeisung,1021,01968,Oberspreewald-Lausitz,Senftenberg,Grubenstraße,15,Brandenburg,13.970506,51.512287,2006,NA,FALSE,Biogas,KWK993156669934,EBI V BHKW 1
SEE984505519543,ABR987228640990,Biomasse,Meuselwitz BHKW,Volleinspeisung,1999,04610,Altenburger Land,Meuselwitz,Zeitzer Straße,45 a,Thüringen,12.292994,51.046242,2013,NA,FALSE,Biomethan (Bioerdgas),KWK970577729386,Meuselwitz BHKW
SEE971921424070,NA,Biomasse,BHK Kraftwerk 934341918741,Teileinspeisung (einschließlich Eigenverbrauch),1250,33142,Paderborn,Büren,Heidfeld,5,Nordrhein-Westfalen,8.532263,51.558571,2001,2025,TRUE,"Holzspäne, Sägemehl",NA,BHK Kraftwerk 934341918741
SEE985326408528,ABR969624383503,Biomasse,Block 2,Volleinspeisung,3840,07927,Saale-Orla-Kreis,Hirschberg,Ullersreuth,61,Thüringen,11.82581,50.42957,2000,NA,FALSE,"Altholz, Gebrauchtholz, Holz(sperr)müll",KWK950030082128,Block 2
SEE945645136175,ABR917875408834,Biomasse,BHKW 1 Anlage,Volleinspeisung,1065,49835,Grafschaft Bentheim,Wietmarschen,Hermannstraße,4,Niedersachsen,7.11128,52.52447,2007,NA,FALSE,Biogas,KWK989292864272,BHKW 1 Anlage
SEE992950552268,ABR935769063112,Biomasse,BGA Randkanal-Nord BHKW 1,Volleinspeisung,1200,50769,Köln,Köln,Straberger Weg,150,Nordrhein-Westfalen,6.829363,51.056964,2011,NA,FALSE,Biogas,KWK947787169530,BGA Randkanal-Nord BHKW 1
SEE960823433662,ABR935769063112,Biomasse,BGA Randkanal-Nord BHKW 2,Volleinspeisung,1200,50769,Köln,Köln,Straberger Weg,150,Nordrhein-Westfalen,6.829099,51.056788,2017,NA,FALSE,Biogas,KWK947787169530,BGA Randkanal-Nord BHKW 2
SEE901614658635,ABR988130018327,Biomasse,ORC Anlage BPE,Teileinspeisung (einschließlich Eigenverbrauch),1940,87674,Ostallgäu,Ruderatshofen,Am Baggersee,2,Bayern,10.597304,47.799436,2008,NA,FALSE,"Wald-Holzhackschnitzel, Wald-Scheitholz, -Kronenholz",KWK980412245810,ORC Anlage BPE
SEE913789407291,ABR927552149219,Biomasse,Biogasgemeinschaft FuS  BHKW 1501,Volleinspeisung,1501,91747,Weißenburg-Gunzenhausen,Westheim,Ostheimer Hauptstraße,32,Bayern,10.692351,49.026749,2021,NA,FALSE,Biogas,NA,Biogasgemeinschaft FuS  BHKW 1501
SEE935324040947,ABR982501955181,Biomasse,BHKW-1,Teileinspeisung (einschließlich Eigenverbrauch),1560,78224,Konstanz,Singen,Otto-Hahn-Straße,1,Baden-Württemberg,8.890374,47.755221,2018,NA,FALSE,Biogas,NA,BHKW-1
SEE952794027650,ABR996401106758,Biomasse,BMHKW Piesteritz,Volleinspeisung,20000,06886,Wittenberg,Lutherstadt Wittenberg,Dessauer Straße,124,Sachsen-Anhalt,12.569724,51.870948,2008,NA,FALSE,"Wald-Holzhackschnitzel, Wald-Scheitholz, -Kronenholz",KWK946040592054,BMHKW Piesteritz
SEE966944885007,ABR992063585658,Biomasse,BGA_Marl_I,Teileinspeisung (einschließlich Eigenverbrauch),1560,45768,Recklinghausen,Marl,Rennbachstraße,101,Nordrhein-Westfalen,7.05802,51.645106,2011,NA,FALSE,Biogas,KWK955420002960,BGA_Marl_I
SEE902037730502,ABR992063585658,Biomasse,BGA_Marl_II,Teileinspeisung (einschließlich Eigenverbrauch),1560,45768,Recklinghausen,Marl,Rennbachstraße,101,Nordrhein-Westfalen,7.058102,51.645042,2011,NA,FALSE,Biogas,KWK955420002960,BGA_Marl_II
SEE989521841449,ABR946446968408,Biomasse,HKW Wallenroder Straße Dampfturbine,Teileinspeisung (einschließlich Eigenverbrauch),7400,13435,Berlin,Berlin,Wallenroder Straße,2,Berlin,13.338957,52.60251,2014,NA,FALSE,"Wald-Holzhackschnitzel, Wald-Scheitholz, -Kronenholz",KWK978090152711,HKW Wallenroder Straße Dampfturbine
SEE957917253336,ABR982501955181,Biomasse,BHKW-2,Teileinspeisung (einschließlich Eigenverbrauch),1560,78224,Konstanz,Singen,Otto-Hahn-Straße,1,Baden-Württemberg,8.890374,47.755221,2018,NA,FALSE,Biogas,NA,BHKW-2
SEE975193994835,ABR992063585658,Biomasse,BGA_Kogel_I,Teileinspeisung (einschließlich Eigenverbrauch),1200,19246,Ludwigslust-Parchim,Kogel,Dorfstr.,40,Mecklenburg-Vorpommern,10.937168,53.500239,2010,NA,FALSE,Biogas,KWK925392498108,BGA_Kogel_I
SEE935942836755,ABR992063585658,Biomasse,BGA_Kogel_II,Teileinspeisung (einschließlich Eigenverbrauch),1200,19246,Ludwigslust-Parchim,Kogel,Dorfstr.,40,Mecklenburg-Vorpommern,10.939602,53.501659,2010,NA,FALSE,Biogas,KWK925392498108,BGA_Kogel_II
SEE944172882906,ABR999275057935,Biomasse,Biogas BHKW Südzucker Rain,Volleinspeisung,1364,86641,Donau-Ries,Rain,Donauwörther Straße,50,Bayern,10.907875,48.697821,2006,NA,FALSE,Biogas,KWK979331798354,Biogas BHKW Südzucker Rain
SEE912192352013,ABR961624426198,Biomasse,Raiffeisen-Bio-Energie-Lohne GmbH ＆ Co KG,Volleinspeisung,1514,49835,Grafschaft Bentheim,Wietmarschen,Am Geestkamp,13,Niedersachsen,7.251157,52.481276,2005,NA,FALSE,Biogas,NA,Raiffeisen-Bio-Energie-Lohne GmbH ＆ Co KG
SEE997211310724,ABR909202679116,Biomasse,Biogas1,Teileinspeisung (einschließlich Eigenverbrauch),1345,21037,Hamburg,Hamburg,Vorderdeich,7,Hamburg,10.171224,53.466291,2011,NA,FALSE,Biogas,KWK971160036492,Biogas1
SEE997674952868,ABR997975732930,Biomasse,BIOHKW HMS Hagenow,Volleinspeisung,1802,19230,Ludwigslust-Parchim,Hagenow,Werkstr.,3,Mecklenburg-Vorpommern,11.182874,53.423426,2007,NA,FALSE,"Wald-Holzhackschnitzel, Wald-Scheitholz, -Kronenholz",KWK991784671930,BIOHKW HMS Hagenow
SEE990369527808,ABR990929512848,Biomasse,Jenbacher 416,Teileinspeisung (einschließlich Eigenverbrauch),1189,49593,Osnabrück,Bersenbrück,An der Bleiche,NA,Niedersachsen,7.951326,52.554405,2015,NA,FALSE,Biogas,KWK960381149838,Jenbacher 416
SEE913660612035,ABR976074741043,Biomasse,SEE-Turbine,Volleinspeisung,7750,23970,Nordwestmecklenburg,Wismar,Am Haffeld,1,Mecklenburg-Vorpommern,11.457427,53.911827,2006,NA,FALSE,"Altholz, Gebrauchtholz, Holz(sperr)müll",KWK949472987368,SEE-Turbine
SEE987062333584,ABR927486953548,Biomasse,Biogasanlage Motor 3,Volleinspeisung,1203,27798,Oldenburg,Hude,Hauptstraße,2,Niedersachsen,8.334591,53.126682,2017,NA,FALSE,Biogas,KWK980919364236,Biogasanlage Motor 3
SEE904023072344,ABR936981250717,Biomasse,Generator 1,Volleinspeisung,3840,74405,Schwäbisch Hall,Gaildorf,Schönberger Straße,29,Baden-Württemberg,9.78715,48.978004,2000,NA,FALSE,"Altholz, Gebrauchtholz, Holz(sperr)müll",NA,Generator 1
SEE912910754532,ABR993110259232,Biomasse,Meerhof 2008 416 links,Volleinspeisung,1203,53881,Euskirchen,Euskirchen,Monikastraße,101,Nordrhein-Westfalen,6.886566,50.629349,2019,NA,FALSE,Biogas,KWK930696119192,Meerhof 2008 416 links
SEE926639127904,ABR993110259232,Biomasse,Meerhof 2010 416 rechts,Volleinspeisung,1203,53881,Euskirchen,Euskirchen,Monikastraße,101,Nordrhein-Westfalen,6.886481,50.629369,2019,NA,FALSE,Biogas,KWK992485478200,Meerhof 2010 416 rechts
SEE968326786704,ABR904478519821,Biomasse,BHKW Flex BGA,Volleinspeisung,1001,59199,Unna,Bönen,Auf dem Hachenei,2 a,Nordrhein-Westfalen,7.777249,51.564582,2020,NA,FALSE,Biogas,KWK974262675057,BHKW Flex BGA
SEE996434514087,ABR911678284190,Biomasse,BKS Biokraftwerk Schkölen - Holz,Volleinspeisung,6300,07619,Saale-Holzland-Kreis,Schkölen,Zschorgulaer Straße,24,Thüringen,11.83983,51.041113,2006,NA,FALSE,"Wald-Holzhackschnitzel, Wald-Scheitholz, -Kronenholz",KWK923276228025,BKS Biokraftwerk Schkölen - Holz
SEE962743279054,ABR998130810920,Biomasse,Wicker Gasmotor 8 Biogas,Teileinspeisung (einschließlich Eigenverbrauch),2190,65439,Main-Taunus-Kreis,Flörsheim,Rhein-Main-Deponiepark,1,Hessen,8.376621,50.023406,2014,NA,FALSE,Biogas,KWK907044594437,Wicker Gasmotor 8 Biogas
SEE967492610394,ABR998130810920,Biomasse,Wicker Gasmotor 8 Deponiegas,Teileinspeisung (einschließlich Eigenverbrauch),2190,65439,Main-Taunus-Kreis,Flörsheim,Rhein-Main-Deponiepark,1,Hessen,8.376571,50.023384,2014,NA,FALSE,Deponiegas,KWK907044594437,Wicker Gasmotor 8 Deponiegas
SEE988142392392,ABR990499612924,Biomasse,BHKW 2 (Flex),Volleinspeisung,1140,06721,Burgenlandkreis,Osterfeld,NA,NA,Sachsen-Anhalt,11.927939,51.040212,2021,NA,FALSE,Biogas,KWK997930851713,BHKW 2 (Flex)
SEE979265871833,ABR929439759573,Biomasse,Elbtaler Agrar Krenzlin eG BHKW 2,Volleinspeisung,2300,19288,Ludwigslust-Parchim,Alt Krenzlin,Waldstr.,10,Mecklenburg-Vorpommern,11.300665,53.306468,2020,NA,FALSE,Biogas,KWK933209766104,Elbtaler Agrar Krenzlin eG BHKW 2
SEE932344136339,ABR967680059776,Biomasse,BHKW,Volleinspeisung,1400,17268,Uckermark,Milmersdorf,Siedlung Schönberg,1A,Brandenburg,13.615822,53.09527,2008,NA,FALSE,Rinde und Landschaftspflegeholz,KWK985015755049,BHKW
SEE968205544753,ABR948508175557,Biomasse,Biogasanlage FH Modul 1,Volleinspeisung,1365,17379,Vorpommern-Greifswald,Wilhelmsburg,Friedrichshagener Landstr.,1,Mecklenburg-Vorpommern,13.886428,53.641956,2005,NA,FALSE,Biogas,KWK937460468234,Biogasanlage FH Modul 1
SEE991821144694,ABR948508175557,Biomasse,Biogasanlage FH Modul 2,Volleinspeisung,1365,17379,Vorpommern-Greifswald,Wilhelmsburg,Friedrichshagener Landstr.,1,Mecklenburg-Vorpommern,13.886428,53.641956,2005,NA,FALSE,Biogas,KWK937460468234,Biogasanlage FH Modul 2
SEE930170837611,ABR920980790077,Biomasse,Flex BHKW Biogas GmbH,Volleinspeisung,1501,17337,Uckermark,Uckerland,Kutzerow,62 a,Brandenburg,13.7686,53.413378,2020,NA,FALSE,Biogas,KWK949162700673,Flex BHKW Biogas GmbH
SEE987140732445,ABR940565486447,Biomasse,Flex,Volleinspeisung,1203,49733,Emsland,Haren,Wermesweg,2,Niedersachsen,7.228696,52.811823,2021,NA,FALSE,Biogas,KWK945328491874,Flex
SEE935599810221,ABR938031975601,Biomasse,Flex BHKW Kraatz,Volleinspeisung,1501,17291,Uckermark,Nordwestuckermark,Birkenweg,12,Brandenburg,13.670029,53.390388,2022,NA,FALSE,Biogas,KWK974864709051,Flex BHKW Kraatz
SEE934574816722,ABR993086785032,Biomasse,BHKW 3,Volleinspeisung,1203,97440,Schweinfurt,Werneck,von-Münster-Straße,2,Bayern,10.046599,50.020366,2018,NA,FALSE,Biogas,KWK906498192084,BHKW 3
SEE914980694473,ABR968814595573,Biomasse,Biomasse-HKW Hennigsdorf,Volleinspeisung,2500,16761,Oberhavel,Hennigsdorf,Horst-Müller-Straße,17,Brandenburg,13.214664,52.62841,2009,NA,FALSE,"Wald-Holzhackschnitzel, Wald-Scheitholz, -Kronenholz",KWK917378620450,Biomasse-HKW Hennigsdorf
SEE945279065209,ABR968814595573,Biomasse,Bioerdgas-BHKW HW Eschenallee,Volleinspeisung,1200,16761,Oberhavel,Hennigsdorf,Buchenhain,3,Brandenburg,13.203631,52.617455,2011,NA,FALSE,Biomethan (Bioerdgas),KWK923303416920,Bioerdgas-BHKW HW Eschenallee
SEE920631016884,ABR967066797612,Biomasse,Kloster Steinfeld 416,Volleinspeisung,1203,53925,Euskirchen,Kall,Klostergut,1,Nordrhein-Westfalen,6.558589,50.499814,2020,NA,FALSE,Biogas,KWK940354906866,Kloster Steinfeld 416
SEE915538779765,ABR985062114349,Biomasse,6000021441_SAW EEG Modul 1 N951_(MD00029),Volleinspeisung,1189,29410,Altmarkkreis Salzwedel,Salzwedel,Karl-Marx-Straße,2 - 6,Sachsen-Anhalt,11.153736,52.858774,2012,NA,FALSE,Biomethan (Bioerdgas),KWK906693850178,6000021441_SAW EEG Modul 1 N951_(MD00029)
SEE904279211115,ABR985062114349,Biomasse,6000020079_SAW EEG Modul 1 R571_(MD00030),Volleinspeisung,1189,21337,Lüneburg,Lüneburg,Theodor-Heuss-Straße,10,Niedersachsen,10.43406,53.23774,2013,NA,FALSE,Biomethan (Bioerdgas),KWK947211700179,6000020079_SAW EEG Modul 1 R571_(MD00030)
SEE973965768523,ABR943180263714,Biomasse,Barenfeld,Volleinspeisung,1500,49586,Osnabrück,Neuenkirchen,NA,NA,Niedersachsen,7.847423,52.375167,2023,NA,FALSE,Biogas,NA,Barenfeld
SEE997670119555,ABR910804146975,Biomasse,GE JMS420,Volleinspeisung,1501,88477,Biberach,Schwendi,Schleifweg,3,Baden-Württemberg,9.961869,48.215988,2011,NA,FALSE,Biogas,KWK935734513505,GE JMS420
SEE948491466021,ABR955513270115,Biomasse,Bl1,Volleinspeisung,1762,77839,Rastatt,Lichtenau,Benshurstsiedlung,1,Baden-Württemberg,8.03053,48.69999,2007,NA,FALSE,Biogas,KWK942980515573,Bl1
SEE904771605146,ABR912255793326,Biomasse,Biomassekraftwerk Emden,Volleinspeisung,20000,26725,Emden,Emden,Zum Kraftwerk,1,Niedersachsen,7.210616,53.340748,2004,NA,FALSE,"Altholz, Gebrauchtholz, Holz(sperr)müll",KWK965764126741,Biomassekraftwerk Emden
SEE938349787705,ABR919384234843,Biomasse,DT2,Teileinspeisung (einschließlich Eigenverbrauch),12500,59929,Hochsauerlandkreis,Brilon,Im Kissen,19,Nordrhein-Westfalen,8.597764,51.406887,2019,NA,FALSE,"Altholz, Gebrauchtholz, Holz(sperr)müll",KWK974776309622,DT2
SEE942752513288,ABR919384234843,Biomasse,DT1,Teileinspeisung (einschließlich Eigenverbrauch),10000,59929,Hochsauerlandkreis,Brilon,Im Kissen,19,Nordrhein-Westfalen,8.597764,51.406887,2016,NA,FALSE,"Altholz, Gebrauchtholz, Holz(sperr)müll",KWK974776309622,DT1
SEE937109745542,ABR932676955271,Biomasse,J320,Teileinspeisung (einschließlich Eigenverbrauch),1048,16833,Ostprignitz-Ruppin,Fehrbellin,Betziner Weg,18,Brandenburg,12.767513,52.78432,2005,NA,FALSE,Biogas,KWK938156387365,J320
SEE989870709889,ABR948415910210,Biomasse,BHKW Prignitzer Str.  U 5,Volleinspeisung,2000,16227,Barnim,Eberswalde,Prignitzer Straße,NA,Brandenburg,13.763623,52.834877,2013,NA,FALSE,Biomethan (Bioerdgas),KWK913531990798,BHKW Prignitzer Str.  U 5
SEE943468356381,ABR975035362440,Biomasse,BHKW Halle3,Volleinspeisung,1203,19374,Ludwigslust-Parchim,Domsühl,Raduhner Str.,1,Mecklenburg-Vorpommern,11.731348,53.487782,2006,NA,FALSE,Biogas,KWK985451982115,BHKW Halle3
SEE901895667678,ABR976799985173,Biomasse,MBA Südniedersachsen,Teileinspeisung (einschließlich Eigenverbrauch),1300,37133,Göttingen,Friedland,Auf dem Mittelberge,1,Niedersachsen,9.86383,51.433745,2008,NA,FALSE,Biogas,NA,MBA Südniedersachsen
SEE963218583409,ABR960038969826,Biomasse,BHKW RB Karmann 2011,Volleinspeisung,1067,48432,Steinfurt,Rheine,Karmannstr.,1,Nordrhein-Westfalen,7.447694,52.308578,2011,NA,FALSE,Biogas,KWK925383224990,BHKW RB Karmann 2011
SEE984260201394,ABR950713641123,Biomasse,HW2012-1200,Volleinspeisung,1200,91074,Erlangen-Höchstadt,Herzogenaurach,Zum Flughafen,103,Bayern,10.902482,49.579515,2012,NA,FALSE,Biomethan (Bioerdgas),KWK979477229156,HW2012-1200
SEE971244426065,ABR920316084252,Biomasse,Turbine 1,Teileinspeisung (einschließlich Eigenverbrauch),39470,33609,Bielefeld,Bielefeld,Schelpmilser Weg,30,Nordrhein-Westfalen,8.606335,52.042576,2008,NA,FALSE,Feste biogene Stoffe und Abfälle (ohne Holz),KWK937747375224,Turbine 1
SEE912885152661,ABR956261246353,Biomasse,BGA1-BHKW1,Volleinspeisung,1416,19273,Lüneburg,Kaarßen,Laaver Str.,2,Niedersachsen,11.047891,53.205128,2005,NA,FALSE,Biogas,KWK905659099668,BGA1-BHKW1
SEE955380864332,ABR922384414191,Biomasse,Biogasanlage Schkopau BHKW 3,Teileinspeisung (einschließlich Eigenverbrauch),1400,06258,Saalekreis,Schkopau,Berliner Straße,100,Sachsen-Anhalt,12.038979,51.418602,2010,NA,FALSE,Biogas,KWK905721194178,Biogasanlage Schkopau BHKW 3
SEE944134692208,ABR920316084252,Biomasse,Turbine 2,Teileinspeisung (einschließlich Eigenverbrauch),5600,33609,Bielefeld,Bielefeld,NA,NA,Nordrhein-Westfalen,NA,NA,2001,NA,FALSE,Feste biogene Stoffe und Abfälle (ohne Holz),KWK937747375224,Turbine 2
SEE981751032420,ABR921116953205,Biomasse,VERA Gasturbine,Teileinspeisung (einschließlich Eigenverbrauch),4900,20457,Hamburg,Hamburg,Köhlbranddeich,1,Hamburg,9.942507,53.535253,2000,NA,FALSE,Klärgas,KWK944427058377,VERA Gasturbine
SEE924602311411,ABR937875031863,Biomasse,SWD KWF T1,Volleinspeisung,55000,40233,Düsseldorf,Düsseldorf,Behrenstraße,85,Nordrhein-Westfalen,6.815135,51.225419,2000,NA,FALSE,Feste biogene Stoffe und Abfälle (ohne Holz),KWK928975320667,SWD KWF T1
SEE941305896496,NA,Biomasse,Turbine 7,Volleinspeisung,18000,31789,Hameln-Pyrmont,Hameln,Heinrich-Schoormann-Weg,1,Niedersachsen,9.385329,52.097869,2002,2023,TRUE,"Altholz, Gebrauchtholz, Holz(sperr)müll",NA,Turbine 7
SEE991273019847,ABR921335622821,Biomasse,BEBC,Teileinspeisung (einschließlich Eigenverbrauch),7467,25541,Dithmarschen,Brunsbüttel,Ostermoorweg,9,Schleswig-Holstein,9.181974,53.908951,2008,NA,FALSE,Rinde und Landschaftspflegeholz,KWK916356700795,BEBC
SEE910525724193,ABR920238778451,Biomasse,KWK-Ess104-13,Volleinspeisung,1286,70734,Rems-Murr-Kreis,Fellbach,Esslinger Straße,104,Baden-Württemberg,9.267945,48.808096,2013,NA,FALSE,Biomethan (Bioerdgas),KWK999660018107,KWK-Ess104-13
SEE962845122456,NA,Biomasse,SWD KWF T4,Volleinspeisung,50000,40233,Düsseldorf,Düsseldorf,Behrenstraße,85,Nordrhein-Westfalen,6.815135,51.225419,1955,2025,TRUE,Feste biogene Stoffe und Abfälle (ohne Holz),NA,SWD KWF T4
SEE990046744122,ABR914669735084,Biomasse,Biogasanlage Beuchte,Volleinspeisung,1200,38315,Wolfenbüttel,Schladen,Marktteichweg,NA,Niedersachsen,10.522642,51.988068,2014,NA,FALSE,Biogas,KWK968441372998,Biogasanlage Beuchte
SEE910349906287,ABR933145866425,Biomasse,Detmolder Str. Staatsbad I,Volleinspeisung,1063,32545,Minden-Lübbecke,Bad Oeynhausen,Detmolder Straße,13,Nordrhein-Westfalen,8.798157,52.197451,2009,NA,FALSE,Biomethan (Bioerdgas),KWK901147854320,Detmolder Str. Staatsbad I
SEE973457390164,ABR914255480282,Biomasse,BHKW 2 Bioabfall- Vergärungsanlage,Teileinspeisung (einschließlich Eigenverbrauch),1165,74906,Heilbronn,Bad Rappenau,Heinsheimer Höfe,1,Baden-Württemberg,9.132714,49.262762,2018,NA,FALSE,Biogas,KWK966041421979,BHKW 2 Bioabfall- Vergärungsanlage
SEE925882995308,ABR997513882738,Biomasse,HBE 1,Teileinspeisung (einschließlich Eigenverbrauch),1064,26169,Cloppenburg,Friesoythe,Heinfelder Straße,20,Niedersachsen,7.903464,53.113832,2006,NA,FALSE,Biogas,KWK977091704035,HBE 1
SEE979133176213,ABR997513882738,Biomasse,HBE 2,Teileinspeisung (einschließlich Eigenverbrauch),1131,26169,Cloppenburg,Friesoythe,Heinfelder Straße,20,Niedersachsen,7.903544,53.113792,2010,NA,FALSE,Biogas,KWK977091704035,HBE 2
SEE958191313266,ABR952013077268,Biomasse,PBM BHKW 2,Volleinspeisung,1576,48268,Steinfurt,Greven,Joseph-Monier-Str.,8,Nordrhein-Westfalen,7.553993,52.146405,2013,NA,FALSE,Flüssige biogene Stoffe und Abfälle,KWK915506037965,PBM BHKW 2
SEE945405671991,ABR952013077268,Biomasse,PBM BHKW 1,Volleinspeisung,1576,48268,Steinfurt,Greven,Joseph-Monier-Str.,8,Nordrhein-Westfalen,7.553993,52.146405,2012,NA,FALSE,Flüssige biogene Stoffe und Abfälle,KWK974228168135,PBM BHKW 1
SEE975956691698,ABR991018359306,Biomasse,ORC,Volleinspeisung,1250,83471,Berchtesgadener Land,Schönau,Oberschönauer Straße,96,Bayern,12.992759,47.622247,2010,NA,FALSE,Rinde und Landschaftspflegeholz,KWK925778690331,ORC
SEE983743753153,ABR991203468189,Biomasse,Bio-Energie Schwaben BHKW2,Teileinspeisung (einschließlich Eigenverbrauch),1501,87746,Unterallgäu,Erkheim,Eidlerholzstraße,101 a,Bayern,10.328947,48.023591,2020,NA,FALSE,Biogas,KWK929678685503,Bio-Energie Schwaben BHKW2
SEE957354467501,ABR924599591346,Biomasse,Wiesenau I Flex BHKW,Volleinspeisung,1501,15295,Oder-Spree,Wiesenau,Hauptstraße,1 e,Brandenburg,14.584032,52.239504,2021,NA,FALSE,Biogas,KWK941201093654,Wiesenau I Flex BHKW
SEE962801865427,ABR924599591346,Biomasse,Wiesenau II Flex BHKW 1,Volleinspeisung,1501,15295,Oder-Spree,Wiesenau,Hauptstraße,1 e,Brandenburg,14.581563,52.239272,2021,NA,FALSE,Biogas,KWK999556216716,Wiesenau II Flex BHKW 1
SEE959368891839,ABR975936093894,Biomasse,BHKW II,Teileinspeisung (einschließlich Eigenverbrauch),1101,99869,Gotha,Drei Gleichen,Nottleber Straße,3,Thüringen,10.838753,50.941916,2014,NA,FALSE,Biogas,KWK997501724545,BHKW II
SEE904919172677,ABR924599591346,Biomasse,Wiesenau II Flex BHKW 2,Volleinspeisung,1501,15295,Oder-Spree,Wiesenau,Hauptstraße,1 e,Brandenburg,14.581584,52.239293,2021,NA,FALSE,Biogas,KWK999556216716,Wiesenau II Flex BHKW 2
SEE944584722999,ABR924599591346,Biomasse,Wiesenau III Flex BHKW,Volleinspeisung,1203,15295,Oder-Spree,Wiesenau,NA,NA,Brandenburg,14.603867,52.223017,2021,NA,FALSE,Biogas,KWK965479905921,Wiesenau III Flex BHKW
SEE979740889773,ABR925045275568,Biomasse,EEG BGA KI 1,Volleinspeisung,1065,32278,Herford,Kirchlengern,Am Straßenverkehrsamt,20,Nordrhein-Westfalen,8.650379,52.19218,2008,NA,FALSE,Biogas,KWK901583254197,EEG BGA KI 1
SEE998748780103,ABR975936093894,Biomasse,BHKW III,Teileinspeisung (einschließlich Eigenverbrauch),1935,99869,Gotha,Drei Gleichen,Nottleber Straße,3,Thüringen,10.838534,50.941625,2018,NA,FALSE,Biogas,KWK997501724545,BHKW III
SEE971011514230,ABR960038969826,Biomasse,BHKW RB Karmann 2006,Volleinspeisung,1416,48432,Steinfurt,Rheine,Karmannstr.,1,Nordrhein-Westfalen,7.447694,52.308578,2006,NA,FALSE,Biogas,KWK951960013534,BHKW RB Karmann 2006
SEE986751507428,ABR956261246353,Biomasse,BGA1-BHKW2,Volleinspeisung,1416,19273,Lüneburg,Kaarßen,Laaver Str.,2,Niedersachsen,11.047691,53.204594,2005,NA,FALSE,Biogas,KWK905659099668,BGA1-BHKW2
SEE920086128415,ABR962629895088,Biomasse,Ahe 1,Teileinspeisung (einschließlich Eigenverbrauch),1560,27616,Cuxhaven,Beverstedt,Aher Weg,48,Niedersachsen,8.879778,53.404294,2012,NA,FALSE,Biogas,KWK989621385393,Ahe 1
SEE902360125822,ABR960285127710,Biomasse,GenSet1000,Volleinspeisung,1043,49163,Osnabrück,Bohmte,Auf dem Kerlfelde,1,Niedersachsen,8.255325,52.420018,2017,NA,FALSE,Biogas,KWK983337593172,GenSet1000
SEE906311141381,ABR962629895088,Biomasse,Ahe 2,Teileinspeisung (einschließlich Eigenverbrauch),1560,27616,Cuxhaven,Beverstedt,Aher Weg,48,Niedersachsen,8.879778,53.404294,2012,NA,FALSE,Biogas,KWK989621385393,Ahe 2
SEE900450538446,NA,Biomasse,Heizkraftwerk Mittelfeld T2,Volleinspeisung,5500,34127,Kassel,Kassel,NA,NA,Hessen,9.475475,51.337541,1998,2022,TRUE,"Altholz, Gebrauchtholz, Holz(sperr)müll",KWK953530468096,Heizkraftwerk Mittelfeld T2
SEE947269957617,ABR962629895088,Biomasse,Ahe 4,Teileinspeisung (einschließlich Eigenverbrauch),2435,27616,Cuxhaven,Beverstedt,Aher Weg,48,Niedersachsen,8.879778,53.404294,2017,NA,FALSE,Biogas,KWK989621385393,Ahe 4
SEE984716470435,ABR921116953205,Biomasse,VERA Gasmotor,Teileinspeisung (einschließlich Eigenverbrauch),2000,20457,Hamburg,Hamburg,Köhlbranddeich,1,Hamburg,9.941606,53.536938,2004,NA,FALSE,Klärgas,KWK944427058377,VERA Gasmotor
SEE976472772120,NA,Biomasse,BHKW Jungfernwiese - Biomethan,Volleinspeisung,4300,17489,Vorpommern-Greifswald,Greifswald,An der Jungfernwiese,8,Mecklenburg-Vorpommern,13.398303,54.070337,2013,2023,TRUE,Biomethan (Bioerdgas),KWK945448180566,BHKW Jungfernwiese - Biomethan
SEE939419709559,ABR937019579442,Biomasse,Bioenergie Neuhof GmbH ＆ Co. KG Biogasanlage Motor 11,Volleinspeisung,1249,19246,Ludwigslust-Parchim,Zarrentin,Neuhofer Hauptstr.,53,Mecklenburg-Vorpommern,10.995431,53.57271,2009,NA,FALSE,Biogas,KWK903624291819,Bioenergie Neuhof GmbH ＆ Co. KG Biogasanlage Motor 11
SEE947909408479,NA,Biomasse,HBN-Biomethangas BHKW,Volleinspeisung,1189,98646,Hildburghausen,Hildburghausen,Forstweg,NA,Thüringen,10.734268,50.431769,2012,2023,TRUE,Biomethan (Bioerdgas),KWK920900116147,HBN-Biomethangas BHKW
SEE946450396877,NA,Biomasse,HBN-Pflanzenöl-BHKW,Volleinspeisung,2037,98646,Hildburghausen,Hildburghausen,Forstweg,NA,Thüringen,10.734293,50.431794,2007,2023,TRUE,Palmöl u.a. Pflanzenöle,KWK911675330074,HBN-Pflanzenöl-BHKW
SEE900777659299,ABR914165517832,Biomasse,BHKW 2 - 1063 kW JMS 320 GS,Volleinspeisung,1063,49324,Osnabrück,Melle,Allendorfer Straße,22,Niedersachsen,8.298175,52.202276,2008,NA,FALSE,Biogas,KWK973912925412,BHKW 2 - 1063 kW JMS 320 GS
SEE937570866968,ABR924123368376,Biomasse,KLT Lunegas BHKW 3,Volleinspeisung,1067,27616,Cuxhaven,Beverstedt,NA,NA,Niedersachsen,8.791392,53.448293,2007,NA,FALSE,Biogas,KWK938164271212,KLT Lunegas BHKW 3
SEE945386307773,ABR945961063902,Biomasse,Naturstrom Burfeind Biogasanlage BHKW 11,Volleinspeisung,1067,27446,Rotenburg (Wümme),Deinstedt,Malstedter Straße,18,Niedersachsen,9.244922,53.409313,2006,NA,FALSE,Biogas,KWK921654865251,Naturstrom Burfeind Biogasanlage BHKW 11
SEE998485413371,ABR945961063902,Biomasse,Naturstrom Burfeind Dorfstr. BHKW 21,Volleinspeisung,1067,27446,Rotenburg (Wümme),Deinstedt,Dorfstraße,2,Niedersachsen,9.225754,53.408871,2006,NA,FALSE,Biogas,KWK929349324113,Naturstrom Burfeind Dorfstr. BHKW 21
SEE976325553869,ABR956205387616,Biomasse,DTS 1,Teileinspeisung (einschließlich Eigenverbrauch),28500,68305,Mannheim,Mannheim,Sandhofer Straße,176,Baden-Württemberg,8.464503,49.535937,1966,NA,FALSE,"Brennlauge, Schwarzlauge, Sulfitablauge",KWK900692271637,DTS 1
SEE957754677845,ABR909095733292,Biomasse,Naturenergie Cham GmbH,Volleinspeisung,2800,93413,Cham,Cham,St.-Gunther-Straße,2,Bayern,12.680714,49.229224,2012,NA,FALSE,"Wald-Holzhackschnitzel, Wald-Scheitholz, -Kronenholz",NA,Naturenergie Cham GmbH
SEE977161872435,ABR948415910210,Biomasse,BHKW Dobelmann,Volleinspeisung,1165,26871,Emsland,Papenburg,Gutshofstraße,214,Niedersachsen,7.403781,53.047518,2012,NA,FALSE,Biomethan (Bioerdgas),KWK970888361541,BHKW Dobelmann
SEE924756001060,ABR946983035717,Biomasse,BioHKW I,Volleinspeisung,9600,89077,Ulm,Ulm,Magirusstraße,21,Baden-Württemberg,9.964751,48.396868,2004,NA,FALSE,"Altholz, Gebrauchtholz, Holz(sperr)müll",KWK993887857686,BioHKW I
SEE904924198341,ABR946983035717,Biomasse,BioHKW II,Volleinspeisung,5000,89077,Ulm,Ulm,Magirusstraße,21,Baden-Württemberg,9.9648,48.396928,2012,NA,FALSE,"Altholz, Gebrauchtholz, Holz(sperr)müll",KWK991467726742,BioHKW II
SEE956363810339,ABR946099308378,Biomasse,K. u. L. Biogas GmbH ＆ Co. KG,Teileinspeisung (einschließlich Eigenverbrauch),1203,49453,Diepholz,Barver,In der Finkenstädt,26,Niedersachsen,8.595512,52.594486,2020,NA,FALSE,Biogas,KWK932861346297,K. u. L. Biogas GmbH ＆ Co. KG
SEE958889020421,ABR931722225191,Biomasse,BGA Hof I,Volleinspeisung,1116,95030,Hof,Hof,Dr.-Vießmann-Straße,2,Bayern,11.912493,50.347683,2009,NA,FALSE,Biogas,KWK965221608995,BGA Hof I
SEE991302127741,ABR931722225191,Biomasse,BGA Hof II,Volleinspeisung,1200,95030,Hof,Hof,Dr.-Vießmann-Straße,2,Bayern,11.912493,50.347683,2010,NA,FALSE,Biogas,KWK965893755348,BGA Hof II
SEE948037262995,ABR996664619262,Biomasse,Burfeindt-Tomforde Biogasanlage BHKW 12,Volleinspeisung,1067,27446,Rotenburg (Wümme),Anderlingen,Krähenholzer Straße,20,Niedersachsen,9.291937,53.393536,2007,NA,FALSE,Biogas,KWK947849130973,Burfeindt-Tomforde Biogasanlage BHKW 12
SEE958529561604,ABR996664619262,Biomasse,Burfeindt-Tomforde Energie Ohrel BHKW 22,Volleinspeisung,1067,27446,Rotenburg (Wümme),Anderlingen,Dorfstraße,8,Niedersachsen,9.292855,53.400679,2007,NA,FALSE,Biogas,KWK932803017650,Burfeindt-Tomforde Energie Ohrel BHKW 22
SEE935713097675,ABR931722225191,Biomasse,BGA Hof III,Volleinspeisung,1050,95030,Hof,Hof,Dr.-Vießmann-Straße,2,Bayern,11.912493,50.347683,2011,NA,FALSE,Biogas,KWK959514551976,BGA Hof III
SEE967805691980,ABR939695143146,Biomasse,BHKW Nbg 1062,Volleinspeisung,1062,86720,Donau-Ries,Nördlingen,Nürnberger Straße,64,Bayern,10.511064,48.863721,2014,NA,FALSE,Biogas,KWK947323740858,BHKW Nbg 1062
SEE966266736919,ABR917908581282,Biomasse,Lahr Mauerweg 7 BHKW 3 (Hanibal),Volleinspeisung,1999,77933,Ortenaukreis,Lahr,Mauerweg,7,Baden-Württemberg,7.846348,48.336794,2014,NA,FALSE,Biomethan (Bioerdgas),KWK935526005997,Lahr Mauerweg 7 BHKW 3 (Hanibal)
SEE932713248328,ABR942530405743,Biomasse,BMKW Wicker,Teileinspeisung (einschließlich Eigenverbrauch),15000,65439,Main-Taunus-Kreis,Flörsheim,Rhein-Main-Deponiepark,5,Hessen,8.378924,50.022537,2003,NA,FALSE,"Altholz, Gebrauchtholz, Holz(sperr)müll",NA,BMKW Wicker
SEE949640403720,ABR944385375875,Biomasse,Biogasanlage OS Modul 1,Volleinspeisung,1200,04924,Elbe-Elster,Oschätzchen,Dorfstraße,902,Brandenburg,13.38706,51.484429,2013,NA,FALSE,Biogas,NA,Biogasanlage OS Modul 1
SEE926517828183,ABR944385375875,Biomasse,Biogasanlage OS Modul 2,Volleinspeisung,1200,04924,Elbe-Elster,Oschätzchen,Dorfstraße,902,Brandenburg,13.38706,51.484429,2013,NA,FALSE,Biogas,NA,Biogasanlage OS Modul 2
SEE974792273563,NA,Biomasse,BHKW Debyestraße,Volleinspeisung,1200,52078,Städteregion Aachen,Aachen,Debyestraße,172,Nordrhein-Westfalen,6.165273,50.764622,2007,2023,TRUE,Biomethan (Bioerdgas),NA,BHKW Debyestraße
SEE997414111913,ABR940468144352,Biomasse,BHKW-WoDo,Volleinspeisung,1067,29303,Celle,Bergen,NA,NA,Niedersachsen,10.005954,52.815822,2014,NA,FALSE,Biogas,KWK904628083899,BHKW-WoDo
SEE966427001931,ABR948415910210,Biomasse,BHKW Mathias Schulz Modul 1,Volleinspeisung,1131,26871,Emsland,Papenburg,Lerchenweg,10,Niedersachsen,7.420239,53.052322,2012,NA,FALSE,Biomethan (Bioerdgas),KWK947058466184,BHKW Mathias Schulz Modul 1
SEE968450252977,ABR939695143146,Biomasse,BHKW Nbg 1048,Volleinspeisung,1048,86720,Donau-Ries,Nördlingen,Nürnberger Straße,64,Bayern,10.511064,48.863721,2005,NA,FALSE,Biogas,KWK947323740858,BHKW Nbg 1048
SEE954720314223,ABR947926389294,Biomasse,BHKW Rose-Klinik,Volleinspeisung,1021,32805,Lippe,Horn-Bad Meinberg,Hermannsweg,NA,Nordrhein-Westfalen,8.9847,51.893428,2007,NA,FALSE,Biogas,NA,BHKW Rose-Klinik
SEE980536690251,ABR935463546539,Biomasse,BHKW Kläranlage Rostock,Teileinspeisung (einschließlich Eigenverbrauch),1074,18069,Rostock,Rostock,Carl-Hopp-Str.,1,Mecklenburg-Vorpommern,12.094294,54.103555,2009,NA,FALSE,Klärgas,KWK990141183734,BHKW Kläranlage Rostock
SEE997618485445,ABR989898135684,Biomasse,Steinbeis Energie Papenburg GmbH,Teileinspeisung (einschließlich Eigenverbrauch),23100,26871,Emsland,Papenburg,Am Nordhafen,5,Niedersachsen,7.392577,53.095657,2003,NA,FALSE,"Altholz, Gebrauchtholz, Holz(sperr)müll",KWK995233299126,Steinbeis Energie Papenburg GmbH
SEE911878772046,NA,Biomasse,Heizkraftwerk Mittelfeld T3,Volleinspeisung,5500,34127,Kassel,Kassel,NA,NA,Hessen,9.475475,51.337511,1988,2022,TRUE,"Altholz, Gebrauchtholz, Holz(sperr)müll",KWK953530468096,Heizkraftwerk Mittelfeld T3
SEE926786347682,ABR902591740818,Biomasse,Biogas Becken,Volleinspeisung,1203,27612,Cuxhaven,Loxstedt,Eichenallee,22,Niedersachsen,8.63473,53.442786,2018,NA,FALSE,Biogas,KWK951008942093,Biogas Becken
SEE921625340794,ABR909099778220,Biomasse,BHKW SWN / Am Weststrand,Volleinspeisung,1071,26548,Aurich,Norderney,Am Weststrand,8,Niedersachsen,7.143809,53.701912,2009,NA,FALSE,Biomethan (Bioerdgas),KWK936209306189,BHKW SWN / Am Weststrand
SEE945819365813,NA,Biomasse,Generator 1 EEG,Volleinspeisung,7000,65203,Wiesbaden,Wiesbaden,Rheingaustraße,NA,Hessen,8.24868,50.034949,1981,2021,TRUE,"Altholz, Gebrauchtholz, Holz(sperr)müll",NA,Generator 1 EEG
SEE916283331352,ABR924182691583,Biomasse,FDS Planzenöl-BHKW,Volleinspeisung,5000,72186,Freudenstadt,Empfingen,Max-Eyth-Straße,3,Baden-Württemberg,8.727956,48.394836,2005,NA,FALSE,Palmöl u.a. Pflanzenöle,KWK979567037142,FDS Planzenöl-BHKW
SEE974310454733,ABR922599640477,Biomasse,Grüner Strom 1,Volleinspeisung,1490,78652,Rottweil,Deißlingen,Süßer Bühl,1,Baden-Württemberg,8.57705,48.093694,2005,NA,FALSE,Biogas,KWK991137535919,Grüner Strom 1
SEE915547722813,ABR930505806367,Biomasse,Emsflower Naturholzheizkraftwerk,Volleinspeisung,4100,48488,Emsland,Emsbüren,Carl-von-Linné-Straße,1,Niedersachsen,7.273017,52.366206,2022,NA,FALSE,Rinde und Landschaftspflegeholz,KWK974637414892,Emsflower Naturholzheizkraftwerk
SEE938055026235,ABR924366240750,Biomasse,BHKW Schöneicher Plan Motor 2,Teileinspeisung (einschließlich Eigenverbrauch),1261,15806,Teltow-Fläming,Zossen,Schöneicher Plan,6,Brandenburg,13.517175,52.241281,2004,2022,TRUE,Deponiegas,NA,BHKW Schöneicher Plan Motor 2
SEE907265147085,ABR994968814529,Biomasse,BG Rosenstein Energie 1200,Volleinspeisung,1200,73540,Ostalbkreis,Heubach,NA,NA,Baden-Württemberg,9.937492,48.802478,2011,NA,FALSE,Biogas,KWK922404674116,BG Rosenstein Energie 1200
SEE962018967730,ABR978133390223,Biomasse,"Im Eichengrund, BHKW 2, 1.203 kW",Volleinspeisung,1203,26903,Emsland,Surwold,Im Eichengrund,20,Niedersachsen,7.527835,53.036329,2018,NA,FALSE,Biogas,KWK929999131161,"Im Eichengrund, BHKW 2, 1.203 kW"
SEE978561534718,ABR948415910210,Biomasse,BHKW Strausberg Kastanienallee 38 Modul 1,Volleinspeisung,1149,15344,Märkisch-Oderland,Strausberg,Kastanienallee,38,Brandenburg,13.896945,52.583998,2014,NA,FALSE,Biomethan (Bioerdgas),KWK930669712078,BHKW Strausberg Kastanienallee 38 Modul 1
SEE943219150992,ABR942064733534,Biomasse,Biogasanlage,Volleinspeisung,1289,28832,Verden,Achim,NA,NA,Niedersachsen,8.940208,53.015823,2010,NA,FALSE,Biogas,KWK944756389876,Biogasanlage
SEE914466350367,ABR966383148459,Biomasse,ABA-Oderlandstraße 108,Teileinspeisung (einschließlich Eigenverbrauch),3189,15890,Oder-Spree,Eisenhüttenstadt,Oderlandstraße,108,Brandenburg,14.642671,52.16982,2010,NA,FALSE,Biogas,KWK921159427558,ABA-Oderlandstraße 108
SEE974535500635,ABR986410294454,Biomasse,BHKW 3,Volleinspeisung,1200,01979,Oberspreewald-Lausitz,Lauchhammer,Torgauer Straße,23,Brandenburg,13.731847,51.466387,2008,NA,FALSE,Biogas,KWK986653137228,BHKW 3
SEE933214032690,ABR905705816867,Biomasse,Biogasanlage BHKW3,Volleinspeisung,1318,91413,Neustadt a.d. Aisch-Bad Windsheim,Neustadt,Unterschweinach,37,Bayern,10.601695,49.561079,2020,NA,FALSE,Biogas,KWK953517040147,Biogasanlage BHKW3
SEE951232235947,ABR925091886848,Biomasse,BHKW Pond Barracks eeg,Volleinspeisung,1999,92224,Amberg,Amberg,Dekan-Hirtreiter-Straße,1,Bayern,11.84873,49.434397,2011,NA,FALSE,Biomethan (Bioerdgas),KWK979179569741,BHKW Pond Barracks eeg
SEE933935879772,ABR931234317674,Biomasse,BHKW Zuckerfabrik NST,Volleinspeisung,1600,31171,Hildesheim,Nordstemmen,Calenberger Straße,36,Niedersachsen,9.790678,52.171775,2005,NA,FALSE,Klärgas,KWK916194242532,BHKW Zuckerfabrik NST
SEE957584901332,ABR937875031863,Biomasse,SWD GA BMHKW,Volleinspeisung,3500,40595,Düsseldorf,Düsseldorf,Frankfurter Straße,209,Nordrhein-Westfalen,6.897465,51.146206,2007,NA,FALSE,"Wald-Stammholz, Rundholz",KWK960252664781,SWD GA BMHKW
SEE947855202336,ABR923890681565,Biomasse,Biogas Motor 2 - 1203kW - 2018,Volleinspeisung,1203,49681,Cloppenburg,Garrel,Südstraße,9,Niedersachsen,8.088792,52.964194,2018,NA,FALSE,Biogas,KWK979843767282,Biogas Motor 2 - 1203kW - 2018
SEE998802179607,ABR938302580886,Biomasse,BMHKW Horn,Teileinspeisung (einschließlich Eigenverbrauch),25700,32805,Lippe,Horn-Bad Meinberg,Kampstraße,65,Nordrhein-Westfalen,8.952415,51.884919,2000,NA,FALSE,"Altholz, Gebrauchtholz, Holz(sperr)müll",KWK966646097302,BMHKW Horn
SEE922393646569,ABR991477524109,Biomasse,HHKW Silbitz,Teileinspeisung (einschließlich Eigenverbrauch),5620,07613,Saale-Holzland-Kreis,Silbitz,Dr.-Maruschky-Straße,11,Thüringen,11.989875,50.95963,2002,NA,FALSE,"Altholz, Gebrauchtholz, Holz(sperr)müll",KWK984090620549,HHKW Silbitz
SEE916329527695,ABR909584072444,Biomasse,GKW BHKW4,Teileinspeisung (einschließlich Eigenverbrauch),2000,51061,Köln,Köln,Egonstr.,21,Nordrhein-Westfalen,6.982322,50.991171,2021,NA,FALSE,Klärgas,KWK966053342491,GKW BHKW4
SEE930909428684,ABR932075866536,Biomasse,Block 2,Volleinspeisung,1500,91634,Ansbach,Wilburgstetten,Industriestraße,1,Bayern,10.378383,49.032929,1997,NA,FALSE,"Altholz, Gebrauchtholz, Holz(sperr)müll",NA,Block 2
SEE913510408276,ABR970980571718,Biomasse,BiKs Modul 2,Volleinspeisung,1022,67363,Germersheim,Lustadt,Am Oberen Griesweg,11,Rheinland-Pfalz,8.268352,49.233897,2008,NA,FALSE,Biogas,KWK932239301293,BiKs Modul 2
SEE939659396069,ABR933199563615,Biomasse,Insel 3 BHKW 1,Teileinspeisung (einschließlich Eigenverbrauch),1165,03149,Spree-Neiße,Forst,Haagstraße,3,Brandenburg,14.649077,51.742946,2012,NA,FALSE,Biomethan (Bioerdgas),KWK937642674521,Insel 3 BHKW 1
SEE947666548470,ABR907242839606,Biomasse,BHKW V (MWM TCG 2020 V12),Volleinspeisung,1200,23813,Segeberg,Blunk,Dorfstraße,NA,Schleswig-Holstein,10.18389,54.00299,2021,NA,FALSE,Biogas,KWK953723847233,BHKW V (MWM TCG 2020 V12)
SEE913959618403,ABR937302269036,Biomasse,HARO Energy dorfstr.29 Bhkw 5,Teileinspeisung (einschließlich Eigenverbrauch),1501,39264,Anhalt-Bitterfeld,Polenzko,Dorfstraße (Polenzko),29,Sachsen-Anhalt,12.254726,52.012662,2021,NA,FALSE,Biogas,KWK986501523203,HARO Energy dorfstr.29 Bhkw 5
SEE994426376118,ABR993788426547,Biomasse,BHKW2 Kirchenweg,Volleinspeisung,1202,24361,Rendsburg-Eckernförde,Groß Wittensee,Kirchenweg,NA,Schleswig-Holstein,9.76795,54.40428,2021,NA,FALSE,Biogas,KWK927464426897,BHKW2 Kirchenweg
SEE953087405261,ABR954867975240,Biomasse,BHKW 4,Teileinspeisung (einschließlich Eigenverbrauch),1248,95676,Tirschenreuth,Wiesau,Falkenberger Straße,2,Bayern,12.199344,49.888463,2021,NA,FALSE,Biogas,KWK996456283480,BHKW 4
SEE953330386187,ABR900259347942,Biomasse,HKW Salinenstraße / Biomethan-MuD,Volleinspeisung,5140,74523,Schwäbisch Hall,Schwäbisch Hall,Salinenstraße,31,Baden-Württemberg,9.73342,49.120941,2006,NA,FALSE,Biomethan (Bioerdgas),NA,HKW Salinenstraße / Biomethan-MuD
SEE928412788005,ABR900259347942,Biomasse,HKW Robert-Bosch-Straße / Biomethan-BHKW1,Volleinspeisung,4491,74523,Schwäbisch Hall,Schwäbisch Hall,Robert-Bosch-Straße,37,Baden-Württemberg,9.711028,49.100342,2013,NA,FALSE,Biomethan (Bioerdgas),NA,HKW Robert-Bosch-Straße / Biomethan-BHKW1
SEE915538369669,ABR933562062448,Biomasse,Biomasseheizkraftwerk,Teileinspeisung (einschließlich Eigenverbrauch),4950,23970,Nordwestmecklenburg,Wismar,Am Haffeld,2,Mecklenburg-Vorpommern,11.46292,53.909429,1998,NA,FALSE,"Altholz, Gebrauchtholz, Holz(sperr)müll",KWK994946550982,Biomasseheizkraftwerk
SEE909387693235,ABR970041037054,Biomasse,KWK Gütersloh,Volleinspeisung,13309,33332,Gütersloh,Gütersloh,Stadtring Nordhorn,61,Nordrhein-Westfalen,8.40003,51.915467,2000,NA,FALSE,"Altholz, Gebrauchtholz, Holz(sperr)müll",KWK917166919704,KWK Gütersloh
SEE912463283787,ABR946797556101,Biomasse,GM1,Teileinspeisung (einschließlich Eigenverbrauch),3352,83022,Rosenheim,Rosenheim,Färberstraße,47,Bayern,12.133992,47.856061,2011,NA,FALSE,Biomethan (Bioerdgas),KWK976206425582,GM1
SEE941857078029,ABR993453334603,Biomasse,Zur Reitbahn 1 J3 1558 KW,Teileinspeisung (einschließlich Eigenverbrauch),1558,83620,Rosenheim,Feldkirchen-Westerham,NA,NA,Bayern,11.877213,47.91134,2021,NA,FALSE,Biogas,KWK993829703750,Zur Reitbahn 1 J3 1558 KW
SEE946258232858,ABR976288874056,Biomasse,BHKW 5 - JMS420_O,Teileinspeisung (einschließlich Eigenverbrauch),1557,91567,Ansbach,Herrieden,Seebronn,10,Bayern,10.534668,49.260651,2021,NA,FALSE,Biogas,KWK988424898604,BHKW 5 - JMS420_O
SEE946208512382,ABR976288874056,Biomasse,BHKW 6 - JMS420_M,Teileinspeisung (einschließlich Eigenverbrauch),1557,91567,Ansbach,Herrieden,Seebronn,10,Bayern,10.534668,49.260651,2021,NA,FALSE,Biogas,KWK988424898604,BHKW 6 - JMS420_M
SEE991666061644,ABR903690099142,Biomasse,Biomethan-BHKW Haar (Modul 2),Volleinspeisung,2004,85540,München,Haar,Höglweg,9,Bayern,11.729258,48.114975,2014,NA,FALSE,Biomethan (Bioerdgas),KWK938482888475,Biomethan-BHKW Haar (Modul 2)
SEE939138708956,ABR946797556101,Biomasse,GM5,Volleinspeisung,4399,83026,Rosenheim,Rosenheim,Oberaustraße,12,Bayern,12.091641,47.851356,2012,NA,FALSE,Biomethan (Bioerdgas),KWK964515406668,GM5
SEE940567244731,ABR993453334603,Biomasse,Grünwiese J 1094 KW,Teileinspeisung (einschließlich Eigenverbrauch),1094,83620,Rosenheim,Feldkirchen-Westerham,NA,NA,Bayern,11.894406,47.9106,2014,NA,FALSE,Biogas,KWK961892716861,Grünwiese J 1094 KW
SEE988090727215,ABR993453334603,Biomasse,Aschhofen Süd J 1094 KW,Teileinspeisung (einschließlich Eigenverbrauch),1094,83620,Rosenheim,Feldkirchen-Westerham,NA,NA,Bayern,11.886481,47.910615,2014,NA,FALSE,Biogas,KWK941496792935,Aschhofen Süd J 1094 KW
SEE982788990110,ABR961642567781,Biomasse,BHKW Bullenstall 1065KW,Volleinspeisung,1065,94428,Dingolfing-Landau,Eichendorf,Rannersdorf,1,Bayern,12.765406,48.638281,2018,NA,FALSE,Biogas,NA,BHKW Bullenstall 1065KW
SEE925956192589,ABR904405169891,Biomasse,BHKW Naturfaserstoffe Rothenburg,Volleinspeisung,2300,02929,Görlitz,Rothenburg,Friedensstraße,137,Sachsen,14.963354,51.36453,2009,NA,FALSE,Rinde und Landschaftspflegeholz,KWK919202902077,BHKW Naturfaserstoffe Rothenburg
SEE926130683244,ABR918655802408,Biomasse,Jenbacher_416,Volleinspeisung,1202,86757,Donau-Ries,Wallerstein,NA,NA,Bayern,10.486487,48.884618,2020,NA,FALSE,Biogas,KWK911076346209,Jenbacher_416
SEE988846912872,ABR968874651301,Biomasse,Biokohleproduktionsanlage Standort Reuden,Teileinspeisung (einschließlich Eigenverbrauch),4500,06729,Burgenlandkreis,Elsteraue,Ziegeleistraße,1,Sachsen-Anhalt,12.183729,51.106432,2022,NA,FALSE,"Wald-Holzhackschnitzel, Wald-Scheitholz, -Kronenholz",NA,Biokohleproduktionsanlage Standort Reuden
SEE928125180271,ABR941014863376,Biomasse,BHKW 4,Volleinspeisung,1562,88316,Ravensburg,Isny,Heslerhof,2,Baden-Württemberg,9.983871,47.720531,2021,NA,FALSE,Biogas,KWK929376588540,BHKW 4
SEE993083383323,ABR944096107796,Biomasse,BHKW Schloss Rahe,Volleinspeisung,1110,52072,Städteregion Aachen,Aachen,Schlossweiherstraße,15,Nordrhein-Westfalen,6.068457,50.801137,2006,NA,FALSE,Biomethan (Bioerdgas),KWK974178144067,BHKW Schloss Rahe
SEE999434536721,ABR944096107796,Biomasse,BHKW Brander Feld Modul 2,Volleinspeisung,1998,52078,Städteregion Aachen,Aachen,Am Schiefen Eck,3,Nordrhein-Westfalen,6.151818,50.752858,2006,NA,FALSE,Biomethan (Bioerdgas),KWK912884545082,BHKW Brander Feld Modul 2
SEE906955914129,ABR930631313104,Biomasse,BHKW 3,Volleinspeisung,1497,63637,Main-Kinzig-Kreis,Jossgrund,NA,NA,Hessen,9.493376,50.207635,2020,NA,FALSE,Biogas,KWK907281330393,BHKW 3
SEE929889716126,ABR924366240750,Biomasse,BHKW Schwanebeck Motor 5,Teileinspeisung (einschließlich Eigenverbrauch),1261,16341,Barnim,Panketal,Zepernicker Straße,42,Brandenburg,13.54601,52.639023,1999,NA,FALSE,Deponiegas,KWK998310667351,BHKW Schwanebeck Motor 5
SEE955113667537,ABR924366240750,Biomasse,BHKW Schöneicher Plan Motor 3,Teileinspeisung (einschließlich Eigenverbrauch),1261,15806,Teltow-Fläming,Zossen,Schöneicher Plan,6,Brandenburg,13.517204,52.241299,2004,NA,FALSE,Deponiegas,KWK900296753300,BHKW Schöneicher Plan Motor 3
SEE924310799877,NA,Biomasse,KLW 2 - DKM 1,Teileinspeisung (einschließlich Eigenverbrauch),1600,85386,Freising,Eching,Hauptstraße,30,Bayern,11.682896,48.291339,2003,2023,TRUE,Klärgas,KWK990457566023,KLW 2 - DKM 1
SEE964986654629,NA,Biomasse,KLW 2 - DKM 2,Teileinspeisung (einschließlich Eigenverbrauch),1600,85386,Freising,Eching,Hauptstraße,30,Bayern,11.682896,48.291339,1988,2023,TRUE,Klärgas,KWK990457566023,KLW 2 - DKM 2
SEE966818922869,NA,Biomasse,KLW 2 - DKM 3,Teileinspeisung (einschließlich Eigenverbrauch),1600,85386,Freising,Eching,Hauptstraße,30,Bayern,11.682896,48.291339,2004,2023,TRUE,Klärgas,KWK990457566023,KLW 2 - DKM 3
SEE958330851079,ABR918589029186,Biomasse,BHKW 3,Volleinspeisung,1200,24634,Rendsburg-Eckernförde,Padenstedt,NA,NA,Schleswig-Holstein,9.900604,54.038978,2018,NA,FALSE,Biogas,KWK920507057638,BHKW 3
SEE928382664095,ABR931786615600,Biomasse,KWK Neumarkt,Volleinspeisung,4000,92318,Neumarkt i.d. OPf.,Neumarkt,Dreichlingerstraße,76,Bayern,11.444835,49.261037,2001,NA,FALSE,"Altholz, Gebrauchtholz, Holz(sperr)müll",KWK905380360785,KWK Neumarkt
SEE910135031483,ABR980581604562,Biomasse,BGA Mardorf 1 - BHKW 3 (1.203 kW) - Generator 2021,Teileinspeisung (einschließlich Eigenverbrauch),1203,35287,Marburg-Biedenkopf,Amöneburg,NA,NA,Hessen,8.943526,50.755753,2021,NA,FALSE,Biogas,KWK932868273107,BGA Mardorf 1 - BHKW 3 (1.203 kW) - Generator 2021
SEE951834148553,ABR915190621709,Biomasse,Biomethan BHKW Gewächshaus,Volleinspeisung,1497,21357,Lüneburg,Wittorf,NA,NA,Niedersachsen,10.377522,53.321025,2022,NA,FALSE,Biomethan (Bioerdgas),NA,Biomethan BHKW Gewächshaus
SEE968096688468,ABR960315292128,Biomasse,Irlbacher - 2018,Volleinspeisung,1203,92709,Neustadt a.d. Waldnaab,Moosbach,Niederland,6,Bayern,12.413278,49.570607,2018,NA,FALSE,Biogas,NA,Irlbacher - 2018
SEE910565133627,ABR931907243040,Biomasse,Biomethan-SKW WEVW 2,Volleinspeisung,2300,19288,Ludwigslust-Parchim,Wöbbelin,NA,NA,Mecklenburg-Vorpommern,11.492606,53.394198,2027,NA,FALSE,Biomethan (Bioerdgas),NA,Biomethan-SKW WEVW 2
SEE953690981626,ABR931907243040,Biomasse,Biomethan-SKW WEVW 1,Volleinspeisung,2300,19288,Ludwigslust-Parchim,Wöbbelin,NA,NA,Mecklenburg-Vorpommern,11.492606,53.394198,2027,NA,FALSE,Biomethan (Bioerdgas),NA,Biomethan-SKW WEVW 1
SEE945404403777,ABR941839700016,Biomasse,Peters Kranenburg I,Volleinspeisung,2000,47559,Kleve,Kranenburg,Frasselter Weg,13,Nordrhein-Westfalen,6.020131,51.780113,2022,NA,FALSE,Biomethan (Bioerdgas),NA,Peters Kranenburg I
SEE952377645424,ABR941839700016,Biomasse,Peters Kranenburg II,Volleinspeisung,2000,47559,Kleve,Kranenburg,Frasselter Weg,13,Nordrhein-Westfalen,6.020131,51.780113,2022,NA,FALSE,Biomethan (Bioerdgas),NA,Peters Kranenburg II
SEE925455952813,ABR947573160857,Biomasse,N Benker Papen I,Volleinspeisung,3333,26871,Emsland,Papenburg,Russellstraße,128,Niedersachsen,7.389341,53.056148,2022,NA,FALSE,Biomethan (Bioerdgas),NA,N Benker Papen I
SEE922106351315,ABR947573160857,Biomasse,N Benker Papen II,Volleinspeisung,3333,26871,Emsland,Papenburg,Russellstraße,128,Niedersachsen,7.389341,53.056148,2022,NA,FALSE,Biomethan (Bioerdgas),NA,N Benker Papen II
SEE993082020441,ABR935589125618,Biomasse,Fürstenauer Wärme BHKW I,Volleinspeisung,2300,49584,Osnabrück,Fürstenau,NA,NA,Niedersachsen,7.681152,52.523281,2023,NA,FALSE,Biomethan (Bioerdgas),KWK919834437978,Fürstenauer Wärme BHKW I
SEE942923262168,ABR935589125618,Biomasse,Fürstenauer Wärme BHKW II,Volleinspeisung,2300,49584,Osnabrück,Fürstenau,NA,NA,Niedersachsen,7.681094,52.523465,2023,NA,FALSE,Biomethan (Bioerdgas),KWK919834437978,Fürstenauer Wärme BHKW II
SEE942415656390,ABR921066781309,Biomasse,Fernwärme Alfhausen - BHKW 2.1 Heeker Straße,Volleinspeisung,2300,49594,Osnabrück,Alfhausen,NA,NA,Niedersachsen,7.959924,52.512499,2026,NA,FALSE,Biomethan (Bioerdgas),NA,Fernwärme Alfhausen - BHKW 2.1 Heeker Straße
SEE934386447916,ABR921066781309,Biomasse,Fernwärme Alfhausen - BHKW 2.2 Heeker Straße,Volleinspeisung,2300,49594,Osnabrück,Alfhausen,NA,NA,Niedersachsen,7.959896,52.512574,2026,NA,FALSE,Biomethan (Bioerdgas),NA,Fernwärme Alfhausen - BHKW 2.2 Heeker Straße
SEE904501222902,ABR921066781309,Biomasse,Fernwärme Alfhausen - BHKW II Bertha-Benz-Straße,Volleinspeisung,2300,49594,Osnabrück,Alfhausen,NA,NA,Niedersachsen,7.943742,52.504011,2022,NA,FALSE,Biomethan (Bioerdgas),KWK991433717064,Fernwärme Alfhausen - BHKW II Bertha-Benz-Straße
SEE974231401144,ABR921066781309,Biomasse,Fernwärme Niedersachsenpark - BHKW I,Volleinspeisung,2300,49597,Osnabrück,Rieste,NA,NA,Niedersachsen,8.050341,52.483395,2023,NA,FALSE,Biomethan (Bioerdgas),NA,Fernwärme Niedersachsenpark - BHKW I
SEE974609418637,ABR921066781309,Biomasse,Fernwärme Niedersachsenpark - BHKW II,Volleinspeisung,2300,49597,Osnabrück,Rieste,NA,NA,Niedersachsen,8.050693,52.483374,2023,NA,FALSE,Biomethan (Bioerdgas),NA,Fernwärme Niedersachsenpark - BHKW II
SEE969633720412,ABR921066781309,Biomasse,Fernwärme Niedersachsenpark - BHKW III,Volleinspeisung,2300,49597,Osnabrück,Rieste,NA,NA,Niedersachsen,8.050826,52.483285,2023,NA,FALSE,Biomethan (Bioerdgas),NA,Fernwärme Niedersachsenpark - BHKW III
SEE999814727060,ABR921066781309,Biomasse,Fernwärme Niedersachsenpark - BHKW IV,Volleinspeisung,2300,49597,Osnabrück,Rieste,NA,NA,Niedersachsen,8.050816,52.483351,2023,NA,FALSE,Biomethan (Bioerdgas),NA,Fernwärme Niedersachsenpark - BHKW IV
SEE978702551543,ABR924225173564,Biomasse,Energiezentrale Bersenbrück - BHKW I,Volleinspeisung,4507,49593,Osnabrück,Bersenbrück,NA,NA,Niedersachsen,7.925923,52.554125,2023,NA,FALSE,Biomethan (Bioerdgas),KWK938071435578,Energiezentrale Bersenbrück - BHKW I
SEE993193144036,ABR924225173564,Biomasse,Energiezentrale Bersenbrück - BHKW II,Volleinspeisung,4507,49593,Osnabrück,Bersenbrück,NA,NA,Niedersachsen,7.926052,52.55412,2023,NA,FALSE,Biomethan (Bioerdgas),KWK938071435578,Energiezentrale Bersenbrück - BHKW II
SEE955020751046,ABR951001625191,Biomasse,GJD Dobelm Papen,Volleinspeisung,3333,26871,Emsland,Papenburg,Gutshofstraße,214,Niedersachsen,7.403781,53.047518,2022,NA,FALSE,Biomethan (Bioerdgas),NA,GJD Dobelm Papen
SEE925788313398,ABR914189637448,Biomasse,Biomethan-SKW Biowärme Greven 1,Volleinspeisung,2000,48268,Steinfurt,Greven,NA,NA,Nordrhein-Westfalen,7.639952,52.095016,2023,NA,FALSE,Biomethan (Bioerdgas),NA,Biomethan-SKW Biowärme Greven 1
SEE915837929151,ABR908380713773,Biomasse,624er Nr.2 West,Volleinspeisung,4507,59609,Soest,Anröchte,NA,NA,Nordrhein-Westfalen,8.241787,51.51865,2023,NA,FALSE,Biomethan (Bioerdgas),KWK922805447586,624er Nr.2 West
SEE913682457171,ABR914189637448,Biomasse,Biomethan-SKW Biowärme Greven 2,Volleinspeisung,2000,48268,Steinfurt,Greven,NA,NA,Nordrhein-Westfalen,7.639952,52.095016,2023,NA,FALSE,Biomethan (Bioerdgas),NA,Biomethan-SKW Biowärme Greven 2
SEE960693938847,ABR908380713773,Biomasse,624er Nr.1 Ost,Volleinspeisung,4507,59609,Soest,Anröchte,NA,NA,Nordrhein-Westfalen,8.241787,51.518684,2023,NA,FALSE,Biomethan (Bioerdgas),KWK922805447586,624er Nr.1 Ost
SEE978594740353,ABR929297356051,Biomasse,Biomethan-SKW Thiendorf 1,Volleinspeisung,3333,01561,Meißen,Thiendorf,NA,NA,Sachsen,13.742257,51.300532,2023,NA,FALSE,Biomethan (Bioerdgas),NA,Biomethan-SKW Thiendorf 1
SEE939429845179,ABR939457693773,Biomasse,Querdel SKW Biomethan1,Volleinspeisung,3352,48336,Warendorf,Sassenberg,NA,NA,Nordrhein-Westfalen,8.063723,52.053239,2023,NA,FALSE,Biomethan (Bioerdgas),KWK962869535072,Querdel SKW Biomethan1
SEE912313124406,ABR948239224524,Biomasse,Biomethan-SKW Gettorf 1,Volleinspeisung,2300,24214,Rendsburg-Eckernförde,Gettorf,NA,NA,Schleswig-Holstein,9.978287,54.405359,2023,NA,FALSE,Biomethan (Bioerdgas),NA,Biomethan-SKW Gettorf 1
SEE902474184968,ABR902447264949,Biomasse,Biomethan BHKW 1 Hannover Stöcken,Volleinspeisung,4500,30419,Region Hannover,Hannover,Stelinger Straße,19,Niedersachsen,9.644807,52.421086,2024,NA,FALSE,Biomethan (Bioerdgas),KWK940646133390,Biomethan BHKW 1 Hannover Stöcken
SEE938790623652,ABR948239224524,Biomasse,Biomethan-SKW Gettorf 2,Volleinspeisung,2300,24214,Rendsburg-Eckernförde,Gettorf,NA,NA,Schleswig-Holstein,9.978287,54.405359,2023,NA,FALSE,Biomethan (Bioerdgas),NA,Biomethan-SKW Gettorf 2
SEE900576662001,ABR939457693773,Biomasse,Querdel SKW Biomethan2,Volleinspeisung,3352,48336,Warendorf,Sassenberg,NA,NA,Nordrhein-Westfalen,8.063723,52.053239,2023,NA,FALSE,Biomethan (Bioerdgas),KWK962869535072,Querdel SKW Biomethan2
SEE987993663941,ABR939457693773,Biomasse,Querdel SKW Biomethan3,Volleinspeisung,3352,48336,Warendorf,Sassenberg,NA,NA,Nordrhein-Westfalen,8.063723,52.053239,2023,NA,FALSE,Biomethan (Bioerdgas),KWK962869535072,Querdel SKW Biomethan3
SEE965070186460,ABR982136058776,Biomasse,Energiezentrale Börger - BHKW I,Volleinspeisung,4507,26904,Emsland,Börger,NA,NA,Niedersachsen,7.554591,52.912735,2023,NA,FALSE,Biomethan (Bioerdgas),NA,Energiezentrale Börger - BHKW I
SEE928131981114,ABR982136058776,Biomasse,Energiezentrale Börger - BHKW II,Volleinspeisung,4507,26904,Emsland,Börger,NA,NA,Niedersachsen,7.55457,52.912851,2023,NA,FALSE,Biomethan (Bioerdgas),NA,Energiezentrale Börger - BHKW II
SEE915341946699,ABR929297356051,Biomasse,Biomethan-SKW Thiendorf 2,Volleinspeisung,3333,01561,Meißen,Thiendorf,NA,NA,Sachsen,13.742257,51.300532,2023,NA,FALSE,Biomethan (Bioerdgas),NA,Biomethan-SKW Thiendorf 2
SEE972146428041,ABR929297356051,Biomasse,Biomethan-SKW Thiendorf 3,Volleinspeisung,3333,01561,Meißen,Thiendorf,NA,NA,Sachsen,13.742257,51.300532,2023,NA,FALSE,Biomethan (Bioerdgas),NA,Biomethan-SKW Thiendorf 3
SEE968613947863,ABR929297356051,Biomasse,Biomethan-SKW Thiendorf 4,Volleinspeisung,3333,01561,Meißen,Thiendorf,NA,NA,Sachsen,13.742257,51.300532,2023,NA,FALSE,Biomethan (Bioerdgas),NA,Biomethan-SKW Thiendorf 4
SEE977915552309,ABR929297356051,Biomasse,Biomethan-SKW Thiendorf 5,Volleinspeisung,3333,01561,Meißen,Thiendorf,NA,NA,Sachsen,13.742257,51.300532,2023,NA,FALSE,Biomethan (Bioerdgas),NA,Biomethan-SKW Thiendorf 5
SEE963543898018,ABR929297356051,Biomasse,Biomethan-SKW Thiendorf 6,Volleinspeisung,3333,01561,Meißen,Thiendorf,NA,NA,Sachsen,13.742257,51.300532,2023,NA,FALSE,Biomethan (Bioerdgas),NA,Biomethan-SKW Thiendorf 6
SEE987147231149,ABR916177025978,Biomasse,Biomethan,Volleinspeisung,1558,87787,Unterallgäu,Wolfertschwenden,Sonnenweg,17,Bayern,10.265467,47.891628,2022,NA,FALSE,Biomethan (Bioerdgas),NA,Biomethan
SEE986886521948,ABR902447264949,Biomasse,"Biomethan BHKW Hannover Herrenhausen, Motor 1",Volleinspeisung,4500,30419,Region Hannover,Hannover,Leinhäuser Weg,5,Niedersachsen,9.68202,52.398848,2024,NA,FALSE,Biomethan (Bioerdgas),KWK939841009913,"Biomethan BHKW Hannover Herrenhausen, Motor 1"
SEE913060333820,ABR992897641124,Biomasse,Biomethan-Speicherkraftwerk Maria-Veen BHKW 1,Volleinspeisung,2673,48734,Borken,Reken,NA,NA,Nordrhein-Westfalen,7.102161,51.839628,2026,NA,FALSE,Biomethan (Bioerdgas),KWK935993120346,Biomethan-Speicherkraftwerk Maria-Veen BHKW 1
SEE934529216348,ABR995125557297,Biomasse,BHKW,Volleinspeisung,1600,29525,Uelzen,Uelzen,An der Zuckerfabrik,1,Niedersachsen,10.557572,52.975128,2005,NA,FALSE,Klärgas,KWK988259488216,BHKW
SEE941638556043,ABR917908581282,Biomasse,BHKW 2 Vauban,Volleinspeisung,2552,79100,Freiburg im Breisgau,Freiburg,Clara-Immerwahr-Straße,1,Baden-Württemberg,7.824309,47.977111,2024,NA,FALSE,Biomethan (Bioerdgas),KWK928300436025,BHKW 2 Vauban
SEE923180734544,ABR996949360650,Biomasse,BHKW Jenbacher Biomethan I,Volleinspeisung,4507,72172,Rottweil,Sulz,NA,NA,Baden-Württemberg,8.612017,48.364696,2025,NA,FALSE,Biomethan (Bioerdgas),KWK981960388578,BHKW Jenbacher Biomethan I
SEE985944603411,ABR918693048523,Biomasse,Biomethan-BHKW,Volleinspeisung,4404,16727,Oberhavel,Oberkrämer,Perwenitzer Chaussee,2,Brandenburg,13.0798,52.715647,2022,NA,FALSE,Biomethan (Bioerdgas),NA,Biomethan-BHKW
SEE928259749542,ABR985690379400,Biomasse,SKW Thiendorf,NA,20000,01561,Meißen,Thiendorf,NA,NA,Sachsen,13.743002,51.300515,2025,NA,FALSE,Biomethan (Bioerdgas),NA,SKW Thiendorf
SEE990449961560,ABR903989591302,Biomasse,Bo Pöst Niederaußen I,Volleinspeisung,2250,50129,Rhein-Erft-Kreis,Bergheim,An den Mönchhöfen,2,Nordrhein-Westfalen,6.664301,51.00301,2022,NA,FALSE,Biomethan (Bioerdgas),NA,Bo Pöst Niederaußen I
SEE984496546399,ABR903989591302,Biomasse,Bo Pöst Niederaußen II,Volleinspeisung,2250,50129,Rhein-Erft-Kreis,Bergheim,An den Mönchhöfen,2,Nordrhein-Westfalen,6.664301,51.00301,2022,NA,FALSE,Biomethan (Bioerdgas),NA,Bo Pöst Niederaußen II
SEE937452598307,ABR932075866536,Biomasse,Block 1,Volleinspeisung,1800,91634,Ansbach,Wilburgstetten,Industriestraße,1,Bayern,10.378383,49.032929,2021,NA,FALSE,"Altholz, Gebrauchtholz, Holz(sperr)müll",KWK996506190447,Block 1
SEE910241049976,ABR969624383503,Biomasse,Block 1,Volleinspeisung,1550,07927,Saale-Orla-Kreis,Hirschberg,Ullersreuth,61,Thüringen,11.82581,50.42957,2021,2025,TRUE,"Altholz, Gebrauchtholz, Holz(sperr)müll",KWK966567229042,Block 1
SEE938294027864,ABR992908698314,Biomasse,BHKW 5 Boomkampsweg 1,Volleinspeisung,1500,26607,Aurich,Aurich,Boomkampsweg,1,Niedersachsen,7.503663,53.49955,2014,NA,FALSE,Biomethan (Bioerdgas),KWK943268052476,BHKW 5 Boomkampsweg 1
SEE997355230520,ABR900259347942,Biomasse,BHKW 1 Alfred-Leikam-Straße SHA,Volleinspeisung,7680,74523,Schwäbisch Hall,Schwäbisch Hall,Alfred-Leikam-Straße,16,Baden-Württemberg,9.785656,49.112298,2018,NA,FALSE,Biomethan (Bioerdgas),KWK962927347098,BHKW 1 Alfred-Leikam-Straße SHA
SEE912209138449,ABR900259347942,Biomasse,BHKW_II Biomethan Robert-Bosch-Straße,Volleinspeisung,4592,74523,Schwäbisch Hall,Schwäbisch Hall,Robert-Bosch-Straße,37,Baden-Württemberg,9.711028,49.100342,2021,NA,FALSE,Biomethan (Bioerdgas),KWK960963834329,BHKW_II Biomethan Robert-Bosch-Straße
SEE912622790613,ABR970337058374,Biomasse,Vergärungsanlage KE-Schlatt,Volleinspeisung,1020,87439,Kempten (Allgäu),Kempten,Altusrieder Straße,80,Bayern,10.289205,47.771206,2009,NA,FALSE,Biogas,KWK932856918386,Vergärungsanlage KE-Schlatt
SEE946336659713,ABR998847912887,Biomasse,BHKW-Roschwitz,Volleinspeisung,1990,06406,Salzlandkreis,Bernburg,Schachtstraße,40,Sachsen-Anhalt,11.766322,51.773831,2013,NA,FALSE,Biomethan (Bioerdgas),KWK946269069290,BHKW-Roschwitz
SEE958578071345,ABR992825243079,Biomasse,KWK II HS Timber,Volleinspeisung,5552,02923,Görlitz,Kodersdorf,Industriestraße,1,Sachsen,14.915476,51.226357,2024,NA,FALSE,"Wald-Holzhackschnitzel, Wald-Scheitholz, -Kronenholz",KWK923162384934,KWK II HS Timber
SEE921022353052,ABR909256106828,Biomasse,Biomasse Sat-BHKW III,Volleinspeisung,1500,91805,Weißenburg-Gunzenhausen,Polsingen,NA,NA,Bayern,10.696214,48.920963,2021,NA,FALSE,Biogas,KWK985807921478,Biomasse Sat-BHKW III
SEE987881614116,ABR997591563413,Biomasse,BHKW 416 Flexbetrieb,Volleinspeisung,1203,49685,Cloppenburg,Drantum,Gutsweg,1,Niedersachsen,8.185588,52.823589,2018,NA,FALSE,Biogas,KWK996586172746,BHKW 416 Flexbetrieb
SEE921725949651,ABR957314512302,Biomasse,Biomasse Trendel 3,Volleinspeisung,1500,91805,Weißenburg-Gunzenhausen,Polsingen,NA,NA,Bayern,10.696136,48.920943,2021,NA,FALSE,Biogas,KWK960813507489,Biomasse Trendel 3
SEE920069805296,ABR966958642863,Biomasse,Biomasse L/M Kronhof 3,Volleinspeisung,1500,91805,Weißenburg-Gunzenhausen,Polsingen,NA,NA,Bayern,10.686457,48.913285,2021,NA,FALSE,Biogas,KWK983923749273,Biomasse L/M Kronhof 3
SEE924703938449,ABR930575081435,Biomasse,BHKW Kapaunenstraße Modul 1 (Biomethan),Volleinspeisung,2659,17489,Vorpommern-Greifswald,Greifswald,Kapaunenstraße,NA,Mecklenburg-Vorpommern,13.373625,54.098343,2024,NA,FALSE,Biomethan (Bioerdgas),KWK933262953442,BHKW Kapaunenstraße Modul 1 (Biomethan)
SEE956957104882,ABR930575081435,Biomasse,BHKW Kapaunenstraße Modul 2 (Biomethan),Volleinspeisung,2659,17489,Vorpommern-Greifswald,Greifswald,Kapaunenstraße,NA,Mecklenburg-Vorpommern,13.373537,54.098202,2024,NA,FALSE,Biomethan (Bioerdgas),KWK933262953442,BHKW Kapaunenstraße Modul 2 (Biomethan)
SEE914044378318,ABR909858954612,Biomasse,BHKW Modul I,Teileinspeisung (einschließlich Eigenverbrauch),1200,30659,Region Hannover,Hannover,Moorwaldweg,312,Niedersachsen,9.857565,52.410939,1994,NA,FALSE,Deponiegas,NA,BHKW Modul I
SEE989669746705,ABR909858954612,Biomasse,BHKW Modul II,Teileinspeisung (einschließlich Eigenverbrauch),1200,30659,Region Hannover,Hannover,Moorwaldweg,312,Niedersachsen,9.857565,52.410939,1995,NA,FALSE,Deponiegas,NA,BHKW Modul II
SEE975255119992,ABR909858954612,Biomasse,BHKW Modul III,Teileinspeisung (einschließlich Eigenverbrauch),1200,30659,Region Hannover,Hannover,Moorwaldweg,312,Niedersachsen,9.857565,52.410939,1995,NA,FALSE,Deponiegas,NA,BHKW Modul III
SEE932643392306,ABR926536119392,Biomasse,Biomasse-HKW Greiz,Teileinspeisung (einschließlich Eigenverbrauch),1730,07973,Greiz,Greiz,Mylauer Straße,4,Thüringen,12.209108,50.637894,2025,NA,FALSE,"Holzreste (z.B. aus Schreinereien, auch Spanholz)",KWK968831451760,Biomasse-HKW Greiz
SEE957877619005,ABR989713943111,Biomasse,ABR989713943111,Teileinspeisung (einschließlich Eigenverbrauch),5500,15848,Oder-Spree,Rietz-Neuendorf,Birkenweg,NA,Brandenburg,14.132759,52.270445,2004,NA,FALSE,"Altholz, Gebrauchtholz, Holz(sperr)müll",NA,ABR989713943111
SEE941710443247,ABR964730803990,Biomasse,BHKW Mindelheim 2,NA,1200,87719,Unterallgäu,Mindelheim,Industriestraße,9,Bayern,10.498229,48.040711,2012,NA,FALSE,Biomethan (Bioerdgas),KWK920085520258,BHKW Mindelheim 2
SEE969413375009,ABR992908698314,Biomasse,BHKW 6 Boomkampsweg 1,Volleinspeisung,1500,26607,Aurich,Aurich,Boomkampsweg,1,Niedersachsen,7.50374,53.49955,2014,NA,FALSE,Biomethan (Bioerdgas),KWK943268052476,BHKW 6 Boomkampsweg 1
SEE970397838640,ABR992908698314,Biomasse,BHKW 7 Boomkampsweg 1,Volleinspeisung,1500,26607,Aurich,Aurich,Boomkampsweg,1,Niedersachsen,7.503813,53.499522,2014,NA,FALSE,Biomethan (Bioerdgas),KWK943268052476,BHKW 7 Boomkampsweg 1
SEE911093654608,ABR942903197824,Biomasse,BHKW Süd - Modul 2,Volleinspeisung,1822,18273,Rostock,Güstrow,Clara-Zetkin-Str.,17,Mecklenburg-Vorpommern,12.183599,53.777523,2013,NA,FALSE,Biomethan (Bioerdgas),KWK900504762834,BHKW Süd - Modul 2
SEE958426298153,ABR942696702496,Biomasse,Lenkerstetten BHKW 1,Teileinspeisung (einschließlich Eigenverbrauch),1561,74585,Schwäbisch Hall,Rot am See,Lenkerstetten,18,Baden-Württemberg,9.989278,49.24386,2022,NA,FALSE,Biogas,KWK992701286381,Lenkerstetten BHKW 1
SEE904156244441,ABR951752584426,Biomasse,Dep.-Gasmotor 1 AV-Nr.: 78182868,Volleinspeisung,1034,44329,Dortmund,Dortmund,Rote Fuhr,68,Nordrhein-Westfalen,7.554317,51.568475,2000,NA,FALSE,Deponiegas,NA,Dep.-Gasmotor 1 AV-Nr.: 78182868
SEE950897089278,ABR951752584426,Biomasse,Dep.-Gasmotor 2 Motor 2 AV-Nr.: 78182868,Volleinspeisung,1050,44329,Dortmund,Dortmund,Rote Fuhr,68,Nordrhein-Westfalen,7.554195,51.568128,2005,NA,FALSE,Deponiegas,NA,Dep.-Gasmotor 2 Motor 2 AV-Nr.: 78182868
SEE955844722277,ABR979743615041,Biomasse,GKA-BHKW7,Teileinspeisung (einschließlich Eigenverbrauch),1067,76547,Baden-Baden,Sinzheim,NA,NA,Baden-Württemberg,8.16175,48.783958,2022,NA,FALSE,Biogas,KWK926914826416,GKA-BHKW7
SEE988204143573,ABR921052052550,Biomasse,BG-ADD-M10,Teileinspeisung (einschließlich Eigenverbrauch),1022,49632,Cloppenburg,Essen,Up'n Felde,2,Niedersachsen,8.035123,52.722421,2005,NA,FALSE,Biogas,KWK987191798339,BG-ADD-M10
SEE958804083791,ABR963072388349,Biomasse,Beierstedt_1950kW,Volleinspeisung,1950,38382,Helmstedt,Beierstedt,NA,NA,Niedersachsen,10.848461,52.063522,2019,NA,FALSE,Biogas,KWK964193424114,Beierstedt_1950kW
SEE941527753096,ABR963072388349,Biomasse,Twieflingen_1999 kW,Volleinspeisung,1999,38387,Helmstedt,Söllingen,NA,NA,Niedersachsen,10.93782,52.102383,2019,NA,FALSE,Biogas,KWK999254147695,Twieflingen_1999 kW
SEE941668724924,ABR963072388349,Biomasse,Jerxheim_1950 kW,Volleinspeisung,1950,38381,Helmstedt,Jerxheim,NA,NA,Niedersachsen,10.911884,52.078821,2019,NA,FALSE,Biogas,KWK939074433592,Jerxheim_1950 kW
SEE986821247575,ABR932927907349,Biomasse,HH Sperberwiese MTU,Volleinspeisung,1165,37308,Eichsfeld,Heilbad Heiligenstadt,Leinegasse,12 B,Thüringen,10.128524,51.378487,2012,NA,FALSE,Biomethan (Bioerdgas),KWK927206590749,HH Sperberwiese MTU
SEE909857638179,ABR944540078832,Biomasse,"BGA Bergheim, BHKW 1.067",Volleinspeisung,1067,32839,Höxter,Steinheim,Siemensstraße,15,Nordrhein-Westfalen,9.074493,51.832719,2022,NA,FALSE,Biogas,KWK981768367621,"BGA Bergheim, BHKW 1.067"
SEE986720909802,ABR972036277445,Biomasse,BHKW Werder im Heizhaus,Volleinspeisung,1554,14542,Potsdam-Mittelmark,Werder,Am Zernsee,16,Brandenburg,12.924287,52.394517,2011,NA,FALSE,Biomethan (Bioerdgas),KWK959806113103,BHKW Werder im Heizhaus
SEE932838701449,ABR973268479294,Biomasse,KLW 2 - BHKW 1,Teileinspeisung (einschließlich Eigenverbrauch),1554,85386,Freising,Eching,Hauptstraße,30,Bayern,11.682896,48.291339,2023,NA,FALSE,Biogas,KWK918415893639,KLW 2 - BHKW 1
SEE998188563243,ABR973268479294,Biomasse,KLW 2 - BHKW 2,Teileinspeisung (einschließlich Eigenverbrauch),1554,85386,Freising,Eching,Hauptstraße,30,Bayern,11.682896,48.291339,2023,NA,FALSE,Biogas,KWK918415893639,KLW 2 - BHKW 2
SEE970022906812,ABR973268479294,Biomasse,KLW 2 - BHKW 3,Teileinspeisung (einschließlich Eigenverbrauch),1554,85386,Freising,Eching,Hauptstraße,30,Bayern,11.682896,48.291339,2023,NA,FALSE,Biogas,KWK918415893639,KLW 2 - BHKW 3
SEE905238162462,ABR973268479294,Biomasse,KLW 2 - BHKW 4,Teileinspeisung (einschließlich Eigenverbrauch),1554,85386,Freising,Eching,Hauptstraße,30,Bayern,11.682896,48.291339,2023,NA,FALSE,Biogas,KWK918415893639,KLW 2 - BHKW 4
SEE911485317937,ABR925427341607,Biomasse,"BGA Worin, BHKW 2 (Flex)",Volleinspeisung,1202,15306,Märkisch-Oderland,Vierlinden,Alt-Rosenthaler Weg,7,Brandenburg,14.277552,52.527457,2022,NA,FALSE,Biogas,KWK918256199679,"BGA Worin, BHKW 2 (Flex)"
SEE918158721206,ABR919538492259,Biomasse,BHKW H2O Remscheid,Volleinspeisung,1179,42897,Remscheid,Remscheid,Hackenberger Straße,109,Nordrhein-Westfalen,7.278357,51.198199,2013,NA,FALSE,Biomethan (Bioerdgas),KWK947176528740,BHKW H2O Remscheid
SEE981304252657,ABR997997891622,Biomasse,"BGA Kleinau, BHKW 2 (Flex)",Volleinspeisung,1202,39619,Altmarkkreis Salzwedel,Arendsee,Dessau,30,Sachsen-Anhalt,11.485978,52.810383,2022,NA,FALSE,Biogas,KWK955013015773,"BGA Kleinau, BHKW 2 (Flex)"
SEE953685867164,ABR993453334603,Biomasse,Zur Reitbahn 1 J2 1094 KW,Teileinspeisung (einschließlich Eigenverbrauch),1094,83620,Rosenheim,Feldkirchen-Westerham,NA,NA,Bayern,11.877108,47.9114,2014,NA,FALSE,Biogas,KWK993829703750,Zur Reitbahn 1 J2 1094 KW
SEE920953935900,ABR993453334603,Biomasse,Zur Reitbahn 1 J1 1094 KW,Teileinspeisung (einschließlich Eigenverbrauch),1094,83620,Rosenheim,Feldkirchen-Westerham,NA,NA,Bayern,11.877128,47.911399,2005,NA,FALSE,Biogas,KWK993829703750,Zur Reitbahn 1 J1 1094 KW
SEE978714692272,ABR928723235168,Biomasse,BHKW Süderstadt,Volleinspeisung,1177,06484,Harz,Quedlinburg,Johannishöfer Trift,41,Sachsen-Anhalt,11.158877,51.778595,2008,NA,FALSE,Biomethan (Bioerdgas),NA,BHKW Süderstadt
SEE932675574046,ABR986188117474,Biomasse,Jenbacher,Volleinspeisung,1562,91629,Ansbach,Weihenzell,NA,NA,Bayern,10.601383,49.351995,2023,NA,FALSE,Biogas,KWK989900125955,Jenbacher
SEE964081329118,ABR905705816867,Biomasse,Biogasanlage BHKW4,Volleinspeisung,1318,91413,Neustadt a.d. Aisch-Bad Windsheim,Neustadt,Unterschweinach,37,Bayern,10.601794,49.560971,2022,NA,FALSE,Biogas,KWK953517040147,Biogasanlage BHKW4
SEE942237808540,ABR979657879638,Biomasse,Biogasanlage Alpen,Teileinspeisung (einschließlich Eigenverbrauch),1200,46519,Wesel,Alpen,Hucker Straße,41,Nordrhein-Westfalen,10.481498,51.103911,2007,NA,FALSE,Biogas,NA,Biogasanlage Alpen
SEE978514529389,ABR940108811262,Biomasse,"BGA Roßleben, BHKW 2 (Flex)",Teileinspeisung (einschließlich Eigenverbrauch),1202,06571,Kyffhäuserkreis,Roßleben-Wiehe,Gewerbering,6,Thüringen,11.446351,51.299961,2022,NA,FALSE,Biogas,KWK962784341048,"BGA Roßleben, BHKW 2 (Flex)"
SEE950839781871,ABR938774555238,Biomasse,Betriebsgrundstück Ried 3,Volleinspeisung,1562,85229,Dachau,Markt Indersdorf,Ried,3,Bayern,11.391603,48.343086,2024,NA,FALSE,Biomethan (Bioerdgas),KWK950506090879,Betriebsgrundstück Ried 3
SEE907431268538,NA,Biomasse,"GIES, Lahnstraße 37 MOD1 EEG",Volleinspeisung,1999,35398,Gießen,Gießen,Lahnstraße,37,Hessen,8.664431,50.583141,2012,2023,TRUE,Biomethan (Bioerdgas),KWK932330143679,"GIES, Lahnstraße 37 MOD1 EEG"
SEE932177626342,NA,Biomasse,GIES. Schlachthofstraße 16 MOD1 EEG,Volleinspeisung,1999,35398,Gießen,Gießen,Schlachthofstraße,16,Hessen,8.663571,50.58699,2012,2023,TRUE,Biomethan (Bioerdgas),KWK994054709920,GIES. Schlachthofstraße 16 MOD1 EEG
SEE933590852646,NA,Biomasse,GIES. Udersbergstr. 101 MOD1 EEG,Volleinspeisung,1999,35394,Gießen,Gießen,Udersbergstraße,101,Hessen,8.733941,50.593166,2012,2023,TRUE,Biomethan (Bioerdgas),KWK998723688875,GIES. Udersbergstr. 101 MOD1 EEG
SEE959494601357,NA,Biomasse,GIES. Stolzenmorgen 76 MOD1 EEG,Volleinspeisung,1999,35394,Gießen,Gießen,Stolzenmorgen,76,Hessen,8.718433,50.594083,2011,2023,TRUE,Biomethan (Bioerdgas),KWK935456633581,GIES. Stolzenmorgen 76 MOD1 EEG
SEE918587784667,ABR950874118205,Biomasse,Biogas Jeßnitz,Volleinspeisung,1562,04720,Mittelsachsen,Großweitzschen,NA,NA,Sachsen,13.092724,51.171172,2023,NA,FALSE,Biogas,NA,Biogas Jeßnitz
SEE947907655813,ABR993716893083,Biomasse,BHKW 4 Jenbacher 1248KW,Volleinspeisung,1248,91619,Neustadt a.d. Aisch-Bad Windsheim,Obernzenn,NA,NA,Bayern,10.498908,49.445984,2024,NA,FALSE,Biogas,KWK944313126135,BHKW 4 Jenbacher 1248KW
SEE998302900411,ABR976486471460,Biomasse,BHKW 1248 KW,Volleinspeisung,1248,21379,Lüneburg,Echem,NA,NA,Niedersachsen,10.528534,53.333307,2024,NA,FALSE,Biogas,KWK931366410960,BHKW 1248 KW
SEE913090071952,ABR976486471460,Biomasse,BHKW 1561 KW,Volleinspeisung,1561,21379,Lüneburg,Echem,NA,NA,Niedersachsen,10.528496,53.333189,2024,NA,FALSE,Biogas,KWK931366410960,BHKW 1561 KW
SEE947313293098,ABR931061668833,Biomasse,3 MW Satellit,Teileinspeisung (einschließlich Eigenverbrauch),1561,88299,Ravensburg,Leutkirch,NA,NA,Baden-Württemberg,10.003059,47.826914,2025,NA,FALSE,Biogas,KWK900658467432,3 MW Satellit
SEE928144570305,ABR931061668833,Biomasse,3 MW Satellit zweiter Motor,Teileinspeisung (einschließlich Eigenverbrauch),1561,88299,Ravensburg,Leutkirch,NA,NA,Baden-Württemberg,10.00306,47.826914,2025,NA,FALSE,Biogas,KWK900658467432,3 MW Satellit zweiter Motor
SEE926638553735,ABR945128882742,Biomasse,Biogas BHKW AEM Airport,Volleinspeisung,1498,87766,Unterallgäu,Memmingerberg,NA,NA,Bayern,10.226124,47.988486,2022,NA,FALSE,Biogas,KWK907352202512,Biogas BHKW AEM Airport
SEE962999171720,ABR967497945903,Biomasse,BHKW Manschnow 1,Volleinspeisung,1561,15328,Märkisch-Oderland,Küstriner Vorland,Friedensstraße,23,Brandenburg,14.553699,52.552607,2024,NA,FALSE,Biogas,KWK972394411383,BHKW Manschnow 1
SEE979902159225,ABR967497945903,Biomasse,BHKW Manschnow 2,Volleinspeisung,1561,15328,Märkisch-Oderland,Küstriner Vorland,Friedensstraße,23,Brandenburg,14.553699,52.552607,2024,NA,FALSE,Biogas,KWK964870051589,BHKW Manschnow 2
SEE978115421600,ABR933190343483,Biomasse,BHKW 1 - Waldäcker III,Volleinspeisung,4504,71636,Ludwigsburg,Ludwigsburg,Karl-Pfizer-Straße,1,Baden-Württemberg,9.160502,48.891645,2025,NA,FALSE,Biomethan (Bioerdgas),KWK947013310217,BHKW 1 - Waldäcker III
SEE910090894215,ABR933190343483,Biomasse,BHKW 2 - Waldäcker III,Volleinspeisung,4504,71636,Ludwigsburg,Ludwigsburg,Karl-Pfizer-Straße,1,Baden-Württemberg,9.160502,48.891645,2025,NA,FALSE,Biomethan (Bioerdgas),KWK947013310217,BHKW 2 - Waldäcker III
SEE950916333603,ABR942903197824,Biomasse,BHKW Nord - M1 EEG,Volleinspeisung,1179,18273,Rostock,Güstrow,Hengstkoppelweg,NA,Mecklenburg-Vorpommern,12.201664,53.806918,2014,NA,FALSE,Biomethan (Bioerdgas),KWK916618130407,BHKW Nord - M1 EEG
SEE982349457038,ABR942903197824,Biomasse,BHKW Nord - M2 EEG,Volleinspeisung,1179,18273,Rostock,Güstrow,Hengstkoppelweg,NA,Mecklenburg-Vorpommern,12.201701,53.806931,2014,NA,FALSE,Biomethan (Bioerdgas),KWK918697287874,BHKW Nord - M2 EEG
SEE988348842622,ABR940889627526,Biomasse,Bio III BHKW 10,Teileinspeisung (einschließlich Eigenverbrauch),2000,17179,Rostock,Altkalen,Lüchow Ausbau,1,Mecklenburg-Vorpommern,12.703672,53.913784,2011,NA,FALSE,Biogas,KWK954786114898,Bio III BHKW 10
SEE949104051993,ABR996913492431,Biomasse,BHKW 4,Volleinspeisung,1203,78359,Konstanz,Orsingen-Nenzingen,Nenzinger Straße,34 a,Baden-Württemberg,8.938777,47.838224,2018,NA,FALSE,Biogas,KWK941814937802,BHKW 4
SEE983501531856,ABR904592034538,Biomasse,Agrar-Wärme Flex-BHKW,Volleinspeisung,1560,48496,Steinfurt,Hopsten,NA,NA,Nordrhein-Westfalen,7.617805,52.359072,2023,NA,FALSE,Biogas,KWK960938175129,Agrar-Wärme Flex-BHKW
SEE922537264758,ABR937906591786,Biomasse,BHKW Süd Biogas,Volleinspeisung,1260,99947,Unstrut-Hainich-Kreis,Bad Langensalza,Illebener Weg,11 a,Thüringen,10.654818,51.101471,2022,NA,FALSE,Biogas,KWK962084106156,BHKW Süd Biogas
SEE991539102320,ABR948091314388,Biomasse,Dinslakener Holz-Energiezentrum CTE,Teileinspeisung (einschließlich Eigenverbrauch),21975,46535,Wesel,Dinslaken,NA,NA,Nordrhein-Westfalen,6.753269,51.555835,2025,NA,FALSE,"Altholz, Gebrauchtholz, Holz(sperr)müll",KWK994856914171,Dinslakener Holz-Energiezentrum CTE
SEE959926858458,ABR925609577534,Biomasse,Biomasse,Volleinspeisung,1250,49762,Emsland,Lathen,Am Bauhof,2,Niedersachsen,7.32697,52.87187,2012,NA,FALSE,Rinde und Landschaftspflegeholz,KWK915075629646,Biomasse
SEE915895266984,ABR998908201547,Biomasse,BHKW4-1200,Teileinspeisung (einschließlich Eigenverbrauch),1200,31249,Peine,Hohenhameln,Thingstraße,21,Niedersachsen,10.108877,52.258091,2014,NA,FALSE,Biogas,KWK911502720573,BHKW4-1200
SEE907489610365,ABR986563106703,Biomasse,Flex-BHKW Ronolulu,Volleinspeisung,1202,27356,Rotenburg (Wümme),Rotenburg,Nödenstraße,9,Niedersachsen,9.399445,53.11345,2023,NA,FALSE,Biomethan (Bioerdgas),KWK905796180434,Flex-BHKW Ronolulu
SEE971179168535,ABR958278253195,Biomasse,WF Energie 1500 KW,Teileinspeisung (einschließlich Eigenverbrauch),1500,92714,Neustadt a.d. Waldnaab,Pleystein,Fuchsmühle,42,Bayern,12.441462,49.65365,2022,NA,FALSE,Biogas,KWK973066519024,WF Energie 1500 KW
SEE930558797155,ABR911397274021,Biomasse,BHKW IV,Teileinspeisung (einschließlich Eigenverbrauch),1203,31162,Hildesheim,Bad Salzdetfurth,NA,NA,Niedersachsen,10.044275,52.076532,2016,NA,FALSE,Biogas,KWK969929879503,BHKW IV
SEE989204011725,ABR938168403909,Biomasse,1498er,Teileinspeisung (einschließlich Eigenverbrauch),1498,24340,Rendsburg-Eckernförde,Goosefeld,Marienthal,3,Schleswig-Holstein,9.835951,54.439849,2023,NA,FALSE,Biogas,KWK908976521263,1498er
SEE976855239936,ABR933914301713,Biomasse,Flex-Speicherkraftwerk,Volleinspeisung,1561,92274,Amberg-Sulzbach,Gebenbach,Atzmannsricht,150,Bayern,11.873102,49.54821,2024,NA,FALSE,Biogas,KWK952355015379,Flex-Speicherkraftwerk
SEE920973076935,ABR933914301713,Biomasse,Flex-Speicherkraftwerk II,Volleinspeisung,1561,92274,Amberg-Sulzbach,Gebenbach,Atzmannsricht,150,Bayern,11.873102,49.54821,2024,NA,FALSE,Biogas,KWK952355015379,Flex-Speicherkraftwerk II
SEE913940631831,ABR911397274021,Biomasse,BHKW V,Teileinspeisung (einschließlich Eigenverbrauch),2004,31162,Hildesheim,Bad Salzdetfurth,Am Triftweg,5,Niedersachsen,10.044103,52.076332,2017,NA,FALSE,Biogas,KWK943219867838,BHKW V
SEE969990019631,ABR964457430103,Biomasse,SN-Süd-BioE-BioGasBHKW02,Volleinspeisung,1416,19061,Schwerin,Schwerin,Pampower Str.,50,Mecklenburg-Vorpommern,11.397351,53.578199,2007,NA,FALSE,Biogas,NA,SN-Süd-BioE-BioGasBHKW02
SEE992398329613,ABR977477035746,Biomasse,Biomasse-HKW Oberkirch,Volleinspeisung,20000,77704,Ortenaukreis,Oberkirch,Hauptstraße,2,Baden-Württemberg,8.08621,48.525262,2024,NA,FALSE,Rinde und Landschaftspflegeholz,KWK907706691450,Biomasse-HKW Oberkirch
SEE932806986410,ABR995933375625,Biomasse,BGATre2,Volleinspeisung,1067,99718,Kyffhäuserkreis,Trebra,Mönchtor,1,Thüringen,10.973398,51.282636,2026,NA,FALSE,Biogas,KWK911969270109,BGATre2
SEE931024036068,ABR985384339147,Biomasse,EBS BHKW 4,Teileinspeisung (einschließlich Eigenverbrauch),1021,68307,Mannheim,Mannheim,Karl-Imhoff-Straße,50,Baden-Württemberg,8.42531,49.563097,2010,NA,FALSE,Klärgas,KWK985970723039,EBS BHKW 4
SEE952913416549,ABR978417161594,Biomasse,BHKW3,Volleinspeisung,1499,29614,Heidekreis,Soltau,Beim Schäferkreuz,6,Niedersachsen,9.857293,52.974688,2023,NA,FALSE,Biogas,KWK974523051934,BHKW3
SEE977161302734,ABR974303252124,Biomasse,BHKW 5,Volleinspeisung,1168,27245,Diepholz,Bahrenborstel,Tempelberg,1 Y,Niedersachsen,8.80352,52.55452,2023,NA,FALSE,Biogas,KWK987243560655,BHKW 5
SEE983576353070,ABR937308752631,Biomasse,"Saergas BGA, Zubau, 87003511",Volleinspeisung,1500,48369,Steinfurt,Saerbeck,Im Bioenergiepark,25,Nordrhein-Westfalen,7.620105,52.201102,2018,NA,FALSE,Biogas,NA,"Saergas BGA, Zubau, 87003511"
SEE937465756848,ABR937308752631,Biomasse,"Saergas2 Bunker, Zubau, 87003512",Volleinspeisung,1500,48369,Steinfurt,Saerbeck,Im Bioenergiepark,25,Nordrhein-Westfalen,7.615747,52.20453,2018,NA,FALSE,Biogas,NA,"Saergas2 Bunker, Zubau, 87003512"
SEE926060705511,ABR937953938152,Biomasse,BHKW 6,Teileinspeisung (einschließlich Eigenverbrauch),1202,91578,Ansbach,Leutershausen,NA,NA,Bayern,10.403515,49.289713,2024,NA,FALSE,Biogas,KWK923294917314,BHKW 6
SEE958139545056,ABR947697469508,Biomasse,BHKW 4 (JMS 420 C25),Teileinspeisung (einschließlich Eigenverbrauch),1562,25821,Nordfriesland,Vollstedt,Dörpsstraat,5,Schleswig-Holstein,9.030962,54.625462,2025,NA,FALSE,Biogas,KWK998608745730,BHKW 4 (JMS 420 C25)
SEE936662407911,ABR920941200614,Biomasse,BHKW 5,Teileinspeisung (einschließlich Eigenverbrauch),1561,85462,Erding,Eitting,Am Kompostwerk,5,Bayern,11.862262,48.371475,2023,NA,FALSE,Biogas,KWK937765950717,BHKW 5
SEE975893092534,ABR913796644450,Biomasse,BHKW 2023,Volleinspeisung,1562,31234,Peine,Edemissen,Bergstraße,2,Niedersachsen,10.261732,52.425295,2023,NA,FALSE,Biogas,KWK976424569754,BHKW 2023
SEE946948272249,ABR979644411834,Biomasse,BGA Wallstawe - BHKW 1,Teileinspeisung (einschließlich Eigenverbrauch),1067,29413,Altmarkkreis Salzwedel,Wallstawe,Molkereistraße,30,Sachsen-Anhalt,11.019623,52.788881,2027,NA,FALSE,Biogas,NA,BGA Wallstawe - BHKW 1
SEE967237054209,ABR935165941342,Biomasse,BHKW 7,Volleinspeisung,1248,91629,Ansbach,Weihenzell,NA,NA,Bayern,10.62468,49.351771,2024,NA,FALSE,Biogas,NA,BHKW 7
SEE982541050754,ABR935165941342,Biomasse,Neuanlage BHKW 1,Volleinspeisung,1562,91629,Ansbach,Weihenzell,NA,NA,Bayern,10.621054,49.348887,2025,NA,FALSE,Biogas,KWK982430635802,Neuanlage BHKW 1
SEE946863842312,ABR947551734568,Biomasse,ENARO Flex,Volleinspeisung,2547,89446,Dillingen a.d. Donau,Ziertheim,Reistinger Straße,7,Bayern,10.405079,48.660162,2026,NA,FALSE,Biogas,NA,ENARO Flex
SEE949048855701,ABR995248066850,Biomasse,BHKW 3,Volleinspeisung,1202,48231,Warendorf,Warendorf,Einener Dorfbauerschaft,28,Nordrhein-Westfalen,7.912646,51.96807,2023,NA,FALSE,Biogas,KWK903764989812,BHKW 3
SEE906425399081,ABR935165941342,Biomasse,Neuanlage BHKW 2,Volleinspeisung,1562,91629,Ansbach,Weihenzell,NA,NA,Bayern,10.620979,49.348851,2025,NA,FALSE,Biogas,KWK982430635802,Neuanlage BHKW 2
SEE941089298653,ABR938405058961,Biomasse,BHKW Jen 2023,Teileinspeisung (einschließlich Eigenverbrauch),1558,91802,Weißenburg-Gunzenhausen,Meinheim,NA,NA,Bayern,10.815689,49.031552,2025,NA,FALSE,Biogas,NA,BHKW Jen 2023
SEE953519333124,ABR980194622298,Biomasse,Bioabfall- Vergärungsanlage Nordoberpfalz GmbH ＆ Co.KG,Volleinspeisung,1248,92729,Neustadt a.d. Waldnaab,Weiherhammer,NA,NA,Bayern,12.020943,49.643317,2024,NA,FALSE,Biogas,NA,Bioabfall- Vergärungsanlage Nordoberpfalz GmbH ＆ Co.KG
SEE972512208048,ABR980194622298,Biomasse,Bioabfall- Vergärungsanlage Nordoberpfalz GmbH ＆ Co.KG_2,Volleinspeisung,1248,92729,Neustadt a.d. Waldnaab,Weiherhammer,NA,NA,Bayern,12.021079,49.643254,2024,NA,FALSE,Biogas,NA,Bioabfall- Vergärungsanlage Nordoberpfalz GmbH ＆ Co.KG_2
SEE983836934339,ABR991864085046,Biomasse,BHKW Ziegeldamm 1248 kw,Volleinspeisung,1248,26219,Cloppenburg,Bösel,NA,NA,Niedersachsen,7.907914,52.998353,2023,NA,FALSE,Biogas,KWK955090242826,BHKW Ziegeldamm 1248 kw
SEE920704094856,ABR990058416109,Biomasse,BHKW 5,Volleinspeisung,2006,25584,Steinburg,Holstenniendorf,Kirchenweg,50,Schleswig-Holstein,9.377627,54.039244,2027,NA,FALSE,Biogas,NA,BHKW 5
SEE915542058207,NA,Biomasse,Rheine Kanalhafen BHKW 1,Teileinspeisung (einschließlich Eigenverbrauch),1561,48432,Steinfurt,Rheine,NA,NA,Nordrhein-Westfalen,7.50031,52.298633,2024,2025,TRUE,Biogas,KWK905279384007,Rheine Kanalhafen BHKW 1
SEE943763957955,ABR928065335663,Biomasse,Rheine Kanalhafen BHKW 2,Teileinspeisung (einschließlich Eigenverbrauch),1562,48432,Steinfurt,Rheine,NA,NA,Nordrhein-Westfalen,7.50031,52.298633,2025,NA,FALSE,Biogas,KWK933855485114,Rheine Kanalhafen BHKW 2
SEE903618939512,ABR928065335663,Biomasse,Rheine Kanalhafen BHKW 3,Teileinspeisung (einschließlich Eigenverbrauch),1562,48432,Steinfurt,Rheine,NA,NA,Nordrhein-Westfalen,7.50031,52.298633,2025,NA,FALSE,Biogas,KWK933855485114,Rheine Kanalhafen BHKW 3
SEE980812246394,ABR906741125494,Biomasse,Tannenschachen BHKW 1,Teileinspeisung (einschließlich Eigenverbrauch),1562,88450,Biberach,Berkheim,Tannenschachen,1,Baden-Württemberg,10.080065,48.054894,2026,NA,FALSE,Biogas,NA,Tannenschachen BHKW 1
SEE990994054281,ABR971097913187,Biomasse,"BGA Dolgelin, BHKW 2 (Flex)",Volleinspeisung,1625,15306,Märkisch-Oderland,Lindendorf,Hauptstraße,7 B,Brandenburg,14.41104,52.493499,2023,NA,FALSE,Biogas,KWK958874584440,"BGA Dolgelin, BHKW 2 (Flex)"
SEE929163320407,ABR994060461515,Biomasse,Biogasanlage Hohennauen 3,Volleinspeisung,1169,14715,Havelland,Seeblick,Am Dudel,2,Brandenburg,12.354955,52.675106,2023,NA,FALSE,Biogas,KWK985474607910,Biogasanlage Hohennauen 3
SEE962313417640,ABR926231046665,Biomasse,Bioabfallbehandlungsanlage mit Vergärungsstufe BHKW 2,Volleinspeisung,1067,47475,Wesel,Kamp-Lintfort,Asdonkstraße,33,Nordrhein-Westfalen,6.570795,51.522078,2023,NA,FALSE,Biogas,KWK996147145691,Bioabfallbehandlungsanlage mit Vergärungsstufe BHKW 2
SEE942522088909,ABR943310923617,Biomasse,Biogasanlage Hennersdorf BHKW 4,Volleinspeisung,2300,01744,Sächsische Schweiz-Osterzgebirge,Dippoldiswalde,Obere Dorfstraße,23 b,Sachsen,13.636807,50.823679,2023,NA,FALSE,Biogas,KWK966811542903,Biogasanlage Hennersdorf BHKW 4
SEE950611598741,ABR991382516480,Biomasse,BHKW 5,Volleinspeisung,1169,31234,Peine,Edemissen,NA,NA,Niedersachsen,10.347126,52.40901,2023,NA,FALSE,Biogas,KWK925226728746,BHKW 5
SEE985575362435,ABR918483294475,Biomasse,BHKW 6,Volleinspeisung,1561,86751,Donau-Ries,Mönchsdeggingen,Schaffhausen,65,Bayern,10.643396,48.754474,2026,NA,FALSE,Biogas,NA,BHKW 6
SEE931529086803,ABR955548271224,Biomasse,2G Avus1000,Teileinspeisung (einschließlich Eigenverbrauch),1248,32257,Herford,Bünde,NA,NA,Nordrhein-Westfalen,8.596705,52.215998,2023,NA,FALSE,Biogas,NA,2G Avus1000
SEE975620035216,ABR982751027010,Biomasse,Pyrolyseanlage HN SWS AG,Teileinspeisung (einschließlich Eigenverbrauch),1050,74076,Heilbronn,Heilbronn,Salzgrund,67,Baden-Württemberg,9.214022,49.167299,2024,NA,FALSE,Holzgas (Gas Biomasse),KWK918118315391,Pyrolyseanlage HN SWS AG
SEE986408405053,ABR934669614394,Biomasse,BHKW4,Volleinspeisung,1561,52538,Heinsberg,Gangelt,NA,NA,Nordrhein-Westfalen,6.069987,51.006326,2024,NA,FALSE,Biogas,NA,BHKW4
SEE909392640422,ABR985568466249,Biomasse,"BGA Lochtum, BHKW2 (Flex)",Teileinspeisung (einschließlich Eigenverbrauch),1202,38690,Goslar,Goslar,NA,NA,Niedersachsen,10.60223,51.91996,2024,NA,FALSE,Biogas,KWK975565754326,"BGA Lochtum, BHKW2 (Flex)"
SEE985288624219,ABR932434151709,Biomasse,EBI V BHKW 2,Volleinspeisung,1021,01968,Oberspreewald-Lausitz,Senftenberg,NA,NA,Brandenburg,13.970135,51.512123,2006,NA,FALSE,Biogas,KWK993156669934,EBI V BHKW 2
SEE902162929024,ABR932434151709,Biomasse,EBI V BHKW 3,Volleinspeisung,1021,01968,Oberspreewald-Lausitz,Senftenberg,NA,NA,Brandenburg,13.969548,51.511956,2006,NA,FALSE,Biogas,KWK993156669934,EBI V BHKW 3
SEE905797586686,ABR985422202853,Biomasse,Barsikow BHKW,Volleinspeisung,1166,16845,Ostprignitz-Ruppin,Barsikow,Bahnhofstraße,1,Brandenburg,12.511877,52.854452,2027,NA,FALSE,Biomethan (Bioerdgas),NA,Barsikow BHKW
SEE960441405409,ABR926253740435,Biomasse,Biogas Neu,Volleinspeisung,1248,91332,Bamberg,Heiligenstadt,Brunn,38,Bayern,11.168427,49.895065,2026,NA,FALSE,Biogas,KWK906378115042,Biogas Neu
SEE931636788935,ABR912625389425,Biomasse,Schollbünd,Teileinspeisung (einschließlich Eigenverbrauch),1562,76547,Rastatt,Sinzheim,NA,NA,Baden-Württemberg,8.153372,48.749095,2027,NA,FALSE,Biogas,NA,Schollbünd
SEE915512429167,ABR912050974739,Biomasse,"BmHKW PRÜM-Türenwerk 2024 Generator 3,3 MW",Teileinspeisung (einschließlich Eigenverbrauch),3308,54595,Eifelkreis Bitburg-Prüm,Weinsheim,Andreas-Stihl-Straße,1,Rheinland-Pfalz,6.486657,50.225915,2025,NA,FALSE,"Altholz, Gebrauchtholz, Holz(sperr)müll",KWK978665316999,"BmHKW PRÜM-Türenwerk 2024 Generator 3,3 MW"
SEE930528221833,ABR920686166442,Biomasse,BHKW 1,Teileinspeisung (einschließlich Eigenverbrauch),1562,88416,Biberach,Erlenmoos,NA,NA,Baden-Württemberg,9.96282,48.038621,2026,NA,FALSE,Biogas,NA,BHKW 1
SEE983659383482,ABR920686166442,Biomasse,BHKW 2,Teileinspeisung (einschließlich Eigenverbrauch),1562,88416,Biberach,Erlenmoos,NA,NA,Baden-Württemberg,9.963196,48.038564,2026,NA,FALSE,Biogas,NA,BHKW 2
SEE974688222200,ABR906741125494,Biomasse,Tannenschachen BHKW 2,Teileinspeisung (einschließlich Eigenverbrauch),1562,88450,Biberach,Berkheim,Tannenschachen,1,Baden-Württemberg,10.080065,48.054894,2026,NA,FALSE,Biogas,NA,Tannenschachen BHKW 2
SEE911645580614,ABR983701635361,Biomasse,Rohrdorfer Energie,Teileinspeisung (einschließlich Eigenverbrauch),7650,83101,Rosenheim,Rohrdorf,Sinning,1,Bayern,12.18192,47.793019,2012,NA,FALSE,Feste biogene Stoffe und Abfälle (ohne Holz),NA,Rohrdorfer Energie
SEE928157748814,ABR944227702494,Biomasse,Flexibilisierung BGA,Volleinspeisung,1100,31714,Schaumburg,Lauenhagen,Hauptstraße,50,Niedersachsen,9.210069,52.379185,2026,NA,FALSE,Biogas,KWK986172917035,Flexibilisierung BGA
SEE962273526741,ABR966155541327,Biomasse,BGA Methau BHKW 2,Volleinspeisung,1067,09306,Mittelsachsen,Zettlitz,Straße der Jugend,68,Sachsen,12.857441,51.080131,2025,NA,FALSE,Biogas,KWK903822639482,BGA Methau BHKW 2
SEE901555536092,ABR910872013292,Biomasse,BHKW 1 neu,Volleinspeisung,1150,27232,Diepholz,Sulingen,Klein Lessen,3,Niedersachsen,8.770583,52.657462,2024,NA,FALSE,Biogas,KWK934623130373,BHKW 1 neu
SEE938990134545,ABR963996598664,Biomasse,MVB Borsigstraße Holz 24,Teileinspeisung (einschließlich Eigenverbrauch),20520,22113,Hamburg,Hamburg,Borsigstraße,6,Hamburg,10.074323,53.533142,2005,NA,FALSE,"Altholz, Gebrauchtholz, Holz(sperr)müll",KWK957694316248,MVB Borsigstraße Holz 24
SEE914365805029,ABR902447264949,Biomasse,"Biomethan BHKW Hannover Herrenhausen, Motor 2",Volleinspeisung,4500,30419,Region Hannover,Hannover,Leinhäuser Weg,5,Niedersachsen,9.681902,52.398848,2024,NA,FALSE,Biomethan (Bioerdgas),KWK939841009913,"Biomethan BHKW Hannover Herrenhausen, Motor 2"
SEE993205796611,ABR902447264949,Biomasse,"Biomethan BHKW Hannover Herrenhausen, Motor 4",Volleinspeisung,4500,30419,Region Hannover,Hannover,Leinhäuser Weg,5,Niedersachsen,9.682147,52.398972,2024,NA,FALSE,Biomethan (Bioerdgas),KWK939841009913,"Biomethan BHKW Hannover Herrenhausen, Motor 4"
SEE923391382282,ABR902447264949,Biomasse,"Biomethan BHKW Hannover Herrenhausen, Motor 5",Volleinspeisung,4500,30419,Region Hannover,Hannover,Leinhäuser Weg,5,Niedersachsen,9.682418,52.398824,2024,NA,FALSE,Biomethan (Bioerdgas),KWK939841009913,"Biomethan BHKW Hannover Herrenhausen, Motor 5"
SEE963709646453,ABR902447264949,Biomasse,"Biomethan BHKW Hannover Herrenhausen, Motor 3",Volleinspeisung,2000,30419,Region Hannover,Hannover,Leinhäuser Weg,5,Niedersachsen,9.682214,52.398879,2024,NA,FALSE,Biomethan (Bioerdgas),KWK939841009913,"Biomethan BHKW Hannover Herrenhausen, Motor 3"
SEE914873329253,ABR989946416765,Biomasse,BHKW Jenbacher 1560,Volleinspeisung,1562,27404,Rotenburg (Wümme),Heeslingen,Zum Pferdeberg,4,Niedersachsen,9.310637,53.333975,2024,NA,FALSE,Biogas,KWK912706083228,BHKW Jenbacher 1560
SEE976367618755,ABR902447264949,Biomasse,Biomethan BHKW 2 Hannover Stöcken,Volleinspeisung,4500,30419,Region Hannover,Hannover,Stelinger Straße,19,Niedersachsen,9.644711,52.421045,2024,NA,FALSE,Biomethan (Bioerdgas),KWK940646133390,Biomethan BHKW 2 Hannover Stöcken
SEE958806714600,ABR902447264949,Biomasse,Biomethan BHKW 3 Hannover Stöcken,Volleinspeisung,2000,30419,Region Hannover,Hannover,Stelinger Straße,19,Niedersachsen,9.644565,52.421066,2024,NA,FALSE,Biomethan (Bioerdgas),KWK940646133390,Biomethan BHKW 3 Hannover Stöcken
SEE933011205846,ABR902447264949,Biomasse,Biomethan BHKW 4 Hannover Stöcken,Volleinspeisung,4500,30419,Region Hannover,Hannover,Stelinger Straße,19,Niedersachsen,9.64463,52.421074,2024,NA,FALSE,Biomethan (Bioerdgas),KWK940646133390,Biomethan BHKW 4 Hannover Stöcken
SEE998877345112,ABR902447264949,Biomasse,Biomethan BHKW 5 Hannover Stöcken,Volleinspeisung,4500,30419,Region Hannover,Hannover,Stelinger Straße,19,Niedersachsen,9.644577,52.421072,2024,NA,FALSE,Biomethan (Bioerdgas),KWK940646133390,Biomethan BHKW 5 Hannover Stöcken
SEE912358794558,ABR968696582333,Biomasse,EEG Anlage Jenbacher 1248 kW,Volleinspeisung,1248,33803,Gütersloh,Steinhagen,Queller Straße,75,Nordrhein-Westfalen,8.434499,51.996963,2024,NA,FALSE,Biogas,KWK991813889640,EEG Anlage Jenbacher 1248 kW
SEE941863073926,ABR938489605259,Biomasse,BHKW BGA Bohmte,Teileinspeisung (einschließlich Eigenverbrauch),1248,49163,Osnabrück,Bohmte,Donaustraße,4,Niedersachsen,8.26706,52.346913,2025,NA,FALSE,Biogas,KWK903266813974,BHKW BGA Bohmte
SEE915160266381,ABR974209094408,Biomasse,Jenbacher 420 Flex 1558 kw,Volleinspeisung,1558,49577,Osnabrück,Ankum,Zum Hof Lienesch,1,Niedersachsen,7.875981,52.5338,2025,NA,FALSE,Biogas,KWK901372840914,Jenbacher 420 Flex 1558 kw
SEE922582490027,ABR990752860598,Biomasse,Klärwerk Waßmannsdorf BHKW Modul 6,Teileinspeisung (einschließlich Eigenverbrauch),1200,12529,Dahme-Spreewald,Schönefeld,Straße am Klärwerk,4,Brandenburg,13.470075,52.37987,2024,NA,FALSE,Klärgas,KWK953354373675,Klärwerk Waßmannsdorf BHKW Modul 6
SEE957887068664,ABR940585564767,Biomasse,neues BHKW,Volleinspeisung,1950,48455,Grafschaft Bentheim,Bad Bentheim,Zum Golfplatz,3,Niedersachsen,7.157354,52.280813,2026,NA,FALSE,Biogas,KWK979877247767,neues BHKW
SEE961464862798,ABR900021813880,Biomasse,BHKW IV,Volleinspeisung,1248,27249,Diepholz,Mellinghausen,Zur Wassermühle,18,Niedersachsen,8.900179,52.709626,2024,NA,FALSE,Biogas,KWK988579816447,BHKW IV
SEE991604374133,ABR942966862356,Biomasse,Sat BHKW Schulzentrum Weikersheim I,Volleinspeisung,1561,97990,Main-Tauber-Kreis,Weikersheim,NA,NA,Baden-Württemberg,9.90686,49.477113,2025,NA,FALSE,Biogas,KWK957014698023,Sat BHKW Schulzentrum Weikersheim I
SEE989576478980,ABR978926938823,Biomasse,SWZ_SatellitenBHKW2,Volleinspeisung,1562,06712,Burgenlandkreis,Zeitz,Geußnitzer Straße,74,Sachsen-Anhalt,12.158526,51.036697,2027,NA,FALSE,Biogas,KWK910147231697,SWZ_SatellitenBHKW2
SEE915088492008,ABR978926938823,Biomasse,SWZ_SatellitenBHKW1,Volleinspeisung,1562,06712,Burgenlandkreis,Zeitz,Geußnitzer Straße,74,Sachsen-Anhalt,12.158526,51.036697,2027,NA,FALSE,Biogas,KWK963201941308,SWZ_SatellitenBHKW1
SEE998192749435,ABR978926938823,Biomasse,SWZ_SatellitenBHKW3,Volleinspeisung,1562,06712,Burgenlandkreis,Zeitz,Geußnitzer Straße,74,Sachsen-Anhalt,12.158526,51.036697,2027,NA,FALSE,Biogas,KWK963201941308,SWZ_SatellitenBHKW3
SEE977055597413,ABR944518781597,Biomasse,Schwab Energie Gmbh Satellit BHKW 1,Volleinspeisung,1562,79787,Waldshut,Lauchringen,NA,NA,Baden-Württemberg,8.33443,47.625888,2026,NA,FALSE,Biogas,KWK977387109582,Schwab Energie Gmbh Satellit BHKW 1
SEE921553748501,ABR944518781597,Biomasse,Schwab Energie Gmbh Satellit BHKW 2,Volleinspeisung,1562,79787,Waldshut,Lauchringen,NA,NA,Baden-Württemberg,8.33443,47.625888,2026,NA,FALSE,Biogas,KWK977387109582,Schwab Energie Gmbh Satellit BHKW 2
SEE975312509339,ABR910842038065,Biomasse,BHKW5,Volleinspeisung,1561,84553,Altötting,Halsbach,Zaun,22,Bayern,12.669445,48.109655,2025,NA,FALSE,Biogas,KWK936505788993,BHKW5
SEE945914781426,ABR942966862356,Biomasse,Sat BHKW Schulzentrum Weikersheim II,Volleinspeisung,1561,97990,Main-Tauber-Kreis,Weikersheim,NA,NA,Baden-Württemberg,9.906821,49.477117,2026,NA,FALSE,Biogas,KWK957014698023,Sat BHKW Schulzentrum Weikersheim II
SEE974256234383,ABR972704374032,Biomasse,Limeshof Biogas 1,Volleinspeisung,1562,74831,Heilbronn,Gundelsheim,NA,NA,Baden-Württemberg,9.198866,49.289865,2026,NA,FALSE,Biogas,KWK952461564051,Limeshof Biogas 1
SEE950527448291,ABR972704374032,Biomasse,Limeshof Biogas 2,Volleinspeisung,1562,74831,Heilbronn,Gundelsheim,NA,NA,Baden-Württemberg,9.198562,49.289721,2026,NA,FALSE,Biogas,KWK999754137233,Limeshof Biogas 2
SEE943393416815,ABR954018996674,Biomasse,BHKW 4 SAT Tannenweg,Volleinspeisung,1561,25842,Nordfriesland,Langenhorn,Tannenweg,3 a,Schleswig-Holstein,8.970215,54.688479,2026,NA,FALSE,Biogas,KWK949482563392,BHKW 4 SAT Tannenweg
SEE938941532307,ABR952340345931,Biomasse,"Biogas 1,56 MW",Teileinspeisung (einschließlich Eigenverbrauch),1561,84144,Landshut,Geisenhausen,Salksdorf,8,Bayern,12.261448,48.490391,2026,NA,FALSE,Biogas,KWK941282080499,"Biogas 1,56 MW"
SEE977169371695,ABR969629119565,Biomasse,Pfalz- Neuburg- Str 57 BHKW 1,Volleinspeisung,1561,89407,Dillingen a.d. Donau,Dillingen,NA,NA,Bayern,10.545078,48.60167,2027,NA,FALSE,Biogas,KWK983665696231,Pfalz- Neuburg- Str 57 BHKW 1
SEE942415686298,ABR938518109499,Biomasse,Reitersgäßchen 6  BHKW 1,Volleinspeisung,1561,91610,Ansbach,Insingen,NA,NA,Bayern,10.157971,49.301462,2025,NA,FALSE,Biogas,KWK959483627818,Reitersgäßchen 6  BHKW 1
SEE972790408376,ABR904671901713,Biomasse,Satelliten-Anlage Hamlar,Volleinspeisung,1561,86663,Donau-Ries,Asbach-Bäumenheim,NA,NA,Bayern,10.822361,48.69297,2026,NA,FALSE,Biogas,KWK932649323861,Satelliten-Anlage Hamlar
SEE904680103863,ABR904671901713,Biomasse,Satelliten-Anlage Hamlar 2,Volleinspeisung,1561,86663,Donau-Ries,Asbach-Bäumenheim,NA,NA,Bayern,10.822226,48.692958,2026,NA,FALSE,Biogas,KWK932649323861,Satelliten-Anlage Hamlar 2
SEE996407201303,ABR938518109499,Biomasse,Reitersgäßchen 6 BHKW 2,Volleinspeisung,1561,91610,Ansbach,Insingen,NA,NA,Bayern,10.158077,49.301409,2025,NA,FALSE,Biogas,KWK959483627818,Reitersgäßchen 6 BHKW 2
SEE987143133898,ABR902089039363,Biomasse,BG Neuhaus 1500 BHKW 4,Volleinspeisung,1562,21785,Cuxhaven,Neuhaus,Intzenbüttel,4,Niedersachsen,9.021839,53.790054,2025,NA,FALSE,Biogas,KWK933688888298,BG Neuhaus 1500 BHKW 4
SEE910139584411,ABR925427341607,Biomasse,BGA Stuhr BHKW 2 (Flex),Volleinspeisung,1248,28816,Diepholz,Stuhr,Harpstedter Straße,171,Niedersachsen,8.685442,52.977956,2025,NA,FALSE,Biogas,KWK951934878732,BGA Stuhr BHKW 2 (Flex)
SEE997711105394,ABR917653892602,Biomasse,Flex BHKW,Volleinspeisung,1248,27404,Rotenburg (Wümme),Heeslingen,Sellhorn,1,Niedersachsen,9.4258,53.34579,2025,NA,FALSE,Biogas,KWK972548111848,Flex BHKW
SEE914276586666,ABR975352972360,Biomasse,Agrar-Energie 320,Volleinspeisung,1067,48496,Steinfurt,Hopsten,Hauernweg,17,Nordrhein-Westfalen,7.614011,52.357187,2024,NA,FALSE,Biogas,KWK915283984582,Agrar-Energie 320
SEE937793735867,ABR973818450681,Biomasse,Flex BHKW MTU,Volleinspeisung,1169,24992,Schleswig-Flensburg,Janneby,Gravelunder Weg,10,Schleswig-Holstein,9.308594,54.642096,2025,NA,FALSE,Biogas,KWK966589210400,Flex BHKW MTU
SEE996819602514,ABR927180638253,Biomasse,Abr927180638253,Volleinspeisung,1067,86462,Augsburg,Langweid,Kellerberg,1,Bayern,10.828696,48.482626,2025,NA,FALSE,Biogas,KWK961219075749,Abr927180638253
SEE914885419942,ABR959442449437,Biomasse,Biomasse-KWK-Anlage Kerkingen,Teileinspeisung (einschließlich Eigenverbrauch),9162,73441,Ostalbkreis,Bopfingen,Schneidheimer Straße,2,Baden-Württemberg,10.347468,48.911267,2025,NA,FALSE,Rinde und Landschaftspflegeholz,KWK958729115522,Biomasse-KWK-Anlage Kerkingen
SEE958529832940,ABR993313566755,Biomasse,BHKW 2G Jenbacher,Volleinspeisung,1200,30890,Region Hannover,Barsinghausen,NA,NA,Niedersachsen,9.477169,52.355441,2024,NA,FALSE,Biogas,KWK965800259006,BHKW 2G Jenbacher
SEE973646908521,ABR985723973919,Biomasse,BHKW III,Teileinspeisung (einschließlich Eigenverbrauch),1202,25884,Nordfriesland,Viöl,Dammluker Weg,1,Schleswig-Holstein,9.168871,54.559223,2025,NA,FALSE,Biogas,KWK962780375979,BHKW III
SEE959235831258,ABR926117711076,Biomasse,"BHKW, 8V4000, flex",Teileinspeisung (einschließlich Eigenverbrauch),1012,88512,Sigmaringen,Mengen,Carl-Schlösser-Straße,11,Baden-Württemberg,9.346585,48.059141,2025,NA,FALSE,Biogas,KWK941952146074,"BHKW, 8V4000, flex"
SEE977531111287,ABR900237126514,Biomasse,BHKW 1 Wollomoos,Volleinspeisung,1561,85250,Dachau,Altomünster,NA,NA,Bayern,11.191431,48.402662,2025,NA,FALSE,Biogas,KWK947162724828,BHKW 1 Wollomoos
SEE941486206619,ABR900237126514,Biomasse,BHKW 2 Wollomoos,Volleinspeisung,1561,85250,Dachau,Altomünster,NA,NA,Bayern,11.191331,48.402639,2025,NA,FALSE,Biogas,KWK947162724828,BHKW 2 Wollomoos
SEE971137271031,ABR928844178122,Biomasse,Turbine 3,Volleinspeisung,1857,15837,Teltow-Fläming,Baruth,An der Birkenpfuhlheide,3,Brandenburg,13.515908,52.075588,2025,NA,FALSE,"Altholz, Gebrauchtholz, Holz(sperr)müll",KWK910024287465,Turbine 3
SEE935164707246,ABR999017075944,Biomasse,Hiller Biogas Sat 2 BHKW 6,Volleinspeisung,1560,32479,Minden-Lübbecke,Hille,NA,NA,Nordrhein-Westfalen,8.73422,52.341092,2025,NA,FALSE,Biogas,KWK979099089763,Hiller Biogas Sat 2 BHKW 6
SEE933728812863,ABR955491288522,Biomasse,Schleswig BHKW 1.067,Volleinspeisung,1067,24837,Schleswig-Flensburg,Schleswig,Mühlental,4,Schleswig-Holstein,9.563532,54.525248,2027,NA,FALSE,Biogas,NA,Schleswig BHKW 1.067
SEE981785214700,ABR951544201272,Biomasse,Schloßstraße MTU 1169,Volleinspeisung,1169,33034,Höxter,Brakel,Schloßstraße,1,Nordrhein-Westfalen,9.12,51.65,2024,NA,FALSE,Biogas,KWK913964302618,Schloßstraße MTU 1169
SEE902216854470,ABR921826352497,Biomasse,Biogasanlage 2025,Volleinspeisung,3124,84164,Dingolfing-Landau,Moosthenning,Eglhof,2,Bayern,12.426379,48.698094,2026,NA,FALSE,Biogas,NA,Biogasanlage 2025
SEE959692941545,ABR901318264880,Biomasse,1561 KW Wolferstadt,Volleinspeisung,1561,86709,Donau-Ries,Wolferstadt,NA,NA,Bayern,10.773017,48.905869,2026,NA,FALSE,Biogas,KWK973301692925,1561 KW Wolferstadt
SEE989371105630,ABR996156769239,Biomasse,Anlage 5,Volleinspeisung,1562,48496,Steinfurt,Hopsten,Lange Str.,11,Nordrhein-Westfalen,7.668932,52.424853,2025,NA,FALSE,Biogas,KWK915006050655,Anlage 5
SEE918008168533,ABR914796104364,Biomasse,KG IV,Volleinspeisung,1168,27412,Rotenburg (Wümme),Breddorf,NA,NA,Niedersachsen,9.074138,53.312533,2025,NA,FALSE,Biogas,KWK909632152388,KG IV
SEE985800973689,ABR982629095516,Biomasse,JMS 416 C25,Volleinspeisung,1248,46395,Borken,Bocholt,Schüttensteiner Weg,14,Nordrhein-Westfalen,6.529442,51.833828,2025,NA,FALSE,Biogas,KWK957429313702,JMS 416 C25
SEE927547194453,ABR990752860598,Biomasse,Klärwerk Schönerlinde BHKW 1,Teileinspeisung (einschließlich Eigenverbrauch),1400,16348,Barnim,Wandlitz,Mühlenbecker Straße,9,Brandenburg,13.415531,52.661131,2025,NA,FALSE,Klärgas,KWK947774596059,Klärwerk Schönerlinde BHKW 1
SEE998347394978,ABR946550179400,Biomasse,BHKW 3,Volleinspeisung,1604,49767,Emsland,Twist,Hebelermeer,8,Niedersachsen,7.096685,52.745686,2025,NA,FALSE,Biogas,KWK915300377793,BHKW 3
SEE945756897149,ABR948091314388,Biomasse,Dinslakener Holz-Energiezentrum BTE,Teileinspeisung (einschließlich Eigenverbrauch),8435,46535,Wesel,Dinslaken,Thyssenstraße,155,Nordrhein-Westfalen,6.752788,51.556022,2024,NA,FALSE,"Altholz, Gebrauchtholz, Holz(sperr)müll",KWK994856914171,Dinslakener Holz-Energiezentrum BTE
SEE941498728123,ABR952140040159,Biomasse,Holz-Heizkraftwerk Chemnitz-Sigmar,Teileinspeisung (einschließlich Eigenverbrauch),7500,09117,Chemnitz,Chemnitz,NA,NA,Sachsen,12.857136,50.810753,2027,NA,FALSE,"Wald-Holzhackschnitzel, Wald-Scheitholz, -Kronenholz",KWK952355242997,Holz-Heizkraftwerk Chemnitz-Sigmar
SEE975826669642,ABR962099058167,Biomasse,Biogas BHKW Heizzentrale Mülhausen,Volleinspeisung,1560,47929,Viersen,Grefrath,Hauptstraße,87,Nordrhein-Westfalen,6.363749,51.344562,2027,NA,FALSE,Biogas,KWK921829574483,Biogas BHKW Heizzentrale Mülhausen
SEE924093591903,ABR985694567797,Biomasse,Biogasverstromung Lewitz BHKW 1,Volleinspeisung,3356,19306,Ludwigslust-Parchim,Neustadt-Glewe,NA,NA,Mecklenburg-Vorpommern,11.538918,53.368112000000004,2027,NA,FALSE,Biogas,KWK987977516621,Biogasverstromung Lewitz BHKW 1
SEE956157457757,ABR990305998617,Biomasse,BHKW 4,Volleinspeisung,1745,91448,Neustadt a.d. Aisch-Bad Windsheim,Emskirchen,Mausdorf,47,Bayern,10.805235,49.543157,2025,NA,FALSE,Biogas,KWK966391821603,BHKW 4
SEE977133734877,ABR932021114797,Biomasse,BHKW1-JMS420,Teileinspeisung (einschließlich Eigenverbrauch),1562,25799,Dithmarschen,Wrohm,Stichweg,2,Schleswig-Holstein,9.373062,54.212762,2026,NA,FALSE,Biogas,KWK988751027029,BHKW1-JMS420
SEE948161802449,ABR970064774073,Biomasse,BHKW 10,Volleinspeisung,1521,26169,Cloppenburg,Friesoythe,Im Alten Haferland,6,Niedersachsen,7.756056,52.988786,2026,NA,FALSE,Biogas,KWK991384316477,BHKW 10
SEE963933105269,ABR970064774073,Biomasse,BHKW 11,Volleinspeisung,1521,26169,Cloppenburg,Friesoythe,Im Alten Haferland,6,Niedersachsen,7.756056,52.988786,2026,NA,FALSE,Biogas,KWK991384316477,BHKW 11
SEE924567063400,ABR961515611580,Biomasse,Satelliten Anlage,Volleinspeisung,1604,90574,Fürth,Roßtal,NA,NA,Bayern,10.94108,49.38401,2026,NA,FALSE,Biogas,KWK995185987058,Satelliten Anlage
SEE961565836377,ABR961515611580,Biomasse,Satelliten Anlage BHKW 2,Volleinspeisung,1604,90574,Fürth,Roßtal,NA,NA,Bayern,10.94108,49.38401,2026,NA,FALSE,Biogas,KWK995185987058,Satelliten Anlage BHKW 2
SEE903584574687,ABR948239224524,Biomasse,Sat 2 Biogas,Volleinspeisung,2937,24214,Rendsburg-Eckernförde,Gettorf,NA,NA,Schleswig-Holstein,9.977928,54.405314,2027,NA,FALSE,Biogas,KWK932193998805,Sat 2 Biogas
SEE999105239470,ABR948239224524,Biomasse,Sat 2 Biomethan,Volleinspeisung,4600,24214,Rendsburg-Eckernförde,Gettorf,Rosenweg,NA,Schleswig-Holstein,9.978366,54.405294,2027,NA,FALSE,Biomethan (Bioerdgas),KWK958359841372,Sat 2 Biomethan
SEE968505774249,ABR927873851846,Biomasse,NEU BHKW HS 1,Volleinspeisung,2032,56761,Cochem-Zell,Düngenheim,Töpferstraße,28,Rheinland-Pfalz,7.177893,50.255429,2027,NA,FALSE,Biogas,KWK998078257252,NEU BHKW HS 1
SEE935619131640,ABR927873851846,Biomasse,NEU BHKW HS 2,Volleinspeisung,2032,56761,Cochem-Zell,Düngenheim,Töpferstraße,28,Rheinland-Pfalz,7.177877,50.255422,2027,NA,FALSE,Biogas,NA,NEU BHKW HS 2
SEE980937959209,ABR921119766505,Biomasse,Schmeink Energie GbR BHKW 1,Volleinspeisung,1248,33034,Höxter,Brakel,Am Mühlenwald,5,Nordrhein-Westfalen,9.256381,51.707661,2027,NA,FALSE,Biogas,KWK984773230645,Schmeink Energie GbR BHKW 1
SEE943118445748,ABR915350214857,Biomasse,Joos Holzgas-Pyrolyse-Anlage,Volleinspeisung,1900,88239,Ravensburg,Wangen,Elitz,10,Baden-Württemberg,9.820647,47.672745,2027,NA,FALSE,"Wald-Holzhackschnitzel, Wald-Scheitholz, -Kronenholz",KWK964974097865,Joos Holzgas-Pyrolyse-Anlage
SEE915239967812,ABR936655027225,Biomasse,SAT-BHKW Neuanlage Alt-Dörphof,Volleinspeisung,1561,24398,Rendsburg-Eckernförde,Dörphof,NA,NA,Schleswig-Holstein,9.97441,54.618871,2026,NA,FALSE,Biogas,KWK944094391937,SAT-BHKW Neuanlage Alt-Dörphof
SEE933112059522,ABR931560697228,Biomasse,AB 1561,Volleinspeisung,1561,90599,Ansbach,Dietenhofen,NA,NA,Bayern,10.673796,49.417328,2025,NA,FALSE,Biogas,KWK915344468327,AB 1561
SEE991978710971,ABR927873851846,Biomasse,NEU BHKW Sat 1,Volleinspeisung,2032,56761,Cochem-Zell,Düngenheim,Töpferstraße,28,Rheinland-Pfalz,7.156943,50.265597,2029,NA,FALSE,Biogas,NA,NEU BHKW Sat 1
SEE921461233458,ABR927873851846,Biomasse,NEU BHKW Sat 2,Volleinspeisung,2032,56761,Cochem-Zell,Düngenheim,Töpferstraße,28,Rheinland-Pfalz,7.156943,50.265597,2029,NA,FALSE,Biogas,NA,NEU BHKW Sat 2
SEE907128702925,ABR919581144037,Biomasse,"BGA Gröbern, Radeburger Str. 65, BHKW neu",Volleinspeisung,1563,01689,Meißen,Niederau,Radeburger Straße,65,Sachsen,13.552019,51.197932,2025,NA,FALSE,Biogas,KWK969293941981,"BGA Gröbern, Radeburger Str. 65, BHKW neu"
SEE903819683740,ABR955615059878,Biomasse,Sat-BHKW 1 JMS 420,Volleinspeisung,1561,91483,Neustadt a.d. Aisch-Bad Windsheim,Oberscheinfeld,NA,NA,Bayern,10.476463,49.740042,2026,NA,FALSE,Biogas,KWK953144198631,Sat-BHKW 1 JMS 420
SEE994277708977,ABR955615059878,Biomasse,Sat-BHKW 2 JMS 420,Volleinspeisung,1561,91483,Neustadt a.d. Aisch-Bad Windsheim,Oberscheinfeld,NA,NA,Bayern,10.476463,49.740042,2026,NA,FALSE,Biogas,KWK953144198631,Sat-BHKW 2 JMS 420
SEE965533278329,ABR990194298409,Biomasse,BHKW 1 Jen 420,Volleinspeisung,1562,88527,Biberach,Unlingen,NA,NA,Baden-Württemberg,9.520417,48.171556,2026,NA,FALSE,Biogas,KWK939045948773,BHKW 1 Jen 420
SEE979219254200,ABR962620670233,Biomasse,BHKW Buch I,Volleinspeisung,1283,74585,Schwäbisch Hall,Rot am See,NA,NA,Baden-Württemberg,10.12858,49.319599,2026,NA,FALSE,Biogas,NA,BHKW Buch I
SEE983609741812,ABR990194298409,Biomasse,BHKW 2 Jen 420,Volleinspeisung,1562,88527,Biberach,Unlingen,NA,NA,Baden-Württemberg,9.520417,48.171556,2026,NA,FALSE,Biogas,KWK939045948773,BHKW 2 Jen 420
SEE998004511328,ABR987293593856,Biomasse,Energiespeicherprojekt Grüner Weg,Volleinspeisung,1519,48691,Borken,Vreden,NA,NA,Nordrhein-Westfalen,6.811203,52.037358,2026,NA,FALSE,Biogas,KWK950825436976,Energiespeicherprojekt Grüner Weg
SEE967774196639,ABR922178282838,Biomasse,BHKW Sat,Volleinspeisung,3352,27389,Rotenburg (Wümme),Helvesiek,NA,NA,Niedersachsen,9.509245,53.208054,2026,NA,FALSE,Biogas,KWK925707755001,BHKW Sat
SEE900002922488,ABR973046697438,Biomasse,SAT-BHKW-1,Volleinspeisung,1562,25785,Dithmarschen,Nordhastedt,NA,NA,Schleswig-Holstein,9.194484,54.163219,2026,NA,FALSE,Biogas,KWK997724691136,SAT-BHKW-1
SEE983144499612,ABR973046697438,Biomasse,SAT-BHKW-2,Volleinspeisung,1562,25785,Dithmarschen,Nordhastedt,NA,NA,Schleswig-Holstein,9.194655,54.163276,2026,NA,FALSE,Biogas,KWK997724691136,SAT-BHKW-2
SEE916317704749,ABR973046697438,Biomasse,SAT-BHKW-3,Volleinspeisung,1562,25785,Dithmarschen,Nordhastedt,NA,NA,Schleswig-Holstein,9.194688,54.163244,2026,NA,FALSE,Biogas,KWK997724691136,SAT-BHKW-3
SEE987130053383,ABR960038969826,Biomasse,Offenbergweg 6,Teileinspeisung (einschließlich Eigenverbrauch),1558,48432,Steinfurt,Rheine,Offenbergweg,21,Nordrhein-Westfalen,7.45464,52.32139,2025,NA,FALSE,Biogas,KWK920814309420,Offenbergweg 6
SEE907698436404,ABR960038969826,Biomasse,Offenbergweg 7,Teileinspeisung (einschließlich Eigenverbrauch),1558,48432,Steinfurt,Rheine,Offenbergweg,21,Nordrhein-Westfalen,7.45438,52.32128,2025,NA,FALSE,Biogas,KWK920814309420,Offenbergweg 7
SEE966660732050,ABR930989904009,Biomasse,Bioenergie 1248 kW,Teileinspeisung (einschließlich Eigenverbrauch),1248,48432,Steinfurt,Rheine,Am Bruchgraben,7,Nordrhein-Westfalen,7.497302,52.308612,2025,NA,FALSE,Biogas,NA,Bioenergie 1248 kW
SEE954979844960,ABR902411357325,Biomasse,BGA Pitschütz 3,Volleinspeisung,1067,01623,Meißen,Lommatzsch,Pitschütz,1,Sachsen,13.27041,51.192017,2027,NA,FALSE,Biogas,KWK974715130324,BGA Pitschütz 3
SEE914245274518,ABR920218415611,Biomasse,biogas2026,Volleinspeisung,1067,01833,Sächsische Schweiz-Osterzgebirge,Dürrröhrsdorf-Dittersbach,Porschendorfer Straße,10,Sachsen,13.998813,51.020864,2026,NA,FALSE,Biogas,KWK930146648722,biogas2026
SEE920030577917,ABR987299015772,Biomasse,Jenbacher JMS 416,Volleinspeisung,1248,96184,Haßberge,Rentweinsdorf,Losbergsgereuth,1,Bayern,10.83248,50.076644,2026,NA,FALSE,Biogas,KWK997904866699,Jenbacher JMS 416
SEE975420159440,ABR981699175647,Biomasse,Container 2G,Volleinspeisung,1180,97234,Würzburg,Reichenberg,Winterhauser Straße,2,Bayern,9.979591,49.699425,2025,NA,FALSE,Biogas,KWK937003416784,Container 2G
SEE912494951280,ABR950262350637,Biomasse,BHKW 5,Teileinspeisung (einschließlich Eigenverbrauch),1958,74635,Hohenlohekreis,Kupferzell,Bachstraße,48,Baden-Württemberg,9.639924,49.241726,2004,NA,FALSE,Biogas,KWK957048818534,BHKW 5
SEE943498780743,ABR984909845576,Biomasse,BHKW III,Teileinspeisung (einschließlich Eigenverbrauch),1561,24257,Plön,Köhn,Moorrehmen,2,Schleswig-Holstein,10.434606,54.355893,2025,NA,FALSE,Biogas,KWK934236861619,BHKW III
SEE960655790674,ABR953060775329,Biomasse,MTU RollsRoys 1013,Volleinspeisung,1014,94269,Regen,Rinchnach,Falkenstein,2,Bayern,13.165337,48.945182,2025,NA,FALSE,Biogas,KWK980303442953,MTU RollsRoys 1013
SEE966617449758,ABR938405058961,Biomasse,BHKW Jen 2025,Teileinspeisung (einschließlich Eigenverbrauch),1558,91802,Weißenburg-Gunzenhausen,Meinheim,Ehlheimer Straße,8,Bayern,10.814824,49.031447,2025,NA,FALSE,Biogas,KWK938411038797,BHKW Jen 2025
SEE950080168438,ABR998064175508,Biomasse,Jenbacher 1561,Volleinspeisung,1561,86720,Donau-Ries,Nördlingen,NA,NA,Bayern,10.516311,48.799501,2025,NA,FALSE,Biogas,KWK993036441292,Jenbacher 1561
SEE902336068917,ABR913190432509,Biomasse,Gasmotor TBE3.10.1,Teileinspeisung (einschließlich Eigenverbrauch),1380,84405,Erding,Dorfen,Nicklhub,1,Bayern,12.216979,48.285309,2025,NA,FALSE,Biogas,KWK910269804847,Gasmotor TBE3.10.1
SEE910738126821,ABR959459533242,Biomasse,AMF Bioenergie Marxheim GmbH ＆ Co. KG _ BHKW Jenbacher 1561 kW,Teileinspeisung (einschließlich Eigenverbrauch),1561,86688,Donau-Ries,Marxheim,Ghagweg,1,Bayern,10.936301,48.749941,2025,NA,FALSE,Biogas,KWK948069309279,AMF Bioenergie Marxheim GmbH ＆ Co. KG _ BHKW Jenbacher 1561 kW
SEE979731613240,ABR972415139685,Biomasse,Anlage Jenbacher 1561,Volleinspeisung,1560,86655,Donau-Ries,Harburg,Listhof,5,Bayern,10.712109,48.790382,2025,NA,FALSE,Biogas,KWK931688405668,Anlage Jenbacher 1561
SEE935961015322,ABR927786774829,Biomasse,BHKW 2.151 KW,Volleinspeisung,2151,49774,Emsland,Lähden,Buchenweg,1,Niedersachsen,7.5339,52.755242,2027,NA,FALSE,Biogas,KWK932875101707,BHKW 2.151 KW
SEE927959435953,ABR908529984491,Biomasse,Jenbacher 424,Volleinspeisung,2147,88299,Ravensburg,Leutkirch,Im Ösch,10,Baden-Württemberg,10.017337,47.79701,2026,NA,FALSE,Biogas,KWK998331747957,Jenbacher 424
SEE911640029415,ABR928072057787,Biomasse,Aggregat 3 Jenbacher 1561kw,Volleinspeisung,1561,86853,Augsburg,Langerringen,NA,NA,Bayern,10.760799,48.155983,2025,NA,FALSE,Biogas,KWK931754059863,Aggregat 3 Jenbacher 1561kw
SEE978879033972,ABR952608145372,Biomasse,BHKW 1,Volleinspeisung,2547,49626,Osnabrück,Berge,NA,NA,Niedersachsen,7.744301,52.613372,2027,NA,FALSE,Biomethan (Bioerdgas),KWK957536073575,BHKW 1
SEE952173845431,ABR952608145372,Biomasse,BHKW 2,Volleinspeisung,2547,49626,Osnabrück,Berge,NA,NA,Niedersachsen,7.744448,52.613417,2027,NA,FALSE,Biomethan (Bioerdgas),KWK957536073575,BHKW 2
SEE900199766216,ABR967084845432,Biomasse,MTU 12V4000L64,Volleinspeisung,1516,88637,Sigmaringen,Leibertingen,Bäumlehof,1,Baden-Württemberg,9.032008,48.052956,2027,NA,FALSE,Biogas,KWK973461973940,MTU 12V4000L64
SEE958417868228,ABR967084845432,Biomasse,MTU 12V4000L33,Volleinspeisung,1283,88637,Sigmaringen,Leibertingen,Bäumlehof,1,Baden-Württemberg,9.032296,48.053041,2026,NA,FALSE,Biogas,KWK973461973940,MTU 12V4000L33
SEE963860947567,ABR967084845432,Biomasse,Jenbacher 416,Volleinspeisung,1198,88637,Sigmaringen,Leibertingen,Bäumlehof,1,Baden-Württemberg,9.03225,48.053047,2027,NA,FALSE,Biogas,KWK973461973940,Jenbacher 416
SEE970814696105,ABR972020758264,Biomasse,Jenbacher J424,Volleinspeisung,2147,91580,Ansbach,Petersaurach,Steinbach,2,Bayern,10.717173,49.359924,2027,NA,FALSE,Biogas,KWK978176960322,Jenbacher J424
SEE947349334376,ABR976288874056,Biomasse,BHKW 7 - JMS 424,Teileinspeisung (einschließlich Eigenverbrauch),2151,91567,Ansbach,Herrieden,Seebronn,10,Bayern,10.535238,49.260453,2026,NA,FALSE,Biogas,KWK988424898604,BHKW 7 - JMS 424
SEE958699111203,ABR930348768990,Biomasse,Jenbacher JMS 420,Volleinspeisung,1400,86757,Donau-Ries,Wallerstein,Löpsinger Straße,31,Bayern,10.501906,48.882619,2026,NA,FALSE,Biogas,KWK915318660313,Jenbacher JMS 420
SEE918153446883,ABR985694567797,Biomasse,Biogasverstromung Lewitz BHKW 2,Volleinspeisung,3356,19306,Ludwigslust-Parchim,Neustadt-Glewe,NA,NA,Mecklenburg-Vorpommern,11.538918,53.368112000000004,2027,NA,FALSE,Biogas,KWK987977516621,Biogasverstromung Lewitz BHKW 2
SEE979994210002,ABR955723360958,Biomasse,"2,5 MW BHKW",Volleinspeisung,2540,49635,Osnabrück,Badbergen,Bekefords Damm,1,Niedersachsen,7.937501,52.636169,2028,NA,FALSE,Biogas,KWK939364787350,"2,5 MW BHKW"
SEE947913444937,ABR938249833854,Biomasse,BHKW_5,Volleinspeisung,1561,24969,Schleswig-Flensburg,Lindewitt,Riesbrieker Straße,2,Schleswig-Holstein,9.161551,54.705396,2027,NA,FALSE,Biogas,KWK927135164998,BHKW_5
SEE926651311879,ABR938249833854,Biomasse,BHKW_6,Volleinspeisung,3356,24969,Schleswig-Flensburg,Lindewitt,NA,NA,Schleswig-Holstein,9.190225,54.700153,2027,NA,FALSE,Biogas,KWK908401073824,BHKW_6
SEE982014960979,ABR938249833854,Biomasse,BHKW_7,Volleinspeisung,3356,24969,Schleswig-Flensburg,Lindewitt,NA,NA,Schleswig-Holstein,9.240149,54.701832,2027,NA,FALSE,Biogas,KWK965688440053,BHKW_7
SEE982205492876,ABR996225617775,Biomasse,BHKW 2027 kW D,Volleinspeisung,2027,91289,Bayreuth,Schnabelwaid,Preunersfelder Straße,3,Bayern,11.600727,49.814331,2027,NA,FALSE,Biogas,KWK974605692505,BHKW 2027 kW D
SEE936115797620,ABR910465752744,Biomasse,BHKW 1 Buch,Volleinspeisung,2250,39590,Stendal,Tangermünde,Chausseestraße,1,Sachsen-Anhalt,11.938552,52.489053,2027,NA,FALSE,Biogas,KWK943394608196,BHKW 1 Buch
SEE925415066994,ABR985690379400,Biomasse,"Biomethan-Speicherkraftwerk Thiendorf, Anlage 1",Volleinspeisung,9999,01561,Meißen,Thiendorf,Gärtnersiedlung,1 b,Sachsen,13.743611,51.300287,2026,NA,FALSE,Biomethan (Bioerdgas),KWK946140267302,"Biomethan-Speicherkraftwerk Thiendorf, Anlage 1"
SEE986553761677,ABR928445548539,Biomasse,Schubert Energie Jenbacher 424,Volleinspeisung,2147,95195,Wunsiedel i. Fichtelgebirge,Röslau,NA,NA,Bayern,11.959304,50.086087,2027,NA,FALSE,Biogas,KWK984927148567,Schubert Energie Jenbacher 424
SEE986433665071,ABR927557507021,Biomasse,BHKW Klöpper,Volleinspeisung,1519,48703,Borken,Stadtlohn,Schützenweg,254,Nordrhein-Westfalen,6.84771,51.989888,2027,NA,FALSE,Biogas,KWK980523379596,BHKW Klöpper
SEE931105888593,ABR985690379400,Biomasse,"Biomethan-Speicherkraftwerk Thiendorf, Anlage 2",Volleinspeisung,9999,01561,Meißen,Thiendorf,Gärtnersiedlung,1 b,Sachsen,13.74285,51.300526,2026,NA,FALSE,Biomethan (Bioerdgas),KWK948481118145,"Biomethan-Speicherkraftwerk Thiendorf, Anlage 2"
SEE934327640734,ABR987563972282,Biomasse,BG Dyckers 5,Teileinspeisung (einschließlich Eigenverbrauch),1035,41352,Rhein-Kreis Neuss,Korschenbroich,NA,NA,Nordrhein-Westfalen,6.616069,51.162802,2026,NA,FALSE,Biogas,KWK992629713723,BG Dyckers 5
SEE952230154636,ABR926170347809,Biomasse,Mühlegrub Motor 1,Volleinspeisung,1561,88422,Biberach,Alleshausen,Mühlegrub,NA,Baden-Württemberg,9.617069,48.105352,2027,NA,FALSE,Biogas,KWK987176443445,Mühlegrub Motor 1
SEE945003778740,ABR992897641124,Biomasse,Biomethan-BHKW Boom 1,Volleinspeisung,3359,48734,Borken,Reken,Boom,1,Nordrhein-Westfalen,7.085284,51.811252,2027,NA,FALSE,Biomethan (Bioerdgas),KWK995041816638,Biomethan-BHKW Boom 1
SEE968846459119,ABR918199406025,Biomasse,SKW Eisenach,NA,20376,99817,Wartburgkreis,Eisenach,NA,NA,Thüringen,10.3269,50.9975,2028,NA,FALSE,Biogas,KWK943133986776,SKW Eisenach
SEE943416133101,ABR905446858720,Biomasse,Neuanlange BHKW 1,NA,2500,91635,Ansbach,Windelsbach,NA,NA,Bayern,10.32197,49.395975,2027,NA,FALSE,Biogas,KWK935735953317,Neuanlange BHKW 1
SEE915348744199,ABR905446858720,Biomasse,Neuanlage BHKW 2,NA,2500,91635,Ansbach,Windelsbach,NA,NA,Bayern,10.321838,49.395955,2027,NA,FALSE,Biogas,KWK935735953317,Neuanlage BHKW 2
SEE984815324110,ABR926170347809,Biomasse,Mühlegrub Motor 2,Volleinspeisung,1561,88422,Biberach,Alleshausen,Mühlegrub,NA,Baden-Württemberg,9.617069,48.105352,2027,NA,FALSE,Biogas,KWK987176443445,Mühlegrub Motor 2
SEE992486832124,ABR985353739541,Biomasse,BHKW1,Teileinspeisung (einschließlich Eigenverbrauch),2000,54649,Eifelkreis Bitburg-Prüm,Oberpierscheid,NA,NA,Rheinland-Pfalz,6.370523,50.060735,2028,NA,FALSE,Biogas,KWK906871247615,BHKW1
SEE990966233478,ABR948239224524,Biomasse,Sat1 Biogas 2c und 2d,Volleinspeisung,4600,24214,Rendsburg-Eckernförde,Gettorf,Süderstraße,NA,Schleswig-Holstein,9.9748,54.398062,2027,NA,FALSE,Biogas,KWK913704490605,Sat1 Biogas 2c und 2d
SEE964271992511,ABR927557507021,Biomasse,Rathmer,Volleinspeisung,2028,48703,Borken,Stadtlohn,Schützenweg,112,Nordrhein-Westfalen,6.878515,51.990654,2027,NA,FALSE,Biogas,KWK934918105901,Rathmer
SEE987013856308,ABR993682332579,Biomasse,BHKW Wärmezentrale Losheim,Volleinspeisung,3354,66679,Merzig-Wadern,Losheim,Streifstraße,NA,Saarland,6.75072,49.50067,2029,NA,FALSE,Biogas,KWK932082238593,BHKW Wärmezentrale Losheim
SEE937792204708,ABR948564234779,Biomasse,Mildstedt1-424er,Volleinspeisung,2147,25866,Nordfriesland,Mildstedt,NA,NA,Schleswig-Holstein,9.105953,54.461465,2027,NA,FALSE,Biogas,KWK960401367952,Mildstedt1-424er
SEE906737022509,ABR948564234779,Biomasse,Mildstedt2-424er,Volleinspeisung,2147,25866,Nordfriesland,Mildstedt,NA,NA,Schleswig-Holstein,9.106107,54.461426,2027,NA,FALSE,Biogas,KWK960401367952,Mildstedt2-424er
SEE959136551149,ABR948564234779,Biomasse,Mildstedt3-424er,Volleinspeisung,2147,25866,Nordfriesland,Mildstedt,NA,NA,Schleswig-Holstein,9.106248,54.46142,2027,NA,FALSE,Biogas,KWK960401367952,Mildstedt3-424er
SEE930118253916,ABR932482846275,Biomasse,"Sat ""An der Possenkuhle""",Volleinspeisung,2539,26197,Oldenburg,Großenkneten,An der Possenkuhle,13,Niedersachsen,8.32605,52.92338,2028,NA,FALSE,Biogas,KWK968402557341,"Sat ""An der Possenkuhle"""
SEE940437416299,ABR964526867502,Biomasse,Flex-BHKW Grieben,Volleinspeisung,2151,39517,Stendal,Tangerhütte,NA,NA,Sachsen-Anhalt,11.958863,52.440077,2028,NA,FALSE,Biogas,KWK900237190638,Flex-BHKW Grieben
SEE965801375941,ABR902572967166,Biomasse,BHKW Geige,Volleinspeisung,2147,88524,Biberach,Uttenweiler,NA,NA,Baden-Württemberg,9.56858,48.143814,2029,NA,FALSE,Biogas,KWK935339078638,BHKW Geige
SEE975322898515,ABR995407422411,Biomasse,BHKW 1,Volleinspeisung,1555,97241,Würzburg,Bergtheim,NA,NA,Bayern,10.066014,49.893101,2027,NA,FALSE,Biogas,KWK907426131915,BHKW 1
SEE900629107138,ABR995407422411,Biomasse,BHKW 2,Volleinspeisung,1555,97241,Würzburg,Bergtheim,NA,NA,Bayern,10.066014,49.893101,2027,NA,FALSE,Biogas,KWK907426131915,BHKW 2
SEE981065674477,ABR995407422411,Biomasse,BHKW 3,Volleinspeisung,1555,97241,Würzburg,Bergtheim,NA,NA,Bayern,10.066014,49.893101,2027,NA,FALSE,Biogas,KWK907426131915,BHKW 3
SEE913629863829,ABR995407422411,Biomasse,BHKW 4,Volleinspeisung,1555,97241,Würzburg,Bergtheim,NA,NA,Bayern,10.066014,49.893101,2027,NA,FALSE,Biogas,KWK907426131915,BHKW 4
SEE938493896629,ABR995407422411,Biomasse,BHKW 5,Volleinspeisung,1555,97241,Würzburg,Bergtheim,NA,NA,Bayern,10.066014,49.893101,2027,NA,FALSE,Biogas,KWK907426131915,BHKW 5
SEE969963499897,ABR995407422411,Biomasse,BHKW 6,Volleinspeisung,1555,97241,Würzburg,Bergtheim,NA,NA,Bayern,10.066014,49.893101,2027,NA,FALSE,Biogas,KWK907426131915,BHKW 6
SEE925746406766,ABR928445548539,Biomasse,Schubert Energie Jenbacher 424 (2),Volleinspeisung,2147,95195,Wunsiedel i. Fichtelgebirge,Röslau,NA,NA,Bayern,11.959295,50.086096,2027,NA,FALSE,Biogas,KWK984927148567,Schubert Energie Jenbacher 424 (2)
SEE941686324083,ABR981741047427,Biomasse,1. BHKW 620,Volleinspeisung,2274,89250,Neu-Ulm,Senden,Daimlerstraße,31,Bayern,10.045327,48.330966,2026,NA,FALSE,"Wald-Holzhackschnitzel, Wald-Scheitholz, -Kronenholz",KWK947738651534,1. BHKW 620
SEE995809122452,ABR981741047427,Biomasse,2. BHKW 620,Volleinspeisung,2274,89250,Neu-Ulm,Senden,Daimlerstraße,31,Bayern,10.045347,48.330951,2026,NA,FALSE,"Wald-Holzhackschnitzel, Wald-Scheitholz, -Kronenholz",KWK947738651534,2. BHKW 620
SEE939318399578,ABR968320399641,Biomasse,Flex-BHKW Heizwerk Friedland,NA,2151,17098,Mecklenburgische Seenplatte,Friedland,Bresewitzer Straße,7 h,Mecklenburg-Vorpommern,13.54061,53.678162,2028,NA,FALSE,Biogas,KWK982374233881,Flex-BHKW Heizwerk Friedland
SEE905874869374,ABR968320399641,Biomasse,Flex-BHKW Salow,NA,2151,17099,Mecklenburgische Seenplatte,Datzetal,Kastanienweg,NA,Mecklenburg-Vorpommern,13.496274,53.678685,2028,NA,FALSE,Biogas,KWK939468761911,Flex-BHKW Salow
SEE948010258892,ABR968320399641,Biomasse,Flex-BHKW FIM Friedland,NA,2151,17098,Mecklenburgische Seenplatte,Friedland,Schwarzer Weg,2,Mecklenburg-Vorpommern,13.529406,53.675128,2028,NA,FALSE,Biogas,KWK963157025879,Flex-BHKW FIM Friedland
SEE979683937142,ABR935218512536,Biomasse,BHKW groß SAT,Volleinspeisung,2547,27801,Oldenburg,Dötlingen,Am Gehege,NA,Niedersachsen,8.38991,52.942858,2026,NA,FALSE,Biogas,NA,BHKW groß SAT
SEE907253360557,ABR952765116482,Biomasse,Witte BHKW 3,Volleinspeisung,1560,27383,Rotenburg (Wümme),Scheeßel,NA,NA,Niedersachsen,9.500997,53.153774,2026,NA,FALSE,Biogas,KWK938835602246,Witte BHKW 3
SEE949358265757,ABR924699525173,Biomasse,J420,Volleinspeisung,1561,84076,Landshut,Pfeffenhausen,Eggersdorf,3,Bayern,11.915917,48.627377,2026,NA,FALSE,Biogas,KWK917502548629,J420
SEE954634588291,ABR912984683448,Biomasse,BHKW 1.3 Bertha-Benz-Straße,Volleinspeisung,2300,49594,Osnabrück,Alfhausen,NA,NA,Niedersachsen,7.944184,52.503801,2027,NA,FALSE,Biomethan (Bioerdgas),KWK970173537897,BHKW 1.3 Bertha-Benz-Straße
SEE956825909397,ABR921066781309,Biomasse,Bahnhofstraße BHKW 1,Volleinspeisung,2547,49594,Osnabrück,Alfhausen,Bahnhofstraße,25,Niedersachsen,7.960208,52.512333,2027,NA,FALSE,Biomethan (Bioerdgas),KWK977113899633,Bahnhofstraße BHKW 1
SEE942897161528,ABR950692081132,Biomasse,BHKW 1 neu,Volleinspeisung,2547,94496,Passau,Ortenburg,NA,NA,Bayern,13.173418,48.534363,2028,NA,FALSE,Biogas,KWK916060714682,BHKW 1 neu
SEE905146527810,ABR921066781309,Biomasse,Bahnhofstraße BHKW 2,Volleinspeisung,2547,49594,Osnabrück,Alfhausen,Bahnhofstraße,25,Niedersachsen,7.960352,52.512175,2027,NA,FALSE,Biomethan (Bioerdgas),KWK977113899633,Bahnhofstraße BHKW 2
SEE990883004274,ABR950692081132,Biomasse,BHKW 2 neu,Volleinspeisung,2547,94496,Passau,Ortenburg,NA,NA,Bayern,13.173345,48.534373,2028,NA,FALSE,Biogas,KWK916060714682,BHKW 2 neu
SEE927111241200,ABR969629119565,Biomasse,Pfalz- Neuburg- Str 57 BHKW 2,Volleinspeisung,1561,89407,Dillingen a.d. Donau,Dillingen,NA,NA,Bayern,10.545078,48.60167,2027,NA,FALSE,Biogas,KWK983665696231,Pfalz- Neuburg- Str 57 BHKW 2
SEE973827016250,ABR984312912155,Biomasse,„Biomasseheizkraftwerk E.-A - BMHKW,Teileinspeisung (einschließlich Eigenverbrauch),2600,67677,Kaiserslautern,Enkenbach-Alsenborn,Hainweg,5,Rheinland-Pfalz,7.891175,49.497899,2009,NA,FALSE,Rinde und Landschaftspflegeholz,KWK924360846491,„Biomasseheizkraftwerk E.-A - BMHKW
SEE980855202265,ABR947937941849,Biomasse,BHKW 3,Volleinspeisung,2038,27333,Nienburg (Weser),Warpe,Helzendorf,33,Niedersachsen,9.091947,52.767361,2029,NA,FALSE,Biogas,KWK969672428782,BHKW 3
SEE921684576479,ABR914687207372,Biomasse,BHKW Am Kosakenberg,Teileinspeisung (einschließlich Eigenverbrauch),1521,29476,Lüchow-Dannenberg,Gusborn,Am Kosakenberg,29,Niedersachsen,11.205839,53.107512,2028,NA,FALSE,Biogas,KWK949388988954,BHKW Am Kosakenberg
SEE949081731321,ABR931633044980,Biomasse,BHKW 5,Volleinspeisung,1950,27211,Diepholz,Bassum,NA,NA,Niedersachsen,8.702093,52.888551,2027,NA,FALSE,Biogas,KWK952796405982,BHKW 5
SEE981514219747,ABR931633044980,Biomasse,BHKW 6,Volleinspeisung,1950,27211,Diepholz,Bassum,NA,NA,Niedersachsen,8.702094,52.888517,2027,NA,FALSE,Biogas,KWK952796405982,BHKW 6
SEE946177696984,ABR991967582008,Biomasse,BGA Wanzleben BHKW 3,Volleinspeisung,1561,39164,Börde,Wanzleben-Börde,NA,NA,Sachsen-Anhalt,11.455126,52.057766,2026,NA,FALSE,Biogas,KWK993997471093,BGA Wanzleben BHKW 3
SEE982226360789,ABR975027288321,Biomasse,BHKW MTU,Volleinspeisung,1422,09224,Chemnitz,Chemnitz,Mittelbacher Straße,12,Sachsen,12.800596,50.810642,2029,NA,FALSE,Biogas,KWK981074898918,BHKW MTU
SEE945068350547,ABR924484880838,Biomasse,Flex-Motor Jenbacher 420,Volleinspeisung,1561,89312,Günzburg,Günzburg,Friedrichsfeldweg,1,Bayern,10.322132,48.460937,2026,NA,FALSE,Biogas,KWK995865362694,Flex-Motor Jenbacher 420
SEE971401104928,ABR909711747771,Biomasse,Energie Tg Wechingen BHKW 4,Volleinspeisung,1792,86759,Donau-Ries,Wechingen,Im Bach,26,Bayern,10.605444,48.891614,2026,NA,FALSE,Biogas,KWK938389681926,Energie Tg Wechingen BHKW 4
SEE930432440672,ABR910035834184,Biomasse,BHKW 2.1,Volleinspeisung,2151,79802,Waldshut,Dettighofen,Zum Sonnenberg,9,Baden-Württemberg,8.498285,47.62973,2027,NA,FALSE,Biogas,KWK964282122938,BHKW 2.1
SEE929417713191,ABR910035834184,Biomasse,BHKW 2.2,Volleinspeisung,1672,79802,Waldshut,Dettighofen,Zum Sonnenberg,9,Baden-Württemberg,8.498285,47.62973,2027,NA,FALSE,Biogas,KWK964282122938,BHKW 2.2
SEE919276586692,ABR912911543500,Biomasse,BHKW 4,Volleinspeisung,1561,97318,Kitzingen,Biebelried,Dorfstraße,1,Bayern,10.067534,49.742038,2026,NA,FALSE,Biogas,KWK907958227087,BHKW 4
SEE948549207613,ABR985862376077,Biomasse,Erweiterung Biomassepaket,Volleinspeisung,4050,27612,Cuxhaven,Loxstedt,Junkernhose,1,Niedersachsen,8.686518,53.50962,2029,NA,FALSE,Biogas,KWK930847719820,Erweiterung Biomassepaket
SEE912224119195,ABR934535713893,Biomasse,BHKW1 (412) Klärwerk,Teileinspeisung (einschließlich Eigenverbrauch),1054,95445,Bayreuth,Bayreuth,Am Bauhof,5,Bayern,11.552402,49.956786,2026,NA,FALSE,Klärgas,KWK934136014979,BHKW1 (412) Klärwerk
SEE920022357824,ABR934535713893,Biomasse,BHKW2 (412) Klärwerk,Teileinspeisung (einschließlich Eigenverbrauch),1054,95445,Bayreuth,Bayreuth,Am Bauhof,5,Bayern,11.552402,49.956786,2026,NA,FALSE,Klärgas,KWK976198659415,BHKW2 (412) Klärwerk
SEE923164295214,ABR934535713893,Biomasse,BHKW3 (412) Klärwerk,Teileinspeisung (einschließlich Eigenverbrauch),1054,95445,Bayreuth,Bayreuth,Am Bauhof,5,Bayern,11.552402,49.956786,2026,NA,FALSE,Klärgas,KWK917969535576,BHKW3 (412) Klärwerk
SEE904425720522,ABR933250833992,Biomasse,Biogas Anklam - Modul 6,Teileinspeisung (einschließlich Eigenverbrauch),1562,17389,Vorpommern-Greifswald,Anklam,Konrad-Zuse-Straße,8,Mecklenburg-Vorpommern,13.725491,53.841295,2026,NA,FALSE,Biogas,KWK963365234421,Biogas Anklam - Modul 6
SEE928601701037,ABR950892619371,Biomasse,Naturenergie Kraak Flex-BHKW 2026,Volleinspeisung,1400,19077,Ludwigslust-Parchim,Rastow,Am Waldesrand,2,Mecklenburg-Vorpommern,11.379835,53.449357,2026,NA,FALSE,Biogas,KWK911023073653,Naturenergie Kraak Flex-BHKW 2026
SEE997020625507,ABR968822905807,Biomasse,JMS420,Volleinspeisung,1562,86565,Neuburg-Schrobenhausen,Gachenbach,NA,NA,Bayern,11.231033,48.525661,2027,NA,FALSE,Biogas,KWK978500915493,JMS420
SEE953645571896,ABR914606597058,Biomasse,BiomasseKraftwerk1,Teileinspeisung (einschließlich Eigenverbrauch),1880,28870,Verden,Ottersberg,Upp'n Barg,1,Niedersachsen,9.172815,53.146653,2027,NA,FALSE,Feste biogene Stoffe,KWK983303877985,BiomasseKraftwerk1
SEE938211097390,ABR915969729179,Biomasse,Biomasse-BHKW HKW Mühlen-Eichsen,Volleinspeisung,1248,19205,Nordwestmecklenburg,Mühlen Eichsen,NA,NA,Mecklenburg-Vorpommern,11.246864,53.757896,2027,NA,FALSE,Biogas,KWK948797127428,Biomasse-BHKW HKW Mühlen-Eichsen
SEE923999148419,ABR983578058508,Biomasse,Dampfturbine,Teileinspeisung (einschließlich Eigenverbrauch),1210,28237,Bremen,Bremen,Kap-Horn-Str.,12,Bremen,8.700363,53.133734,2026,NA,FALSE,"Altholz, Gebrauchtholz, Holz(sperr)müll",KWK934990742605,Dampfturbine
SEE959487093053,ABR960690961985,Biomasse,Sat BHKW neu 1,Volleinspeisung,2028,25832,Nordfriesland,Tönning,NA,NA,Schleswig-Holstein,8.87381,54.307297,2029,NA,FALSE,Biogas,NA,Sat BHKW neu 1
SEE998834628838,ABR960690961985,Biomasse,Sat BHKW neu 2,Volleinspeisung,2547,25832,Nordfriesland,Tönning,NA,NA,Schleswig-Holstein,8.873877,54.307284,2028,NA,FALSE,Biogas,NA,Sat BHKW neu 2
SEE920801206961,ABR921104390388,Biomasse,BHKW 5,Volleinspeisung,1840,94486,Deggendorf,Osterhofen,Haardorfer Straße,40,Bayern,13.002769,48.724663,2026,NA,FALSE,Biogas,NA,BHKW 5
SEE923355658590,ABR952190704728,Biomasse,Naturgas Wietzen Sat 2,Volleinspeisung,2547,31613,Nienburg (Weser),Wietzen,Am Sportplatz,1,Niedersachsen,9.086199,52.713467,2029,NA,FALSE,Biogas,KWK944330127504,Naturgas Wietzen Sat 2
SEE976754698513,ABR989381866293,Biomasse,Ofenlinie K3 (Biomasse),Volleinspeisung,2800,87437,Kempten (Allgäu),Kempten,Dieselstraße,20,Bayern,10.319757,47.758949,1984,2022,TRUE,Feste biogene Stoffe und Abfälle (ohne Holz),KWK920612716314,Ofenlinie K3 (Biomasse)
SEE980430099891,ABR964730803990,Biomasse,Biogas-BHKW 1 Heizkraftwerk Dillingen a.d. Donau,Volleinspeisung,3431,89407,Dillingen a.d. Donau,Dillingen,Christastraße,13,Bayern,10.505778,48.57249,2028,NA,FALSE,Biogas,KWK940169477865,Biogas-BHKW 1 Heizkraftwerk Dillingen a.d. Donau
SEE959882926642,ABR964730803990,Biomasse,Biogas-BHKW 2 Heizkraftwerk Dillingen a.d. Donau,Volleinspeisung,3431,89407,Dillingen a.d. Donau,Dillingen,Christastraße,13,Bayern,10.505778,48.57249,2028,NA,FALSE,Biogas,KWK972120955471,Biogas-BHKW 2 Heizkraftwerk Dillingen a.d. Donau
SEE999893125986,ABR992897641124,Biomasse,Biomethan-Speicherkraftwerk Maria-Veen BHKW 2,Volleinspeisung,3359,48734,Borken,Reken,NA,NA,Nordrhein-Westfalen,7.102161,51.839628,2026,NA,FALSE,Biomethan (Bioerdgas),KWK935993120346,Biomethan-Speicherkraftwerk Maria-Veen BHKW 2
SEE919717542195,ABR973470442796,Biomasse,BG Badstrasse1015,Volleinspeisung,1015,91575,Ansbach,Windsbach,Untereschenbach,13,Bayern,10.841347,49.247474,2025,NA,FALSE,Biomethan (Bioerdgas),KWK900661713526,BG Badstrasse1015
