nr_MASTR,nr_betreiber,energie_type,name,einspeisung,leistung_brutto,plz,landkreis,ort,strasse,hausnummer,bundesland,laenge,breite,jahr_inbetriebnahme,jahr_stillgelegt,stillgelegt,energietraeger,anzahl_einheiten,name_KW,nr_KW
SEE911677278312,ABR901195196069,Solareinheit,Zeithain BA5,Volleinspeisung,20996.01,01619,Meißen,Zeithain,NA,NA,Sachsen,13.332229,51.358546,2018,NA,FALSE,Freiflächensolaranlage,77395,NA,NA
SEE920883283591,ABR947136699565,Solareinheit,PVF Halberstadt Teilanlage 2,Volleinspeisung,14616.96,38820,Harz,Halberstadt,Friedrich-List-Straße,1,Sachsen-Anhalt,11.052,51.868,2012,NA,FALSE,Freiflächensolaranlage,60904,NA,NA
SEE973024157503,ABR925925175896,Solareinheit,Photovoltaikkraftwerk Groß Dölln 1 GmbH ＆ Co. KG,Volleinspeisung,15778.125,17268,Uckermark,Templin,NA,NA,Brandenburg,13.533333,53.033333,2012,NA,FALSE,Freiflächensolaranlage,191250,NA,NA
SEE945799653733,ABR991366578862,Solareinheit,Solarpark Weeze,Volleinspeisung,14074.37,47652,Kleve,Weeze,Flughafen-Ring,60,Nordrhein-Westfalen,6.151,51.605,2011,NA,FALSE,Freiflächensolaranlage,59840,NA,NA
SEE917243352219,ABR938250177251,Solareinheit,Photovoltaikkraftwerk Groß Dölln 7 GmbH ＆ Co. KG,Volleinspeisung,13209,17268,Oberhavel,Templin,NA,NA,Brandenburg,13.533333,53.033333,2012,NA,FALSE,Freiflächensolaranlage,155400,NA,NA
SEE979681487137,ABR957771881706,Solareinheit,Photovoltaikkraftwerk Groß Dölln 8 GmbH ＆ Co. KG,Volleinspeisung,13158,17268,Oberhavel,Templin,NA,NA,Brandenburg,13.533333,53.033333,2012,NA,FALSE,Freiflächensolaranlage,154800,NA,NA
SEE998919844580,ABR998292963120,Solareinheit,Nivelstein,Volleinspeisung,10455,52134,Städteregion Aachen,Herzogenrath,Nivelsteiner Weg,4,Nordrhein-Westfalen,6.079548,50.888206,2012,NA,FALSE,Freiflächensolaranlage,43562,NA,NA
SEE942112278789,ABR981156869577,Solareinheit,Neuhardenberg 2,Volleinspeisung,11353.72,15320,Märkisch-Oderland,Neuhardenberg,Oderbruchstraße,24,Brandenburg,14.221,52.61,2012,NA,FALSE,Freiflächensolaranlage,47334,NA,NA
SEE943718276971,ABR928888038703,Solareinheit,LHI GII1 PV Neuhardenberg 2054 GmbH ＆ Co. KG,Volleinspeisung,19688.64,15320,Märkisch-Oderland,Neuhardenberg,Oderbruchstraße,24,Brandenburg,14.237,52.6099,2012,NA,FALSE,Freiflächensolaranlage,82704,NA,NA
SEE905164264155,ABR904715295938,Solareinheit,LHI Solar Georgsdorf GmbH ＆ Co. KG,Volleinspeisung,24715.46,49828,Grafschaft Bentheim,Georgsdorf,NA,NA,Niedersachsen,7.080029,52.35,2011,NA,FALSE,Freiflächensolaranlage,106304,NA,NA
SEE931333069108,ABR969167401085,Solareinheit,PVF Eggersdorf,Volleinspeisung,20032.32,15374,Märkisch-Oderland,Müncheberg,Am Flugplatz,NA,Brandenburg,14.077,52.479,2012,NA,FALSE,Freiflächensolaranlage,83820,NA,NA
SEE972278345032,ABR945155137631,Solareinheit,PVF Elsterheide,Volleinspeisung,20004.4,02979,Bautzen,Elsterheide,NA,NA,Sachsen,14.305,51.473,2011,NA,FALSE,Freiflächensolaranlage,86960,NA,NA
SEE918759648001,ABR926305335534,Solareinheit,PVF Gotha,Volleinspeisung,11763.28,99867,Gotha,Gotha,Goldene Aue,NA,Thüringen,10.666931,50.939856,2011,NA,FALSE,Freiflächensolaranlage,21584,NA,NA
SEE967011719744,ABR939709849743,Solareinheit,PVF Missen,Teileinspeisung (einschließlich Eigenverbrauch),10051.5,03226,Oberspreewald-Lausitz,Vetschau,Missener Hauptstraße,900,Brandenburg,14.059,51.718,2010,NA,FALSE,Freiflächensolaranlage,126600,NA,NA
SEE982010059547,ABR956261748123,Solareinheit,PVF Stendal,Volleinspeisung,13543,39576,Stendal,Stendal,Staatser Siedlung,NA,Sachsen-Anhalt,11.624,52.537,2012,NA,FALSE,Freiflächensolaranlage,67584,NA,NA
SEE946887423597,ABR979026895696,Solareinheit,PVF Ahlhorn IV,Volleinspeisung,13558.56,26197,Oldenburg,Großenkneten,Vechtaer Straße,35,Niedersachsen,8.225398,52.885579,2012,NA,FALSE,Freiflächensolaranlage,57696,NA,NA
SEE902364169808,ABR979026895696,Solareinheit,PVF Ahlhorn V,Volleinspeisung,12900.96,26197,Oldenburg,Großenkneten,Vechtaer Straße,35,Niedersachsen,8.242255,52.886889,2012,NA,FALSE,Freiflächensolaranlage,54144,NA,NA
SEE985063369878,ABR958836614000,Solareinheit,LHI Solar Prenzlau GmbH ＆ Co. KG,Volleinspeisung,15704.7,17291,Uckermark,Prenzlau,Erlenweg,NA,Brandenburg,13.881687,53.317221,2011,NA,FALSE,Freiflächensolaranlage,37540,NA,NA
SEE945903064332,ABR982137720580,Solareinheit,SP Schleizer Dreieck,Volleinspeisung,11060.6,07907,Saale-Orla-Kreis,Schleiz,Am Schleizer Dreieck,1,Thüringen,11.82035,50.56217,2012,NA,FALSE,Freiflächensolaranlage,46580,NA,NA
SEE919307306176,ABR902397811767,Solareinheit,Photovoltaikkraftwerk Groß Dölln 2 GmbH ＆ Co. KG,Volleinspeisung,17837.25,17268,Uckermark,Templin,NA,NA,Brandenburg,13.533333,53.033333,2012,NA,FALSE,Freiflächensolaranlage,209850,NA,NA
SEE964261993252,ABR969476746631,Solareinheit,Photovoltaikkraftwerk Groß Dölln 3 GmbH ＆ Co. KG,Volleinspeisung,16014.75,17268,Uckermark,Templin,NA,NA,Brandenburg,13.533333,53.033333,2012,NA,FALSE,Freiflächensolaranlage,189225,NA,NA
SEE927751015216,ABR915766146797,Solareinheit,Photovoltaikkraftwerk Groß Dölln 4 GmbH ＆ Co. KG,Volleinspeisung,18217.5,17268,Uckermark,Templin,NA,NA,Brandenburg,13.533333,53.033333,2012,NA,FALSE,Freiflächensolaranlage,208200,NA,NA
SEE977297150834,ABR941820351357,Solareinheit,Photovoltaikkraftwerk Groß Dölln 5 GmbH ＆ Co. KG,Volleinspeisung,18117.75,17268,Uckermark,Templin,NA,NA,Brandenburg,13.533333,53.033333,2012,NA,FALSE,Freiflächensolaranlage,213150,NA,NA
SEE917373442484,ABR977170715327,Solareinheit,Photovoltaikkraftwerk Groß Dölln 6 GmbH ＆ Co. KG,Volleinspeisung,16090.5,17268,Oberhavel,Templin,NA,NA,Brandenburg,13.533333,53.033333,2012,NA,FALSE,Freiflächensolaranlage,189300,NA,NA
SEE920959526089,ABR902055101117,Solareinheit,Solarkraftwerk Reckahn I GmbH ＆ Co. KG (West),Volleinspeisung,12756.5,14797,Potsdam-Mittelmark,Kloster Lehnin,NA,NA,Brandenburg,12.561111,52.345833,2010,NA,FALSE,Freiflächensolaranlage,164600,NA,NA
SEE900525748664,ABR906495678987,Solareinheit,Solarkraftwerk Reckahn II GmbH ＆ Co. KG,Volleinspeisung,13314.5,14797,Potsdam-Mittelmark,Kloster Lehnin,NA,NA,Brandenburg,12.544444,52.345278,2010,NA,FALSE,Freiflächensolaranlage,171800,NA,NA
SEE947114059404,ABR901051801731,Solareinheit,Solarkraftwerk Rentweinsdorf GmbH ＆ Co. KG,Volleinspeisung,12585,96184,Haßberge,Rentweinsdorf,NA,NA,Bayern,10.831667,50.069167,2010,NA,FALSE,Freiflächensolaranlage,167800,NA,NA
SEE951338954377,ABR917275816949,Solareinheit,Giebelstadt,Volleinspeisung,13396,97232,Würzburg,Giebelstadt,Am Sportplatz,0,Bayern,9.951671,49.648159,2011,NA,FALSE,Freiflächensolaranlage,56488,NA,NA
SEE932104531640,ABR917800677144,Solareinheit,ASO-581280-11,Volleinspeisung,14889,97232,Würzburg,Giebelstadt,Am Sportplatz,NA,Bayern,9.969858,49.650928,2011,NA,FALSE,Freiflächensolaranlage,62928,NA,NA
SEE993157584229,ABR970043772571,Solareinheit,PV Weesow-Willmersdorf 1,Teileinspeisung (einschließlich Eigenverbrauch),62147.28,16356,Barnim,Werneuchen,NA,NA,Brandenburg,13.690069,52.647481,2020,NA,FALSE,Freiflächensolaranlage,153504,NA,NA
SEE968318041132,ABR910952798552,Solareinheit,Altenburg Flughafen,Volleinspeisung,12146.4,04603,Altenburger Land,Nobitz,Am Flughafen,1,Thüringen,12.515538,50.982709,2012,NA,FALSE,Freiflächensolaranlage,146880,NA,NA
SEE943408490595,ABR975732884801,Solareinheit,Solarpark Amsdorf III,Volleinspeisung,15276.48,06317,Mansfeld-Südharz,Seegebiet Mansfelder Land,Chausseestraße,1,Sachsen-Anhalt,11.734265,51.459044,2012,NA,FALSE,Freiflächensolaranlage,65832,NA,NA
SEE995784208028,ABR920797990516,Solareinheit,ASO-775089-12,Volleinspeisung,19921.92,07580,Greiz,Ronneburg,Weidaer Straße,2,Thüringen,12.181256,50.847503,2012,NA,FALSE,Freiflächensolaranlage,83008,NA,NA
SEE943379261293,ABR969551097450,Solareinheit,IFE Solarpark Fliegerhorst Oldenburg,Volleinspeisung,13897.43,26127,Oldenburg (Oldb),Oldenburg,NA,NA,Niedersachsen,8.17085,53.179303,2011,NA,FALSE,Freiflächensolaranlage,59136,NA,NA
SEE924482046533,ABR983093904298,Solareinheit,LHI Solar Deutschland VI GmbH ＆ Co. KG (PVA Welzow),Volleinspeisung,10160.5,03103,Oberspreewald-Lausitz,Neu-Seeland,Solarpark,901,Brandenburg,14.14,51.59,2011,NA,FALSE,Freiflächensolaranlage,121753,NA,NA
SEE916748906903,ABR934210259081,Solareinheit,Solarpark Sukow GmbH ＆ Co. KG,Volleinspeisung,10283.52,19079,Ludwigslust-Parchim,Sukow,NA,NA,Mecklenburg-Vorpommern,11.568262,53.556021,2011,NA,FALSE,Freiflächensolaranlage,44544,NA,NA
SEE920461005324,ABR949345625908,Solareinheit,Solarpark Haidlfing,Volleinspeisung,11232.96,94522,Dingolfing-Landau,Wallersdorf,Untere Bachstraße,31,Bayern,12.730149,48.733144,2012,NA,FALSE,Freiflächensolaranlage,46804,NA,NA
SEE946823510343,ABR917613891058,Solareinheit,PVA Litten 2,Volleinspeisung,18879.72,02627,Bautzen,Kubschütz,NA,NA,Sachsen,14.511394,51.195446,2012,NA,FALSE,Freiflächensolaranlage,79032,NA,NA
SEE997751373470,ABR902030317700,Solareinheit,PVA Delitzsch 2,Volleinspeisung,14532.48,04509,Nordsachsen,Delitzsch,Carl-Friedrich-Benz-Straße,903,Sachsen,12.285,51.507,2012,NA,FALSE,Freiflächensolaranlage,60551,NA,NA
SEE955748019633,ABR912377203765,Solareinheit,PVA Litten 1,Volleinspeisung,19451.04,02627,Bautzen,Kubschütz,NA,NA,Sachsen,14.523158,51.196779,2012,NA,FALSE,Freiflächensolaranlage,79320,NA,NA
SEE964878931654,ABR934719925838,Solareinheit,PVA Delitzsch 1,Volleinspeisung,17559.36,04509,Nordsachsen,Delitzsch,Carl-Friedrich-Benz-Strasse,999,Sachsen,12.285,51.507,2012,NA,FALSE,Freiflächensolaranlage,73821,NA,NA
SEE995781422496,ABR963421776391,Solareinheit,PVA Walddrehna 2.1,Volleinspeisung,15995.52,15926,Dahme-Spreewald,Heideblick,Solarpark,902,Brandenburg,13.598514,51.776038,2012,NA,FALSE,Freiflächensolaranlage,129552,NA,NA
SEE968881194006,ABR945001774560,Solareinheit,PVA Walddrehna 2.2,Volleinspeisung,14371.2,15926,Dahme-Spreewald,Heideblick,Solarpark,903,Brandenburg,13.603344,51.776134,2012,NA,FALSE,Freiflächensolaranlage,115560,NA,NA
SEE904573377807,ABR930494644070,Solareinheit,PVA Walddrehna 2.3,Volleinspeisung,14857.44,15926,Dahme-Spreewald,Heideblick,NA,NA,Brandenburg,13.596162,51.775277,2012,NA,FALSE,Freiflächensolaranlage,117408,NA,NA
SEE926640800155,ABR925165991812,Solareinheit,PVWS (W4),Volleinspeisung,12798.81,86833,Unterallgäu,Ettringen,Kapellenstraße,880,Bayern,10.700329,48.083745,2019,NA,FALSE,Freiflächensolaranlage,37098,NA,NA
SEE928640042757,ABR984986166601,Solareinheit,Solarpark Finowtower 1,Volleinspeisung,24240.6,16227,Barnim,Eberswalde,Lausitzer Straße,NA,Brandenburg,13.697538,52.822032,2010,NA,FALSE,Freiflächensolaranlage,89780,NA,NA
SEE928085185002,ABR968986594091,Solareinheit,Solaranlage Telzer Plan II,Volleinspeisung,10799.8,15749,Dahme-Spreewald,Mittenwalde,NA,NA,Brandenburg,13.514649,52.244747,2020,NA,FALSE,Freiflächensolaranlage,32582,NA,NA
SEE941353893195,ABR945676722651,Solareinheit,Solaranlage Hinterste Plan II,Volleinspeisung,13772.52,15749,Dahme-Spreewald,Mittenwalde,NA,NA,Brandenburg,13.534675,52.250563,2020,NA,FALSE,Freiflächensolaranlage,41112,NA,NA
SEE966697017038,ABR974240095938,Solareinheit,PV Rothenburg IV GmbH ＆ Co. KG,Volleinspeisung,15206.4,02929,Görlitz,Rothenburg,NA,NA,Sachsen,14.956351,51.370237,2012,NA,FALSE,Freiflächensolaranlage,63260,NA,NA
SEE958623948233,ABR981471577676,Solareinheit,PV Perleberg West GmbH ＆ Co. KG,Volleinspeisung,15377.04,19348,Prignitz,Sükow,NA,NA,Brandenburg,11.815768,53.073698,2012,NA,FALSE,Freiflächensolaranlage,64462,NA,NA
SEE979424472215,ABR992471447470,Solareinheit,PV Perleberg Ost GmbH ＆ Co. KG,Volleinspeisung,18978.84,19348,Prignitz,Perleberg,NA,NA,Brandenburg,11.830796,53.070337,2012,NA,FALSE,Freiflächensolaranlage,79678,NA,NA
SEE924229604835,ABR935635392131,Solareinheit,PVA Neuhardenberg Flugplatz,Volleinspeisung,20071.32,15320,Märkisch-Oderland,Neuhardenberg,Oderbruchstraße,24 A,Brandenburg,14.245872,52.616505,2012,NA,FALSE,Freiflächensolaranlage,83712,NA,NA
SEE995897954607,ABR905506707067,Solareinheit,PVA Neuhardenberg Flugplatz,Volleinspeisung,22050.24,15320,Märkisch-Oderland,Neuhardenberg,Oderbruchstraße,24 A,Brandenburg,14.245872,52.616505,2012,NA,FALSE,Freiflächensolaranlage,90048,NA,NA
SEE909841432714,ABR935433814590,Solareinheit,PVA Neuhardenberg Flugplatz,Volleinspeisung,19880.64,15320,Märkisch-Oderland,Neuhardenberg,Oderbruchstraße,24 A,Brandenburg,14.245872,52.616505,2012,NA,FALSE,Freiflächensolaranlage,82752,NA,NA
SEE945658837960,ABR920728052634,Solareinheit,PVA Sietzsch,Volleinspeisung,11907.06,06188,Saalekreis,Landsberg,Delitzscher Straße,902,Sachsen-Anhalt,12.191098,51.492283,2010,NA,FALSE,Freiflächensolaranlage,52184,NA,NA
SEE928693533592,ABR925282269528,Solareinheit,PVA Jüterbog,Volleinspeisung,10124.8,14913,Teltow-Fläming,Jüterbog,Bülowstraße,NA,Brandenburg,13.040528,52.001083,2012,NA,FALSE,Freiflächensolaranlage,40960,NA,NA
SEE996693927857,ABR943085012868,Solareinheit,Solarpark Barth,Volleinspeisung,10242.96,18356,Vorpommern-Rügen,Barth,Hölzern-Kreuz-Weg,11,Mecklenburg-Vorpommern,12.700972,54.374694,2012,NA,FALSE,Freiflächensolaranlage,41808,NA,NA
SEE949284966520,ABR902115819686,Solareinheit,Parsberg Eichensee 2,Volleinspeisung,20596.96,92331,Neumarkt i.d. OPf.,Parsberg,NA,NA,Bayern,11.757634,49.225747,2020,NA,FALSE,Freiflächensolaranlage,71438,NA,NA
SEE948404276969,ABR952939149520,Solareinheit,Solarpark Güstrow 1 T1,Volleinspeisung,10454.4,18273,Rostock,Güstrow,Glasewitzer Chaussee,NA,Mecklenburg-Vorpommern,12.233111,53.79,2012,NA,FALSE,Freiflächensolaranlage,43560,NA,NA
SEE907712359009,ABR952939149520,Solareinheit,Solarpark Güstrow 1 T2,Volleinspeisung,10454.4,18273,Rostock,Güstrow,Glasewitzer Chaussee,NA,Mecklenburg-Vorpommern,12.233111,53.79,2012,NA,FALSE,Freiflächensolaranlage,43560,NA,NA
SEE951109851362,ABR954609267824,Solareinheit,Solarpark Petzenbach,Volleinspeisung,10001,94428,Dingolfing-Landau,Eichendorf,NA,NA,Bayern,12.878979,48.622143,2010,NA,FALSE,Freiflächensolaranlage,45608,NA,NA
SEE955191508845,ABR913776064681,Solareinheit,Solarkraftwerk Barderup,Volleinspeisung,18742,24988,Schleswig-Flensburg,Oeversee,Frörup-Mühle,1,Schleswig-Holstein,9.386101,54.729552,2012,NA,FALSE,Freiflächensolaranlage,76956,NA,NA
SEE959437375185,ABR932466529040,Solareinheit,Solarpark Jännersdorf Nord,Volleinspeisung,14903.945,16945,Prignitz,Marienfließ,NA,NA,Brandenburg,12.056083,53.341528,2012,NA,FALSE,Freiflächensolaranlage,61679,NA,NA
SEE907600255413,ABR932466529040,Solareinheit,Solarpark Jännersdorf Süd,Volleinspeisung,25559.14,16945,Prignitz,Marienfließ,Jännersdorfer Ring,34,Brandenburg,12.056083,53.341528,2012,NA,FALSE,Freiflächensolaranlage,105873,NA,NA
SEE958697647735,ABR998066328629,Solareinheit,Hohenfels Fichten 2,Volleinspeisung,10085.35,92366,Neumarkt i.d. OPf.,Hohenfels,NA,NA,Bayern,11.82113,49.199474,2020,NA,FALSE,Freiflächensolaranlage,36674,NA,NA
SEE973883749253,ABR933639176153,Solareinheit,Solarpark Königsbrück,Volleinspeisung,11956.8,01936,Bautzen,Königsbrück,Hoyerswerdaer Straße,NA,Sachsen,13.894278,51.287139,2012,NA,FALSE,Freiflächensolaranlage,49820,NA,NA
SEE950187537618,ABR921579067938,Solareinheit,Solarpark Köthen 4,Volleinspeisung,12704.39,06366,Anhalt-Bitterfeld,Köthen,Am Flugplatz,901,Sachsen-Anhalt,11.972667,51.723361,2010,NA,FALSE,Freiflächensolaranlage,60524,NA,NA
SEE927057280349,ABR962491270815,Solareinheit,Solarpark Krempendorf I,Volleinspeisung,24336.4,16945,Prignitz,Marienfließ,NA,NA,Brandenburg,12.200028,53.337139,2012,NA,FALSE,Freiflächensolaranlage,101024,NA,NA
SEE966648447259,ABR936738238487,Solareinheit,PV Stephansposching-Freundorf,Volleinspeisung,10595.52,94569,Deggendorf,Stephansposching,NA,NA,Bayern,12.84493,48.797935,2012,NA,FALSE,Freiflächensolaranlage,44148,NA,NA
SEE936011082523,ABR960598994238,Solareinheit,Solarpark Schependorf Ia,Volleinspeisung,11304.04,18246,Rostock,Baumgarten,NA,NA,Mecklenburg-Vorpommern,11.85,53.818,2012,NA,FALSE,Freiflächensolaranlage,47190,NA,NA
SEE968366210313,ABR946626587306,Solareinheit,Gaarz 2.1,Volleinspeisung,70863.87,19395,Ludwigslust-Parchim,Plau am See,NA,NA,Mecklenburg-Vorpommern,12.243754,53.412069,2021,NA,FALSE,Freiflächensolaranlage,214739,NA,NA
SEE937814455767,ABR983328658583,Solareinheit,Solarpark Heiligenfelde,Volleinspeisung,10213.31,39606,Stendal,Altmärkische Höhe,NA,NA,Sachsen-Anhalt,11.513062,52.824899,2024,NA,FALSE,Freiflächensolaranlage,17746,NA,NA
SEE921096887705,ABR975327387816,Solareinheit,PV Freiflächenanlage Elmenhorst,Volleinspeisung,12573.44,21493,Herzogtum Lauenburg,Elmenhorst,Kesselflickerstraße,907,Schleswig-Holstein,10.504526,53.539908,2012,NA,FALSE,Freiflächensolaranlage,103664,NA,NA
SEE928365318014,ABR927176955364,Solareinheit,Solarpark Wülknitz,Volleinspeisung,11174.6,01609,Meißen,Wülknitz,Siedlung,1a,Sachsen,13.389319,51.368742,2010,NA,FALSE,Freiflächensolaranlage,35153,NA,NA
SEE984290672089,ABR933074795872,Solareinheit,PVA Krughütte 4,Teileinspeisung (einschließlich Eigenverbrauch),19833.88,06311,Mansfeld-Südharz,Helbra,Solarpark,902,Sachsen-Anhalt,11.510252,51.544791,2012,NA,FALSE,Freiflächensolaranlage,5082,NA,NA
SEE978697638670,ABR901429666832,Solareinheit,PVA-Straßkirchen,Volleinspeisung,54356,94342,Straubing-Bogen,Straßkirchen,Gänsdorf,1,Bayern,12.757375,48.804628,2009,NA,FALSE,Freiflächensolaranlage,271700,NA,NA
SEE908715873189,ABR921845180163,Solareinheit,Ganzlin I,Volleinspeisung,31209.4,19395,Ludwigslust-Parchim,Ganzlin,Am Fuchsberg,1,Mecklenburg-Vorpommern,12.268927,53.382053,2020,NA,FALSE,Freiflächensolaranlage,85304,NA,NA
SEE950140011476,ABR973221189499,Solareinheit,Solarpark Tagewerben,Volleinspeisung,10744.8,06667,Burgenlandkreis,Weißenfels,Am Solarpark,902 r,Sachsen-Anhalt,11.95624,51.236175,2012,NA,FALSE,Freiflächensolaranlage,44770,NA,NA
SEE919184620839,ABR952529761408,Solareinheit,Helbra,Teileinspeisung (einschließlich Eigenverbrauch),11499.6,06308,Mansfeld-Südharz,Klostermansfeld,Bahnhofstraße,903 Z,Sachsen-Anhalt,11.498786,51.580611,2010,NA,FALSE,Freiflächensolaranlage,50591,NA,NA
SEE981794593698,ABR950827191781,Solareinheit,Solarpark Basepohl I,Volleinspeisung,11162.88,17153,Mecklenburgische Seenplatte,Stavenhagen,Basepohl am Wald,NA,Mecklenburg-Vorpommern,12.953306,53.744261,2011,NA,FALSE,Freiflächensolaranlage,58752,NA,NA
SEE967391745555,ABR980891050509,Solareinheit,DE00.005 Preschen,Volleinspeisung,22030.825,03159,Spree-Neiße,Neiße-Malxetal,Am Groß Schacksdorfer Wald,2 z,Brandenburg,14.632017,51.659128,2012,NA,FALSE,Freiflächensolaranlage,90933,NA,NA
SEE955907873113,ABR951831554296,Solareinheit,Energiepark Neuhardenberg,Volleinspeisung,22525.8,15320,Märkisch-Oderland,Neuhardenberg,Oderbruchstraße,24,Brandenburg,14.247127,52.609919,2012,NA,FALSE,Freiflächensolaranlage,90120,NA,NA
SEE958497757566,ABR971239652738,Solareinheit,Solarpark Linslerhof GmbH ＆ Co KG,Volleinspeisung,10421.86,66802,Saarlouis,Überherrn,Linslerhof,1,Saarland,6.731108,49.252438,2012,NA,FALSE,Freiflächensolaranlage,43944,NA,NA
SEE994444650177,ABR982552350225,Solareinheit,PV_NBO,Volleinspeisung,10000.08,09627,Mittelsachsen,Bobritzsch-Hilbersdorf,NA,NA,Sachsen,13.41339,50.912559,2021,NA,FALSE,Freiflächensolaranlage,26316,NA,NA
SEE938861760248,ABR968363349054,Solareinheit,Solarpark Ammerland,Volleinspeisung,20835.32,26215,Ammerland,Wiefelstede,An den Eichen,NA,Niedersachsen,8.155151,53.181233,2011,NA,FALSE,Freiflächensolaranlage,78888,NA,NA
SEE907543305091,ABR943684247036,Solareinheit,Rothenburg I,Volleinspeisung,20492.7,02929,Görlitz,Rothenburg,Friedensstraße,105 a,Sachsen,14.957973,51.356052,2009,NA,FALSE,Freiflächensolaranlage,253634,NA,NA
SEE900221780579,ABR959037433216,Solareinheit,Helmeringen I,Volleinspeisung,10026.72,89415,Dillingen a.d. Donau,Lauingen,Hygstetter Weg,990,Bayern,10.416444,48.539235,2008,NA,FALSE,Freiflächensolaranlage,135648,NA,NA
SEE941102833571,ABR935937544702,Solareinheit,PVA Senftenberg VI,Volleinspeisung,15733.68,01968,Oberspreewald-Lausitz,Brieske,Franz-Mehring-Straße,998 U,Brandenburg,13.970416,51.51064,2011,NA,FALSE,Freiflächensolaranlage,66960,NA,NA
SEE918813007744,ABR976682594567,Solareinheit,PVA Senftenberg V,Volleinspeisung,15688.56,01968,Oberspreewald-Lausitz,Brieske,Franz-Mehring-Straße,998 U,Brandenburg,13.970416,51.51064,2011,NA,FALSE,Freiflächensolaranlage,66768,NA,NA
SEE903230115301,ABR972141364658,Solareinheit,Senftenberg IV,Volleinspeisung,23596.56,01968,Oberspreewald-Lausitz,Brieske,Franz-Mehring-Straße,998 U,Brandenburg,13.970417,51.510639,2011,NA,FALSE,Freiflächensolaranlage,100416,NA,NA
SEE997078195229,ABR905094679005,Solareinheit,Zerbst 2,Volleinspeisung,12151,39261,Anhalt-Bitterfeld,Zerbst,Deetzer Str.,NA,Sachsen-Anhalt,12.135443,51.999785,2011,NA,FALSE,Freiflächensolaranlage,51696,NA,NA
SEE963472710849,ABR950147924274,Solareinheit,Solarpark Brandenburg (Havel),Volleinspeisung,18647.017,14770,Brandenburg an der Havel,Brandenburg,NA,NA,Brandenburg,12.519307,52.403087,2010,NA,FALSE,Freiflächensolaranlage,80978,NA,NA
SEE995934595527,ABR946569251166,Solareinheit,Solarpark Vilseck,Volleinspeisung,10017.46,92249,Amberg-Sulzbach,Vilseck,Heringnohe,1,Bayern,11.752435,49.62916,2010,NA,FALSE,Freiflächensolaranlage,44198,NA,NA
SEE925933964901,ABR974647374612,Solareinheit,PV Eiche III,Volleinspeisung,10866.96,16356,Barnim,Ahrensfelde,Mehrower Weg,1,Brandenburg,13.601077,52.564648,2010,NA,FALSE,Freiflächensolaranlage,51840,NA,NA
SEE936770712563,ABR922256867018,Solareinheit,Thüngen,Volleinspeisung,18737.95,97289,Main-Spessart,Thüngen,NA,NA,Bayern,9.854161,49.956988,2010,NA,FALSE,Freiflächensolaranlage,84986,NA,NA
SEE978179056275,ABR959129895748,Solareinheit,Solarpark Mengkofen,Volleinspeisung,21720,84152,Dingolfing-Landau,Mengkofen,NA,NA,Bayern,12.385041,48.699875,2009,NA,FALSE,Freiflächensolaranlage,99050,NA,NA
SEE919575370664,ABR946185373426,Solareinheit,Solarpark Schornhof (J05.1) - P10-031,Volleinspeisung,20401.98,86562,Neuburg-Schrobenhausen,Berg im Gau,NA,NA,Bayern,11.276223,48.653043,2020,NA,FALSE,Freiflächensolaranlage,58176,NA,NA
SEE908707111015,ABR947260383347,Solareinheit,Solarpark Alttrebbin,Teileinspeisung (einschließlich Eigenverbrauch),150983.04,15320,Märkisch-Oderland,Neutrebbin,NA,NA,Brandenburg,14.239078,52.693698,2022,NA,FALSE,Freiflächensolaranlage,345072,NA,NA
SEE936162158023,ABR930958989624,Solareinheit,Solarpark Gottesgabe,Teileinspeisung (einschließlich Eigenverbrauch),153131.42,15320,Märkisch-Oderland,Neuhardenberg,NA,NA,Brandenburg,14.189378,52.639404999999996,2022,NA,FALSE,Freiflächensolaranlage,350064,NA,NA
SEE915086624111,ABR908518924590,Solareinheit,RCP Solarpark Barth,Volleinspeisung,11022.3,18314,Vorpommern-Rügen,Kenz-Küstrow,Bahnhofstr.,0,Mecklenburg-Vorpommern,12.712578,54.343515,2012,NA,FALSE,Freiflächensolaranlage,45360,NA,NA
SEE996159424036,ABR975517692973,Solareinheit,Senftenberg VII,Volleinspeisung,23043.96,01968,Oberspreewald-Lausitz,Brieske,Franz-Mehring-Straße,998 U,Brandenburg,13.970696,51.510494,2011,NA,FALSE,Freiflächensolaranlage,97296,NA,NA
SEE974926220654,ABR991650297257,Solareinheit,Solarpark Roitzsch,Teileinspeisung (einschließlich Eigenverbrauch),12640.41,06809,Anhalt-Bitterfeld,Roitzsch,An der B 100,901,Sachsen-Anhalt,12.244917,51.581278,2011,NA,FALSE,Freiflächensolaranlage,45849,NA,NA
SEE971711684141,ABR918899642983,Solareinheit,PVA Dallgow-Döberitz,Volleinspeisung,20956.32,14612,Havelland,Falkensee,Schönwalder Straße,88 b,Brandenburg,13.11475,52.532512,2011,NA,FALSE,Freiflächensolaranlage,88656,NA,NA
SEE996455607225,ABR970043772571,Solareinheit,PV Weesow-Willmersdorf 2,Teileinspeisung (einschließlich Eigenverbrauch),61838.4,16356,Barnim,Werneuchen,NA,NA,Brandenburg,13.700882,52.646883,2020,NA,FALSE,Freiflächensolaranlage,153504,NA,NA
SEE944089525699,ABR988234760740,Solareinheit,Solarpark Lettewitz,Volleinspeisung,12596.88,06193,Saalekreis,Wettin-Löbejün,Kirschstraße,900 R,Sachsen-Anhalt,11.864033,51.600826,2012,NA,FALSE,Freiflächensolaranlage,60067,NA,NA
SEE965587985846,ABR946185373426,Solareinheit,Solarpark Schornhof (J04.1) - P10-031,Volleinspeisung,11980.5,86562,Neuburg-Schrobenhausen,Berg im Gau,NA,NA,Bayern,11.286464,48.657237,2020,NA,FALSE,Freiflächensolaranlage,34230,NA,NA
SEE928106766531,ABR936842743198,Solareinheit,PVA Bronkow,Volleinspeisung,11425.1,03229,Oberspreewald-Lausitz,Luckaitztal,Gosdaer Straße,900,Brandenburg,13.961701,51.674993,2012,NA,FALSE,Freiflächensolaranlage,46600,NA,NA
SEE962863138194,ABR939575161123,Solareinheit,Sonnenpark Hütten,Volleinspeisung,15681.6,92655,Neustadt a.d. Waldnaab,Grafenwöhr,Pechhofer Straße,18,Bayern,11.910733,49.720407,2012,NA,FALSE,Freiflächensolaranlage,65340,NA,NA
SEE900202351019,ABR993368509721,Solareinheit,Neuhausen-Süd,Volleinspeisung,10596.24,03058,Spree-Neiße,Neuhausen,NA,NA,Brandenburg,14.421444,51.681557,2011,NA,FALSE,Freiflächensolaranlage,16208,NA,NA
SEE911324943570,ABR989917003062,Solareinheit,Solar Meuro I,Volleinspeisung,17223.12,01968,Oberspreewald-Lausitz,Brieske,Franz-Mehring-Straße,999 Z,Brandenburg,13.951443,51.548683,2011,NA,FALSE,Freiflächensolaranlage,76800,NA,NA
SEE963492993239,ABR906939159225,Solareinheit,Schipkau 1-1,Volleinspeisung,12731.16,01968,Oberspreewald-Lausitz,Brieske,Franz-Mehring-Straße,999 Z,Brandenburg,13.952112,51.544383,2011,NA,FALSE,Freiflächensolaranlage,55182,NA,NA
SEE953593699697,ABR939315714695,Solareinheit,Meuro 2-2,Volleinspeisung,13464,01968,Oberspreewald-Lausitz,Brieske,Franz-Mehring-Straße,999 Z,Brandenburg,13.959189,51.542615,2011,NA,FALSE,Freiflächensolaranlage,57600,NA,NA
SEE978500320402,ABR987682193162,Solareinheit,Schipkau 2,Volleinspeisung,18748.8,01994,Oberspreewald-Lausitz,Meuro,NA,NA,Brandenburg,13.956551,51.539586,2011,NA,FALSE,Freiflächensolaranlage,80640,NA,NA
SEE911310109461,ABR987008863205,Solareinheit,WOC-MAH-01_2012,Volleinspeisung,18783.36,39517,Stendal,Tangerhütte,Straße der Jugend,ohne,Sachsen-Anhalt,11.819956,52.388266,2012,NA,FALSE,Freiflächensolaranlage,79796,NA,NA
SEE960722648778,ABR902640905502,Solareinheit,WOC-PUE-01_2012,Volleinspeisung,21339.06,18311,Vorpommern-Rügen,Ribnitz-Damgarten,Flugplatzallee,NA,Mecklenburg-Vorpommern,12.450017,54.265258,2012,NA,FALSE,Freiflächensolaranlage,87996,NA,NA
SEE970689355817,ABR931678324955,Solareinheit,Tutow II FFA (1),Volleinspeisung,12731.125,17129,Vorpommern-Greifswald,Tutow,Flughafenring,31,Mecklenburg-Vorpommern,13.212465,53.927267,2010,NA,FALSE,Freiflächensolaranlage,167550,NA,NA
SEE951899766945,ABR931678324955,Solareinheit,Tutow II FFA (2),Volleinspeisung,12731.125,17129,Vorpommern-Greifswald,Tutow,Flughafenring,31,Mecklenburg-Vorpommern,13.212465,53.927267,2010,NA,FALSE,Freiflächensolaranlage,167550,NA,NA
SEE998722352005,ABR970043772571,Solareinheit,PV Weesow-Wilmersdorf 3,Teileinspeisung (einschließlich Eigenverbrauch),63060.96,16356,Barnim,Werneuchen,NA,NA,Brandenburg,13.691721,52.651063,2021,NA,FALSE,Freiflächensolaranlage,157248,NA,NA
SEE934690493715,ABR908518924590,Solareinheit,RCP Solarpark Barth,Volleinspeisung,11012.7,18314,Vorpommern-Rügen,Kenz-Küstrow,Bahnhofstr.,0,Mecklenburg-Vorpommern,12.715066,54.344145,2012,NA,FALSE,Freiflächensolaranlage,45360,NA,NA
SEE971754653043,ABR936072176544,Solareinheit,Solarpark Lärz-Rechlin Süd,Volleinspeisung,19807,17248,Mecklenburgische Seenplatte,Rechlin,NA,NA,Mecklenburg-Vorpommern,12.763798,53.307118,2023,NA,FALSE,Freiflächensolaranlage,35386,NA,NA
SEE943068280185,ABR958663820780,Solareinheit,Solarpark Letschin 04/21,Volleinspeisung,12927.15,15324,Märkisch-Oderland,Letschin,NA,NA,Brandenburg,14.325782,52.644269,2023,NA,FALSE,Freiflächensolaranlage,22860,NA,NA
SEE963943822187,ABR987233398169,Solareinheit,Solarpark Göhlsdorf 04/21,Volleinspeisung,13248.36,14797,Potsdam-Mittelmark,Kloster Lehnin,NA,NA,Brandenburg,12.813501,52.350252,2023,NA,FALSE,Freiflächensolaranlage,24408,NA,NA
SEE908522449232,ABR924305059061,Solareinheit,Solarpark Gammertingen 04/21,Volleinspeisung,14816.7,72501,Reutlingen,Gammertingen,NA,NA,Baden-Württemberg,9.333397,48.24972,2024,NA,FALSE,Freiflächensolaranlage,27360,NA,NA
SEE966165639861,ABR957841327066,Solareinheit,PVA_G9,Volleinspeisung,10465.92,18439,Vorpommern-Rügen,Stralsund,Voigdehäger Weg,NA,Mecklenburg-Vorpommern,13.0895,54.2779,2023,NA,FALSE,Freiflächensolaranlage,22752,NA,NA
SEE950736074779,ABR948346900267,Solareinheit,PVA,Volleinspeisung,15845.015,93176,Regensburg,Beratzhausen,NA,NA,Bayern,11.785623,49.135103,2023,NA,FALSE,Freiflächensolaranlage,24416,NA,NA
SEE917127299388,ABR908690835417,Solareinheit,PVA 1,Volleinspeisung,12027.06,88633,Bodenseekreis,Heiligenberg,NA,NA,Baden-Württemberg,9.321921,47.861915,2022,NA,FALSE,Freiflächensolaranlage,22068,NA,NA
SEE973710510629,ABR935588799933,Solareinheit,PVA Inden,Volleinspeisung,14400,52459,Düren,Inden,NA,NA,Nordrhein-Westfalen,6.366094,50.877468,2022,NA,FALSE,Freiflächensolaranlage,26676,NA,NA
SEE949612224568,ABR990561781930,Solareinheit,Solarpark Forsthof,Volleinspeisung,19998,92706,Neustadt a.d. Waldnaab,Luhe-Wildenau,NA,NA,Bayern,12.107263,49.592577,2023,NA,FALSE,Freiflächensolaranlage,53328,NA,NA
SEE978056753952,ABR980107077351,Solareinheit,Solarpark Ottmarsfeld Nord,Volleinspeisung,14998.5,91798,Weißenburg-Gunzenhausen,Höttingen,NA,NA,Bayern,10.98717,49.085582,2022,NA,FALSE,Freiflächensolaranlage,39996,NA,NA
SEE958126338289,ABR916152227588,Solareinheit,Solarpark Buch,Volleinspeisung,19998,96190,Haßberge,Untermerzbach,NA,NA,Bayern,10.80066,50.123298,2023,NA,FALSE,Freiflächensolaranlage,53328,NA,NA
SEE989071818199,ABR979080943807,Solareinheit,Solarpark Gebot 3 - Inn22-1,Volleinspeisung,13000,97711,Bad Kissingen,Maßbach,NA,NA,Bayern,10.308542,50.15509,2026,NA,FALSE,Freiflächensolaranlage,NA,NA,NA
SEE996155180745,ABR914910299952,Solareinheit,Balder B01 - Bereich III,Volleinspeisung,20050.2,18292,Rostock,Dobbin-Linstow,NA,NA,Mecklenburg-Vorpommern,12.364287,53.639553,2021,NA,FALSE,Freiflächensolaranlage,50760,NA,NA
SEE932932917333,ABR938480345635,Solareinheit,Balder A08,Volleinspeisung,15138.9,19205,Nordwestmecklenburg,Pokrent,NA,NA,Mecklenburg-Vorpommern,11.147381,53.659363,2021,NA,FALSE,Freiflächensolaranlage,34020,NA,NA
SEE900877964712,ABR924651292778,Solareinheit,Balder A02 - Bereich I,Volleinspeisung,10341.72,19300,Ludwigslust-Parchim,Grabow,NA,NA,Mecklenburg-Vorpommern,11.539463,53.247598000000004,2021,NA,FALSE,Freiflächensolaranlage,22987,NA,NA
SEE946445986427,ABR994635630162,Solareinheit,Teutschenthal 1.1,Volleinspeisung,16433.76,06179,Saalekreis,Teutschenthal,NA,NA,Sachsen-Anhalt,11.834126,51.449873,2021,NA,FALSE,Freiflächensolaranlage,45024,NA,NA
SEE943838798599,ABR975327387816,Solareinheit,PV Freiflächenanlage Elmenhorst (2),Volleinspeisung,11787.6,21493,Herzogtum Lauenburg,Elmenhorst,Kesselflickerstraße,907,Schleswig-Holstein,10.504526,53.539908,2012,NA,FALSE,Freiflächensolaranlage,58938,NA,NA
SEE958409465039,ABR946626587306,Solareinheit,Gaarz 1.3,Volleinspeisung,10390.05,19395,Ludwigslust-Parchim,Plau am See,NA,NA,Mecklenburg-Vorpommern,12.248705,53.418515,2021,NA,FALSE,Freiflächensolaranlage,31485,NA,NA
SEE914559439658,ABR921845180163,Solareinheit,Ganzlin II,Volleinspeisung,33097.7,19395,Ludwigslust-Parchim,Ganzlin,Am Fuchsberg,1,Mecklenburg-Vorpommern,12.271378,53.381687,2020,NA,FALSE,Freiflächensolaranlage,80240,NA,NA
SEE984986736903,ABR976641817119,Solareinheit,PVA Laubsdorf,Volleinspeisung,19999.825,03058,Spree-Neiße,Neuhausen,NA,NA,Brandenburg,14.44046,51.68509,2021,NA,FALSE,Freiflächensolaranlage,45936,NA,NA
SEE947503174794,ABR989102727483,Solareinheit,Solarpark Herlheim,Volleinspeisung,12998.64,97509,Schweinfurt,Kolitzheim,NA,NA,Bayern,10.2921,49.9149,2021,NA,FALSE,Freiflächensolaranlage,31704,NA,NA
SEE989824085885,ABR914910299952,Solareinheit,Balder B01 - Bereich IV - Teil 1,Volleinspeisung,47267.28,18292,Rostock,Dobbin-Linstow,NA,NA,Mecklenburg-Vorpommern,12.365211,53.64,2021,NA,FALSE,Freiflächensolaranlage,119664,NA,NA
SEE965151670598,ABR946185373426,Solareinheit,Solarpark Schornhof (J06.1) - P10-031,Volleinspeisung,20909.34,86668,Neuburg-Schrobenhausen,Karlshuld,Karlshuld,GEO-Daten,Bayern,11.28223,48.65634,2020,NA,FALSE,Freiflächensolaranlage,57822,NA,NA
SEE919621649980,ABR946185373426,Solareinheit,Solarpark Schornhof (J04.2) - P10-031,Volleinspeisung,15839.34,86668,Neuburg-Schrobenhausen,Karlshuld,Karlshuld,GEO-Daten,Bayern,11.27871,48.64423,2021,NA,FALSE,Freiflächensolaranlage,42396,NA,NA
SEE955051411315,ABR954907499361,Solareinheit,PV-FW-4037,Volleinspeisung,17712,54668,Eifelkreis Bitburg-Prüm,Ferschweiler,NA,NA,Rheinland-Pfalz,6.397991,49.873398,2023,NA,FALSE,Freiflächensolaranlage,47232,NA,NA
SEE977384300470,ABR982511102919,Solareinheit,PVA Rauenberg,Volleinspeisung,13447,97896,Main-Tauber-Kreis,Freudenberg,NA,NA,Baden-Württemberg,9.36716,49.750278,2025,NA,FALSE,Freiflächensolaranlage,23184,NA,NA
SEE947453765578,ABR905556180636,Solareinheit,Solarpark Lübars 2,Volleinspeisung,11977.2,39291,Jerichower Land,Lübars,NA,NA,Sachsen-Anhalt,12.152501000000001,52.18618,2024,NA,FALSE,Freiflächensolaranlage,21180,NA,NA
SEE919594990133,ABR926438919984,Solareinheit,ABO Wind PV Euskirchen,Volleinspeisung,10526,53881,Euskirchen,Euskirchen,NA,NA,Nordrhein-Westfalen,6.815017,50.697213,2024,NA,FALSE,Freiflächensolaranlage,18630,NA,NA
SEE955934976986,ABR935588799933,Solareinheit,PVA Garzweiler,Volleinspeisung,19380,50181,Rhein-Erft-Kreis,Bedburg,NA,NA,Nordrhein-Westfalen,6.528732,51.051928,2023,NA,FALSE,Freiflächensolaranlage,35880,NA,NA
SEE961632180587,ABR952166828663,Solareinheit,Balder B02 - Bereich I,Volleinspeisung,11994.9,17213,Mecklenburgische Seenplatte,Malchow,NA,NA,Mecklenburg-Vorpommern,12.385871,53.49666,2023,NA,FALSE,Freiflächensolaranlage,18420,NA,NA
SEE929284909895,ABR935588799933,Solareinheit,PVA Jackerath,Volleinspeisung,12150,50181,Rhein-Kreis Neuss,Bedburg,NA,NA,Nordrhein-Westfalen,6.486714,51.038155,2023,NA,FALSE,Freiflächensolaranlage,22464,NA,NA
SEE941496894332,ABR947260383347,Solareinheit,PV Maßbach 2,Volleinspeisung,18449,97711,Bad Kissingen,Maßbach,NA,NA,Bayern,10.2525,50.1865,2021,NA,FALSE,Freiflächensolaranlage,45552,NA,NA
SEE917037858569,ABR994635630162,Solareinheit,Teutschenthal 1.4,Volleinspeisung,16947.68,06179,Saalekreis,Teutschenthal,NA,NA,Sachsen-Anhalt,11.823797,51.453173,2021,NA,FALSE,Freiflächensolaranlage,46432,NA,NA
SEE972725057228,ABR946185373426,Solareinheit,Solarpark Schornhof (J05.2) - P10-031,Volleinspeisung,21782.25,86562,Neuburg-Schrobenhausen,Berg im Gau,NA,NA,Bayern,11.278987,48.63869,2021,NA,FALSE,Freiflächensolaranlage,58086,NA,NA
SEE966108014564,ABR961274775257,Solareinheit,PV Theley Alsweiler 2,Volleinspeisung,12540.8,66636,St. Wendel,Tholey,NA,NA,Saarland,7.057184,49.484586,2021,NA,FALSE,Freiflächensolaranlage,33848,NA,NA
SEE973156197545,ABR943003885314,Solareinheit,PVA Sergen West I,Volleinspeisung,15281.995,03058,Spree-Neiße,Neuhausen,NA,NA,Brandenburg,14.48283,51.70415,2022,NA,FALSE,Freiflächensolaranlage,26690,NA,NA
SEE977300772114,ABR960247123668,Solareinheit,Sonnenwende Groß Schlamin,Volleinspeisung,20000,23730,Ostholstein,Schashagen,NA,NA,Schleswig-Holstein,10.872751,54.163166,2024,NA,FALSE,Freiflächensolaranlage,31032,NA,NA
SEE940872417349,ABR918240936471,Solareinheit,PV - Anlage,Volleinspeisung,11105.68,94094,Passau,Rotthalmünster,NA,NA,Bayern,13.19218,48.374639,2021,NA,FALSE,Freiflächensolaranlage,24543,NA,NA
SEE942871964718,ABR946921305926,Solareinheit,Solarpark Burghaslach,Volleinspeisung,19999.05,96152,Neustadt a.d. Aisch-Bad Windsheim,Burghaslach,NA,NA,Bayern,10.59145,49.71789,2022,NA,FALSE,Freiflächensolaranlage,53082,NA,NA
SEE996255890582,ABR996087246502,Solareinheit,Solarpark Oberroßbach 1,Volleinspeisung,11999,91463,Neustadt a.d. Aisch-Bad Windsheim,Dietersheim,NA,NA,Bayern,10.58819,49.54941,2024,NA,FALSE,Freiflächensolaranlage,29332,NA,NA
SEE970337849545,ABR996087246502,Solareinheit,Solarpark Herrnneuses,Volleinspeisung,15989,91413,Neustadt a.d. Aisch-Bad Windsheim,Neustadt,NA,NA,Bayern,10.6307,49.55605,2024,NA,FALSE,Freiflächensolaranlage,39096,NA,NA
SEE918858887547,ABR970622568663,Solareinheit,Burgstall West,Volleinspeisung,25134.84,94554,Deggendorf,Moos,NA,NA,Bayern,12.937051,48.744123,2021,NA,FALSE,Freiflächensolaranlage,46500,NA,NA
SEE951028619029,ABR994635630162,Solareinheit,Schkölen,NA,37460.09,07619,Saale-Holzland-Kreis,Schkölen,NA,NA,Thüringen,11.874595,51.032976,2021,NA,FALSE,Freiflächensolaranlage,91489,NA,NA
SEE927973259962,ABR949812226119,Solareinheit,Schkölen 1.1,Volleinspeisung,28231.55,07619,Saale-Holzland-Kreis,Schkölen,NA,NA,Thüringen,11.880972,51.036717,2021,NA,FALSE,Freiflächensolaranlage,69301,NA,NA
SEE931738037504,ABR956384250152,Solareinheit,Energiepark Weichs,Volleinspeisung,22000,85258,Dachau,Weichs,NA,NA,Bayern,11.429534,48.371893,2026,NA,FALSE,Freiflächensolaranlage,40416,NA,NA
SEE951264542617,ABR962708160489,Solareinheit,Solarpark Groß Behnitz Nord II,Volleinspeisung,25258.5,14641,Havelland,Nauen,NA,NA,Brandenburg,12.77856,52.584317,2021,NA,FALSE,Freiflächensolaranlage,39090,NA,NA
SEE920687311094,ABR947852191381,Solareinheit,TG_Trafo 104,Volleinspeisung,82924.14,19089,Ludwigslust-Parchim,Barnin,An den Barniner Eichen,2,Mecklenburg-Vorpommern,11.698668,53.571138,2021,NA,FALSE,Freiflächensolaranlage,202254,NA,NA
SEE905807996023,ABR947852191381,Solareinheit,TG_Trafo 105,Volleinspeisung,88680.54,19089,Ludwigslust-Parchim,Barnin,An den Barniner Eichen,2,Mecklenburg-Vorpommern,11.698668,53.571138,2021,NA,FALSE,Freiflächensolaranlage,216294,NA,NA
SEE913813400588,ABR902802824757,Solareinheit,Balder A09 - Bereich I,Volleinspeisung,17061.3,17091,Mecklenburgische Seenplatte,Röckwitz,NA,NA,Mecklenburg-Vorpommern,13.110223,53.692388,2022,NA,FALSE,Freiflächensolaranlage,38340,NA,NA
SEE946925858374,ABR983017753407,Solareinheit,PV Gilching,Volleinspeisung,16218.9,82205,Starnberg,Gilching,NA,NA,Bayern,11.33469,48.09999,2022,NA,FALSE,Freiflächensolaranlage,35877,NA,NA
SEE998727092548,ABR954022931739,Solareinheit,Fuchsloch PPA,Volleinspeisung,14991.75,97340,Kitzingen,Martinsheim,NA,NA,Bayern,10.1789,49.628654,2022,NA,FALSE,Freiflächensolaranlage,33315,NA,NA
SEE956674332421,ABR989403455139,Solareinheit,Solarfeld Ihlenfeld,Volleinspeisung,10000.27,17039,Mecklenburgische Seenplatte,Neuenkirchen,NA,NA,Mecklenburg-Vorpommern,13.32854,53.593577,2022,NA,FALSE,Freiflächensolaranlage,22125,NA,NA
SEE974308737312,ABR924003350606,Solareinheit,Anlage 1,NA,14314.86,92237,Amberg-Sulzbach,Sulzbach-Rosenberg,NA,NA,Bayern,11.780454,49.501923,2022,NA,FALSE,Freiflächensolaranlage,27000,NA,NA
SEE956621592441,ABR901560092323,Solareinheit,Klettwitz Nord 1. BA,Volleinspeisung,49999.395,01998,Oberspreewald-Lausitz,Klettwitz,NA,NA,Brandenburg,13.86359,51.552323,2022,NA,FALSE,Freiflächensolaranlage,101549,NA,NA
SEE964457576009,ABR993132120251,Solareinheit,SP Vilseck II,Volleinspeisung,10999.2,92249,Amberg-Sulzbach,Vilseck,NA,NA,Bayern,11.778342,49.610728,2022,NA,FALSE,Freiflächensolaranlage,24608,NA,NA
SEE959300206301,ABR902437203125,Solareinheit,PVA,Volleinspeisung,18180,86381,Günzburg,Krumbach,Nordstraße,990,Bayern,10.337094,48.265245,2023,NA,FALSE,Freiflächensolaranlage,33596,NA,NA
SEE944749268485,ABR914100319637,Solareinheit,PVA Gardessen I,Volleinspeisung,11993,38162,Wolfenbüttel,Cremlingen,NA,NA,Niedersachsen,10.706778,52.274104,2024,NA,FALSE,Freiflächensolaranlage,22005,NA,NA
SEE970329042312,ABR964633733417,Solareinheit,Solarpark Jünkerath,Volleinspeisung,15856.8,54584,Vulkaneifel,Jünkerath,NA,NA,Rheinland-Pfalz,6.56055,50.365038,2024,NA,FALSE,Freiflächensolaranlage,24060,NA,NA
SEE918905720964,ABR993892713618,Solareinheit,PV-Anlage Merseburg,Volleinspeisung,19989.18,06217,Saalekreis,Merseburg,NA,NA,Sachsen-Anhalt,11.95551,51.302025,2023,NA,FALSE,Freiflächensolaranlage,37017,NA,NA
SEE919798439834,ABR993892713618,Solareinheit,PV-Anlage Braunsbedra,Volleinspeisung,13897.17,06259,Saalekreis,Frankleben,NA,NA,Sachsen-Anhalt,11.952089,51.30136,2024,NA,FALSE,Freiflächensolaranlage,24381,NA,NA
SEE908154076325,ABR939245079000,Solareinheit,Solarpark,NA,20000,02979,Bautzen,Elsterheide,NA,NA,Sachsen,14.187,51.447,2024,NA,FALSE,Freiflächensolaranlage,NA,NA,NA
SEE937844326433,ABR958515820081,Solareinheit,Ehndorf 1.1,Volleinspeisung,14167.98,24647,Rendsburg-Eckernförde,Ehndorf,NA,NA,Schleswig-Holstein,9.922343,54.05883,2024,NA,FALSE,Freiflächensolaranlage,31023,NA,NA
SEE982582461311,ABR982210299545,Solareinheit,E.ON Solarpark Hepberg GmbH ＆ Co. KG,Volleinspeisung,10559.2,85098,Eichstätt,Großmehring,Dieselstraße,bei 28,Bayern,11.470127,48.831568,2022,NA,FALSE,Freiflächensolaranlage,19608,NA,NA
SEE965213240790,ABR959103083826,Solareinheit,Neue Energie Kulmbach,Volleinspeisung,19991.88,95326,Kulmbach,Kulmbach,NA,NA,Bayern,11.43323,50.175599,2022,NA,FALSE,Freiflächensolaranlage,37368,NA,NA
SEE937640985230,ABR923029856338,Solareinheit,Lemwerder 1,Volleinspeisung,13615.52,27809,Wesermarsch,Lemwerder,NA,NA,Niedersachsen,8.586674,53.138794,2024,NA,FALSE,Freiflächensolaranlage,29088,NA,NA
SEE991589916496,ABR943531574261,Solareinheit,Solarpark Volkershausen,Volleinspeisung,12474,97711,Bad Kissingen,Maßbach,NA,NA,Bayern,10.308542,50.15509,2024,NA,FALSE,Freiflächensolaranlage,22680,NA,NA
SEE989203088315,ABR973259896864,Solareinheit,PV Hambach I,Volleinspeisung,12177,52382,Düren,Niederzier,NA,NA,Nordrhein-Westfalen,6.516946,50.925061,2023,NA,FALSE,Freiflächensolaranlage,22344,NA,NA
SEE906799612700,ABR903837623278,Solareinheit,Solarpark Beilrode I - Teilanlage 1,Volleinspeisung,19960.02,04886,Nordsachsen,Beilrode,Triftweg,999 Z,Sachsen,13.09647,51.574497,2024,NA,FALSE,Freiflächensolaranlage,35964,NA,NA
SEE924792059810,ABR954551592142,Solareinheit,Solarpark Schmelchen,Volleinspeisung,13996.8,85250,Dachau,Altomünster,NA,NA,Bayern,11.241924,48.411945,2023,NA,FALSE,Freiflächensolaranlage,25920,NA,NA
SEE976180920660,ABR901560092323,Solareinheit,Klettwitz Nord 2. BA,Volleinspeisung,39999.69,01993,Oberspreewald-Lausitz,Schipkau,NA,NA,Brandenburg,13.867275,51.548345,2022,NA,FALSE,Freiflächensolaranlage,81161,NA,NA
SEE921856548976,ABR909199790931,Solareinheit,PVA Güttin,Volleinspeisung,15017.4,18573,Vorpommern-Rügen,Dreschvitz,Güttin,66,Mecklenburg-Vorpommern,13.326607,54.384702,2022,NA,FALSE,Freiflächensolaranlage,27810,NA,NA
SEE981094711389,ABR920405658623,Solareinheit,Büttel 2.1,Volleinspeisung,16667.48,25572,Steinburg,Büttel,NA,NA,Schleswig-Holstein,9.222306,53.907409,2022,NA,FALSE,Freiflächensolaranlage,37455,NA,NA
SEE971274782995,ABR955351877859,Solareinheit,PV Park1 Neukirchen Klaustorf,Volleinspeisung,10640.1,23775,Ostholstein,Großenbrode,NA,NA,Schleswig-Holstein,11.013824,54.344899,2023,NA,FALSE,Freiflächensolaranlage,18345,NA,NA
SEE986629998211,ABR912890605121,Solareinheit,PVA Schwarzheide,Volleinspeisung,23647.68,01987,Oberspreewald-Lausitz,Schwarzheide,Solarpark,901,Brandenburg,13.875577,51.468496,2022,NA,FALSE,Freiflächensolaranlage,51408,NA,NA
SEE955852581811,ABR948653983632,Solareinheit,Lauterbach 2,Volleinspeisung,34688.12,36341,Vogelsbergkreis,Lauterbach,NA,NA,Hessen,9.3711,50.597524,2022,NA,FALSE,Freiflächensolaranlage,78210,NA,NA
SEE950267848863,ABR911714982721,Solareinheit,APEX PV-Park Kritzkow,Teileinspeisung (einschließlich Eigenverbrauch),11130,18299,Rostock,Laage,An der Chaussee,11 b,Mecklenburg-Vorpommern,12.253094,53.883061,2021,NA,FALSE,Freiflächensolaranlage,26100,NA,NA
SEE949372363217,ABR987065909496,Solareinheit,Solarpark Freimersheim,Volleinspeisung,10305.9,55234,Alzey-Worms,Freimersheim,NA,NA,Rheinland-Pfalz,8.058735,49.7015,2022,NA,FALSE,Freiflächensolaranlage,22902,NA,NA
SEE957187949120,ABR917049593663,Solareinheit,Klettwitz Süd Teil 1,Volleinspeisung,49999.87,01998,Oberspreewald-Lausitz,Klettwitz,NA,NA,Brandenburg,13.873354,51.52887,2022,NA,FALSE,Freiflächensolaranlage,101131,NA,NA
SEE935813215405,ABR983639400543,Solareinheit,Solarpark Lüttow-Valluhn,Volleinspeisung,14440.695,19246,Ludwigslust-Parchim,Lüttow-Valluhn,NA,NA,Mecklenburg-Vorpommern,10.878663,53.512317,2022,NA,FALSE,Freiflächensolaranlage,32451,NA,NA
SEE976313689112,ABR973182610452,Solareinheit,wpd Solarpark Wiernsheim Ortental,Volleinspeisung,10015.04,75446,Enzkreis,Wiernsheim,NA,NA,Baden-Württemberg,8.897311,48.895935,2023,NA,FALSE,Freiflächensolaranlage,17884,NA,NA
SEE926800935710,ABR957359997317,Solareinheit,"PV Speichersdorf 17,5 MWp",Volleinspeisung,17316.105,95469,Bayreuth,Speichersdorf,NA,NA,Bayern,11.8339,49.8624,2023,NA,FALSE,Freiflächensolaranlage,32229,NA,NA
SEE900645076128,ABR910656620814,Solareinheit,Solarpark Stolpe,Volleinspeisung,17213.25,24601,Plön,Stolpe,Wankendorfer Straße,NA,Schleswig-Holstein,10.21303,54.135321,2022,NA,FALSE,Freiflächensolaranlage,38532,NA,NA
SEE932034266780,ABR974335176894,Solareinheit,CEE PVF Karstädt 2 PPA,Volleinspeisung,14361.3,19357,Prignitz,Karstädt,NA,NA,Brandenburg,11.664876,53.202022,2023,NA,FALSE,Freiflächensolaranlage,26595,NA,NA
SEE977824658000,ABR933616157243,Solareinheit,Solarpark Nochten EEG,Volleinspeisung,12492.93,02943,Görlitz,Boxberg,NA,NA,Sachsen,14.691269,51.477357,2022,NA,FALSE,Freiflächensolaranlage,28074,NA,NA
SEE935828070754,ABR990522344914,Solareinheit,Solarpark Oening - Abschnitt 1,Volleinspeisung,13111.45,92334,Neumarkt i.d. OPf.,Berching,NA,NA,Bayern,11.506803,49.094248,2022,NA,FALSE,Freiflächensolaranlage,23839,NA,NA
SEE901762757068,ABR978098997215,Solareinheit,Solarkraftwerk Herbstmühle 3. Bauabschnitt,Volleinspeisung,14897.7,54673,Eifelkreis Bitburg-Prüm,Herbstmühle,NA,NA,Rheinland-Pfalz,6.22669,50.011782,2023,NA,FALSE,Freiflächensolaranlage,28064,NA,NA
SEE956488013387,ABR945901454784,Solareinheit,PVA Strasen,Volleinspeisung,31281,17255,Mecklenburgische Seenplatte,Wesenberg,Fürstenberger Weg,bei 13,Mecklenburg-Vorpommern,13.003778,53.121363,2022,NA,FALSE,Freiflächensolaranlage,47910,NA,NA
SEE935396003604,ABR917049593663,Solareinheit,Klettwitz Süd Teil 2,Volleinspeisung,29915.4,01998,Oberspreewald-Lausitz,Klettwitz,NA,NA,Brandenburg,13.874835,51.527586,2022,NA,FALSE,Freiflächensolaranlage,60317,NA,NA
SEE987031822163,ABR901031027526,Solareinheit,Solarpark Altenschwand,Volleinspeisung,10434.6,92439,Schwandorf,Bodenwöhr,NA,NA,Bayern,12.232128,49.293958,2022,NA,FALSE,Freiflächensolaranlage,18972,NA,NA
SEE923818348877,ABR970220181530,Solareinheit,Solarfeld Frestedt,Volleinspeisung,30149.31,25727,Dithmarschen,Frestedt,Burger Weg,NA,Schleswig-Holstein,9.196321,54.020957,2022,NA,FALSE,Freiflächensolaranlage,75373,NA,NA
SEE999368898247,ABR943234728695,Solareinheit,Solarpark Altenstadt,Volleinspeisung,19459,89281,Neu-Ulm,Altenstadt,Werkstraße,990,Bayern,10.126955,48.177579,2022,NA,FALSE,Freiflächensolaranlage,35705,NA,NA
SEE993667514938,ABR981189153315,Solareinheit,"Solarpark Burgpreppach 19,66 MWp",Volleinspeisung,19658.64,97496,Haßberge,Burgpreppach,NA,NA,Bayern,10.619819,50.131229,2023,NA,FALSE,Freiflächensolaranlage,34896,NA,NA
SEE993860494372,ABR994319947715,Solareinheit,PV Anlage Hardegsen,Volleinspeisung,11687.46,37181,Northeim,Hardegsen,Northeimer Landstraße,3,Niedersachsen,9.848724,51.649345,2022,NA,FALSE,Freiflächensolaranlage,28506,NA,NA
SEE905703179865,ABR903573705443,Solareinheit,PVA Kemmen,Volleinspeisung,31017.84,03205,Oberspreewald-Lausitz,Calau,NA,NA,Brandenburg,13.916018,51.724876,2022,NA,FALSE,Freiflächensolaranlage,55389,NA,NA
SEE940892425096,ABR971381091898,Solareinheit,Anlage BA 1.1 - 1.3 ＆ Teilbauabschnitt 2,Volleinspeisung,19995.66,95188,Hof,Issigau,NA,NA,Bayern,11.715166,50.360754,2022,NA,FALSE,Freiflächensolaranlage,37029,NA,NA
SEE946558231162,ABR970190057552,Solareinheit,PV Fünfleiten Sillaching,Volleinspeisung,10849.95,84326,Rottal-Inn,Falkenberg,NA,NA,Bayern,12.718979,48.50127,2022,NA,FALSE,Freiflächensolaranlage,24300,NA,NA
SEE997194319011,ABR955866720923,Solareinheit,PVA Sergen West II (J03),Volleinspeisung,15331.275,03058,Cottbus,Neuhausen,NA,NA,Brandenburg,14.47897,51.7084,2023,NA,FALSE,Freiflächensolaranlage,27135,NA,NA
SEE971968918518,ABR941601962253,Solareinheit,Solarpark Oschersleben,Volleinspeisung,11820.6,39387,Börde,Oschersleben,NA,NA,Sachsen-Anhalt,11.250808,52.03211,2022,NA,FALSE,Freiflächensolaranlage,17910,NA,NA
SEE920100708579,ABR957449120694,Solareinheit,Strukdorf 1,Volleinspeisung,11711.16,23815,Segeberg,Strukdorf,NA,NA,Schleswig-Holstein,10.48945,53.922512,2022,NA,FALSE,Freiflächensolaranlage,42984,NA,NA
SEE931654797148,ABR918265970368,Solareinheit,Eggebek 1.1,Volleinspeisung,19866.17,24852,Schleswig-Flensburg,Eggebek,NA,NA,Schleswig-Holstein,9.339733,54.612507,2022,NA,FALSE,Freiflächensolaranlage,44847,NA,NA
SEE925013099936,ABR982511102919,Solareinheit,Solarpark Heuhof,Volleinspeisung,16526.86,72525,Reutlingen,Münsingen,NA,NA,Baden-Württemberg,9.577144,48.344983,2022,NA,FALSE,Freiflächensolaranlage,30464,NA,NA
SEE964482741953,ABR963354482987,Solareinheit,PV Küpfendorf GmbH,Volleinspeisung,24468.45,89555,Heidenheim,Steinheim,NA,NA,Baden-Württemberg,10.089,48.655,2023,NA,FALSE,Freiflächensolaranlage,43230,NA,NA
SEE992213349826,ABR912191079669,Solareinheit,PV Peres West II,Teileinspeisung (einschließlich Eigenverbrauch),37392.045,04539,Leipzig,Groitzsch,NA,NA,Sachsen,12.331217,51.161627,2023,NA,FALSE,Freiflächensolaranlage,65811,NA,NA
SEE910983030935,ABR900606112636,Solareinheit,Bundorf Feld 1,Volleinspeisung,19984.32,97494,Haßberge,Bundorf,NA,NA,Bayern,10.516545,50.22818,2023,NA,FALSE,Freiflächensolaranlage,37008,NA,NA
SEE973076695435,ABR910569172493,Solareinheit,Solaranlage Krettnich,Volleinspeisung,13028.55,66687,Merzig-Wadern,Wadern,NA,NA,Saarland,6.9308,49.519,2023,NA,FALSE,Freiflächensolaranlage,21960,NA,NA
SEE985082159252,ABR978098997215,Solareinheit,Solarkraftwerk Herbstmühle 1. Bauabschnitt,Volleinspeisung,15990.615,54673,Eifelkreis Bitburg-Prüm,Herbstmühle,NA,NA,Rheinland-Pfalz,6.22669,50.011782,2023,NA,FALSE,Freiflächensolaranlage,29889,NA,NA
SEE948842802188,ABR920405658623,Solareinheit,Büttel 1.1,Volleinspeisung,31668.12,25572,Steinburg,Büttel,NA,NA,Schleswig-Holstein,9.215601,53.91701,2023,NA,FALSE,Freiflächensolaranlage,95964,NA,NA
SEE979632737229,ABR914469362954,Solareinheit,SOL21-2/203 Am Liweringsberg,Volleinspeisung,13578.3,56823,Cochem-Zell,Büchel,NA,NA,Rheinland-Pfalz,7.074687,50.167835,2023,NA,FALSE,Freiflächensolaranlage,30177,NA,NA
SEE939069114550,ABR908643653556,Solareinheit,PV Apfeldorf,Volleinspeisung,13999.29,86974,Landsberg am Lech,Apfeldorf,NA,NA,Bayern,10.939403,47.910474,2024,NA,FALSE,Freiflächensolaranlage,24468,NA,NA
SEE918123922102,ABR984494269474,Solareinheit,PVA IAA Böhlen,Volleinspeisung,14840,04564,Leipzig,Böhlen,NA,NA,Sachsen,12.378942,51.209303,2023,NA,FALSE,Freiflächensolaranlage,26880,NA,NA
SEE999058923167,ABR938933890415,Solareinheit,PVA Allmendingen,Teileinspeisung (einschließlich Eigenverbrauch),12900.29,89604,Alb-Donau-Kreis,Allmendingen,NA,NA,Baden-Württemberg,9.666059,48.329593,2023,NA,FALSE,Freiflächensolaranlage,28860,NA,NA
SEE987049821936,ABR998605376647,Solareinheit,Brake Hallen,Teileinspeisung (einschließlich Eigenverbrauch),12800,26919,Wesermarsch,Brake,Neustadtstraße,15,Niedersachsen,8.487012,53.332298,2023,NA,FALSE,Gebäudesolaranlage,30843,NA,NA
SEE954620822231,ABR975539904429,Solareinheit,Energiepark Ehingen,Volleinspeisung,37704.69,89584,Alb-Donau-Kreis,Ehingen,NA,NA,Baden-Württemberg,9.646006,48.257692,2023,NA,FALSE,Freiflächensolaranlage,69276,NA,NA
SEE906343482582,ABR920405658623,Solareinheit,Büttel 2.2,Volleinspeisung,13566.8,25572,Steinburg,Büttel,NA,NA,Schleswig-Holstein,9.219397,53.900509,2023,NA,FALSE,Freiflächensolaranlage,30228,NA,NA
SEE991790400593,ABR932611526047,Solareinheit,Solarpark Göda-Gaußig - P20-023 - Abgang J07.1,Volleinspeisung,13839.75,02633,Bautzen,Göda,NA,NA,Sachsen,14.316193,51.146653,2023,NA,FALSE,Freiflächensolaranlage,36906,NA,NA
SEE938546010293,ABR932611526047,Solareinheit,Solarpark Göda-Gaußig - P20-023 - Abgang J08.1,Volleinspeisung,16742.25,02633,Bautzen,Göda,NA,NA,Sachsen,14.319567,51.145424,2023,NA,FALSE,Freiflächensolaranlage,44646,NA,NA
SEE913935609845,ABR955866720923,Solareinheit,PVA Sergen West II (J04),Volleinspeisung,16017.75,03058,Spree-Neiße,Neuhausen,NA,NA,Brandenburg,14.47897,51.7084,2023,NA,FALSE,Freiflächensolaranlage,28350,NA,NA
SEE998908396618,ABR960651062805,Solareinheit,Pignet,Volleinspeisung,11709.06,94234,Regen,Viechtach,Pignet,4,Bayern,12.922772,49.063644,2023,NA,FALSE,Freiflächensolaranlage,20724,NA,NA
SEE924733698221,ABR978098997215,Solareinheit,Solarkraftwerk Niederraden 2. Bauabschnitt,Volleinspeisung,15030.9,54675,Eifelkreis Bitburg-Prüm,Niederraden,NA,NA,Rheinland-Pfalz,6.333398,49.990681,2023,NA,FALSE,Freiflächensolaranlage,27835,NA,NA
SEE934217710028,ABR978098997215,Solareinheit,Solarkraftwerk Sevenig,Volleinspeisung,10235.16,54673,Eifelkreis Bitburg-Prüm,Sevenig,NA,NA,Rheinland-Pfalz,6.187969,50.019074,2023,NA,FALSE,Freiflächensolaranlage,18954,NA,NA
SEE980279033971,ABR975233471975,Solareinheit,PVA-Pinnow,Volleinspeisung,17999.4,19065,Ludwigslust-Parchim,Pinnow,Zum Ausbau,8,Mecklenburg-Vorpommern,11.536172,53.580913,2023,NA,FALSE,Freiflächensolaranlage,27480,NA,NA
SEE992845872303,ABR958219853187,Solareinheit,PVA-Tarzow,Volleinspeisung,29999.55,23972,Nordwestmecklenburg,Lübow,NA,NA,Mecklenburg-Vorpommern,11.59122,53.817355,2023,NA,FALSE,Freiflächensolaranlage,45510,NA,NA
SEE997797881847,ABR973731208253,Solareinheit,Sonnenlehen,Volleinspeisung,20000,87784,Unterallgäu,Westerheim,NA,NA,Bayern,10.312212,48.027423,2025,NA,FALSE,Freiflächensolaranlage,NA,NA,NA
SEE969550356930,ABR990068447971,Solareinheit,Thüngen II,Volleinspeisung,22518.03,97289,Main-Spessart,Thüngen,NA,NA,Bayern,9.842709,49.935424,2023,NA,FALSE,Freiflächensolaranlage,46989,NA,NA
SEE964669022219,ABR914969453084,Solareinheit,FF Löhlein,Volleinspeisung,13439.7,96328,Kronach,Küps,NA,NA,Bayern,11.297597,50.169252,2023,NA,FALSE,Freiflächensolaranlage,24660,NA,NA
SEE906997694195,ABR980325142336,Solareinheit,Solarpark Kropp GmbH ＆ Co. KG,Volleinspeisung,13523.4,24848,Schleswig-Flensburg,Kropp,NA,NA,Schleswig-Holstein,9.5194,54.43607,2023,NA,FALSE,Freiflächensolaranlage,24552,NA,NA
SEE996415574024,ABR918160496659,Solareinheit,Döllen I - Block B - Trafo 102 - Station 1.4/1.5,Volleinspeisung,15870.4,16866,Prignitz,Gumtow,Döllener Straße,55,Brandenburg,12.193046,52.997549,2023,NA,FALSE,Freiflächensolaranlage,28340,NA,NA
SEE990989396792,ABR918160496659,Solareinheit,Döllen I - Block B - Trafo 102 - Station 2.2/2.3/2.5,Volleinspeisung,23252.06,16866,Prignitz,Gumtow,Döllener Straße,55,Brandenburg,12.19501,52.998105,2023,NA,FALSE,Freiflächensolaranlage,41652,NA,NA
SEE998662435264,ABR918160496659,Solareinheit,Döllen II - Block A - Trafo 101 - Station 3.1/3.2,Volleinspeisung,15209.22,16866,Prignitz,Gumtow,Döllener Straße,55,Brandenburg,12.195178,52.998444,2023,NA,FALSE,Freiflächensolaranlage,27404,NA,NA
SEE909106101423,ABR918160496659,Solareinheit,Döllen II - Block A - Trafo 101 - Station 3.4/4.2/4.3/4.4,Volleinspeisung,31435.04,16866,Prignitz,Gumtow,Döllener Straße,55,Brandenburg,12.195387,52.998396,2023,NA,FALSE,Freiflächensolaranlage,56576,NA,NA
SEE950523480752,ABR932933543432,Solareinheit,Wasbek 2.1,Volleinspeisung,40743.81,24647,Rendsburg-Eckernförde,Wasbek,NA,NA,Schleswig-Holstein,9.923452,54.09302,2023,NA,FALSE,Freiflächensolaranlage,89775,NA,NA
SEE961311920008,ABR997280632376,Solareinheit,PV Großbardorf,Volleinspeisung,30296.43,97633,Rhön-Grabfeld,Großbardorf,NA,NA,Bayern,10.356984,50.241238,2024,NA,FALSE,Freiflächensolaranlage,53622,NA,NA
SEE966953859389,ABR948296430180,Solareinheit,Eggebek 2.1,Volleinspeisung,26895.29,24852,Schleswig-Flensburg,Eggebek,NA,NA,Schleswig-Holstein,9.343779,54.610076,2023,NA,FALSE,Freiflächensolaranlage,59796,NA,NA
SEE917373134228,ABR975329381003,Solareinheit,SP Mappach,Volleinspeisung,12621.15,92436,Schwandorf,Bruck,NA,NA,Bayern,12.338894,49.256831,2023,NA,FALSE,Freiflächensolaranlage,23308,NA,NA
SEE989580965599,ABR913900746766,Solareinheit,23144 SP Wimmer PVA1,Volleinspeisung,10499.76,84543,Altötting,Winhöring,NA,NA,Bayern,12.62235,48.25954,2023,NA,FALSE,Freiflächensolaranlage,19444,NA,NA
SEE901609368013,ABR943369189668,Solareinheit,Bad Liebenwerda,Volleinspeisung,21139,04924,Elbe-Elster,Bad Liebenwerda,Am Umspannwerk,906 Z,Brandenburg,13.373192,51.490316,2022,NA,FALSE,Freiflächensolaranlage,39250,NA,NA
SEE930767325774,ABR937491002803,Solareinheit,PV Remmesweiler,Volleinspeisung,12114.03,66606,St. Wendel,St. Wendel,NA,NA,Saarland,7.135545,49.441465,2024,NA,FALSE,Freiflächensolaranlage,21534,NA,NA
SEE941313630822,ABR991619964701,Solareinheit,PV-Carports-Riedstadt,Teileinspeisung (einschließlich Eigenverbrauch),16758.224,64560,Groß-Gerau,Riedstadt,NA,NA,Hessen,8.482377,49.829067,2026,NA,FALSE,Gebäudesolaranlage,27649,NA,NA
SEE989341534910,ABR950379330898,Solareinheit,Solarpark Illesheim,Volleinspeisung,11498.58,91471,Neustadt a.d. Aisch-Bad Windsheim,Illesheim,NA,NA,Bayern,10.4038,49.4838,2024,NA,FALSE,Freiflächensolaranlage,17487,NA,NA
SEE964530715417,ABR963795573701,Solareinheit,Solar Zerbst PV,Volleinspeisung,46400,39261,Anhalt-Bitterfeld,Zerbst,NA,NA,Sachsen-Anhalt,12.119583,51.97525,2025,NA,FALSE,Freiflächensolaranlage,58654,NA,NA
SEE914985197344,ABR972736849836,Solareinheit,Solarpark Oschersleben,Volleinspeisung,12033.82,39387,Börde,Oschersleben,NA,NA,Sachsen-Anhalt,11.2403,52.0263,2023,NA,FALSE,Freiflächensolaranlage,25110,NA,NA
SEE976513796214,ABR986529344316,Solareinheit,Dolgelin,Volleinspeisung,10865.79,15306,Märkisch-Oderland,Lindendorf,NA,NA,Brandenburg,14.414476,52.510471,2025,NA,FALSE,Freiflächensolaranlage,18564,NA,NA
SEE982998977611,ABR942784080093,Solareinheit,Solarpark Haid,Volleinspeisung,19814.4,94559,Straubing-Bogen,Niederwinkling,NA,NA,Bayern,12.830116,48.891388,2023,NA,FALSE,Freiflächensolaranlage,30720,NA,NA
SEE962555435877,ABR971381091898,Solareinheit,Anlage Teilbauabschnitt 2 - Teilbauabschnitt 6,Volleinspeisung,38308.14,95188,Hof,Issigau,NA,NA,Bayern,11.715166,50.360754,2023,NA,FALSE,Freiflächensolaranlage,70941,NA,NA
SEE966931452694,ABR997341847398,Solareinheit,Solarpark Poxstall,Volleinspeisung,19995,91320,Forchheim,Ebermannstadt,NA,NA,Bayern,11.131726,49.769354,2023,NA,FALSE,Freiflächensolaranlage,31095,NA,NA
SEE994290640582,ABR988541307232,Solareinheit,Solarpark Lipporn,Volleinspeisung,10697.54,56348,Rhein-Lahn-Kreis,Weisel,Freiherr-vom-Stein-Straße,NA,Rheinland-Pfalz,7.84621,50.128011,2024,NA,FALSE,Freiflächensolaranlage,19575,NA,NA
SEE987833345068,ABR985530053408,Solareinheit,PV Park Boitzenburger Land 1,Volleinspeisung,60261.96,17268,Uckermark,Boitzenburger Land,Kuhzer Weg,NA,Brandenburg,13.65939,53.237557,2023,NA,FALSE,Freiflächensolaranlage,106770,NA,NA
SEE965927762755,ABR985530053408,Solareinheit,PV Park Boitzenburger Land 2,Volleinspeisung,59941.44,17268,Uckermark,Boitzenburger Land,Kuhzer Weg,NA,Brandenburg,13.65939,53.237557,2023,NA,FALSE,Freiflächensolaranlage,106758,NA,NA
SEE977566772651,ABR985530053408,Solareinheit,PV Park Boitzenburger Land 3,Volleinspeisung,60181.2,17268,Uckermark,Boitzenburger Land,Kuhzer Weg,NA,Brandenburg,13.65939,53.237557,2023,NA,FALSE,Freiflächensolaranlage,107100,NA,NA
SEE969786895692,ABR985295237723,Solareinheit,Solarpark Schornhof - P20-053 - 40 MW,Volleinspeisung,39927.33,86562,Neuburg-Schrobenhausen,Berg im Gau,NA,NA,Bayern,11.28264,48.650938,2023,NA,FALSE,Freiflächensolaranlage,98586,NA,NA
SEE997907337202,ABR913926656605,Solareinheit,PV Güsten 3,Volleinspeisung,12030.33,39439,Salzlandkreis,Güsten,Ilberstedter Straße,NA,Sachsen-Anhalt,11.623816,51.801283,2024,NA,FALSE,Freiflächensolaranlage,20000,NA,NA
SEE957609336187,ABR993172764651,Solareinheit,Zwickau 2.1,Volleinspeisung,19642.24,08066,Zwickau,Zwickau,NA,NA,Sachsen,12.512395,50.710553,2023,NA,FALSE,Freiflächensolaranlage,41792,NA,NA
SEE944832359915,ABR945002563286,Solareinheit,SP Kiemertshofen,Volleinspeisung,10123.58,85250,Dachau,Altomünster,NA,NA,Bayern,11.19872,48.357678,2023,NA,FALSE,Freiflächensolaranlage,18579,NA,NA
SEE979295101979,ABR947037707031,Solareinheit,Zeithain 8,Volleinspeisung,12460.16,01619,Meißen,Zeithain,NA,NA,Sachsen,13.332721,51.353247,2023,NA,FALSE,Freiflächensolaranlage,26624,NA,NA
SEE973957971122,ABR908423813941,Solareinheit,Solarpark Quedlinburg P19-106 Teil 1,Volleinspeisung,19969.2,06484,Harz,Quedlinburg,NA,NA,Sachsen-Anhalt,11.124289,51.814233,2023,NA,FALSE,Freiflächensolaranlage,44376,NA,NA
SEE914153898387,ABR924396691621,Solareinheit,PV Park Külsheim Gickelfeld,Volleinspeisung,29706.3,97900,Main-Tauber-Kreis,Külsheim,NA,NA,Baden-Württemberg,9.4223,49.701094,2023,NA,FALSE,Freiflächensolaranlage,54756,NA,NA
SEE975739381334,ABR928138263534,Solareinheit,Solarpark-Klosterdorf_I,Volleinspeisung,30732,15377,Märkisch-Oderland,Oberbarnim,Hohensteiner Weg,NA,Brandenburg,13.947668,52.580183,2023,NA,FALSE,Freiflächensolaranlage,56133,NA,NA
SEE919143314571,ABR928138263534,Solareinheit,Solarpark-Klosterdorf_II,Volleinspeisung,30419.15,15377,Märkisch-Oderland,Oberbarnim,Hohensteiner Weg,NA,Brandenburg,13.950414,52.58115,2023,NA,FALSE,Freiflächensolaranlage,55566,NA,NA
SEE941002057619,ABR929910898067,Solareinheit,PVA Niederkirchen,Volleinspeisung,13470.82,67700,Kaiserslautern,Niederkirchen,NA,NA,Rheinland-Pfalz,7.729382,49.572082,2023,NA,FALSE,Freiflächensolaranlage,23948,NA,NA
SEE940426180903,ABR954808354899,Solareinheit,Groß Siemz III,Volleinspeisung,10027.95,23923,Nordwestmecklenburg,Siemz-Niendorf,NA,NA,Mecklenburg-Vorpommern,10.947188,53.8198,2023,NA,FALSE,Freiflächensolaranlage,15240,NA,NA
SEE909441050776,ABR903690099142,Solareinheit,PV Reisbach,Volleinspeisung,13411.17,94419,Dingolfing-Landau,Reisbach,NA,NA,Bayern,12.546961,48.586805,2023,NA,FALSE,Freiflächensolaranlage,29712,NA,NA
SEE917366059750,ABR938933890415,Solareinheit,PVA Emmingen-Liptingen,Volleinspeisung,17317.56,78576,Tuttlingen,Emmingen-Liptingen,NA,NA,Baden-Württemberg,8.844284,47.90403,2023,NA,FALSE,Freiflächensolaranlage,32136,NA,NA
SEE991183756801,ABR907875019789,Solareinheit,Friesen Elektra PV Sande I,Volleinspeisung,82720,26452,Friesland,Sande,Sillandweg,5,Niedersachsen,7.985662,53.507485,2024,NA,FALSE,Freiflächensolaranlage,145098,NA,NA
SEE998695269522,ABR952245850998,Solareinheit,Bürgersolar Neuendettelsau 2023,Teileinspeisung (einschließlich Eigenverbrauch),10003.95,91564,Ansbach,Neuendettelsau,NA,NA,Bayern,10.811142,49.268501,2023,NA,FALSE,Freiflächensolaranlage,18189,NA,NA
SEE952780661264,ABR941130520924,Solareinheit,Fuchsstadt Abschnitt 1,Volleinspeisung,16609.53,97727,Bad Kissingen,Fuchsstadt,NA,NA,Bayern,9.947011,50.083807,2023,NA,FALSE,Freiflächensolaranlage,28062,NA,NA
SEE930916974419,ABR941130520924,Solareinheit,Fuchsstadt Abschnitt 2,Volleinspeisung,37856.67,97727,Bad Kissingen,Fuchsstadt,NA,NA,Bayern,9.947011,50.083807,2024,NA,FALSE,Freiflächensolaranlage,63750,NA,NA
SEE957449919847,ABR954972558468,Solareinheit,sBat1- Seubersdorf-Batzhausen 1,Volleinspeisung,15053.445,92358,Neumarkt i.d. OPf.,Seubersdorf,NA,NA,Bayern,11.6206,49.198543,2023,NA,FALSE,Freiflächensolaranlage,27621,NA,NA
SEE904565438226,ABR941968821934,Solareinheit,Eberswalde - Deponie Ostend BA5,Volleinspeisung,11899.44,16225,Barnim,Eberswalde,Ostender Höhen,70,Brandenburg,13.852109,52.83916,2023,NA,FALSE,Freiflächensolaranlage,21943,NA,NA
SEE902962748085,ABR963150956514,Solareinheit,GG BA II 50 MW,Volleinspeisung,13246.2,19372,Ludwigslust-Parchim,Groß Godems,NA,NA,Mecklenburg-Vorpommern,11.815531,53.348015,2023,NA,FALSE,Freiflächensolaranlage,24084,NA,NA
SEE945701866855,ABR963150956514,Solareinheit,Karrenzin BA II 50 MW,Volleinspeisung,27128.75,19372,Ludwigslust-Parchim,Karrenzin,NA,NA,Mecklenburg-Vorpommern,11.795134,53.35045,2023,NA,FALSE,Freiflächensolaranlage,49325,NA,NA
SEE985798081878,ABR913251848836,Solareinheit,Deubach,Volleinspeisung,48401.86,97922,Main-Tauber-Kreis,Lauda-Königshofen,NA,NA,Baden-Württemberg,9.7746,49.5638,2024,NA,FALSE,Freiflächensolaranlage,89180,NA,NA
SEE951323757310,ABR971184585266,Solareinheit,Freiflächenanlage Staudach 2023 (Nord II),Volleinspeisung,10775.08,84543,Altötting,Winhöring,NA,NA,Bayern,12.626377,48.263765,2023,NA,FALSE,Freiflächensolaranlage,22658,NA,NA
SEE982411653689,ABR989768302772,Solareinheit,Nienhagen,Volleinspeisung,12572.8,39397,Harz,Schwanebeck,NA,NA,Sachsen-Anhalt,11.146306,51.943359,2023,NA,FALSE,Freiflächensolaranlage,26816,NA,NA
SEE965652723908,ABR966542937849,Solareinheit,Nienbüttel,Volleinspeisung,13028,25596,Steinburg,Nienbüttel,NA,NA,Schleswig-Holstein,9.4173,54.0402,2023,NA,FALSE,Freiflächensolaranlage,32570,NA,NA
SEE950861013216,ABR928269982700,Solareinheit,Agethorst,Volleinspeisung,20000,25560,Steinburg,Agethorst,NA,NA,Schleswig-Holstein,9.444556,54.03237,2024,NA,FALSE,Freiflächensolaranlage,34782,NA,NA
SEE913357018690,ABR910387019895,Solareinheit,PV-Anlage Viereth-Trunstadt,Volleinspeisung,14773.59,96191,Bamberg,Viereth-Trunstadt,NA,NA,Bayern,10.736315,49.91057,2025,NA,FALSE,Freiflächensolaranlage,24219,NA,NA
SEE924613774755,ABR965561325439,Solareinheit,Solarpark Hasborn-Rosenberg,Volleinspeisung,12480.48,54533,Bernkastel-Wittlich,Hasborn,NA,NA,Rheinland-Pfalz,6.908816,50.063864,2023,NA,FALSE,Freiflächensolaranlage,23328,NA,NA
SEE945172506274,ABR990968760699,Solareinheit,Stockert EEG,Volleinspeisung,21235.5,94554,Deggendorf,Moos,NA,NA,Bayern,12.973015,48.732569,2025,NA,FALSE,Freiflächensolaranlage,32670,NA,NA
SEE912982396180,ABR976005717536,Solareinheit,PV-Anlage Haßlach,Volleinspeisung,19482.24,96358,Kronach,Teuschnitz,NA,NA,Bayern,11.39742,50.43611,2025,NA,FALSE,Freiflächensolaranlage,32520,NA,NA
SEE991654977056,ABR978149412605,Solareinheit,PV-Anlage Krumpa West,Volleinspeisung,20000,06242,Saalekreis,Braunsbedra,NA,NA,Sachsen-Anhalt,11.830618,51.296618,2027,NA,FALSE,Freiflächensolaranlage,NA,NA,NA
SEE912945977326,ABR921509253592,Solareinheit,Kreuzacker EEG,Volleinspeisung,14222.25,94554,Deggendorf,Moos,NA,NA,Bayern,12.974965,48.729572,2025,NA,FALSE,Freiflächensolaranlage,22050,NA,NA
SEE991007748555,ABR978149412605,Solareinheit,PV-Anlage Krumpa Ost,Volleinspeisung,20000,06242,Saalekreis,Braunsbedra,NA,NA,Sachsen-Anhalt,11.866786,51.2849,2027,NA,FALSE,Freiflächensolaranlage,NA,NA,NA
SEE958441002308,ABR905133523580,Solareinheit,Burgstall 4 EEG,Volleinspeisung,13035.645,94554,Deggendorf,Moos,NA,NA,Bayern,12.938207,48.746359,2025,NA,FALSE,Freiflächensolaranlage,20097,NA,NA
SEE922305661062,ABR990561781930,Solareinheit,Solarpark Gelpertsricht,Volleinspeisung,11385.36,92706,Neustadt a.d. Waldnaab,Luhe-Wildenau,NA,NA,Bayern,12.10415,49.58764,2026,NA,FALSE,Freiflächensolaranlage,20331,NA,NA
SEE918527857857,ABR964894427667,Solareinheit,Köpfelholz - PVA,Volleinspeisung,19988.64,86577,Aichach-Friedberg,Sielenbach,NA,NA,Bayern,11.18081,48.38883,2026,NA,FALSE,Freiflächensolaranlage,35694,NA,NA
SEE917286439885,ABR903837623278,Solareinheit,Solarpark Beilrode II - Teilanlage 1,Volleinspeisung,29970,04886,Nordsachsen,Beilrode,Am Dorfe,901,Sachsen,13.09149,51.57639,2025,NA,FALSE,Freiflächensolaranlage,54000,NA,NA
SEE932160394371,ABR919873372919,Solareinheit,Rötenbach - PVA 1,Volleinspeisung,10992.24,73566,Ostalbkreis,Bartholomä,NA,NA,Baden-Württemberg,9.96263,48.74343,2026,NA,FALSE,Freiflächensolaranlage,19629,NA,NA
SEE954986263105,ABR913212962229,Solareinheit,Wiemersdorf A7,Volleinspeisung,16989,24649,Segeberg,Wiemersdorf,NA,NA,Schleswig-Holstein,9.946518,53.946796,2025,NA,FALSE,Freiflächensolaranlage,27402,NA,NA
SEE926364027593,ABR900606112636,Solareinheit,Bundorf Feld 2,Volleinspeisung,17496,97494,Haßberge,Bundorf,NA,NA,Bayern,10.523899,50.230527,2023,NA,FALSE,Freiflächensolaranlage,32400,NA,NA
SEE914890682676,ABR921739967450,Solareinheit,Bundorf Feld 3,Volleinspeisung,17107.2,97494,Haßberge,Bundorf,NA,NA,Bayern,10.530023,50.230739,2023,NA,FALSE,Freiflächensolaranlage,31680,NA,NA
SEE948872925192,ABR923928994407,Solareinheit,"Solarpark Bad Feilnbach BA1 (Anlagenteil 1: 11014,92 kWp)",Volleinspeisung,11014.92,83075,Rosenheim,Bad Feilnbach,NA,NA,Bayern,11.9761,47.82071,2026,NA,FALSE,Freiflächensolaranlage,17766,NA,NA
SEE935014945842,ABR921739967450,Solareinheit,Bundorf Feld 4,Volleinspeisung,28198,97494,Haßberge,Bundorf,NA,NA,Bayern,10.536575,50.226429,2023,NA,FALSE,Freiflächensolaranlage,49470,NA,NA
SEE943662703677,ABR981354740210,Solareinheit,"Solarpark Schweitenkirchen - P22-472 - Teil 10.398,42 kWp - Inn23-2/024",Volleinspeisung,10398.42,85301,Pfaffenhofen a.d. Ilm,Schweitenkirchen,NA,NA,Bayern,11.593935,48.49323,2026,NA,FALSE,Freiflächensolaranlage,25362,NA,NA
SEE977508403087,ABR921739967450,Solareinheit,Bundorf Feld 5,Volleinspeisung,18126,97494,Haßberge,Bundorf,NA,NA,Bayern,10.523706,50.22571,2023,NA,FALSE,Freiflächensolaranlage,31800,NA,NA
SEE928844100543,ABR921739967450,Solareinheit,Bundorf Feld 6,Volleinspeisung,22965.3,97494,Haßberge,Bundorf,NA,NA,Bayern,10.523706,50.22571,2023,NA,FALSE,Freiflächensolaranlage,40290,NA,NA
SEE906862795279,ABR969796136747,Solareinheit,Solarpark Seetz - P22-360,Volleinspeisung,11000,19357,Prignitz,Karstädt,NA,NA,Brandenburg,11.640651,53.169364,2025,NA,FALSE,Freiflächensolaranlage,NA,NA,NA
SEE956458150173,ABR915512098011,Solareinheit,"Solarpark Altdorf bei Nürnberg II - P23-349 - Teil 13.258,80 kWp - Inn23-2/028",Volleinspeisung,13258.8,90518,Nürnberger Land,Altdorf,NA,NA,Bayern,11.419545,49.413608,2025,NA,FALSE,Freiflächensolaranlage,22860,NA,NA
SEE927016792753,ABR971309606203,Solareinheit,PVA Schloen,Volleinspeisung,60809,17192,Mecklenburgische Seenplatte,Neu Schloen,NA,NA,Mecklenburg-Vorpommern,12.777898,53.524703,2026,NA,FALSE,Freiflächensolaranlage,98000,NA,NA
SEE931412065854,ABR971205257660,Solareinheit,PVA Solarpark Erftstadt Gertrudenhof,Volleinspeisung,16407,50374,Rhein-Erft-Kreis,Erftstadt,NA,NA,Nordrhein-Westfalen,6.784289,50.727566,2025,NA,FALSE,Freiflächensolaranlage,28288,NA,NA
SEE947825225747,ABR998991456046,Solareinheit,PV-Anlage Eichenzell,Volleinspeisung,14434.2,36124,Fulda,Eichenzell,NA,NA,Hessen,9.72658,50.49413,2023,NA,FALSE,Freiflächensolaranlage,26730,NA,NA
SEE961996407245,ABR969533108792,Solareinheit,Vensol Solarpark Thannhausen GmbH ＆ Co. KG,Volleinspeisung,10551.1,86470,Günzburg,Thannhausen,NA,NA,Bayern,10.504006,48.25667,2024,NA,FALSE,Freiflächensolaranlage,19272,NA,NA
SEE946353327237,ABR935627522379,Solareinheit,Burgwindheim II,Volleinspeisung,10817,96154,Bamberg,Burgwindheim,NA,NA,Bayern,10.588465,49.855706,2024,NA,FALSE,Freiflächensolaranlage,24584,NA,NA
SEE924714073764,ABR934082441270,Solareinheit,Energiepark Schipkau,Volleinspeisung,14593,01993,Oberspreewald-Lausitz,Schipkau,NA,NA,Brandenburg,13.879652,51.533489,2024,NA,FALSE,Freiflächensolaranlage,28993,NA,NA
SEE915790729133,ABR911402260780,Solareinheit,SILUX Solarpark 1 GmbH ＆ Co. KG,Volleinspeisung,162262.2,04564,Leipzig,Böhlen,NA,NA,Sachsen,12.402396,51.172721,2024,NA,FALSE,Freiflächensolaranlage,283878,NA,NA
SEE969808548148,ABR938713734809,Solareinheit,SP MAR,Volleinspeisung,14576.085,85413,Freising,Hörgertshausen,NA,NA,Bayern,11.9,48.565,2023,NA,FALSE,Freiflächensolaranlage,26838,NA,NA
SEE971255740181,ABR985377202748,Solareinheit,SILUX Solarpark 2 GmbH ＆ Co. KG,Volleinspeisung,109712.93,04575,Leipzig,Neukieritzsch,NA,NA,Sachsen,12.413346,51.176645,2023,NA,FALSE,Freiflächensolaranlage,191376,NA,NA
SEE960345978528,ABR913011990133,Solareinheit,SILUX Solarpark 3 GmbH ＆ Co. KG,Volleinspeisung,53631.97,04564,Leipzig,Böhlen,NA,NA,Sachsen,12.415107,51.16957,2024,NA,FALSE,Freiflächensolaranlage,94340,NA,NA
SEE913811764415,ABR913028113129,Solareinheit,SILUX Solarpark 4 GmbH ＆ Co. KG,Volleinspeisung,144780.21,04575,Leipzig,Neukieritzsch,NA,NA,Sachsen,12.413805,51.160733,2024,NA,FALSE,Freiflächensolaranlage,253206,NA,NA
SEE968474343705,ABR952025363854,Solareinheit,SILUX Solarpark 5 GmbH ＆ Co. KG,Volleinspeisung,57524.22,04575,Leipzig,Neukieritzsch,NA,NA,Sachsen,12.424512,51.161729,2024,NA,FALSE,Freiflächensolaranlage,100602,NA,NA
SEE915099357280,ABR912525784092,Solareinheit,SILUX Solarpark 6 GmbH ＆ Co. KG,Volleinspeisung,75000,04575,Leipzig,Neukieritzsch,NA,NA,Sachsen,12.426862,51.157124,2024,NA,FALSE,Freiflächensolaranlage,134784,NA,NA
SEE924208729009,ABR932933543432,Solareinheit,Wasbek 1.2,Volleinspeisung,12346.02,24647,Rendsburg-Eckernförde,Wasbek,NA,NA,Schleswig-Holstein,9.924635,54.085523,2023,NA,FALSE,Freiflächensolaranlage,27216,NA,NA
SEE906857589746,ABR919091309490,Solareinheit,Freiflächenanlage 7MH WR1 10/23 AS,Volleinspeisung,10441.35,84140,Rottal-Inn,Gangkofen,NA,NA,Bayern,12.59888,48.4232,2023,NA,FALSE,Freiflächensolaranlage,15930,NA,NA
SEE952416200027,ABR940985405639,Solareinheit,PVA Syrgenstein,Volleinspeisung,10398.6,89428,Dillingen a.d. Donau,Syrgenstein,NA,NA,Bayern,10.265258,48.657158,2023,NA,FALSE,Freiflächensolaranlage,19080,NA,NA
SEE932532939322,ABR913288224733,Solareinheit,PVA Lauingen,Volleinspeisung,16174.78,38154,Helmstedt,Königslutter,NA,NA,Niedersachsen,10.785131,52.263447,2023,NA,FALSE,Freiflächensolaranlage,29625,NA,NA
SEE969324387887,ABR980440978131,Solareinheit,PVA Gottberg West 1,Volleinspeisung,11687.5,16818,Ostprignitz-Ruppin,Märkisch Linden,NA,NA,Brandenburg,12.685736,52.895549,2023,NA,FALSE,Freiflächensolaranlage,21260,NA,NA
SEE920590508857,ABR948026806261,Solareinheit,"Krempe 2-1_19,02 MW_West",Volleinspeisung,19023.77,25361,Steinburg,Krempe,Am Burggraben,NA,Schleswig-Holstein,9.482824,53.845572,2023,NA,FALSE,Freiflächensolaranlage,35229,NA,NA
SEE931048633366,ABR917984037970,Solareinheit,BERSN01,Volleinspeisung,10187.775,74749,Neckar-Odenwald-Kreis,Rosenberg,NA,NA,Baden-Württemberg,9.448249,49.481149,2023,NA,FALSE,Freiflächensolaranlage,18954,NA,NA
SEE964887316978,ABR978098997215,Solareinheit,Solarkraftwerk Koxhausen 1. Bauabschnitt,Volleinspeisung,11999.34,54673,Eifelkreis Bitburg-Prüm,Koxhausen,NA,NA,Rheinland-Pfalz,6.242138,50.005034,2023,NA,FALSE,Freiflächensolaranlage,22221,NA,NA
SEE915708802255,ABR978098997215,Solareinheit,Solarkraftwerk Weidingen 1. Bauabschnitt,Volleinspeisung,12999.96,54636,Eifelkreis Bitburg-Prüm,Weidingen,NA,NA,Rheinland-Pfalz,6.357289,50.017718,2023,NA,FALSE,Freiflächensolaranlage,24087,NA,NA
SEE947457246219,ABR978098997215,Solareinheit,Solarkraftwerk Karlshausen 1. Bauabschnitt,Volleinspeisung,19999.8,54673,Eifelkreis Bitburg-Prüm,Karlshausen,NA,NA,Rheinland-Pfalz,6.230938,50.016197,2023,NA,FALSE,Freiflächensolaranlage,37351,NA,NA
SEE944269986203,ABR978098997215,Solareinheit,Solarkraftwerk Scheitenkorb 1. Bauabschnitt,Volleinspeisung,16999.74,54673,Eifelkreis Bitburg-Prüm,Scheitenkorb,NA,NA,Rheinland-Pfalz,6.206914,50.020643,2023,NA,FALSE,Freiflächensolaranlage,31481,NA,NA
SEE962899193259,ABR923029856338,Solareinheit,Lemwerder 1,Volleinspeisung,13451.2,27809,Wesermarsch,Lemwerder,NA,NA,Niedersachsen,8.586685,53.137939,2023,2024,TRUE,Freiflächensolaranlage,28960,NA,NA
SEE978078989780,ABR903709195780,Solareinheit,PVA Neupetershain T04-T09,Volleinspeisung,14321.055,03103,Oberspreewald-Lausitz,Neupetershain,NA,NA,Brandenburg,14.148635,51.602998,2023,NA,FALSE,Freiflächensolaranlage,25347,NA,NA
SEE983236248265,ABR991639935538,Solareinheit,PVA Neupetershain T13-T18,Volleinspeisung,13935.93,03103,Oberspreewald-Lausitz,Neupetershain,Feldstrasse,901,Brandenburg,14.138905,51.597668,2023,NA,FALSE,Freiflächensolaranlage,24453,NA,NA
SEE900944010823,ABR968329531462,Solareinheit,Marbach 1,Volleinspeisung,13675.2,96126,Haßberge,Maroldsweisach,NA,NA,Bayern,10.669088,50.165002,2023,NA,FALSE,Freiflächensolaranlage,30756,NA,NA
SEE944772285794,ABR945500850147,Solareinheit,Liesenich 1,Volleinspeisung,10068.17,56858,Cochem-Zell,Liesenich,NA,NA,Rheinland-Pfalz,7.257073,50.070154,2023,NA,FALSE,Freiflächensolaranlage,18576,NA,NA
SEE927843297186,ABR945500850147,Solareinheit,Neef 1,Volleinspeisung,29017.31,56858,Cochem-Zell,Neef,NA,NA,Rheinland-Pfalz,7.141614,50.074179,2023,NA,FALSE,Freiflächensolaranlage,53568,NA,NA
SEE985228910990,ABR936072176544,Solareinheit,Solarpark Lärz-Rechlin Nord,Volleinspeisung,12044,17248,Mecklenburgische Seenplatte,Rechlin,NA,NA,Mecklenburg-Vorpommern,12.762868,53.308926,2024,NA,FALSE,Freiflächensolaranlage,21164,NA,NA
SEE983649394887,ABR955809349204,Solareinheit,Halle C,Volleinspeisung,10272.96,39171,Börde,Sülzetal,Bielefelder Straße,3 c,Sachsen-Anhalt,11.570847,52.055837,2023,NA,FALSE,Gebäudesolaranlage,25056,NA,NA
SEE997118220959,ABR903789535506,Solareinheit,wpd Solarpark Amstetten,Volleinspeisung,10940,73340,Alb-Donau-Kreis,Amstetten,NA,NA,Baden-Württemberg,9.841015,48.564199,2024,NA,FALSE,Freiflächensolaranlage,18960,NA,NA
SEE903137156803,ABR912816688054,Solareinheit,Solarpark Rain/Atting/Straubing BA 1 - Rain,Volleinspeisung,18421.2,94369,Straubing-Bogen,Rain,NA,NA,Bayern,12.466585,48.874686,2023,NA,FALSE,Freiflächensolaranlage,28560,NA,NA
SEE959603591234,ABR912816688054,Solareinheit,Solarpark Rain/Atting/Straubing BA 1 - Atting 1,Volleinspeisung,19998.87,94348,Straubing-Bogen,Atting,NA,NA,Bayern,12.51097,48.874851,2023,NA,FALSE,Freiflächensolaranlage,31006,NA,NA
SEE912242085229,ABR999597056302,Solareinheit,Oberrammersdorf,Volleinspeisung,10738.13,91586,Ansbach,Lichtenau,NA,NA,Bayern,10.64,49.2484,2023,NA,FALSE,Freiflächensolaranlage,19812,NA,NA
SEE930011059004,ABR982728409498,Solareinheit,Solarpark Brunnen VI - Abgang J01.1 - Teil 2,Volleinspeisung,19999.8,86564,Neuburg-Schrobenhausen,Brunnen,NA,NA,Bayern,11.336503,48.661661,2023,NA,FALSE,Freiflächensolaranlage,48780,NA,NA
SEE943356523284,ABR982728409498,Solareinheit,Solarpark Brunnen VI - Abgang J03.1 - Teil 1,Volleinspeisung,19470.9,86564,Neuburg-Schrobenhausen,Brunnen,NA,NA,Bayern,11.327908,48.658663,2023,NA,FALSE,Freiflächensolaranlage,47490,NA,NA
SEE952335195329,ABR982728409498,Solareinheit,Solarpark Brunnen VI - Abgang J03.1 - Teil 2,Volleinspeisung,10061.4,86564,Neuburg-Schrobenhausen,Brunnen,NA,NA,Bayern,11.329603,48.657132,2023,NA,FALSE,Freiflächensolaranlage,24540,NA,NA
SEE925803671410,ABR982728409498,Solareinheit,Solarpark Brunnen VI - Abgang J02.1 - Teil 2,Volleinspeisung,19999.8,86564,Neuburg-Schrobenhausen,Brunnen,NA,NA,Bayern,11.332538,48.659664,2023,NA,FALSE,Freiflächensolaranlage,48780,NA,NA
SEE943280593926,ABR962632820824,Solareinheit,SP OED,Volleinspeisung,14233.725,84144,Landshut,Geisenhausen,NA,NA,Bayern,12.28634,48.45731,2023,NA,FALSE,Freiflächensolaranlage,26163,NA,NA
SEE968096446969,ABR975481320803,Solareinheit,PV-Anlage Laubsdorf 2.BA,Volleinspeisung,12199.69,03058,Cottbus,Neuhausen,NA,NA,Brandenburg,14.44029,51.67843,2023,NA,FALSE,Freiflächensolaranlage,21357,NA,NA
SEE935736189722,ABR967701405391,Solareinheit,Solarpark Unsleben 1,Volleinspeisung,11444.4,97618,Rhön-Grabfeld,Unsleben,NA,NA,Bayern,10.294671,50.370073,2024,NA,FALSE,Freiflächensolaranlage,17340,NA,NA
SEE910641083297,ABR959403226381,Solareinheit,PVA KW Boxberg,Volleinspeisung,24799.56,02943,Görlitz,Boxberg,NA,NA,Sachsen,14.5958,51.434,2024,NA,FALSE,Freiflächensolaranlage,42762,NA,NA
SEE908200436073,ABR949894376955,Solareinheit,E.ON Solarpark Gerdshagen GmbH ＆ Co. KG,Volleinspeisung,23231.28,16928,Prignitz,Gerdshagen,NA,NA,Brandenburg,12.216,53.234,2023,NA,FALSE,Freiflächensolaranlage,40576,NA,NA
SEE912571970050,NA,Solareinheit,Ehndorf 1.1,Volleinspeisung,14167.98,24647,Rendsburg-Eckernförde,Ehndorf,NA,NA,Schleswig-Holstein,9.922804,54.057143,2023,2024,TRUE,Freiflächensolaranlage,31023,NA,NA
SEE940008518865,ABR965309646055,Solareinheit,Solarpark Dörnten,Volleinspeisung,11135.68,38704,Goslar,Liebenburg,NA,NA,Niedersachsen,10.409171,51.971451,2024,NA,FALSE,Freiflächensolaranlage,24208,NA,NA
SEE999203843692,ABR973117742999,Solareinheit,PV Chemnitz 12400,Volleinspeisung,12419.46,09130,Chemnitz,Chemnitz,Forststrasse,30,Sachsen,12.947859,50.858225,2023,NA,FALSE,Freiflächensolaranlage,22788,NA,NA
SEE907927284813,ABR924343318649,Solareinheit,Solarpark Raitenbuch,Volleinspeisung,15760.8,92334,Neumarkt i.d. OPf.,Berching,NA,NA,Bayern,11.538669,49.078109,2024,NA,FALSE,Freiflächensolaranlage,28656,NA,NA
SEE907393928549,ABR947828791249,Solareinheit,Solarpark Lindach,Volleinspeisung,18386,85238,Dachau,Petershausen,NA,NA,Bayern,11.44167,48.40405,2026,NA,FALSE,Freiflächensolaranlage,32832,NA,NA
SEE971981371499,ABR928269982700,Solareinheit,Agethorst,Volleinspeisung,38838,25560,Steinburg,Agethorst,NA,NA,Schleswig-Holstein,9.446,54.032,2024,NA,FALSE,Freiflächensolaranlage,67563,NA,NA
SEE973006760547,ABR928269982700,Solareinheit,Agethorst,Volleinspeisung,12055,25560,Steinburg,Agethorst,NA,NA,Schleswig-Holstein,9.441918,54.037793,2024,NA,FALSE,Freiflächensolaranlage,20966,NA,NA
SEE949241562956,ABR926986580100,Solareinheit,Nustrow 1.1,Volleinspeisung,15127.56,18195,Rostock,Nustrow,NA,NA,Mecklenburg-Vorpommern,12.590851,54.026091,2024,NA,FALSE,Freiflächensolaranlage,28215,NA,NA
SEE953866554647,ABR936347005111,Solareinheit,PV Wolfsgarten,Volleinspeisung,42725.62,16845,Ostprignitz-Ruppin,Neustadt,NA,NA,Brandenburg,12.387094,52.862182,2024,NA,FALSE,Freiflächensolaranlage,74048,NA,NA
SEE939682117914,ABR938468192954,Solareinheit,BEBLL01,Volleinspeisung,12303.9,74842,Neckar-Odenwald-Kreis,Billigheim,NA,NA,Baden-Württemberg,9.271742,49.36268,2024,NA,FALSE,Freiflächensolaranlage,22680,NA,NA
SEE914728361186,ABR913460285040,Solareinheit,Solarpark Gickelfeld,Volleinspeisung,37806.345,97900,Main-Tauber-Kreis,Külsheim,NA,NA,Baden-Württemberg,9.417098,49.673198,2024,NA,FALSE,Freiflächensolaranlage,69066,NA,NA
SEE914579676620,ABR982115010344,Solareinheit,Bürgersolar Lerchenleite,Volleinspeisung,20609.76,97633,Rhön-Grabfeld,Großbardorf,NA,NA,Bayern,10.36,50.25,2024,NA,FALSE,Freiflächensolaranlage,36672,NA,NA
SEE903054445721,ABR987693205366,Solareinheit,Salzwedel 3.1,Volleinspeisung,10964.16,29410,Altmarkkreis Salzwedel,Salzwedel,NA,NA,Sachsen-Anhalt,11.205152,52.831706,2024,NA,FALSE,Freiflächensolaranlage,20304,NA,NA
SEE972559000032,ABR966098019341,Solareinheit,ABR966098019341,Volleinspeisung,20237,59556,Soest,Lippstadt,NA,NA,Nordrhein-Westfalen,8.286021,51.650915,2024,NA,FALSE,Freiflächensolaranlage,32640,NA,NA
SEE975085501936,ABR979666383034,Solareinheit,Neu Duvenstedt 1.1,Volleinspeisung,19990.1,24794,Rendsburg-Eckernförde,Neu Duvenstedt,NA,NA,Schleswig-Holstein,9.684286,54.354717,2024,NA,FALSE,Freiflächensolaranlage,42587,NA,NA
SEE935077200254,ABR966600324161,Solareinheit,Marl II,Teileinspeisung (einschließlich Eigenverbrauch),11760.27,45768,Recklinghausen,Marl,Brassertstraße,212,Nordrhein-Westfalen,7.078886,51.685558,2024,NA,FALSE,Gebäudesolaranlage,28338,NA,NA
SEE900843237857,ABR978098997215,Solareinheit,Solarkraftwerk Rodershausen I,Volleinspeisung,16679.52,54673,Eifelkreis Bitburg-Prüm,Rodershausen,NA,NA,Rheinland-Pfalz,6.189563,49.984576,2024,NA,FALSE,Freiflächensolaranlage,30888,NA,NA
SEE954128930353,ABR997614905817,Solareinheit,SP Letschin,Volleinspeisung,60007.365,15324,Märkisch-Oderland,Letschin,NA,NA,Brandenburg,14.356242,52.614514,2024,NA,FALSE,Freiflächensolaranlage,98766,NA,NA
SEE968855154609,ABR974024773465,Solareinheit,ABO Wind Solarpark Eft-Hellendorf,Volleinspeisung,11080,66706,Merzig-Wadern,Perl,NA,NA,Saarland,6.438622,49.469202,2024,NA,FALSE,Freiflächensolaranlage,19602,NA,NA
SEE956406029384,ABR914236074721,Solareinheit,Kohlenbek,Volleinspeisung,10298,25596,Steinburg,Bokelrehm,NA,NA,Schleswig-Holstein,9.430372,54.037249,2024,NA,FALSE,Freiflächensolaranlage,25745,NA,NA
SEE930390975971,ABR991197925828,Solareinheit,Großheirath 2,Volleinspeisung,10897.61,96269,Coburg,Großheirath,NA,NA,Bayern,10.906612,50.188967,2024,NA,FALSE,Freiflächensolaranlage,27244,NA,NA
SEE969079545808,ABR971619331086,Solareinheit,SE_2024_3491_Wittlich_F,Teileinspeisung (einschließlich Eigenverbrauch),11019.24,54516,Bernkastel-Wittlich,Wittlich,Dr.-Oetker-Straße,NA,Rheinland-Pfalz,6.949027,49.973645,2024,NA,FALSE,Freiflächensolaranlage,19332,NA,NA
SEE987849752034,ABR971275448388,Solareinheit,PV Bad Harzburg,Volleinspeisung,30180.6,38667,Goslar,Bad Harzburg,NA,NA,Niedersachsen,10.558262,51.925452,2026,NA,FALSE,Freiflächensolaranlage,50301,NA,NA
SEE960306046389,ABR905448145002,Solareinheit,Solarpark Eiderstede,Volleinspeisung,14236,24582,Rendsburg-Eckernförde,Bordesholm,NA,NA,Schleswig-Holstein,10.027232,54.158631,2024,NA,FALSE,Freiflächensolaranlage,24336,NA,NA
SEE911085147644,ABR994970418203,Solareinheit,PVA Haidemühl,Volleinspeisung,21939,03119,Spree-Neiße,Welzow,NA,NA,Brandenburg,14.264468,51.54592,2024,NA,FALSE,Freiflächensolaranlage,37827,NA,NA
SEE974662225241,ABR947431890179,Solareinheit,PV Rottweil,Volleinspeisung,13423.5,78652,Rottweil,Deißlingen,NA,NA,Baden-Württemberg,8.572984,48.129463,2024,NA,FALSE,Freiflächensolaranlage,23550,NA,NA
SEE945858833151,ABR903522847880,Solareinheit,PVA Ennigerloh-Oelde_In der Hoest,Volleinspeisung,11732.04,59302,Warendorf,Oelde,NA,NA,Nordrhein-Westfalen,8.080731,51.819097,2025,NA,FALSE,Freiflächensolaranlage,16524,NA,NA
SEE994677962795,ABR968657148790,Solareinheit,Solarpark Hattstedt Op de Heid,Volleinspeisung,19606.975,25856,Nordfriesland,Hattstedt,Driftinger Weg,GEO-Daten,Schleswig-Holstein,9.038226,54.512279,2024,NA,FALSE,Freiflächensolaranlage,34400,NA,NA
SEE969249890349,ABR992925254296,Solareinheit,Solarpark in Erbach,Volleinspeisung,26500,89155,Alb-Donau-Kreis,Erbach,NA,NA,Baden-Württemberg,9.866139,48.345788,2024,NA,FALSE,Freiflächensolaranlage,46089,NA,NA
SEE951281194851,ABR912191079669,Solareinheit,PV Peres West I_A,Teileinspeisung (einschließlich Eigenverbrauch),11191.5,04539,Leipzig,Groitzsch,NA,NA,Sachsen,12.323311,51.166872,2024,NA,FALSE,Freiflächensolaranlage,19296,NA,NA
SEE919943503670,ABR929207215829,Solareinheit,"PV Freiflächanlage 11.214,86kWp",Volleinspeisung,11214.86,94333,Straubing-Bogen,Geiselhöring,NA,NA,Bayern,12.410391,48.801051,2024,NA,FALSE,Freiflächensolaranlage,19971,NA,NA
SEE973712429257,ABR936066955681,Solareinheit,Solarpark Wolpertstetten II,Volleinspeisung,10849.95,89443,Dillingen a.d. Donau,Schwenningen,Hauptstr.,993,Bayern,10.608783,48.666327,2024,NA,FALSE,Freiflächensolaranlage,19035,NA,NA
SEE923596478315,ABR948026806261,Solareinheit,"Krempe 2-2_13,375 MW_Ost",Volleinspeisung,13375.94,25361,Steinburg,Grevenkop,Hauptstraße,24,Schleswig-Holstein,9.488403,53.846865,2023,NA,FALSE,Freiflächensolaranlage,24770,NA,NA
SEE957873432097,ABR935066555433,Solareinheit,PV Schrobenhausen 2,Volleinspeisung,13062.6,86529,Neuburg-Schrobenhausen,Schrobenhausen,NA,NA,Bayern,11.25315,48.57935,2024,NA,FALSE,Freiflächensolaranlage,31860,NA,NA
SEE925896584536,ABR945500850147,Solareinheit,Haserich 1.2,Volleinspeisung,18911.88,56858,Cochem-Zell,Haserich,NA,NA,Rheinland-Pfalz,7.335831,50.040003,2024,NA,FALSE,Freiflächensolaranlage,34749,NA,NA
SEE961717909232,ABR917489227050,Solareinheit,Solarpark Unsleben 2,Volleinspeisung,11463.75,97618,Rhön-Grabfeld,Unsleben,NA,NA,Bayern,10.288931,50.37214,2024,NA,FALSE,Freiflächensolaranlage,17490,NA,NA
SEE941250262292,ABR961393956735,Solareinheit,PV Hardheim-Erfeld,Volleinspeisung,21177.78,74736,Neckar-Odenwald-Kreis,Hardheim,NA,NA,Baden-Württemberg,9.485624,49.549627,2024,NA,FALSE,Freiflächensolaranlage,37154,NA,NA
SEE962093788084,ABR937435410039,Solareinheit,Solarpark Lohrmannshof Inn24-1-045,Volleinspeisung,20000,85132,Eichstätt,Schernfeld,NA,NA,Bayern,11.08047,48.95328,2026,NA,FALSE,Freiflächensolaranlage,40000,NA,NA
SEE956100014334,ABR979666383034,Solareinheit,Neu Duvenstedt 1.2,Volleinspeisung,12793.54,24794,Rendsburg-Eckernförde,Neu Duvenstedt,NA,NA,Schleswig-Holstein,9.681219,54.352079,2024,NA,FALSE,Freiflächensolaranlage,23625,NA,NA
SEE998199040252,ABR945500850147,Solareinheit,Mittelstrimmig 1.1,Volleinspeisung,19029.28,56858,Cochem-Zell,Mittelstrimmig,NA,NA,Rheinland-Pfalz,7.287314,50.06067,2023,NA,FALSE,Freiflächensolaranlage,40768,NA,NA
SEE994208086938,ABR945500850147,Solareinheit,Reidenhausen 1.1,Volleinspeisung,17127.04,56865,Cochem-Zell,Reidenhausen,NA,NA,Rheinland-Pfalz,7.328474,50.052259,2024,NA,FALSE,Freiflächensolaranlage,36512,NA,NA
SEE960393322007,ABR967574908302,Solareinheit,Solarpark Kellerflur,Volleinspeisung,12968.68,91480,Neustadt a.d. Aisch-Bad Windsheim,Markt Taschendorf,NA,NA,Bayern,10.590267,49.700221,2024,NA,FALSE,Freiflächensolaranlage,22474,NA,NA
SEE912966473272,ABR986790696589,Solareinheit,Solarpark Altenschwand,Volleinspeisung,14650,92439,Schwandorf,Bodenwöhr,NA,NA,Bayern,12.2392,49.287,2026,NA,FALSE,Freiflächensolaranlage,29300,NA,NA
SEE950101189428,ABR973259896864,Solareinheit,RWE Neuland I Solarpark,Volleinspeisung,20008.04,50189,Rhein-Erft-Kreis,Elsdorf,NA,NA,Nordrhein-Westfalen,6.525157,50.922393,2024,NA,FALSE,Freiflächensolaranlage,36712,NA,NA
SEE921272606229,ABR903837623278,Solareinheit,Solarpark Beilrode II - Teilanlage 2 (Inn24-1-047),Volleinspeisung,12000,04886,Nordsachsen,Beilrode,NA,NA,Sachsen,13.10339,51.57219,2027,NA,FALSE,Freiflächensolaranlage,24000,NA,NA
SEE981507110778,ABR951755362182,Solareinheit,PV Schwarzer Kamp 1,Teileinspeisung (einschließlich Eigenverbrauch),24616.71,29331,Celle,Lachendorf,NA,NA,Niedersachsen,10.245586,52.632257,2024,NA,FALSE,Freiflächensolaranlage,44928,NA,NA
SEE983008497297,ABR992846956996,Solareinheit,Solarpark Öhningen,Volleinspeisung,10163,78337,Konstanz,Öhningen,NA,NA,Baden-Württemberg,8.874322,47.692306,2027,NA,FALSE,Freiflächensolaranlage,NA,NA,NA
SEE985494739035,ABR904377170383,Solareinheit,Gaisbergsolar,Volleinspeisung,10744.5,74736,Neckar-Odenwald-Kreis,Hardheim,NA,NA,Baden-Württemberg,9.500671,49.502693,2024,NA,FALSE,Freiflächensolaranlage,18850,NA,NA
SEE972542631533,ABR968362157391,Solareinheit,Neue Energie Markt Flachslanden,Volleinspeisung,12677.64,91604,Ansbach,Flachslanden,NA,NA,Bayern,10.512127,49.383711,2024,NA,FALSE,Freiflächensolaranlage,29144,NA,NA
SEE980152016510,ABR940822748059,Solareinheit,Bovenau Osterrade 1.1,Volleinspeisung,19433.46,24796,Rendsburg-Eckernförde,Bovenau,NA,NA,Schleswig-Holstein,9.853376,54.361793,2024,NA,FALSE,Freiflächensolaranlage,34269,NA,NA
SEE960700895231,ABR968362157391,Solareinheit,Neue Energie Markt Flachslanden,Volleinspeisung,11938.14,91604,Ansbach,Flachslanden,NA,NA,Bayern,10.541249,49.397224,2024,NA,FALSE,Freiflächensolaranlage,27444,NA,NA
SEE994442979454,ABR917512887619,Solareinheit,PV-Anlage Lisberg,Volleinspeisung,19999.305,96170,Bamberg,Lisberg,NA,NA,Bayern,10.743732,49.882153,2024,NA,FALSE,Freiflächensolaranlage,35397,NA,NA
SEE959843387611,ABR911801395298,Solareinheit,Emkendorf Nord 1.1,Volleinspeisung,36766.71,24802,Rendsburg-Eckernförde,Emkendorf,NA,NA,Schleswig-Holstein,9.802885,54.257895,2024,NA,FALSE,Freiflächensolaranlage,67824,NA,NA
SEE901499856416,ABR961828941541,Solareinheit,Hilpoltstein Solar,Volleinspeisung,10495.47,91161,Roth,Hilpoltstein,NA,NA,Bayern,11.221229,49.177068,2024,NA,FALSE,Freiflächensolaranlage,18288,NA,NA
SEE927885598821,ABR963150956514,Solareinheit,"Poltnitz III Teil 1 13.776,84 kWp",Volleinspeisung,13776.84,19376,Ludwigslust-Parchim,Ruhner Berge,NA,NA,Mecklenburg-Vorpommern,11.829827,53.345538,2025,NA,FALSE,Freiflächensolaranlage,19404,NA,NA
SEE995395186371,ABR930295409007,Solareinheit,PVA Georgental 2 Falkenhagen Solar UW Sieversdorf,Volleinspeisung,24472,15306,Märkisch-Oderland,Falkenhagen,Georgenthal,NA,Brandenburg,14.296291,52.408318,2024,NA,FALSE,Freiflächensolaranlage,42935,NA,NA
SEE905458763401,ABR930295409007,Solareinheit,PVA Georgental 1 Falkenhagen Solar UW Jacobsdorf,Volleinspeisung,24147,15306,Märkisch-Oderland,Falkenhagen,Georgenthal,NA,Brandenburg,14.296709,52.408091,2024,NA,FALSE,Freiflächensolaranlage,41813,NA,NA
SEE943046483614,ABR914690640753,Solareinheit,VenSol Solarpark Rothtal III GmbH ＆ Co. KG,Volleinspeisung,19204.61,89299,Neu-Ulm,Unterroth,NA,NA,Bayern,10.171407,48.18447,2024,NA,FALSE,Freiflächensolaranlage,31227,NA,NA
SEE912075400107,ABR968659874277,Solareinheit,Solarpark Münchham 51 GmbH,Volleinspeisung,18122,94140,Rottal-Inn,Ering,NA,NA,Bayern,13.134735,48.333245,2025,NA,FALSE,Freiflächensolaranlage,28752,NA,NA
SEE944840333761,ABR932198268156,Solareinheit,Frankfurt/Oder West 1.1,Volleinspeisung,14000,15234,Frankfurt (Oder),Frankfurt,NA,NA,Brandenburg,14.468132,52.32356,2026,NA,FALSE,Freiflächensolaranlage,NA,NA,NA
SEE922469052218,ABR940590301456,Solareinheit,Elmenhorst,Volleinspeisung,13000,18510,Vorpommern-Rügen,Elmenhorst,NA,NA,Mecklenburg-Vorpommern,13.082083,54.222052,2026,NA,FALSE,Freiflächensolaranlage,NA,NA,NA
SEE995039960190,ABR994481451492,Solareinheit,Weede,Volleinspeisung,17000,23795,Segeberg,Weede,NA,NA,Schleswig-Holstein,10.352286,53.920672,2026,NA,FALSE,Freiflächensolaranlage,NA,NA,NA
SEE999210393951,ABR989728844076,Solareinheit,Klein Schönwalde,Volleinspeisung,14400,17498,Vorpommern-Greifswald,Weitenhagen,NA,NA,Mecklenburg-Vorpommern,13.413963,54.066691,2026,NA,FALSE,Freiflächensolaranlage,NA,NA,NA
SEE951306409229,ABR952694277919,Solareinheit,Papendorf,Volleinspeisung,20000,17309,Vorpommern-Greifswald,Papendorf,NA,NA,Mecklenburg-Vorpommern,13.928431,53.485402,2026,NA,FALSE,Freiflächensolaranlage,NA,NA,NA
SEE970002317720,ABR990968760699,Solareinheit,Unterer Hub EEG,Volleinspeisung,19049.96,94554,Deggendorf,Moos,NA,NA,Bayern,12.967897,48.729774,2025,NA,FALSE,Freiflächensolaranlage,29535,NA,NA
SEE934954059640,ABR939517505596,Solareinheit,Brinkum 1,Volleinspeisung,20000,26835,Leer,Brinkum,NA,NA,Niedersachsen,7.585701,53.257759,2026,NA,FALSE,Freiflächensolaranlage,NA,NA,NA
SEE921838767104,ABR927989910574,Solareinheit,Schülldorf,Volleinspeisung,15000,24790,Rendsburg-Eckernförde,Schülldorf,NA,NA,Schleswig-Holstein,9.760666,54.298377,2026,NA,FALSE,Freiflächensolaranlage,NA,NA,NA
SEE900457834756,ABR910091337148,Solareinheit,Inno PV Hallbergmoos,Teileinspeisung (einschließlich Eigenverbrauch),10487.18,85399,Freising,Hallbergmoos,NA,NA,Bayern,11.724903,48.335355,2025,NA,FALSE,Freiflächensolaranlage,17664,NA,NA
SEE922044470642,ABR968329531462,Solareinheit,Hafenpreppach,Volleinspeisung,17613.86,96126,Haßberge,Maroldsweisach,NA,NA,Bayern,10.774658,50.190286,2024,NA,FALSE,Freiflächensolaranlage,32562,NA,NA
SEE915872214748,ABR975539904429,Solareinheit,Energiepark Eggesin,Volleinspeisung,13070.28,17367,Vorpommern-Greifswald,Eggesin,Stettiner Landstr.,NA,Mecklenburg-Vorpommern,14.120511,53.6659,2026,NA,FALSE,Freiflächensolaranlage,30396,NA,NA
SEE974660744447,ABR996212388879,Solareinheit,P22-504 Anumar Solarpark Beilngries-Kirchbuch GmbH ＆ Co. KG,Volleinspeisung,11000,92339,Eichstätt,Beilngries,NA,NA,Bayern,11.513101,48.967836,2027,NA,FALSE,Freiflächensolaranlage,NA,NA,NA
SEE905448153427,ABR944820491054,Solareinheit,P23-567 Solarpark Sparneck,Volleinspeisung,14500,95234,Hof,Sparneck,NA,NA,Bayern,11.829858,50.156966,2027,NA,FALSE,Freiflächensolaranlage,NA,NA,NA
SEE950868464608,ABR970003145278,Solareinheit,P23-018 Solarpark Gachenbach,Volleinspeisung,11500,86565,Neuburg-Schrobenhausen,Gachenbach,NA,NA,Bayern,11.230389,48.518766,2025,NA,FALSE,Freiflächensolaranlage,NA,NA,NA
SEE956222624473,ABR922894625520,Solareinheit,P23-328 Solarpark Karlskron IV,Volleinspeisung,11500,85123,Neuburg-Schrobenhausen,Karlskron,NA,NA,Bayern,11.388721,48.65566,2027,NA,FALSE,Freiflächensolaranlage,NA,NA,NA
SEE964246398485,ABR918799912353,Solareinheit,Solaranlage Adorf- Teilanlage 2,Volleinspeisung,13898,08626,Vogtlandkreis,Adorf,Sorger Straße,25,Sachsen,12.273533,50.321754,2025,NA,FALSE,Freiflächensolaranlage,21606,NA,NA
SEE906820995406,ABR988907947812,Solareinheit,PV-Anlage Trebesberg,Volleinspeisung,12147.84,96352,Kronach,Wilhelmsthal,NA,NA,Bayern,11.344666,50.29531,2024,NA,FALSE,Freiflächensolaranlage,21312,NA,NA
SEE987235001425,ABR973259896864,Solareinheit,RWE Neuland 1 Erweiterung Solarpark,Volleinspeisung,15243.8,52382,Düren,Niederzier,NA,NA,Nordrhein-Westfalen,6.516164,50.917763,2024,NA,FALSE,Freiflächensolaranlage,27716,NA,NA
SEE974075440064,ABR929818725182,Solareinheit,SP Hagenohe,Volleinspeisung,13496.34,91275,Amberg-Sulzbach,Auerbach,NA,NA,Bayern,11.645837,49.739897,2024,NA,FALSE,Freiflächensolaranlage,22308,NA,NA
SEE901945842574,ABR929818725182,Solareinheit,SP Altzirkendorf,Volleinspeisung,11498.5,91281,Neustadt a.d. Waldnaab,Kirchenthumbach,NA,NA,Bayern,11.658164,49.7375,2024,NA,FALSE,Freiflächensolaranlage,18850,NA,NA
SEE927205437960,ABR929818725182,Solareinheit,SP Ranzenthal,Volleinspeisung,11499.58,91275,Amberg-Sulzbach,Auerbach,NA,NA,Bayern,11.626349,49.753756,2024,NA,FALSE,Freiflächensolaranlage,18904,NA,NA
SEE988680395282,ABR929818725182,Solareinheit,SP Sassenreuth,Volleinspeisung,14686.36,91281,Neustadt a.d. Waldnaab,Kirchenthumbach,NA,NA,Bayern,11.722401,49.771221,2025,NA,FALSE,Freiflächensolaranlage,24076,NA,NA
SEE912363044778,ABR945269397587,Solareinheit,SP Höflas 1,Volleinspeisung,16407.3,91281,Neustadt a.d. Waldnaab,Kirchenthumbach,NA,NA,Bayern,11.69202,49.744928,2024,NA,FALSE,Freiflächensolaranlage,26897,NA,NA
SEE946075808182,ABR960850726843,Solareinheit,"Vattenfall Solar Tützpatz 1,2,3",Volleinspeisung,76000,17091,Mecklenburgische Seenplatte,Tützpatz,NA,NA,Mecklenburg-Vorpommern,13.123675,53.713863,2024,NA,FALSE,Freiflächensolaranlage,144830,NA,NA
SEE970811065621,ABR900964520708,Solareinheit,FFPVA Calvörde Ost,Volleinspeisung,19976,39359,Börde,Calvörde,NA,NA,Sachsen-Anhalt,11.307841,52.404052,2024,NA,FALSE,Freiflächensolaranlage,36550,NA,NA
SEE908261819525,ABR912026099350,Solareinheit,Solarpark Jerchel West - Teilanlage 2,Volleinspeisung,16780.5,14715,Havelland,Milower Land,NA,NA,Brandenburg,12.315847,52.480454,2024,NA,FALSE,Freiflächensolaranlage,30510,NA,NA
SEE904612019293,ABR912026099350,Solareinheit,Solarpark Jerchel West - Teilanlage 3,Volleinspeisung,16788.6,14715,Havelland,Milower Land,NA,NA,Brandenburg,12.310266,52.47966,2024,NA,FALSE,Freiflächensolaranlage,30537,NA,NA
SEE933484706758,ABR912026099350,Solareinheit,Gebot 3,Volleinspeisung,11200,14715,Havelland,Milower Land,NA,NA,Brandenburg,12.33802,52.46114,2027,NA,FALSE,Freiflächensolaranlage,22400,NA,NA
SEE992265214721,ABR912026099350,Solareinheit,Gebot 4,Volleinspeisung,16800,14715,Havelland,Milower Land,NA,NA,Brandenburg,12.33802,52.46114,2027,NA,FALSE,Freiflächensolaranlage,33600,NA,NA
SEE941441401110,ABR909920580534,Solareinheit,Kammerwetzdorf BA II,Volleinspeisung,14488.63,94124,Passau,Büchlberg,NA,NA,Bayern,13.5468,48.6541,2024,NA,FALSE,Freiflächensolaranlage,25174,NA,NA
SEE985345326735,ABR986790696589,Solareinheit,Solarpark Gebot InnAus,Volleinspeisung,20000,06780,Anhalt-Bitterfeld,Zörbig,NA,NA,Sachsen-Anhalt,12.07409,51.60297,2027,NA,FALSE,Freiflächensolaranlage,40000,NA,NA
SEE912394646217,ABR979374047549,Solareinheit,SE_2024_4436.1_Eyendorf,Volleinspeisung,14199.955,21376,Harburg,Eyendorf,NA,NA,Niedersachsen,10.131907,53.206198,2024,NA,FALSE,Freiflächensolaranlage,23471,NA,NA
SEE995448381142,ABR916275818427,Solareinheit,NE Lubolz III,Volleinspeisung,10991.03,15907,Dahme-Spreewald,Lübben,NA,NA,Brandenburg,13.808827,51.971848,2024,NA,FALSE,Freiflächensolaranlage,20115,NA,NA
SEE994165940113,ABR901255175416,Solareinheit,Solarpark Schrobenhausen - Sandizell II - P21-010 Teil 1,Volleinspeisung,20000,86529,Neuburg-Schrobenhausen,Schrobenhausen,NA,NA,Bayern,11.196304,48.584163,2024,NA,FALSE,Freiflächensolaranlage,43978,NA,NA
SEE957298386944,ABR931020443112,Solareinheit,"Solarpark Ulmbach - P21-097 - Teil 12.351,00 kWp SOL24-1/175",Volleinspeisung,12351,36396,Main-Kinzig-Kreis,Steinau,NA,NA,Hessen,9.401002,50.374273,2025,NA,FALSE,Freiflächensolaranlage,21480,NA,NA
SEE911526734228,ABR985773676471,Solareinheit,PVA Gertevitz,Volleinspeisung,15085,07389,Saale-Orla-Kreis,Gertewitz,NA,NA,Thüringen,11.656357,50.670572,2025,NA,FALSE,Freiflächensolaranlage,365,NA,NA
SEE924121975583,ABR903837623278,Solareinheit,Solarpark Beilrode I - Teilanlage 5,Volleinspeisung,17457.525,04886,Nordsachsen,Beilrode,Triftweg,999 Z,Sachsen,13.090447,51.580007,2025,NA,FALSE,Freiflächensolaranlage,31455,NA,NA
SEE915993105796,ABR903837623278,Solareinheit,Solarpark Beilrode I - Teilanlage 6,Volleinspeisung,15959.025,04886,Nordsachsen,Beilrode,Triftweg,999 Z,Sachsen,13.10561,51.56773,2025,NA,FALSE,Freiflächensolaranlage,28755,NA,NA
SEE987175801543,ABR969956108102,Solareinheit,GPJ Solarpark Neuerburg,Volleinspeisung,19971,54673,Eifelkreis Bitburg-Prüm,Neuerburg,NA,NA,Rheinland-Pfalz,6.280639,50.002595,2026,NA,FALSE,Freiflächensolaranlage,32211,NA,NA
SEE981451675811,ABR913588234500,Solareinheit,PV Jagsal,Volleinspeisung,25250,04936,Elbe-Elster,Schlieben,NA,NA,Brandenburg,13.345937,51.674846,2026,NA,FALSE,Freiflächensolaranlage,NA,NA,NA
SEE987750795595,ABR934515925575,Solareinheit,PVA Klosterheide TA I,Volleinspeisung,22815.07,16835,Ostprignitz-Ruppin,Lindow,NA,NA,Brandenburg,12.976381,52.984906,2024,NA,FALSE,Freiflächensolaranlage,34868,NA,NA
SEE913788393083,ABR966660306923,Solareinheit,PV-Anlage Wunsiedel Ost,Volleinspeisung,17596.15,95632,Wunsiedel i. Fichtelgebirge,Wunsiedel,NA,NA,Bayern,12.029798,50.051483,2024,NA,FALSE,Freiflächensolaranlage,30602,NA,NA
SEE978581769688,ABR934803317396,Solareinheit,SE_Minderlittgen_WIL,Volleinspeisung,23963.94,54518,Bernkastel-Wittlich,Minderlittgen,Burgerweg,NA,Rheinland-Pfalz,6.82311,50.004353,2024,NA,FALSE,Freiflächensolaranlage,42042,NA,NA
SEE934519505346,ABR966660306923,Solareinheit,PV-Anlage Wunsiedel West,Volleinspeisung,19975.02,95632,Wunsiedel i. Fichtelgebirge,Wunsiedel,NA,NA,Bayern,12.023179,50.051323,2024,NA,FALSE,Freiflächensolaranlage,34944,NA,NA
SEE969794806710,ABR916977892008,Solareinheit,Qair Solarpark Perleberg,Volleinspeisung,22115,19348,Prignitz,Perleberg,NA,NA,Brandenburg,11.818202,53.068087,2024,NA,FALSE,Freiflächensolaranlage,37816,NA,NA
SEE985732199546,ABR937232961253,Solareinheit,Solarpark SIMA,Volleinspeisung,14726,84163,Dingolfing-Landau,Marklkofen,Siglhof,1,Bayern,12.56551,48.544358,2024,NA,FALSE,Freiflächensolaranlage,26298,NA,NA
SEE968785462232,ABR903837623278,Solareinheit,Solarpark Beilrode Süd II,Volleinspeisung,16000,04886,Nordsachsen,Beilrode,NA,NA,Sachsen,13.105727,51.568132,2027,NA,FALSE,Freiflächensolaranlage,32000,NA,NA
SEE947036893957,ABR924365670541,Solareinheit,Solarpark Lichte Platte,Volleinspeisung,16644,63853,Miltenberg,Mömlingen,NA,NA,Bayern,9.0536,49.5282,2024,NA,FALSE,Freiflächensolaranlage,24370,NA,NA
SEE905041952830,ABR919407999766,Solareinheit,SW-SP-KLS20,Volleinspeisung,19999.865,09599,Mittelsachsen,Freiberg,Hainichener Strasse,200 u,Sachsen,13.271349,50.921334,2024,NA,FALSE,Freiflächensolaranlage,36697,NA,NA
SEE944742665434,ABR938726435373,Solareinheit,PVA Mühlhausen_Schröterode_EEG,Volleinspeisung,20316.285,99974,Unstrut-Hainich-Kreis,Mühlhausen,NA,NA,Thüringen,10.29522,51.14495,2026,NA,FALSE,Freiflächensolaranlage,32886,NA,NA
SEE959212916053,ABR918655828767,Solareinheit,SP-SWK14.8,Volleinspeisung,14755.65,02977,Bautzen,Hoyerswerda,NA,NA,Sachsen,14.129489,51.442555,2024,NA,FALSE,Freiflächensolaranlage,25662,NA,NA
SEE990614470392,ABR920338660700,Solareinheit,PVA Eggersdorf_Müncheberg,Volleinspeisung,33260,15374,Märkisch-Oderland,Müncheberg,NA,NA,Brandenburg,14.083117,52.47449,2025,NA,FALSE,Freiflächensolaranlage,NA,NA,NA
SEE911007222916,ABR983789954804,Solareinheit,Solarpark Boldekow,Volleinspeisung,56059,17392,Vorpommern-Greifswald,Boldekow,NA,NA,Mecklenburg-Vorpommern,13.361112,53.432838,2025,NA,FALSE,Freiflächensolaranlage,83520,NA,NA
SEE928016918945,ABR947017026268,Solareinheit,PVA Dohndorf,Volleinspeisung,12312,06369,Anhalt-Bitterfeld,Dohndorf,NA,NA,Sachsen-Anhalt,11.866344,51.709668,2024,NA,FALSE,Freiflächensolaranlage,21600,NA,NA
SEE996964411856,ABR929359484197,Solareinheit,"Solarpark Pförring - P20-010 - 	14.216,40 kWp PPA",Volleinspeisung,14216.4,85104,Eichstätt,Pförring,NA,NA,Bayern,11.70985,48.853315,2025,NA,FALSE,Freiflächensolaranlage,25848,NA,NA
SEE941831927336,ABR959934229196,Solareinheit,Solarpark Neuendorf A - P20-074 Teil 5,Volleinspeisung,23404.8,17398,Vorpommern-Greifswald,Ducherow,NA,NA,Mecklenburg-Vorpommern,13.813122,53.751441,2025,NA,FALSE,Freiflächensolaranlage,40704,NA,NA
SEE977913844406,ABR924016454384,Solareinheit,PVA Bergholz,Volleinspeisung,57824,17321,Vorpommern-Greifswald,Bergholz,NA,NA,Mecklenburg-Vorpommern,14.175964,53.428292,2026,NA,FALSE,Freiflächensolaranlage,NA,NA,NA
SEE971126836845,ABR922216203931,Solareinheit,Kleinschirma 1,Volleinspeisung,26976.3,09600,Mittelsachsen,Oberschöna,NA,NA,Sachsen,13.273821,50.911546,2024,NA,FALSE,Freiflächensolaranlage,46644,NA,NA
SEE982876011871,ABR950145125246,Solareinheit,Grenderich 1.1,Volleinspeisung,10148.35,56858,Cochem-Zell,Grenderich,NA,NA,Rheinland-Pfalz,7.225268,50.054398,2024,NA,FALSE,Freiflächensolaranlage,30665,NA,NA
SEE945100822681,ABR951967962064,Solareinheit,FPV Philipp See 1,Teileinspeisung (einschließlich Eigenverbrauch),14987.145,76669,Karlsruhe,Bad Schönborn,NA,NA,Baden-Württemberg,8.622842,49.207496,2024,NA,FALSE,Freiflächensolaranlage,25732,NA,NA
SEE920596784088,ABR923804874533,Solareinheit,PVA 1 greenarea Heimertingen,Volleinspeisung,18736.8,87751,Unterallgäu,Heimertingen,NA,NA,Bayern,10.141196,48.025642,2024,NA,FALSE,Freiflächensolaranlage,32305,NA,NA
SEE956987182836,ABR901439853123,Solareinheit,"B201, Norderfeld -14",Volleinspeisung,14000,25885,Nordfriesland,Oster-Ohrstedt,NA,NA,Schleswig-Holstein,9.250735,54.516941,2024,NA,FALSE,Freiflächensolaranlage,24561,NA,NA
SEE942110429404,ABR925727738930,Solareinheit,PVA Wuschewier,Volleinspeisung,58018.74,15320,Märkisch-Oderland,Neutrebbin,Am Horst,14,Brandenburg,14.269131,52.646927,2024,NA,FALSE,Freiflächensolaranlage,101712,NA,NA
SEE983224222307,ABR909054335185,Solareinheit,PV-STUED-4139,Volleinspeisung,53347,16845,Ostprignitz-Ruppin,Stüdenitz-Schönermark,NA,NA,Brandenburg,12.259463,52.888875,2027,NA,FALSE,Freiflächensolaranlage,79623,NA,NA
SEE915821026521,ABR934358045072,Solareinheit,Sturmwind 1,Volleinspeisung,12148,23843,Stormarn,Rümpel,Im Seybeck,NA,Schleswig-Holstein,10.360145,53.782622,2026,NA,FALSE,Freiflächensolaranlage,16574,NA,NA
SEE959551762335,ABR903837623278,Solareinheit,Solarpark Beilrode I - Teilanlage 2,Volleinspeisung,15689.295,04886,Nordsachsen,Beilrode,Triftweg,999 Z,Sachsen,13.097393,51.573353,2024,NA,FALSE,Freiflächensolaranlage,28269,NA,NA
SEE995463693756,ABR903837623278,Solareinheit,Solarpark Beilrode I - Teilanlage 3,Volleinspeisung,11988,04886,Nordsachsen,Beilrode,Triftweg,999 Z,Sachsen,13.102471,51.572246,2024,NA,FALSE,Freiflächensolaranlage,21600,NA,NA
SEE908989618226,ABR967563956239,Solareinheit,Solarpark Obermenach UW,Volleinspeisung,14820,94327,Straubing-Bogen,Bogen,NA,NA,Bayern,12.674,48.94204,2024,NA,FALSE,Freiflächensolaranlage,25110,NA,NA
SEE988252903792,ABR940561449545,Solareinheit,Solaranlage Titz,Volleinspeisung,17194.68,52445,Düren,Titz,NA,NA,Nordrhein-Westfalen,6.457,51.027,2024,NA,FALSE,Freiflächensolaranlage,28188,NA,NA
SEE997133406734,ABR927397646904,Solareinheit,PV Steyerberg,Volleinspeisung,20000,31595,Nienburg (Weser),Steyerberg,NA,NA,Niedersachsen,9.05207,52.56365,2026,NA,FALSE,Freiflächensolaranlage,NA,NA,NA
SEE914162611892,ABR928481388199,Solareinheit,SP Glasewitz,Volleinspeisung,15211.8,18276,Rostock,Glasewitz,NA,NA,Mecklenburg-Vorpommern,12.303386,53.822052,2026,NA,FALSE,Freiflächensolaranlage,25353,NA,NA
SEE928312071245,ABR980440978131,Solareinheit,Gottberg Ost,Volleinspeisung,12302.4,16818,Ostprignitz-Ruppin,Märkisch Linden,NA,NA,Brandenburg,12.686817,52.894817,2024,NA,FALSE,Freiflächensolaranlage,22368,NA,NA
SEE980338299805,ABR944547758997,Solareinheit,PV Vivendi II GmbH u. Co. KG,Volleinspeisung,16815.6,72525,Reutlingen,Münsingen,NA,NA,Baden-Württemberg,9.480666,48.374145,2024,NA,FALSE,Freiflächensolaranlage,28026,NA,NA
SEE996749421124,ABR907687155132,Solareinheit,PVA Habscheid,Volleinspeisung,24984.96,54597,Eifelkreis Bitburg-Prüm,Habscheid,NA,NA,Rheinland-Pfalz,6.16135,50.11563,2024,NA,FALSE,Freiflächensolaranlage,43264,NA,NA
SEE987270220959,ABR932444072698,Solareinheit,Hechthausen Bahntrasse,Volleinspeisung,10072.8,21755,Cuxhaven,Hechthausen,An der Sandkuhle,NA,Niedersachsen,9.204386,53.650106,2024,NA,FALSE,Freiflächensolaranlage,16104,NA,NA
SEE990780619595,ABR914857038935,Solareinheit,PVA Borrentin Nord,Volleinspeisung,59166.51,17111,Mecklenburgische Seenplatte,Borrentin,NA,NA,Mecklenburg-Vorpommern,13.00776,53.85725,2024,NA,FALSE,Freiflächensolaranlage,102726,NA,NA
SEE900907873861,ABR912499302384,Solareinheit,HK20 Heidekrautbahn 20,Volleinspeisung,10144.44,16515,Oberhavel,Oranienburg,NA,NA,Brandenburg,13.366021,52.76714,2025,NA,FALSE,Freiflächensolaranlage,16262,NA,NA
SEE927229282546,ABR928046553604,Solareinheit,Solarpark ZaD,Volleinspeisung,20000,10117,Berlin,Berlin,Friedrichstraße,200,Berlin,11.689993,53.554356,2027,NA,FALSE,Freiflächensolaranlage,NA,NA,NA
SEE949598914033,ABR978533633029,Solareinheit,Höllfeld Solarpark Eppishausen,Volleinspeisung,15100,87745,Unterallgäu,Eppishausen,NA,NA,Bayern,10.53627,48.1803,2026,NA,FALSE,Freiflächensolaranlage,25374,NA,NA
SEE948295298460,ABR997653303124,Solareinheit,Solar Elsterheide,Volleinspeisung,19000,02979,Bautzen,Elsterheide,NA,NA,Sachsen,14.210472,51.476545,2026,NA,FALSE,Freiflächensolaranlage,33426,NA,NA
SEE949817602567,ABR905147749402,Solareinheit,Solarpark Jagel,Volleinspeisung,19987.56,24878,Schleswig-Flensburg,Jagel,NA,NA,Schleswig-Holstein,9.558048,54.459655,2026,NA,FALSE,Freiflächensolaranlage,32238,NA,NA
SEE910344991479,ABR908837997749,Solareinheit,Solarpark Dehnsen - Wohlenbüttel,Volleinspeisung,19998,21385,Lüneburg,Amelinghausen,NA,NA,Niedersachsen,10.170291,53.138671,2026,NA,FALSE,Freiflächensolaranlage,35937,NA,NA
SEE976122127447,ABR968973170932,Solareinheit,Solar Laubst AK 1,Volleinspeisung,20000,03116,Spree-Neiße,Drebkau,NA,NA,Brandenburg,14.242616,51.668723,2027,NA,FALSE,Freiflächensolaranlage,31746,NA,NA
SEE947917604184,ABR901425457243,Solareinheit,Solar Lübbenau  AK 1,Volleinspeisung,20000,03222,Oberspreewald-Lausitz,Lübbenau,NA,NA,Brandenburg,13.903499,51.864779,2026,NA,FALSE,Freiflächensolaranlage,32787,NA,NA
SEE926054732028,ABR997481012212,Solareinheit,FFA Wedemark Süd,Volleinspeisung,10411.47,30900,Region Hannover,Wedemark,Fuhrberger Weg,NA,Niedersachsen,9.78453,52.563889,2024,NA,FALSE,Freiflächensolaranlage,17781,NA,NA
SEE972413748001,ABR938933890415,Solareinheit,Solarpark Aach,Volleinspeisung,14242.8,78267,Konstanz,Aach,NA,NA,Baden-Württemberg,8.882961,47.835917,2025,NA,FALSE,Freiflächensolaranlage,25896,NA,NA
SEE909939863420,ABR960531830388,Solareinheit,PVA Brönnhof,Volleinspeisung,16443,97532,Schweinfurt,Üchtelhausen,NA,NA,Bayern,10.242808,50.141638,2026,NA,FALSE,Freiflächensolaranlage,22680,NA,NA
SEE947283020441,ABR909977513639,Solareinheit,Agri-PV Johanniskirchen,Volleinspeisung,19000,84381,Rottal-Inn,Johanniskirchen,Oberstadl,1,Bayern,12.898011,48.531602,2026,NA,FALSE,Freiflächensolaranlage,30650,NA,NA
SEE985319005178,ABR901425457243,Solareinheit,Solar Lübbenau AK 3,Volleinspeisung,19620,03222,Oberspreewald-Lausitz,Lübbenau,NA,NA,Brandenburg,13.91058,51.855529,2026,NA,FALSE,Freiflächensolaranlage,32164,NA,NA
SEE941529685241,ABR981124967007,Solareinheit,FPV Cottbuser Ostsee EEA 1,Volleinspeisung,11011.76,03052,Cottbus,Cottbus,NA,NA,Brandenburg,14.4322,51.7898,2026,NA,FALSE,Freiflächensolaranlage,19092,NA,NA
SEE971604989520,ABR943969523183,Solareinheit,PVA Deponie 1 Jänschwalde Süd,Volleinspeisung,16037.61,03149,Spree-Neiße,Wiesengrund,NA,NA,Brandenburg,14.517855,51.768355,2024,NA,FALSE,Freiflächensolaranlage,27394,NA,NA
SEE963188375042,ABR975275452468,Solareinheit,PV Bohrau 1.BA EEA 1,Volleinspeisung,16016.76,03149,Spree-Neiße,Forst,NA,NA,Brandenburg,14.558773,51.779683,2026,NA,FALSE,Freiflächensolaranlage,27312,NA,NA
SEE953886440968,ABR981044325109,Solareinheit,PV-HUNG-4151,Volleinspeisung,10393.5,56281,Rhein-Hunsrück-Kreis,Hungenroth,NA,NA,Rheinland-Pfalz,7.59796,50.146963,2025,NA,FALSE,Freiflächensolaranlage,17706,NA,NA
SEE974279384997,ABR905733718867,Solareinheit,PV-Park Fuchsgrube,Volleinspeisung,10957.5,89335,Günzburg,Ichenhausen,Günztalstr.,993,Bayern,10.298212,48.321902,2025,NA,FALSE,Freiflächensolaranlage,17532,NA,NA
SEE922438678722,ABR914857038935,Solareinheit,PVA Borrentin Süd,Volleinspeisung,55031,17111,Mecklenburgische Seenplatte,Borrentin,NA,NA,Mecklenburg-Vorpommern,13.0078,53.857,2024,NA,FALSE,Freiflächensolaranlage,95706,NA,NA
SEE936260355775,ABR902798422722,Solareinheit,Friedland Rosdorf (Anlagenteil Friedland),Volleinspeisung,74274.165,37133,Göttingen,Friedland,NA,NA,Niedersachsen,9.842482,51.418669,2025,NA,FALSE,Freiflächensolaranlage,121554,NA,NA
SEE998397826030,ABR901369586290,Solareinheit,Bereich Süd PVA,Volleinspeisung,15600,17213,Mecklenburgische Seenplatte,Malchow,NA,NA,Mecklenburg-Vorpommern,12.391016,53.492989,2025,NA,FALSE,Freiflächensolaranlage,NA,NA,NA
SEE959327157914,ABR901369586290,Solareinheit,Bereich Nord PVA,Volleinspeisung,19500,17213,Mecklenburgische Seenplatte,Malchow,NA,NA,Mecklenburg-Vorpommern,12.385395,53.496379,2025,NA,FALSE,Freiflächensolaranlage,NA,NA,NA
SEE946395318897,ABR916115096862,Solareinheit,PV Manheimer Bucht 1,Volleinspeisung,16654.95,50170,Rhein-Erft-Kreis,Kerpen,NA,NA,Nordrhein-Westfalen,6.604872,50.89635,2026,NA,FALSE,Freiflächensolaranlage,25623,NA,NA
SEE903654693768,ABR963150956514,Solareinheit,Poltnitz III Teil 2 10.496 kWp,Volleinspeisung,10496.64,19376,Ludwigslust-Parchim,Ruhner Berge,NA,NA,Mecklenburg-Vorpommern,11.833056,53.345324,2025,NA,FALSE,Freiflächensolaranlage,14784,NA,NA
SEE947049426197,ABR963150956514,Solareinheit,"GG III 18.726,96 (Teil 2)",Volleinspeisung,18726.96,19372,Ludwigslust-Parchim,Groß Godems,NA,NA,Mecklenburg-Vorpommern,11.806897,53.352079,2025,NA,FALSE,Freiflächensolaranlage,26376,NA,NA
SEE943119248379,ABR977618448695,Solareinheit,PV-Anlage Göhlsdorf II - EEG I,Volleinspeisung,14998.8,14797,Potsdam-Mittelmark,Kloster Lehnin,NA,NA,Brandenburg,12.805848,52.34929,2026,NA,FALSE,Freiflächensolaranlage,205942,NA,NA
SEE931668755615,ABR941807947283,Solareinheit,PV Lawitz,Volleinspeisung,13375,15898,Oder-Spree,Lawitz,NA,NA,Brandenburg,14.641998,52.114287,2026,NA,FALSE,Freiflächensolaranlage,30016,NA,NA
SEE959083766696,ABR924556367991,Solareinheit,Fredenbeck23414,Volleinspeisung,23414.06,21717,Stade,Fredenbeck,Eschhorn,1-1,Niedersachsen,9.357393,53.512188,2026,NA,FALSE,Freiflächensolaranlage,38463,NA,NA
SEE907192996282,ABR933974510407,Solareinheit,PV Erwitte Anröchte I,Volleinspeisung,10630,59597,Soest,Erwitte,Lipperweg,902 Z,Nordrhein-Westfalen,8.304403,51.582459,2024,NA,FALSE,Freiflächensolaranlage,18455,NA,NA
SEE999136448858,ABR940365157189,Solareinheit,TEP Vesta PVA Rom I EEG,Volleinspeisung,18999.63,19372,Ludwigslust-Parchim,Rom,NA,NA,Mecklenburg-Vorpommern,11.951976,53.457602,2026,NA,FALSE,Freiflächensolaranlage,NA,NA,NA
SEE916869947717,ABR911599361659,Solareinheit,PV-Leimersdorf,Volleinspeisung,15762.4,53501,Ahrweiler,Grafschaft,NA,NA,Rheinland-Pfalz,7.122297,50.588024,2026,NA,FALSE,Freiflächensolaranlage,41480,NA,NA
SEE962034657066,ABR903284624705,Solareinheit,Felde 3,Volleinspeisung,20000,24242,Rendsburg-Eckernförde,Felde,NA,NA,Schleswig-Holstein,9.899132,54.31484,2026,NA,FALSE,Freiflächensolaranlage,NA,NA,NA
SEE910832559624,ABR913695116027,Solareinheit,Hohwacht Schmiedendorf 2,Volleinspeisung,15500,24321,Plön,Hohwacht,NA,NA,Schleswig-Holstein,10.607101,54.284082,2028,NA,FALSE,Freiflächensolaranlage,NA,NA,NA
SEE941321958840,ABR945642702649,Solareinheit,Solarpark Bad Bentheim,Volleinspeisung,16600,48455,Grafschaft Bentheim,Bad Bentheim,NA,NA,Niedersachsen,7.082673,52.332487,2027,NA,FALSE,Freiflächensolaranlage,27667,NA,NA
SEE940608509829,ABR922774405082,Solareinheit,PV-Bennien,Volleinspeisung,10800,49328,Osnabrück,Melle,NA,NA,Niedersachsen,8.488902,52.19099,2027,NA,FALSE,Freiflächensolaranlage,15000,NA,NA
SEE977062923502,ABR988538048377,Solareinheit,Freifläche PV-Krukum,Teileinspeisung (einschließlich Eigenverbrauch),10496.64,49328,Osnabrück,Melle,NA,NA,Niedersachsen,8.416802,52.198527,2025,NA,FALSE,Freiflächensolaranlage,14784,NA,NA
SEE977391862084,ABR933546675602,Solareinheit,Ramin 1,Volleinspeisung,20000,17321,Vorpommern-Greifswald,Ramin,NA,NA,Mecklenburg-Vorpommern,14.32046,53.480119,2026,NA,FALSE,Freiflächensolaranlage,NA,NA,NA
SEE978646109640,ABR973249061883,Solareinheit,Hesweiler,Volleinspeisung,19468.8,56865,Cochem-Zell,Hesweiler,NA,NA,Rheinland-Pfalz,7.28409,50.036113,2026,NA,FALSE,Freiflächensolaranlage,33280,NA,NA
SEE954118569310,ABR902595304665,Solareinheit,Zell 1.1,Volleinspeisung,19330.35,56856,Cochem-Zell,Zell,NA,NA,Rheinland-Pfalz,7.241337,50.039836,2026,NA,FALSE,Freiflächensolaranlage,33618,NA,NA
SEE952413553096,ABR915969729179,Solareinheit,Spoitgendorf I,Volleinspeisung,19500,18276,Rostock,Plaaz,Spoitgendorf,1,Mecklenburg-Vorpommern,12.281868,53.845017,2027,NA,FALSE,Freiflächensolaranlage,NA,NA,NA
SEE997475546556,ABR957864184622,Solareinheit,Solarpark Breddin I PVA,Volleinspeisung,19990,16845,Ostprignitz-Ruppin,Breddin,NA,NA,Brandenburg,12.215581,52.885505,2026,NA,FALSE,Freiflächensolaranlage,28161,NA,NA
SEE944476741718,ABR915969729179,Solareinheit,Spoitgendorf II,Volleinspeisung,19500,18276,Rostock,Plaaz,Spoitgendorf,1 a,Mecklenburg-Vorpommern,12.269447,53.849439,2027,NA,FALSE,Freiflächensolaranlage,NA,NA,NA
SEE913838187921,ABR905434000827,Solareinheit,Lensahn 1,Volleinspeisung,11000,23738,Ostholstein,Lensahn,NA,NA,Schleswig-Holstein,10.899588,54.224538,2026,NA,FALSE,Freiflächensolaranlage,NA,NA,NA
SEE982857884302,ABR943625280245,Solareinheit,Looft 1.3,Volleinspeisung,19600,25582,Steinburg,Looft,NA,NA,Schleswig-Holstein,9.518992,54.033423,2028,NA,FALSE,Freiflächensolaranlage,NA,NA,NA
SEE902425807939,ABR908657347762,Solareinheit,Schafstedt 1,Volleinspeisung,11202.62,25725,Dithmarschen,Schafstedt,NA,NA,Schleswig-Holstein,9.269033,54.081001,2026,NA,FALSE,Freiflächensolaranlage,19084,NA,NA
SEE927014787720,ABR976710413822,Solareinheit,Solarpark Weil III  - P23-508 - Teil. 14.997 kWp - Inn24-2/137,Volleinspeisung,14997.21,86947,Landsberg am Lech,Weil,NA,NA,Bayern,10.997324,48.103024,2025,NA,FALSE,Freiflächensolaranlage,25419,NA,NA
SEE922140922441,ABR963957358559,Solareinheit,"Solarpark Schrobenhausen-Sandizell I - P20-105 - Teil 14.997,57 kWp - Inn24-2/119",Volleinspeisung,14997.57,86529,Neuburg-Schrobenhausen,Schrobenhausen,NA,NA,Bayern,11.171422,48.559567,2026,NA,FALSE,Freiflächensolaranlage,25206,NA,NA
SEE968610429768,ABR936525828228,Solareinheit,"Solarpark Schrobenhausen IX - P22-591 - Teil 14.991,90 kWp - Inn24-2/120",Volleinspeisung,14991.9,86529,Neuburg-Schrobenhausen,Schrobenhausen,NA,NA,Bayern,11.293194,48.601817,2026,NA,FALSE,Freiflächensolaranlage,25325,NA,NA
SEE911482356342,ABR963324096879,Solareinheit,"Solarpark Siglohe - P24-035 - Teil 10.498,41 kWp - Inn24-2/122",Volleinspeisung,10498.41,86643,Neuburg-Schrobenhausen,Rennertshofen,NA,NA,Bayern,11.073783,48.757729,2026,NA,FALSE,Freiflächensolaranlage,17949,NA,NA
SEE983550175193,ABR927308990881,Solareinheit,Solarpark Seubersdorf V - P23-554,Volleinspeisung,15000,92358,Neumarkt i.d. OPf.,Seubersdorf,NA,NA,Bayern,11.610575,49.180175,2026,NA,FALSE,Freiflächensolaranlage,NA,NA,NA
SEE910019791397,ABR921051859808,Solareinheit,Solarpark Dasing II + IV - P24-137/P24-147,Volleinspeisung,15000,86453,Aichach-Friedberg,Dasing,NA,NA,Bayern,11.034794,48.395475,2026,NA,FALSE,Freiflächensolaranlage,NA,NA,NA
SEE999954238570,ABR949557459377,Solareinheit,Solarpark Feuchtwangen I + II - P24-164,Volleinspeisung,15000,91555,Ansbach,Feuchtwangen,NA,NA,Bayern,10.263518,49.152732,2026,NA,FALSE,Freiflächensolaranlage,NA,NA,NA
SEE979811470626,ABR926820458572,Solareinheit,"Solarpark Wernberg-Köblitz II - P24-130 - 10.485,48 kWp - Inn24-2/128",Volleinspeisung,10485.48,92533,Schwandorf,Wernberg-Köblitz,NA,NA,Bayern,12.201332,49.56108,2026,NA,FALSE,Freiflächensolaranlage,17771,NA,NA
SEE977667538903,ABR900964520708,Solareinheit,"FFPVA Calvörde Ost 20,914 MWp",Volleinspeisung,20914.75,39359,Börde,Calvörde,NA,NA,Sachsen-Anhalt,11.307249,52.403463,2024,NA,FALSE,Freiflächensolaranlage,38225,NA,NA
SEE975562524748,ABR900964520708,Solareinheit,FFPVA Calvörde Ost2,Volleinspeisung,18677.25,39359,Börde,Calvörde,NA,NA,Sachsen-Anhalt,11.315289,52.407341,2024,NA,FALSE,Freiflächensolaranlage,34025,NA,NA
SEE979995462523,ABR960226776625,Solareinheit,Solarpark Berngau PVA2,Volleinspeisung,11000,92361,Neumarkt i.d. OPf.,Berngau,NA,NA,Bayern,11.37691,49.2617,2025,NA,FALSE,Freiflächensolaranlage,NA,NA,NA
SEE982319745325,ABR942491613195,Solareinheit,PV-Freiflächenanlage Overath 1,Volleinspeisung,16352,51491,Rheinisch-Bergischer Kreis,Overath,Stich,10,Nordrhein-Westfalen,7.257086,50.9459,2026,NA,FALSE,Freiflächensolaranlage,NA,NA,NA
SEE955794185214,ABR938933890415,Solareinheit,PVA Hardheim,Volleinspeisung,10857.6,74736,Neckar-Odenwald-Kreis,Hardheim,NA,NA,Baden-Württemberg,9.496799,49.511479,2025,NA,FALSE,Freiflächensolaranlage,18720,NA,NA
SEE950181476876,ABR901753024780,Solareinheit,PVA Hodenhagen,Volleinspeisung,10620,29693,Heidekreis,Hodenhagen,Lilienthalstraße,2,Niedersachsen,9.611452,52.767188,2026,NA,FALSE,Freiflächensolaranlage,NA,NA,NA
SEE953908835611,ABR916115096862,Solareinheit,PV Bedburg,Volleinspeisung,20004.6,50181,Rhein-Erft-Kreis,Bedburg,NA,NA,Nordrhein-Westfalen,6.492509,51.037609,2024,NA,FALSE,Freiflächensolaranlage,36372,NA,NA
SEE999138084405,ABR948939920375,Solareinheit,PV-Park A30,Teileinspeisung (einschließlich Eigenverbrauch),10056,49326,Osnabrück,Melle,NA,NA,Niedersachsen,8.294,52.211,2025,NA,FALSE,Freiflächensolaranlage,18284,NA,NA
SEE939930915781,ABR965041743999,Solareinheit,Solarpark Mühlhausen 3,Volleinspeisung,10993.32,96172,Erlangen-Höchstadt,Mühlhausen,NA,NA,Bayern,10.75126,49.76316,2024,NA,FALSE,Freiflächensolaranlage,18954,NA,NA
SEE995386589341,ABR957285847953,Solareinheit,SP Steenfeld - West,Volleinspeisung,12436.34,25557,Rendsburg-Eckernförde,Steenfeld,NA,NA,Schleswig-Holstein,9.378131,54.125666,2024,NA,FALSE,Freiflächensolaranlage,20439,NA,NA
SEE910153591013,ABR922721751323,Solareinheit,PVA Schiebsdorf 2,Volleinspeisung,54546.36,15938,Dahme-Spreewald,Kasel-Golzig,Schiebsdorf,900 z,Brandenburg,13.746,51.933,2024,NA,FALSE,Freiflächensolaranlage,94605,NA,NA
SEE987768137233,ABR922721751323,Solareinheit,PVA Schiebsdorf 3,Volleinspeisung,30234.82,15938,Dahme-Spreewald,Kasel-Golzig,Schiebsdorf,900 z,Brandenburg,13.746,51.933,2024,NA,FALSE,Freiflächensolaranlage,52129,NA,NA
SEE930067941070,ABR922721751323,Solareinheit,PVA Schiebsdorf 4,Volleinspeisung,28569.02,15938,Dahme-Spreewald,Kasel-Golzig,Schiebsdorf,900 z,Brandenburg,13.746,51.933,2024,NA,FALSE,Freiflächensolaranlage,49607,NA,NA
SEE929307620394,ABR971381091898,Solareinheit,Anlage Bauabschnitt 6,Volleinspeisung,21185.16,95188,Hof,Issigau,NA,NA,Bayern,11.719214,50.365772,2024,NA,FALSE,Freiflächensolaranlage,37104,NA,NA
SEE979984546456,ABR901153884915,Solareinheit,VenSol Solarpark Balzhausen GmbH ＆ Co. KG - Ausschreibung,Volleinspeisung,13999.5,86483,Günzburg,Balzhausen,NA,NA,Bayern,10.50864,48.2365,2025,NA,FALSE,Freiflächensolaranlage,22950,NA,NA
SEE932848629122,ABR994481451492,Solareinheit,Weede 1.1,Volleinspeisung,19566.36,23795,Segeberg,Weede,NA,NA,Schleswig-Holstein,10.384549,53.916311,2024,NA,FALSE,Freiflächensolaranlage,48312,NA,NA
SEE970712393120,ABR982969956324,Solareinheit,Solarpark Schmachtenhagen-Wensickendorf,Volleinspeisung,32350.19,16515,Oberhavel,Oranienburg,NA,NA,Brandenburg,13.3681,52.7694,2024,NA,FALSE,Freiflächensolaranlage,54162,NA,NA
SEE908413290387,ABR960779160001,Solareinheit,Solarpark Laimerstadt - P21-038,Volleinspeisung,14238.48,93336,Eichstätt,Altmannstein,NA,NA,Bayern,11.720205,48.869704,2024,NA,FALSE,Freiflächensolaranlage,34728,NA,NA
SEE965393053395,ABR926848020089,Solareinheit,PV-Anlage Fischbach,Volleinspeisung,15627.735,96317,Kronach,Kronach,NA,NA,Bayern,11.3852,50.22584,2024,NA,FALSE,Freiflächensolaranlage,28674,NA,NA
SEE993706275554,ABR963896246986,Solareinheit,Buchar I,Volleinspeisung,16120,17087,Mecklenburgische Seenplatte,Altentreptow,NA,NA,Mecklenburg-Vorpommern,13.228107,53.728088,2025,NA,FALSE,Freiflächensolaranlage,26000,NA,NA
SEE951801698326,ABR938478503337,Solareinheit,PV Stein,Volleinspeisung,18792,84332,Rottal-Inn,Hebertsfelden,NA,NA,Bayern,12.848191,48.436788,2024,NA,FALSE,Freiflächensolaranlage,32400,NA,NA
SEE946147556096,ABR936454711783,Solareinheit,PV Gschaidmaier,Volleinspeisung,10996.8,84332,Rottal-Inn,Hebertsfelden,NA,NA,Bayern,12.856561,48.40874,2024,NA,FALSE,Freiflächensolaranlage,18960,NA,NA
SEE943595260018,ABR921190757492,Solareinheit,ASE Gorgast-Bahn,Volleinspeisung,14997,15328,Märkisch-Oderland,Küstriner Vorland,NA,NA,Brandenburg,14.57403,52.56587,2024,NA,FALSE,Freiflächensolaranlage,26280,NA,NA
SEE989945991256,ABR993339172916,Solareinheit,ABO Energy Solarpark Seckmauern,Volleinspeisung,10826,64750,Odenwaldkreis,Lützelbach,NA,NA,Hessen,9.104855,49.790865,2025,NA,FALSE,Freiflächensolaranlage,18746,NA,NA
SEE927342044014,ABR912227972346,Solareinheit,Schönermark Tr. 101,Volleinspeisung,38265,16845,Ostprignitz-Ruppin,Stüdenitz-Schönermark,NA,NA,Brandenburg,12.18535,52.53477,2024,NA,FALSE,Freiflächensolaranlage,61224,NA,NA
SEE918846181206,ABR960174888562,Solareinheit,Mühlgebreite,Volleinspeisung,10200,06528,Mansfeld-Südharz,Wallhausen,NA,NA,Sachsen-Anhalt,11.216219,51.462554,2026,NA,FALSE,Freiflächensolaranlage,NA,NA,NA
SEE954942502200,ABR912227972346,Solareinheit,Schönermark Tr. 102,Volleinspeisung,26715,16845,Ostprignitz-Ruppin,Stüdenitz-Schönermark,NA,NA,Brandenburg,12.18535,52.53477,2024,NA,FALSE,Freiflächensolaranlage,42744,NA,NA
SEE965055993861,ABR912227972346,Solareinheit,Schönermark Tr. 102 PPA,Volleinspeisung,15915,16845,Ostprignitz-Ruppin,Stüdenitz-Schönermark,NA,NA,Brandenburg,12.18535,52.53477,2024,NA,FALSE,Freiflächensolaranlage,25464,NA,NA
SEE963691993214,ABR960065126124,Solareinheit,PVA Bruchweiler,Volleinspeisung,17606,55758,Birkenfeld,Bruchweiler,NA,NA,Rheinland-Pfalz,7.219756,49.794182,2025,NA,FALSE,Freiflächensolaranlage,28980,NA,NA
SEE950149962748,ABR958032414565,Solareinheit,Sülte 1 EEG,Volleinspeisung,12140.415,19077,Ludwigslust-Parchim,Sülstorf,NA,NA,Mecklenburg-Vorpommern,11.415503,53.516543,2024,NA,FALSE,Freiflächensolaranlage,17496,NA,NA
SEE945344036387,ABR922216203931,Solareinheit,Kleinschirma 2,Volleinspeisung,26020.8,09599,Mittelsachsen,Freiberg,Hainichener Straße,200 U,Sachsen,13.273821,50.911546,2024,NA,FALSE,Freiflächensolaranlage,44928,NA,NA
SEE936141524955,ABR922124470111,Solareinheit,Solarpark Mittelbiberach,Volleinspeisung,15688.4,88441,Biberach,Mittelbiberach,NA,NA,Baden-Württemberg,9.751504,48.081021,2025,NA,FALSE,Freiflächensolaranlage,29484,NA,NA
SEE929264139083,ABR907875019789,Solareinheit,Friesen Elektra PV Sande II,Volleinspeisung,34180,26452,Friesland,Sande,Sillandweg,NA,Niedersachsen,7.985667,53.5047,2025,NA,FALSE,Freiflächensolaranlage,58806,NA,NA
SEE912107244624,ABR913198917961,Solareinheit,PVA Kleibrok,Volleinspeisung,39072.3,26180,Ammerland,Rastede,NA,NA,Niedersachsen,8.200086,53.279962,2024,NA,FALSE,Freiflächensolaranlage,61740,NA,NA
SEE904790651025,ABR972280835767,Solareinheit,PVA Kalsow,Volleinspeisung,20157.84,23970,Nordwestmecklenburg,Benz,NA,NA,Mecklenburg-Vorpommern,11.341211,53.551951,2025,NA,FALSE,Freiflächensolaranlage,40944,NA,NA
SEE930028760429,ABR915591329280,Solareinheit,Solar Niederer Fläming,Volleinspeisung,65417.04,15936,Teltow-Fläming,Dahme,Buckow,NA,Brandenburg,13.384774,51.955875,2024,NA,FALSE,Freiflächensolaranlage,112788,NA,NA
SEE983956547815,ABR902355187453,Solareinheit,Solarpark Ulrichsberg,Volleinspeisung,11296,74635,Hohenlohekreis,Kupferzell,NA,NA,Baden-Württemberg,9.66875,49.24335,2026,NA,FALSE,Freiflächensolaranlage,18672,NA,NA
SEE989240612504,ABR907471102991,Solareinheit,"PVA Uhrsleben - 12,3 MW",Volleinspeisung,12352.47,39343,Börde,Erxleben,NA,NA,Sachsen-Anhalt,11.253235,52.197109,2024,NA,FALSE,Freiflächensolaranlage,21671,NA,NA
SEE954619218427,ABR916324446595,Solareinheit,Solarpark Pirna,Volleinspeisung,16262.4,01796,Sächsische Schweiz-Osterzgebirge,Pirna,NA,NA,Sachsen,13.91452,50.96115,2025,NA,FALSE,Freiflächensolaranlage,23232,NA,NA
SEE909327126007,ABR943133475454,Solareinheit,"AIdhausen - Teil 1 - 12,4 MW",Volleinspeisung,12426.345,97491,Haßberge,Aidhausen,NA,NA,Bayern,10.452153,50.152661,2024,NA,FALSE,Freiflächensolaranlage,32265,NA,NA
SEE934173846304,ABR971715440040,Solareinheit,Heimatenergie Burgebarch,Volleinspeisung,10567.2,96138,Bamberg,Burgebrach,NA,NA,Bayern,10.75743,49.82064,2024,NA,FALSE,Freiflächensolaranlage,24864,NA,NA
SEE977970307609,ABR995865243818,Solareinheit,Agri PV Kruse Energie,Volleinspeisung,14509.11,27809,Wesermarsch,Lemwerder,NA,NA,Niedersachsen,8.55961,53.154666,2025,NA,FALSE,Freiflächensolaranlage,23982,NA,NA
SEE955453927148,ABR908774683071,Solareinheit,PVA Wiesenhagen_EEG 2,Volleinspeisung,58592.37,14959,Teltow-Fläming,Trebbin,NA,NA,Brandenburg,13.2257,52.16908,2024,NA,FALSE,Freiflächensolaranlage,83275,NA,NA
SEE964972815867,ABR934127092498,Solareinheit,Groß Vollstedt,Volleinspeisung,16808.04,24802,Rendsburg-Eckernförde,Groß Vollstedt,NA,NA,Schleswig-Holstein,9.852953,54.222594,2024,NA,FALSE,Freiflächensolaranlage,31023,NA,NA
SEE940346897370,ABR945326269109,Solareinheit,Solarpark Riedenheim,Volleinspeisung,10022.4,97283,Würzburg,Riedenheim,NA,NA,Bayern,9.96136,49.568361,2025,NA,FALSE,Freiflächensolaranlage,17280,NA,NA
SEE907392755665,ABR943969523183,Solareinheit,PVA Deponie 1 Jänschwalde Nord,Volleinspeisung,14554.11,03149,Spree-Neiße,Wiesengrund,NA,NA,Brandenburg,14.524333,51.770894,2024,NA,FALSE,Freiflächensolaranlage,24926,NA,NA
SEE933131502238,ABR912191079669,Solareinheit,PV Peres West I_B,Teileinspeisung (einschließlich Eigenverbrauch),14812,04539,Leipzig,Groitzsch,NA,NA,Sachsen,12.323311,51.166872,2024,NA,FALSE,Freiflächensolaranlage,25344,NA,NA
SEE906490181826,ABR912191079669,Solareinheit,PV Peres West I_C,Teileinspeisung (einschließlich Eigenverbrauch),17100.5,04539,Leipzig,Groitzsch,NA,NA,Sachsen,12.323311,51.166872,2024,NA,FALSE,Freiflächensolaranlage,29232,NA,NA
SEE988747193264,ABR956080114277,Solareinheit,SE_2024_3617_Reisbach,Volleinspeisung,24001.03,66793,Saarlouis,Saarwellingen,Waldstraße,NA,Saarland,6.898564,49.371275,2024,NA,FALSE,Freiflächensolaranlage,39618,NA,NA
SEE934922800755,ABR938933890415,Solareinheit,SP Rottweil,Volleinspeisung,12486.24,78628,Rottweil,Rottweil,NA,NA,Baden-Württemberg,8.549467,48.201737,2025,NA,FALSE,Freiflächensolaranlage,21528,NA,NA
SEE974301472920,ABR952050950791,Solareinheit,Vattenfall Solar Silberstedt GmbH,Volleinspeisung,24027.3,24887,Schleswig-Flensburg,Silberstedt,Zum Berghof,bei 99,Schleswig-Holstein,9.3679,54.5667,2025,NA,FALSE,Freiflächensolaranlage,43686,NA,NA
SEE954810016815,ABR935329428009,Solareinheit,PVA Görlsdorf,Volleinspeisung,20000,15306,Märkisch-Oderland,Vierlinden,NA,NA,Brandenburg,14.309134,52.537827,2024,NA,FALSE,Freiflächensolaranlage,42336,NA,NA
SEE955014096832,ABR970279225391,Solareinheit,PVA Schmidthachenbach,Volleinspeisung,19750,55758,Birkenfeld,Schmidthachenbach,NA,NA,Rheinland-Pfalz,7.469068,49.72229,2026,NA,FALSE,Freiflächensolaranlage,NA,NA,NA
SEE972351724808,ABR948507322648,Solareinheit,Solarpark Somborn,Volleinspeisung,20897,63579,Main-Kinzig-Kreis,Freigericht,NA,NA,Hessen,9.100471,50.127109,2024,NA,FALSE,Freiflächensolaranlage,35906,NA,NA
SEE978502464999,ABR953512966091,Solareinheit,Freifläche-PV-Nord,Teileinspeisung (einschließlich Eigenverbrauch),13426.95,90411,Nürnberg,Nürnberg,Flughafenstraße,100,Bayern,11.080161,49.500049,2025,NA,FALSE,Freiflächensolaranlage,22854,NA,NA
SEE954348472350,ABR993546236708,Solareinheit,Solarpark Schadewohl,Volleinspeisung,65459,29413,Altmarkkreis Salzwedel,Wallstawe,NA,NA,Sachsen-Anhalt,10.846792,52.760639,2025,NA,FALSE,Freiflächensolaranlage,92771,NA,NA
SEE991863034984,ABR912026099350,Solareinheit,Solarpark Jerchel West - Teilanlage 1,Volleinspeisung,19999.65,14715,Havelland,Milower Land,NA,NA,Brandenburg,12.32319,52.48006,2024,NA,FALSE,Freiflächensolaranlage,36363,NA,NA
SEE985300640159,ABR912026099350,Solareinheit,Solarpark Jerchel West - Teilanlage 4,Volleinspeisung,18654.9,14715,Havelland,Milower Land,NA,NA,Brandenburg,12.33354,52.47977,2024,NA,FALSE,Freiflächensolaranlage,33918,NA,NA
SEE991177884770,ABR955742135971,Solareinheit,E.ON Solarpark Giengen GmbH ＆ Co. KG,Volleinspeisung,11075.13,89537,Heidenheim,Giengen,NA,NA,Baden-Württemberg,10.190293,48.594333,2024,NA,FALSE,Freiflächensolaranlage,18306,NA,NA
SEE967639946355,ABR945500850147,Solareinheit,Briedel,Volleinspeisung,37941.75,56867,Cochem-Zell,Briedel,NA,NA,Rheinland-Pfalz,7.135622,50.027343,2024,NA,FALSE,Freiflächensolaranlage,68985,NA,NA
SEE997259596739,ABR984613004900,Solareinheit,Solarpark Königsberg - 16.964 kWp,Volleinspeisung,16964.1,97486,Haßberge,Königsberg,NA,NA,Bayern,10.583521,50.079059,2024,NA,FALSE,Freiflächensolaranlage,27810,NA,NA
SEE972704160963,ABR930295409007,Solareinheit,PVA Georgental 3 Falkenhagen Solar UW Sieversdorf,Volleinspeisung,24811,15306,Märkisch-Oderland,Falkenhagen,NA,NA,Brandenburg,14.296291,52.408318,2024,NA,FALSE,Freiflächensolaranlage,42380,NA,NA
SEE991997412856,ABR960178416136,Solareinheit,PV-Freilandanlage Deiderode,Volleinspeisung,31556.32,37133,Göttingen,Friedland,Auf dem Mittelberge,NA,Niedersachsen,9.875147,51.433302,2024,NA,FALSE,Freiflächensolaranlage,45804,NA,NA
SEE949611069429,ABR911073692200,Solareinheit,PV Schönau,Volleinspeisung,20000,08134,Zwickau,Wildenfels,NA,NA,Sachsen,12.575573,50.660495,2025,NA,FALSE,Freiflächensolaranlage,36363,NA,NA
SEE989458955455,ABR997481012212,Solareinheit,FFA Osterhagen,Volleinspeisung,10657.68,37431,Göttingen,Bad Lauterberg,NA,NA,Niedersachsen,10.491871,51.595435,2024,NA,FALSE,Freiflächensolaranlage,17616,NA,NA
SEE986617025875,ABR954649590876,Solareinheit,Bretzingen FL SOLAR,Volleinspeisung,10077.48,74736,Neckar-Odenwald-Kreis,Hardheim,NA,NA,Baden-Württemberg,9.47047,49.574824,2025,NA,FALSE,Freiflächensolaranlage,15624,NA,NA
SEE911507967362,ABR926751345859,Solareinheit,Bürgersolarpark Niederelsungen_System B2 B3,Teileinspeisung (einschließlich Eigenverbrauch),39386,34466,Kassel,Wolfhagen,NA,NA,Hessen,9.203126,51.394692,2024,NA,FALSE,Freiflächensolaranlage,65100,NA,NA
SEE966551989013,ABR926751345859,Solareinheit,Bürgersolarpark Niederelsungen_System B1,Volleinspeisung,21316,34466,Kassel,Wolfhagen,NA,NA,Hessen,9.199296,51.393681,2024,NA,FALSE,Freiflächensolaranlage,35160,NA,NA
SEE922276934516,ABR926751345859,Solareinheit,Bürgersolarpark Niederelsungen_System A1 A2_,Volleinspeisung,36610,34466,Kassel,Wolfhagen,NA,NA,Hessen,9.202672,51.397022,2024,NA,FALSE,Freiflächensolaranlage,60360,NA,NA
SEE915248904327,ABR904858237413,Solareinheit,sAlb1 - Berching-Altmannsberg 1,Volleinspeisung,19900.755,92334,Neumarkt i.d. OPf.,Berching,NA,NA,Bayern,11.485900000000001,49.11283,2025,NA,FALSE,Freiflächensolaranlage,33318,NA,NA
SEE935211376197,ABR969128945924,Solareinheit,NE Petershagen Nord II,Volleinspeisung,18999.06,15326,Märkisch-Oderland,Zeschdorf,NA,NA,Brandenburg,14.340255,52.410034,2025,NA,FALSE,Freiflächensolaranlage,32757,NA,NA
SEE981561790053,ABR969128945924,Solareinheit,NE Petershagen Nord III,Volleinspeisung,14806.82,15326,Märkisch-Oderland,Zeschdorf,NA,NA,Brandenburg,14.343463,52.409541,2025,NA,FALSE,Freiflächensolaranlage,25529,NA,NA
SEE962041118215,ABR980401569989,Solareinheit,NE Petershagen Ost,Volleinspeisung,35055.2,15326,Märkisch-Oderland,Zeschdorf,NA,NA,Brandenburg,14.343463,52.409541,2025,NA,FALSE,Freiflächensolaranlage,60440,NA,NA
SEE913735587817,ABR959234736981,Solareinheit,PVA Langenenslingen,Volleinspeisung,80308.8,88515,Biberach,Langenenslingen,NA,NA,Baden-Württemberg,9.356225,48.119594,2025,NA,FALSE,Freiflächensolaranlage,146016,NA,NA
SEE968246078163,ABR992151437579,Solareinheit,VSB Solarpark Löberitz,Volleinspeisung,20000,06766,Anhalt-Bitterfeld,Bitterfeld-Wolfen,NA,NA,Sachsen-Anhalt,12.201722,51.661522,2026,NA,FALSE,Freiflächensolaranlage,NA,NA,NA
SEE981994646972,ABR992409422142,Solareinheit,EPW – Areal 9,Volleinspeisung,30705.48,04575,Leipzig,Neukieritzsch,NA,NA,Sachsen,12.432634,51.152336,2025,NA,FALSE,Freiflächensolaranlage,52488,NA,NA
SEE988832635808,ABR992409422142,Solareinheit,EPW – Areal 10,Volleinspeisung,14362.11,04575,Leipzig,Neukieritzsch,NA,NA,Sachsen,12.437894,51.148751,2025,NA,FALSE,Freiflächensolaranlage,24624,NA,NA
SEE993026308222,ABR911801395298,Solareinheit,Emkendorf Nord 1.2,Volleinspeisung,13944.15,24802,Rendsburg-Eckernförde,Emkendorf,NA,NA,Schleswig-Holstein,9.802622,54.261626,2025,NA,FALSE,Freiflächensolaranlage,25353,NA,NA
SEE926260797729,ABR939483018113,Solareinheit,"GM Gemmingen Anlagenteil 1 (Feld 1 Nord, 2, 3, 4)",Volleinspeisung,48797.1,75050,Heilbronn,Gemmingen,NA,NA,Baden-Württemberg,8.945589,49.160394,2025,NA,FALSE,Freiflächensolaranlage,78705,NA,NA
SEE964247394561,ABR966220019300,Solareinheit,SW-SP-DIP20,Volleinspeisung,19988.15,01744,Sächsische Schweiz-Osterzgebirge,Dippoldiswalde,NA,NA,Sachsen,13.656077,50.876934,2025,NA,FALSE,Freiflächensolaranlage,34762,NA,NA
SEE996328223576,ABR966220019300,Solareinheit,SW-SP-DIP20.9,Volleinspeisung,20914.92,01744,Sächsische Schweiz-Osterzgebirge,Dippoldiswalde,NA,NA,Sachsen,13.656051,50.877833,2025,NA,FALSE,Freiflächensolaranlage,36374,NA,NA
SEE920828024821,ABR956101389820,Solareinheit,Solarpark Wernberg-Köblitz II,Volleinspeisung,10349.87,92533,Schwandorf,Wernberg-Köblitz,NA,NA,Bayern,12.205167,49.561728,2025,NA,FALSE,Freiflächensolaranlage,16967,NA,NA
SEE945299475545,ABR906999720960,Solareinheit,MET Kentzlin Solar,Volleinspeisung,11489.66,17111,Mecklenburgische Seenplatte,Kentzlin,Alt-Kentzlin,NA,Mecklenburg-Vorpommern,12.9575,53.7447,2025,NA,FALSE,Freiflächensolaranlage,19474,NA,NA
SEE945098004540,ABR914181392161,Solareinheit,Solarpark Parsberg III - P23-017 - Teil 1,Volleinspeisung,10435.58,92331,Neumarkt i.d. OPf.,Parsberg,NA,NA,Bayern,11.693199,49.184082,2025,NA,FALSE,Freiflächensolaranlage,17839,NA,NA
SEE942302068169,ABR934657366021,Solareinheit,"Solarpark Altmannstein-Winden - P22-617 - Teil 10.999,11 kWp SOL23-2/042",Volleinspeisung,10999.11,93336,Eichstätt,Altmannstein,NA,NA,Bayern,11.531583,48.951388,2025,NA,FALSE,Freiflächensolaranlage,20185,NA,NA
SEE910276401626,ABR988990953677,Solareinheit,Solarpark Laimerstadt II - P22-582 - Teil 1,Volleinspeisung,11100,93336,Eichstätt,Altmannstein,NA,NA,Bayern,11.713366,48.87204,2025,NA,FALSE,Freiflächensolaranlage,20373,NA,NA
SEE952039893378,ABR930406269315,Solareinheit,Solarpark Laimerstadt II - P22-582 - Teil 2,Volleinspeisung,10998.66,93336,Eichstätt,Altmannstein,NA,NA,Bayern,11.713366,48.87204,2025,NA,FALSE,Freiflächensolaranlage,20181,NA,NA
SEE947439777045,ABR928508864644,Solareinheit,KÖSCH,Volleinspeisung,10405,85092,Eichstätt,Kösching,Stammhamer Weg,NA,Bayern,11.495357,48.821837,2025,NA,FALSE,Freiflächensolaranlage,18834,NA,NA
SEE935474278245,ABR971593236841,Solareinheit,Solarpark 2025 - Teil 2 (Kettenhöfstetten Ausschreibung),Volleinspeisung,10414.77,91604,Ansbach,Flachslanden,NA,NA,Bayern,10.541,49.3972,2025,NA,FALSE,Freiflächensolaranlage,23942,NA,NA
SEE923661388150,ABR971593236841,Solareinheit,Solarpark 2025 - Teil 4 (Rangenmühle Ausschreibung),Volleinspeisung,10995.93,91604,Ansbach,Flachslanden,NA,NA,Bayern,10.51133,49.38377,2025,NA,FALSE,Freiflächensolaranlage,25278,NA,NA
SEE919827656744,ABR924000638912,Solareinheit,ASE Manschnow,Volleinspeisung,15651,15328,Märkisch-Oderland,Küstriner Vorland,NA,NA,Brandenburg,14.547362,52.555702,2025,NA,FALSE,Freiflächensolaranlage,25578,NA,NA
SEE924634834179,ABR952336539504,Solareinheit,ASE Gorgast Gewächshaus,Volleinspeisung,14269,15328,Märkisch-Oderland,Küstriner Vorland,NA,NA,Brandenburg,14.540337,52.569274,2025,NA,FALSE,Freiflächensolaranlage,23202,NA,NA
SEE990794083399,ABR930219259350,Solareinheit,PV Gornau 40MW,Volleinspeisung,39997.79,09573,Mittelsachsen,Augustusburg,NA,NA,Sachsen,13.025573,50.773743,2025,NA,FALSE,Freiflächensolaranlage,57144,NA,NA
SEE923447376807,ABR928007355179,Solareinheit,Solarpark Pöttmes VIII - P23-063,Volleinspeisung,37188.66,86554,Aichach-Friedberg,Pöttmes,NA,NA,Bayern,11.117796,48.556532,2025,NA,FALSE,Freiflächensolaranlage,63552,NA,NA
SEE936125126885,ABR966183002241,Solareinheit,Bürgersolarpark Priesendorf,Volleinspeisung,30499.2,96170,Bamberg,Priesendorf,NA,NA,Bayern,10.697694,49.915252,2025,NA,FALSE,Freiflächensolaranlage,50832,NA,NA
SEE974893775409,ABR978361729901,Solareinheit,Solarpark Vierst,Volleinspeisung,29349.54,95709,Wunsiedel i. Fichtelgebirge,Tröstau,NA,NA,Bayern,11.928399,50.0592,2025,NA,FALSE,Freiflächensolaranlage,48114,NA,NA
SEE921746895869,ABR976005717536,Solareinheit,PV-Anlage Rappoltengrün,Volleinspeisung,32791.77,96358,Kronach,Teuschnitz,NA,NA,Bayern,11.42475,50.40611,2025,NA,FALSE,Freiflächensolaranlage,53757,NA,NA
SEE989307146164,ABR991568849807,Solareinheit,PV-Anlage Brand-Erbisdorf,Volleinspeisung,54998.865,09618,Mittelsachsen,Brand-Erbisdorf,NA,NA,Sachsen,13.234534,50.855268,2025,NA,FALSE,Freiflächensolaranlage,91026,NA,NA
SEE998352469876,ABR928890772992,Solareinheit,Bürgersolarpark Priesendorf II,Volleinspeisung,10699.425,96170,Bamberg,Priesendorf,NA,NA,Bayern,10.73123,49.909539,2025,NA,FALSE,Freiflächensolaranlage,17685,NA,NA
SEE953269149150,ABR996011346957,Solareinheit,"PV-Anlage Eggenreuth 25,5 MW",Volleinspeisung,25485.6,95326,Kulmbach,Kulmbach,NA,NA,Bayern,11.47905,50.124,2025,NA,FALSE,Freiflächensolaranlage,42476,NA,NA
SEE923979375644,ABR921674612224,Solareinheit,"PV Gornau 13,75MW",Volleinspeisung,13744.37,09573,Mittelsachsen,Augustusburg,NA,NA,Sachsen,13.028665,50.771761,2025,NA,FALSE,Freiflächensolaranlage,19762,NA,NA
SEE951287552143,ABR978149412605,Solareinheit,PV Mücheln 60MW,Volleinspeisung,59998.92,06242,Saalekreis,Krumpa,Krumpaer Landstr.,900 R,Sachsen-Anhalt,11.847332,51.286895,2025,NA,FALSE,Freiflächensolaranlage,85782,NA,NA
SEE952225468120,ABR980167026870,Solareinheit,PV Darstadt,Volleinspeisung,70591.5,97283,Würzburg,Riedenheim,NA,NA,Bayern,9.98959,49.682002,2025,NA,FALSE,Freiflächensolaranlage,115425,NA,NA
SEE980165455689,ABR969961352101,Solareinheit,VENDO SOLAR Park Walsrode,Volleinspeisung,19000,29664,Heidekreis,Walsrode,NA,NA,Niedersachsen,9.637787,52.805054,2025,NA,FALSE,Freiflächensolaranlage,30818,NA,NA
SEE914460257389,ABR981012087725,Solareinheit,SP Tiste Gebiet 4 EEG,Volleinspeisung,23332.11,27419,Rotenburg (Wümme),Tiste,NA,NA,Niedersachsen,9.579594,53.290491,2025,NA,FALSE,Freiflächensolaranlage,32913,NA,NA
SEE922764207054,ABR949716379133,Solareinheit,"PVA Samtens - 14,2 MWp",Volleinspeisung,14210.37,18573,Vorpommern-Rügen,Samtens,NA,NA,Mecklenburg-Vorpommern,13.31968,54.36557,2025,NA,FALSE,Freiflächensolaranlage,23949,NA,NA
SEE976525574282,ABR994759037175,Solareinheit,Horst 1,Volleinspeisung,18317.52,25358,Steinburg,Horst,NA,NA,Schleswig-Holstein,9.652922,53.82985,2025,NA,FALSE,Freiflächensolaranlage,45720,NA,NA
SEE928792148598,ABR933546675602,Solareinheit,Ramin 1.1,Volleinspeisung,13275.9,17321,Vorpommern-Greifswald,Ramin,NA,NA,Mecklenburg-Vorpommern,14.318302,53.47796,2025,NA,FALSE,Freiflächensolaranlage,24138,NA,NA
SEE944448387623,ABR993172764651,Solareinheit,Groß Rakow,Volleinspeisung,15922.8,18516,Vorpommern-Rügen,Süderholz,NA,NA,Mecklenburg-Vorpommern,13.042815,54.040738,2025,NA,FALSE,Freiflächensolaranlage,29430,NA,NA
SEE918038303133,ABR938996641573,Solareinheit,Melsdorf 1,Volleinspeisung,24691.52,24109,Rendsburg-Eckernförde,Melsdorf,NA,NA,Schleswig-Holstein,10.012329,54.313682,2025,NA,FALSE,Freiflächensolaranlage,45640,NA,NA
SEE940566282222,ABR920024798922,Solareinheit,"Solarpark Pforzen Anlagenteil 1 18988,83 kWp",Volleinspeisung,18988.83,87666,Ostallgäu,Pforzen,NA,NA,Bayern,10.59323,47.9596,2025,NA,FALSE,Freiflächensolaranlage,30618,NA,NA
SEE950254945094,ABR923440716761,Solareinheit,Solarpark Posterstein BA1 - 19212 kWp,Volleinspeisung,19211.985,04626,Altenburger Land,Posterstein,NA,NA,Thüringen,12.25253,50.86814,2025,NA,FALSE,Freiflächensolaranlage,31239,NA,NA
SEE952413922304,ABR915286122073,Solareinheit,Solarpark Rieda,Volleinspeisung,20000,06780,Anhalt-Bitterfeld,Zörbig,NA,NA,Sachsen-Anhalt,12.074705,51.602765,2028,NA,FALSE,Freiflächensolaranlage,33333,NA,NA
SEE956840252867,ABR994828577205,Solareinheit,Brahlstorf 1.2,Volleinspeisung,18998.96,19273,Ludwigslust-Parchim,Brahlstorf,NA,NA,Mecklenburg-Vorpommern,10.961314,53.35881,2025,NA,FALSE,Freiflächensolaranlage,34506,NA,NA
SEE910941180016,ABR994828577205,Solareinheit,Brahlstorf 1.3,Volleinspeisung,19867.14,19273,Ludwigslust-Parchim,Brahlstorf,NA,NA,Mecklenburg-Vorpommern,10.967192,53.3603,2025,NA,FALSE,Freiflächensolaranlage,36072,NA,NA
SEE910674715943,ABR942441428305,Solareinheit,PV Stüdenitz 1,Volleinspeisung,19984,16845,Ostprignitz-Ruppin,Stüdenitz-Schönermark,NA,NA,Brandenburg,12.289276,52.900059,2026,NA,FALSE,Freiflächensolaranlage,32760,NA,NA
SEE907423795394,ABR906374589793,Solareinheit,Solarpark Döggingen 2,Volleinspeisung,15915.75,78199,Schwarzwald-Baar-Kreis,Bräunlingen,NA,NA,Baden-Württemberg,8.420468,47.910575,2025,NA,FALSE,Freiflächensolaranlage,25962,NA,NA
SEE969273677930,ABR958060585749,Solareinheit,Solarpark Wollomoos,Volleinspeisung,20000,85250,Dachau,Altomünster,NA,NA,Bayern,11.18956,48.39997,2028,NA,FALSE,Freiflächensolaranlage,40000,NA,NA
SEE949192333230,ABR976178928265,Solareinheit,PVA Binder BA1,Volleinspeisung,10104.65,38271,Wolfenbüttel,Baddeckenstedt,NA,NA,Niedersachsen,10.184011,52.093018,2025,NA,FALSE,Freiflächensolaranlage,16565,NA,NA
SEE947161317175,ABR921823192027,Solareinheit,PVA Nauen II - EEG 1,Volleinspeisung,19994.205,14641,Havelland,Nauen,NA,NA,Brandenburg,12.83418,52.56793,2025,NA,FALSE,Freiflächensolaranlage,28350,NA,NA
SEE982721624850,ABR921823192027,Solareinheit,PVA Nauen II - EEG 2,Volleinspeisung,17496.5,14641,Havelland,Nauen,NA,NA,Brandenburg,12.834047,52.566411,2025,NA,FALSE,Freiflächensolaranlage,24864,NA,NA
SEE946659425729,ABR949839063384,Solareinheit,Solarpark Ehreshoven,Volleinspeisung,10138.8,51491,Rheinisch-Bergischer Kreis,Overath,NA,NA,Nordrhein-Westfalen,7.331016,50.961837,2026,NA,FALSE,Freiflächensolaranlage,14280,NA,NA
SEE910828748858,ABR938933890415,Solareinheit,PVA Gundelsheim,Volleinspeisung,57965.31,74831,Heilbronn,Gundelsheim,NA,NA,Baden-Württemberg,9.162042,49.320814,2025,NA,FALSE,Freiflächensolaranlage,104442,NA,NA
SEE937098341244,ABR900995130143,Solareinheit,BSP Vollstedt I (EEG),Volleinspeisung,19987.5,25821,Nordfriesland,Vollstedt,NA,NA,Schleswig-Holstein,9.036955,54.620732,2025,NA,FALSE,Freiflächensolaranlage,32500,NA,NA
SEE935364937931,ABR900995130143,Solareinheit,BSP Vollstedt II (PPA),Volleinspeisung,10025.73,25821,Nordfriesland,Vollstedt,NA,NA,Schleswig-Holstein,9.034823,54.621146,2025,NA,FALSE,Freiflächensolaranlage,16302,NA,NA
SEE984623479323,ABR903160560455,Solareinheit,Großenaspe A7,Volleinspeisung,20000,24623,Segeberg,Großenaspe,NA,NA,Schleswig-Holstein,9.948664,53.96055,2027,NA,FALSE,Freiflächensolaranlage,39500,NA,NA
SEE915560718022,ABR971820806090,Solareinheit,INDU005 (BMW Dingolfing),Teileinspeisung (einschließlich Eigenverbrauch),10863,84130,Dingolfing-Landau,Dingolfing,Industriestraße,5,Bayern,12.445063,48.643265,2025,NA,FALSE,Gebäudesolaranlage,24140,NA,NA
SEE917750981339,ABR918301828912,Solareinheit,PVA Kerzlin EEG,Volleinspeisung,19909.395,16845,Ostprignitz-Ruppin,Kerzlin,NA,NA,Brandenburg,12.654787,52.893685,2025,NA,FALSE,Freiflächensolaranlage,32373,NA,NA
SEE920742516808,ABR909223500895,Solareinheit,Agri PV Beeren – Sonne,Volleinspeisung,24261.75,59329,Warendorf,Wadersloh,NA,NA,Nordrhein-Westfalen,8.247952,51.700441,2026,NA,FALSE,Freiflächensolaranlage,39450,NA,NA
SEE963946200036,ABR974733876631,Solareinheit,PV Geiststrasse,Volleinspeisung,21466.62,59329,Warendorf,Wadersloh,NA,NA,Nordrhein-Westfalen,8.221899,51.71768,2026,NA,FALSE,Freiflächensolaranlage,34074,NA,NA
SEE970303414289,ABR952730231028,Solareinheit,PVA - Inno Energiepark Rohrbach,Volleinspeisung,16000,85296,Pfaffenhofen a.d. Ilm,Rohrbach,NA,NA,Bayern,11.52043,48.623461,2027,NA,FALSE,Freiflächensolaranlage,NA,NA,NA
SEE953161147629,ABR992400909772,Solareinheit,Photovoltaik Tibo Solar Oderland,Volleinspeisung,30000,15377,Märkisch-Oderland,Märkische Höhe,NA,NA,Brandenburg,14.142348,52.629221,2026,NA,FALSE,Freiflächensolaranlage,51000,NA,NA
SEE936907961352,ABR989575879061,Solareinheit,PV Tibo Photovoltaik Gottesgabe GmbH ＆ Co. KG,Volleinspeisung,20000,15320,Märkisch-Oderland,Neutrebbin,NA,NA,Brandenburg,14.122205,52.384734,2026,NA,FALSE,Freiflächensolaranlage,34483,NA,NA
SEE907494272114,ABR913828044937,Solareinheit,Kettenheim,Volleinspeisung,19931,55234,Alzey-Worms,Kettenheim,NA,NA,Rheinland-Pfalz,8.137608,49.721816,2027,NA,FALSE,Freiflächensolaranlage,30429,NA,NA
SEE953013979712,ABR963483414378,Solareinheit,PV-FFA Reckershausen,Volleinspeisung,10033,37133,Göttingen,Friedland,NA,NA,Niedersachsen,9.937798,51.399812,2027,NA,FALSE,Freiflächensolaranlage,NA,NA,NA
SEE919089128768,ABR934638879540,Solareinheit,Photovoltaik LAKO Angern,Volleinspeisung,95000,39326,Börde,Angern,NA,NA,Sachsen-Anhalt,14.123456,52.142367,2026,NA,FALSE,Freiflächensolaranlage,163800,NA,NA
SEE996464996617,ABR943625350214,Solareinheit,ET Solar Gallin Kuppentin,Teileinspeisung (einschließlich Eigenverbrauch),141616.8,19386,Ludwigslust-Parchim,Gallin-Kuppentin,Fichtenweg,22,Mecklenburg-Vorpommern,12.16073,53.488162,2027,NA,FALSE,Freiflächensolaranlage,236028,NA,NA
SEE943615222828,ABR939584134408,Solareinheit,PVA Schulzendorf EEG 1,Volleinspeisung,18992.745,16269,Märkisch-Oderland,Wriezen,NA,NA,Brandenburg,14.081326,52.671649,2025,NA,FALSE,Freiflächensolaranlage,26892,NA,NA
SEE909350789101,ABR955277615870,Solareinheit,Lüssen Nord EEG,Volleinspeisung,16799.67,94554,Deggendorf,Moos,NA,NA,Bayern,12.950239,48.735024,2025,NA,FALSE,Freiflächensolaranlage,26046,NA,NA
SEE912061856277,ABR952263134964,Solareinheit,Lahhof,Volleinspeisung,14414.4,94533,Deggendorf,Buchhofen,NA,NA,Bayern,12.979872,48.71872,2025,NA,FALSE,Freiflächensolaranlage,22176,NA,NA
SEE995830255853,ABR913803785305,Solareinheit,FFPVA Calvörde West InnoVA,Volleinspeisung,17272.25,39359,Börde,Calvörde,NA,NA,Sachsen-Anhalt,11.274993,52.386066,2025,NA,FALSE,Freiflächensolaranlage,29275,NA,NA
SEE905670034600,ABR929462120418,Solareinheit,PIONEXT Solarpark Lonsheim Nord,Volleinspeisung,19987.56,55237,Alzey-Worms,Lonsheim,NA,NA,Rheinland-Pfalz,8.086365,49.793889,2025,NA,FALSE,Freiflächensolaranlage,32238,NA,NA
SEE932017757083,ABR994832481666,Solareinheit,Solarpark Herzogenrath,Volleinspeisung,15499,52134,Städteregion Aachen,Herzogenrath,Finkenrather Straße,NA,Nordrhein-Westfalen,6.093849,50.902888,2026,NA,FALSE,Freiflächensolaranlage,21812,NA,NA
SEE990250729199,ABR956946816512,Solareinheit,Solarpark Fröndenberg,Volleinspeisung,14999.67,58730,Unna,Fröndenberg,NA,NA,Nordrhein-Westfalen,7.773708,51.522495,2025,NA,FALSE,Freiflächensolaranlage,34482,NA,NA
SEE979644307694,ABR918307441825,Solareinheit,"SaA_Feld1_20,2MWp",Volleinspeisung,34130.905,87781,Unterallgäu,Ungerhausen,NA,NA,Bayern,10.252656,47.990993,2025,NA,FALSE,Freiflächensolaranlage,33009,NA,NA
SEE909006970426,ABR957685272362,Solareinheit,165-Varel,Volleinspeisung,25119,26316,Friesland,Varel,NA,NA,Niedersachsen,8.093408,53.420284,2025,NA,FALSE,Freiflächensolaranlage,56448,NA,NA
SEE973293749461,ABR908246198904,Solareinheit,PV-FFA Parensen,Volleinspeisung,10333,37176,Northeim,Nörten-Hardenberg,NA,NA,Niedersachsen,9.914321,51.624874,2027,NA,FALSE,Freiflächensolaranlage,NA,NA,NA
SEE951264860643,ABR995052066084,Solareinheit,PVA Langenthal,Volleinspeisung,12870,55569,Bad Kreuznach,Langenthal,Auf Hallgarten,1 Z,Rheinland-Pfalz,7.571701,49.823759,2025,NA,FALSE,Freiflächensolaranlage,21450,NA,NA
SEE945319628296,ABR965941244299,Solareinheit,166-Glockenheide,Volleinspeisung,12719.88,26316,Friesland,Varel,NA,NA,Niedersachsen,8.092987,53.415046,2025,NA,FALSE,Freiflächensolaranlage,28584,NA,NA
SEE963858965832,ABR907872387539,Solareinheit,Solarpark Hatzenhof,Volleinspeisung,11512.53,93176,Regensburg,Beratzhausen,NA,NA,Bayern,11.811212,49.169053,2025,NA,FALSE,Freiflächensolaranlage,18873,NA,NA
SEE931663164382,ABR969712814827,Solareinheit,Ahldorf,Volleinspeisung,11174,72160,Freudenstadt,Horb,NA,NA,Baden-Württemberg,8.752413,48.434992,2025,NA,FALSE,Freiflächensolaranlage,19266,NA,NA
SEE940487943141,ABR951994156597,Solareinheit,Solarpark Winterbach (RLP) - P22-252,Volleinspeisung,12000,66484,Südwestpfalz,Winterbach,NA,NA,Rheinland-Pfalz,7.48494,49.312353,2026,NA,FALSE,Freiflächensolaranlage,20196,NA,NA
SEE960603151649,ABR966001366425,Solareinheit,Davids Solarpark Aldenhoven Anlage 2 - 12MWp,Volleinspeisung,12000,52457,Düren,Aldenhoven,Heinrichshof,1,Nordrhein-Westfalen,6.29851,50.901983,2025,NA,FALSE,Freiflächensolaranlage,19740,NA,NA
SEE965753334713,ABR996159873315,Solareinheit,Pfaffenklinge,Volleinspeisung,11188.8,71554,Rems-Murr-Kreis,Weissach,NA,NA,Baden-Württemberg,9.486564,48.93358,2026,NA,FALSE,Freiflächensolaranlage,15540,NA,NA
SEE910726883217,ABR986544156710,Solareinheit,PV Solarpark Schwebheim II,Volleinspeisung,12999.71,97525,Schweinfurt,Schwebheim,NA,NA,Bayern,10.265423,49.985007,2025,NA,FALSE,Freiflächensolaranlage,21311,NA,NA
SEE991428297762,ABR991843150086,Solareinheit,Morschen-Eubach,Volleinspeisung,19110,34326,Schwalm-Eder-Kreis,Morschen,NA,NA,Hessen,9.634221,51.091577,2026,NA,FALSE,Freiflächensolaranlage,30576,NA,NA
SEE971959416276,ABR964557926353,Solareinheit,Solarpark Hilgertshausen-Tandern - P23-320,Volleinspeisung,12450,86567,Dachau,Hilgertshausen-Tandern,NA,NA,Bayern,11.371111,48.443795,2026,NA,FALSE,Freiflächensolaranlage,21282,NA,NA
SEE996252244883,ABR934913987328,Solareinheit,Regenstauf-Buchenlohe 1 Solar,Volleinspeisung,17000,93128,Regensburg,Regenstauf,NA,NA,Bayern,12.03371,49.13997,2026,NA,FALSE,Freiflächensolaranlage,NA,NA,NA
SEE952274002504,ABR970895808169,Solareinheit,Solarpark Achstetten,Volleinspeisung,13000,88480,Biberach,Achstetten,NA,NA,Baden-Württemberg,9.912765,48.265286,2028,NA,FALSE,Freiflächensolaranlage,21667,NA,NA
SEE967716663182,ABR949581990631,Solareinheit,Solarpark Kottgeisering vier Jauchert,Volleinspeisung,14000,82288,Fürstenfeldbruck,Kottgeisering,NA,NA,Bayern,11.12843,48.12745,2026,NA,FALSE,Freiflächensolaranlage,NA,NA,NA
SEE920872272483,ABR950782991549,Solareinheit,EA-1553529 Westerkappeln Velpe,Volleinspeisung,19292,49492,Steinfurt,Westerkappeln,Danebrocker Str.,2,Nordrhein-Westfalen,7.856576,52.261621,2026,NA,FALSE,Freiflächensolaranlage,30150,NA,NA
SEE952900051609,ABR994746734995,Solareinheit,Energiepark Diemelstadt FFPV,Volleinspeisung,12033.36,34474,Waldeck-Frankenberg,Diemelstadt,NA,NA,Hessen,8.98793,51.49609,2025,NA,FALSE,Freiflächensolaranlage,16713,NA,NA
SEE923165293813,ABR939257548655,Solareinheit,Freiflächen-Photovoltaikanlage Wittstock/Dosse,Volleinspeisung,13196,16909,Ostprignitz-Ruppin,Wittstock,Liebenthaler Weg,NA,Brandenburg,12.452798,53.147274,2026,NA,FALSE,Freiflächensolaranlage,19696,NA,NA
SEE996506190454,ABR943471122379,Solareinheit,PV Arhalm 2,Volleinspeisung,13177.87,93167,Cham,Falkenstein,NA,NA,Bayern,12.50463,49.06787,2026,NA,FALSE,Freiflächensolaranlage,21384,NA,NA
SEE940660201686,ABR919435783320,Solareinheit,PVA Klötze Böckwitz,Volleinspeisung,20000,38486,Altmarkkreis Salzwedel,Klötze,NA,NA,Sachsen-Anhalt,10.958548,52.567113,2027,NA,FALSE,Freiflächensolaranlage,NA,NA,NA
SEE938830072051,ABR991769380185,Solareinheit,PVA Tangerhütte,Volleinspeisung,20000,39517,Stendal,Tangerhütte,NA,NA,Sachsen-Anhalt,11.793939,52.42663,2027,NA,FALSE,Freiflächensolaranlage,NA,NA,NA
SEE904400153260,ABR920060680380,Solareinheit,PVA Badem II,Volleinspeisung,15000,54657,Eifelkreis Bitburg-Prüm,Badem,NA,NA,Rheinland-Pfalz,6.595787,50.015906,2027,NA,FALSE,Freiflächensolaranlage,NA,NA,NA
SEE941302430464,ABR933497356544,Solareinheit,Photovoltaik-Kraftwerk Büttelborn,Volleinspeisung,18750,64572,Groß-Gerau,Büttelborn,NA,NA,Hessen,8.548944,49.912795,2027,NA,FALSE,Freiflächensolaranlage,30242,NA,NA
SEE968136678572,ABR962676639147,Solareinheit,Agri-Photovoltaik Gersheim 2,Volleinspeisung,13750,66453,Saarpfalz-Kreis,Gersheim,Drehbrunnerhof,NA,Saarland,7.230791,49.132668,2026,NA,FALSE,Freiflächensolaranlage,25000,NA,NA
SEE933772451841,ABR922000826568,Solareinheit,Photovoltaik-Kraftwerk Löwenberg,Volleinspeisung,18750,16775,Oberhavel,Löwenberger Land,NA,NA,Brandenburg,13.161702,52.885332,2027,NA,FALSE,Freiflächensolaranlage,30242,NA,NA
SEE902772171868,ABR903769667838,Solareinheit,Solarpark Inchenhofen III - P22-578,Volleinspeisung,20000,86570,Aichach-Friedberg,Inchenhofen,NA,NA,Bayern,11.08078,48.540717,2026,NA,FALSE,Freiflächensolaranlage,34188,NA,NA
SEE901988252774,ABR910058815504,Solareinheit,Photovoltaik-Kraftwerk Vincenzenbronn,Volleinspeisung,11250,90613,Fürth,Großhabersdorf,NA,NA,Bayern,10.819992,49.418683,2027,NA,FALSE,Freiflächensolaranlage,18145,NA,NA
SEE949783134680,ABR903896520198,Solareinheit,Photovoltaik-Kraftwerk Marnitz 3 20MW,Volleinspeisung,18750,19376,Ludwigslust-Parchim,Ruhner Berge,NA,NA,Mecklenburg-Vorpommern,11.898242,53.319134,2027,NA,FALSE,Freiflächensolaranlage,30242,NA,NA
SEE945620686558,ABR991235685905,Solareinheit,PVA Lalendorf,Volleinspeisung,15303.6,18279,Rostock,Lalendorf,NA,NA,Mecklenburg-Vorpommern,12.404,53.755,2026,NA,FALSE,Freiflächensolaranlage,25506,NA,NA
SEE917915521745,ABR956990787912,Solareinheit,KARO SPL Lägerdorf,Volleinspeisung,19500,25566,Steinburg,Lägerdorf,Dägelinger Straße,3,Schleswig-Holstein,9.558929,53.875442,2026,NA,FALSE,Freiflächensolaranlage,31708,NA,NA
SEE946089546773,ABR918537258415,Solareinheit,Photovoltaik-Kraftwerk Gumtow Görike,Volleinspeisung,16875,16866,Prignitz,Gumtow,NA,NA,Brandenburg,12.226854,52.958918,2027,NA,FALSE,Freiflächensolaranlage,27218,NA,NA
SEE917902777537,ABR918537258415,Solareinheit,Photovoltaik-Kraftwerk Gumtow TF SO 4,Volleinspeisung,18750,16866,Prignitz,Gumtow,NA,NA,Brandenburg,12.269902,52.973326,2027,NA,FALSE,Freiflächensolaranlage,30242,NA,NA
SEE986783573743,ABR918537258415,Solareinheit,Photovoltaik-Kraftwerk Gumtow 3,Volleinspeisung,18750,16866,Prignitz,Gumtow,NA,NA,Brandenburg,12.245094,52.998297,2027,NA,FALSE,Freiflächensolaranlage,30242,NA,NA
SEE922047243458,ABR982419938566,Solareinheit,Photovoltaik-Kraftwerk Kempten,Volleinspeisung,15300,87448,Oberallgäu,Waltenhofen,NA,NA,Bayern,10.271405,47.613957,2027,NA,FALSE,Freiflächensolaranlage,24677,NA,NA
SEE901054556751,ABR910314542595,Solareinheit,PVA Roggentin GC Dev,Volleinspeisung,18127,17252,Mecklenburgische Seenplatte,Mirow,NA,NA,Mecklenburg-Vorpommern,12.859117,53.311521,2028,NA,FALSE,Freiflächensolaranlage,NA,NA,NA
SEE905370665548,ABR993612869106,Solareinheit,Solarpark Dielkirchen - P19-028 - Teil 3,Volleinspeisung,19350,67811,Donnersbergkreis,Dielkirchen,NA,NA,Rheinland-Pfalz,7.828373,49.655925,2026,NA,FALSE,Freiflächensolaranlage,33076,NA,NA
SEE990024331153,ABR927245184800,Solareinheit,"Solarpark Oberschleißheim - P24-056 - Teil 10.777,58 kWp - SOL23-3/262",Volleinspeisung,10777.58,85764,München,Oberschleißheim,NA,NA,Bayern,11.56461,48.266679,2026,NA,FALSE,Freiflächensolaranlage,18267,NA,NA
SEE942722005263,ABR999697982952,Solareinheit,Solarpark Dettelbach - P23-392,Volleinspeisung,16200,97337,Kitzingen,Dettelbach,NA,NA,Bayern,10.070042,49.822962,2026,NA,FALSE,Freiflächensolaranlage,27692,NA,NA
SEE923639265285,ABR969976569280,Solareinheit,Solarpark Vohburg-Oberdolling - P22-494,Volleinspeisung,20000,85129,Eichstätt,Oberdolling,NA,NA,Bayern,11.614037,48.814996,2026,NA,FALSE,Freiflächensolaranlage,34188,NA,NA
SEE984188526203,ABR928827783930,Solareinheit,Solarpark Neustadt a.d. Donau - P23-019,Volleinspeisung,10800,93333,Kelheim,Neustadt,NA,NA,Bayern,11.723587,48.869303,2026,NA,FALSE,Freiflächensolaranlage,18461,NA,NA
SEE979664094604,ABR903652930414,Solareinheit,Solarpark Mögglingen  - P24-236,Volleinspeisung,10875,73563,Ostalbkreis,Mögglingen,NA,NA,Baden-Württemberg,9.979433,48.823719,2026,NA,FALSE,Freiflächensolaranlage,18589,NA,NA
SEE974235148250,ABR906475143344,Solareinheit,Solarpark Großmehring II - P22-071,Volleinspeisung,14250,85098,Eichstätt,Großmehring,NA,NA,Bayern,11.57581,48.788762,2026,NA,FALSE,Freiflächensolaranlage,24358,NA,NA
SEE979314100457,ABR994969661610,Solareinheit,Solarpark Kühbach IV - P24-064,Volleinspeisung,10125,86556,Aichach-Friedberg,Kühbach,NA,NA,Bayern,11.19109,48.501503,2026,NA,FALSE,Freiflächensolaranlage,17307,NA,NA
SEE965911327250,ABR927555336890,Solareinheit,Schildau,Volleinspeisung,20000,04889,Nordsachsen,Schildau,NA,NA,Sachsen,12.919697,51.473478,2026,NA,FALSE,Freiflächensolaranlage,31250,NA,NA
SEE986937832375,ABR982399820578,Solareinheit,Solarpark Niederlamitz,Volleinspeisung,20000,95158,Wunsiedel i. Fichtelgebirge,Kirchenlamitz,NA,NA,Bayern,11.977544,50.153119,2027,NA,FALSE,Freiflächensolaranlage,NA,NA,NA
SEE976363867393,ABR980787362983,Solareinheit,Solarpark Neuenmarkt,Volleinspeisung,20000,95339,Kulmbach,Neuenmarkt,NA,NA,Bayern,11.574977,50.108286,2027,NA,FALSE,Freiflächensolaranlage,NA,NA,NA
SEE910566122002,ABR988258427018,Solareinheit,Solarpark Geisfeld,Volleinspeisung,20000,54413,Trier-Saarburg,Geisfeld,NA,NA,Rheinland-Pfalz,6.947585,49.694576,2027,NA,FALSE,Freiflächensolaranlage,32508,NA,NA
SEE947383815312,ABR908393667834,Solareinheit,Solarpark Lisberg II,Volleinspeisung,16500,96170,Bamberg,Lisberg,NA,NA,Bayern,10.73233,49.90501,2027,NA,FALSE,Freiflächensolaranlage,NA,NA,NA
SEE922572605455,ABR983062476153,Solareinheit,Bürgersolarpark Priesendorf III,Volleinspeisung,13740,96170,Bamberg,Priesendorf,NA,NA,Bayern,10.72816,49.90748,2027,NA,FALSE,Freiflächensolaranlage,NA,NA,NA
SEE928815034228,ABR921198924445,Solareinheit,Wallerfangen Drei Kapuziner 1.2,Volleinspeisung,15500,66798,Saarlouis,Wallerfangen,NA,NA,Saarland,6.648813,49.309995,2027,NA,FALSE,Freiflächensolaranlage,NA,NA,NA
SEE902756869989,ABR985623752263,Solareinheit,Aasbüttel,Volleinspeisung,11777.74,25560,Steinburg,Aasbüttel,NA,NA,Schleswig-Holstein,9.431031,54.06718,2026,NA,FALSE,Freiflächensolaranlage,19968,NA,NA
SEE945380975411,ABR985623752263,Solareinheit,Warringholz,Volleinspeisung,11166.35,25560,Steinburg,Warringholz,NA,NA,Schleswig-Holstein,9.46143,54.060742,2026,NA,FALSE,Freiflächensolaranlage,19084,NA,NA
SEE957230989288,ABR925722872707,Solareinheit,PVA Würges,Volleinspeisung,12979,65520,Limburg-Weilburg,Bad Camberg,NA,NA,Hessen,8.245611,50.275378,2027,NA,FALSE,Freiflächensolaranlage,20520,NA,NA
SEE916733237081,ABR965322288614,Solareinheit,Teutschenthal 4,Volleinspeisung,14800,06179,Saalekreis,Teutschenthal,NA,NA,Sachsen-Anhalt,11.765356,51.401657,2027,NA,FALSE,Freiflächensolaranlage,NA,NA,NA
SEE978599467910,ABR970034193828,Solareinheit,Ahausen,Volleinspeisung,20000,27367,Rotenburg (Wümme),Ahausen,NA,NA,Niedersachsen,9.345946,53.053906,2027,NA,FALSE,Freiflächensolaranlage,NA,NA,NA
SEE902277574614,ABR909061504451,Solareinheit,Wulkow,Volleinspeisung,20000,15326,Märkisch-Oderland,Lebus,NA,NA,Brandenburg,14.488102,52.402077,2027,NA,FALSE,Freiflächensolaranlage,NA,NA,NA
SEE948704642914,ABR947974162689,Solareinheit,Bad Wünnenberg,Volleinspeisung,20000,33181,Paderborn,Bad Wünnenberg,NA,NA,Nordrhein-Westfalen,8.737029,51.570595,2027,NA,FALSE,Freiflächensolaranlage,NA,NA,NA
SEE951050104876,ABR983736529086,Solareinheit,Verl,Volleinspeisung,20000,33415,Gütersloh,Verl,NA,NA,Nordrhein-Westfalen,8.518853,51.919723,2028,NA,FALSE,Freiflächensolaranlage,NA,NA,NA
SEE981243163045,ABR949626561345,Solareinheit,Solarpark Bernlohe,Volleinspeisung,11016,73432,Ostalbkreis,Aalen,Bernlohe,NA,Baden-Württemberg,10.18,48.8517,2025,NA,FALSE,Freiflächensolaranlage,17766,NA,NA
SEE948570875126,ABR955846577202,Solareinheit,VENDO SOLAR Park Salzbergen ll,Volleinspeisung,16441,48499,Emsland,Salzbergen,NA,NA,Niedersachsen,7.392722,52.344179,2027,NA,FALSE,Freiflächensolaranlage,24911,NA,NA
SEE963797225394,ABR915969729179,Solareinheit,PVA Bakendorf I,Volleinspeisung,20000,19230,Ludwigslust-Parchim,Gammelin,NA,NA,Mecklenburg-Vorpommern,11.236367,53.488218,2026,NA,FALSE,Freiflächensolaranlage,28728,NA,NA
SEE913195022217,ABR915969729179,Solareinheit,PVA Borg I,Volleinspeisung,20000,18311,Vorpommern-Rügen,Ribnitz-Damgarten,NA,NA,Mecklenburg-Vorpommern,12.389986,54.227087,2027,NA,FALSE,Freiflächensolaranlage,27827,NA,NA
SEE975254871655,ABR930163458601,Solareinheit,Anlage 1,Volleinspeisung,11305,25560,Steinburg,Bokhorst,NA,NA,Schleswig-Holstein,9.39405,54.050966,2026,NA,FALSE,Freiflächensolaranlage,18233,NA,NA
SEE968602857777,ABR920961928659,Solareinheit,wpd Solarpark Gerbstedt,Volleinspeisung,53478,06347,Mansfeld-Südharz,Gerbstedt,NA,NA,Sachsen-Anhalt,11.590896,51.623325,2025,NA,FALSE,Freiflächensolaranlage,86157,NA,NA
SEE960134093203,ABR991825358677,Solareinheit,Solarpark Wachow EEG,Volleinspeisung,19987.56,14641,Havelland,Nauen,NA,NA,Brandenburg,12.789202,52.559275,2026,NA,FALSE,Freiflächensolaranlage,32238,NA,NA
SEE986924558943,ABR939030696382,Solareinheit,PVA Bergzow,Volleinspeisung,17028,39307,Jerichower Land,Bergzow,NA,NA,Sachsen-Anhalt,12.0658,52.373,2025,NA,FALSE,Freiflächensolaranlage,30960,NA,NA
SEE901233927525,ABR981360400290,Solareinheit,PV Oberbürg 2,Volleinspeisung,28886.46,92345,Neumarkt i.d. OPf.,Dietfurt,NA,NA,Bayern,11.548034,49.074183,2025,NA,FALSE,Freiflächensolaranlage,64746,NA,NA
SEE967479113764,ABR981360400290,Solareinheit,PV Wimpasing,Volleinspeisung,12523.59,92345,Neumarkt i.d. OPf.,Dietfurt,NA,NA,Bayern,11.560621,49.087577,2025,NA,FALSE,Freiflächensolaranlage,27996,NA,NA
SEE920604874008,ABR981360400290,Solareinheit,PV Krustelfeld,Volleinspeisung,10977.6,92363,Neumarkt i.d. OPf.,Breitenbrunn,NA,NA,Bayern,11.554902,49.092771,2025,NA,FALSE,Freiflächensolaranlage,24510,NA,NA
SEE948109043415,ABR929462120418,Solareinheit,PIONEXT Solarpark Lonsheim Süd,Volleinspeisung,15012.06,55237,Alzey-Worms,Lonsheim,NA,NA,Rheinland-Pfalz,8.090538,49.791913,2025,NA,FALSE,Freiflächensolaranlage,24213,NA,NA
SEE929478328921,ABR908154282139,Solareinheit,PIONEXT Solarpark Hütschenhausen,Volleinspeisung,16108.47,66882,Kaiserslautern,Hütschenhausen,NA,NA,Rheinland-Pfalz,7.512714,49.437053,2026,NA,FALSE,Freiflächensolaranlage,25569,NA,NA
SEE994513623064,ABR918301828912,Solareinheit,PVA Kerzlin PPA,Volleinspeisung,63120.735,16845,Ostprignitz-Ruppin,Kerzlin,NA,NA,Brandenburg,12.642917,52.89975,2025,NA,FALSE,Freiflächensolaranlage,103005,NA,NA
SEE980509247307,ABR968623118598,Solareinheit,Morschen-Heina,Volleinspeisung,18436.32,34326,Schwalm-Eder-Kreis,Morschen,NA,NA,Hessen,9.58439,51.076783,2026,NA,FALSE,Freiflächensolaranlage,29736,NA,NA
SEE999817037746,ABR947878427648,Solareinheit,FFPVA Grauingen EEG,Volleinspeisung,19986.25,39359,Börde,Grauingen,NA,NA,Sachsen-Anhalt,11.234369,52.375748,2025,NA,FALSE,Freiflächensolaranlage,33875,NA,NA
SEE908750663189,ABR913803785305,Solareinheit,FFPVA Calvörde West EEG,Volleinspeisung,19986.25,39359,Börde,Calvörde,NA,NA,Sachsen-Anhalt,11.264782,52.389351,2025,NA,FALSE,Freiflächensolaranlage,33875,NA,NA
SEE930262404400,ABR913803785305,Solareinheit,FFPVA Calvörde West Rest,Volleinspeisung,12729.25,39359,Börde,Calvörde,NA,NA,Sachsen-Anhalt,11.271025,52.387987,2025,NA,FALSE,Freiflächensolaranlage,21575,NA,NA
SEE952268047870,ABR911453100608,Solareinheit,PVA Frankenförde an der L80,Volleinspeisung,40806.48,14947,Teltow-Fläming,Nuthe-Urstromtal,NA,NA,Brandenburg,13.05807,52.109955,2025,NA,FALSE,Freiflächensolaranlage,70356,NA,NA
SEE925806259462,ABR913672610470,Solareinheit,PVA-Ketzin,Volleinspeisung,86919,14669,Havelland,Ketzin,NA,NA,Brandenburg,12.841783,52.532323,2025,NA,FALSE,Freiflächensolaranlage,148203,NA,NA
SEE908087786353,ABR910274595297,Solareinheit,"PVA Leyerhof - 15,1 MWp",Volleinspeisung,15123.96,18513,Vorpommern-Rügen,Wendisch Baggendorf,NA,NA,Mecklenburg-Vorpommern,12.951971,54.084588,2026,NA,FALSE,Freiflächensolaranlage,24408,NA,NA
SEE956493590934,ABR963026940685,Solareinheit,PVA Flugplatz Trollenhagen-Teil 2,Volleinspeisung,13455,17039,Mecklenburgische Seenplatte,Trollenhagen,NA,NA,Mecklenburg-Vorpommern,13.310199,53.605609,2025,NA,FALSE,Freiflächensolaranlage,23400,NA,NA
SEE902581884720,ABR929631552347,Solareinheit,Solarkraftwerk Herleshof 1,Volleinspeisung,37957.68,97509,Schweinfurt,Kolitzheim,NA,NA,Bayern,10.2606,49.9153,2025,NA,FALSE,Freiflächensolaranlage,65124,NA,NA
SEE957861281034,ABR929631552347,Solareinheit,Solarkraftwerk Herleshof 3,Volleinspeisung,14953.9,97509,Schweinfurt,Kolitzheim,NA,NA,Bayern,10.2853,49.9463,2025,NA,FALSE,Freiflächensolaranlage,25584,NA,NA
SEE914240441175,ABR984672820206,Solareinheit,PVA Großörner,Volleinspeisung,30369.24,06343,Mansfeld-Südharz,Mansfeld,NA,NA,Sachsen-Anhalt,11.49133,51.60748,2025,NA,FALSE,Freiflächensolaranlage,46014,NA,NA
SEE920912392492,ABR941857636960,Solareinheit,Solarpark Pommersfelden 2,Volleinspeisung,19002.23,96178,Bamberg,Pommersfelden,NA,NA,Bayern,10.8397,49.75389,2025,NA,FALSE,Freiflächensolaranlage,32054,NA,NA
SEE981478016260,ABR993275436431,Solareinheit,PVA Altlüdersdorf,Volleinspeisung,14990,16775,Oberhavel,Gransee,Gasse,NA,Brandenburg,13.180855,53.047678,2027,NA,FALSE,Freiflächensolaranlage,21420,NA,NA
SEE994486946092,ABR949076866342,Solareinheit,PVA Klevenow,Volleinspeisung,27589.005,18516,Vorpommern-Rügen,Süderholz,NA,NA,Mecklenburg-Vorpommern,13.081654,54.08931,2026,NA,FALSE,Freiflächensolaranlage,42282,NA,NA
SEE964890131407,ABR947091868549,Solareinheit,"PV NVP Varel 25119,36kWp",Volleinspeisung,25119.36,26316,Friesland,Varel,NA,NA,Niedersachsen,8.092312,53.419947,2025,NA,FALSE,Freiflächensolaranlage,56448,NA,NA
SEE973134988332,ABR912384348848,Solareinheit,Meeder-Kösfeld 1.2,Volleinspeisung,11857.21,96484,Coburg,Meeder,NA,NA,Bayern,10.928718,50.305026,2025,NA,FALSE,Freiflächensolaranlage,19262,NA,NA
SEE957417549328,ABR929631552347,Solareinheit,Solarkraftwerk Herleshof 2,Volleinspeisung,43790.49,97509,Schweinfurt,Kolitzheim,NA,NA,Bayern,10.2606,49.9153,2025,NA,FALSE,Freiflächensolaranlage,74736,NA,NA
SEE994416515473,ABR924614035008,Solareinheit,PVA Klüden,Volleinspeisung,102286.8,39638,Börde,Klüden,NA,NA,Sachsen-Anhalt,11.39263,52.417911,2025,NA,FALSE,Freiflächensolaranlage,145124,NA,NA
SEE932194875372,ABR937491002803,Solareinheit,PV Oberlinxweiler 2,Volleinspeisung,13294.52,66606,St. Wendel,St. Wendel,NA,NA,Saarland,7.161076,49.452467,2026,NA,FALSE,Freiflächensolaranlage,23478,NA,NA
SEE909361966737,ABR950407720899,Solareinheit,"APV Schwarzholz Strang 1 - 17,68 MW",Volleinspeisung,17675,39596,Stendal,Hohenberg-Krusemark,VEG,2,Sachsen-Anhalt,11.977653,52.773268,2026,NA,FALSE,Freiflächensolaranlage,27768,NA,NA
SEE933447711706,ABR933354686548,Solareinheit,Solaranlage Linslerhof II,Volleinspeisung,38036.25,66802,Saarlouis,Überherrn,NA,NA,Saarland,6.753365,49.282534,2025,NA,FALSE,Freiflächensolaranlage,60858,NA,NA
SEE953555710279,ABR950407720899,Solareinheit,"APV Schwarzholz Strang 2 - 18,29 MW",Volleinspeisung,18295.2,39596,Stendal,Hohenberg-Krusemark,VEG,2,Sachsen-Anhalt,11.983724,52.7734,2026,NA,FALSE,Freiflächensolaranlage,29064,NA,NA
SEE942241763330,ABR950407720899,Solareinheit,"APV Schwarzholz Strang 3 (PPA+EEG) 23,73 MW",Volleinspeisung,23738.4,39596,Stendal,Hohenberg-Krusemark,VEG,2,Sachsen-Anhalt,11.976342,52.760625,2026,NA,FALSE,Freiflächensolaranlage,37536,NA,NA
SEE978840873514,ABR950407720899,Solareinheit,"APV Schwarzholz 26,79 MW",Volleinspeisung,26792.64,39596,Stendal,Hohenberg-Krusemark,VEG,2,Sachsen-Anhalt,11.988172,52.774464,2025,NA,FALSE,Freiflächensolaranlage,41832,NA,NA
SEE997469693686,ABR950407720899,Solareinheit,"APV Schwarzholz 22,73 MW",Volleinspeisung,22734.36,39596,Stendal,Hohenberg-Krusemark,VEG,2,Sachsen-Anhalt,11.987096,52.763745,2025,NA,FALSE,Freiflächensolaranlage,36144,NA,NA
SEE953025337630,ABR936707114255,Solareinheit,PVA Dalchau,Volleinspeisung,37646.43,39596,Stendal,Arneburg,NA,NA,Sachsen-Anhalt,11.9984,52.701461,2025,NA,FALSE,Freiflächensolaranlage,53826,NA,NA
SEE961029270679,ABR986476947790,Solareinheit,PV-Park Goehl,Volleinspeisung,12356,23758,Ostholstein,Göhl,NA,NA,Schleswig-Holstein,10.95,54.29,2025,NA,FALSE,Freiflächensolaranlage,17526,NA,NA
SEE963285712320,ABR938933890415,Solareinheit,SP Rehfeld PV1,Volleinspeisung,10300,04895,Elbe-Elster,Rehfeld,NA,NA,Brandenburg,13.185,51.5815,2026,NA,FALSE,Freiflächensolaranlage,NA,NA,NA
SEE971241892337,ABR938933890415,Solareinheit,SP Rehfeld PV2,Volleinspeisung,12290.36,04895,Elbe-Elster,Rehfeld,NA,NA,Brandenburg,13.185,51.5815,2026,NA,FALSE,Freiflächensolaranlage,NA,NA,NA
SEE998647741748,ABR922192234677,Solareinheit,PVA Harbke 0825,Volleinspeisung,18377,39365,Börde,Harbke,NA,NA,Sachsen-Anhalt,11.02218,52.18322,2025,NA,FALSE,Freiflächensolaranlage,29403,NA,NA
SEE944644876686,ABR955898705431,Solareinheit,sDie1 - Dietfurt Mallerstetten,Volleinspeisung,11098,92345,Neumarkt i.d. OPf.,Dietfurt,NA,NA,Bayern,11.55509,49.04972,2025,NA,FALSE,Freiflächensolaranlage,18045,NA,NA
SEE933715371328,ABR923199553242,Solareinheit,"Rodenkichen Flur 9 314/3, 315/3, 799/313, 321/1",Volleinspeisung,11928,26935,Wesermarsch,Stadland,NA,NA,Niedersachsen,8.447671,53.380072,2026,NA,FALSE,Freiflächensolaranlage,16800,NA,NA
SEE956332753926,ABR979677398973,Solareinheit,Freienwill Ib,Volleinspeisung,13570.8,24991,Schleswig-Flensburg,Freienwill,NA,NA,Schleswig-Holstein,9.5176,54.7349,2025,NA,FALSE,Freiflächensolaranlage,22656,NA,NA
SEE918193103616,ABR948815577587,Solareinheit,PV Suderburg,Volleinspeisung,21200,29556,Uelzen,Suderburg,NA,NA,Niedersachsen,10.397715,52.878586,2027,NA,FALSE,Freiflächensolaranlage,NA,NA,NA
SEE975422008456,ABR914172873976,Solareinheit,Solarpark Eichberg-Lindenberg,Volleinspeisung,10540,29664,Heidekreis,Walsrode,NA,NA,Niedersachsen,9.583001,52.84063,2026,NA,FALSE,Freiflächensolaranlage,NA,NA,NA
SEE935427860503,ABR967493110473,Solareinheit,Solarpark Froerup PR - P24-096 - Teil 16.000 kWp SOL22-3/085,Volleinspeisung,16000,24988,Schleswig-Flensburg,Oeversee,NA,NA,Schleswig-Holstein,9.403068,54.686882,2025,NA,FALSE,Freiflächensolaranlage,27350,NA,NA
SEE902706561017,ABR982373184894,Solareinheit,Solarpark Neutz-Lettewitz - P20-094 - Teil 20.000 kWp SOL23-2/032,Volleinspeisung,20000,06193,Saalekreis,Petersberg,NA,NA,Sachsen-Anhalt,11.871718,51.589454,2025,NA,FALSE,Freiflächensolaranlage,34188,NA,NA
SEE922731833026,ABR982373184894,Solareinheit,Solarpark Neutz-Lettewitz - P20-094 - Teil 13.500 kWp SOL22-3/009,Volleinspeisung,13500,06193,Saalekreis,Petersberg,NA,NA,Sachsen-Anhalt,11.872407,51.589451,2025,NA,FALSE,Freiflächensolaranlage,23077,NA,NA
SEE970707355836,ABR928007355179,Solareinheit,Solarpark Pöttmes VII - P23-062 - Teil 20.000 kWp SOL23-2/039,Volleinspeisung,20000,86554,Aichach-Friedberg,Pöttmes,NA,NA,Bayern,11.102311,48.543161,2025,NA,FALSE,Freiflächensolaranlage,33899,NA,NA
SEE923457166795,ABR908536970425,Solareinheit,"Solarpark Pöttmes VII - P23-062 - Teil 14.353,34 kWp SOL23-2/301",Volleinspeisung,14353.34,86554,Aichach-Friedberg,Pöttmes,NA,NA,Bayern,11.107149,48.544431,2025,NA,FALSE,Freiflächensolaranlage,24328,NA,NA
SEE909652940255,ABR978832391354,Solareinheit,Gusenburg PV2,Volleinspeisung,11617.83,54413,Trier-Saarburg,Gusenburg,NA,NA,Rheinland-Pfalz,6.898931,49.655263,2027,NA,FALSE,Freiflächensolaranlage,18441,NA,NA
SEE956368450943,ABR997481012212,Solareinheit,FFA Diekberge,Volleinspeisung,10561.16,37186,Northeim,Moringen,Deichbergstraße,NA,Niedersachsen,9.842868,51.708216,2026,NA,FALSE,Freiflächensolaranlage,16923,NA,NA
SEE975511612175,ABR992209465424,Solareinheit,PV-Anlage Reinfelderhof BA1,Volleinspeisung,16000,88631,Sigmaringen,Beuron,Reinfelderhof,2,Baden-Württemberg,8.9473490000000009,48.049812,2026,NA,FALSE,Freiflächensolaranlage,25000,NA,NA
SEE948033147180,ABR943217796550,Solareinheit,SP Audenhain - Am Weinberg I,Volleinspeisung,16999.875,04862,Nordsachsen,Mockrehna,NA,NA,Sachsen,12.850178,51.515966,2025,NA,FALSE,Freiflächensolaranlage,27687,NA,NA
SEE991946059668,ABR943217796550,Solareinheit,SP Audenhain - Klitzschen West I,Volleinspeisung,21998.925,04862,Nordsachsen,Mockrehna,NA,NA,Sachsen,12.882422,51.518021,2025,NA,FALSE,Freiflächensolaranlage,35829,NA,NA
SEE968945079263,ABR977659287666,Solareinheit,Agri-PV Oberndorf am Lech (Triticum II),Volleinspeisung,15926.56,86698,Donau-Ries,Oberndorf,NA,NA,Bayern,10.873949,48.683834,2025,NA,FALSE,Freiflächensolaranlage,25688,NA,NA
SEE922636122102,ABR952847770083,Solareinheit,AGRI PVA Haluisa Fünfzehnte PVA GmbH ＆ Co. KG,Volleinspeisung,12993.26,56850,Cochem-Zell,Briedeler Heck,NA,NA,Rheinland-Pfalz,7.236736,49.981376,2025,NA,FALSE,Freiflächensolaranlage,21252,NA,NA
SEE973378281190,ABR987228640990,Solareinheit,SP Dittersbach,Volleinspeisung,13969.41,09669,Mittelsachsen,Frankenberg,NA,NA,Sachsen,13.066947,50.945887,2025,NA,FALSE,Freiflächensolaranlage,23478,NA,NA
SEE943393782743,ABR992435804691,Solareinheit,"Solarpark Deining BA 2 10.010,52kWp",Volleinspeisung,10010.52,92364,Neumarkt i.d. OPf.,Deining,NA,NA,Bayern,11.572128,49.249554,2026,NA,FALSE,Freiflächensolaranlage,16146,NA,NA
SEE914799806791,ABR935253153596,Solareinheit,PVA Reppichau BF 5,Volleinspeisung,11801.76,06386,Anhalt-Bitterfeld,Osternienburger Land,NA,NA,Sachsen-Anhalt,12.099726,51.803344,2025,NA,FALSE,Freiflächensolaranlage,16680,NA,NA
SEE927717548284,ABR973259896864,Solareinheit,PV-Park Hambach Niederzier,Volleinspeisung,13918,52382,Düren,Niederzier,NA,NA,Nordrhein-Westfalen,6.473282,50.895585,2025,NA,FALSE,Freiflächensolaranlage,22594,NA,NA
SEE907898353723,ABR971820806090,Solareinheit,BGO01-BRAK002 - Estorf (Mittelweserpark),Teileinspeisung (einschließlich Eigenverbrauch),10005.45,31629,Nienburg (Weser),Estorf,Brakenhof,2-24,Niedersachsen,9.169212,52.60352,2026,NA,FALSE,Gebäudesolaranlage,21990,NA,NA
SEE968796666155,ABR935253153596,Solareinheit,PVA Reppichau BF 1.1,Volleinspeisung,12499.8,06386,Anhalt-Bitterfeld,Osternienburger Land,NA,NA,Sachsen-Anhalt,12.080622,51.798897,2025,NA,FALSE,Freiflächensolaranlage,30120,NA,NA
SEE997552342026,ABR994481451492,Solareinheit,Weede 1.2,Volleinspeisung,16912.8,23795,Segeberg,Weede,NA,NA,Schleswig-Holstein,10.378953,53.917362,2025,NA,FALSE,Freiflächensolaranlage,41760,NA,NA
SEE917956957374,ABR935253153596,Solareinheit,PVA Reppichau BF 2.1,Volleinspeisung,12499.65,06386,Anhalt-Bitterfeld,Osternienburger Land,NA,NA,Sachsen-Anhalt,12.085264,51.799448,2025,NA,FALSE,Freiflächensolaranlage,17730,NA,NA
SEE945413491314,ABR935253153596,Solareinheit,PVA Reppichau BF 3.1,Volleinspeisung,12499.47,06386,Anhalt-Bitterfeld,Osternienburger Land,NA,NA,Sachsen-Anhalt,12.089662,51.799991,2025,NA,FALSE,Freiflächensolaranlage,17862,NA,NA
SEE967993460481,ABR935253153596,Solareinheit,PVA Reppichau BF 4.1.1,Volleinspeisung,12499.65,06386,Anhalt-Bitterfeld,Osternienburger Land,NA,NA,Sachsen-Anhalt,12.092491,51.80188,2025,NA,FALSE,Freiflächensolaranlage,17858,NA,NA
SEE992240134792,ABR935253153596,Solareinheit,PVA Reppichau BF 4.2.1,Volleinspeisung,12499.65,06386,Anhalt-Bitterfeld,Osternienburger Land,NA,NA,Sachsen-Anhalt,12.097707,51.802734,2025,NA,FALSE,Freiflächensolaranlage,17730,NA,NA
SEE970719922378,ABR924820732494,Solareinheit,SE_2025_4133_Schweich,Volleinspeisung,21216.44,54338,Trier,Schweich,NA,NA,Rheinland-Pfalz,6.761622,49.843188,2025,NA,FALSE,Freiflächensolaranlage,34608,NA,NA
SEE971522437714,ABR972891983246,Solareinheit,PV-FFA Gardelegen Flugplatz,Volleinspeisung,88500,39638,Altmarkkreis Salzwedel,Gardelegen,NA,NA,Sachsen-Anhalt,11.337979,52.527392,2027,NA,FALSE,Freiflächensolaranlage,134960,NA,NA
SEE925081350687,ABR908536970425,Solareinheit,"Solarpark Seubersdorf V P23-554 - Teil 10.946,00 kWp SOL23-2/301",Volleinspeisung,10946,92358,Neumarkt i.d. OPf.,Seubersdorf,NA,NA,Bayern,11.608374,49.18026,2025,NA,FALSE,Freiflächensolaranlage,18675,NA,NA
SEE989422882053,ABR906041621061,Solareinheit,PV-FFA Niedergörsdorf,Volleinspeisung,19989,14913,Teltow-Fläming,Niedergörsdorf,NA,NA,Brandenburg,12.943945,51.96524,2027,NA,FALSE,Freiflächensolaranlage,31728,NA,NA
SEE920124265096,ABR991504676306,Solareinheit,Bürger PV Berlichingen 1,Volleinspeisung,20000,74214,Hohenlohekreis,Schöntal,Ziegelhütte,NA,Baden-Württemberg,9.506101,49.320638,2027,NA,FALSE,Freiflächensolaranlage,31250,NA,NA
SEE970109957683,ABR985438163254,Solareinheit,PVA Reppichau,Volleinspeisung,19991.4,06386,Anhalt-Bitterfeld,Osternienburger Land,NA,NA,Sachsen-Anhalt,12.100335,51.806326,2027,NA,FALSE,Freiflächensolaranlage,27960,NA,NA
SEE928313782874,ABR971942461955,Solareinheit,"Solarpark Hasenberg - P21-001 - 10.471,32 kWp SOL22-3/008",Volleinspeisung,10471.32,04703,Mittelsachsen,Leisnig,NA,NA,Sachsen,12.909652,51.143732,2025,NA,FALSE,Freiflächensolaranlage,17748,NA,NA
SEE978963281647,ABR915166681270,Solareinheit,PVA Nauen V,Volleinspeisung,15000,14641,Havelland,Nauen,NA,NA,Brandenburg,12.85844,52.561976,2027,NA,FALSE,Freiflächensolaranlage,20689,NA,NA
SEE937055092592,ABR953612871226,Solareinheit,PV Anlage Querenbach,Volleinspeisung,19740,95236,Hof,Stammbach,NA,NA,Bayern,11.741302,50.150228,2027,NA,FALSE,Freiflächensolaranlage,NA,NA,NA
SEE964291455874,ABR952694277919,Solareinheit,Reichenberg 1.2,Volleinspeisung,23359.44,97234,Würzburg,Reichenberg,NA,NA,Bayern,9.913449,49.696511,2025,NA,FALSE,Freiflächensolaranlage,39676,NA,NA
SEE947976123763,ABR966728089812,Solareinheit,Bredenbek 3.3,Volleinspeisung,16094.78,24796,Rendsburg-Eckernförde,Bredenbek,NA,NA,Schleswig-Holstein,9.864937,54.314378,2025,NA,FALSE,Freiflächensolaranlage,27352,NA,NA
SEE919492355706,ABR958891965796,Solareinheit,Aufseß Neuhaus,Volleinspeisung,13500,91347,Bayreuth,Aufseß,NA,NA,Bayern,11.23547,49.89943,2027,NA,FALSE,Freiflächensolaranlage,21774,NA,NA
SEE968455084467,ABR904368548719,Solareinheit,Cuxhaven 1.2,Volleinspeisung,14638.73,27478,Cuxhaven,Cuxhaven,NA,NA,Niedersachsen,8.704586,53.804821,2025,NA,FALSE,Freiflächensolaranlage,26568,NA,NA
SEE973422108619,ABR924621242963,Solareinheit,PVA Ehra Lessien GC Dev,Volleinspeisung,20233,38468,Gifhorn,Ehra-Lessien,NA,NA,Niedersachsen,10.782429,52.549764,2028,NA,FALSE,Freiflächensolaranlage,NA,NA,NA
SEE968255804272,ABR982325145256,Solareinheit,PVA Kölsa GC DEV,Volleinspeisung,12000,04509,Nordsachsen,Wiedemar,NA,NA,Sachsen,12.218828,51.468944,2028,NA,FALSE,Freiflächensolaranlage,NA,NA,NA
SEE932289229745,ABR909629205462,Solareinheit,PVA Niederdorf GC DEV,Volleinspeisung,27620,09366,Erzgebirgskreis,Niederdorf,NA,NA,Sachsen,12.781691,50.733523,2026,NA,FALSE,Freiflächensolaranlage,NA,NA,NA
SEE949649840113,ABR921233842260,Solareinheit,Emkendorf Grotenheid 2,Volleinspeisung,20000,24802,Rendsburg-Eckernförde,Emkendorf,NA,NA,Schleswig-Holstein,9.790303,54.241893,2028,NA,FALSE,Freiflächensolaranlage,NA,NA,NA
SEE949083294305,ABR903769667838,Solareinheit,Solarpark Inchenhofen III - P22-578 - Teil 2,Volleinspeisung,11250,86570,Aichach-Friedberg,Inchenhofen,NA,NA,Bayern,11.09046,48.53662,2026,NA,FALSE,Freiflächensolaranlage,19230,NA,NA
SEE947774992547,ABR932198268156,Solareinheit,Frankfurt Oder Lindower Weg,Volleinspeisung,20000,15236,Frankfurt (Oder),Frankfurt,NA,NA,Brandenburg,14.463947,52.287992,2028,NA,FALSE,Freiflächensolaranlage,NA,NA,NA
SEE923317780956,ABR974083888209,Solareinheit,Oster-Schnatebüll 2.3,Volleinspeisung,20000,25917,Nordfriesland,Leck,NA,NA,Schleswig-Holstein,8.9533,54.760527,2028,NA,FALSE,Freiflächensolaranlage,NA,NA,NA
SEE967796164012,ABR942075601600,Solareinheit,PV-FFA Zerbst 6 EEG 20MW,Volleinspeisung,19999.77,39261,Anhalt-Bitterfeld,Zerbst,NA,NA,Sachsen-Anhalt,12.141402,51.998236,2026,NA,FALSE,Freiflächensolaranlage,32232,NA,NA
SEE911291662788,ABR929575044663,Solareinheit,Borgstedtfelde,Volleinspeisung,10500,24794,Rendsburg-Eckernförde,Borgstedt,NA,NA,Schleswig-Holstein,9.682136,54.338796,2028,NA,FALSE,Freiflächensolaranlage,NA,NA,NA
SEE991672966605,ABR907326834909,Solareinheit,Siedenbollentin 1.4,Volleinspeisung,20000,17089,Mecklenburgische Seenplatte,Siedenbollentin,NA,NA,Mecklenburg-Vorpommern,13.397176,53.715753,2028,NA,FALSE,Freiflächensolaranlage,NA,NA,NA
SEE962053124365,ABR981408618762,Solareinheit,Bagenz,Volleinspeisung,20000,03058,Spree-Neiße,Neuhausen,NA,NA,Brandenburg,14.435602,51.639225,2028,NA,FALSE,Freiflächensolaranlage,NA,NA,NA
SEE967430179891,ABR985497852045,Solareinheit,Wustermark,Volleinspeisung,11400,14641,Havelland,Wustermark,NA,NA,Brandenburg,12.961499,52.521391,2028,NA,FALSE,Freiflächensolaranlage,NA,NA,NA
SEE954915094695,ABR954419689816,Solareinheit,Harburg,Volleinspeisung,20000,86655,Donau-Ries,Harburg,NA,NA,Bayern,10.761794,48.804843,2028,NA,FALSE,Freiflächensolaranlage,NA,NA,NA
SEE965681149380,ABR969531179176,Solareinheit,Solarpark Michelbach,Volleinspeisung,12857.39,56288,Rhein-Hunsrück-Kreis,Michelbach,NA,NA,Rheinland-Pfalz,7.464139,50.020139,2025,NA,FALSE,Freiflächensolaranlage,22256,NA,NA
SEE997235229989,ABR965873924863,Solareinheit,PV-TF-4061-02,Volleinspeisung,20000,16230,Barnim,Sydower Fließ,NA,NA,Brandenburg,13.698647,52.714439,2027,NA,FALSE,Freiflächensolaranlage,31746,NA,NA
SEE922997778017,ABR938933890415,Solareinheit,SP Görlsdorf I,Volleinspeisung,70398,15306,Märkisch-Oderland,Vierlinden,NA,NA,Brandenburg,14.287583,52.530028,2026,NA,FALSE,Freiflächensolaranlage,115050,NA,NA
SEE903710052942,ABR911237714441,Solareinheit,Solar KH 17158 kWp,Teileinspeisung (einschließlich Eigenverbrauch),19917,99819,Wartburgkreis,Krauthausen,Birkenweg,1,Thüringen,10.244674,51.010186,2025,NA,FALSE,Freiflächensolaranlage,24337,NA,NA
SEE924214926225,ABR986993399744,Solareinheit,Oberstadl Agri-PV 1,Volleinspeisung,22409,84381,Rottal-Inn,Johanniskirchen,NA,NA,Bayern,12.89394,48.531399,2026,NA,FALSE,Freiflächensolaranlage,34982,NA,NA
SEE984633965212,ABR946136151790,Solareinheit,PV Lauenhain I West,Volleinspeisung,19994.58,96337,Kronach,Ludwigsstadt,NA,NA,Bayern,11.39304,50.4621,2025,NA,FALSE,Freiflächensolaranlage,32778,NA,NA
SEE918721314248,ABR996529198406,Solareinheit,PV Bartow Ost 1,Volleinspeisung,72630.48,17089,Mecklenburgische Seenplatte,Bartow,NA,NA,Mecklenburg-Vorpommern,13.354037,53.818754,2025,NA,FALSE,Freiflächensolaranlage,124956,NA,NA
SEE965170029445,ABR912906054080,Solareinheit,"Solarpark Dorfen PR - P24-188 -Teil 18.820,00 kWp SOL23-3/073",Volleinspeisung,18820,84405,Erding,Dorfen,NA,NA,Bayern,12.242867,48.317574,2025,NA,FALSE,Freiflächensolaranlage,31898,NA,NA
SEE973717760447,ABR996529198406,Solareinheit,PV Bartow Ost 2,Volleinspeisung,71631.3,17089,Mecklenburgische Seenplatte,Bartow,NA,NA,Mecklenburg-Vorpommern,13.365299,53.820408,2025,NA,FALSE,Freiflächensolaranlage,123708,NA,NA
SEE970847648355,ABR941277254133,Solareinheit,PV Bartow West,Volleinspeisung,64360.14,17089,Mecklenburgische Seenplatte,Bartow,NA,NA,Mecklenburg-Vorpommern,13.324692,53.816412,2025,NA,FALSE,Freiflächensolaranlage,110370,NA,NA
SEE961334537832,ABR932809665091,Solareinheit,PVA Prösen,Volleinspeisung,14530.32,04932,Elbe-Elster,Röderland,Am Tunnel,NA,Brandenburg,13.491178,51.411981,2026,NA,FALSE,Freiflächensolaranlage,23436,NA,NA
SEE961379846180,ABR971304702405,Solareinheit,Eggebek 4.2,Volleinspeisung,16588.39,24852,Schleswig-Flensburg,Eggebek,NA,NA,Schleswig-Holstein,9.376415,54.631581,2025,NA,FALSE,Freiflächensolaranlage,28262,NA,NA
SEE955263661966,ABR971304702405,Solareinheit,Südermarsch,Volleinspeisung,15136.55,25813,Nordfriesland,Südermarsch,NA,NA,Schleswig-Holstein,9.059959,54.429294,2025,NA,FALSE,Freiflächensolaranlage,25740,NA,NA
SEE953366440228,ABR929924915705,Solareinheit,PV Hainert II,Volleinspeisung,18992.4,97478,Haßberge,Knetzgau,NA,NA,Bayern,10.493186,50.007099,2026,NA,FALSE,Freiflächensolaranlage,31896,NA,NA
SEE936585018096,ABR938933890415,Solareinheit,SP Görlsdorf II,Volleinspeisung,17269.2,15306,Märkisch-Oderland,Vierlinden,NA,NA,Brandenburg,14.287583,52.530028,2026,NA,FALSE,Freiflächensolaranlage,28080,NA,NA
SEE966608738779,ABR967798196370,Solareinheit,Grünow 1.2,Volleinspeisung,18883.02,17291,Uckermark,Grünow,NA,NA,Brandenburg,13.988847,53.28297,2025,NA,FALSE,Freiflächensolaranlage,32058,NA,NA
SEE952679189015,ABR936776453200,Solareinheit,Eußenheim-Aschfeld 1.2,Volleinspeisung,19000.52,97776,Main-Spessart,Eußenheim,NA,NA,Bayern,9.831125,50.012968,2026,NA,FALSE,Freiflächensolaranlage,30644,NA,NA
SEE911551830032,ABR932198268156,Solareinheit,Nordhausen 1.1,Volleinspeisung,13357.25,99734,Nordhausen,Nordhausen,NA,NA,Thüringen,10.730339,51.491036,2025,NA,FALSE,Freiflächensolaranlage,22680,NA,NA
SEE931847354158,ABR974420148904,Solareinheit,Nordhausen 1.2,Volleinspeisung,14486.92,99734,Nordhausen,Nordhausen,NA,NA,Thüringen,10.720624,51.491909,2025,NA,FALSE,Freiflächensolaranlage,24605,NA,NA
SEE984266820070,ABR915209255888,Solareinheit,PVA Löwenberger Land I,Volleinspeisung,19999.6,16775,Oberhavel,Löwenberger Land,NA,NA,Brandenburg,13.16378,52.89072,2025,NA,FALSE,Freiflächensolaranlage,34185,NA,NA
SEE906486263710,ABR923720852554,Solareinheit,Sender,Volleinspeisung,21567,94554,Deggendorf,Moos,NA,NA,Bayern,12.939201,48.727679,2025,NA,FALSE,Freiflächensolaranlage,33180,NA,NA
SEE972039156464,ABR923720852554,Solareinheit,Ammerling,Volleinspeisung,20925.45,94554,Deggendorf,Moos,NA,NA,Bayern,12.961988,48.729048,2025,NA,FALSE,Freiflächensolaranlage,32193,NA,NA
SEE920005069348,ABR923720852554,Solareinheit,Lüssen Süd,Volleinspeisung,18643.95,94554,Deggendorf,Moos,NA,NA,Bayern,12.944271,48.732857,2025,NA,FALSE,Freiflächensolaranlage,28683,NA,NA
SEE903022142256,ABR963350201421,Solareinheit,Theilheim Sandgraben,Volleinspeisung,14899.67,97288,Würzburg,Theilheim,NA,NA,Bayern,10.051062,49.759632,2025,NA,FALSE,Freiflächensolaranlage,24239,NA,NA
SEE967924725733,ABR994828577205,Solareinheit,Brahlstorf 1.4,Volleinspeisung,14869.71,19273,Ludwigslust-Parchim,Brahlstorf,NA,NA,Mecklenburg-Vorpommern,10.956626,53.357512,2025,NA,FALSE,Freiflächensolaranlage,27000,NA,NA
SEE919889692827,ABR985623752263,Solareinheit,Aasbüttel,Volleinspeisung,11777.74,25560,Steinburg,Aasbüttel,NA,NA,Schleswig-Holstein,9.43169,54.067371,2025,2026,TRUE,Freiflächensolaranlage,19968,NA,NA
SEE907060397937,ABR995603423564,Solareinheit,141-1-Dodendorf 1.1,Volleinspeisung,11944.8,39171,Börde,Sülzetal,An der Autobahn,NA,Sachsen-Anhalt,11.60563,52.056165,2026,NA,FALSE,Freiflächensolaranlage,18960,NA,NA
SEE953709419645,ABR912816688054,Solareinheit,Solarpark Rain/Atting/Straubing BA 2 - Atting 1+3,Volleinspeisung,13021.56,94348,Straubing-Bogen,Atting,NA,NA,Bayern,12.5031,48.8739,2025,NA,FALSE,Freiflächensolaranlage,21168,NA,NA
SEE934094888438,ABR912816688054,Solareinheit,Solarpark Rain/Atting/Straubing BA 2 - Rain,Volleinspeisung,15558.48,94369,Straubing-Bogen,Rain,NA,NA,Bayern,12.47458,48.87414,2025,NA,FALSE,Freiflächensolaranlage,25200,NA,NA
SEE951065142788,ABR912816688054,Solareinheit,Solarpark Rain/Atting/Straubing BA 2 - Perkam,Volleinspeisung,19968.2,94368,Straubing-Bogen,Perkam,NA,NA,Bayern,12.43142,48.8703,2025,NA,FALSE,Freiflächensolaranlage,32256,NA,NA
SEE928933320302,ABR956678957064,Solareinheit,PV Park EDEKA Valluhn EZA-28934,Teileinspeisung (einschließlich Eigenverbrauch),19074.38,19246,Ludwigslust-Parchim,Lüttow-Valluhn,Dorfstr.,NA,Mecklenburg-Vorpommern,10.834489,53.515625,2025,NA,FALSE,Freiflächensolaranlage,31356,NA,NA
SEE990521074980,ABR954022931739,Solareinheit,PV Malching,Volleinspeisung,15713,94094,Passau,Malching,NA,NA,Bayern,13.127917,48.349109,2025,NA,FALSE,Freiflächensolaranlage,33103,NA,NA
SEE911984521231,ABR956931996229,Solareinheit,"Solarpark Mindelstetten - P20-070 - Teil 10.505,70 kWp",Volleinspeisung,10505.7,93349,Eichstätt,Mindelstetten,NA,NA,Bayern,11.662482,48.857115,2025,NA,FALSE,Freiflächensolaranlage,23346,NA,NA
SEE929662307596,ABR955930622085,Solareinheit,PVA Kempen,Volleinspeisung,11550,47906,Krefeld,Kempen,NA,NA,Nordrhein-Westfalen,6.470163,51.353429,2026,NA,FALSE,Freiflächensolaranlage,18480,NA,NA
SEE913069435525,ABR959878271275,Solareinheit,Bürgersolarpark Bosbüll III / West,Volleinspeisung,19365.12,25899,Nordfriesland,Bosbüll,NA,NA,Schleswig-Holstein,8.845718,54.815397,2025,NA,FALSE,Freiflächensolaranlage,31488,NA,NA
SEE925057494858,ABR949351922992,Solareinheit,Zahna-West-EEG-Anlage,Volleinspeisung,19983.6,06895,Wittenberg,Zahna-Elster,NA,NA,Sachsen-Anhalt,12.77516,51.927688,2025,NA,FALSE,Freiflächensolaranlage,32760,NA,NA
SEE923176963774,ABR959878271275,Solareinheit,Bürgersolarpark Bosbüll III / Ost,Volleinspeisung,29002.68,25899,Nordfriesland,Bosbüll,NA,NA,Schleswig-Holstein,8.853024,54.817772,2025,NA,FALSE,Freiflächensolaranlage,47010,NA,NA
SEE954607441608,ABR922512213627,Solareinheit,PVA Frankenförde Nord 1,Volleinspeisung,72912,14947,Teltow-Fläming,Nuthe-Urstromtal,NA,NA,Brandenburg,13.056017,52.118972,2025,NA,FALSE,Freiflächensolaranlage,117600,NA,NA
SEE901657018991,ABR967633768250,Solareinheit,Zahna Ost,Volleinspeisung,16601.76,06895,Wittenberg,Zahna-Elster,NA,NA,Sachsen-Anhalt,12.770472,51.927481,2025,NA,FALSE,Freiflächensolaranlage,27216,NA,NA
SEE946789809925,ABR915795303277,Solareinheit,"Solarpark Seubersdorf V P23-554 - Teil 12.721,06 kWp SOL23-3/267",Volleinspeisung,12721.06,92358,Neumarkt i.d. OPf.,Seubersdorf,NA,NA,Bayern,11.608374,49.18026,2025,NA,FALSE,Freiflächensolaranlage,21555,NA,NA
SEE946717759711,ABR985623752263,Solareinheit,Warringholz,Volleinspeisung,11166.35,25560,Steinburg,Warringholz,NA,NA,Schleswig-Holstein,9.464824,54.060192,2025,2026,TRUE,Freiflächensolaranlage,19084,NA,NA
SEE993977528984,ABR936098180396,Solareinheit,Vattenfall Solar Neubrandenburg,Volleinspeisung,28671,17034,Mecklenburgische Seenplatte,Neubrandenburg,NA,NA,Mecklenburg-Vorpommern,13.3699,53.6203,2025,NA,FALSE,Freiflächensolaranlage,45672,NA,NA
SEE925640425948,ABR944680985168,Solareinheit,PV-FA-SN-GöhrenerTannen,Volleinspeisung,10274.64,19061,Schwerin,Schwerin,NA,NA,Mecklenburg-Vorpommern,11.417923,53.559419,2025,NA,FALSE,Freiflächensolaranlage,17040,NA,NA
SEE945060706052,ABR982481492409,Solareinheit,PV Park Schönbrunn,Volleinspeisung,19994.58,95632,Wunsiedel i. Fichtelgebirge,Wunsiedel,NA,NA,Bayern,11.975508,50.032937,2025,NA,FALSE,Freiflächensolaranlage,32778,NA,NA
SEE913061583804,ABR938933890415,Solareinheit,SP Mulfingen,Volleinspeisung,15366.51,74673,Hohenlohekreis,Mulfingen,NA,NA,Baden-Württemberg,9.85611,49.291546,2025,NA,FALSE,Freiflächensolaranlage,25191,NA,NA
SEE939070799852,ABR996529198406,Solareinheit,PV Bartow Ost 3,Volleinspeisung,54139.8,17089,Mecklenburgische Seenplatte,Bartow,NA,NA,Mecklenburg-Vorpommern,13.355863,53.826132,2025,NA,FALSE,Freiflächensolaranlage,93366,NA,NA
SEE921579023033,ABR982614226390,Solareinheit,PV Amerdingen,Volleinspeisung,76003,86735,Donau-Ries,Amerdingen,NA,NA,Bayern,10.506755,48.732235,2025,NA,FALSE,Freiflächensolaranlage,126672,NA,NA
SEE953444183214,ABR980917087540,Solareinheit,Solarpark Juliusburg,Volleinspeisung,62977.91,21483,Herzogtum Lauenburg,Juliusburg,NA,NA,Schleswig-Holstein,10.507864,53.429879,2026,NA,FALSE,Freiflächensolaranlage,101898,NA,NA
SEE933954417825,ABR993102056511,Solareinheit,Vattenfall Solar Nauen GmbH,Volleinspeisung,46060,14641,Havelland,Nauen,NA,NA,Brandenburg,12.9033,52.60511,2026,NA,FALSE,Freiflächensolaranlage,79080,NA,NA
SEE968446831926,ABR980917087540,Solareinheit,Solarpark Krukow,Volleinspeisung,16611.08,21483,Herzogtum Lauenburg,Krukow,NA,NA,Schleswig-Holstein,10.465879,53.416604,2026,NA,FALSE,Freiflächensolaranlage,26865,NA,NA
SEE912572659916,ABR906966556745,Solareinheit,"PV-Freifläche 11,880 MW Hohenwestedt",Volleinspeisung,11880,24594,Rendsburg-Eckernförde,Hohenwestedt,NA,NA,Schleswig-Holstein,9.642012,54.085938,2026,NA,FALSE,Freiflächensolaranlage,19161,NA,NA
SEE910405045493,ABR902578499203,Solareinheit,PVA2 Berngau Erlenbrunnen,Volleinspeisung,11103.21,92361,Neumarkt i.d. OPf.,Berngau,NA,NA,Bayern,11.377342,49.262021,2025,NA,FALSE,Freiflächensolaranlage,18054,NA,NA
SEE900739474243,ABR926481235130,Solareinheit,Solaranlage Bedburg,Volleinspeisung,10101,50181,Rhein-Erft-Kreis,Bedburg,NA,NA,Nordrhein-Westfalen,6.554841,50.981516,2025,NA,FALSE,Freiflächensolaranlage,16392,NA,NA
SEE903704109096,ABR948682884269,Solareinheit,Solaranlage Weissdorf,Volleinspeisung,19623,95237,Hof,Weißdorf,NA,NA,Bayern,11.837735,50.175116,2026,NA,FALSE,Freiflächensolaranlage,31779,NA,NA
SEE925581334194,ABR908007103802,Solareinheit,Sonnenstreifen II,Volleinspeisung,12500,56290,Cochem-Zell,Lieg,NA,NA,Rheinland-Pfalz,7.336441,50.152426,2026,NA,FALSE,Freiflächensolaranlage,17857,NA,NA
SEE919826289158,ABR987243774533,Solareinheit,PV Zell - BA1,Volleinspeisung,19987.56,95239,Hof,Zell,NA,NA,Bayern,11.778974,50.14527,2025,NA,FALSE,Freiflächensolaranlage,32238,NA,NA
SEE956245296534,ABR950965386506,Solareinheit,PV Park Selb,Volleinspeisung,19886.715,95100,Wunsiedel i. Fichtelgebirge,Selb,NA,NA,Bayern,12.139111,50.197828,2025,NA,FALSE,Freiflächensolaranlage,32238,NA,NA
SEE959282618949,ABR903497439400,Solareinheit,PV Park Förtschendorf,Volleinspeisung,19998.72,96332,Kronach,Pressig,NA,NA,Bayern,11.33681,50.391462,2025,NA,FALSE,Freiflächensolaranlage,32256,NA,NA
SEE987921750361,ABR916710850241,Solareinheit,PVA Sallgast / LAURAG SO2 GmbH ＆ Co. KG,Volleinspeisung,36015,03238,Elbe-Elster,Sallgast,NA,NA,Brandenburg,13.816205,51.594474,2026,NA,FALSE,Freiflächensolaranlage,57834,NA,NA
SEE960336294699,ABR924580649209,Solareinheit,Bürgersolarpark Ohmenheim,Volleinspeisung,17242.1,73450,Ostalbkreis,Neresheim,NA,NA,Baden-Württemberg,10.359,48.794,2025,NA,FALSE,Freiflächensolaranlage,28980,NA,NA
SEE948937958660,ABR987648079592,Solareinheit,Solarpark Lauben - Anlage 2,Volleinspeisung,19876.58,87493,Oberallgäu,Lauben,NA,NA,Bayern,10.320223,47.790353,2025,NA,FALSE,Freiflächensolaranlage,32059,NA,NA
SEE942744292337,ABR914063754315,Solareinheit,"Solarpark Mengkofen - P18-088 - Teil 10.375,02 kWp - SOL24-2/203",Volleinspeisung,10375.02,84152,Dingolfing-Landau,Mengkofen,NA,NA,Bayern,12.407063,48.715945,2025,NA,FALSE,Freiflächensolaranlage,17586,NA,NA
SEE913546683630,ABR971700509318,Solareinheit,SP Uebigau-Wahrenbrück,Volleinspeisung,19693.125,04924,Elbe-Elster,Beiersdorf,Hinterreihe,NA,Brandenburg,13.302396,51.552466,2026,NA,FALSE,Freiflächensolaranlage,31509,NA,NA
SEE902883359766,ABR902174931350,Solareinheit,ASE Elsterheide II E,Volleinspeisung,19989,02979,Bautzen,Elsterheide,NA,NA,Sachsen,14.177809,51.446096,2025,NA,FALSE,Freiflächensolaranlage,32416,NA,NA
SEE944100729426,ABR962786524241,Solareinheit,Solarpark Weitzmühlen A27,Volleinspeisung,11981.25,27308,Verden,Kirchlinteln,NA,NA,Niedersachsen,9.310419,52.929423,2026,NA,FALSE,Freiflächensolaranlage,19170,NA,NA
SEE937103372003,ABR903690099142,Solareinheit,SP Kronstetten 2,Volleinspeisung,10499.895,92421,Schwandorf,Schwandorf,NA,NA,Bayern,12.156141,49.324642,2025,NA,FALSE,Freiflächensolaranlage,16227,NA,NA
SEE994674198173,ABR993558594889,Solareinheit,Solarpark Sarrod-Ulmbach,Volleinspeisung,15498,36396,Main-Kinzig-Kreis,Steinau,NA,NA,Hessen,9.415029,50.355242,2025,NA,FALSE,Freiflächensolaranlage,25200,NA,NA
SEE983491374365,ABR908007103802,Solareinheit,Solar Key,Volleinspeisung,12448,96132,Bamberg,Schlüsselfeld,NA,NA,Bayern,10.618208,49.749076,2027,NA,FALSE,Freiflächensolaranlage,19260,NA,NA
SEE997593568997,ABR959058688725,Solareinheit,A183887 - BA1,Volleinspeisung,19023.81,21385,Lüneburg,Oldendorf,NA,NA,Niedersachsen,10.251437,53.170138,2025,NA,FALSE,Freiflächensolaranlage,32214,NA,NA
SEE939744513463,ABR983176713830,Solareinheit,DEG Solarpark 47 GmbH ＆ Co. KG,Volleinspeisung,16758.23,16845,Ostprignitz-Ruppin,Zernitz-Lohm,Hinter der Bahn,999,Brandenburg,12.36,52.89,2026,NA,FALSE,Freiflächensolaranlage,27405,NA,NA
SEE941641549179,ABR965484107358,Solareinheit,PV am Wandwasser,Volleinspeisung,12000,86447,Aichach-Friedberg,Todtenweis,NA,NA,Bayern,10.882858,48.50476,2025,NA,FALSE,Freiflächensolaranlage,19440,NA,NA
SEE930581467209,ABR995192216318,Solareinheit,SP Dettmannsdorf-Grünheide,Volleinspeisung,66993,18334,Vorpommern-Rügen,Dettmannsdorf,NA,NA,Mecklenburg-Vorpommern,12.558863,54.119827,2026,NA,FALSE,Freiflächensolaranlage,NA,NA,NA
SEE965868085159,ABR934036383694,Solareinheit,9062 SP Gottmadingen Katzental P16,Volleinspeisung,11279.91,78244,Konstanz,Gottmadingen,NA,NA,Baden-Württemberg,8.788931,47.742506,2026,NA,FALSE,Freiflächensolaranlage,17393,NA,NA
SEE953422551462,ABR913560966689,Solareinheit,SP Dettmannsdorf-Süd,NA,46400,18334,Vorpommern-Rügen,Dettmannsdorf,NA,NA,Mecklenburg-Vorpommern,12.497786,54.096699,2026,NA,FALSE,Freiflächensolaranlage,NA,NA,NA
SEE988319843849,ABR944595681704,Solareinheit,PV Hassel,Volleinspeisung,15082.605,27324,Nienburg (Weser),Hassel,NA,NA,Niedersachsen,9.235773,52.816936,2026,NA,FALSE,Freiflächensolaranlage,24408,NA,NA
SEE932126010864,ABR918972675686,Solareinheit,PV Anlage Fresenhorst 22 Phase 1,Volleinspeisung,19986.95,46354,Borken,Südlohn,Fresenhorst,24,Nordrhein-Westfalen,6.831874,51.922287,2025,NA,FALSE,Gebäudesolaranlage,47848,NA,NA
SEE915566347059,ABR995858140360,Solareinheit,PV-Park Buggingen,Volleinspeisung,10413,79426,Breisgau-Hochschwarzwald,Buggingen,NA,NA,Baden-Württemberg,7.623498,47.844695,2026,NA,FALSE,Freiflächensolaranlage,16040,NA,NA
SEE933361477887,ABR994590040280,Solareinheit,Solarpark Manhagen Ib,Volleinspeisung,16496.4,23738,Ostholstein,Manhagen,NA,NA,Schleswig-Holstein,10.9143,54.2037,2025,NA,FALSE,Freiflächensolaranlage,27960,NA,NA
SEE990818399468,ABR916115096862,Solareinheit,PV A44n Jüchen Nord Ost,Volleinspeisung,19028.1,41363,Rhein-Kreis Neuss,Jüchen,NA,NA,Nordrhein-Westfalen,6.479664,51.08176,2025,NA,FALSE,Freiflächensolaranlage,30940,NA,NA
SEE923834960503,ABR916115096862,Solareinheit,PV A44n Jüchen Mitte Ost,Volleinspeisung,21538.53,41363,Rhein-Kreis Neuss,Jüchen,NA,NA,Nordrhein-Westfalen,6.490049,51.069923,2025,NA,FALSE,Freiflächensolaranlage,35022,NA,NA
SEE990070049057,ABR916115096862,Solareinheit,PV A44n Jüchen Mitte West [Nord],Volleinspeisung,16740.915,41363,Rhein-Kreis Neuss,Jüchen,NA,NA,Nordrhein-Westfalen,6.487476,51.068445,2025,NA,FALSE,Freiflächensolaranlage,27221,NA,NA
SEE906742470746,ABR916115096862,Solareinheit,PV A44n Jüchen Mitte West [Süd],Volleinspeisung,11719.44,41363,Rhein-Kreis Neuss,Jüchen,NA,NA,Nordrhein-Westfalen,6.494934,51.059635,2025,NA,FALSE,Freiflächensolaranlage,19056,NA,NA
SEE928372664104,ABR916115096862,Solareinheit,PV A44n Bedburg West,Volleinspeisung,17268.585,50181,Rhein-Erft-Kreis,Bedburg,NA,NA,Nordrhein-Westfalen,6.497603,51.04551,2025,NA,FALSE,Freiflächensolaranlage,28079,NA,NA
SEE929617749242,ABR968973170932,Solareinheit,PVA Laubst,Volleinspeisung,19925,03116,Spree-Neiße,Drebkau,NA,NA,Brandenburg,14.235845,51.662383,2025,NA,FALSE,Freiflächensolaranlage,32346,NA,NA
SEE907933554610,ABR997547880717,Solareinheit,Freifläche Bachl Süd und Nord,Volleinspeisung,19998.72,93352,Kelheim,Rohr,NA,NA,Bayern,11.940918,48.806436,2025,NA,FALSE,Freiflächensolaranlage,32256,NA,NA
SEE972631200756,ABR921245514209,Solareinheit,SP Kolitzheim-Herlheim,Volleinspeisung,10834.83,97509,Schweinfurt,Kolitzheim,NA,NA,Bayern,10.289917,49.917694,2027,NA,FALSE,Freiflächensolaranlage,NA,NA,NA
SEE983060542850,ABR954489366587,Solareinheit,Solarpark Saaletal 2,Volleinspeisung,10655.36,97618,Rhön-Grabfeld,Wülfershausen,NA,NA,Bayern,10.31965,50.32789,2026,NA,FALSE,Freiflächensolaranlage,14970,NA,NA
SEE909831776859,ABR984996386877,Solareinheit,PV-Projekt Stachusried,Volleinspeisung,18558.54,85229,Dachau,Markt Indersdorf,Lanzenried,NA,Bayern,11.384474,48.413026,2026,NA,FALSE,Freiflächensolaranlage,25956,NA,NA
SEE993255204210,ABR974210560275,Solareinheit,PV-Projekt Zengermoos Süd,Volleinspeisung,16221.06,85452,Erding,Moosinning,NA,NA,Bayern,11.749103,48.284623,2026,NA,FALSE,Freiflächensolaranlage,NA,NA,NA
SEE937943841578,ABR974210560275,Solareinheit,PV-Projekt Zengermoos Nord,Volleinspeisung,21376.98,85452,Erding,Moosinning,NA,NA,Bayern,11.746077,48.288708,2026,NA,FALSE,Freiflächensolaranlage,NA,NA,NA
SEE912627879931,ABR913337912086,Solareinheit,PV Eichstätt Gebot,Volleinspeisung,14296.905,85072,Eichstätt,Eichstätt,NA,NA,Bayern,11.216486,48.904205,2025,NA,FALSE,Freiflächensolaranlage,23247,NA,NA
SEE935514196225,ABR915989540211,Solareinheit,Kaisborstel,Volleinspeisung,25413.075,25560,Steinburg,Kaisborstel,NA,NA,Schleswig-Holstein,9.463371,54.019291,2026,NA,FALSE,Freiflächensolaranlage,35505,NA,NA
SEE936530553207,ABR905970115948,Solareinheit,"GSP Hof Witzelbach FF 11,5MW",Volleinspeisung,11544.4,56459,Westerwaldkreis,Härtlingen,Hof Witzelbach,1,Rheinland-Pfalz,7.908513,50.535224,2025,NA,FALSE,Freiflächensolaranlage,18620,NA,NA
SEE910829136524,ABR960539438715,Solareinheit,Arpsdorf 1.2,Volleinspeisung,19107.36,24634,Rendsburg-Eckernförde,Arpsdorf,NA,NA,Schleswig-Holstein,9.872947,54.013467,2025,NA,FALSE,Freiflächensolaranlage,34830,NA,NA
SEE968913183770,ABR922192234677,Solareinheit,PVA Harbke 0126,Volleinspeisung,31117.5,39365,Börde,Harbke,NA,NA,Sachsen-Anhalt,11.02218,52.18322,2026,NA,FALSE,Freiflächensolaranlage,49788,NA,NA
SEE903308338953,ABR995052066084,Solareinheit,PVA - Solarpark Hürth Gleuel,Volleinspeisung,23673.6,50354,Rhein-Erft-Kreis,Hürth,NA,NA,Nordrhein-Westfalen,6.808181,50.883944,2025,NA,FALSE,Freiflächensolaranlage,36990,NA,NA
SEE901777311347,ABR909089540592,Solareinheit,Werther 1,Volleinspeisung,11159.33,99735,Nordhausen,Werther,NA,NA,Thüringen,10.745783,51.489287,2025,NA,FALSE,Freiflächensolaranlage,19058,NA,NA
SEE958185187019,ABR969920753840,Solareinheit,Solarpark Söhnstetten GmbH ＆ Co. KG,Volleinspeisung,17714.925,89555,Heidenheim,Steinheim,NA,NA,Baden-Württemberg,9.962778,48.662832,2026,NA,FALSE,Freiflächensolaranlage,27465,NA,NA
SEE906882599215,ABR940382505017,Solareinheit,Sulzfeld-Sandhof 1.3,Volleinspeisung,13974.8,97633,Rhön-Grabfeld,Sulzfeld,NA,NA,Bayern,10.381243,50.247391,2026,NA,FALSE,Freiflächensolaranlage,22540,NA,NA
SEE980292377373,ABR995052066084,Solareinheit,PVA - Solarpark Hochstetten Dhaun 1 Ost/West,Volleinspeisung,19458,55606,Bad Kreuznach,Hochstetten-Dhaun,NA,NA,Rheinland-Pfalz,7.487759,49.835964,2025,NA,FALSE,Freiflächensolaranlage,32430,NA,NA
SEE951614186744,ABR962370325698,Solareinheit,Neuss 1.1,Volleinspeisung,12963.47,41472,Rhein-Kreis Neuss,Neuss,NA,NA,Nordrhein-Westfalen,6.65597,51.155296,2025,NA,FALSE,Freiflächensolaranlage,22100,NA,NA
SEE945682889300,ABR926324144148,Solareinheit,GM PV Basthorst/Möhnsen (süd) Baufeld 4 ＆ 5 - #4,Volleinspeisung,11935.62,21493,Herzogtum Lauenburg,Möhnsen,NA,NA,Schleswig-Holstein,10.47673,53.56479,2026,NA,FALSE,Freiflächensolaranlage,19251,NA,NA
SEE977186521455,ABR977077669099,Solareinheit,Ahausen 1.2,Volleinspeisung,18672.55,27367,Rotenburg (Wümme),Ahausen,NA,NA,Niedersachsen,9.347416,53.055702,2025,NA,FALSE,Freiflächensolaranlage,31538,NA,NA
SEE928352651162,ABR959333026303,Solareinheit,Truppacherhof,Volleinspeisung,10848,66497,Südwestpfalz,Contwig,NA,NA,Rheinland-Pfalz,7.421338,49.231128,2025,NA,FALSE,Freiflächensolaranlage,17496,NA,NA
SEE983888339137,ABR974083888209,Solareinheit,Oster-Schnatebüll 1.2,Volleinspeisung,18654.13,25917,Nordfriesland,Leck,NA,NA,Schleswig-Holstein,8.9430789999999991,54.744249,2025,NA,FALSE,Freiflächensolaranlage,43260,NA,NA
SEE940346448268,ABR995104063078,Solareinheit,Waizenbach BNetzA,Volleinspeisung,19016.64,97797,Bad Kissingen,Wartmannsroth,NA,NA,Bayern,9.92375,50.10714,2025,NA,FALSE,Freiflächensolaranlage,30645,NA,NA
SEE924349146147,ABR963150956514,Solareinheit,"Poltnitz Nord 19,1",Volleinspeisung,19111.68,19376,Ludwigslust-Parchim,Ruhner Berge,NA,NA,Mecklenburg-Vorpommern,11.828954,53.343854,2025,NA,FALSE,Freiflächensolaranlage,28224,NA,NA
SEE911316306703,ABR917328369439,Solareinheit,PV Waren 1 EEG,Volleinspeisung,30374.595,17192,Mecklenburgische Seenplatte,Waren,NA,NA,Mecklenburg-Vorpommern,12.64942,53.53947,2026,NA,FALSE,Freiflächensolaranlage,48951,NA,NA
SEE941573073278,ABR917328369439,Solareinheit,PV Waren 1 - 14 MW,Volleinspeisung,14631.3,17192,Mecklenburgische Seenplatte,Waren,NA,NA,Mecklenburg-Vorpommern,12.6494,53.53947,2026,NA,FALSE,Freiflächensolaranlage,23598,NA,NA
SEE938337341872,ABR962608120248,Solareinheit,PVA Gerbach,Volleinspeisung,16661.7,67813,Donnersbergkreis,Gerbach,NA,NA,Rheinland-Pfalz,7.887048,49.676162,2025,NA,FALSE,Freiflächensolaranlage,37026,NA,NA
SEE924055552997,ABR924414865850,Solareinheit,PV-FFA Klötze Steimke,Volleinspeisung,19650,38486,Altmarkkreis Salzwedel,Klötze,NA,NA,Sachsen-Anhalt,10.999151,52.593046,2026,NA,FALSE,Freiflächensolaranlage,31700,NA,NA
SEE979483662961,ABR955942200073,Solareinheit,FFA Heckuscheid,Volleinspeisung,17767.5,54619,Eifelkreis Bitburg-Prüm,Heckhuscheid,Kapellenweg,NA,Rheinland-Pfalz,6.226815,50.183648,2025,NA,FALSE,Freiflächensolaranlage,28428,NA,NA
SEE941903012236,ABR993877656213,Solareinheit,PVA Haßleben 1,Volleinspeisung,18227.15,17268,Uckermark,Boitzenburger Land,NA,NA,Brandenburg,13.674244,53.216274,2026,NA,FALSE,Freiflächensolaranlage,29584,NA,NA
SEE932041808751,ABR993877656213,Solareinheit,PVA Haßleben 2,Volleinspeisung,18908.79,17268,Uckermark,Boitzenburger Land,NA,NA,Brandenburg,13.674244,53.216274,2026,NA,FALSE,Freiflächensolaranlage,30746,NA,NA
SEE995381719651,ABR993877656213,Solareinheit,PVA Haßleben 3,Volleinspeisung,18911.95,17268,Uckermark,Boitzenburger Land,NA,NA,Brandenburg,13.674244,53.216274,2026,NA,FALSE,Freiflächensolaranlage,30582,NA,NA
SEE926168312741,ABR933730932023,Solareinheit,PV Reuden Süd BA3,Volleinspeisung,10997.52,39264,Anhalt-Bitterfeld,Reuden,Reudener Landstraße,10,Sachsen-Anhalt,12.278262,52.047091,2025,NA,FALSE,Gebäudesolaranlage,27155,NA,NA
SEE933951434993,ABR946958741032,Solareinheit,ZPM Ergste FFA,Teileinspeisung (einschließlich Eigenverbrauch),10156.6,58239,Unna,Schwerte,Beckhausweg,1,Nordrhein-Westfalen,7.58637,51.4276,2026,NA,FALSE,Freiflächensolaranlage,16380,NA,NA
SEE983531727908,ABR926141462586,Solareinheit,Vattenfall Solar Bärwalde GmbH ＆ Co. KG - EEG 16MW,Volleinspeisung,16000,02943,Görlitz,Boxberg,NA,NA,Sachsen,14.5,51.41,2026,NA,FALSE,Freiflächensolaranlage,25768,NA,NA
SEE963901299501,ABR937588810786,Solareinheit,ASE Merenberg,Volleinspeisung,18087.266,35799,Limburg-Weilburg,Merenberg,NA,NA,Hessen,8.19,50.4942,2026,NA,FALSE,Freiflächensolaranlage,29310,NA,NA
SEE962815612024,ABR915795303277,Solareinheit,"Solarpark Schrobenhausen-Sandizell I - P20-105 - Teil 34.000,00 kWp - SOL23-3/268",Volleinspeisung,34000,86529,Neuburg-Schrobenhausen,Schrobenhausen,NA,NA,Bayern,11.170138,48.5596,2025,NA,FALSE,Freiflächensolaranlage,57143,NA,NA
SEE988944895787,ABR915795303277,Solareinheit,"Solarpark Schrobenhausen IX - P22-591 - Teil 19.087,91 kWp - SOL23-3/267",Volleinspeisung,19087.91,86529,Neuburg-Schrobenhausen,Schrobenhausen,NA,NA,Bayern,11.293194,48.601817,2026,NA,FALSE,Freiflächensolaranlage,32698,NA,NA
SEE920348669700,ABR936133174656,Solareinheit,Energiepark Reichertsweiler GmbH ＆ Co. KG,Teileinspeisung (einschließlich Eigenverbrauch),17908.8,86609,Donau-Ries,Donauwörth,NA,NA,Bayern,10.690916,48.710568,2025,NA,FALSE,Freiflächensolaranlage,27552,NA,NA
SEE917741650725,ABR990642440275,Solareinheit,Anlagenteil 2 Ausschreibung,Volleinspeisung,19000.05,97631,Rhön-Grabfeld,Bad Königshofen,NA,NA,Bayern,10.42705,50.27919,2026,NA,FALSE,Freiflächensolaranlage,34710,NA,NA
SEE964185860487,ABR912357436060,Solareinheit,"Solarpark Rohr i. NB. - P23-072 - 10.530,35 kWp - SOL24-2/427",Volleinspeisung,10530.35,93352,Kelheim,Rohr,NA,NA,Bayern,11.947607,48.812223,2026,NA,FALSE,Freiflächensolaranlage,18001,NA,NA
SEE931179867890,ABR958698652363,Solareinheit,PV Memmendorf - B,Volleinspeisung,25009.56,09569,Mittelsachsen,Oederan,NA,NA,Sachsen,11.88336,53.0718,2026,NA,FALSE,Freiflächensolaranlage,40338,NA,NA
SEE963312947619,ABR906035877269,Solareinheit,PV St Vit Ausschreibungsteil 14861 kWp,Volleinspeisung,14828.67,33378,Gütersloh,Rheda-Wiedenbrück,NA,NA,Nordrhein-Westfalen,8.25166,51.83179,2026,NA,FALSE,Freiflächensolaranlage,24138,NA,NA
SEE903007966433,ABR925862017051,Solareinheit,Birkenhain 1,Volleinspeisung,30653.64,97900,Main-Tauber-Kreis,Külsheim,Ritter-Arnold-Straße,NA,Baden-Württemberg,9.55638,49.67853,2025,NA,FALSE,Freiflächensolaranlage,43196,NA,NA
SEE946257769188,ABR971239871825,Solareinheit,PVA Rockensußra,NA,84816,99713,Kyffhäuserkreis,Ebeleben,NA,NA,Thüringen,10.697604,51.263133,2026,NA,FALSE,Freiflächensolaranlage,136800,NA,NA
SEE945988187551,ABR937152666788,Solareinheit,Photovoltaik-Freiflächenanlage Borgdorf-Seedorf - EEG,Volleinspeisung,18127.08,24589,Rendsburg-Eckernförde,Borgdorf-Seedorf,Eichberg,3,Schleswig-Holstein,9.90696,54.17509,2026,NA,FALSE,Freiflächensolaranlage,28104,NA,NA
SEE989705219668,ABR974539103481,Solareinheit,Sulzfeld-Kleinbardorf 1.2,Volleinspeisung,18999.9,97633,Rhön-Grabfeld,Sulzfeld,NA,NA,Bayern,10.40822,50.28524,2026,NA,FALSE,Freiflächensolaranlage,30645,NA,NA
SEE966093399691,ABR960020755888,Solareinheit,Klötze Ausbau,Volleinspeisung,11544.13,38486,Altmarkkreis Salzwedel,Klötze,Hasselbusch,2,Sachsen-Anhalt,11.144847,52.617613,2026,NA,FALSE,Freiflächensolaranlage,18270,NA,NA
SEE977633219287,ABR987788900459,Solareinheit,PVA Mallersdorf-Pfaffenberg,Volleinspeisung,10513.39,84066,Straubing-Bogen,Mallersdorf-Pfaffenberg,NA,NA,Bayern,12.189845,48.768918,2026,NA,FALSE,Freiflächensolaranlage,16524,NA,NA
SEE950735011676,ABR989694130746,Solareinheit,PVA Aulendorf Wannenberg,NA,56310,88326,Ravensburg,Aulendorf,NA,NA,Baden-Württemberg,9.612753,47.953125,2026,NA,FALSE,Freiflächensolaranlage,84550,NA,NA
SEE934857822037,ABR915102938901,Solareinheit,PV Meuselwitz I,Volleinspeisung,64666,04610,Altenburger Land,Meuselwitz,NA,NA,Thüringen,12.3237,51.0442,2026,NA,FALSE,Freiflächensolaranlage,104980,NA,NA
SEE964802139606,ABR918346668238,Solareinheit,Solarpark Rohrbach X - P24-089 - Teil. 20.000 kWp - SOL25-2/198,Volleinspeisung,20000,85296,Pfaffenhofen a.d. Ilm,Rohrbach,NA,NA,Bayern,11.555838,48.601389,2027,NA,FALSE,Freiflächensolaranlage,32258,NA,NA
SEE935269163251,ABR960180079954,Solareinheit,"Solarpark Martinsheim - P23-148 - Teil 14.493,14 kWp SOL25-3/248",Volleinspeisung,14493.14,97340,Kitzingen,Martinsheim,NA,NA,Bayern,10.175776,49.60641,2026,NA,FALSE,Freiflächensolaranlage,24774,NA,NA
SEE920332365281,ABR997540835660,Solareinheit,PVA Buckow,Volleinspeisung,12520,16945,Prignitz,Kümmernitztal,NA,NA,Brandenburg,12.166915,53.255461,2027,NA,FALSE,Freiflächensolaranlage,20520,NA,NA
SEE961299116141,ABR965293603973,Solareinheit,PVA Kargow,Volleinspeisung,40800,17192,Mecklenburgische Seenplatte,Kargow,NA,NA,Mecklenburg-Vorpommern,12.780645,53.496299,2027,NA,FALSE,Freiflächensolaranlage,64760,NA,NA
SEE978690774764,ABR990770590026,Solareinheit,SP Obere Breiten 2,Volleinspeisung,14401.875,93173,Regensburg,Wenzenbach,NA,NA,Bayern,12.155346,49.073354,2026,NA,FALSE,Freiflächensolaranlage,23043,NA,NA
SEE991008057236,ABR928191160672,Solareinheit,PVA Schafhöfen Anlagenteil 1 (EEG),NA,17600,93099,Regensburg,Mötzing,NA,NA,Bayern,12.403446,48.878786,2027,NA,FALSE,Freiflächensolaranlage,25873,NA,NA
SEE963914434579,ABR928191160672,Solareinheit,PVA Schafhöfen Anlagenteil 2,NA,200000,93099,Regensburg,Mötzing,NA,NA,Bayern,12.421482,48.887633,2027,NA,FALSE,Freiflächensolaranlage,342542,NA,NA
SEE918261177013,ABR915563479555,Solareinheit,"Solarpark Seesen 19,01664 MWp",Volleinspeisung,19016.64,38723,Goslar,Seesen,NA,NA,Niedersachsen,10.145841,51.868579,2026,NA,FALSE,Freiflächensolaranlage,30672,NA,NA
SEE993385134692,ABR954110500465,Solareinheit,PVA Merbitz (EEG-Linie 1),Volleinspeisung,19439,06193,Saalekreis,Wettin-Löbejün,NA,NA,Sachsen-Anhalt,11.87644,51.620029,2026,NA,FALSE,Freiflächensolaranlage,29976,NA,NA
SEE979964592169,ABR937152666788,Solareinheit,Photovoltaik-Freiflächenanlage Borgdorf-Seedorf Teil PPA,Volleinspeisung,12415.44,24589,Rendsburg-Eckernförde,Borgdorf-Seedorf,Eichberg,3,Schleswig-Holstein,9.90696,54.17509,2026,NA,FALSE,Freiflächensolaranlage,19344,NA,NA
SEE948828247477,ABR938726435373,Solareinheit,PVAMühlhausen_Schröterode_mer,NA,22000,99974,Unstrut-Hainich-Kreis,Mühlhausen,NA,NA,Thüringen,10.29522,51.14495,2026,NA,FALSE,Freiflächensolaranlage,NA,NA,NA
SEE950533677555,ABR962822135035,Solareinheit,PVA Diesenbach BF 1,Volleinspeisung,12326,93128,Regensburg,Regenstauf,NA,NA,Bayern,12.106235,49.123246,2027,NA,FALSE,Freiflächensolaranlage,20208,NA,NA
SEE903921909240,ABR963637873662,Solareinheit,PVA Diesenbach BF 2,Volleinspeisung,16252,93128,Regensburg,Regenstauf,NA,NA,Bayern,12.104343,49.113734,2027,NA,FALSE,Freiflächensolaranlage,26643,NA,NA
SEE900442987238,ABR974083888209,Solareinheit,Oster-Schnatebüll 2.2,Volleinspeisung,10249.1,25917,Nordfriesland,Leck,NA,NA,Schleswig-Holstein,8.943888,54.768871,2026,NA,FALSE,Freiflächensolaranlage,21800,NA,NA
SEE900550220586,ABR974083888209,Solareinheit,Oster-Schnatebüll 2.3,Volleinspeisung,19971.7,25917,Nordfriesland,Leck,NA,NA,Schleswig-Holstein,8.953324,54.760949,2026,NA,FALSE,Freiflächensolaranlage,46865,NA,NA
SEE939592520774,ABR952417704500,Solareinheit,PVA Diesenbach BF 11,Volleinspeisung,15000,93128,Regensburg,Regenstauf,NA,NA,Bayern,12.107481,49.113147,2027,NA,FALSE,Freiflächensolaranlage,24200,NA,NA
SEE983547468352,ABR906653984936,Solareinheit,Photovoltaik-Freiflächenanlage Eisendorf PPA,Volleinspeisung,11225,24589,Rendsburg-Eckernförde,Eisendorf,Dorfstraße,NA,Schleswig-Holstein,9.85746,54.18394,2026,NA,FALSE,Freiflächensolaranlage,17448,NA,NA
SEE996864695714,ABR916115096862,Solareinheit,PVA Nordenham Blexen,Volleinspeisung,24730,26954,Wesermarsch,Nordenham,Titanstr.,1,Niedersachsen,8.544888,53.532293,2026,NA,FALSE,Freiflächensolaranlage,38340,NA,NA
SEE989563921086,ABR944251184761,Solareinheit,"Röthlein-West, Freifläche, 11.070 kWp",Volleinspeisung,11070,97520,Schweinfurt,Röthlein,NA,NA,Bayern,10.249377,49.973758,2026,NA,FALSE,Freiflächensolaranlage,17712,NA,NA
SEE965557541300,ABR979284923346,Solareinheit,Ho-PV Freiflächenanlage,Volleinspeisung,12988,74586,Schwäbisch Hall,Frankenhardt,NA,NA,Baden-Württemberg,10.063485,49.063414,2026,NA,FALSE,Freiflächensolaranlage,21033,NA,NA
SEE982491424490,ABR936072176544,Solareinheit,PVA Köln-Rondorf A555,Volleinspeisung,10462.5,50997,Köln,Köln,NA,NA,Nordrhein-Westfalen,6.967808,50.870307,2026,NA,FALSE,Freiflächensolaranlage,16740,NA,NA
SEE973412157245,ABR950279566267,Solareinheit,DEG Solarpark 46 GmbH ＆ Co. KG - EEG Teil,Volleinspeisung,19990.8,16845,Ostprignitz-Ruppin,Neustadt,NA,NA,Brandenburg,12.4108,52.873,2026,NA,FALSE,Freiflächensolaranlage,NA,NA,NA
SEE914868402916,ABR903150079295,Solareinheit,Hopen Sonnenenergie GmbH ＆ Co. KG - EEG Teil,NA,19951.92,25693,Dithmarschen,St. Michaelisdonn,NA,NA,Schleswig-Holstein,9.1536,53.9859,2026,NA,FALSE,Freiflächensolaranlage,NA,NA,NA
SEE941717891270,ABR992451601953,Solareinheit,SESP Photovoltaik Schladen GmbH und Co. KG,Volleinspeisung,19994.98,38315,Wolfenbüttel,Schladen,NA,NA,Niedersachsen,10.534455,52.012418,2026,NA,FALSE,Freiflächensolaranlage,31887,NA,NA
SEE950433111487,ABR958577446472,Solareinheit,PV Beerendorf,Volleinspeisung,10731.5,04509,Nordsachsen,Delitzsch,NA,NA,Sachsen,12.358556,51.52083,2027,NA,FALSE,Freiflächensolaranlage,16510,NA,NA
SEE970506362523,ABR902174931350,Solareinheit,ASE Elsterheide I,Volleinspeisung,26228.67,02979,Bautzen,Elsterheide,NA,NA,Sachsen,14.1743,51.444,2026,NA,FALSE,Freiflächensolaranlage,42632,NA,NA
SEE930549345730,ABR902174931350,Solareinheit,ASE Elsterheide III,Volleinspeisung,68783.5,02979,Bautzen,Elsterheide,NA,NA,Sachsen,14.177809,51.446096,2026,NA,FALSE,Freiflächensolaranlage,126750,NA,NA
SEE982215944525,ABR902174931350,Solareinheit,ASE Elsterheide IV,Volleinspeisung,10654.02,02979,Bautzen,Elsterheide,NA,NA,Sachsen,14.177809,51.446096,2026,NA,FALSE,Freiflächensolaranlage,17394,NA,NA
SEE957955425429,ABR902174931350,Solareinheit,ASE Elsterheide II,Volleinspeisung,22192.56,02979,Bautzen,Elsterheide,NA,NA,Sachsen,14.177809,51.446096,2026,NA,FALSE,Freiflächensolaranlage,68406,NA,NA
SEE973958340989,ABR952481560699,Solareinheit,Solarpark Monbrunn Mitte PV 3 - 17MWp,Volleinspeisung,17002.26,63897,Miltenberg,Miltenberg,NA,NA,Bayern,9.246874,49.669548,2026,NA,FALSE,Freiflächensolaranlage,27423,NA,NA
SEE970526445978,ABR963903489788,Solareinheit,Solarpark Sinzing,Volleinspeisung,10037.8,93161,Regensburg,Sinzing,NA,NA,Bayern,11.989504,49.009434,2026,NA,FALSE,Freiflächensolaranlage,16190,NA,NA
SEE981211642480,ABR954144876499,Solareinheit,Solarpark Heidäcker,Volleinspeisung,16555,74924,Rhein-Neckar-Kreis,Neckarbischofsheim,NA,NA,Baden-Württemberg,8.961915,49.308351,2026,NA,FALSE,Freiflächensolaranlage,26488,NA,NA
SEE939198363249,ABR979040163139,Solareinheit,Tibo PV Gottesgabe 3 - PV,Volleinspeisung,36248.94,15320,Märkisch-Oderland,Neutrebbin,NA,NA,Brandenburg,14.11051,52.38573,2027,NA,FALSE,Freiflächensolaranlage,57537,NA,NA
SEE979620835463,ABR932295316811,Solareinheit,173-1 Spangdahlem 1.1,Volleinspeisung,16873.92,54529,Eifelkreis Bitburg-Prüm,Spangdahlem,L46,NA,Rheinland-Pfalz,6.686516,50.00645,2026,NA,FALSE,Freiflächensolaranlage,27216,NA,NA
SEE928419407848,ABR916198639970,Solareinheit,PVA Neudorf-Zeithain,Volleinspeisung,20000,01619,Meißen,Zeithain,NA,NA,Sachsen,13.364,51.348451,2026,NA,FALSE,Freiflächensolaranlage,33888,NA,NA
SEE939055330926,ABR919254775070,Solareinheit,Solarpark Daiting,Volleinspeisung,17461.08,86653,Donau-Ries,Daiting,NA,NA,Bayern,10.88091,48.787717,2026,NA,FALSE,Freiflächensolaranlage,28392,NA,NA
SEE917536548220,ABR998433954819,Solareinheit,Solarpark MSP4 GmbH ＆ Co. KG,Volleinspeisung,18332,97892,Main-Spessart,Kreuzwertheim,NA,NA,Bayern,9.53891,49.78989,2026,NA,FALSE,Freiflächensolaranlage,29568,NA,NA
SEE932285396564,ABR919536831791,Solareinheit,Stedesand 1,Volleinspeisung,31970.64,25920,Nordfriesland,Stedesand,NA,NA,Schleswig-Holstein,8.913361,54.733232,2026,NA,FALSE,Freiflächensolaranlage,54288,NA,NA
SEE926340315232,ABR963070207239,Solareinheit,SP Lauenhagen 1,Volleinspeisung,19985.94,17335,Vorpommern-Greifswald,Strasburg,NA,NA,Mecklenburg-Vorpommern,13.687,53.519,2026,NA,FALSE,Freiflächensolaranlage,38689,NA,NA
SEE903227657913,ABR963070207239,Solareinheit,SP Lauenhagen 2,Volleinspeisung,25415.91,17335,Vorpommern-Greifswald,Strasburg,NA,NA,Mecklenburg-Vorpommern,13.687,53.519,2026,NA,FALSE,Freiflächensolaranlage,43521,NA,NA
SEE944988326861,ABR941226269942,Solareinheit,PV Halenbeck 11,Volleinspeisung,18987.075,16945,Prignitz,Halenbeck-Rohlsdorf,NA,NA,Brandenburg,12.284672,53.232486,2026,NA,FALSE,Freiflächensolaranlage,33021,NA,NA
SEE911561555901,ABR964277312603,Solareinheit,Solarpark Gatersleben,NA,11527,06467,Salzlandkreis,Hoym,NA,NA,Sachsen-Anhalt,10.523538,51.106911,2026,NA,FALSE,Freiflächensolaranlage,16236,NA,NA
SEE902924102092,ABR948822076561,Solareinheit,Solar Park Martensdorf (EEG),NA,17000,18442,Vorpommern-Rügen,Niepars,NA,NA,Mecklenburg-Vorpommern,12.9,54.3,2026,NA,FALSE,Freiflächensolaranlage,27091,NA,NA
SEE920404305917,ABR993725160466,Solareinheit,PVA Lehrte,Volleinspeisung,10613,31275,Region Hannover,Lehrte,NA,NA,Niedersachsen,9.98063,52.412774,2026,NA,FALSE,Freiflächensolaranlage,17010,NA,NA
SEE913120462217,ABR996320810545,Solareinheit,Handewitt 1.2,Volleinspeisung,15397.2,24976,Schleswig-Flensburg,Handewitt,NA,NA,Schleswig-Holstein,9.395364,54.738706,2026,NA,FALSE,Freiflächensolaranlage,26156,NA,NA
SEE941583211189,ABR924410946720,Solareinheit,"Freiflächenanlage - Bad Orb, Wächtersbach",Volleinspeisung,19999.96,63619,Main-Kinzig-Kreis,Bad Orb,NA,NA,Hessen,9.320375,50.24345,2026,NA,FALSE,Freiflächensolaranlage,32258,NA,NA
SEE918270966523,ABR938933890415,Solareinheit,SP Fohrde 1,Volleinspeisung,20000,14798,Potsdam-Mittelmark,Havelsee,NA,NA,Brandenburg,12.462352,52.476411,2026,NA,FALSE,Freiflächensolaranlage,32258,NA,NA
SEE942332654592,ABR938933890415,Solareinheit,SP Fohrde 2,Volleinspeisung,10032,14798,Potsdam-Mittelmark,Havelsee,NA,NA,Brandenburg,12.462352,52.476411,2026,NA,FALSE,Freiflächensolaranlage,16180,NA,NA
SEE918833829531,ABR975630280026,Solareinheit,Listerfehrda-EEG-Anlage,Volleinspeisung,19926,06895,Wittenberg,Zahna-Elster,NA,NA,Sachsen-Anhalt,17.870816,51.818455,2026,NA,FALSE,Freiflächensolaranlage,32400,NA,NA
SEE944974301629,ABR975630280026,Solareinheit,Listerfehrda-PPA-Anlage,Volleinspeisung,11070,06895,Wittenberg,Zahna-Elster,NA,NA,Sachsen-Anhalt,12.877525,51.817016,2026,NA,FALSE,Freiflächensolaranlage,18000,NA,NA
SEE972111790012,ABR941226269942,Solareinheit,PV Halenbeck 12,Volleinspeisung,30180.6,16945,Prignitz,Halenbeck-Rohlsdorf,NA,NA,Brandenburg,12.293513,53.235383,2026,NA,FALSE,Freiflächensolaranlage,52488,NA,NA
SEE935085273028,ABR941226269942,Solareinheit,PV Halenbeck 14,Volleinspeisung,28291.68,16945,Prignitz,Halenbeck-Rohlsdorf,NA,NA,Brandenburg,12.289451,53.231848,2026,NA,FALSE,Freiflächensolaranlage,48924,NA,NA
SEE924696674492,ABR941226269942,Solareinheit,PV Halenbeck 15,Volleinspeisung,28082.43,16945,Prignitz,Halenbeck-Rohlsdorf,NA,NA,Brandenburg,12.294806,53.230799,2026,NA,FALSE,Freiflächensolaranlage,48492,NA,NA
SEE932488908687,ABR979153918930,Solareinheit,enercity Solarpark Lehrte Ahlten PV2,Teileinspeisung (einschließlich Eigenverbrauch),18646.92,31275,Region Hannover,Lehrte,NA,NA,Niedersachsen,9.897562,52.386549,2026,NA,FALSE,Freiflächensolaranlage,30384,NA,NA
SEE938750846596,ABR954110500465,Solareinheit,PVA Merbitz (PPA-Linie 2),Volleinspeisung,34698.84,06193,Saalekreis,Wettin-Löbejün,NA,NA,Sachsen-Anhalt,11.86795,51.614641,2026,NA,FALSE,Freiflächensolaranlage,53448,NA,NA
SEE925778546713,ABR954110500465,Solareinheit,PVA Merbitz (PPA-Linie 1),Volleinspeisung,15256.8,06193,Saalekreis,Wettin-Löbejün,NA,NA,Sachsen-Anhalt,11.873955,51.616935,2026,NA,FALSE,Freiflächensolaranlage,23472,NA,NA
SEE974574867416,ABR967694372687,Solareinheit,WHV Voslapper Groden PV,Volleinspeisung,17233.22,26388,Wilhelmshaven,Wilhelmshaven,NA,NA,Niedersachsen,8.11605,53.584963,2026,NA,FALSE,Freiflächensolaranlage,27840,NA,NA
SEE917161940390,ABR994552034579,Solareinheit,Dittigheim,Volleinspeisung,17826,97941,Main-Tauber-Kreis,Tauberbischofsheim,NA,NA,Baden-Württemberg,9.664207,49.588273,2027,NA,FALSE,Freiflächensolaranlage,27216,NA,NA
SEE928922266819,ABR984948535117,Solareinheit,Solarpark Bokensdorf,NA,20000,38556,Gifhorn,Bokensdorf,NA,NA,Niedersachsen,10.7,52.51,2028,NA,FALSE,Freiflächensolaranlage,NA,NA,NA
SEE968731408680,ABR962291061378,Solareinheit,PVA Gransee Nord,NA,20000,16775,Oberhavel,Gransee,NA,NA,Brandenburg,13.164437,52.990552,2027,NA,FALSE,Freiflächensolaranlage,27972,NA,NA
SEE956853442231,ABR935045748818,Solareinheit,PVA Lengerich,NA,12000,49525,Steinfurt,Lengerich,NA,NA,Nordrhein-Westfalen,7.795514,52.191092,2027,NA,FALSE,Freiflächensolaranlage,16783,NA,NA
SEE982751804505,ABR916576109217,Solareinheit,"Solarpark Holzheim Pessenburgheim 1 - 17,7 MWp",Volleinspeisung,17727.66,86684,Donau-Ries,Holzheim,NA,NA,Bayern,10.945444,48.637796,2026,NA,FALSE,Freiflächensolaranlage,28593,NA,NA
SEE996074674790,ABR991735675833,Solareinheit,PV-Anlage Koppenlohe,Volleinspeisung,13000.2,87730,Unterallgäu,Bad Grönenbach,Darast,NA,Bayern,10.219065,47.910324,2027,NA,FALSE,Freiflächensolaranlage,21667,NA,NA
SEE949397366934,ABR918408670575,Solareinheit,PV Halenbeck 21,Volleinspeisung,28720.44,16945,Prignitz,Halenbeck-Rohlsdorf,NA,NA,Brandenburg,12.292855,53.226343,2026,NA,FALSE,Freiflächensolaranlage,49518,NA,NA
SEE986732258530,ABR987110730433,Solareinheit,Solarkraftwerk Mitterteich,Volleinspeisung,15700,95666,Tirschenreuth,Mitterteich,NA,NA,Bayern,12.211355,49.948073,2026,NA,FALSE,Freiflächensolaranlage,22112,NA,NA
SEE915315243120,ABR918408670575,Solareinheit,PV Halenbeck 22,Volleinspeisung,27773.82,16945,Prignitz,Halenbeck-Rohlsdorf,NA,NA,Brandenburg,12.309467,53.224761,2026,NA,FALSE,Freiflächensolaranlage,48168,NA,NA
SEE908418433376,ABR918408670575,Solareinheit,PV Halenbeck 24,Volleinspeisung,28193.4,16945,Prignitz,Halenbeck-Rohlsdorf,NA,NA,Brandenburg,12.311559,53.235655,2026,NA,FALSE,Freiflächensolaranlage,49032,NA,NA
SEE956170481623,ABR918408670575,Solareinheit,PV Halenbeck 25,Volleinspeisung,29594.9,16945,Prignitz,Halenbeck-Rohlsdorf,NA,NA,Brandenburg,12.306326,53.2355,2026,NA,FALSE,Freiflächensolaranlage,51354,NA,NA
SEE981705232272,ABR952180218914,Solareinheit,Solarpark Linthe PVA,NA,19999.85,14822,Potsdam-Mittelmark,Linthe,NA,NA,Brandenburg,12.772455,52.146162,2027,NA,FALSE,Freiflächensolaranlage,30769,NA,NA
SEE960415941438,ABR908758462890,Solareinheit,Solarpark Wiedergeltingen Oberes Ried - PV,Volleinspeisung,19999,86879,Unterallgäu,Wiedergeltingen,NA,NA,Bayern,10.678576,48.029283,2027,NA,FALSE,Freiflächensolaranlage,32000,NA,NA
SEE991705943290,ABR974859812599,Solareinheit,PV Pahlen,Volleinspeisung,11428.56,25794,Dithmarschen,Pahlen,NA,NA,Schleswig-Holstein,9.285943,54.265836,2026,NA,FALSE,Freiflächensolaranlage,19008,NA,NA
SEE948530918917,ABR933776283783,Solareinheit,PV Groß Kummerfeld Süd,NA,19999,24626,Segeberg,Groß Kummerfeld,NA,NA,Schleswig-Holstein,10.114989,54.016251,2027,NA,FALSE,Freiflächensolaranlage,30770,NA,NA
SEE952885805334,ABR979572328419,Solareinheit,PVA Groß Schlamin II,Volleinspeisung,10586.14,23730,Ostholstein,Schashagen,NA,NA,Schleswig-Holstein,10.870933,54.174972,2025,NA,FALSE,Freiflächensolaranlage,17542,NA,NA
SEE975743621709,ABR942222286131,Solareinheit,wpd Solarpark Spechtritz,Volleinspeisung,11700,01734,Sächsische Schweiz-Osterzgebirge,Rabenau,NA,NA,Sachsen,13.62872,50.951032,2027,NA,FALSE,Freiflächensolaranlage,NA,NA,NA
SEE924771357081,ABR952883734254,Solareinheit,PV Haideck,NA,15440,95145,Hof,Oberkotzau,NA,NA,Bayern,11.95437,50.252117,2027,NA,FALSE,Freiflächensolaranlage,24273,NA,NA
SEE979292027777,ABR991825358677,Solareinheit,Solarpark Wachow PPA,Volleinspeisung,82911.06,14641,Havelland,Nauen,NA,NA,Brandenburg,12.789202,52.559275,2026,NA,FALSE,Freiflächensolaranlage,133056,NA,NA
SEE998526478109,ABR900384825988,Solareinheit,PV Autengrün,Volleinspeisung,19740,95145,Hof,Oberkotzau,NA,NA,Bayern,11.911669,50.251404,2027,NA,FALSE,Freiflächensolaranlage,31179,NA,NA
SEE950706666546,ABR937117976556,Solareinheit,PV Konradsreuth,NA,19740,95176,Hof,Konradsreuth,NA,NA,Bayern,11.8759,50.27748,2027,NA,FALSE,Freiflächensolaranlage,NA,NA,NA
SEE957121624731,ABR943718085122,Solareinheit,PV Förstenreuth II,Volleinspeisung,11940,95236,Hof,Stammbach,NA,NA,Bayern,11.707006,50.165163,2027,NA,FALSE,Freiflächensolaranlage,NA,NA,NA
SEE907663720705,ABR969440732721,Solareinheit,Solarpark Gachenbach PR II - P26-076,Volleinspeisung,16500,86565,Neuburg-Schrobenhausen,Gachenbach,NA,NA,Bayern,11.248947,48.510074,2028,NA,FALSE,Freiflächensolaranlage,26613,NA,NA
SEE983054632215,ABR905133523580,Solareinheit,Dürrer Weiher EEG,Volleinspeisung,13612.725,94554,Deggendorf,Moos,NA,NA,Bayern,12.9343,48.75032,2025,NA,FALSE,Freiflächensolaranlage,21105,NA,NA
SEE926264772494,ABR905133523580,Solareinheit,Dürrer Weiher EEG,Volleinspeisung,13612.725,94554,Deggendorf,Moos,NA,NA,Bayern,12.93457,48.7495,2025,NA,FALSE,Freiflächensolaranlage,21105,NA,NA
SEE980712343698,ABR958570754338,Solareinheit,Memmelsdorf-Drosendorf,Volleinspeisung,19000.625,96117,Bamberg,Memmelsdorf,NA,NA,Bayern,10.96996,49.95052,2026,NA,FALSE,Freiflächensolaranlage,30401,NA,NA
SEE992245435122,ABR958570754338,Solareinheit,Knetzgau-Autobahn 1.4,Volleinspeisung,14000,97478,Haßberge,Knetzgau,NA,NA,Bayern,10.56179,49.97702,2026,NA,FALSE,Freiflächensolaranlage,22400,NA,NA
SEE941394283764,ABR958379400542,Solareinheit,Herbstadt-Ottelmannshausen BA2,NA,19875,97633,Rhön-Grabfeld,Herbstadt,NA,NA,Bayern,10.4876,50.34188,2027,NA,FALSE,Freiflächensolaranlage,31800,NA,NA
SEE969595135897,ABR914252282728,Solareinheit,PV-Park Brechen_1,Volleinspeisung,10988.16,65611,Limburg-Weilburg,Brechen,Heidestraße,NA,Hessen,8.172338,50.345725,2027,NA,FALSE,Freiflächensolaranlage,18624,NA,NA
SEE931807928689,ABR910486930206,Solareinheit,Weißenbrunn-Wildenberg BA2,NA,15000,96369,Kronach,Weißenbrunn,NA,NA,Bayern,11.34435,50.19072,2027,NA,FALSE,Freiflächensolaranlage,24000,NA,NA
SEE950851729011,ABR914252282728,Solareinheit,PV-Park Brechen_2,Volleinspeisung,10988.16,65611,Limburg-Weilburg,Brechen,Heidestraße,NA,Hessen,8.172338,50.345725,2027,NA,FALSE,Freiflächensolaranlage,18624,NA,NA
SEE905648728548,ABR925296821910,Solareinheit,Borgstedtfelde 1,NA,10500,24794,Rendsburg-Eckernförde,Borgstedt,NA,NA,Schleswig-Holstein,9.681682,54.338749,2028,NA,FALSE,Freiflächensolaranlage,NA,NA,NA
SEE971236943761,ABR958666677510,Solareinheit,Schernfeld-Schönfeld,NA,15000,85132,Eichstätt,Schernfeld,NA,NA,Bayern,11.06434,48.90872,2027,NA,FALSE,Freiflächensolaranlage,24000,NA,NA
SEE995951585556,ABR999665975979,Solareinheit,Ebersdorf b. Coburg-Kleingarnstadt,NA,15000,96237,Coburg,Ebersdorf,NA,NA,Bayern,11.07727,50.25888,2027,NA,FALSE,Freiflächensolaranlage,24000,NA,NA
SEE946069771249,ABR963699520559,Solareinheit,PVA Dummerstorf Energiewende 2,NA,20000,18184,Rostock,Roggentin,Konrad-Zuse-Str.,1a,Mecklenburg-Vorpommern,12.25343,54.026285,2026,NA,FALSE,Freiflächensolaranlage,NA,NA,NA
SEE982810095158,ABR937367252035,Solareinheit,Bad Wünnenberg 3,NA,14300,33181,Paderborn,Bad Wünnenberg,NA,NA,Nordrhein-Westfalen,8.780985,51.557899,2028,NA,FALSE,Freiflächensolaranlage,NA,NA,NA
SEE973686326514,ABR902828591244,Solareinheit,Frankfurt Oder West 2.3,NA,19300,15234,Frankfurt (Oder),Frankfurt,NA,NA,Brandenburg,14.469113,52.32493,2028,NA,FALSE,Freiflächensolaranlage,NA,NA,NA
SEE913007099246,ABR963699520559,Solareinheit,PVA Dummerstorf Energiewende 3,NA,20000,18184,Rostock,Roggentin,Konrad-Zuse-Str.,1a,Mecklenburg-Vorpommern,12.243126,54.025037,2026,NA,FALSE,Freiflächensolaranlage,NA,NA,NA
SEE925912913968,ABR934635875712,Solareinheit,Bagenz 2.2,NA,19000,03058,Spree-Neiße,Neuhausen,NA,NA,Brandenburg,14.437698,51.63771,2028,NA,FALSE,Freiflächensolaranlage,NA,NA,NA
SEE975796013551,ABR914224652122,Solareinheit,Rickling 1.3,Volleinspeisung,10200,24635,Segeberg,Rickling,NA,NA,Schleswig-Holstein,10.19925,53.981572,2028,NA,FALSE,Freiflächensolaranlage,NA,NA,NA
SEE938102892486,ABR969828869711,Solareinheit,PV Münchweiler 2,Volleinspeisung,15347.02,67728,Donnersbergkreis,Münchweiler,NA,NA,Rheinland-Pfalz,7.891851,49.55744,2026,NA,FALSE,Freiflächensolaranlage,26208,NA,NA
SEE919758518753,ABR954603191934,Solareinheit,PV Airport Düsseldorf,Volleinspeisung,19538.82,40474,Düsseldorf,Düsseldorf,NA,NA,Nordrhein-Westfalen,6.765067,51.293649,2026,NA,FALSE,Freiflächensolaranlage,31014,NA,NA
SEE970348894725,ABR925871654582,Solareinheit,PV Krampfer,NA,20520,19339,Prignitz,Plattenburg,NA,NA,Brandenburg,12.049421,53.058825,2027,NA,FALSE,Freiflächensolaranlage,NA,NA,NA
SEE988375563750,ABR996629669967,Solareinheit,Allenbach14,Volleinspeisung,16988.88,55758,Birkenfeld,Allenbach,In der Treib,NA,Rheinland-Pfalz,7.154518,49.756207,2026,NA,FALSE,Freiflächensolaranlage,23928,NA,NA
SEE906657578247,ABR948317626097,Solareinheit,PV Langer Berg II GmbH ＆ Co.KG,Volleinspeisung,12017.88,74579,Schwäbisch Hall,Fichtenau,NA,NA,Baden-Württemberg,10.173063,49.06335,2026,NA,FALSE,Freiflächensolaranlage,19076,NA,NA
SEE939818947224,ABR915148335061,Solareinheit,Aubstadt-Nord 1.2,NA,18999.375,97633,Rhön-Grabfeld,Aubstadt,NA,NA,Bayern,10.443012,50.345591,2026,NA,FALSE,Freiflächensolaranlage,30399,NA,NA
SEE984005489254,ABR906610942177,Solareinheit,Trappstadt-Nord 1.2,NA,18996.68,97633,Rhön-Grabfeld,Trappstadt,NA,NA,Bayern,10.568435,50.33641,2026,NA,FALSE,Freiflächensolaranlage,30386,NA,NA
SEE963682411550,ABR976005717536,Solareinheit,PV Wickendorf,Volleinspeisung,14384.4,96358,Kronach,Teuschnitz,NA,NA,Bayern,11.374787,50.37032,2026,NA,FALSE,Freiflächensolaranlage,23232,NA,NA
SEE976353019610,ABR951054133315,Solareinheit,Trappstadt-Alsleben Ost 1.2,NA,18999.98,97633,Rhön-Grabfeld,Trappstadt,NA,NA,Bayern,10.595075,50.291488,2026,NA,FALSE,Freiflächensolaranlage,30350,NA,NA
SEE919039326244,ABR934417833909,Solareinheit,BEBRN04,Volleinspeisung,11676.69,74542,Schwäbisch Hall,Braunsbach,NA,NA,Baden-Württemberg,9.82164,49.223049,2026,NA,FALSE,Freiflächensolaranlage,18927,NA,NA
SEE941726740224,ABR952984721870,Solareinheit,Trappstadt-Alsleben West 1.2,Volleinspeisung,18999.98,97633,Rhön-Grabfeld,Trappstadt,NA,NA,Bayern,10.536535,50.292331,2026,NA,FALSE,Freiflächensolaranlage,30350,NA,NA
SEE966185050875,ABR958379400542,Solareinheit,Herbstadt-Ottelmannshausen 1.2,NA,18999.1,97633,Rhön-Grabfeld,Herbstadt,NA,NA,Bayern,10.483123,50.34762,2026,NA,FALSE,Freiflächensolaranlage,30399,NA,NA
SEE900453849983,ABR972469195583,Solareinheit,PV LAU FF LW (inkl. Pacht),Teileinspeisung (einschließlich Eigenverbrauch),17790.9,89129,Alb-Donau-Kreis,Langenau,NA,NA,Baden-Württemberg,10.172922,48.502447,2026,NA,FALSE,Freiflächensolaranlage,28695,NA,NA
SEE987196937276,ABR925871654582,Solareinheit,PV Groß Gottschow,NA,33400,19339,Prignitz,Plattenburg,NA,NA,Brandenburg,11.999129,53.074184,2027,NA,FALSE,Freiflächensolaranlage,NA,NA,NA
SEE906350785294,ABR939517505596,Solareinheit,Rickling 1.2,Volleinspeisung,19003.18,24635,Segeberg,Rickling,NA,NA,Schleswig-Holstein,10.204519,53.980082,2026,NA,FALSE,Freiflächensolaranlage,30576,NA,NA
SEE944165985546,ABR954022931739,Solareinheit,PV Schäftersheim,Volleinspeisung,12999.78,97990,Main-Tauber-Kreis,Weikersheim,NA,NA,Baden-Württemberg,9.918262,49.514538,2026,NA,FALSE,Freiflächensolaranlage,29012,NA,NA
SEE993468884940,ABR946062837478,Solareinheit,BEE Solarpark Trebbow GmbH ＆ Co. KG,Volleinspeisung,21000,19069,Nordwestmecklenburg,Klein Trebbow,NA,NA,Mecklenburg-Vorpommern,11.215519,53.433859,2027,NA,FALSE,Freiflächensolaranlage,65529,NA,NA
SEE995438375670,ABR902595304665,Solareinheit,Landscheide Ost 1.2,Volleinspeisung,19140.81,25572,Steinburg,Landscheide,NA,NA,Schleswig-Holstein,9.262702,53.924177,2026,NA,FALSE,Freiflächensolaranlage,32656,NA,NA
SEE912360272563,ABR954492621888,Solareinheit,BEE Solarpark Alt Meteln GmbH ＆ Co. KG,NA,32000,19069,Nordwestmecklenburg,Alt Meteln,NA,NA,Mecklenburg-Vorpommern,11.191302,53.434683,2027,NA,FALSE,Freiflächensolaranlage,51128,NA,NA
SEE905812674275,ABR960381584554,Solareinheit,Solarpark Mühlhausen - Ehingen  Teil 1,Volleinspeisung,17586.72,78259,Konstanz,Mühlhausen-Ehingen,NA,NA,Baden-Württemberg,8.825407,47.829219,2026,NA,FALSE,Freiflächensolaranlage,27834,NA,NA
SEE938428108506,ABR953545704097,Solareinheit,BEE Solarpark Pingelshagen GmbH ＆ Co. KG,Volleinspeisung,42000,19069,Nordwestmecklenburg,Pingelshagen,NA,NA,Mecklenburg-Vorpommern,11.204863,53.413729,2027,NA,FALSE,Freiflächensolaranlage,65856,NA,NA
SEE945917972807,ABR919164319098,Solareinheit,Ramelsloh 3.1,Volleinspeisung,10205.91,21220,Harburg,Seevetal,NA,NA,Niedersachsen,10.029563,53.358581,2026,NA,FALSE,Freiflächensolaranlage,17446,NA,NA
SEE943378273730,ABR909089540592,Solareinheit,Nordhausen 3.2,Volleinspeisung,19015.75,99734,Nordhausen,Nordhausen,NA,NA,Thüringen,10.788683,51.468523,2026,NA,FALSE,Freiflächensolaranlage,32396,NA,NA
SEE972515745991,ABR903690099142,Solareinheit,PV Park Untermettenbach 1,Volleinspeisung,12792.075,85290,Pfaffenhofen a.d. Ilm,Geisenfeld,NA,NA,Bayern,11.64582,48.66828,2026,NA,FALSE,Freiflächensolaranlage,20145,NA,NA
SEE917989955347,ABR927989910574,Solareinheit,Stendal 8.2,Volleinspeisung,17368.68,39576,Stendal,Stendal,NA,NA,Sachsen-Anhalt,11.970393,52.60207,2026,NA,FALSE,Freiflächensolaranlage,27888,NA,NA
SEE995651436356,ABR963785095480,Solareinheit,BEADL01,Volleinspeisung,15546.735,74740,Neckar-Odenwald-Kreis,Adelsheim,NA,NA,Baden-Württemberg,9.434386,49.396456,2026,NA,FALSE,Freiflächensolaranlage,25218,NA,NA
SEE900642794056,ABR943343968463,Solareinheit,BEBCH01,Volleinspeisung,17876.565,74722,Neckar-Odenwald-Kreis,Buchen,NA,NA,Baden-Württemberg,9.37681,49.491481,2026,NA,FALSE,Freiflächensolaranlage,28998,NA,NA
SEE964789566778,ABR943343968463,Solareinheit,BEBCH02,Volleinspeisung,18909.315,74722,Neckar-Odenwald-Kreis,Buchen,NA,NA,Baden-Württemberg,9.405097,49.525115,2026,NA,FALSE,Freiflächensolaranlage,30672,NA,NA
SEE933071777291,ABR915209255888,Solareinheit,PVA Löwenberger Land I.II,Volleinspeisung,13603.6,16775,Oberhavel,Löwenberger Land,NA,NA,Brandenburg,13.162601,52.89052,2026,NA,FALSE,Freiflächensolaranlage,23057,NA,NA
SEE971995139542,ABR915209255888,Solareinheit,PVA Löwenberger Land II,Volleinspeisung,35396.46,16775,Oberhavel,Löwenberger Land,NA,NA,Brandenburg,13.159636,52.887284,2026,NA,FALSE,Freiflächensolaranlage,59994,NA,NA
SEE922346394912,ABR926402145326,Solareinheit,PVA Schlatt EEG,Volleinspeisung,11184,78224,Konstanz,Singen,NA,NA,Baden-Württemberg,8.847921,47.8051,2026,NA,FALSE,Freiflächensolaranlage,17476,NA,NA
SEE902063546085,ABR946991406660,Solareinheit,PV- Freiflächenanlage Hupperath,Volleinspeisung,16232.94,54518,Bernkastel-Wittlich,Hupperath,NA,NA,Rheinland-Pfalz,6.812965,49.997024,2026,NA,FALSE,Freiflächensolaranlage,25770,NA,NA
SEE902557075237,ABR930971641615,Solareinheit,Solarpark Bodenrode GmbH,Volleinspeisung,10355,37308,Eichsfeld,Bodenrode-Westhausen,NA,NA,Thüringen,10.209545,51.404058,2026,NA,FALSE,Freiflächensolaranlage,NA,NA,NA
SEE936535174797,ABR942441428305,Solareinheit,PV Stüdenitz 2,Volleinspeisung,30384,16845,Ostprignitz-Ruppin,Stüdenitz-Schönermark,NA,NA,Brandenburg,12.289276,52.90059,2026,NA,FALSE,Freiflächensolaranlage,49476,NA,NA
SEE986654473820,ABR909584132094,Solareinheit,"Solarpark Velburg VI - P24-288 - 11.488,23 kWp - SOL24-2/469",Volleinspeisung,11488.23,92355,Neumarkt i.d. OPf.,Velburg,NA,NA,Bayern,11.638354,49.236697,2026,NA,FALSE,Freiflächensolaranlage,19638,NA,NA
SEE995727844832,ABR905489726215,Solareinheit,PV-Freiflächenanlage Dedendorf,Volleinspeisung,10269.22,27333,Nienburg (Weser),Bücken,NA,NA,Niedersachsen,9.113717,52.788749,2026,NA,FALSE,Freiflächensolaranlage,16172,NA,NA
SEE967580958841,ABR989757177299,Solareinheit,Bürger-Solarpark Eching Ost Ausschreibung,Volleinspeisung,19008,85386,Freising,Eching,NA,NA,Bayern,11.629985,48.318591,2026,NA,FALSE,Freiflächensolaranlage,29700,NA,NA
SEE988664130083,ABR917531644545,Solareinheit,Bürgersolarpark Hirschfeld II,Volleinspeisung,14767,97520,Schweinfurt,Röthlein,NA,NA,Bayern,10.205776,49.946885,2026,NA,FALSE,Freiflächensolaranlage,23936,NA,NA
SEE961116696214,ABR950846499431,Solareinheit,Bürgersolarpark Weißbach - Anlagenteil EEG-Ausschreibung,NA,15139.035,74679,Hohenlohekreis,Weißbach,NA,NA,Baden-Württemberg,9.594837,49.330045,2026,NA,FALSE,Freiflächensolaranlage,23841,NA,NA
SEE953642512083,ABR980552699184,Solareinheit,PVA Weißensand - Teilanlage 2,Volleinspeisung,13500.54,08485,Vogtlandkreis,Lengenfeld,Irfersgrüner Straße,17,Sachsen,12.29833,50.573589,2026,NA,FALSE,Freiflächensolaranlage,21384,NA,NA
SEE909516595997,ABR901089779446,Solareinheit,Bürgersolarpark Cleversulzbach,Volleinspeisung,16410.24,74196,Heilbronn,Neuenstadt,NA,NA,Baden-Württemberg,9.34599,49.218503,2026,NA,FALSE,Freiflächensolaranlage,25623,NA,NA
SEE910361725033,ABR958736549303,Solareinheit,Schönefeld,Volleinspeisung,47586.12,12529,Dahme-Spreewald,Schönefeld,NA,NA,Brandenburg,10.487153,51.107114,2026,NA,FALSE,Freiflächensolaranlage,74064,NA,NA
SEE946968934905,ABR985302548026,Solareinheit,Lohnweiler PVA,Volleinspeisung,19992,67744,Kusel,Lohnweiler,NA,NA,Rheinland-Pfalz,7.582626,49.628337,2026,NA,FALSE,Freiflächensolaranlage,32508,NA,NA
SEE954047774441,ABR906989755231,Solareinheit,Solarpark Nörten-Hardenberg A,Volleinspeisung,16117.2,37176,Northeim,Nörten-Hardenberg,NA,NA,Niedersachsen,9.943752,51.648248,2026,NA,FALSE,Freiflächensolaranlage,26640,NA,NA
SEE988180294672,ABR901195520642,Solareinheit,"Solarpark Hohenwart II - P22-432 - 10.451,00 kWp - SOL24-2/193",Volleinspeisung,10451,86558,Pfaffenhofen a.d. Ilm,Hohenwart,NA,NA,Bayern,11.382419,48.577652,2026,NA,FALSE,Freiflächensolaranlage,16856,NA,NA
SEE983791314795,ABR938933890415,Solareinheit,SP Prützke 1,Volleinspeisung,20000,14797,Potsdam-Mittelmark,Kloster Lehnin,NA,NA,Brandenburg,12.638972,52.339056,2026,NA,FALSE,Freiflächensolaranlage,32252,NA,NA
SEE958045275603,ABR975275452468,Solareinheit,PV Bohrau 1.BA EEA 2,Volleinspeisung,15542.28,03149,Spree-Neiße,Forst,NA,NA,Brandenburg,14.558773,51.779683,2026,NA,FALSE,Freiflächensolaranlage,26568,NA,NA
SEE906212242095,ABR975275452468,Solareinheit,PV Bohrau 1.BA EEA 3,Volleinspeisung,17072.64,03149,Spree-Neiße,Forst,NA,NA,Brandenburg,14.558773,51.779683,2026,NA,FALSE,Freiflächensolaranlage,29184,NA,NA
SEE914169440839,ABR975275452468,Solareinheit,PV Bohrau 1.BA EEA 4,Volleinspeisung,16264.08,03149,Spree-Neiße,Forst,NA,NA,Brandenburg,14.558773,51.779683,2026,NA,FALSE,Freiflächensolaranlage,27864,NA,NA
SEE938951595712,ABR975275452468,Solareinheit,PV Bohrau 1.BA EEA 5,Volleinspeisung,17774.64,03149,Spree-Neiße,Forst,NA,NA,Brandenburg,14.558773,51.779683,2026,NA,FALSE,Freiflächensolaranlage,30384,NA,NA
SEE959661821526,ABR975275452468,Solareinheit,PV Bohrau 1.BA EEA 6,Volleinspeisung,17437.68,03149,Spree-Neiße,Forst,NA,NA,Brandenburg,14.558773,51.779683,2026,NA,FALSE,Freiflächensolaranlage,29808,NA,NA
SEE949128750797,ABR975275452468,Solareinheit,PV Bohrau 1.BA EEA 7,Volleinspeisung,15682.68,03149,Spree-Neiße,Forst,NA,NA,Brandenburg,14.558773,51.779683,2026,NA,FALSE,Freiflächensolaranlage,26808,NA,NA
SEE925635891642,ABR975275452468,Solareinheit,PV Bohrau 1.BA EEA 8,Volleinspeisung,16988.4,03149,Spree-Neiße,Forst,NA,NA,Brandenburg,14.558773,51.779683,2026,NA,FALSE,Freiflächensolaranlage,29040,NA,NA
SEE967689492031,ABR981124967007,Solareinheit,FPV Cottbuser Ostsee EEA2,Volleinspeisung,18300.36,03052,Cottbus,Cottbus,NA,NA,Brandenburg,14.4322,51.7898,2026,NA,FALSE,Freiflächensolaranlage,31964,NA,NA
SEE930567958639,ABR935334264296,Solareinheit,BEE - PVA Dornheim,Volleinspeisung,11900,99310,Ilm-Kreis,Dornheim,NA,NA,Thüringen,11.006906,50.836083,2028,NA,FALSE,Freiflächensolaranlage,16528,NA,NA
SEE930698703917,ABR949868004679,Solareinheit,Sun Park Scheven-Kalenberg,Volleinspeisung,12822.6,53925,Euskirchen,Kall,NA,NA,Nordrhein-Westfalen,6.591786,50.564395,2026,NA,FALSE,Freiflächensolaranlage,18060,NA,NA
SEE967953679625,ABR994151611768,Solareinheit,PVA Jagsal 1,Volleinspeisung,19457.55,04936,Elbe-Elster,Schlieben,NA,NA,Brandenburg,13.336564,51.673916,2026,NA,FALSE,Freiflächensolaranlage,26838,NA,NA
SEE947531435508,ABR916115096862,Solareinheit,PV A44n Jüchen Südwest,Volleinspeisung,19176,41363,Rhein-Kreis Neuss,Jüchen,NA,NA,Nordrhein-Westfalen,6.498517,51.053108,2026,NA,FALSE,Freiflächensolaranlage,29457,NA,NA
SEE945953226902,ABR979856319386,Solareinheit,PV-Rinkerode GmbH ＆ Co.KG,Volleinspeisung,10095,48317,Warendorf,Drensteinfurt,Eickenbeck,NA,Nordrhein-Westfalen,7.706389,51.825259,2026,NA,FALSE,Freiflächensolaranlage,17280,NA,NA
SEE974779455616,ABR904369354678,Solareinheit,Solarpark Lachendorf,Volleinspeisung,48258.6,29353,Celle,Ahnsbeck,NA,NA,Niedersachsen,10.15088,52.36054,2026,NA,FALSE,Freiflächensolaranlage,NA,NA,NA
SEE985823652479,ABR911401704872,Solareinheit,PV-Projekt Auhofen,Volleinspeisung,24994.98,85646,Ebersberg,Anzing,NA,NA,Bayern,11.8575,48.170956,2026,NA,FALSE,Freiflächensolaranlage,34155,NA,NA
SEE907170598026,ABR949229937646,Solareinheit,Solarpark Dietmannsried A7 Anlage 2,Volleinspeisung,10216.98,87463,Oberallgäu,Dietmannsried,NA,NA,Bayern,10.307192,47.807672,2026,NA,FALSE,Freiflächensolaranlage,16479,NA,NA
SEE932106964484,ABR983064907242,Solareinheit,PV Park Ferneichlberg 1,Volleinspeisung,14636.78,93128,Regensburg,Regenstauf,NA,NA,Bayern,12.07891,49.13534,2026,NA,FALSE,Freiflächensolaranlage,23608,NA,NA
SEE953757455695,ABR983064907242,Solareinheit,PV Park Ferneichlberg 2,Volleinspeisung,10331.2,93128,Regensburg,Regenstauf,NA,NA,Bayern,12.07891,49.13534,2026,NA,FALSE,Freiflächensolaranlage,16595,NA,NA
SEE970547048820,ABR937995708027,Solareinheit,FFPVA Bissendorf-Himbergen,Volleinspeisung,15210,49143,Osnabrück,Bissendorf,Westerwiesenweg,NA,Niedersachsen,8.187481,52.230081,2027,NA,FALSE,Freiflächensolaranlage,23763,NA,NA
SEE911786431301,ABR945793748855,Solareinheit,SEE_2025_Zemmer,Volleinspeisung,23536.44,54313,Trier-Saarburg,Zemmer,NA,NA,Rheinland-Pfalz,6.691735,49.908544,2026,NA,FALSE,Freiflächensolaranlage,37962,NA,NA
SEE974398336525,ABR928023152547,Solareinheit,FFPVA Bohmterheide,Volleinspeisung,16720,49163,Osnabrück,Bohmte,NA,NA,Niedersachsen,8.317084,52.387023,2027,NA,FALSE,Freiflächensolaranlage,26121,NA,NA
SEE981070005181,ABR952603495922,Solareinheit,Solarpark Kuchenheim,Volleinspeisung,16077.6,53881,Euskirchen,Euskirchen,NA,NA,Nordrhein-Westfalen,6.819317,50.659275,2027,NA,FALSE,Freiflächensolaranlage,22176,NA,NA
SEE956714137351,ABR912247914487,Solareinheit,Gut Schulze-Aden Solarkraftwerk GmbH,Volleinspeisung,30465,59329,Warendorf,Wadersloh,Bühlheider Weg,6,Nordrhein-Westfalen,8.2361,51.721,2026,NA,FALSE,Freiflächensolaranlage,48537,NA,NA
SEE975226417607,ABR920811141658,Solareinheit,Bürgersolarpark Rössing 1,Volleinspeisung,17588.34,31171,Hildesheim,Nordstemmen,NA,NA,Niedersachsen,9.829142,52.18641,2026,NA,FALSE,Freiflächensolaranlage,27918,NA,NA
SEE940843342892,ABR905314360300,Solareinheit,PVA Badem II,Volleinspeisung,14053.905,54657,Eifelkreis Bitburg-Prüm,Badem,NA,NA,Rheinland-Pfalz,6.592588,50.016362,2027,NA,FALSE,Freiflächensolaranlage,21789,NA,NA
SEE971696767037,ABR945736371027,Solareinheit,KST 337 Körbelitz,Volleinspeisung,25000,39175,Jerichower Land,Körbelitz,NA,NA,Sachsen-Anhalt,11.7888,52.203075,2026,NA,FALSE,Freiflächensolaranlage,41695,NA,NA
SEE992808848444,ABR929102397255,Solareinheit,Solarpark Erisweiler I,NA,21420,86476,Günzburg,Neuburg,NA,NA,Bayern,10.3512,48.2853,2026,NA,FALSE,Freiflächensolaranlage,29754,NA,NA
SEE940995937083,ABR984944474410,Solareinheit,PV-Park Wettersbach-1,Volleinspeisung,15599,36124,Fulda,Eichenzell,NA,NA,Hessen,9.717199,50.469051,2026,NA,FALSE,Freiflächensolaranlage,24565,NA,NA
SEE905343346214,ABR907326834909,Solareinheit,Siedenbollentin 1.2,Volleinspeisung,19017.44,17089,Mecklenburgische Seenplatte,Siedenbollentin,NA,NA,Mecklenburg-Vorpommern,13.394474,53.719336,2026,NA,FALSE,Freiflächensolaranlage,32448,NA,NA
SEE910117663909,ABR909476450664,Solareinheit,PVA Kalbe,Volleinspeisung,19997.67,27419,Rotenburg (Wümme),Kalbe,NA,NA,Niedersachsen,9.54887,53.30545,2026,NA,FALSE,Freiflächensolaranlage,27583,NA,NA
SEE944888921678,ABR986258318664,Solareinheit,PVA Kahsel-Nord,Volleinspeisung,19964,03058,Spree-Neiße,Neuhausen,NA,NA,Brandenburg,14.45784,51.650145,2026,NA,FALSE,Freiflächensolaranlage,30510,NA,NA
SEE963037324665,ABR916426084244,Solareinheit,"PV-Freiflächenanlage Rodewald, Fläche 1 und 2",Volleinspeisung,19992.96,31637,Nienburg (Weser),Rodewald,NA,NA,Niedersachsen,9.448414,52.718151,2027,NA,FALSE,Freiflächensolaranlage,31239,NA,NA
SEE913278859051,ABR986258318664,Solareinheit,PVA Kahsel-Süd,Volleinspeisung,18392.4,03058,Spree-Neiße,Neuhausen,NA,NA,Brandenburg,14.453759,51.647069,2026,NA,FALSE,Freiflächensolaranlage,28296,NA,NA
SEE991821125426,ABR907026529877,Solareinheit,Solarkraftwerk Großbardorf II Teil II,Volleinspeisung,17799.375,97633,Rhön-Grabfeld,Großbardorf,NA,NA,Bayern,10.35741,50.24248,2026,NA,FALSE,Freiflächensolaranlage,28479,NA,NA
SEE966882210435,ABR980136555608,Solareinheit,Stammbach Zuschlag,Volleinspeisung,19029.6,95236,Hof,Stammbach,NA,NA,Bayern,11.7502,50.154112,2026,NA,FALSE,Freiflächensolaranlage,26430,NA,NA
SEE922449721509,ABR948093420797,Solareinheit,Stendal 4.2,Volleinspeisung,17647.16,39576,Stendal,Stendal,NA,NA,Sachsen-Anhalt,11.882494,52.578491,2026,NA,FALSE,Freiflächensolaranlage,28332,NA,NA
SEE921856912296,ABR949401770320,Solareinheit,Robox Altbau,Teileinspeisung (einschließlich Eigenverbrauch),166980,83026,Rosenheim,Rosenheim,Äußere Oberaustraße,20,Bayern,12.078979,47.850904,2026,NA,FALSE,Gebäudesolaranlage,363,NA,NA
SEE974053916581,ABR950562547461,Solareinheit,PVA Harnekop,Volleinspeisung,107090.315,15345,Märkisch-Oderland,Prötzel,NA,NA,Brandenburg,14.030448,52.690895,2026,NA,FALSE,Freiflächensolaranlage,167736,NA,NA
SEE946800698682,ABR926383497810,Solareinheit,PVA Dortmund,Volleinspeisung,12150,44229,Dortmund,Dortmund,NA,NA,Nordrhein-Westfalen,7.43821,51.44461,2026,NA,FALSE,Freiflächensolaranlage,19440,NA,NA
SEE950377571262,ABR933233150474,Solareinheit,Schnepf PV,Teileinspeisung (einschließlich Eigenverbrauch),10670,76461,Rastatt,Muggensturm,NA,NA,Baden-Württemberg,NA,NA,2026,NA,FALSE,Gebäudesolaranlage,22,NA,NA
