nr_betreiber,name_betreiber,betrieb_rechtsform,betrieb_strasse,betrieb_hausnummer,betrieb_ort,betrieb_plz,betrieb_web,konzerngruppe
ABR930129817008,Windpark Kreuzstein GmbH ＆ Co. KG,GmbH & Co. KG,Niederhoner Straße,36,Eschwege,37269,www.windpark-kreuzstein.de,NA
ABR942217905054,ENGIE Deutschland GmbH,GmbH,Aachener Str.,1044 ,Köln,50858,engie-deutschland.de,ENGIE
ABR987101166937,Windpark Düste zwei UG (haftungsbeschränkt) ＆ Co. KG,UG (haftungsbeschränkt) & Co. KG,Kesselstraße,3,Düsseldorf,40221,aream.de,NA
ABR947413919072,Windpark Jalm Pool GmbH ＆ Co. KG,GmbH & Co. KG,Jalm,5,Sieverstedt,24885,www.dirkshof.de,NA
ABR998735752212,Iqony Battery System,GmbH,Rüttenscheider Str.,1,Essen,45128,www.steag.com,STEAG/Iqony
ABR978096504668,Iqony Energies GmbH,GmbH,St. Johanner Strasse,101 - 105,Saarbrücken,66115,https://energies.iqony.energy/de/,NA
ABR967895852209,Lausitz Energie Kraftwerke AG,AG,Leagplatz,1,Cottbus,03050,https://www.leag.de/,EPH
ABR933233078730,RheinEnergie AG,AG,Parkgürtel,24,Köln,50823,http://www.rheinenergie.com,NA
ABR915068942295,EnBW Energie Baden-Württemberg AG,AG,Durlacher Allee,93,Karlsruhe,76131,NA,EnBW
ABR976049890431,STAWAG Energie GmbH,GmbH,Lombardenstraße,12 /22,Aachen,52070,NA,NA
ABR932682301871,BayWa r.e. Energieprojekte GmbH,GmbH,Arabellastraße,4,München,81925,www.baywa-re.de,NA
ABR940188616252,WUN Pellets GmbH,GmbH,Am Energiepark,3,Wunsiedel,95632,www.s-w-w.com,NA
ABR969596914101,Merck KGaA,KGaA,Frankfurter Straße,250,Darmstadt,64293,www.merckgroup.com,NA
ABR923759425026,WEA Sögel Süd I GmbH ＆ Co. KG,GmbH & Co. KG,Nessestraße,24,Leer,26789,https://www.enercity-erneuerbare.de/,NA
ABR955446064188,Gunvor Raffinerie Ingolstadt GmbH,GmbH,Essostraße,1 ,Kösching,85092,www.gunvor-raffinerie-ingolstadt.de,NA
ABR930370675969,Stadtwerke Emden GmbH,GmbH,Martin-Faber-Straße,11,Emden,26725,NA,NA
ABR955469853677,Energiepark Simonsberg,GmbH & Co. KG,Querweg,4,Simonsberg,25813,NA,NA
ABR958981747912,Windpark Münsterwald GmbH ＆ Co. KG,GmbH & Co. KG,Lombardenstraße,12-22,Aachen,52070,NA,NA
ABR999408386086,UKA Umweltgerechte Kraftanlagen GmbH ＆ Co. KG,GmbH & Co. KG,Dr.-Eberle-Platz,1,Meißen,01662,www.uka-gruppe.de,NA
ABR944873398522,Thermische Abfallbehandlung Lauta GmbH ＆ Co. oHG,GmbH & Co. oHG,Industrie- und Gewerbegebiet Lauta Straße B,5,Lauta,02991,https://www.t-a-lauta.de/ta-lauta/,NA
ABR901047920507,swb Erzeugung AG ＆ Co. KG,Sonstige,Theodor-Heuss-Allee,20,Bremen,28215,NA,NA
ABR940027560456,Windpark Görike/Söllenthin GmbH ＆ Co. KG Renditefonds,GmbH & Co. KG,Stephanitorsbollwerk,3,Bremen,28217,http://www.windmanager.de/,NA
ABR941327672986,Liepener Wind Projektbeteiligungs GmbH ＆ Co. KG,GmbH & Co. KG,Gut Möhlhorst,NA,Fleckeby,24357,NA,NA
ABR972727381307,WestfalenWIND Etteln GmbH ＆ Co. KG,GmbH & Co. KG,Vattmannstraße,6,Paderborn,33100,www.westfalenwind.de,NA
ABR914764874992,Uniper Kraftwerke GmbH,GmbH,Holzstraße,6 ,Düsseldorf,40221,https://www.uniper.energy/,Uniper
ABR968018016836,solarcomplex GmbH ＆ Co. KG Windpark Länge,GmbH & Co. KG,Ekkehardstraße,10,Singen,78224,www.windpark-laenge.de,NA
ABR929832519200,Wittgenstein New Energy Holding GmbH,GmbH,Schloß Wittgenstein,1,Bad Laasphe,57334,www.wne-holding.de,NA
ABR972884522681,Stadtwerke Münster GmbH,GmbH,Hafenplatz,1,Münster,48155,https://www.stadtwerke-muenster.de/,NA
ABR943204443238,Sappi Stockstadt GmbH,GmbH,Obernburger Straße,1 - 9,Stockstadt,63811,www.sappi.com,Sappi
ABR982894647526,WPD Windpark Damme Gmbh ＆ Co.KG,GmbH & Co. KG,Hüde,2,Damme,49401,NA,NA
ABR905108991345,Windpool Saerbeck GmbH ＆ Co. KG,GmbH & Co. KG,Im Bioenergiepark,1,Saerbeck,48369,www.bur-energie.de,NA
ABR946197053217,Windpool Sinningen GmbH ＆ Co. KG,GmbH & Co. KG,Im Bioenergiepark,2,Saerbeck,48369,www.bur-energie.de,NA
ABR960020755888,SUNCATCHER Solaranlagen GmbH,GmbH,Lennestraße,5,Berlin,10785,NA,NA
ABR996401106758,Stadtwerke Leipzig GmbH,GmbH,Augustusplatz,7,Leipzig,04109,www.L.de,NA
ABR984625094685,AVG Abfallentsorgungs- und Verwertungsgesellschaft Köln mbH,GmbH,Geestemünder Str.,23,Köln,50735,NA,NA
ABR927900758889,Alternative Energie Kroppacher Schweiz GmbH ＆ Co. KG,GmbH & Co. KG,Ringstraße,32,Langenbach,57520,www.aeks-energie.de,NA
ABR974043200065,Koselauer Windenergie GmbH ＆ Co. KG,GmbH & Co. KG,Hofweg,3,Riepsdorf,23738,NA,NA
ABR967248808310,Windpark Fehmarn-Mitte GmbH＆ Co.KG,GmbH & Co. KG,Bisdorfer Ring,47,Fehmarn,23769,NA,NA
ABR989016034493,Gosdorfer Windenergie GmbH ＆ Co. KG,GmbH & Co. KG,Bäderstraße,16,Riepsdorf,23738,NA,NA
ABR928347544844,Bürgerwindpark Obere Arlau GmbH ＆ Co. KG,GmbH & Co. KG,Westerende,43,Viöl,25884,https://www.oberearlau.de,NA
ABR969583028477,IKW Rüdersdorf GmbH,GmbH,Otto-Braun-Platz,1,Potsdam,14467,https://www.danpower.de,NA
ABR961800429272,Windpark Monschau GmbH ＆ Co. KG,GmbH & Co. KG,Am Handwerkerzentrum,1,Monschau,52156,NA,NA
ABR965324034493,Windpark Aachen-Nord GmbH ＆ Co. KG,GmbH & Co. KG,Lombardenstraße,12-22,Aachen,52070,NA,NA
ABR939623529011,PCK Raffinerie GmbH,GmbH,Passower Chaussee,111,Schwedt,16303,NA,NA
ABR925987931874,Alzkraftwerke Heider GmbH,GmbH,Schwarzauer Straße,5,Trostberg,83308,www.alzkraftwerke-heider.de,NA
ABR903329840572,Windpark Dahme-Zagelsdorf 4 GmbH ＆ Co. KG,GmbH & Co. KG,Stephanitorsbollwerk,3,Bremen,28217,www.windmanager.de,NA
ABR982662736025,Ventus Regenerative Energien GmbH ＆ Co. Windstrom Jacobsdorf KG,GmbH & Co. KG,Lichtenberger Weg,4,Jacobsdorf,15236,NA,NA
ABR991390459120,LHI GII2 WP Niederstetten 2334 GmbH ＆ Co. KG,GmbH & Co. KG,Emil-Riedl-Weg,6,Pullach,82049,NA,NA
ABR936326068908,EWR Neue Energien GmbH,GmbH,Otto-Lilienthal-Straße,2,Alzey,55232,http://www.ewr-neue-energien.de,NA
ABR975732884801,GERO Solarpark GmbH,GmbH,Chausseestraße,1,Seegebiet Mansfelder Land,06317,NA,NA
ABR918639827540,REWAG REGENSBURGER ENERGIE- UND WASSERVERSORGUNG AG ＆ CO KG,Sonstige,Greflingerstraße,26,Regensburg,93055,www.rewag.de,NA
ABR999401230768,Stadtwerke München GmbH,GmbH,Emmy-Noether-Straße,2,München,80992,www.swm.de,NA
ABR952939818853,Veja Mate Offshore Project GmbH,GmbH,Willinghusener Weg,5b,Oststeinbek,22113,www.vejamate.de,NA
ABR989426227720,Windpark Kampen,GmbH & Co. KG,Burmeide,1,Butjadingen,26969,NA,NA
ABR987228640990,envia THERM GmbH,GmbH,Niels-Bohr-Straße,2,Bitterfeld-Wolfen,06749,www.envia.therm.de,EON
ABR925500809116,WP Pollitz I GmbH ＆ Co. KG,GmbH & Co. KG,Kastellauner Straße,51,Treis-Karden,56253,NA,NA
ABR943435828309,Windpark Högel GmbH ＆ Co KG,GmbH & Co. KG,Flensburger Straße,11,Högel,25858,http://www.windpark-hoegel.de/,NA
ABR953599852232,EWS Windpark Rohrenkopf GmbH,GmbH,Friedrichstraße,53,Schönau,79677,https://www.ews-schoenau.de/ews/energieerzeugung/projektvorstellung/windpark-rohrenkopf/,NA
ABR940486198085,Mark-E Aktiengesellschaft,AG,Platz der Impulse,1,Hagen,58093,www.mark-e.de,NA
ABR915001810971,PNE WIND Park XIX,GmbH & Co. KG,Otto-Hahn-Straße,NA,Husum,25813,NA,NA
ABR983684365019,Windpark Abenheim GmbH ＆ Co.KG,GmbH & Co. KG,Lutherring,5,Worms,67547,NA,NA
ABR938249833854,Biogas Linnau GmbH ＆ Co. KG,GmbH & Co. KG,Am Spielplatz,4,Lindewitt,24969,www.frischer-nordwind.de,NA
ABR951084327968,Zweckverband für Abfallwirtschaft Südwestthüringen (ZASt),Körperschaft des öffentlichen Rechts,Am Schießstand,15,Zella-Mehlis,98544,www.zast.info,NA
ABR986510114232,Alterric Windpark Essel GmbH ＆ Co. KG,GmbH & Co. KG,Holzweg,87,Aurich,26605,www.alterric.com,NA
ABR924410946720,AHS Solar GmbH & Co. KG,GmbH & Co. KG,Bornwiesenweg,4,Biebergemünd,63599,www.ahs-solar.de,NA
ABR997638965736,PreZero Energy Zorbau GmbH,GmbH,Bayerische Straße,20,Lützen,06686,www.prezero.de,NA
ABR933089438221,Wind-Power GmbH ＆ Co. Repowering IV KG,GmbH & Co. KG,Meierkamp,3,Hohenhameln,31249,www.euwindpower.de,NA
ABR959357902072,Trianel Onshore-Windkraftwerk Bendorf-Oersdorf GmbH ＆ Co. KG,GmbH & Co. KG,Dorfstraße,4,Bendorf,25557,NA,NA
ABR985773676471,Unternehmensberatungsgesellschaft Dr. Hack mbH,GmbH,Bachstraße,12,Schirmitz,92718,NA,NA
ABR948070381080,SWM Services GmbH,GmbH,Emmy-Noether-Straße,2,München,80992,www.swm.de,NA
ABR990282855972,Stadtwerke Bochum Holding GmbH,GmbH,Ostring,28,Bochum,44787,stadtweke-bochum.de,NA
ABR954021496741,Bürgerwindpark Wrohm-Osterrade,GmbH & Co. KG,Südergeest,21,Wrohm,25799,NA,NA
ABR983240671813,Windpark Trechow GmbH ＆ Co. KG,GmbH & Co. KG,Am Speicher,1,Kurzen Trechow,18246,NA,NA
ABR986016287362,Windpark Lütjenholm GmbH ＆ Co. KG,GmbH & Co. KG,Sönksenweg,5,Lütjenholm,25842,NA,NA
ABR900414897800,Windpark TEWI GmbH ＆ Co. KG,GmbH & Co. KG,Großer Burstah,42,Hamburg,20457,https://www.airwin.de,NA
ABR948749059999,eins energie in sachsen GmbH ＆ Co. KG,GmbH & Co. KG,Johannisstraße,1,Chemnitz,09111,www.eins.de,NA
ABR998231634548,Stadtwerke Augsburg Energie GmbH,GmbH,Hoher Weg,1,Augsburg,86152,www.sw-augsburg.de,NA
ABR905345404783,Siemens Aktiengesellschaft,AG,Werner-von-Siemens-Straße,1,München,80333,www.siemens.com,NA
ABR992209465424,Hammerwerk Fridingen GmbH,GmbH,Dr.-Werner-Esser-Str.,1,Fridingen,78567,www.hammerwerk.de,NA
ABR975481320803,SP IX GmbH ＆ Co. KG,GmbH & Co. KG,Nordparkstraße,30,Cottbus,03044,www.spreegassolar.de,NA
ABR981105882510,ENERTRAG Windfeld Uckermark XIII GmbH ＆ Co. KG,GmbH & Co. KG,Dauerthal,3,Schenkenberg,17291,www.enertrag.com,NA
ABR978478639735,CEE Windpark Schmölln GmbH ＆ Co. KG,GmbH & Co. KG,Eichenweg,35,Rotenburg,27356,https://cee-group.de,NA
ABR981176702168,EkoCity,GmbH,Südstraße,10,Herne,44625,NA,NA
ABR939197881614,CEE Windpark Gilmerdingen GmbH ＆ Co. KG,GmbH & Co. KG,Eichenweg,35,Rotenburg,27356,https://cycap.com,NA
ABR961656600177,CEE Windpark Gollenberg GmbH ＆ Co. KG,GmbH & Co. KG,Eichenweg,35,Rotenburg,27356,https://cee-group.de,NA
ABR989402884855,SWU Energie GmbH,GmbH,Karlstraße,3,Ulm,89073,https://www.swu.de/privatkunden/unternehmen/die-swu,NA
ABR957812605278,CEE Windpark Kuhbett GmbH ＆ Co. KG,GmbH & Co. KG,Eichenweg,35,Rotenburg,27356,https://cee-group.de,NA
ABR937435990500,CEE Windpark Lohkamp GmbH ＆ Co. KG,GmbH & Co. KG,Eichenweg,35,Rotenburg,27356,https://cee-group.de,NA
ABR954022931739,N-ERGIE Sonne und Wind GmbH & Co. KG Herrn Florian Betzold,GmbH & Co. KG,Gnötzheim,68,Martinsheim,97340,NA,NA
ABR966662532191,Stadtwerke Duisburg AG,AG,Bungertstr.,27,Duisburg,47053,http://www.stadtwerke-duisburg.de,NA
ABR922493976986,Windkraft Stade GmbH ＆ Co. Frischer Wind KG,GmbH & Co. KG,Alter Weg,23,Cuxhaven,27478,NA,NA
ABR983327007900,DanTysk Sandbank Offshore Wind GmbH ＆ Co.KG,GmbH & Co. KG,Amerigo-Vespucci-Platz,2,Hamburg,20457,NA,NA
ABR982997533931,CEE Windpark Rehfeld GmbH ＆ Co. KG,GmbH & Co. KG,Eichenweg,35,Rotenburg,27356,https://www.cycap.com/,NA
ABR965181790303,CEE Windpark Großenwede GmbH ＆ Co. KG,GmbH & Co. KG,Eichenweg,35,Rotenburg,27356,https://www.cycap.com/,NA
ABR914495186401,CEE Windpark Aßlar GmbH ＆ Co. KG,GmbH & Co. KG,Eichenweg,35,Rotenburg,27356,https://cee-group.de,NA
ABR907617485391,Firma Stadtwerke Karlsruhe GmbH,GmbH,Daxlander Straße,72,Karlsruhe,76185,www.stadtwerke-karlsruhe.de,NA
ABR967752366085,Windkraft Olbersleben IV GmbH ＆ Co. KG,GmbH & Co. KG,Hauptstraße,60,Herbsleben,99955,NA,NA
ABR957301131660,Energiequelle GmbH,GmbH,Hauptstraße,44,Zossen,15806,https://www.energiequelle.de,NA
ABR988240929407,REA WEA Broichweiden GmbH ＆ Co. KG,GmbH & Co. KG,Wernersstraße,23,Düren,52351,www.rea-dn.de,NA
ABR929653060684,Bürger-Windpark-Westfehmarn GmbH ＆ Co.KG,GmbH & Co. KG,Wenkendorf,1,Fehmarn,23769,NA,NA
ABR979019404232,Bürger-Windpark-Westfehmarn II GmbH ＆ Co.KG,GmbH & Co. KG,Wenkendorf,1,Fehmarn,23769,NA,NA
ABR947965537236,rentec Weine GmbH ＆ Co KG,GmbH & Co. KG,Magdalenastraße,10,Büren,33142,NA,NA
ABR916341626154,Cirrus GmbH ＆ Co. KG,GmbH & Co. KG,Drohndorfer Landstraße,179 A,Aschersleben,06449,NA,NA
ABR905562540936,EVH GmbH,GmbH,Bornknechtstraße,5,Halle,06108,NA,NA
ABR921090463318,VERBUND Green Power Deutschland GmbH,GmbH,Lennéstraße,3,Berlin,10785,https://www.verbund.com/,NA
ABR995455200986,GuD Herne GmbH,GmbH,Rüttenscheider Str.,1,Essen,45128,www.steag.com,NA
ABR935301344747,Erlanger Stadtwerke AG,AG,Äußere Brucker Straße,33,Erlangen,91052,WWW.estw.de,NA
ABR997547880717,LG GmbH＆Co.KG,GmbH & Co. KG,Untermantelkirchen,3 a,Kirchdorf,93348,NA,NA
ABR922303918953,Windpark Elbenrod GmbH ＆ Co. KG,GmbH & Co. KG,Stahltwiete,21 a,Hamburg,22761,NA,NA
ABR937763877665,Ipland Bürgerwind GmbH ＆ Co. KG,GmbH & Co. KG,Krim,19,Treia,24896,NA,NA
ABR988879662843,Heckenkamp GmbH,GmbH,Wahrbrink,13,Werne,59368,NA,NA
ABR971699005112,Bürgerwindenergie Offenhausen eG ＆ Co. KG,Sonstige,Hauptstraße,5,Offenhausen,91238,www.wust-wind-sonne.de,NA
ABR980336640982,Windpark Roteberg GmbH ＆Co. KG,GmbH & Co. KG,Max-Born-Str.,1,Rheine,48431,NA,NA
ABR952469530485,CEE Windpark Sylda GmbH ＆ Co.KG,GmbH & Co. KG,Eichenweg,35,Rotenburg,27356,https://cee-group.de,NA
ABR911701027992,CEE Windpark Looft GmbH ＆ Co. KG,GmbH & Co. KG,Eichenweg,35,Rotenburg,27356,https://www.cycap.com/,NA
ABR949473996352,BWP Rantrum III GmbH ＆ Co. KG,GmbH & Co. KG,Alte Dorfstraße,46,Rantrum,25873,bwp-rantrum3.de,NA
ABR989393706204,PROKON Regenerative Energien eG,eG,Kirchhoffstraße,3,Itzehoe,25524,www.prokon.net,NA
ABR985250519932,Stadtwerke Kiel AG,AG,Uhlenkrog,32,Kiel,24113,www.stadtwerke-kiel.de,NA
ABR936072176544,RheinEnergie Solar GmbH,GmbH,Parkgürtel,24,Köln,50823,NA,NA
ABR936842743198,Solarpark Bronkow Luckaitztal GmbH,GmbH,Parkgürtel,24,Köln,50823,NA,NA
ABR979026895696,CEE PVF Ahlhorn V GmbH ＆ Co. KG,GmbH & Co. KG,Eichenweg,35,Rotenburg,27356,https://www.cycap.com/,NA
ABR969167401085,CEE PVF Eggersdorf GmbH ＆ Co. KG,GmbH & Co. KG,Eichenweg,35,Rotenburg,27356,https://www.cycap.com/,NA
ABR945155137631,CEE PVF Elsterheide GmbH ＆ Co. KG,GmbH & Co. KG,Eichenweg,35,Rotenburg,27356,https://www.cycap.com/,NA
ABR926305335534,CEE PVF Gotha GmbH ＆ Co. KG,GmbH & Co. KG,Eichenweg,35,Rotenburg,27356,https://www.cycap.com/,NA
ABR967789784395,OXEA Produktion GmbH ＆ Co.KG,GmbH & Co. KG,Otto-Roelen-Straße,3 ,Oberhausen,46147,www.oxea.com,NA
ABR953010524540,Weserkraftwerk Bremen,GmbH & Co. KG,Theodor-Heuss-Allee,20,Bremen,28215,NA,NA
ABR947136699565,CEE PVF Halberstadt GmbH ＆ Co. KG,GmbH & Co. KG,Eichenweg,35,Rotenburg,27356,https://www.cycap.com/,NA
ABR939709849743,CEE PVF Missen GmbH ＆ Co. KG,GmbH & Co. KG,Eichenweg,35,Rotenburg,27356,https://www.cycap.com/,NA
ABR956261748123,CEE PVF Stendal GmbH ＆ Co. KG,GmbH & Co. KG,Eichenweg,35,Rotenburg,27356,https://www.cycap.com/,NA
ABR923787172442,CEE Mainova WP Kirchhain GmbH ＆ Co. KG,GmbH & Co. KG,Eichenweg,35,Rotenburg,27356,https://www.cycap.com/,NA
ABR969476419511,CEE Windpark Berg GmbH ＆ Co. KG,GmbH & Co. KG,Eichenweg,35,Rotenburg,27356,https://www.cycap.com/,NA
ABR918319270345,CEE Windpark Coppenbrügge GmbH ＆ Co. KG,GmbH & Co. KG,Eichenweg,35,Rotenburg,27356,https://www.cycap.com/,NA
ABR930724592683,Hamburger Energiewerke GmbH,GmbH,Ausschläger Elbdeich,123,Hamburg,20539,www.hamburger-energiewerke.de,NA
ABR926606192294,CEE Windpark Domsdorf GmbH ＆ Co. KG,GmbH & Co. KG,Eichenweg,35,Rotenburg,27356,https://www.cycap.com/,NA
ABR987603498048,CEE Windpark Vormark GmbH ＆ Co. KG,GmbH & Co. KG,Eichenweg,35,Rotenburg,27356,https://cee-group.de,NA
ABR926829632652,Windkraft Wallroth Betriebs GmbH,GmbH,Neustraße,1a,Biebergemünd,63599,NA,NA
ABR934115143621,Blue Pearl III GmbH ＆ Co. KG,GmbH & Co. KG,Gartenstr.,1,Brunow,19372,NA,NA
ABR985062114349,Avacon Natur GmbH,GmbH,Jacobistraße,3,Sarstedt,31157,http://www.avacon-natur.de,NA
ABR946446968408,BEW Berliner Energie und Wärme GmbH,GmbH,Hildegard-Knef-Platz,2,Berlin,10829,www.bew.berlin,NA
ABR918483294475,NEG Handels GmbH,GmbH,Schaffhausen,48,Mönchsdeggingen,86751,NA,NA
ABR966538087282,Fraport AG,AG,Hugo-Eckener-Ring,NA,Frankfurt,60549,www.Fraport.de,NA
ABR967399122167,Windkraft Ehrenhübel GmbH,GmbH,Luymühle,NA,Neumagen-Dhron,54347,NA,NA
ABR937875031863,Stadtwerke Düsseldorf AG,AG,Höherweg,100,Düsseldorf,40233,www.swd-ag.de,NA
ABR954837991218,ESWE Windpark Uettingen GmbH ＆ Co. KG,GmbH & Co. KG,Konradinerallee,25,Wiesbaden,65189,https://www.airwin.de,NA
ABR922869314558,Windpark Hornberg GmbH ＆ Co. KG,GmbH & Co. KG,Schneebergerhof,14,Gerbach,67813,NA,NA
ABR961714062435,Windpark Hohenlochen GmbH ＆ Co. KG,GmbH & Co. KG,Tullastraße,61,Freiburg,79108,NA,NA
ABR998520862478,Renertec Windkraft Spielberg UG (haftungsbeschränkt),UG (haftungsbeschränkt),Neumühlstraße,24,Brachttal,63636,NA,NA
ABR951284051649,Grünwerke GmbH,GmbH,Höherweg,100,Düsseldorf,40233,www.gruenwerke.de,NA
ABR967119029097,Windpark Stoffeng GmbH ＆ Co. KG,GmbH & Co. KG,Westerhof,NA,Schafflund,24980,NA,NA
ABR951762163239,SL Windenergie GmbH,GmbH,Voßbrinkstraße,67,Gladbeck,45966,www.sl-naturenergie.com,NA
ABR974293823779,Windpark Kinzigtal GmbH,GmbH,Stephanitorsbollwerk,3,Bremen,28217,NA,NA
ABR985373951107,Windpark Schafflundfeld GmbH ＆ Co. KG,GmbH & Co. KG,Westerhof,4 ,Schafflund,24980,NA,NA
ABR970696521830,Stadtwerke Tübingen GmbH,GmbH,Eisenhutstraße,6,Tübingen,72072,www.swtue.de,NA
ABR977223013417,KMW Wind to Gas Energy GmbH ＆ Co. KG,GmbH & Co. KG,Schleusenstraße,10,Brunsbüttel,25541,NA,NA
ABR955714105537,Windpark Hungerberg I GmbH ＆ Co. KG,GmbH & Co. KG,Andréstraße,71,Offenbach,63067,https://www.airwin.de,NA
ABR927040790831,BMB Windkraft GmbH ＆ Co.KG Helmshagen,GmbH & Co. KG,Potthäger Damm,17,Weitenhagen,17498,NA,NA
ABR991967582008,Danpower GmbH,GmbH,Otto-Braun-Platz,1,Potsdam,14467,www.danpower.de,Danpower
ABR941190092140,JUWI GmbH,GmbH,Energie-Allee,1,Wörrstadt,55286,www.juwi.de,NA
ABR927308220124,Windpark Riede GmbH ＆ Co. KG,GmbH & Co. KG,Am Torfstich,11,Edemissen,31234,www.windstrom.de,NA
ABR905920218880,Danpower Energie Service GmbH,GmbH,Otto-Braun-Platz,1,Potsdam,14467,www.danpower.de,Danpower
ABR918341014306,SWU Energie GmbH,GmbH,Karlstraße,1,Ulm,89073,NA,NA
ABR996808053518,Stadtwerke Lemgo GmbH,GmbH,Bruchweg,24,Lemgo,32657,NA,NA
ABR912497900759,Bürgerwindpark OeKO II GmbH ＆ Co. KG,GmbH & Co. KG,In den Wiesen,19,Ahlerstedt,21702,NA,NA
ABR961182176900,Bürgerwindpark Weißbach GmbH ＆ Co. KG,GmbH & Co. KG,Braunsbergweg,5,Niedernhall,74676,www.buergerwindpark.de,NA
ABR909721922298,EnBW Baltic 2 GmbH ＆ Co. KG,GmbH & Co. KG,Adolf-Pirrung-Straße,7,Biberach,88400,NA,EnBW
ABR928507208616,Windpark Heckelberg-Breydin GmbH & Co. K Bereich FRF / Heckelberg-Breydin,GmbH & Co. KG,Parkgürtel,24,Köln,50823,NA,NA
ABR927316890371,Windfarm Idesheim GmbH ＆ Co. KG,GmbH & Co. KG,Parkgürtel,24,Köln,50823,NA,NA
ABR930240249832,Windpark Zölkow GmbH ＆ Co. KG,GmbH & Co. KG,Parkgürtel,24,Köln,50823,NA,NA
ABR995884249136,Windpark Benzweiler GmbH ＆ Co. KG,GmbH & Co. KG,Parkgürtel,24,Köln,50823,NA,NA
ABR968015128969,Bürgerwindpark Hohenlohe - Kirchberg II - GmbH ＆ Co. KG,GmbH & Co. KG,Rudolf-Diesel-Straße,5,Kirchberg,74592,www.buergerwindpark.de,NA
ABR930320081789,Mohn Media Mohndruck GmbH,GmbH,Carl-Bertelsmann-Straße,161,Gütersloh,33332,www.mohnmedia.de,NA
ABR993705009969,Bürgerwindenergieanlage Kohlenstraße GmbH ＆ Co. KG,GmbH & Co. KG,Braunsbergweg,5,Niedernhall,74676,www.buergerwindpark.de,NA
ABR916198639970,SachsenEnergie AG,AG,Friedrich-List-Platz,2,Dresden,01069,https://www.sachsenenergie.de/,NA
ABR912775914843,Windpark Schönwalde-Altenkrempe GmbH ＆ Co. KG,GmbH & Co. KG,Parkgürtel,24,Köln,50823,NA,NA
ABR945238419258,Bürgerwindpark Brebek GmbH ＆ Co. KG,GmbH & Co. KG,Dorfstraße,11,Ellhöft,25923,NA,NA
ABR976400733933,Bürgerwind Neuenkirchen GmbH ＆ Co.KG,GmbH & Co. KG,Wiesenhäuserweg,1,Neuenkirchen,48485,NA,NA
ABR925239881124,WP Eilerberg Betriebs GmbH ＆ Co. KG,GmbH & Co. KG,Sintfeldhöhenstraße,4,Bad Wünnenberg,33181,NA,NA
ABR960178416136,Stadtwerke Göttingen AG,AG,Hildebrandstraße,1,Göttingen,37081,www.stadtwerke-goettingen.de,NA
ABR908994778106,Bürgerwindpark Süderlügum GmbH ＆ Co. KG,GmbH & Co. KG,Dorfstraße,11,Ellhöft,25923,NA,NA
ABR967988325672,Mainova AG,AG,Solmsstraße,38,Frankfurt,60486,http://www.mainova.de,NA
ABR901037990749,Oberhessische Versorgungsbetriebe AG,AG,Hanauer Straße,9-13,Friedberg,61169,www.ovag.de,NA
ABR913237612574,Bürgerwind Altenrheine GmbH ＆ Co.KG,GmbH & Co. KG,Möllerhookstr.,43,Rheine,48432,NA,NA
ABR995447323334,Naturgas Ardorf GmbH ＆ Co. KG,GmbH & Co. KG,Domhuser Weg,34,Wittmund,26409,NA,NA
ABR982276661171,Bürgerwindpark Bentstreek Verwaltungs GmbH,GmbH,Schweinebrücker Weg,10,Friedeburg,26446,NA,NA
ABR985058661918,Bürger-Windpark Holzacker-Knorburg GmbH ＆ Co. KG,GmbH & Co. KG,Stadum Süd,1,Stadum,25917,NA,NA
ABR960504436517,ENTEGA AG,AG,Frankfurter Straße,110,Darmstadt,64293,entega.ag,NA
ABR964793413389,Windpark Lindenberg GmbH ＆ Co. KG,GmbH & Co. KG,Cecilienkoog,16,Reußenköge,25821,www.blueelephantenergy.com,NA
ABR983701890043,Windpark Hassenhausen GmbH ＆ Co. KG,GmbH & Co. KG,Cecilienkoog,16,Reußenköge,25821,NA,NA
ABR944493433672,Windpark Vetschau GmbH ＆ Co. KG,GmbH & Co. KG,Bahnhofstraße,98,Gräfelfing,82166,http://www.windmanager.de,NA
ABR901021414350,Windpark Schimmendorf GmbH ＆ Co. KG,GmbH & Co. KG,Cecilienkoog,16,Reußenköge,25821,www.blueelephantenergy.com,NA
ABR946958741032,Zapp Precision Metals GmbH,GmbH,Letmather Straße,69,Schwerte,58239,NA,NA
ABR922507336362,BEE Danna Zwei GmbH ＆ Co. KG,GmbH & Co. KG,Jungfernstieg,51,Hamburg,20354,www.blueelephantenergy.com,NA
ABR960591139858,BEE Groß Ziescht Eins GmbH ＆ Co.KG,GmbH & Co. KG,Jungfernstieg,51,Hamburg,20354,www.blueelephantenergy.com,NA
ABR933323039054,Windenergie Midlich GmbH ＆ Co. KG,GmbH & Co. KG,Höven,35,Rosendahl,48720,NA,NA
ABR924517303181,EnBW Contracting GmbH,GmbH,Schelmenwasenstraße,15,Stuttgart,70567,NA,NA
ABR939841576446,Freiburger Wärmeversorgungs,GmbH,Tullastraße,61,Freiburg,79108,www.badenovawaermeplus.de,NA
ABR944096107796,STAWAG – Stadt- und Städteregionswerke Aachen AG,AG,Lombardenstrasse,12-22,Aachen,52070,stawag.de,NA
ABR917631835034,GREE Geversdorf GmbH ＆ Co. KG,GmbH & Co. KG,Windmühlenberg,NA,Sehestedt,24814,NA,NA
ABR912499302384,ENERTRAG SE,SE,Dauerthal,3,Schenkenberg,17291,www.enertrag.com,NA
ABR990752860598,Berliner Wasserbetriebe,Anstalt des öffentlichen Rechts,Neue Jüdenstraße,1,Berlin,10179,www.bwb.de,NA
ABR906732650110,BTB Energie GmbH,GmbH,Gaußstraße,11,Berlin,10589,www.btb-energie.de,NA
ABR946237575785,Zopf GmbH Umweltgerechte Energieprojekte,GmbH,Lindenstraße,24,Gumtow,16866,www.zopf-gmbh.de,NA
ABR921769176051,ENTEGA EGO Windpark Stillfüssel GmbH ＆Co. KG,GmbH & Co. KG,Gaderner Straße,79,Wald-Michelbach,69483,NA,NA
ABR974422971418,ZOPF Windfang GmbH,GmbH,Lindenstraße,24,Gumtow,16866,NA,NA
ABR961517432619,Raiffeisen Energiepark Saterland GmbH ＆ Co. KG,GmbH & Co. KG,Hauptstraße,266,Saterland,26683,NA,NA
ABR908736090923,ExxonMobil Production Deutschland GmbH,GmbH,Vahrenwalder Straße,238,Hannover,30179,www.exxonmobil.com,NA
ABR959157756356,Windpark Hünxer Heide GmbH,GmbH,In der Beckuhl,4,Hünxe,46569,NA,NA
ABR963256046195,Bürgerwindenergie Morbach GmbH ＆ Co. KG,GmbH & Co. KG,Bahnhofstraße,19,Morbach,54497,www.wust-wind-sonne.de,NA
ABR915194621866,Windpark Klingenberg GmbH＆Co.KG,GmbH & Co. KG,Bisdorf,34 a,Fehmarn,23769,NA,NA
ABR911230018645,BW-Kevelaer GmbH ＆ Co. KG,GmbH & Co. KG,Keylaer,59,Kevelaer,47623,NA,NA
ABR901195196069,ENERPARC Solar Invest 255 TU 13 GmbH,GmbH,Kirchenpauerstr.,26,Hamburg,20457,NA,NA
ABR943096933800,Bürgerwindpark Löningen GmbH ＆ Co. KG,GmbH & Co. KG,Lindenallee,1,Löningen,49624,NA,NA
ABR989898135684,Steinbeis Energie Papenburg,GmbH,Am Nordhafen,5,Papenburg,26871,www.bsp-energie.de,NA
ABR903466659754,Energieversorgung Oberhausen,AG,Danziger Str.,31,Oberhausen,46045,www.evo-energie.de,NA
ABR934524242519,Windenergie Freudenberg,GmbH & Co. KG,St.-Kassians-Platz,6,Regensburg,93047,NA,NA
ABR995773682211,WP Albersdorf,GmbH & Co. KG,Gut Albersdorf,NA,Schashagen,23730,NA,NA
ABR940644246047,WP Holstein GmbH ＆ Co.KG,GmbH & Co. KG,Am Wallberg,27,Willenscharen,24616,NA,NA
ABR940414866222,WKN Windkraft Nord GmbH ＆ Co. Windpark Looft KG,GmbH & Co. KG,Otto-Hahn-Straße,12,Husum,25813,NA,NA
ABR924556367991,Limes GmbH Deutsches Solarzentrum,GmbH,Huttenstraße,18 R,Würzburg,97072,limes-deutsches-solarzentrum.de,NA
ABR989927274988,Stadtwerke Bielefeld GmbH Assetmanagement Onshore Wind und PV (ZA),GmbH,Schildescher Straße,16,Bielefeld,33611,www.stadtwerke-bielefeld.de,NA
ABR921195174874,Windpark Sollwitt GmbH ＆ Co. KG,GmbH & Co. KG,Am Damm,1,Sollwitt,25884,NA,NA
ABR976864825113,Buchenau Wind GmH ＆ Co. KG,GmbH & Co. KG,Löherstraße,52,Fulda,36037,NA,NA
ABR921440481122,LEW Wasserkraft,GmbH,Schaezlerstraße,3,Augsburg,86150,www.wasserkraft.lew.de,NA
ABR952759948037,LHI SolarWind WP Grebenau 2284 GmbH ＆ Co. KG,GmbH & Co. KG,Emil-Riedl-Weg,6,Pullach,82049,NA,NA
ABR949926510012,Windpark Langwedel GmbH ＆ Co. fünfte KG,GmbH & Co. KG,Alte Feldmühle,10,Neustadt,31535,NA,NA
ABR937352321692,BIGGE ENERGIE GmbH ＆ Co. KG,GmbH & Co. KG,In der Stesse,14,Attendorn,57439,www.bigge-energie.de,NA
ABR987612152870,WP Sachsen-Anhalt Süd Vierundzwanzig GmbH ＆ Co. KG,GmbH & Co. KG,Straße des Friedens,34 C,Teuchern,06682,NA,NA
ABR939474507268,BVT Windpark Emlichheim GmbH ＆ Co. KG,GmbH & Co. KG,Gewerbestraße,1 ,Laar,49824,NA,NA
ABR909518505604,Eichenhof Windpark GmbH ＆ Co.KG,GmbH & Co. KG,Neu Hörup,2,Hörup,24980,NA,NA
ABR965669375961,Firma Naturstromspeicher Gaildorf GmbH ＆ Co. KG,GmbH & Co. KG,Max-Bögl-Straße,1,Sengenthal,92369,NA,NA
ABR926212047155,Zweckverband Abfallwirtschaft Raum Würzburg,Körperschaft des öffentlichen Rechts,Gattingerstraße,31,Würzburg,97076,www.zvaws.de,NA
ABR966438980140,Windplan Waterloo GmbH,GmbH,Bahnstraße,7,Pirow,19348,www.windplan.org,NA
ABR986901476970,GREE Karstädt-Glövzin GmbH ＆ Co. KG,GmbH & Co. KG,Windmühlenberg,NA,Sehestedt,24814,NA,NA
ABR987772819477,Bürgerwindpark Reußenköge GmbH ＆ Co. KG,GmbH & Co. KG,Sönke-Nissen-Koog,58,Reußenköge,25821,www.dirkshof.de,NA
ABR996413309383,Windplan Pirow GmbH,GmbH,Bahnstraße,7,Pirow,19348,www.windplan.org,NA
ABR910311512997,Springer Wind GmbH ＆ Co. KG,GmbH & Co. KG,Am Windpark,1,Heidenrod,65321,www.naturenergie-heidenrod.de,NA
ABR971179165381,Windpark Kniphagen GmbH ＆ Co. KG,GmbH & Co. KG,Gutshof,2,Schönwalde,23744,NA,NA
ABR994319947715,EAM Natur Energie GmbH,GmbH,Monteverdistraße,2,Kassel,34131,www.eam.de,NA
ABR920176980466,Uhl Windkraft GmbH ＆ Co. Objekt XXXIII KG,KG,Max-Eyth-Straße,40,Ellwangen,73479,www.uhl-windkraft.de,NA
ABR973685049735,Windpark Jeetze II GmbH ＆ Co. KG,GmbH & Co. KG,Stephanitorsbollwerk,3,Bremen,28217,http://www.windmanager.de,NA
ABR947590457404,Windpark Emmerthal WEA 01 Betriebs-GmbH ＆ Co. KG,GmbH & Co. KG,Grohnder Straße,6,Emmerthal,31860,NA,NA
ABR975579775829,Bürgerwindpark Dömern GmbH ＆ Co. KG,GmbH & Co. KG,Köckelwick,67 A,Vreden,48691,NA,NA
ABR975019646672,Dirkshof Verwaltungs GmbH ＆ Co. Windkraft Hohen Pritz Betriebs KG,GmbH & Co. KG,Sönke-Nissen-Koog,58,Reußenköge,25821,www.dirkshof.de,NA
ABR955997833677,Norstedt-Wind,GmbH & Co. KG,Moorkoppel,10,Norstedt,25884,NA,NA
ABR906859548284,Bürgerwind Strönfeld GmbH ＆ Co.KG,GmbH & Co. KG,Sofienstr.,49,Wettringen,48493,NA,NA
ABR921787700689,Trianel Gaskraftwerk Hamm,GmbH & Co. KG,Trianelstraße,1,Hamm,59071,www.trianel-hamm.de,NA
ABR950072197934,Alterric Windservice GmbH,GmbH,Jannes-Ohling-Straße,17,Krummhörn,26736,NA,NA
ABR972129657352,Alterric Windpark Hatten GmbH,GmbH,Schultredde,17 B,Hatten,26209,https://www.alterric.com/,NA
ABR986336254570,Alterric Windpark Köhlen GmbH ＆ Co. KG,GmbH & Co. KG,Marschstraße,30,Geestland,27624,NA,NA
ABR942315597175,Bürgerwind Ammeloe GmbH ＆ Co. KG,GmbH & Co. KG,Ammeloe,17,Vreden,48691,NA,NA
ABR913104483801,BWP Braderup-Tinningstedt GmbH ＆ Co. KG,GmbH & Co. KG,Lundsacker Weg,12 a,Braderup,25923,NA,NA
ABR900309908611,Wersewind Beckum GmbH ＆ Co. KG,GmbH & Co. KG,Geißlerstraße,11,Beckum,59269,NA,NA
ABR906239801992,Erxlebener Windenergie,GmbH & Co. KG,Zur Egge,17,Marsberg,34431,NA,NA
ABR923579318706,Fünfte Bürgerwind GmbH,GmbH,Albert-Einstein-Straße,7,Osnabrück,49076,NA,NA
ABR995854597113,Windpark Pamsendorf GmbH ＆ Co KG,GmbH & Co. KG,Hofgartenstraße,3,Pfreimd,92536,NA,NA
ABR915950550218,Windpark Baesweiler Nr. 23,GmbH & Co. KG,Jülicher Straße,10,Erkelenz,41812,http://www.windmanager.de,NA
ABR908550799293,Windkraft Stadtlohn GmbH ＆ Co. Ostlohner Betriebs KG,GmbH & Co. KG,Greven Esch,15,Borken,46325,NA,NA
ABR926695676408,CEE Windpark Nonnweiler GmbH ＆ Co. KG,GmbH & Co. KG,Eichenweg,35,Rotenburg,27356,https://cee-group.de,NA
ABR902309420636,Windpark Mainhardt GmbH ＆ Co. KG,GmbH & Co. KG,Bahnhofstraße,98,Gräfelfing,82166,www.windmanager.de,NA
ABR994527446192,Stadtwerke Stendal GmbH,GmbH,Rathenower Straße,1,Stendal,39576,http://www.stadtwerke-stendal.de/,NA
ABR917134592946,Windenergiepark Hohegaste GmbH ＆ Co KG,GmbH & Co. KG,Steinhausstraße,112,Bunde,26831,www.alterric.com,NA
ABR949669362657,Lahn Energy GmbH ＆ Co. KG,GmbH & Co. KG,Schloß Wittgenstein,1,Bad Laasphe,57334,www.wne-holding.de,NA
ABR948908589176,Asselner Windkraft GmbH＆Co.KG,GmbH & Co. KG,Vattmannstraße,3,Paderborn,33100,NA,NA
ABR947481970296,Ökostrom Saar GmbH,GmbH,Trierer Straße,22,Merzig,66663,www.oekostrom-saar.de,NA
ABR924916206922,WSW Energie ＆ Wasser AG,AG,Bromberger Straße,39,Wuppertal,42281,NA,NA
ABR952287017748,UGE Rehfeld Drei GmbH ＆ Co. KG Umweltgerechte Energie,GmbH & Co. KG,Schweriner Str.,85 ,Güstrow,18273,NA,NA
ABR907832883910,Energiegenossenschaft Ahaus-Heek-Legden eG,eG,Hoher Weg,2,Ahaus,48683,NA,NA
ABR916447667181,2. Bürgerwindpark Behrendorf GmbH ＆ Co. KG,GmbH & Co. KG,Norderdorf,7,Behrendorf,25850,NA,NA
ABR905684364915,Winag Neue Energie GmbH ＆ Co. Reinstedt KG,GmbH & Co. KG,Ascherslebener Weg,1,Reinstedt,06463,NA,NA
ABR938127021076,dean Energieanlagen GmbH ＆ Co. Windpark Beedenbostel KG,GmbH & Co. KG,Alte Feldmühle,10,Neustadt,31535,NA,NA
ABR968582950789,HSW Windpark Groß Niendorf GmbH ＆ Co. KG,GmbH & Co. KG,Meeboldstraße,1,Heidenheim,89522,NA,NA
ABR978471583226,Windpark Geisberg,GmbH & Co. KG,Industriestraße,2,Viernheim,68519,www.windpark-geisberg.de,NA
ABR901203303755,enercity AG,AG,Glockseeplatz,1,Hannover,30169,enercity.de,NA
ABR965828176682,HSW Windpark Kladrum GmbH ＆ Co. KG,GmbH & Co. KG,Meeboldstraße,1,Heidenheim,89522,NA,NA
ABR917996682397,Windpark Ohrensen GmbH ＆ Co. KG,GmbH & Co. KG,Hauptstraße,3,Bargstedt,21698,NA,NA
ABR938168939637,Biogas Gottburg GmbH ＆ Co. KG,GmbH & Co. KG,Kretelbargerweg,8 ,Jörl,24992,NA,NA
ABR918557103993,Steife Brise Ahrenviöl GmbH ＆ Co. KG,GmbH & Co. KG,Hauptstraße,3,Ahrenviöl,25885,NA,NA
ABR914279595108,LHI SolarWind WP Forst Briesnig 2459 GmbH ＆Co. KG,GmbH & Co. KG,Emil-Riedl-Weg,6,Pullach,82049,NA,NA
ABR992163664864,Windpark Drelsdorf GmbH ＆ Co.KG,GmbH & Co. KG,Vollstedter Straße,10,Drelsdorf,25853,NA,NA
ABR951537490805,Windkraft Schirl GmbH ＆ Co.KG,GmbH & Co. KG,Schirl,24,Ostbevern,48346,NA,NA
ABR901439853123,Limsholm PV GmbH ＆ Co. KG,GmbH & Co. KG,Bihöftweg,2 a,Oster-Ohrstedt,25885,NA,NA
ABR990029944068,Windpark Notos GmbH ＆ Co. KG,GmbH & Co. KG,Max-Bögl-Straße,1,Sengenthal,92369,NA,NA
ABR926987701818,Merkur Offshore GmbH,GmbH,Marktplatz,4,Zossen,15806,www.merkur-offshore.com,NA
ABR997370310627,UGE Proschim GmbH ＆ Co. KG Umweltgerechte Energie,GmbH & Co. KG,Schweriner Str.,85 ,Güstrow,18273,NA,NA
ABR935709159400,Windpark Rhein-Lippe Nr. 27,GmbH & Co. KG,Jülicher Straße,10-12,Erkelenz,41812,NA,NA
ABR900218365482,Windpark Neuratjensdorf-Rossee GmbH ＆ Co. KG,GmbH & Co. KG,Birkenstraße,20,Gremersdorf,23758,NA,NA
ABR904595371135,Windpark Düren Nr. 29 GmbH ＆ Co.KG,GmbH & Co. KG,Jülicher Straße,10-12,Erkelenz,41812,www.windmanager.de,NA
ABR968468144660,Bürgerwindpark Heek-Ahle Dannenkamp GmbH ＆ Co. KG,GmbH & Co. KG,Ahle,151,Heek,48619,NA,NA
ABR996190795614,Windpark Hohenseefeld 3 GmbH ＆ Co. KG,GmbH & Co. KG,Stephanitorsbollwerk,3,Bremen,28217,www.wpd.de,NA
ABR909999558557,HSW Windpark Ahorn-Buch GmbH ＆ Co. KG,GmbH & Co. KG,Meeboldstraße,1,Heidenheim,89522,NA,NA
ABR904543954540,HSW Windpark Grebbin GmbH,GmbH,Meeboldstraße,1,Heidenheim,89522,NA,NA
ABR920632827908,Bürgerwindpark BB Wind GmbH ＆ Co. KG,GmbH & Co. KG,Erlenweg,5,Böxlund,24994,NA,NA
ABR999051169296,ELKO-Wind GmbH ＆ Co. KG,GmbH & Co. KG,Kreepener Hauptstraße,1,Kirchlinteln,27308,www.windstrom.de,NA
ABR961024422745,Windpark Hämelheide GmbH ＆ Co. KG,GmbH & Co. KG,Dorfstraße,107,Hämelhausen,27324,NA,NA
ABR988002440362,UGE Holzhausen GmbH ＆ Co. KG Umweltgerechte Energie,GmbH & Co. KG,Elbstraße,7,Meißen,01662,NA,NA
ABR978744107104,Bürgerwindpark Königsmoor GmbH & Co KG z. H. Gerold Walter,GmbH & Co. KG,Pfalzdorfer Straße,58,Aurich,26607,NA,NA
ABR968896659705,Windkraft Vollmer GmbH ＆ Co. KG,GmbH & Co. KG,Kirchborchener Straße,18,Borchen,33178,NA,NA
ABR978638749915,WindStrom Erneuerbare Energien GmbH ＆ Co. KG,GmbH & Co. KG,Am Torfstich,11,Edemissen,31234,www.windstrom.de,NA
ABR900944211237,Bürgerwindpark Albersdorf GmbH ＆ Co. KG,GmbH & Co. KG,Auf dem Kamp,10,Albersdorf,25767,NA,NA
ABR960346360650,HG Börde Wind GmbH ＆ Co. KG,GmbH & Co. KG,Dimhausen,4,Bassum,27211,NA,NA
ABR912692931602,Qemetica Energy Deutschland,GmbH,Athenslebener Weg (Staßfurt),57,Staßfurt,39418,www.qemetica.com,NA
ABR970395943421,Windpark Baaler Bruch Betriebs GmbH ＆ Co.KG,GmbH & Co. KG,Kalbeck,5,Weeze,47652,NA,NA
ABR978986620539,Windfarm Elsdorf II GmbH,GmbH,Holzweg,87,Aurich,26605,www.alterric.com,NA
ABR978512093172,ENERTRAG Windfeld Drense II GmbH ＆ Co. KG,GmbH & Co. KG,Dauerthal,3,Schenkenberg,17291,www.enertrag.com,NA
ABR937558323148,WP Kräft GmbH ＆Co. KG,GmbH & Co. KG,Max-Bögl-Straße,1,Sengenthal,92369,NA,NA
ABR915833802663,Windpark Garlipp 1.-3. Betriebs GmbH ＆ Co. KG,GmbH & Co. KG,Alexanderstraße,404 B,Oldenburg,26127,NA,NA
ABR999889696414,Windkraft Gut Blankenburg UG (haftungsbeschränkt) ＆ Co. KG,UG (haftungsbeschränkt) & Co. KG,Seehausener Straße,2,Oberuckersee,17291,NA,NA
ABR948836388698,Stadtwerke Schwäbisch Hall GmbH,GmbH,An der Limpurgbrücke,1,Schwäbisch Hall,74523,www.stadtwerke-hall.de,NA
ABR971120768029,LHI SolarWind WP Kohlenstraße 2485 GmbH ＆ Co. KG,GmbH & Co. KG,Emil-Riedl-Weg,6,Pullach,82049,NA,NA
ABR995084041387,CEE Windpark Schwalbach GmbH ＆ Co. KG,GmbH & Co. KG,Eichenweg,35,Rotenburg,27356,https://cee-group.de,NA
ABR930324965405,NxW Mastershausen I GmbH ＆ Co. KG,GmbH & Co. KG,Kantstraße,164,Berlin,10623,https://www.nextwind.de/de,NA
ABR924672065429,Equitix Innova (Blender Windpark) GmbH ＆ Co. KG,GmbH & Co. KG,Frehner Weg,4,Halenbeck-Rohlsdorf,16945,NA,NA
ABR944259599963,Qualitas Energy Trier GmbH,GmbH,Unter den Linden,21,Berlin,10117,https://qualitasenergy.com/de/,NA
ABR935479592537,CGLT Windpark GmbH ＆ Co.KG,GmbH & Co. KG,Tankenrader Berg,1,Ahrensbök,23623,NA,NA
ABR998066328629,SPP 1 Solar Invest 11 GmbH ＆ Co. KG,GmbH & Co. KG,Kirchenpauerstr.,26,Hamburg,20457,NA,NA
ABR981868507699,Windpark Werbig II GmbH ＆ Co. KG,GmbH & Co. KG,Stephanitorsbollwerk,3,Bremen,28217,https://www.windmanager.de,NA
ABR994699984539,Bürgerwindpark Süderauerdorf GmbH ＆ Co. KG,GmbH & Co. KG,Süderauerdorfstraße,39,Süderau,25361,NA,NA
ABR966760229986,Windpark Schlenzer Fläming GmbH ＆ Co. KG,GmbH & Co. KG,Stephanitorsbollwerk,3,Bremen,28217,NA,NA
ABR988911607313,Windpark Pferdsfeld GmbH ＆ Co. KG,GmbH & Co. KG,Am Haag,10,Gräfelfing,82166,www.baywa-re.com,NA
ABR929821174595,Windpark Kalbeck Betriebs GmbH ＆ Co. KG,GmbH & Co. KG,Kalbeck,5,Weeze,47652,NA,NA
ABR985541693679,Bürgerwindpark Bordelum III GmbH ＆ Co. KG,GmbH & Co. KG,Sandweg,5,Bordelum,25852,NA,NA
ABR926574903632,Bürgerwind Hörstel GmbH ＆Co.KG,GmbH & Co. KG,Tecklenburger Str.,5,Hörstel,48477,NA,NA
ABR987760923711,Familie Fey Windkraft GmbH ＆ Co. KG,GmbH & Co. KG,Auwiesen,3,Silberstedt,24887,NA,NA
ABR920543322295,Swisspower Renewables Deutschland GmbH,GmbH,Markgrafenstraße,22,Berlin,10117,www.swisspower.com,NA
ABR908117525846,Neustromland Energieprojekt 2,GmbH & Co. KG,Am Halberg,3,Saarbrücken,66121,NA,NA
ABR940126093312,PNE WIND Park Kührstedt-Alfstedt A,GmbH & Co. KG,Otto-Hahn-Straße,12-16,Husum,25813,NA,NA
ABR902585630170,Windenergie Quantwick GmbH ＆ Co. KG,GmbH & Co. KG,Quantwick,37,Ahaus,48683,NA,NA
ABR930575081435,Stadtwerke Greifswald GmbH,GmbH,Gützkower Landstraße,19,Greifswald,17489,NA,NA
ABR949880646413,Windpark Kambacher Eck GmbH ＆ Co. KG,GmbH & Co. KG,Tullastraße,61,Freiburg,79108,www.badenovawind.de,NA
ABR928124497318,Equitix Innova (Geeste Windpark) GmbH ＆ Co. KG,GmbH & Co. KG,Frehner Weg,4,Halenbeck-Rohlsdorf,16945,NA,NA
ABR929860656519,Bürgerwind Almsicker Loh GmbH ＆ Co. KG,GmbH & Co. KG,Almsick,20,Stadtlohn,48703,NA,NA
ABR930339659474,BEW Bürgerenergiegesellschaft Wangerland mbH ＆ Co. KG,GmbH & Co. KG,Schillhörn,1,Wangerland,26434,NA,NA
ABR927394469391,Neustromland Energieprojekt 1,GmbH & Co. KG,Am Halberg,3,Saarbrücken,66121,NA,NA
ABR900449927985,SWE Energie GmbH,GmbH,Magdeburger Allee,34,Erfurt,99086,www.stadtwerke-erfurt.de,NA
ABR981889477780,Windpark Redlin GmbH ＆ Co. KG,GmbH & Co. KG,Stephanitorsbollwerk,3,Bremen,28217,NA,NA
ABR994702992940,Windpark Lindenhardt GmbH ＆ Co. KG,GmbH & Co. KG,Greflingerstraße,26 ,Regensburg,93055,NA,NA
ABR991649636272,Windpark Rote Steige GmbH ＆ Co. KG,GmbH & Co. KG,An der Limpurgbrücke,1,Schwäbisch Hall,74523,NA,NA
ABR944079035665,Bürgerwind Hauenhorst GmbH ＆ Co.KG,GmbH & Co. KG,Prozessionsweg,27,Rheine,48432,NA,NA
ABR929167688565,Hof Block Bioenergie GmbH,GmbH,Lange Straße,41,Salzhemmendorf,31020,NA,NA
ABR910792061182,BWR Evensen GmbH ＆ Co. KG,GmbH & Co. KG,Evenser Dorfstraße,8,Lamspringe,31195,NA,NA
ABR956144140969,Windenergie Calau GmbH ＆ Co. KG,GmbH & Co. KG,Elbstrasse,7,Meißen,01662,NA,NA
ABR977806759374,Windkraftwerk Wremen,GmbH & Co. KG,Stresemannstraße,46,Bremerhaven,27570,NA,NA
ABR962859800432,Bürgerwindpark Ockholm-Langenhorn,GmbH & Co. KG,An der B 5,10 a,Langenhorn,25842,NA,NA
ABR934719925838,Enerparc Solar Invest 41 GmbH,GmbH,Kirchenpauerstr.,26,Hamburg,20457,NA,NA
ABR949078050190,Windpark Freimersheim GmbH ＆ Co. KG,GmbH & Co. KG,Am Haag,10,Gräfelfing,82166,www.baywa-re.com,NA
ABR940988298238,Windpark Schwarme GmbH ＆ Co. KG,GmbH & Co. KG,Am Torfstich,11,Edemissen,31234,www.windstrom.de,NA
ABR903690099142,Bayernwerk Natur GmbH,GmbH,Carl-von-Linde-Straße,38 ,Unterschleißheim,85716,https://www.bayernwerk.de/de/ueber-uns/unternehmensportraet/bayernwerk-natur-gmbh.html,EON
ABR992263293315,Heizkraftwerk Halle-Trotha GmbH,GmbH,Bornknechtstraße,5,Halle,06108,NA,NA
ABR939402486252,Norddeutsche Energie WP Schönermark GmbH ＆ Co. KG,GmbH & Co. KG,Straße am Zeltplatz,7,Ostseebad Rerik,18230,NA,NA
ABR925961980751,Industriekraftwerk Greifswald GmbH,GmbH,Königstor,20,Kassel,34117,www.wingas.com,NA
ABR910809468041,Märkische Windkraft 83 GmbH ＆ Co. KG,GmbH & Co. KG,Elbstraße,4,Meißen,01662,https://ukb-meissen.de/,NA
ABR974836086081,meridian Windpark Lindau II GmbH ＆ Co.KG,GmbH & Co. KG,Schützenstraße,2,Suhl,98527,www.meridian-energy.de,NA
ABR934913695810,Höpingen Wind GmbH ＆ Co. KG,GmbH & Co. KG,Esking,5,Billerbeck,48727,NA,NA
ABR935122584957,Windpark Hasenkrug/Hardebek GmbH ＆ Co. KG,GmbH & Co. KG,Dorfstraße,1,Egeln,39435,http://www.windmanager.de/,NA
ABR906813549333,Windpark Raa-Besenbek GmbH ＆ Co. KG,GmbH & Co. KG,Dorfstraße,20,Raa-Besenbek,25335,NA,NA
ABR983267124088,Gut für Gatersleben GmbH ＆ Co. KG,GmbH & Co. KG,Schmiedestraße,1,Gatersleben,06466,NA,NA
ABR918475166193,Bürgerwindpark Strübbel Beteiligungs,GmbH & Co. KG,Dorfstraße,45,Strübbel,25792,NA,NA
ABR959271720820,Papier- u. Kartonfabrik Varel GmbH ＆ Co. KG,GmbH & Co. KG,Dangaster Straße,38,Varel,26316,www.pkvarel.de,NA
ABR934407197738,Windpark Westerbelmhusen,GmbH & Co. KG,Narzissenweg,1 a,Brunsbüttel,25541,NA,NA
ABR900878190974,Ahrtal-Werke GmbH,GmbH,Dahlienweg,25,Bad Neuenahr-Ahrweiler,53474,www.ahrtal-werke.de,NA
ABR956904091128,WP Herrenmoor II GmbH ＆ Co. KG,GmbH & Co. KG,Färberstraße,1,Zetel,26340,NA,NA
ABR960248906772,Bürgerwindpark Dagebüll ll GmbH ＆ Co.KG,GmbH & Co. KG,Osewoldterkoog,10,Dagebüll,25899,NA,NA
ABR993109925834,Projekt Ökovest GmbH,GmbH,Alexanderstraße,404 B,Oldenburg,26127,www.projekt-firmengruppe.de,NA
ABR993970863273,GREE Coppanz GmbH ＆ Co. KG,GmbH & Co. KG,Windmühlenberg,NA,Sehestedt,24814,NA,NA
ABR980714249851,Windstromgesellschaft Weesbydamm mbH＆Co.KG,GmbH & Co. KG,Weesbydamm,11,Weesby,24994,NA,NA
ABR935911583024,RWE Sommerland Windparkbetriebsgesellschaft mbH,GmbH,Lister Straße,10,Hannover,30163,NA,RWE
ABR967341150460,AGR Abfallentsorgungs-Gesellschaft Ruhrgebiet mbH,GmbH,Im Emscherbruch,11,Herten,45699,www.agr.de,NA
ABR982201149736,Universitätsklinikum Gießen und Marburg GmbH,GmbH,Rudolf-Buchheim-Straße,8,Gießen,35392,NA,NA
ABR964611749218,Windpark Obere Kyll GmbH ＆ Co. KG,GmbH & Co. KG,Bahnhofstraße,98,Gräfelfing,82166,NA,NA
ABR924143343964,Civis Ventus GmbH ＆ Co. KG I,GmbH & Co. KG,Vattmannstraße,6,Paderborn,33100,NA,NA
ABR979914253638,Regenerative Energiewandlung R.E.W. Eixen GmbH ＆ Co. KG,GmbH & Co. KG,Windmühlenberg,NA,Sehestedt,24814,NA,NA
ABR909054335185,BOREAS Energie GmbH,GmbH,Moritzburger Weg,67,Dresden,01109,NA,NA
ABR999430332785,ZEAG Energie AG,AG,Weipertstraße,41,Heilbronn,74076,www.zeag-energie.de,NA
ABR903729451323,enercity Windpark Portfolio GmbH ＆ Co. KG,GmbH & Co. KG,Chausseestr.,14,Lohmen,18276,NA,NA
ABR908468815924,EWI Schönermark GmbH ＆ Co. KG,GmbH & Co. KG,Kapuzinerstraße,9,Rheinfelden,79618,NA,NA
ABR912231668570,EWI Pattensen GmbH ＆ Co. KG,GmbH & Co. KG,Kapuzinerstraße,9,Rheinfelden,79618,NA,NA
ABR934417833909,EE Bürgerenergie Braunsbach GmbH ＆ Co. KG,GmbH & Co. KG,Geislinger Straße,11,Braunsbach,74542,NA,NA
ABR989208343518,Meyer Erneuerbare Energien GmbH,GmbH,Hinterm Holze,10,Twistringen,27239,www.meyer.energy,NA
ABR962204627400,EE BürgerEnergie Boxberg GmbH ＆ Co. KG,GmbH & Co. KG,Kurpfalzstraße,29,Boxberg,97944,NA,NA
ABR944179510802,Windkraft Rönickerfeld 3 GmbH＆Co.KG,GmbH & Co. KG,Am Henkelberge,33,Paderborn,33100,NA,NA
ABR981110010625,Iqony Gasmotoren Fenne 1 GmbH,GmbH,St. Johanner Straße,101-105,Saarbrücken,66115,NA,NA
ABR968057218345,Stadtwerke Erkrath GmbH,GmbH,Gruitener Straße,27,Erkrath,40699,www.stadtwerke-erkrath.de,NA
ABR990640045021,Bürgerwindpark Jörl GmbH ＆ Ko. KG,GmbH & Co. KG,Am Eichenkratt,3,Jörl,24992,NA,NA
ABR999943071645,BMK Biomassekraftwerk Lünen GmbH,GmbH,Josef-Rethmann-Straße,4,Lünen,44536,NA,NA
ABR964117160524,Kattrepel Wind GmbH ＆ Co. KG,GmbH & Co. KG,Tiedemannstraße,21,Brunsbüttel,25541,NA,NA
ABR949777429099,Energiepark Hümmling GmbH ＆ Co. KG,GmbH & Co. KG,Hauptstraße,35,Lorup,26901,NA,NA
ABR977250630922,Windpark Sönnebüll GmbH ＆ Co. KG,GmbH & Co. KG,Ziegelei,3,Sönnebüll,25821,NA,NA
ABR990689175826,RWE Green Gecco Windparks GmbH,GmbH,Lister Straße,10,Hannover,30163,NA,RWE
ABR990502255544,Windpark Hanstedt II GmbH ＆ Co. KG,GmbH & Co. KG,Wall,55,Kiel,24103,www.getproject.de,NA
ABR907446662246,Windpark Nordsee Ost GmbH,GmbH,RWE-Platz,4,Essen,45141,NA,NA
ABR923455785820,RWE Windpark Bedburg GmbH ＆ Co. KG,GmbH,Am Rathaus,1,Bedburg,50181,NA,RWE
ABR945572747949,RWE indeland Windpark Eschweiler GmbH ＆ Co KG,GmbH & Co. KG,Zum Hagelkreuz,16,Eschweiler,52249,NA,RWE
ABR976772953335,Bürgerwindpark Fücht GmbH & Co. KG,GmbH & Co. KG,Darenwurther Chaussee,34,Helse,25709,NA,NA
ABR969875200208,BWP DFS,GmbH & Co. KG,Diekhusenerwesterdeich,5,Diekhusen-Fahrstedt,25709,NA,NA
ABR986645205263,EnBW Windkraftprojekte GmbH,GmbH,Schelmenwasenstraße,15,Stuttgart,70567,NA,EnBW
ABR945539090163,EnBW Windpark Aalen-Waldhausen GmbH,GmbH,Schelmenwasenstraße,15,Stuttgart,70567,NA,EnBW
ABR940482273304,Bürgerwindpark Löwenstedt GmbH ＆ Ko. KG,GmbH & Co. KG,Ostenau Dorf,8,Löwenstedt,25864,NA,NA
ABR996846652971,LHI GII2 WP Schwegenheim 2411 GmbH ＆ Co. KG,GmbH & Co. KG,Emil-Riedl-Weg,6,Pullach,82049,NA,NA
ABR960207546728,WEB Windenergie Deutschland GmbH,GmbH,Bergedorfer Straße,92,Hamburg,21029,NA,NA
ABR949205937202,WEB Windpark Wörbzig GmbH ＆ Co. KG,GmbH & Co. KG,Bergedorfer Straße,92,Hamburg,21029,NA,NA
ABR916115096862,RWE Wind Onshore & PV Deutschland GmbH,GmbH,Lister Straße,10,Hannover,30163,NA,RWE
ABR971158985009,RWE Evendorf Windparkbetriebsgesellschaft mbH,GmbH,Lister Straße,10,Hannover,30163,NA,RWE
ABR939457588048,GAIA mbH,GmbH,Jahnstraße,28,Lambsheim,67245,www.gaia-mbh.de,NA
ABR936831376390,Trianel Windkraftwerk Borkum II GmbH ＆ Co. KG,GmbH & Co. KG,Tirpitzstraße,39,Oldenburg,26122,NA,NA
ABR970952445139,Windpark Beesenberg 8  GmbH ＆ Co. KG,GmbH & Co. KG,Gregor-Mendel-Straße,24a,Potsdam,14469,NA,NA
ABR953328360113,Berdumer Bürger Windpark GmbH ＆ Co.KG,GmbH & Co. KG,Funnixerriege,3,Wittmund,26409,NA,NA
ABR987725128793,WKA-Heng GmbH ＆ Co. KG,GmbH & Co. KG,Antoniusstraße,4,Altenbeken,33184,NA,NA
ABR993962069041,Driller Windenergie GmbH＆Co.KG,GmbH & Co. KG,Wienackerstraße,25,Altenbeken,33184,NA,NA
ABR924724712158,Dritte Windpark Weener GmbH ＆ Co. KG,GmbH & Co. KG,Marktplatz,2,Babenhausen,87727,NA,NA
ABR980541072769,GREE Kambs GmbH ＆ Co. KG,GmbH & Co. KG,Windmühlenberg,NA,Sehestedt,24814,NA,NA
ABR992647171222,Windpark Lüneburg Nr. 38 GmbH ＆ Co.KG,GmbH & Co. KG,Jülicher Straße,10,Erkelenz,41812,www.windmanager.de,NA
ABR976628174648,Gemeinschaftswindpark Kandrich GmbH ＆ Co. KG,GmbH & Co. KG,Bahnhofstraße,21,Ingelheim,55218,NA,NA
ABR982973334880,Wolters Wind,GmbH & Co. KG,Am Kohlhof,37,Osterholz-Scharmbeck,27711,NA,NA
ABR938900840580,EnBW Baltic 1 GmbH ＆ Co. KG,GmbH & Co. KG,Adolf-Pirrung-Straße,7,Biberach,88400,NA,EnBW
ABR988559485618,EnBW Windpark Buchholz III GmbH,GmbH,Schelmenwasenstraße,15,Stuttgart,70567,NA,EnBW
ABR966598625592,TAMANO Mobiliengesellschaft mbH ＆ Co. KG,GmbH & Co. KG,Tölzer Straße,15,Grünwald,82031,www.kgal.de,NA
ABR953744539186,Windstromer GmbH ＆ Co. Bergert ＆ Gumpert KG,GmbH & Co. KG,Bockwitzer Dorfstraße,9,Colditz,04680,https://windstromer.com/startseite.html,NA
ABR934482816913,Windpower GmbH ＆ Co. Jura-Windkraftwerke KG,GmbH & Co. KG,Prüfeninger Straße,20,Regensburg,93049,NA,NA
ABR904172556115,Umspannwerk Berching GmbH & Co. KG,GmbH & Co. KG,Prüfeninger Straße,20,Regensburg,93049,NA,NA
ABR967289224858,Energie- und Wasserversorgung Hamm GmbH,GmbH,Südring,1,Hamm,59065,https://www.ewv-hamm-netz.de,NA
ABR994907478249,Windpark Windhübel GmbH ＆ Co. KG,GmbH & Co. KG,Energie-Allee,1,Wörrstadt,55286,NA,NA
ABR939030696382,Wattner SunAsset Solarkraftwerk 075 GmbH ＆ Co. KG,GmbH & Co. KG,Maximinenstr.,6,Köln,50668,NA,NA
ABR931138923605,SWK ENERGIE GmbH,GmbH,St. Töniser Straße,124,Krefeld,47804,NA,NA
ABR958148362651,Sabowindpark Gersdorf 3 GmbH ＆ Co. KG,GmbH & Co. KG,Frauensteiner Straße,118,Freiberg,09599,NA,NA
ABR910114613273,Equitix Innova (Sehnde Lehrte Windpark) GmbH ＆ Co. KG,GmbH & Co. KG,Frehner Weg,4,Halenbeck-Rohlsdorf,16945,NA,NA
ABR957590722709,innoVent WP Detern,GmbH & Co. KG,Oldenburger Straße,49,Varel,26316,www.innoVent.eu,NA
ABR970050281615,BMR Windenergie Aldenhoven GmbH ＆ Co. KG,GmbH & Co. KG,Berliner Ring,11 ,Geilenkirchen,52511,NA,NA
ABR914058685327,Windpark Schlüsselburg GmbH ＆ Co. KG,GmbH & Co. KG,Stephanitorsbollwerk,3,Bremen,28217,www.wpd.de,NA
ABR930412296619,BMR Windenergie Jüchen GmbH ＆ Co. KG,GmbH & Co. KG,Berliner Ring,11,Geilenkirchen,52511,NA,NA
ABR920275773297,GSB Sonderabfall-Entsorgung Bayern GmbH,GmbH,Äußerer Ring,50,Baar-Ebenhausen,85107,www.gsb-mbh.de,NA
ABR954118922375,EnBW Onshore Portfolio GmbH,GmbH,Schelmenwasenstraße,15,Stuttgart,70567,NA,EnBW
ABR962330575156,Equitix Innova (Merinda Windpark) GmbH ＆ Co. KG,GmbH & Co. KG,Frehner Weg,4,Halenbeck-Rohlsdorf,16945,NA,NA
ABR984527466351,Windpower Rapshagen 1 GmbH ＆ Co. KG,GmbH & Co. KG,Prüfeninger Straße,20,Regensburg,93049,NA,NA
ABR944468185339,Palm Power GmbH ＆ Co. KG,GmbH & Co. KG,Palm Allee,1,Aalen,73432,NA,NA
ABR948710242986,Sechzehnte Bürgerwindpark GmbH ＆ Co. KG,GmbH & Co. KG,Albert-Einstein-Straße,7,Osnabrück,49076,NA,NA
ABR968261687470,innoVent Windkraft Hohelucht,GmbH & Co. KG,Oldenburger Straße,49,Varel,26316,www.innoVent.eu,NA
ABR945128985245,WP Ammersche Länder,UG (haftungsbeschränkt) & Co. KG,Oldenburger Straße,49,Varel,26316,www.innoVent.eu,NA
ABR946517138143,innoVent WP Bollenhagen UG (haftungsbeschränkt) ＆ Co. KG,UG (haftungsbeschränkt) & Co. KG,Oldenburger Straße,49,Varel,26316,NA,NA
ABR980648021769,Holtsee-Altenhof Windenergie GmbH ＆ Co. KG,GmbH & Co. KG,Windmühlenberg,NA,Sehestedt,24814,NA,NA
ABR948535237266,Siebte Bürgerwind GmbH,GmbH,Albert-Einstein-Straße,7,Osnabrück,49076,NA,NA
ABR979885255792,Bürgerwindpark Bad Bentheim-Waldseite GmbH ＆ Co. KG,GmbH & Co. KG,Albert-Einstein-Straße,7,Osnabrück,49076,NA,NA
ABR902974424724,ENTEGA Windpark Haiger GmbH ＆ Co. KG,GmbH & Co. KG,Hüttenstraße,18,Haiger,35708,entega.ag,NA
ABR947254976975,Trianel Windpark Uckley GmbH ＆ Co. KG,GmbH & Co. KG,Krefelder Straße,203,Aachen,52070,NA,NA
ABR915918909973,CEE Windpark Wölsickendorf GmbH ＆ Co. KG,GmbH & Co. KG,Eichenweg,35,Rotenburg,27356,https://cee-group.de/,NA
ABR953268833838,Windpark Getmold GmbH ＆ Co. KG,GmbH & Co. KG,Stephanitorsbollwerk,3,Bremen,28217,www.wpd.de,NA
ABR939236726098,Bürger-Energiepark Garrel GmbH ＆ Co. KG,GmbH & Co. KG,Hauptstraße,43,Garrel,49681,NA,NA
ABR999047538587,Trianel Windkraftwerk Borkum GmbH ＆ Co. KG,GmbH & Co. KG,Krefelder Straße,203,Aachen,52070,NA,NA
ABR966156865910,Piehl ＆ Möller GbR,GbR,Ochsenmarkt,11,Brunsbüttel,25541,NA,NA
ABR954442910864,Stadtwerke Cottbus GmbH,GmbH,Karl-Liebknecht-Straße,130,Cottbus,03046,www.stadtwerke-cottbus.de,NA
ABR921192722764,Grenzstrom Bürgerwind GmbH ＆ Co. KG,GmbH & Co. KG,Dorfstraße,11,Ellhöft,25923,NA,NA
ABR903311294772,Windpark Wohlbedacht GmbH ＆ Co. KG I. Betriebsgesellschaft,GmbH & Co. KG,Vattmannstraße,6,Paderborn,33100,NA,NA
ABR962888504653,Gode Wind 2 Offshore Wind Farm P/S GmbH ＆ Co. oHG,GmbH & Co. oHG,Am Osthafen,1,Norden,26506,NA,NA
ABR917036569480,Hohen Luckow Windenergie GmbH ＆ Co. KG,GmbH & Co. KG,Rostocker Str.,23 ,Satow,18239,NA,NA
ABR937801528238,118. WestWind Windpark GmbH ＆ Co. KG,GmbH & Co. KG,Brinkstraße,25,Kirchdorf,27245,NA,NA
ABR904774810417,Emschergenossenschaft,Körperschaft des öffentlichen Rechts,Kronprinzenstr.,24,Essen,45128,eglv.de,NA
ABR918371614767,GSW-Stadtwerke Straubing Bürgerenergie GmbH ＆ Co. KG,GmbH & Co. KG,Otto-Hiendl-Straße,15,Kirchroth,94356,NA,NA
ABR925604061540,CEE Windpark Westerengel GmbH ＆ Co. KG,GmbH & Co. KG,Eichenweg,35,Rotenburg,27356,https://www.cycap.com/,NA
ABR989245785548,Windpark Himmelreich GmbH ＆ Co. KG,GmbH & Co. KG,Österstraße,15,St. Michaelisdonn,25693,NA,NA
ABR939617012437,Gode Wind 1 Offshore Wind Farm GmbH ＆ Co. oHG,GmbH & Co. oHG,Am Osthafen,2,Norden,26506,NA,NA
ABR949626048525,Borkum Riffgrund I Offshore Windpark A/S GmbH ＆ Co. oHG,GmbH & Co. oHG,Am Osthafen,1,Norden,26506,NA,NA
ABR983253051190,Borkum Riffgrund 2 Offshore Wind Farm GmbH ＆ Co. oHG,GmbH & Co. oHG,Am Osthafen,2,Norden,26506,NA,NA
ABR932046836643,GREE Mittelholstein Windenergie GmbH ＆ Co. KG,GmbH & Co. KG,Windmühlenberg,NA,Sehestedt,24814,NA,NA
ABR904586509820,BVT WP Flomborn/Stetten GmbH ＆ Co. KG,GmbH & Co. KG,Tölzer Straße,2,Grünwald,82031,NA,NA
ABR950762795112,Windpark Düngstrup Repowering GmbH ＆ Co. KG,GmbH & Co. KG,Brinkstraße,25,Kirchdorf,27245,NA,NA
ABR998794599124,Bürgerenergie Windpark Gagel GmbH ＆ Co.KG,GmbH & Co. KG,Kirchhoffstraße,3,Itzehoe,25524,NA,NA
ABR965388281055,Nordsee One GmbH,GmbH,Willinghusener Weg,3,Oststeinbek,22113,www.nordseeone.com,NA
ABR915284701287,130. WestWind Windpark GmbH ＆ Co. KG,GmbH & Co. KG,Brinkstraße,25,Kirchdorf,27245,NA,NA
ABR934731822665,Entsorgungsverband Saar,Körperschaft des öffentlichen Rechts,Untertürkheimer Straße,21,Saarbrücken,66117,www.evs.de,NA
ABR944600580503,SüdWestStrom StadtKraftWerk Windpark Suckow GmbH ＆ Co. KG,GmbH & Co. KG,Eisenhutstraße,6,Tübingen,72072,http://www.suedweststrom.de,NA
ABR912511063514,NET Windenergie GmbH,GmbH,Lehfeld,5,Hamburg,21029,NA,NA
ABR908515276456,NET Ochsenwerder GmbH,GmbH,Lehfeld,5,Hamburg,21029,NA,NA
ABR912440980067,NET Natürliche Energietechnik GmbH,GmbH,Lehfeld,5,Hamburg,21029,NA,NA
ABR963583526896,Mainova Gemeinschaftswindpark Hohenahr GmbH ＆ Co. KG,GmbH & Co. KG,Solmsstraße,38,Frankfurt,60486,NA,NA
ABR956625735141,Grenzstrom Vindtved GmbH ＆ Co. KG,GmbH & Co. KG,Dorfstraße,11,Ellhöft,25923,NA,NA
ABR933776283783,Denker ＆ Wulf AG,AG,Windmühlenberg,NA,Sehestedt,24814,NA,NA
ABR947989635789,Bürger-Windpark Wiemersdorf GmbH,GmbH,Am Eichenhof,8,Wiemersdorf,24649,NA,NA
ABR947429607734,Mainova Windpark Remlingen GmbH ＆ Co. KG,GmbH & Co. KG,Solmsstraße,38,Frankfurt,60486,NA,NA
ABR933904827889,39. WestWind Windpark GmbH ＆ Co KG,GmbH & Co. KG,Brinkstraße,25,Kirchdorf,27245,NA,NA
ABR951767274404,Ohlener Wind UG (haftungsbeschränkt) ＆ Co. KG,UG (haftungsbeschränkt) & Co. KG,Westerbelmhusener Straße,19,Brunsbüttel,25541,NA,NA
ABR981750505703,Bürgerenergiegesellschaft Windpark Milow auf der Nachtkoppel GmbH ＆ Co. KG,GmbH & Co. KG,Straße am Zeltplatz,7,Ostseebad Rerik,18230,NA,NA
ABR922485958501,Energiepark Mittelberg GmbH ＆ Co. KG,GmbH & Co. KG,Zehrensdorfer Straße,4,Zossen,15806,NA,NA
ABR911887894913,Windenergie Rieste GmbH ＆ Co. KG,GmbH & Co. KG,Alte Poststraße,9,Osnabrück,49074,NA,NA
ABR941145675091,Mainova Windpark Niederhambach GmbH ＆ Co. KG,GmbH & Co. KG,Solmsstraße,38,Frankfurt,60486,NA,NA
ABR962491270815,FP Lux Solar GmbH ＆ Co. Krempendorf KG,GmbH & Co. KG,Jännersdorfer Ring,34,Marienfließ,16945,NA,NA
ABR913706167383,Bielefeld-Gütersloh Wind GmbH ＆ Co. KG,GmbH & Co. KG,Schildescher Straße,16,Bielefeld,33611,NA,NA
ABR910780781979,MHKW Müllheizkraftwerk Frankfurt am Main GmbH,GmbH,Heddernheimer Landstraße,157,Frankfurt,60439,NA,NA
ABR978600495574,69. WestWind Windpark GmbH ＆ Co KG,GmbH & Co. KG,Brinkstraße,25,Kirchdorf,27245,NA,NA
ABR984273646076,Windpark GmbH ＆ Co. Nentzelsrode KG,GmbH & Co. KG,Holzweg,87,Aurich,26605,www.alterric.com,NA
ABR994963071859,Windpark Gemünden GmbH ＆ Co. KG,GmbH & Co. KG,Marktstraße,10,Gemünden,35285,NA,NA
ABR933040566857,OSTWINDpark Rotmainquelle,GmbH & Co. KG,Fritz-Fend-Straße,4,Regensburg,93047,NA,NA
ABR906755307022,Neufelder Windkraft GmbH ＆ Co. KG,GmbH & Co. KG,Windmühlenberg,NA,Sehestedt,24814,NA,NA
ABR900510043736,Windpark Wiemersdorf GmbH ＆ Co. KG,GmbH & Co. KG,Am Eichenhof,8,Wiemersdorf,24649,NA,NA
ABR930547373377,Windpark Greiner Eck,GmbH & Co. KG,Industriestraße,2,Viernheim,68519,www.windpark-greiner-eck.de,NA
ABR977464387957,GREE Neufeld GmbH ＆ Co. KG,GmbH & Co. KG,Windmühlenberg,NA,Sehestedt,24814,NA,NA
ABR961165078252,32. WestWind Windpark GmbH ＆ Co KG,GmbH & Co. KG,Brinkstraße,25,Kirchdorf,27245,NA,NA
ABR957126637934,76. WestWind Windpark GmbH ＆ Co KG,GmbH & Co. KG,Brinkstraße,25,Kirchdorf,27245,NA,NA
ABR964086259793,Windpark GmbH ＆ Co. Witzenhausen KG,GmbH & Co. KG,Holzweg,87,Aurich,26605,www.alterric.com,NA
ABR939412659172,Windpark Streumen GmbH,GmbH,Friedrich-List-Platz,2,Dresden,01069,NA,NA
ABR993722713771,AöR Energieprojekte Monsheim,Körperschaft des öffentlichen Rechts,Alzeyer Straße,15,Monsheim,67590,www.vg-monsheim.de,NA
ABR993122874003,INEOS Manufacturing Deutschland,GmbH,Alte Str.,201,Köln,50769,NA,NA
ABR909591457395,NEUH-WERD Energie GmbH ＆ Co. KG,GmbH & Co. KG,Tiefhaus,1,Neuharlingersiel,26427,NA,NA
ABR950945359346,UGE Leeskow Eins GmbH ＆ Co. KG Umweltgerechte Energie,GmbH & Co. KG,Dorfstr.,20 a,Lohmen,18276,NA,NA
ABR911054716253,83. WestWind Windpark GmbH ＆ Co. KG,GmbH & Co. KG,Brinkstraße,25,Kirchdorf,27245,NA,NA
ABR941784662339,Windpark-Georgshof GmbH ＆ Co. KG,GmbH & Co. KG,Joachimsfeld,1,Dornum,26553,NA,NA
ABR940995879024,Windpark Grüner Weg Meerhof GmbH ＆ Co.KG,GmbH & Co. KG,Zur Egge,17,Marsberg,34431,NA,NA
ABR925925175896,Photovoltaikkraftwerk Groß Dölln 1 GmbH ＆ Co. KG,GmbH & Co. KG,Wadenbrunner Straße,10,Kolitzheim,97509,NA,NA
ABR902397811767,Photovoltaikkraftwerk Groß Dölln 2 GmbH ＆ Co. KG,GmbH & Co. KG,Wadenbrunner Straße,10,Kolitzheim,97509,NA,NA
ABR969476746631,Photovoltaikkraftwerk Groß Dölln 3 GmbH ＆ Co. KG,GmbH & Co. KG,Wadenbrunner Straße,10,Kolitzheim,97509,NA,NA
ABR915766146797,Photovoltaikkraftwerk Groß Dölln 4 GmbH ＆ Co. KG,GmbH & Co. KG,Wadenbrunner Straße,10,Kolitzheim,97509,NA,NA
ABR941820351357,Photovoltaikkraftwerk Groß Dölln 5 GmbH ＆ Co. KG,GmbH & Co. KG,Wadenbrunner Straße,10,Kolitzheim,97509,NA,NA
ABR977170715327,Photovoltaikkraftwerk Groß Dölln 6 GmbH ＆ Co. KG,GmbH & Co. KG,Wadenbrunner Straße,10,Kolitzheim,97509,NA,NA
ABR983997414206,Windpark Abens-Nord GmbH ＆ Co. KG,GmbH & Co. KG,Alleestraße,4 A,Wittmund,26409,NA,NA
ABR927864889216,OWP Butendiek GmbH ＆ Co. KG,GmbH & Co. KG,Stephanitorsbollwerk,3,Bremen,28217,NA,NA
ABR929941424983,ecoJoule construct GmbH,GmbH,Alte Feldmühle,10,Neustadt,31535,www.ecoJoule.de,NA
ABR930546763544,Energie-Windpark Islek GmbH ＆ Co.KG,GmbH & Co. KG,Gaymühle,10,Rodershausen,54673,https://www.wp-islek.de/,NA
ABR992494053870,Trianel Kohlekraftwerk Lünen GmbH ＆ Co KG,GmbH & Co. KG,Frydagstraße,40,Lünen,44536,www.trianel-luenen.de,NA
ABR944401108647,Energiekontor AG,AG,Mary-Somerville-Straße,5,Bremen,28359,NA,NA
ABR999053273441,OWP Nordergründe GmbH ＆ Co. KG,GmbH & Co. KG,Stephanitorsbollwerk,3,Bremen,28217,NA,NA
ABR994986071614,Windpark Barkhorst GmbH ＆ Co. KG,GmbH & Co. KG,Stahltwiete,21 a,Hamburg,22761,NA,NA
ABR963703465715,Bürgerwind Schöppingen-Ramsberg GmbH ＆ Co. KG,GmbH & Co. KG,Ramsberg,26,Schöppingen,48624,NA,NA
ABR978248396691,Rolls-Royce Solutions,GmbH,Maybachplatz,1,Friedrichshafen,88045,NA,NA
ABR980002956430,Bürgerwind Schöppingen-Strönfeld GmbH ＆ Co. KG,GmbH & Co. KG,Ramsberg,35,Schöppingen,48624,NA,NA
ABR995865243818,Henning Kruse Energie,Einzelunternehmen,Kastanienstraße,11,Lemwerder,27809,NA,NA
ABR963421776391,ENERPARC Solar Invest 33 GmbH ＆ Co. KG,GmbH & Co. KG,Kirchenpauerstr.,26,Hamburg,20457,NA,NA
ABR945001774560,ENERPARC Solar Invest 34 GmbH ＆ Co. KG,GmbH & Co. KG,Kirchenpauerstr.,26,Hamburg,20457,NA,NA
ABR930494644070,ENERPARC Solar Invest 35 GmbH ＆ Co. KG,GmbH & Co. KG,Kirchenpauerstr.,26,Hamburg,20457,NA,NA
ABR935433814590,ENERPARC Solar Invest 36 GmbH,GmbH,Mittelstraße,11-13,Monheim,40789,NA,NA
ABR905506707067,ENERPARC Solar Invest 38 GmbH,GmbH,Kirchenpauerstr.,26,Hamburg,20457,NA,NA
ABR935635392131,ENERPARC Solar Invest 40 GmbH,GmbH,Mittelstraße,11-13,Monheim,40789,NA,NA
ABR902030317700,ENERPARC Solar Invest 42 GmbH,GmbH,Mittelstraße,11-13,Monheim,40789,NA,NA
ABR912377203765,ENERPARC Solarpark Litten GmbH,GmbH,Mittelstraße,11-13,Monheim,40789,NA,NA
ABR917613891058,ENERPARC Solarpark Litten 2 GmbH,GmbH,Mittelstraße,11-13,Monheim,40789,NA,NA
ABR977332111967,Windpark AbensBlersum GmbH ＆ Co. KG,GmbH & Co. KG,Alleestraße,4 A,Wittmund,26409,NA,NA
ABR902428166637,PASM GmbH,GmbH,Marsplatz,4,München,80335,https://www.pasm.de/,NA
ABR938774792374,Windpark 1 Kalkriese GmbH ＆ Co. KG,GmbH & Co. KG,Lange Wiese,12,Bramsche,49565,NA,NA
ABR932212103470,VERBUND Energy4Business Germany GmbH,GmbH,Luise-Ullrich-Straße,20,München,80636,www.verbund.com,NA
ABR985377313482,Amrum-Offshore West GmbH,GmbH,RWE-Platz,4,Essen,45141,NA,NA
ABR978091643966,AWE-Arkona-Windpark Entwicklungs-GmbH,GmbH,Steindamm,98,Hamburg,20099,NA,NA
ABR938250177251,Photovoltaikkraftwerk Groß Dölln 7 GmbH ＆ Co. KG,GmbH & Co. KG,Wadenbrunner Straße,10,Kolitzheim,97509,NA,NA
ABR957771881706,Photovoltaikkraftwerk Groß Dölln 8 GmbH ＆ Co. KG,GmbH & Co. KG,Wadenbrunner Straße,10,Kolitzheim,97509,NA,NA
ABR951356716124,Windpark Kohlenbek GmbH ＆ Co.KG,GmbH & Co. KG,Kohlenbek,5,Bokelrehm,25596,NA,NA
ABR928045809528,Gescher Bürgerwind GmbH ＆ Co. KG,GmbH & Co. KG,Estern,73,Gescher,48712,NA,NA
ABR979723000096,CEE Windpark Mohlis GmbH ＆ Co. KG,GmbH & Co. KG,Eichenweg,35,Rotenburg,27356,https://cee-group.de,NA
ABR955397292821,GLS Windpark Schleiden GmbH ＆ Co. KG Betriebsgesellschaft,GmbH & Co. KG,Christstr.,9,Bochum,44789,NA,NA
ABR914220254719,Rhönwind Betriebs GmbH ＆ Co. KG,GmbH & Co. KG,Lindenstraße,1,Schondra,97795,NA,NA
ABR979676019770,BWO Bürgerwindpark Oldenborstel GmbH ＆ Co. KG,GmbH & Co. KG,Hessenweg,2,Oldenborstel,25560,NA,NA
ABR958242444901,UGE Göllnitz-West Eins GmbH ＆ Co. KG Umweltgerechte Energie,GmbH & Co. KG,Schweriner Str.,85,Güstrow,18273,NA,NA
ABR915988990581,Windpark Walkhügel GmbH ＆ Co. Ilberstedt KG III,GmbH & Co. KG,Hauptstraße,8,Bernburg,06406,NA,NA
ABR935697881581,Windpark Ovelgönne Betriebs GmbH ＆ Co. KG,GmbH & Co. KG,Frieschenmoorer Straße,63,Ovelgönne,26939,NA,NA
ABR903492295940,EE BürgerEnergie Möckmühl GmbH ＆ Co. KG,GmbH & Co. KG,Hauptstraße,23,Möckmühl,74219,NA,NA
ABR914391589023,BürgerEnergie Königheim GmbH ＆ Co. KG,GmbH & Co. KG,Weipertstr.,41,Heilbronn,74076,NA,NA
ABR978332834603,EE BürgerEnergie Krautheim GmbH ＆ Co. KG,GmbH & Co. KG,Burgweg,5,Krautheim,74238,NA,NA
ABR994001916906,EE BürgerEnergie Hardheim GmbH ＆ Co. KG,GmbH & Co. KG,Schloßplatz,6,Hardheim,74736,NA,NA
ABR919574103430,PNE AG,AG,Peter-Henlein-Straße,2-4,Cuxhaven,27472,NA,NA
ABR983732818122,Barg Wind GmbH ＆ Co. KG,GmbH & Co. KG,An de Reith,5,Eggstedt,25721,NA,NA
ABR934344547573,Maple Wind GmbH ＆ Co. KG,GmbH & Co. KG,Am Haag,10,Gräfelfing,82166,NA,NA
ABR935576940606,Bürgerwind Südergeest GmbH ＆ Co. KG,GmbH & Co. KG,An de Reith,5,Eggstedt,25721,NA,NA
ABR973985157949,EnBW Albatros GmbH ＆ Co. KG,GmbH & Co. KG,Adolf-Pirrung-Straße,7,Biberach,88400,NA,EnBW
ABR978525176978,EnBW Hohe See GmbH ＆ Co. KG,GmbH & Co. KG,Adolf-Pirrung-Straße,7,Biberach,88400,NA,EnBW
ABR915220366549,Windpark Rot am See GmbH,GmbH,Schelmenwasenstraße,15,Stuttgart,70567,NA,NA
ABR907319614181,SüdWestStromWindpark Donstorf,GmbH & Co. KG,Eisenhutstraße,6,Tübingen,72072,http://www.suedweststrom.de,NA
ABR963913170188,PROKON Windpark Blumberg GmbH ＆ Co.KG,GmbH & Co. KG,Kirchhoffstraße,3,Itzehoe,25524,NA,NA
ABR943735896442,Windenergie Schöppingen-Brook GmbH ＆ Co. KG,GmbH & Co. KG,Frettholt,19,Legden,48739,NA,NA
ABR929322061196,BMW AG,AG,Landshuter-Str.,56 ,Dingolfing,84130,NA,NA
ABR905703903613,MLK Consulting GmbH ＆ Co. KG,GmbH & Co. KG,In Tenholt,33,Erkelenz,41812,www.mlk-windparks.de,NA
ABR940255389898,Windpark Körtge GmbH ＆ Co. KG,GmbH & Co. KG,Vattmannstraße,6,Paderborn,33100,https://www.westfalenwind.de/,NA
ABR988247688451,GLS Windpark Zodel GmbH ＆ Co. KG Betriebsgesellschaft,GmbH & Co. KG,Christstr.,9,Bochum,44789,NA,NA
ABR918813449834,Windpark Ihlewitz GmbH ＆ Co. KG,GmbH & Co. KG,Christstr.,9 ,Bochum,44789,NA,NA
ABR935463956383,Windpark Littdorf GmbH ＆ Co. KG,GmbH & Co. KG,Christstr.,9 ,Bochum,44789,NA,NA
ABR942797128829,Windpark Walkhügel GmbH ＆ Co. Aderstedt II KG,GmbH & Co. KG,Hauptstraße,8,Ilberstedt,06408,NA,NA
ABR931065223656,Windpark Egeln GmbH ＆ Co. I KG,GmbH & Co. KG,Dorfstraße,1,Egeln,39435,NA,NA
ABR973961807103,Windpark Biebersdorf GmbH ＆ Co. KG,GmbH & Co. KG,Großer Burstah,42,Hamburg,20457,NA,NA
ABR966462543335,Bürgerwindpark Weiberg GmbH ＆ Co. KG,GmbH & Co. KG,Vattmannstraße,6,Paderborn,33100,https://www.westfalenwind.de/,NA
ABR955348431156,N-ERGIE Kraftwerke GmbH,GmbH,Sandreuthstraße,55 a,Nürnberg,90441,NA,NA
ABR963548037979,EEW Energy from Waste Göppingen,GmbH,Iltishofweg,40,Göppingen,73037,www.eew-energyfromwaste.com,EEW Energy from Waste
ABR977844986282,Getec Wärme & Effizienz GmbH Nord,GmbH,Ericusspitze,2-4,Hamburg,20457,https://www.getec-energyservices.com,NA
ABR960962129105,Windpark Eckolstädt II GmbH ＆ Co. KG,GmbH & Co. KG,Ulmer Straße,4,Leinfelden-Echterdingen,70771,www.edf-re.de,NA
ABR908127438754,Regenerative Energiewandlung R. E. W. Groß Pinnow GmbH ＆ Co. KG,GmbH & Co. KG,Windmühlenberg,NA,Sehestedt,24814,NA,NA
ABR908851764945,BANDRA Mobiliengesellschaft mbH ＆ Co. KG,GmbH & Co. KG,Stephanitorsbollwerk,3,Bremen,28217,NA,NA
ABR913685982731,CASANO Mobiliengesellschaft mbH ＆ Co. KG,GmbH & Co. KG,Stephanitorsbollwerk,3,Bremen,28217,NA,NA
ABR989129879585,Heddinghäuser Bürgerwind Projektierungs GmbH ＆ Co.KG,GmbH & Co. KG,Steinhäuser Straße,5,Büren,33142,NA,NA
ABR915969729179,mea Energieagentur Mecklenburg-Vorpommern GmbH,GmbH,Obotritenring,40,Schwerin,19053,NA,NA
ABR962648683024,Windpark Kohldamm GmbH ＆ Co. KG,GmbH & Co. KG,Heie-Juuler-Wäi,1,Risum-Lindholm,25920,www.windpark-kohldamm.de,NA
ABR940751672999,Phase 5 GmbH ＆ Co. Kerkow-Welsow KG,GmbH & Co. KG,Vielitzer Weg,12,Lindow,16835,www.teut.de,NA
ABR922734500260,Regenerative Energiewandlung R.E.W. Wind Wildberg GmbH ＆ Co. KG,GmbH & Co. KG,Windmühlenberg,NA,Sehestedt,24814,NA,NA
ABR980202630321,Rustemeyer Windmarc GmbH ＆ Co.KG,GmbH & Co. KG,Peter-Hille-Weg,8,Willebadessen,34439,NA,NA
ABR921092617566,WKE Windkraft Eichsfeld GmbH ＆ Co. Webersberg KG,GmbH & Co. KG,Alte-Uslarer Straße,19 E,Hardegsen,37181,NA,NA
ABR909052757705,Zweite Windpark Abens-Nord GmbH ＆ Co. KG,GmbH & Co. KG,Alleestraße,4 A,Wittmund,26409,NA,NA
ABR915045963770,Windpark Buchhainer Heide GmbH und Co. Betriebs KG,GmbH & Co. KG,Schweriner Str.,85,Güstrow,18273,NA,NA
ABR999746237781,Wind Grünberg GmbH ＆ Co. KG,GmbH & Co. KG,Windmühlenberg,NA,Sehestedt,24814,NA,NA
ABR930625211645,Windpark Sehestedt GmbH ＆ Co. KG,GmbH & Co. KG,Windmühlenberg,NA,Sehestedt,24814,NA,NA
ABR963252693591,Windpark THEE Kölsa II GmbH ＆ Co. KG,GmbH & Co. KG,Großer Burstah,42,Hamburg,20457,NA,NA
ABR919155876760,Windpark Holtgaste GmbH ＆ Co. KG,GmbH & Co. KG,Steinhausstraße,112,Bunde,26831,www.enova.de,NA
ABR996426003001,Kreis Weseler Abfallgesellschaft mbH ＆ Co.KG,GmbH & Co. KG,Graftstraße,25,Kamp-Lintfort,47475,www.aez-asdonkshof.de,NA
ABR994145714604,Windpark Garlipp 1.-3. Betriebs GmbH ＆Co. KG,GmbH & Co. KG,Alexanderstraße,404 B,Oldenburg,26127,NA,NA
ABR946972450163,Windpark Großer Wald Hettingen/Rinschheim GmbH ＆ Co. KG,GmbH & Co. KG,Talmühle,1,Buchen,74722,www.windpark-grosser-wald.de,NA
ABR917685925354,Raiffeisen Windkraft Funke GmbH ＆ Co. KG,GmbH & Co. KG,Lindenstraße,2,Freren,49832,NA,NA
ABR980567683260,Repowering Windpark Lünne GmbH ＆ Co. KG,GmbH & Co. KG,Lingener Straße,20,Lünne,48480,NA,NA
ABR963408700074,Energieanlagen Frank Bündig,Einzelunternehmen,Mendener Weg,3,Waldheim,04736,NA,NA
ABR908898205883,Bürgerwindpark Seefeld-Gokels GmbH ＆ Co.KG,GmbH & Co. KG,Kattenbarg,5,Seefeld,25557,NA,NA
ABR970228649926,Windpark Bardenflether Feld GmbH ＆ Co. 4. KG,GmbH & Co. KG,Dalsper,6,Elsfleth,26931,NA,NA
ABR907411702991,EBS Kraftwerk GmbH,GmbH,Industriestraße,300,Hürth,50354,https://www.eew-energyfromwaste.com/de/standorte/knapsack.html,NA
ABR924692303907,Windpark am Kleeberg GmbH ＆ Co KG,GmbH & Co. KG,Illinger Straße,29,Eppelborn,66571,NA,NA
ABR940985405639,Wattner SunAsset Solarkraftwerk 068 GmbH ＆ Co. KG,GmbH & Co. KG,Hauptstraße,63,Monheim,40789,NA,NA
ABR998292963120,GREEN Solar Herzogenrath,GmbH,Worm,5 a,Herzogenrath,52134,NA,NA
ABR951672465096,Stadtwerke Ratingen,GmbH,Sandstraße,36,Ratingen,40878,NA,NA
ABR906051131321,ARGE Netzanschluss Schuby GbR,GbR,Auwiesen,3,Silberstedt,24887,NA,NA
ABR904236380045,Raffinerie Heide GmbH,GmbH,Meldorfer Straße,43,Hemmingstedt,25770,https://www.heiderefinery.com/de/,NA
ABR900294040266,Windstromer GmbH ＆ Co. Anlagen KG,KG,Bockwitzer Dorfstraße,9,Colditz,04680,windstromer.com/startseite.html,NA
ABR978697896049,Volkswagen AG,AG,Berliner Ring,2,Wolfsburg,38440,www.volkswagen.de,Volkswagen Group
ABR957659462591,VW Kraftwerk GmbH,GmbH,Berliner Ring,2,Wolfsburg,38440,www.vw-kraftwerk.de,Volkswagen Group
ABR900552771949,ArcelorMittal Bremen GmbH,GmbH,Carl-Benz-Straße,30,Bremen,28237,https://bremen.arcelormittal.com/,NA
ABR912325032409,Lacuna Windpark Töpen GmbH ＆ Co. KG,GmbH & Co. KG,Ziegetsdorfer Straße,109,Regensburg,93051,NA,NA
ABR907319168288,Windpark Westpfalz RMG Risk Management GmbH ＆. Co. KG,GmbH & Co. KG,Kleinoberfeld,5,Karlsruhe,76135,NA,NA
ABR901047780521,BWP Letter Görd GmbH ＆ Co. KG,GmbH & Co. KG,Nikolaus-Groß-Straße,112,Coesfeld,48653,NA,NA
ABR994714848938,Windpark Alsfeld GmbH ＆ C. KG,GmbH & Co. KG,Großer Burstah,42,Hamburg,20457,www.ee.thuega.de,NA
ABR937849202787,Windpark Külsheim GmbH ＆ Co. KG,GmbH & Co. KG,Kirchbergweg,7,Külsheim,97900,www.ee.thuega.de,NA
ABR929016079162,EBLD Windpark Möthlitz GmbH,GmbH,Kapuzinerstraße,9,Rheinfelden,79618,NA,NA
ABR981156869577,ecosenergy Betriebsgesellschaft Neuhardenberg,UG (haftungsbeschränkt) & Co. KG,Oderbruchstraße,24a,Neuhardenberg,15320,www.ecos-energy.de,NA
ABR956509856009,Lacuna Windpark Trogen 2 GmbH ＆ Co KG,GmbH & Co. KG,Ziegetsdorfer Straße,109,Regensburg,93051,NA,NA
ABR993614785169,Windpark Wölkisch GmbH ＆ Co. KG,GmbH & Co. KG,Schweizer Straße,3 a,Dresden,01069,NA,NA
ABR929993756186,Covestro Brunsbüttel Energie GmbH,GmbH,Fährstraße,51,Brunsbüttel,25541,http://www.covestro.de/de/sites/brunsbuettel/energie-gmbh,NA
ABR903277320485,Norddeutsche Energie WP Wipperdorf GmbH ＆ Co. KG,GmbH & Co. KG,Straße am Zeltplatz,7,Ostseebad Rerik,18230,NA,NA
ABR949738875798,Felsberg Green Energy GmbH ＆ Co. KG,GmbH & Co. KG,Bahnhofstraße,98,Gräfelfing,82166,NA,NA
ABR973663784504,Wikrano GmbH ＆ Co. 2. Betriebs-KG Hermann Albers,GmbH & Co. KG,Querweg,4,Simonsberg,25813,NA,NA
ABR971474596897,Windpark Nateln GmbH ＆ Co. KG,GmbH & Co. KG,Wall,55,Kiel,24103,www.getproject.de,NA
ABR958680459345,ENTEGA Windpark Schlüchtern GmbH,GmbH,Frankfurter Straße,110,Darmstadt,64293,NA,NA
ABR998610428485,Stadtwerke Würzburg AG,Körperschaft des öffentlichen Rechts,Haugerring,5,Würzburg,97070,www.wvv.de,NA
ABR904539662800,Regenerative Energien Werder 1. Betriebsgesellschaft mbH ＆ Co. KG,GmbH & Co. KG,Gültzer Weg,2,Tützpatz,17091,NA,NA
ABR980950148079,Norddeutsche Energie WP Tornow GmbH ＆ Co. KG,GmbH & Co. KG,Straße am Zeltplatz,7,Ostseebad Rerik,18230,NA,NA
ABR904367324437,enercity Windpark Fischbeck GmbH,GmbH,Nessestraße,24,Leer,26789,NA,NA
ABR948625829258,Englmannsberg Windkraft GmbH ＆ Co. KG,GmbH & Co. KG,Graf-Toerring-Seefeld-Straße,7,Seefeld,82229,NA,NA
ABR909343545974,Komesker Energie Friedrichshof 1. Betriebsgesellschaft mbH ＆ Co. KG,GmbH & Co. KG,Gültzer Weg,2,Tützpatz,17091,NA,NA
ABR934695601146,Lacuna Windpark Zedtwitz GmbH ＆ Co KG,GmbH & Co. KG,Ziegetsdorfer Straße,109,Regensburg,93051,NA,NA
ABR968099689837,Lacuna Windpark Hochfranken GmbH ＆ Co KG,GmbH & Co. KG,Ziegetsdorfer Straße,109,Regensburg,93051,NA,NA
ABR910751997118,3. Regenerative Energien GmbH ＆ Co. KG Beggerow,GmbH & Co. KG,Dorfstraße,34,Beggerow,17111,NA,NA
ABR923488179832,Emder Hammrich Wind GmbH ＆ Co Borssum KG,GmbH & Co. KG,Schwagerweg,19,Emden,26725,NA,NA
ABR981251646943,Hamm-Windenergie GmbH ＆ Co.KG,GmbH & Co. KG,Kasseler Straße,33,Marsberg,34431,NA,NA
ABR993970926022,WBG Energie 1 GmbH ＆ Co. KG,GmbH & Co. KG,An der Grotte,17,Bad Wünnenberg,33181,NA,NA
ABR946797556101,Stadtwerke Rosenheim GmbH ＆ Co. KG,GmbH & Co. KG,Bayerstraße,5,Rosenheim,83022,NA,NA
ABR965237863067,Windpark GmbH ＆ Co. Horn KG,GmbH & Co. KG,Holzweg,87,Aurich,26605,www.alterric.com,NA
ABR903309764621,Windpark Dahme - Wahlsdorf 2 GmbH ＆ Co. KG,GmbH & Co. KG,EUREF-Campus,23-24,Berlin,10829,NA,NA
ABR971026557406,Bürgerwindpark Mulsum GmbH ＆ Co KG,GmbH & Co. KG,Immenhof,7,Kutenholz,27449,NA,NA
ABR973854946681,meridian Windpark Zschöpel GmbH ＆ Co.KG,GmbH & Co. KG,Schützenstraße,2,Suhl,98527,www.meridian-energy.de,NA
ABR999859507658,RWE Power AG,AG,RWE-Platz,2,Essen,45141,https://www.group.rwe/,RWE
ABR939813422382,LHI GII1 WP Heidehof 2034 GmbH ＆ Co. KG,GmbH & Co. KG,Emil-Riedl-Weg,6,Pullach,82049,NA,NA
ABR904636979764,Alterric Windpark GmbH ＆ Co. Bertkow II KG,GmbH & Co. KG,Holzweg,87,Aurich,26605,NA,NA
ABR995498406703,LHI SolarWind WP Kusey 2079 GmbH ＆ Co. KG,GmbH & Co. KG,Emil-Riedl-Weg,6,Pullach,82049,NA,NA
ABR915827645443,Windpark GmbH ＆ Co. Diepenau II KG,GmbH & Co. KG,Holzweg,87,Aurich,26605,https://www.alterric.com/,NA
ABR968475431029,BWP Bürgerwindpark Schleiden GmbH ＆ Co. KG,GmbH & Co. KG,Blankenheimer Straße,2,Schleiden,53937,NA,NA
ABR909752021298,enercity Windpark Groß Eilstorf GmbH,GmbH,Quintusstraße,57,Walsrode,29664,NA,NA
ABR907977121359,EWP Eifel-Windpark Ormont-Stadtkyll GmbH ＆ Co. KG,GmbH & Co. KG,Walenstraße,1,Ormont,54597,NA,NA
ABR902320562728,enercity Windpark Portfolio II GmbH,GmbH,Ihmeplatz,2,Hannover,30449,NA,NA
ABR960349894985,Windmöhlen Utgast GmbH ＆ Co. KG,GmbH & Co. KG,Utgaster Straße,31 A,Holtgast,26427,NA,NA
ABR926979384425,AVEA Entsorgungsbetriebe,GmbH & Co. KG,Braunswerth,1-3,Engelskirchen,51766,www.avea.de,NA
ABR975542724120,Windpark Mühlenberg GmbH ＆ Co. KG,GmbH & Co. KG,Nordwiehe,7,Großenwiehe,24969,NA,NA
ABR953136027642,GREE Handewitt GmbH ＆ Co. KG,GmbH & Co. KG,Windmühlenberg,NA,Sehestedt,24814,NA,NA
ABR970644105501,Windkraft Dillinger Land eG,eG,Kapuzinerstraße,25,Dillingen,89407,NA,NA
ABR959889844710,GETEC heat ＆ power GmbH,GmbH,Albert-Vater-Straße,50,Magdeburg,39108,https://www.getec-energyservices.com/,NA
ABR968044190203,Milower Windkraft GmbH ＆ Co. KG,GmbH & Co. KG,Windmühlenberg,NA,Sehestedt,24814,NA,NA
ABR912046169262,ENERTRAG Windfeld Friedland B1 GmbH ＆ Co. KG,GmbH & Co. KG,Dauerthal,3,Schenkenberg,17291,NA,NA
ABR945373564820,GASAG AG,AG,EUREF-Campus,23,Berlin,10829,www.gasag.de,NA
ABR928888038703,LHI GII1 PV Neuhardenberg 2054 GmbH ＆ Co. KG,GmbH & Co. KG,Emil-Riedl-Weg,6,Pullach,82049,NA,NA
ABR960366507806,Schinne Windenergie GmbH ＆ Co. KG,GmbH & Co. KG,Holzweg,87,Aurich,26605,NA,NA
ABR908415743621,regiowind GmbH ＆ Co. St.Peter KG,GmbH & Co. KG,Goethestraße,64,Freiburg,79100,oekostrom-freiburg.de,NA
ABR920411149450,DB Energie GmbH,GmbH,Kleyerstraße,25,Frankfurt,60326,www.dbenergie.de,NA
ABR945052506417,Wind Wolfhagen GmbH,GmbH,Siemensstraße,10,Wolfhagen,34466,NA,NA
ABR938877800174,Stadtwerke Wolfhagen GmbH,GmbH,Siemensstraße,10,Wolfhagen,34466,NA,NA
ABR963563511744,Bürgerenergie Windpark Langwieden GmbH ＆ Co. KG,GmbH & Co. KG,Kirchhoffstraße,3,Itzehoe,25524,NA,NA
ABR910219168067,PROKON Windpark Sembten II GmbH ＆ Co. KG,GmbH & Co. KG,Kirchhoffstraße,3,Itzehoe,25524,NA,NA
ABR916408479655,Infrastrukturgemeinschaft Tribsees GbR,GbR,An der Dorfstr.,9,Süderholz,18516,NA,NA
ABR967468709374,HessenEnergie Gesellschaft für rationelle Energienutzung mbH,GmbH,Mainzer Straße,98,Wiesbaden,65189,www.hessenenergie.de,NA
ABR930591165850,FFR Fernwärmeversorgung Flugplatz Ramstein,GmbH,Am Neuen Markt,8,Ramstein-Miesenbach,66877,www.FFR-Ramstein.de,NA
ABR972531493418,Norddeutsche Energie WP Silmersdorf GmbH ＆ Co. KG,GmbH & Co. KG,Straße am Zeltplatz,7,Ostseebad Rerik,18230,https://www.eno-energy.com,NA
ABR933767271775,Repartner Wind GmbH,GmbH,Hauptstraße,75,Olsberg,59939,NA,NA
ABR946827201315,Windpark Schrepkow-Kletzke GmbH ＆ Co. KG,GmbH & Co. KG,Windmühlenberg,NA,Sehestedt,24814,NA,NA
ABR978793995059,Windpark Premslin II GmbH ＆ Co. KG,GmbH & Co. KG,Windmühlenberg,NA,Sehestedt,24814,NA,NA
ABR918910130901,naturenergie holding AG,AG,Baslerstrasse,44,Laufenburg,05080,www.naturenergie-holding.ch,EnBW
ABR983490316724,Energie SaarLorLux AG,AG,Richard-Wagner-Straße,14-16,Saarbrücken,66111,www.energie-saarlorlux.com,NA
ABR937713187318,WPG Windpark Görmin GmbH ＆ Co.KG,GmbH & Co. KG,Böker Straße,9,Görmin,17121,NA,NA
ABR927972817132,Rückenwind Nortorf GmbH＆Co.KG,GmbH & Co. KG,An der Ziegelei,24,Nortorf,25554,NA,NA
ABR972811767499,naturenergie hochrhein AG,AG,Schönenbergerstraße,10,Rheinfelden,79618,www.naturenergie.de,EnBW
ABR958836614000,LHI PV Prenzlau 1987 GmbH ＆ Co. KG,GmbH & Co. KG,Emil-Riedl-Weg,6,Pullach,82049,NA,NA
ABR948343575833,AUDI,AG,Auto-Union-Straße,1,Ingolstadt,85057,www.audi.de,Volkswagen Group
ABR954328798623,Stadtwerke Grevesmühlen Windenergie GmbH ＆ Co.KG,GmbH & Co. KG,Grüner Weg,26,Grevesmühlen,23936,NA,NA
ABR954383383727,Energiequelle GmbH ＆ Co.Windpark Falkenthal KG,GmbH & Co. KG,Hauptstraße,44,Zossen,15806,NA,NA
ABR989835873259,Lacuna Windpark Hohenzellig GmbH ＆ Co KG,GmbH & Co. KG,Ziegetsdorfer Straße,109,Regensburg,93051,NA,NA
ABR904715295938,LHI PV Georgsdorf 1986 GmbH ＆ Co. KG,GmbH & Co. KG,Emil-Riedl-Weg,6,Pullach,82049,NA,NA
ABR963356013585,Windpark Bassens I GmbH ＆ Co. KG,GmbH & Co. KG,Bassens,4,Wangerland,26434,NA,NA
ABR996515508547,Windkraftwerk Meckel/Gilzem GmbH ＆ Co. KG,GmbH & Co. KG,Ostallee,7-13,Trier,54290,www.swt.de,NA
ABR990054576692,LHI GII2 WP Teutleben 2286 GmbH ＆ Co. KG,GmbH & Co. KG,Emil-Riedl-Weg,6,Pullach,82049,NA,NA
ABR938933890415,EnBW Solar GmbH,GmbH,Schelmenwasenstraße,15,Stuttgart,70567,NA,EnBW
ABR910980365894,Wind-Electric-Beteiligungsgesellschaft Kesdorf mit beschränkter Haftung ＆ Co. Betriebs KG,GmbH & Co. KG,Windmühlenberg,NA,Sehestedt,24814,NA,NA
ABR971616646329,Bürgerwind Barlt West GmbH ＆ Co. KG,GmbH & Co. KG,Österstraße,15,St. Michaelisdonn,25693,NA,NA
ABR909344977149,Zanders Paper GmbH,GmbH,An der Gohrsmühle,25,Bergisch Gladbach,51465,www.zanders.com,NA
ABR953945752933,"Dr. Johannes Heidenhain GmbH, Herr Günther Obermeier, Abt. GT",GmbH,Dr.-Joh.-Heidenhain-Str.,5 ,Traunreut,83301,NA,NA
ABR991509764497,TANDEM Investitions- und Beteiligungsgesellschaft für ökologische Projekte mbH ＆ Co. Wilsickow KG,GmbH & Co. KG,Cuxhavener Straße,10,Bremen,28217,http://www.tandem-gmbh.de/,NA
ABR907569259606,"GSW Gemeinschaftsstadtwerke GmbH Kamen, Bönen, Bergkamen",GmbH,Poststraße,4,Kamen,59174,www.gsw-kamen.de,NA
ABR981057481250,LHI GII1 WP Hohenmölsen 2248 GmbH ＆ Co. KG,GmbH & Co. KG,Emil-Riedl-Weg,6,Pullach,82049,NA,NA
ABR971638587853,Kronprinzenkoog LEP Bürgerwindpark GmbH ＆ Co. KG,GmbH & Co. KG,Friedrichsköger Straße,8,Kronprinzenkoog,25709,NA,NA
ABR936564237432,TANDEM Investitions- und Beteiligungsgesellschaft für ökologische Projekte mbH＆Co. Sachsendingen KG,GmbH & Co. KG,Cuxhavener Straße,10,Bremen,28217,http://www.tandem-gmbh.de/,NA
ABR910717662654,Pirelli Deutschland,GmbH,Höchster Straße,48 -60,Breuberg,64747,www.pirelli.de,NA
ABR915477818341,GMA-Energy Hohenlohe GmbH Marius Mulawka,GmbH,Schlößle,1,Weißbach,74679,https://www.gmaenergy.de,NA
ABR976035097813,Sabowindanlage Bernsdorf GmbH & Co. KG,GmbH & Co. KG,Frauensteiner Straße,118,Freiberg,09599,www.sabowind.de,NA
ABR983916376479,Marschenwind Nord GmbH ＆ Co. KG,GmbH & Co. KG,Österstraße,15,St. Michaelisdonn,25693,NA,NA
ABR926171683371,Glasewitz 2 GmbH ＆ Co. KG,GmbH & Co. KG,Fritschestraße,27/28,Berlin,10585,NA,NA
ABR973785508064,Sabowind GmbH,GmbH,Frauensteiner Straße,118,Freiberg,09599,NA,NA
ABR990547755016,SCE Wind Schrepkow GmbH ＆ Co. KG,GmbH & Co. KG,Fritschestraße,27/28,Berlin,10585,NA,NA
ABR991150444274,Windpark Tempelfelde 2 GmbH ＆ Co. KG,GmbH & Co. KG,Fritschestraße,27/28,Berlin,10585,NA,NA
ABR963920070013,Windpark Milow 1 GmbH ＆ Co. KG,GmbH & Co. KG,Fritschestraße,27/28,Berlin,10585,www.saxoplus.de,NA
ABR982646802043,Windpark Mautitz Süd GmbH ＆ Co. KG,GmbH & Co. KG,Fritschestraße,27/28,Berlin,10585,www.saxoplus.de,NA
ABR927981197324,Windpark Rastenberg GmbH ＆ Co. KG,GmbH & Co. KG,Großer Burstah,42,Hamburg,20457,NA,NA
ABR940260328585,Bürgerwindpark Barlt-Ost GmbH ＆ Co. KG,GmbH & Co. KG,Dorfstraße,8,Barlt,25719,NA,NA
ABR903507845016,RZR II Herten GmbH,GmbH,Im Emscherbruch,11,Herten,45699,NA,NA
ABR923450846267,Technische Werke Ludwigshafen am Rhein,AG,Industriestraße,3,Ludwigshafen,67063,twl.de,NA
ABR914335649783,Windpark Frohnhausen,GmbH & Co. KG,Riemannstraße,1,Solms,35606,hh-gruppe.de,NA
ABR931636411536,Windpark Knoten,GmbH & Co. KG,Riemannstraße,1,Solms,35606,www.hh-gruppe.de,NA
ABR974948708130,ENERTRAG Windfeld Neuenfeld W7 GmbH ＆ Co. KG,GmbH & Co. KG,Dauerthal,3,Schenkenberg,17291,www.enertrag.com,NA
ABR930149257914,Bürgerwindpark Neuenkirchen UG (haftungsbeschränkt) ＆ Co. KG,UG (haftungsbeschränkt) & Co. KG,Blankenmoorer Straße,19,Neuenkirchen,25792,NA,NA
ABR940715409395,Zwölfte Bürgerwindpark GmbH ＆ Co. KG,GmbH & Co. KG,Albert-Einstein-Straße,7,Osnabrück,49076,NA,NA
ABR936286140386,Stadtwerke Schüttorf - Emsbüren GmbH,GmbH,Quendorfer Straße,34,Schüttorf,48465,NA,NA
ABR982187148938,GSW Windmühle Kirchheilingen 54 GmbH ＆ Co. KG,GmbH & Co. KG,Otto-Hiendl-Straße,15,Kirchroth,94356,NA,NA
ABR961433847962,HeWe-Windpark GmbH ＆ Co.KG,GmbH & Co. KG,Hengeler,11,Stadtlohn,48703,www.hewe-buergerwindpark.de,NA
ABR918396726094,Bürgerwindpark Eider GmbH ＆ Co. KG,GmbH & Co. KG,Mittelstraße,2,Hennstedt,25779,NA,NA
ABR952917430893,Georg-August-Universität Göttingen,Stiftung  des öffentlichen Rechts,Rudolf-Diesel-Straße,10,Göttingen,37075,http://www.uni-goettingen.de/,NA
ABR980540122830,Windenergiefonds Rakow-Gardelegen GmbH ＆ Co. KG,GmbH & Co. KG,Peckhauser Straße,11,Mettmann,40822,NA,NA
ABR917063786638,Allgäuer Überlandwerk GmbH,GmbH,Illerstraße,18,Kempten,87435,NA,NA
ABR994843357035,Bürgerenergie Windpark Milow am Göbengraben GmbH ＆ Co. KG,GmbH & Co. KG,Straße am Zeltplatz,7,Ostseebad Rerik,18230,NA,NA
ABR971964590435,WP Großheide-Arle Infrastruktur u. Betriebs GmbH,GmbH,Fischteichweg,7,Aurich,26603,NA,NA
ABR967773538492,GKS-Gemeinschaftskraftwerk Schweinfurt GmbH,GmbH,Hafenstraße,30,Schweinfurt,97424,www.gks-sw.de,NA
ABR939761995266,Pfalzwerke Neue Energie Göllheim GmbH ＆ Co. KG,GmbH & Co. KG,Wredestraße,35,Ludwigshafen,67059,NA,NA
ABR935177375494,Windparkbetriebsgesellschaft Breitenbach mbH ＆ Co. KG,GmbH & Co. KG,Kressenbacher Straße,31,Schlüchtern,36381,www.eb-sim.de,NA
ABR977692361514,Jesaitis Solar GbR,GbR,Gerichtstraße,3,Eckernförde,24340,NA,NA
ABR975541924453,Windpark Ravenstein GmbH ＆ Co. KG,GmbH & Co. KG,Schwanthalerstraße,75 a,München,80336,NA,NA
ABR992165073053,Green City Energy Windpark Bayerischer Odenwald GmbH ＆ Co. KG,GmbH & Co. KG,Atelierstraße,1,München,81671,NA,NA
ABR942892589341,Kraftwerke Mainz-Wiesbaden AG,AG,Kraftwerkallee,1,Mainz,55120,www.kmw-ag.de,NA
ABR931125859702,Windkraft Speyern GmbH ＆ Co.KG,GmbH & Co. KG,Bundesstraße,24,Dötlingen,27801,NA,NA
ABR990662786322,Windpark Warendorf I GmbH ＆ Co. KG,GmbH & Co. KG,Zur Egge,17,Marsberg,34431,NA,NA
ABR997984998976,Bürgerwindpark Südliche Ortenau GmbH,GmbH,Rohanstraße,13,Ettenheim,77955,NA,NA
ABR997513095282,Sechste Bürgerwind GmbH,GmbH,Albert-Einstein-Straße,7,Osnabrück,49076,https://www.prowind.com,NA
ABR972456627639,Energieversorgung Schwerin GmbH ＆ Co. Erzeugung KG,GmbH & Co. KG,Pampower Str.,50,Schwerin,19061,https://swsn.de/,NA
ABR909311245561,WSB Windpark Queis GmbH ＆ Co. KG,GmbH & Co. KG,Schweizer Straße,3 a,Dresden,01069,NA,NA
ABR918822616838,eno energy GmbH,GmbH,Straße am Zeltplatz,7,Ostseebad Rerik,18230,www.eno-energy.com,NA
ABR984274007289,WSB Windpark Reußen GmbH ＆ Co. KG,GmbH & Co. KG,Schweizer Straße,3a,Dresden,01069,NA,NA
ABR958699387462,Romrod Windparkbetriebsgesellschaft mbH,GmbH,Hofgasse,18,Romrod,36329,https://www.alterric.com/,NA
ABR913046385676,Strom aus Wind Projektgesellschaft mbH  Co. Windpark Straußfurt KG,GmbH & Co. KG,Florian-Geyer-Straße,2,Wundersleben,99610,NA,NA
ABR961715447743,Windpark Ottweiler-Bexbach GmbH ＆ Co. KG,GmbH & Co. KG,Mercedesstraße,6,Düsseldorf,40470,www.commerzreal.com,NA
ABR950677833787,Windpark Hoppenrade GmbH ＆ Co. KG,GmbH & Co. KG,Holzweg,87,Aurich,26605,NA,NA
ABR942824072743,Mineraloelraffinerie Oberrhein,GmbH & Co. KG,Nördliche Raffineriestraße,1,Karlsruhe,76187,www.miro-ka.de,NA
ABR908946607690,Evonik Operations GmbH,GmbH,Rellinghauser Str.,1-11,Essen,45128,www.evonik.com,NA
ABR982521485811,Windpark GmbH ＆ Co. Heidehof III KG,GmbH & Co. KG,Holzweg,87,Aurich,26605,www.alterric.com,NA
ABR951804365317,WPH Windpark Elmelage,GmbH & Co. KG,Hasenberg,4,Bakum,49456,NA,NA
ABR908625715814,Windpark Badeleben I GmbH ＆ Co. KG,Sonstige,Dieselstraße,4,Husum,25813,NA,NA
ABR943877181512,TWS Thüringer Wärme Service GmbH,GmbH,Breitscheidstraße,160,Rudolstadt,07407,https://www.tws-waerme.de/,NA
ABR916844276047,Repowering Tödienwisch GmbH ＆ Co. KG,GmbH & Co. KG,Blankenmoorer Straße,19,Neuenkirchen,25792,NA,NA
ABR928184197791,Windpark Wutike GmbH ＆ Co. KG,GmbH & Co. KG,Windmühlenberg,NA,Sehestedt,24814,NA,NA
ABR993297771770,Windpark Wadern-Felsenberg GmbH,GmbH,Heinrich-Böcking-Straße,10 - 14,Saarbrücken,66121,NA,NA
ABR938256323201,Bürgerwindpark Dagebüll GmbH ＆ Co.KG,GmbH & Co. KG,Osewoldterkoog,10,Dagebüll,25899,NA,NA
ABR934363862305,LERAK Mobiliengesellschaft mbH ＆ Co. KG,GmbH & Co. KG,Tölzer Straße,15,Grünwald,82031,www.kgal.de,NA
ABR974439140241,Wüseke Baustoffwerke GmbH,GmbH,Sennelagerstraße,99,Paderborn,33106,www.wueseke.de,NA
ABR971592771169,ENTEGA Windpark Hausfirste,GmbH,Hinter dem Deich,9,Witzenhausen,37213,entega.ag,NA
ABR921397155497,Windpark Holtwicker Mark GmbH ＆ Co KG,GmbH & Co. KG,Hegerort,48,Rosendahl,48720,NA,NA
ABR933830725198,LUKIAN Grundstücksgesellschaft mbH ＆ Co. KG,GmbH & Co. KG,Tölzer Straße,15,Grünwald,82031,www.kgal.de,NA
ABR956877471637,KIMERI Mobiliengesellschaft mbH ＆ Co. KG,GmbH & Co. KG,Tölzer Straße,15,Grünwald,82031,www.kgal.de,NA
ABR911933200941,Windpark Oberthal GmbH,GmbH,Poststraße,20,Oberthal,66649,NA,NA
ABR968641572488,Windpark Eimsheim-Wintersheim GmbH ＆ Co. KG,GmbH & Co. KG,Schweizer Straße,3 a,Dresden,01069,NA,NA
ABR989648485328,Bayernoil Raffineriegesellschaft mbH,GmbH,Raffineriestraße,100,Neustadt,93333,NA,NA
ABR982137720580,BRAWO Green Power SP Schleizer Dreieck GmbH ＆ Co. KG,GmbH & Co. KG,Willy-Brandt-Platz,16,Braunschweig,38102,NA,NA
ABR992925254296,Wieland-Werke AG,AG,Graf-Arco-Straße,36,Ulm,89079,https://www.wieland.com,NA
ABR950285547496,innoVent WP Harsum,GmbH & Co. KG,Oldenburger Straße,49,Varel,26316,www.innoVent.eu,NA
ABR901965083414,Windpark GmbH ＆ Co. Neustgewann KG,GmbH & Co. KG,Holzweg,87,Aurich,26605,www.alterric.com,NA
ABR982790226122,Wacker Chemie,AG,Gisela-Stein-Straße,1 ,München,81671,NA,NA
ABR916205110898,Windfarm Bellheim GmbH ＆ Co. KG,GmbH & Co. KG,Charles-de-Gaulle-Platz,1,Köln,50679,NA,NA
ABR982773924045,BCT Wind GmbH ＆ Co. KG,GmbH & Co. KG,Klitzhusen,1,Volsemenhusen,25693,NA,NA
ABR977403738451,Windpark Bückwitz II GmbH ＆ Co. KG,GmbH & Co. KG,Stahltwiete,21 a,Hamburg,22761,NA,NA
ABR943294095836,Windpark Ermsleben GmbH ＆ Co. KG,GmbH & Co. KG,Stahltwiete,21 A,Hamburg,22761,NA,NA
ABR948672400639,Windpark Görike GmbH ＆ Co. KG,GmbH & Co. KG,Dorfstraße,53,Nietwerder,16816,NA,NA
ABR963040793014,Windpark Halenbeck II GmbH ＆ Co. KG,GmbH & Co. KG,Stahltwiete,21 A,Hamburg,22761,NA,NA
ABR930023664487,Elements Betriebsgesellschaft mbH ＆ Co. KG,GmbH & Co. KG,Dimhausen,4,Bassum,27211,NA,NA
ABR908541689657,Windpark Kemberg GmbH ＆ Co. KG,GmbH & Co. KG,Stahltwiete,21 a,Hamburg,22761,NA,NA
ABR980384599614,Bürgerwindpark Hemme GmbH ＆ Co. KG,GmbH & Co. KG,Moorweg,2,Hemme,25774,NA,NA
ABR941744040696,WP Berngerode GmbH ＆ Co. KG,GmbH & Co. KG,Charles-de-Gaulle-Platz,1,Köln,50679,NA,NA
ABR920610691996,Windpark Rehain GmbH ＆ Co. KG,GmbH & Co. KG,Charles-de-Gaulle-Platz,1,Köln,50679,NA,NA
ABR991303753543,Infrastruktur Ludwigsau GmbH ＆ Co. KG,GmbH & Co. KG,Charles-de-Gaulle-Platz,1,Köln,50679,NA,NA
ABR915611284742,Windpark Vier Fichten GmbH ＆ Co. KG,GmbH & Co. KG,Charles-de-Gaulle-Platz,1,Köln,50679,NA,NA
ABR963039442343,Windpark Sandstruth GmbH ＆ Co. KG,GmbH & Co. KG,Charles-de-Gaulle-Platz,1,Köln,50679,NA,NA
ABR918119773428,Windpark Mittleres Mecklenburg GmbH ＆ Co. KG,GmbH & Co. KG,Charles-de-Gaulle-Platz,1,Köln,50679,NA,NA
ABR972047439597,Windpark Lehrte III UG ＆ Co. KG,UG (haftungsbeschränkt) & Co. KG,Stahltwiete,21 A,Hamburg,22761,NA,NA
ABR908281121257,ArcelorMittal Eisenhüttenstadt GmbH,GmbH,Werkstraße,1,Eisenhüttenstadt,15890,NA,NA
ABR947974830045,Windpark Ochtrup GmbH ＆ Co. KG,GmbH & Co. KG,Stahltwiete,21 a,Hamburg,22761,NA,NA
ABR904691528099,Windpark Büttler Balje GmbH,GmbH,Am Kamp,10,Wöhrden,25797,NA,NA
ABR932409823716,Mercer Timber Products GmbH,GmbH,Am Bahnhof,123,Saalburg-Ebersdorf,07929,www.mercerint.com,Mercer International
ABR964044345582,Bürgerwindpark Norddeich GmbH ＆ Co. KG,GmbH & Co. KG,Mühlenstraße,33,Norddeich,25764,NA,NA
ABR907042335667,RWE Generation SE,SE,RWE-Platz,3 ,Essen,45141,https://www.group.rwe/,RWE
ABR957471076211,Kernkraftwerk Lippe-Ems GmbH,GmbH,Am Hilgenberg,2,Lingen,49811,https://www.group.rwe/,NA
ABR982105583193,RWE Supply ＆ Trading GmbH,GmbH,RWE-Platz,6 ,Essen,45141,https://www.group.rwe/,RWE
ABR988666610835,Vattenfall Wasserkraft GmbH,GmbH,Hildegard-Knef-Platz,2,Berlin,10829,www.vattenfall.de,Vattenfall
ABR998095284408,AMK-Abfallentsorgungsgesellschaft des Märkischen Kreises mbH,GmbH,Giesestraße,10,Iserlohn,58636,www.amk-entsorgung.de,NA
ABR942024745645,KÄMMERER Energie GmbH,GmbH,Römereschstraße,33,Osnabrück,49090,NA,NA
ABR971594340530,BWP Flamschen GmbH ＆ Co. KG,GmbH & Co. KG,Flamschen,42,Coesfeld,48653,NA,NA
ABR930362705162,Kirchmeyer Verwaltungs- und Beteiligungs GmbH,GmbH,Sperlingsweg,6,Syke,28857,NA,NA
ABR969688712431,WKN Windpark Kittlitz III GmbH ＆ Co. KG,GmbH & Co. KG,Otto-Hahn-Straße,12,Husum,25813,www.wkn-group.com,NA
ABR913189795875,Windpark Perl GmbH,GmbH,Heinrich-Böcking-Straße,10-14,Saarbrücken,66121,NA,NA
ABR956177427921,Windpark Schwarzenberg,GmbH,Bachstraße,4-14,Breidenbach,35236,www.windpark-schwarzenberg.de,NA
ABR921870793161,Pfalzwerke Neue Energie Rhein-Haardt GmbH ＆ Co. KG,GmbH & Co. KG,Hauptstraße,77,Kindenheim,67271,NA,NA
ABR925076921410,Windpark Weißenberg,GmbH,Riemannstraße,1,Solms,35606,www.hh-gruppe.de,NA
ABR900068875636,Energieversorgung Offenbach AG,AG,Andréstraße,71,Offenbach,63067,www.evo-ag.de,NA
ABR969663747687,HSW Windpark Holzthaleben GmbH ＆ Co. KG,GmbH & Co. KG,Meeboldstraße,1,Heidenheim,89522,NA,NA
ABR984105440575,Windpark Aldenhoven GmbH ＆ Co. KG,GmbH & Co. KG,Lombardenstraße,12 /22,Aachen,52070,NA,NA
ABR905104647567,BASF SE,SE,Carl-Bosch-Straße,38,Ludwigshafen,67063,NA,BASF
ABR957498308623,Daimler Truck AG,AG,Hans-Martin-Schleyer Straße,21,Mannheim,68305,https://www.daimler.com/de/,NA
ABR920860827701,Daimler Truck AG,AG,Daimlerstraße,1,Wörth,76744,https://www.daimler.com/de/,NA
ABR910813560588,FarveWind GmbH＆Co.KG,GmbH & Co. KG,Gut Farve,1,Wangels,23758,NA,NA
ABR902187640386,West GmbH ＆ Co. Windkraft KG,GmbH & Co. KG,Schulstraße,14,Kaiser-Wilhelm-Koog,25709,NA,NA
ABR929523838474,WSB Windpark Thurland GmbH ＆ Co. KG,GmbH & Co. KG,Schweizer Straße,3 a,Dresden,01069,NA,NA
ABR907318821580,Bürgerwindpark Schwesing GmbH ＆ Co. KG,GmbH & Co. KG,Sergeantenweg,4,Schwesing,25813,NA,NA
ABR956205221545,Windpark GmbH ＆ Co. Schlalach KG,GmbH & Co. KG,Holzweg,87,Aurich,26605,www.alterric.com,NA
ABR960871901731,VSE AG,AG,Heinrich-Böcking-Straße,10-14,Saarbrücken,66121,NA,NA
ABR996507748333,WSB Windpark Jeßnitz GmbH ＆ Co. KG,GmbH & Co. KG,Schweizer Straße,3 a,Dresden,01069,NA,NA
ABR993551129057,Windpark Passow GmbH ＆ Co. KG,GmbH & Co. KG,Stahltwiete,21 a,Hamburg,22761,NA,NA
ABR987366695838,Windkraftanlagen Creglingen GmbH ＆ Co. KG c/o KWA Contracting AG,GmbH & Co. KG,An der Limpurgbrücke,1,Schwäbisch Hall,74523,NA,NA
ABR987436556045,Windpark Rossau GmbH ＆ Co. KG,GmbH & Co. KG,Südwall,3,Stendal,39576,NA,NA
ABR943830360343,Windpark Rossau II GmbH ＆ Co. KG,GmbH & Co. KG,Südwall,3,Stendal,39576,NA,NA
ABR946988170994,Krevese 17 GmbH ＆ Co. KG,GmbH & Co. KG,Stahltwiete,21 a,Hamburg,22761,NA,NA
ABR992796032139,Trianel Windpark Buchenau GmbH ＆ Co. KG,GmbH & Co. KG,Krefelder Straße,203,Aachen,52070,NA,NA
ABR981914756675,TEAG Thüringer Energie AG,AG,Schwerborner Straße,30,Erfurt,99087,https://www.thueringerenergie.de,NA
ABR903047002184,Windpark Werneck-Eßleben GmbH ＆ Co. KG,GmbH & Co. KG,Stahltwiete,21 a,Hamburg,22761,NA,NA
ABR972281314216,Windpark Würzburg GmbH ＆ Co. KG,GmbH & Co. KG,Stahltwiete,21 a,Hamburg,22761,NA,NA
ABR966684469673,Windkraft Keula GmbH ＆ Co. KG,GmbH & Co. KG,Hauptstraße,60,Herbsleben,99955,NA,NA
ABR924964771106,Windpark Müllingsen GmbH ＆ Co.KG,GmbH & Co. KG,Landwehr,12,Soest,59494,NA,NA
ABR952711865792,Sabowindpark Heldrungen GmbH & Co. KG,GmbH & Co. KG,Frauensteiner Straße,118,Freiberg,09599,www.sabowind.de,NA
ABR978970673633,Sabowindpark Voigtstedt GmbH ＆ Co. KG,GmbH & Co. KG,Frauensteiner Straße,118,Freiberg,09599,www.sabowind.de,NA
ABR910622838960,Sabowindpark Alsleben,GmbH & Co. KG,Frauensteiner Straße,118,Freiberg,09599,www.sabowind.de,NA
ABR956678957064,EDEKA Nord Service- und Logistikgesellschaft mbH,GmbH,Gadelander Straße,120,Neumünster,24539,NA,NA
ABR919909353844,Windpark am Ranzenkopf GmbH ＆ Co. KG,GmbH & Co. KG,Kurfürstenstraße,16,Wittlich,54516,www.bernkastel-wittlich.de,NA
ABR960508116538,Windkraft Looft,GmbH & Co. KG,Alte Schulstraße,5 a,Lohe-Rickelshof,25746,NA,NA
ABR912811411619,SpreeStromErzeugungs GmbH,GmbH,An der Heide,B5,Spremberg,03130,https://www.hamburger-containerboard.com/de/unternehmen/standorte/spremberg/kraftwerk/,NA
ABR980729531613,WP Herbrum West UG (haftungsbeschränkt) ＆ Co. KG,UG (haftungsbeschränkt) & Co. KG,Dechant-Schütte-Straße,85,Papenburg,26871,NA,NA
ABR946903614190,WP Lehe West UG (haftungsbeschränkt) ＆ Co. KG,UG (haftungsbeschränkt) & Co. KG,Dechant-Schütte-Straße,85,Papenburg,26871,NA,NA
ABR945326269109,Ranft Projekte 20 GmbH,GmbH,Johann-Hammer-Straße,22,Bad Mergentheim,97980,www.ranft-een.de,NA
ABR998448400547,WP Neusustrum Mitte UG (haftungsbeschränkt) ＆ Co. KG,UG (haftungsbeschränkt) & Co. KG,Dechant-Schütte-Straße,85,Papenburg,26871,NA,NA
ABR969490005493,WP Dörpen Mitte GmbH ＆ Co. KG,GmbH & Co. KG,Dechant-Schütte-Straße,85,Papenburg,26871,NA,NA
ABR936738238487,GSt 1. Solarpark GmbH ＆ Co. KG,KG,Freundorf-Süd,1,Stephansposching,94569,NA,NA
ABR988857821316,Bürgerwindpark Hedwigenkoog GmbH ＆ Co. KG,GmbH & Co. KG,Koogchaussee,1,Hedwigenkoog,25761,NA,NA
ABR999744912086,WP Wietmarschen-Ohne GmbH ＆ Co. KG,GmbH & Co. KG,Dechant-Schütte-Straße,85,Papenburg,26871,NA,NA
ABR938752705761,Bürgerwindpark Gerichtstetten EINS GmbH ＆ Co. KG,GmbH & Co. KG,Hohenstädter Grund,2,Hardheim,74736,NA,NA
ABR918139196382,Firma Mercedes-Benz AG Werk 050 HPC NC50 LN-Nr.: 17319765,AG,Mercedesstraße,120,Stuttgart,70372,https://group.mercedes-benz.com/de/,NA
ABR980044933727,Bürgerwindpark Hellschen-Heringsand- Unterschaar GmbH & Co.KG,GmbH & Co. KG,Seestraße,13 ,Nakenstorf,23992,NA,NA
ABR995491823651,SMH Windkraft GmbH ＆ Co. Hahnenkamm KG,GmbH & Co. KG,Weidenstraße,11,Huisheim,86685,NA,NA
ABR914919750515,Windpark Krumlande GmbH ＆ Co. KG,GmbH & Co. KG,Krumlander Straße,23,Großenkneten,26197,NA,NA
ABR961358193571,EWI Parchim Sechs GmbH ＆ Co. KG,GmbH & Co. KG,Kapuzinerstraße,9,Rheinfelden,79618,NA,NA
ABR929565467625,Biomasse Heizkraftwerk Herbrechtingen GmbH,GmbH,Oskar-von-Miller-Weg,1,Herbrechtingen,89542,www.biohkw.de,NA
ABR996293094607,Repowering Kaiser-Wilhelm-Koog Beteiligungs- GmbH ＆ Co. KG,GmbH & Co. KG,Schulstraße,4,Kaiser-Wilhelm-Koog,25709,NA,NA
ABR968928496810,K ＆ M Wind KG,KG,Kettelerstr.,22,Neuenkirchen,48485,NA,NA
ABR996955716656,GO Wind Projekt GmbH ＆ Co. KG,GmbH & Co. KG,Bokel,1,Bippen,49626,NA,NA
ABR969164489963,Windpark Oberwesel II GmbH ＆ Co. KG,GmbH & Co. KG,Lombardenstraße,12 /22,Aachen,52070,NA,NA
ABR971899498660,meridian Windpark Bucha II GmbH ＆ Co.KG,GmbH & Co. KG,Schützenstraße,2,Suhl,98527,www.meridian-energy.de,NA
ABR941364780057,Bürgerwindpark Oederquart Erschließungs-GmbH ＆ Co. Windpark Kajedeich-KG,GmbH & Co. KG,Dorfstraße,57,Oederquart,21734,NA,NA
ABR907192428363,Energiepark Schlei-Ostsee,GmbH & Co. KG,Zum Weim,30 ,Steinfeld,24888,NA,NA
ABR969530126010,Bürgerwindpark Oederquart GmbH & Co. Windpark Seeweg KG,GmbH & Co. KG,Dorfstraße,57,Oederquart,21734,NA,NA
ABR965244612467,whs Gesellschaft für Energietechnik mbH ＆ Co. Windpark Giebelsberg KG,GmbH & Co. KG,Hauptstraße,25,Erzhausen,64390,www.whs-energie.de,NA
ABR929879367550,Bürgerwind Kerken-Poelyck UG (haftungsbeschränkt) ＆ Co. KG,UG (haftungsbeschränkt) & Co. KG,Hoog-Poelycker-Str.,6,Kerken,47647,NA,NA
ABR953438935560,Bürgerwindpark Denkendorf GmbH ＆ Co. KG,GmbH & Co. KG,Ringstraße,2,Denkendorf,85095,NA,NA
ABR904400274873,AWOMO Betriebs GmbH ＆ Co. KG,GmbH & Co. KG,Oststraße,15,Ahlerstedt,21702,NA,NA
ABR988400212370,Looft-Schmidt Projekte Erneuerbarer Energien GmbH,GmbH,Alte Schulstraße,5a,Lohe-Rickelshof,25746,NA,NA
ABR902080022883,BGK GmbH ＆ Co. KG,GmbH & Co. KG,An der Bäke,39,Rastede,26180,www.hullmann-hof.de,NA
ABR991209802291,JWP Jade Windpark GmbH＆Co. 27.Betriebs KG,GmbH & Co. KG,Kronacher Straße,41 ,Bamberg,96052,www.jadenaturenergie.de,NA
ABR902634284941,Brand Windenergie GmbH ＆ Co. KG,GmbH & Co. KG,Natenstedt,2,Twistringen,27239,NA,NA
ABR961323222848,Windpark Ravensberg/Krempin GmbH & Co. Betriebs KG,GmbH & Co. KG,Kastanienallee,5 ,Carinerland,18233,NA,NA
ABR915010106744,Windpark Rauschenberg,GmbH,Dorfstraße,53,Münchhausen,35117,NA,NA
ABR977477035746,Koehler Oberkirch GmbH,GmbH,Hauptstraße,2,Oberkirch,77704,NA,NA
ABR989637225423,ZF Friedrichshafen AG,AG,Graf-Zeppelin-Straße,1,Thyrnau,94136,www.zf.com,NA
ABR925422847463,Stadtwerke Bad Oldesloe,Eigenbetrieb,Lübecker Straße,46,Bad Oldesloe,23843,www.stadtwerke-badoldesloe.de,NA
ABR994303599203,Wittmaack GmbH ＆ Co. Stromerzeugung KG,GmbH & Co. KG,Franzosensand,9,Friedrichskoog,25718,NA,NA
ABR916351298013,Windpark Huje Folgebetreibergesellschaft mbH ＆ Co. KG,GmbH & Co. KG,Bäckerstraße,4 a,Huje,25588,NA,NA
ABR943357972159,Klinger Wind GmbH ＆ Co. KG,GmbH & Co. KG,Fehrsstraße,6,Neumünster,24536,NA,NA
ABR984610429621,GSW Windpark Herbsleben GmbH ＆ Co. KG,GmbH & Co. KG,Otto-Hiendl-Straße,15,Kirchroth,94356,NA,NA
ABR932657424659,Windenergie Bütow GmbH ＆ Co. KG,GmbH & Co. KG,Holzweg,87,Aurich,26605,NA,NA
ABR968473369980,Windpark Fahrenwalde GmbH ＆ Co. KG,GmbH & Co. KG,Großer Burstah,42,Hamburg,20457,http://www.windmanager.de/,NA
ABR964032312961,Dr. Ing. h.c. F. Porsche AG,AG,Porscheplatz,1,Stuttgart,70435,NA,Volkswagen Group
ABR999120922920,NorA Bürgerwind GmbH ＆ Co. KG,GmbH & Co. KG,Schulstraße,2,Flachslanden,91604,NA,NA
ABR964694508184,BGB Gesellschaft Windkraftanlagen Emsdetten 1 und 2,GbR,Grabenwiese,17,Dietramszell,83623,NA,NA
ABR939125171183,Schneebergerhof EE GmbH ＆ Co. KG,GmbH & Co. KG,Schneebergerhof,14,Gerbach,67813,NA,NA
ABR960443684611,ENP Windpark Fürstenau Zwei GmbH ＆ Co. KG,GmbH & Co. KG,Kellinghausen,16,Fürstenau,49584,NA,NA
ABR923804534437,Windpark Jennelt GmbH,GmbH,Holzweg,87,Aurich,26605,NA,NA
ABR910124334427,Windpark Fläming 1 GmbH ＆ Co. KG,GmbH & Co. KG,Mercedesstraße,6,Düsseldorf,40470,NA,NA
ABR900223742476,Windpark Timmeler Kampen GmbH ＆ Co. KG,GmbH & Co. KG,Am Postweg,6,Großefehn,26629,NA,NA
ABR946590217995,Bürgerwindpark Limsholm GmbH ＆ Co. KG,GmbH & Co. KG,Bihöftweg,2 a,Oster-Ohrstedt,25885,NA,NA
ABR956510319951,Windpark Nordahl GmbH ＆ Co. KG,GmbH & Co. KG,Bihöftweg,2 A,Oster-Ohrstedt,25885,NA,NA
ABR929330099815,Windpark Wangenheim/Hochheim  GmbH ＆ Co. Betriebs-KG,GmbH & Co. KG,Stephanitorsbollwerk,3,Bremen,28217,NA,NA
ABR909356255983,ENTEGA Regenerativ,GmbH,Frankfurter Straße,110,Darmstadt,64293,entega.ag,NA
ABR997782842136,Windpark Schenkendöbern Eins GmbH ＆ Co. KG,GmbH & Co. KG,Mercedesstraße,6,Düsseldorf,40470,NA,NA
ABR978915672417,Raiffeisenwindpark Flechum GmbH ＆ Co. KG,GmbH & Co. KG,Elterner Straße,3,Haselünne,49740,NA,NA
ABR963568802564,Raiffeisenwindpark Lahn II GmbH ＆ Co. KG,GmbH & Co. KG,Ostenwalder Straße,9,Lahn,49757,NA,NA
ABR940113405463,Infrastrukturgemeinschaft Windpark Losheim GbR,GbR,Von-Boch-Straße,1,Losheim,66679,NA,NA
ABR971323107748,Belumer Energiegesellschaft mbH,GmbH,Kantstraße,164,Berlin,10623,NA,NA
ABR979379931232,LuV Windenergie GmbH ＆ Co. WP Schwaförden KG,GmbH & Co. KG,Bismarckstraße,102,Wilhelmshaven,26382,NA,NA
ABR911461408246,Versorgungsbetriebe Bordesholm GmbH,GmbH,Bahnhofstraße,13,Bordesholm,24582,NA,NA
ABR997467918330,IFE Windpark Berne GmbH ＆ Co. Betriebs-KG,GmbH & Co. KG,Am Roggenmoor,2,Berne,27804,NA,NA
ABR917275816949,Solaranlage Giebelstadt GmbH ＆ Co. KG,GmbH & Co. KG,Fahrenhorster Weg,55,Tangstedt,22889,NA,NA
ABR978648098102,HT Aiwanger GmbH ＆ Co. KG,GmbH & Co. KG,Sonnenring,69,Essenbach,84051,NA,NA
ABR968337408695,Bürgerwindpark Schülp bei Nortorf GmbH ＆ Co. KG,GmbH & Co. KG,Großenheide,1,Schülp,24589,NA,NA
ABR962140218298,Vodafone GmbH,GmbH,Ferdinand-Braun-Platz,1,Düsseldorf,40549,www.vodafone.de,NA
ABR952001194175,Windpark GmbH ＆ Co. Grabow-Reesen KG,GmbH & Co. KG,Holzweg,87,Aurich,26605,www.alterric.com,NA
ABR927462356264,WIND-projekt GmbH ＆ Co. 13. Betriebs-KG,GmbH & Co. KG,Seestr.,71a,Börgerende,18211,NA,NA
ABR943041429778,Windpark Sögel VII GmbH ＆ Co. KG,GmbH & Co. KG,Nessestraße,24,Leer,26789,https://www.enercity-erneuerbare.de/,NA
ABR957841327066,SWS Natur GmbH,GmbH,Frankendamm,7,Stralsund,18439,NA,NA
ABR918536553856,WP Ellwanger Berge Projekt I GmbH ＆ Co. KG,GmbH & Co. KG,Schlierbacher Straße,2,Kirchheim,73230,NA,NA
ABR901978702135,WIND-projekt GmbH ＆ Co. Vierte Betriebs-KG,GmbH & Co. KG,Seestr.,71 a,Börgerende,18211,NA,NA
ABR944538823369,Rolls-Royce Solutions Augsburg GmbH,GmbH,Beim Grenzgraben,NA,Augsburg,86167,NA,NA
ABR997116496912,VERBUND Innkraftwerke GmbH,GmbH,Werkstraße,1,Töging,84513,NA,NA
ABR960598994238,Sonnenenergie Osterhof GmbH ＆ Co. KG,GmbH & Co. KG,Gotteskoogdeich,32,Galmsbüll,25899,NA,NA
ABR981582464643,Windpark Roge GmbH ＆ Co. Betriebs-KG,GmbH & Co. KG,Zu den Sandbeeten,1 b,Marburg,35043,NA,NA
ABR921405373615,WIND-projekt GmbH ＆ Co. 11. Betriebs-KG,GmbH & Co. KG,Seestr.,71 a,Börgerende,18211,NA,NA
ABR957537429852,Windpark Dörpum GmbH ＆ Co. KG,GmbH & Co. KG,Glücksburger Weg,3,Dörpum,25821,NA,NA
ABR902586811769,BürgerEnergie Issum eG,eG,Hellenthalstr.,2,Issum,47661,www.buergerenergie-issum.de,NA
ABR949510458171,e.con nature energy GmbH ＆ Co. Betriebs KG,GmbH & Co. KG,Am Querkanal,5,Stralsund,18439,NA,NA
ABR903991767658,Windkraft Vogelsberg GmbH ＆ Co. KG,GmbH & Co. KG,Hauptstraße,60,Herbsleben,99955,NA,NA
ABR946530241639,SAB Projektentwicklung GmbH ＆ Co. KG,GmbH & Co. KG,Emmy-Noether-Straße,17,Itzehoe,25524,NA,NA
ABR909178957744,Northland Deutsche Bucht GmbH,GmbH,Willinghusener Weg,3,Oststeinbek,22113,www.owf-deutsche-bucht.de,NA
ABR937496208811,Windkraft Sitten GmbH ＆ Co. KG,GmbH & Co. KG,Fritschestraße,27 -28,Berlin,10585,NA,NA
ABR984108841713,GSW-Stadtwerke Straubing Bürgerenergie II GmbH ＆ Co. KG,GmbH & Co. KG,Otto-Hiendl-Straße,15,Kirchroth,94356,NA,NA
ABR995439953730,meridian Windpark Wetzdorf GmbH ＆ Co.KG,GmbH & Co. KG,Schützenstraße,2,Suhl,98527,NA,NA
ABR939893126392,Hanse Windkraft GmbH,GmbH,Neuer Wall,38,Hamburg,20354,www.hanse-windkraft.de,NA
ABR957604190685,Abfallwirtschaftsbetrieb des Landkreises Neu-Ulm,Eigenbetrieb,Daimlerstraße,36,Weißenhorn,89264,www.awb-neu-ulm.de,NA
ABR946554768013,Bürgerwindpark Bardowick Betreibergesellschaft mbH ＆ Co. KG,GmbH & Co. KG,Schulstraße,12,Bardowick,21357,NA,NA
ABR963781575290,Bürgerwindpark Ehlbeck Betreibergesellschaft mbH ＆ Co. KG,GmbH & Co. KG,Rehrhof,8,Rehlingen,21385,NA,NA
ABR920869236399,Bürgerwindpark Häcklingen-Melbeck Betriebsgesellschaft mbH ＆ Co. KG,GmbH & Co. KG,Ebstorfer Straße,2 A,Melbeck,21406,NA,NA
ABR981258278383,Bürgerwindpark Wendhausen Betreibergesellschaft mbH ＆ Co. KG,GmbH & Co. KG,Im Ort,10,Reinstorf,21400,NA,NA
ABR905763255080,Energie und Wasser Potsdam GmbH,GmbH,Steinstraße,101,Potsdam,14480,ewp-potsdam.de,NA
ABR971221877392,Bürgerwindpark Hanstedt II GmbH ＆ Co. KG,GmbH & Co. KG,Gansauer Straße,2,Uelzen,29525,www.getproject.de,NA
ABR944469474586,Trianel Windpark Creußen GmbH ＆ Co. KG,GmbH & Co. KG,Krefelder Straße,203,Aachen,52070,NA,NA
ABR999022537727,Trianel Windpark Gebersreuth GmbH ＆ Co. KG,GmbH & Co. KG,Krefelder Straße,203,Aachen,52070,NA,NA
ABR956522847800,Trianel Windpark Vogelherd GmbH ＆ Co. KG,GmbH & Co. KG,Krefelder Straße,203,Aachen,52070,NA,NA
ABR960406157084,Trianel Onshore Windkraftwerke Eisleben GmbH ＆ Co KG,GmbH & Co. KG,Krefelder Straße,203,Aachen,52070,NA,NA
ABR993802278015,Trianel Onshore Windkraftwerk Rabenau GmbH ＆ Co. KG,GmbH & Co. KG,Krefelder Straße,203,Aachen,52070,NA,NA
ABR934912635152,Windkraft Neukirchen GmbH ＆ Co. KG,GmbH & Co. KG,Hauptstraße,60,Herbsleben,99955,NA,NA
ABR946577317328,Stadtwerke Kempen GmbH,GmbH,Heinrich-Horten-Straße,50,Kempen,47906,https://www.stadtwerke-kempen.de/,NA
ABR942560018630,EWI Bartow GmbH ＆ Co. KG,GmbH & Co. KG,Kapuzinerstraße,9,Rheinfelden,79618,NA,NA
ABR946965613322,Neue GHF Windpark Bliesdorf-Ketzin GmbH ＆ Co. KG,GmbH & Co. KG,Am Nesseufer,40,Leer,26789,NA,NA
ABR981119565911,EWI Wölsickendorf GmbH ＆ Co. KG,GmbH & Co. KG,Kapuzinerstraße,9,Rheinfelden,79618,NA,NA
ABR943069778476,Onshore Wind Borne GmbH ＆ Co. KG,GmbH & Co. KG,Klettenbergstraße,12,Frankfurt,60322,NA,NA
ABR951209889197,Messe Frankfurt Venue GmbH,GmbH,Ludwig-Erhard-Anlage,1,Frankfurt,60327,www.messefrankfurt.com,NA
ABR972736849836,Sonnenenergie Osterhof 20 GmbH ＆ Co. KG,GmbH & Co. KG,Gotteskoogdeich,32,Galmsbüll,25899,NA,NA
ABR926167375389,Heinfelde Pool GbR,GbR,Kirchstraße,10,Friesoythe,26169,www.windpark-heinfelde.de,NA
ABR926352297502,Neuenkrug Beteiligungspool GmbH,GmbH,Hochwöhrden,10,Wöhrden,25797,www.dirkshof.de,NA
ABR980359637631,GHF Windpark Chüden-Zerre GmbH ＆ Co. KG,GmbH & Co. KG,Am Nesseufer,40,Leer,26789,NA,NA
ABR990769339759,Windpark Hinte GmbH ＆ Co. Ost KG,GmbH & Co. KG,Gewerbestraße,18,Hinte,26759,NA,NA
ABR902055101117,Solarkraftwerk Reckahn I GmbH ＆ Co. KG,GmbH & Co. KG,Wadenbrunner Straße,10,Kolitzheim,97509,NA,NA
ABR906495678987,Solarkraftwerk Reckahn II GmbH ＆ Co. KG,GmbH & Co. KG,Wadenbrunner Straße,10,Kolitzheim,97509,NA,NA
ABR901051801731,Solarkraftwerk Rentweinsdorf GmbH ＆ Co. KG,GmbH & Co. KG,Wadenbrunner Straße,10,Kolitzheim,97509,NA,NA
ABR954477532208,Windpark Twedt GmbH ＆ Co.KG,GmbH & Co. KG,Dornhöh,3-5,Twedt,24894,NA,NA
ABR918882063177,Windpark Bagband GmbH ＆ Co. KG,GmbH & Co. KG,Am Postweg,6,Großefehn,26629,NA,NA
ABR920363386774,Windpark Dornum GmbH ＆ Co. KG,GmbH & Co. KG,Bensjücher Weg,9,Dornum,26553,NA,NA
ABR999925770641,VSB Windpark Homberg-Buchberg GmbH ＆ Co. KG,GmbH & Co. KG,Schweizer Straße,3 a,Dresden,01069,www.vsb.energy,NA
ABR932843902374,Windfeld Thüringer Becken KH 56.1 GmbH ＆ Co. KG,GmbH & Co. KG,Hauptstraße,43,Kirchheilingen,99947,NA,NA
ABR993515623829,Escherwind GmbH ＆ Co. KG,GmbH & Co. KG,Woltzetener Straße,4 B,Krummhörn,26736,NA,NA
ABR941929215017,Windpark Owschlag GmbH ＆ Co. KG,GmbH & Co. KG,Birkenallee,1,Boklund,24848,NA,NA
ABR917074033394,Windkraft Stadtlohn GmbH ＆ Co. Marbecker Betriebs KG,GmbH & Co. KG,Greven Esch,15,Borken,46325,NA,NA
ABR902388041678,ESWE BioEnergie GmbH,GmbH,Konradinerallee,25,Wiesbaden,65189,www.eswe-bioenergie.de,NA
ABR938017081357,Alterric Windpark GmbH ＆ Co. Scirocco I KG,GmbH & Co. KG,Holzweg,87,Aurich,26605,NA,NA
ABR998947085603,Windpark Sendenhorst GmbH ＆ Co. KG,GmbH & Co. KG,Holzweg,87,Aurich,26605,www.alterric.com,NA
ABR939758509049,Windpark Lübbenow 1 GmbH ＆ Co. KG,GmbH & Co. KG,Gregor-Mendel-Straße,24 a,Potsdam,14469,NA,NA
ABR932681258701,PR Windkraft GmbH,GmbH,Mittweider Str.,12 ,Hainichen,09661,NA,NA
ABR905520989142,Windpark GmbH ＆ Co. Külz II KG,GmbH & Co. KG,Holzweg,87,Aurich,26605,https://www.alterric.com/,NA
ABR934700893306,Windpark Hamwiede GmbH ＆ Co.KG,GmbH & Co. KG,Stephanitorsbollwerk,3,Bremen,28217,https://www.windmanager.de,NA
ABR941567438915,Windpark GmbH ＆ Co. Trebbichau KG,GmbH & Co. KG,Holzweg,87,Aurich,26605,www.alterric.com,NA
ABR955028191967,Windpark Oberwesel III GmbH ＆ Co. KG,GmbH & Co. KG,Lombardenstraße,12 /22,Aachen,52070,NA,NA
ABR937562507992,Windpark Simmerath GmbH ＆ Co. KG,GmbH & Co. KG,Lombardenstraße,12 /22,Aachen,52070,NA,NA
ABR980891050509,Preschen PB Photovoltaik und Grundstücke GmbH,GmbH,Grünebaumstraße,4,Paderborn,33098,NA,NA
ABR962424139622,Infraserv GmbH ＆ Co. Höchst KG,GmbH & Co. KG,Brüningstraße,50,Frankfurt,65929,www.infraserv.com,NA
ABR926389344316,Windpark Linnich GmbH ＆ Co. KG,GmbH & Co. KG,Lombardenstraße,12 22,Aachen,52070,NA,NA
ABR982805302469,Windpark Ihlow GmbH & Co. Betriebs KG,GmbH & Co. KG,Mühlenweg,9 a,Ihlow,26632,www.windpark-ihlow.de,NA
ABR937210735968,BBE Windpark GmbH ＆ Co. KG,GmbH & Co. KG,Kamp,1,Barlt,25719,NA,NA
ABR914428050151,Bürgerwindpark Langes Schiff Münnerstadt GmbH ＆ Co. KG,GmbH & Co. KG,Marktplatz,1,Münnerstadt,97702,www.naturstrom.de,NA
ABR927933456332,Windpark Königsfeld GmbH ＆ Co. KG,GmbH & Co. KG,Bahnhofstraße,55,Eggolsheim,91330,www.naturstrom.de,NA
ABR930220055712,WindStrom Sonnefeld GmbH ＆ Co. KG,GmbH & Co. KG,Bahnhofstraße,55,Eggolsheim,91330,www.naturstrom.de,NA
ABR968080212846,WindStrom Titting GmbH ＆ Co. KG,GmbH & Co. KG,Bahnhofstraße,55,Eggolsheim,91330,www.naturstrom.de,NA
ABR971605406514,WindStrom Wattendorf-Stadelhofen GmbH ＆ Co. KG,GmbH & Co. KG,Bahnhofstraße,55,Eggolsheim,91330,www.naturstrom.de,NA
ABR938433782203,NaturStromVersorgung Wöbbelin GmbH ＆ Co. KG,GmbH & Co. KG,Bahnhofstraße,55,Eggolsheim,91330,www.naturstrom.de,NA
ABR906643309022,Alme Windkraft GmbH ＆ Co.KG,GmbH & Co. KG,An der Grotte,17,Bad Wünnenberg,33181,NA,NA
ABR931907972872,Windenergie Kreuzau GmbH ＆ Co. KG,GmbH & Co. KG,Wernersstraße,23,Düren,52351,www.rea-dn.de,NA
ABR913580561369,Windpower Brandenberg GmbH ＆ Co. KG,GmbH & Co. KG,Wernersstraße,23 ,Düren,52351,www.rea-dn.de,NA
ABR988623023685,Bürgerenergie Kreis Düren eG,eG,Wernersstraße,23,Düren,52351,www.rea-dn.de,NA
ABR922771889298,Bökingharder Windpark GmbH ＆ Co. KG,GmbH & Co. KG,Herrenkoogstraße,19,Risum-Lindholm,25920,NA,NA
ABR984363194159,WIND-projekt GmbH ＆ Co. 29. Betriebs KG,GmbH & Co. KG,Seestr.,71 a,Börgerende,18211,NA,NA
ABR987116253233,Windenergie Ennenberg GmbH ＆ Co. KG,GmbH & Co. KG,Bergbossendorf,51,Haltern am See,45721,NA,NA
ABR953775680116,Papierfabrik Adolf Jass GmbH ＆ Co. KG,GmbH & Co. KG,Hermann-Muth-Straße,6,Fulda,36039,NA,NA
ABR930338716888,WIND-projekt GmbH ＆ Co. 30. Betriebs KG,GmbH & Co. KG,Seestr.,71 a,Börgerende,18211,NA,NA
ABR973146451824,LHI GII1 WP Velburg 2184 GmbH ＆ Co. KG,GmbH & Co. KG,Emil-Riedl-Weg,6,Pullach,82049,NA,NA
ABR983110619303,Planung-Aufbau-Verwaltung Eidelweg GmbH ＆ Co. KG,GmbH & Co. KG,Alter Postweg,234,Osteel,26529,ee-claashen.de,NA
ABR905903314615,Delkeskamp Verpackungswerke GmbH,GmbH,Hauptstraße,11 - 15,Nortrup,49638,www.delkeskamp.de,NA
ABR932286749529,Renertec Windkraft Hammelsberg UG (haftungsbeschränkt) ＆ Co. KG,UG (haftungsbeschränkt) & Co. KG,Neumühlstraße,24,Brachttal,63636,NA,NA
ABR936835336604,Windstrom Bühnerbach GmbH ＆ Co. KG,GmbH & Co. KG,Alte Poststraße,5,Neuenkirchen,49586,https://www.naturenergy.de/,NA
ABR919052363691,IFE Windpark Westoverledingen GmbH ＆ Co. Betriebs-KG,GmbH & Co. KG,Steenfelder Dorfstraße,28,Westoverledingen,26810,NA,NA
ABR981160324253,Sachsenmilch Leppersdorf GmbH,GmbH,An den Breiten,NA,Wachau,01454,https://www.sachsenmilch.de/,NA
ABR915282303285,Windpark GmbH ＆ Co. Jänickendorf KG,GmbH & Co. KG,Holzweg,87,Aurich,26605,www.alterric.com,NA
ABR931650938064,Norderwöhrden Poolgesellschaft mbH,GmbH,Alte Schulstraße,5 a,Lohe-Rickelshof,25746,NA,NA
ABR910542313028,Betreibergesellschaft Hemme I KG,KG,Voßweg,29,Hemme,25774,NA,NA
ABR917800677144,Solaranlage Giebelstadt II GmbH ＆ Co. KG,GmbH & Co. KG,Lombardenstraße,12 /22,Aachen,52070,NA,NA
ABR920797990516,Solarpark Ronneburg GmbH ＆ Co. KG,GmbH & Co. KG,Lombardenstraße,12 /22,Aachen,52070,NA,NA
ABR947557261051,SachsenFonds Windpark IX GmbH ＆ Co. KG,GmbH & Co. KG,Max-Planck-Straße,3,Aschheim,85609,NA,NA
ABR981983477198,IWE Gmbh ＆ Co. Windpark Moosmoor KG,GmbH & Co. KG,Wesermünder Straße,1 A,Hambergen,27729,www.iwe-gmbh.de,NA
ABR908524593582,JWP Jade Windpark GmbH ＆ Co. 17. Betriebs KG,GmbH & Co. KG,Kronacher Straße,41,Bamberg,96052,www.jadenaturenergie.de,NA
ABR951932196005,JWP Jade Windpark GmbH ＆ Co. 20. Betriebs KG,GmbH & Co. KG,Kronacher Straße,41,Bamberg,96052,www.jadenaturenergie.de,NA
ABR977403855622,Stadtwerke Flensburg,GmbH,Batteriestraße,48,Flensburg,24939,NA,NA
ABR960412619057,HSW Windpark Niedergörsdorf GmbH ＆ Co. KG,GmbH & Co. KG,Meeboldstraße,1,Heidenheim,89522,NA,NA
ABR983394101143,Windpark Oldenburg GmbH ＆ Co. KG,GmbH & Co. KG,Bismarker Straße,12,Osterburg,39606,NA,NA
ABR923716132028,Windpark Haltern AV 9 GmbH,GmbH,Recklinghäuser Straße,49 a,Haltern am See,45721,NA,NA
ABR925974012494,RWE Generation Hydro GmbH,GmbH,RWE-Platz,3 ,Essen,45141,NA,RWE
ABR904291516762,Friedland Energie GmbH ＆ Co.KG,GmbH & Co. KG,Mühlenstraße,101,Friedland,17098,NA,NA
ABR939919879578,Friedland Energie Süd GmbH ＆ Co. KG,GmbH & Co. KG,Mühlenstraße,101,Friedland,17098,NA,NA
ABR926710547089,Windpark Riegenroth GmbH ＆ Co. KG,GmbH & Co. KG,Lombardenstraße,12 /22,Aachen,52070,NA,NA
ABR985382317789,EWF Fünf Zwei GmbH ＆ Co. KG,GmbH & Co. KG,Dieselstraße,4 ,Husum,25813,NA,NA
ABR994574951960,SILA Fünf GmbH ＆ Co. KG,GmbH & Co. KG,Neue Straße,17 a,Markt Erlbach,91459,www.wust-wind-sonne.de,NA
ABR933684711859,Windpark Neu Guthendorf GmbH ＆ Co. Betriebs KG,GmbH & Co. KG,Am Park,8,Dettmannsdorf,18334,NA,NA
ABR925995374670,WERA Windenergie GmbH,GmbH,Dorfstraße,15,Borgentreich,34434,NA,NA
ABR912461372179,Kraftwerk Obernburg,GmbH,Glanzstoffstr.,NA,Erlenbach,63906,https://www.kraftwerk-obernburg.com,NA
ABR905530396428,Hoppe und Dietz GmbH und Co.KG,GmbH & Co. KG,Dorfstraße,15,Borgentreich,34434,NA,NA
ABR930071974903,Dritte UPEG Windpark GmbH ＆ Co. KG,GmbH & Co. KG,Albert-Einstein-Straße,7,Osnabrück,49076,NA,NA
ABR944680985168,Gesellschaft für erneuerbare Energien Schwerin mbH (GES),GmbH,Eckdrift,43,Schwerin,19061,www.stadtwerke-schwerin.de,NA
ABR914953289613,Carpe Ventos Wiesmoor l GmbH ＆ Co. KG,GmbH & Co. KG,Nessestraße,24,Leer,26789,https://www.enercity-erneuerbare.de/,NA
ABR964500950114,Salzgitter Flachstahl GmbH,GmbH,Eisenhüttenstraße,99,Salzgitter,38239,https://www.salzgitter-flachstahl.de/,NA
ABR989005864087,Windpark Kutenholz GmbH ＆ Co. KG,GmbH & Co. KG,Holzweg,87,Aurich,26605,NA,NA
ABR971256256520,Bürgerwindpark Kehdingbruch GmbH ＆Co.KG,GmbH & Co. KG,Westerende,52,Belum,21785,NA,NA
ABR910952798552,Pfalzwerke Solarpark V GmbH ＆ Co. KG,GmbH & Co. KG,Am Flughafen,1,Nobitz,04603,NA,NA
ABR970043772571,EnBW Solarpark Weesow-Willmersdorf GmbH,GmbH,Schelmenwasenstraße,15,Stuttgart,70567,NA,EnBW
ABR928526968966,IFE Windpark Golzwarden GmbH,GmbH,Golzwarderwurp,22,Brake,26919,NA,NA
ABR989695941518,Zweckverband Abfallverwertung Südostbayern,Körperschaft des öffentlichen Rechts,Bruck,110,Burgkirchen,84508,www.zas-burgkirchen.de,NA
ABR981617190370,Windpark Homberg GmbH ＆ Co. KG,GmbH & Co. KG,Zehrensdorfer Straße,4,Zossen,15806,NA,NA
ABR949328331543,Windpark Luko GmbH ＆ Co. KG,GmbH & Co. KG,Zehrensdorfer Straße,4,Zossen,15806,NA,NA
ABR992785928627,Windpark Märkische Heide GmbH,GmbH,Seesener Straße,10-13,Berlin,10709,NA,NA
ABR963366335677,Windpark Stollberg GmbH,GmbH,Maibachstraße,7,Dillenburg,35683,www.eam.de,NA
ABR902580834214,Windpark Beltheim II GmbH ＆ Co. KG,GmbH & Co. KG,Lombardenstraße,12 /22,Aachen,52070,NA,NA
ABR916104834604,IFE Windpark Burlage GmbH,GmbH,Landesstraße,28,Rhauderfehn,26817,NA,NA
ABR960208454985,Swisspower Renewables Windparks Brandenburg GmbH,GmbH,Markgrafenstraße,22,Berlin,10117,www.swisspower.com,NA
ABR904475361997,Windpark Bietikow GmbH ＆ Co. KG,GmbH & Co. KG,Stephanitorsbollwerk,3,Bremen,28217,NA,NA
ABR978121359935,Windpark Vogelsberg GmbH ＆ Co. KG,GmbH & Co. KG,Großer Burstah,42,Hamburg,20457,NA,NA
ABR965463074305,GERES EnergieSysteme GmbH,GmbH,An den Bergen,28,Frankfurt,60437,http://www.geres-group.de/,NA
ABR997543679766,Windpark Briesensee GmbH,GmbH,Seesener Straße,10-13,Berlin,10709,NA,NA
ABR995532998553,Windpark Die Gleiche GmbH,GmbH,Neukirchener Straße,1,Ottrau,34633,NA,NA
ABR979781857922,Windpark Gribbohm GmbH ＆ Co.KG,GmbH & Co. KG,Wiesengrund,4,Gribbohm,25596,NA,NA
ABR928200421176,Boehringer Ingelheim Pharma GmbH＆Co.KG,GmbH & Co. KG,Birkendorfer Straße,65,Biberach,88400,https://www.boehringer-ingelheim.de,NA
ABR911321440812,Windpark Östliches Herberger Feld GmbH ＆ Co. KG,GmbH & Co. KG,Quakenbrücker Landstraße,36,Menslage,49637,NA,NA
ABR935284499083,Ralf Onken GmbH ＆ Co. KG,GmbH,Lasiusstraße,20,Oldenburg,26122,NA,NA
ABR951050878241,Beckum Bürgerwindpark GmbH ＆ Co. KG,GmbH & Co. KG,Albert-Einstein-Straße,7,Osnabrück,49076,https://www.prowind.com,NA
ABR951808321609,EWF Eins Sieben GmbH ＆ Co. KG,GmbH & Co. KG,Dieselstraße,4,Husum,25813,NA,NA
ABR919557779065,Energie ＆ Landwirtschaft Invest GmbH ＆ Co. KG,GmbH & Co. KG,Zur Egge,17,Marsberg,34431,NA,NA
ABR935102232229,Bürgerwindpark Sprakebüll GmbH ＆ Co. KG,GmbH & Co. KG,Hauptstraße,32,Sprakebüll,25917,NA,NA
ABR950061968552,Bürgerwindpark Norderhof II,GmbH & Co. KG,Gotteskoogdeich,32,Galmsbüll,25899,NA,NA
ABR983093904298,LHI Solar Deutschland VI GmbH ＆ Co. KG,GmbH & Co. KG,Emil-Riedl-Weg,6,Pullach,82049,NA,NA
ABR950641775303,Grace GmbH,GmbH,In der Hollerhecke,1,Worms,67547,NA,NA
ABR969551097450,IFE Solarpark Fliegerhorst Oldenburg GmbH ＆ Co. Betriebs-KG,GmbH & Co. KG,Raiffeisenstraße,12,Rastede,26180,NA,NA
ABR988340486756,Hydrovind VI,k.s.,Gl. Kirkevej,16,Støvring,9530,NA,NA
ABR982511102919,MVV Windenergie GmbH,GmbH,Luisenring,49,Mannheim,68159,www.mvv.de,NA
ABR917808197859,Windpark Ochsenberg GmbH,GmbH,Schlößlestraße,14,Heidenheim,89520,www.blauwald.de,NA
ABR913185956492,Green Wind Invest GmbH,GmbH,Wintersteinstraße,22,Berlin,10587,NA,NA
ABR931164928988,Universität Stuttgart,Körperschaft des öffentlichen Rechts,Keplerstraße,7,Stuttgart,70174,www.uni-stuttgart.de,NA
ABR950690487493,Hydrovind VII,k.s.,Gl. Kirkevej,16,Støvring,9530,NA,NA
ABR929242388182,Windpark Langendorf GmbH ＆ Co. KG,GmbH & Co. KG,Zu den Sandbeeten,1 b,Marburg,35043,NA,NA
ABR963289439155,Opera 3. Energie GmbH ＆ Co. KG,GmbH & Co. KG,Gut Krampfer,1,Plattenburg,19339,NA,NA
ABR969555167029,SWS Windpark Everswinkel II GmbH ＆ Co. KG,GmbH & Co. KG,Kesselstraße,21-23,Stuttgart,70327,NA,NA
ABR985350677570,Windpark Hollich GmbH ＆ Co. KG,GmbH & Co. KG,Hollich,70,Steinfurt,48565,www.windpark-hollich.de,NA
ABR990229181263,TAP Windpark Bad Arolsen GmbH & Co. KG,GmbH & Co. KG,Krefelder Straße,203,Aachen,52070,NA,NA
ABR980692321167,Stadtwerke Strausberg GmbH,GmbH,Kastanienallee,38,Strausberg,15344,www.ssg-strausberg.de,NA
ABR934210259081,IBC Projekt 2011 GmbH ＆ Co. KG,GmbH & Co. KG,Am Hochgericht,10,Bad Staffelstein,96231,NA,NA
ABR920193003728,Windpark Albertshof GmbH ＆Co. KG,GmbH & Co. KG,Am Köllnischen Park,1,Berlin,10179,NA,NA
ABR978855762155,EE Keiko GmbH ＆ Co. KG,GmbH & Co. KG,Straße des Friedens,34 C,Teuchern,06682,https://www.europeanenergy.dk/,NA
ABR963703383200,Windbauer GmbH,GmbH,Marktplatz,1,Neubrandenburg,17033,www.windbauer.com,NA
ABR929840170035,Windpark Bohmstedt GmbH ＆ Co. KG,GmbH & Co. KG,Westerende,29a,Bohmstedt,25853,NA,NA
ABR976760522116,TIWAG-Tiroler Wasserkraft AG,AG,Eduard-Wallnöfer-Platz,2,Innsbruck,6020,www.tiwag.at,NA
ABR955351877859,Windkraft Neukirchen GmbH & Co. KG,GmbH & Co. KG,Georgshof,2,Neukirchen,23779,NA,NA
ABR998819439145,Windpark Milow 3 GmbH ＆ Co. KG,GmbH & Co. KG,Gregor-Mendel-Straße,24 a,Potsdam,14469,NA,NA
ABR976387142384,J. Rettenmaier ＆ Söhne GmbH + Co. KG,GmbH & Co. KG,Holzmühle,1,Rosenberg,73494,NA,NA
ABR985412107342,Heizkraftwerk Altenstadt GmbH ＆ Co. KG,GmbH & Co. KG,Triebstraße,90,Altenstadt,86972,www.heizkraftwerk-altenstadt.de,NA
ABR941182937411,WP Vier Berge GmbH ＆ Co. KG,Sonstige,Straße des Friedens,34c,Teuchern,06682,NA,NA
ABR988067080268,Bürgerwindpark Hollich Sellen GmbH ＆ Co. KG,GmbH & Co. KG,Hollich,70,Steinfurt,48565,www.buergerwindpark-hollich-sellen.de,NA
ABR920233228449,BWP Bramstedtlund GmbH ＆ Co. KG,GmbH & Co. KG,Osewoldterkoog,10,Dagebüll,25899,NA,NA
ABR946548213840,Zweite Klixbüller Energie GmbH ＆ Co.KG,GmbH & Co. KG,Hauptstraße,12,Klixbüll,25899,NA,NA
ABR989646990305,Stadtwerke Fürstenfeldbruck GmbH,GmbH,Cerveteristraße,2,Fürstenfeldbruck,82256,NA,NA
ABR924449599508,WPO Windpark Oldenbroker Feld GmbH ＆ Co. Betriebs KG,GmbH & Co. KG,Alexanderstraße,404 B,Oldenburg,26127,NA,NA
ABR954229686753,Humboldt-Universität zu Berlin,Körperschaft des öffentlichen Rechts,Unter den Linden,6,Berlin,10117,www.hu-berlin.de,NA
ABR949345625908,Solarpark Haidlfing GmbH ＆Co.KG,GmbH & Co. KG,Untere Bachstraße,31,Wallersdorf,94522,NA,NA
ABR946525050666,LE Windenergie GmbH ＆ Co. KG,GmbH & Co. KG,Friedhofstraße,31,Linnich,52441,NA,NA
ABR980723525205,Windpark Iversacker,UG (haftungsbeschränkt) & Co. KG,Süderstraße,3,Achtrup,25917,NA,NA
ABR947959270613,WEAG Windkraft Konz GmbH ＆ Co. KG,GmbH & Co. KG,Luymühle,1,Neumagen-Dhron,54347,NA,NA
ABR944706218935,Biomasse Heizkraftwerk Siegerland GmbH ＆ Co. KG,GmbH & Co. KG,Graf-Zeppelin-Straße,2,Liebenscheid,56479,www.kraftwerk-siegerland.de,NA
ABR974008020066,Ökotech Ing.Ges.mbH,GmbH,Christine-Englerth-Straße,4,Recklinghausen,45665,oekotech-energie.de,NA
ABR964770092033,Windpark Fleetmark II GmbH ＆ Co. KG,GmbH & Co. KG,Bungertstr.,27,Duisburg,47053,NA,NA
ABR955223232007,BEKW Bioenergiekraftwerk Emsland GmbH ＆ Co. KG,GmbH & Co. KG,Neuerostraße,5,Emlichheim,49824,www.bekw.de,NA
ABR907670171910,SWISS KRONO TEX,GmbH & Co. KG,Wittstocker Chaussee,1,Heiligengrabe,16909,NA,NA
ABR910374295639,Windpark Offenbach an der Queich II GmbH ＆ Co. KG,GmbH & Co. KG,Konrad-Lerch-Ring,6,Offenbach,76877,NA,NA
ABR992075904157,SL Windpark Baumberge GmbH ＆ Co. KG,GmbH & Co. KG,Voßbrinkstraße,67,Gladbeck,45966,www.sl-naturenergie.com,NA
ABR982595860415,NeuenkirchenWind GmbH ＆ Co. KG,GmbH & Co. KG,Scholien,6,Neuenkirchen,21763,NA,NA
ABR922311327402,Windpark Krampfer-Reckenthin die Zweite GmbH＆Co. KG,GmbH & Co. KG,Gut Krampfer,1,Plattenburg,19339,NA,NA
ABR910370239262,FORTE Energie GmbH ＆ Co. KG,GmbH & Co. KG,Neufelder Straße,46,Cuxhaven,27472,https://www.forte-energie.de/,NA
ABR923828951203,Westwind Projektierungs GmbH ＆ Co. KG,GmbH & Co. KG,Brinkstraße,25,Kirchdorf,27245,NA,NA
ABR916801049325,WINDPOOL Wittgeeste GmbH ＆ Co. KG,GmbH & Co. KG,Seehofstraße,2,Lorsch,64653,NA,NA
ABR988432195894,VERUM Heyen Infrastrukturgesellschaft mbH,GmbH,Gönne,14,Heyen,37619,NA,NA
ABR911764425858,Holzhausen Wind Süd II GmbH ＆ Co. KG,GmbH & Co. KG,Alter Weg,23,Cuxhaven,27478,NA,NA
ABR970013267014,Windpark Scheibe-Trattendorf GmbH ＆ Co. KG,GmbH & Co. KG,Alt-Moabit,60 A,Berlin,10555,NA,NA
ABR981894412400,Infraserv GmbH ＆ Co. Wiesbaden KG,GmbH & Co. KG,Rheingaustraße,190-196,Wiesbaden,65203,www.infraserv-wi.de,NA
ABR937496028297,Windpark Hoort 1 GmbH ＆ Co. Betriebs-KG,GmbH & Co. KG,Charlottenhof,20,Beeskow,15848,NA,NA
ABR942899893519,Davids Windpark GmbH ＆ Co. KG,GmbH & Co. KG,Hommerschen,0,Geilenkirchen,52511,NA,NA
ABR970710208761,Windpark Winsen (Luhe),GmbH & Co. KG,Schloßring,50,Winsen,21423,NA,NA
ABR964954693629,Windpark Kassieck-Lindstedt GmbH ＆ Co. KG,GmbH & Co. KG,Holzweg,87,Aurich,26605,NA,NA
ABR962350587009,GGEW WP Molau GmbH ＆ Co. KG,GmbH & Co. KG,Seehofstraße,2,Lorsch,64653,NA,NA
ABR931545243587,Windpark Blanke Hölle 1 GmbH ＆ Co. KG,GmbH & Co. KG,Gregor-Mendel-Straße,24a,Potsdam,14469,NA,NA
ABR970770820705,SL Betriebs GmbH ＆ Co. KG,GmbH & Co. KG,Voßbrinkstraße,67,Gladbeck,45966,www.sl-naturenergie.com,NA
ABR990168256503,FWE Windpark TIS GmbH ＆ Co. KG,GmbH & Co. KG,Straße des Friedens,34c,Teuchern,06682,NA,NA
ABR931066872471,SWS Windpark Schwanfeld GmbH ＆ Co. KG,GmbH & Co. KG,Kesselstraße,21-23,Stuttgart,70327,NA,NA
ABR995718038059,SWS Windpark Bad Hersfeld GmbH & Co. KG,GmbH & Co. KG,Kesselstraße,21-23,Stuttgart,70327,NA,NA
ABR917198860593,SL Windpark Rheurdt GmbH ＆ Co. KG,GmbH & Co. KG,Voßbrinkstraße,67,Gladbeck,45966,www.sl-naturenergie.com,NA
ABR977687911960,Windpark Crussow 1 GmbH ＆ Co. KG,GmbH & Co. KG,Fritschestraße,27 -28,Berlin,10585,NA,NA
ABR972469195583,Zweckverband Landeswasserversorgung,Körperschaft des öffentlichen Rechts,Schützenstraße,4,Stuttgart,70182,NA,NA
ABR939389508961,ENERTRAG Windfeld Schönfeld III GmbH ＆ Co. KG,GmbH & Co. KG,Dauerthal,3,Schenkenberg,17291,www.enertrag.com,NA
ABR928384426721,Windpark Wörrstadt GmbH ＆ Co. KG,GmbH & Co. KG,Energie-Allee,1,Wörrstadt,55286,NA,NA
ABR901634861930,Windpark Galgenberg I GmbH ＆ Co. KG,GmbH & Co. KG,Energie-Allee,1,Wörrstadt,55286,NA,NA
ABR945053285021,Windpark Galgenberg II GmbH ＆ Co. KG,GmbH & Co. KG,Energie-Allee,1,Wörrstadt,55286,NA,NA
ABR990169007968,Basell Polyolefine GmbH,GmbH,Brühler Straße,60,Wesseling,50389,www.lyondellbasell.com,NA
ABR921884713391,Windpark Unseburg Nord GmbH ＆ Co. Betriebs-KG,GmbH & Co. KG,Dieselstraße,4,Husum,25813,NA,NA
ABR940385957257,Klingele Paper Weener SE ＆ Co. KG,SE ＆ Co. KG,Dr.-Werner-Klingele-Straße,1 ,Weener,26826,NA,NA
ABR993385962370,mdp GmbH ＆ Co. WP Borne III KG,GmbH & Co. KG,Jülicher Straße,10,Erkelenz,41812,NA,NA
ABR970062282792,Windpark Schneverdingen GmbH,GmbH,Günter-Samtlebe-Platz,1,Dortmund,44135,NA,NA
ABR986084840728,Windpark Plauerhagen GmbH ＆ Co. KG,GmbH & Co. KG,Günter-Samtlebe-Platz,1,Dortmund,44135,NA,NA
ABR913913882260,Windkraft Nandlstadt GmbH ＆ Co. KG,GmbH & Co. KG,Leitenstraße,10,Lamerdingen,86862,NA,NA
ABR924286659304,HelveticWind Wulkow GmbH,GmbH,Hauptstraße,65,Berlin,12159,NA,NA
ABR952171867657,HelveticWind Gross Welle GmbH,GmbH,Hauptstraße,65,Berlin,12159,NA,NA
ABR935986050209,FraWi GmbH ＆ co Energiefonds 5 KG,KG,Flurweg,4,Mistelgau,95490,NA,NA
ABR944731141253,EWP Rohr-Reetz GmbH ＆ Co. KG,GmbH & Co. KG,Hindenburgstraße,13,Kall,53925,NA,NA
ABR990596275831,Bürgerwind Milow GmbH ＆ Co. KG,GmbH & Co. KG,Nechlin,7,Uckerland,17337,NA,NA
ABR976893652193,Windpark Zultenberg GmbH ＆ Co. KG,GmbH & Co. KG,Bahnhofstraße,98,Gräfelfing,82166,http://www.windmanager.de/,NA
ABR996504327876,Windpark an der Landwehr GmbH ＆ Co.KG,GmbH & Co. KG,Westenfeld,110,Altenberge,48341,NA,NA
ABR950226529109,Windpark Wangelau GmbH ＆ Co. KG,GmbH & Co. KG,Bahnhofstraße,98,Gräfelfing,82166,NA,NA
ABR949444715746,SL Windpark Werl GmbH ＆ Co. KG,GmbH & Co. KG,Voßbrinkstraße,67,Gladbeck,45966,www.sl-naturenergie.com,NA
ABR978732814878,WP Vormark WEA 1 GmbH ＆ Co. KG,GmbH & Co. KG,Steindamm,21,Groß Pankow,16928,NA,NA
ABR900220062256,Werder Wind ＆ Wärme GmbH,GmbH,Am Kirchsteig,24 a,Werder,19386,NA,NA
ABR902548859037,SL Windpark Wesel GmbH ＆ CO. KG,GmbH & Co. KG,Voßbrinkstraße,67,Gladbeck,45966,www.sl-naturenergie.com,NA
ABR939395340883,Nordfriesland Windpark GmbH ＆ Co. KG,GmbH & Co. KG,Osterhusumer Straße,56,Husum,25813,NA,NA
ABR925165991812,Wertachtal Solar GmbH,GmbH,Am Sonnenplatz,1,Bad Vilbel,61118,www.wvag.de,NA
ABR903956531300,WKN Windkraft Nord GmbH ＆ Co. Windenergiefonds Westküste KG,GmbH & Co. KG,Otto-Hahn-Straße,12,Husum,25813,NA,NA
ABR911028181032,PNE WIND Park XVI GmbH ＆ Co. KG,GmbH & Co. KG,Otto-Hahn-Straße,12-16,Husum,25813,NA,NA
ABR964433682977,Umwelt Windrad UWR GmbH ＆ Co. Drochtersen/Irxleben KG,GmbH & Co. KG,Max-Born-Str.,1,Rheine,48431,NA,NA
ABR974240095938,PV Rothenburg IV GmbH ＆ Co. KG,GmbH & Co. KG,Tölzer Straße,15,Grünwald,82031,www.kgal.de,NA
ABR992471447470,PV Perleberg Ost GmbH ＆ Co. KG,GmbH & Co. KG,Tölzer Straße,15,Grünwald,82031,www.kgal.de,NA
ABR981471577676,PV Perleberg West GmbH ＆ Co. KG,GmbH & Co. KG,Tölzer Straße,15,Grünwald,82031,www.kgal.de,NA
ABR936630831700,Bürgerwind Gronau Epe GmbH ＆ Co. KG,GmbH & Co. KG,Lange Seite,3,Gronau,48599,NA,NA
ABR955442338511,Windpark Fiebing II GmbH ＆ Co. KG,GmbH & Co. KG,Holzweg,87,Aurich,26605,www.alterric.com,NA
ABR974517239485,MOSELA ZWEITE Mobiliengesellschaft mbH ＆ Co. KG,GmbH & Co. KG,Tölzer Straße,15,Grünwald,82031,www.kgal.de,NA
ABR968442379521,QE Portfolio 2 GmbH ＆ Co. KG,GmbH & Co. KG,Unter den Linden,21,Berlin,10117,https://qualitasenergy.com/de/,NA
ABR961452509469,RWE Windpark Garzweiler GmbH ＆ Co. KG,GmbH & Co. KG,RWE-Platz,6,Essen,45141,NA,RWE
ABR974961480204,Ochtumwind,GmbH & Co. KG,Delmenhorster Straße,2,Lemwerder,27809,NA,NA
ABR936036957004,Windenergie Falkenwalde GmbH ＆ Co. KG,GmbH & Co. KG,Holzweg,87,Aurich,26605,www.alterric.com,NA
ABR934901121420,thyssenkrupp Steel Europe AG,AG,Kaiser-Wilhelm-Str.,100,Duisburg,47166,NA,NA
ABR964292697532,SL Windpark Lühlerheim GmbH ＆ Co. KG,GmbH & Co. KG,Voßbrinkstraße,67,Gladbeck,45966,www.sl-naturenergie.com,NA
ABR929824713661,Windpark Klinksberg-Humberg GmbH,GmbH,Stephanitorsbollwerk,3 Haus - LUV,Bremen,28217,http://www.windmanager.de,NA
ABR955876183114,e-regio Energiekonzepte GmbH,GmbH,Hindenburgstraße,13,Kall,53925,NA,NA
ABR960529023297,Windkraft Hochheim V GmbH ＆ Co. KG,GmbH & Co. KG,Hauptstraße,60,Herbsleben,99955,NA,NA
ABR972735064353,EE Sieben Zwei GmbH ＆ Co. KG,GmbH & Co. KG,Dieselstraße,4,Husum,25813,NA,NA
ABR913706602891,Niederrhein Wind GmbH ＆ Co. KG,GmbH & Co. KG,Voßbrinkstraße,67,Gladbeck,45966,www.sl-naturenergie.com,NA
ABR924963805291,Windpark Rhede GmbH ＆ Co. KG,GmbH & Co. KG,Industriestraße,2,Rhede,26899,www.windpark-rhede.de,NA
ABR963316328612,Windpark Neudersum GmbH ＆ Co. KG,GmbH & Co. KG,Hauptstraße,11,Dersum,26906,www.windpark-neudersum.de,NA
ABR924977189486,MOSELA Mobiliengesellschaft mbH ＆ Co. KG,GmbH & Co. KG,Tölzer Straße,15,Grünwald,82031,www.kgal.de,NA
ABR969490856033,EnerVest AG,AG,Finkenstraße,17,Gräfelfing,82166,www.enervest.eu,NA
ABR938817943503,Maibara Mobiliengesellschaft mbH ＆ Co. KG,GmbH & Co. KG,Tölzer Straße,15,Grünwald,82031,www.kgal.de,NA
ABR991395980636,MOKAR Mobiliengesellschaft mbH ＆ Co. KG,GmbH & Co. KG,Tölzer Straße,15,Grünwald,82031,www.kgal.de,NA
ABR984549512173,NOTUS energy Development GmbH ＆ Co. KG,GmbH & Co. KG,Parkstraße,1,Potsdam,14469,NA,NA
ABR928481388199,NOTUS energy Plan GmbH ＆ Co. KG,GmbH & Co. KG,Parkstraße,1,Potsdam,14469,NA,NA
ABR905266427021,KOLBA Grundstücksgesellschaft mbH ＆ Co. KG,GmbH & Co. KG,Tölzer Straße,15,Grünwald,82031,www.kgal.de,NA
ABR904504764553,JABALI Mobiliengesellschaft mbH ＆ Co. KG,GmbH & Co. KG,Tölzer Straße,15,Grünwald,82031,www.kgal.de,NA
ABR906728457037,BWG Bahrenhof GmbH ＆ Co. KG,GmbH & Co. KG,Gotteskoogdeich,32,Galmsbüll,25899,NA,NA
ABR996407198733,MUNIRA Beteiligungsgesellschaft mbH ＆ Co. KG,GmbH & Co. KG,Tölzer Straße,15,Grünwald,82031,www.kgal.de,NA
ABR987172774970,Kommunaler Windpark Westmecklenburg GmbH ＆ Co. KG,GmbH & Co. KG,Feldstr.,1,Bandenitz,19230,NA,NA
ABR988283016720,Bürgerwindenergie Altdorf-Eismannsberg GmbH ＆ Co. KG,GmbH & Co. KG,Im Winkel,7,Altdorf,90518,www.wust-wind-sonne.de,NA
ABR930775198339,WP Weilrod GmbH ＆ Co. KG,GmbH & Co. KG,Am Haag,10,Gräfelfing,82166,NA,NA
ABR911486332793,Trianel Windpark Spreeau GmbH ＆ Co. KG,GmbH & Co. KG,Krefelder Straße,203,Aachen,52070,NA,NA
ABR996870570159,Windpark MR-N GmbH,GmbH,Stephanitorsbollwerk,3,Bremen,28217,NA,NA
ABR981813005836,Windpark Biegen GmbH ＆ Co. KG,GmbH & Co. KG,Stephanitorsbollwerk,3,Bremen,28217,www.wpd.de,NA
ABR937659587982,GSH Green Steam Hürth GmbH,GmbH,Georg-Brauchle-Ring,52-54,München,80992,www.eon.com/business,NA
ABR914931018723,Trianel Windpark Görzig GmbH ＆ Co. KG,GmbH & Co. KG,Krefelder Straße,203,Aachen,52070,NA,NA
ABR952886315849,BEE Kritzow GmbH ＆ Co. KG,GmbH & Co. KG,Jungfernstieg,51,Hamburg,20354,https://www.blueelephantenergy.com/de/,NA
ABR955133866064,Felix Schoeller GmbH ＆ Co. KG,KG,Burg Gretesch,1,Osnabrück,49086,www.felix-schoeller.com,NA
ABR947268688000,Windpark Tellmer GmbH ＆ Co . KG,GmbH & Co. KG,Altenbrückerdamm,5a,Lüneburg,21337,NA,NA
ABR995906584290,Kraftwerk Plattling GmbH,GmbH,Georg-Brauchle-Ring,52-54,München,80992,www.eon.business.com/business,NA
ABR944505379189,Windkraft Neu Kosenow 1 - 4 GmbH ＆ Co. KG,GmbH & Co. KG,Fritschestraße,27 -28,Berlin,10585,NA,NA
ABR963387226053,Windpark Rosskopf GmbH ＆ Co. KG,GmbH & Co. KG,Barbarossastraße,26,Gelnhausen,63571,NA,NA
ABR946242075478,QE Portfolio 1 GmbH ＆ Co. KG,GmbH & Co. KG,Unter den Linden,21,Berlin,10117,https://qualitasenergy.com/de/,NA
ABR926412045777,SWP Stadtwerke Pforzheim,GmbH & Co. KG,Sandweg,22,Pforzheim,75179,www.stadtwerke-pforzheim.de,NA
ABR999125960491,WindStrom Rugendorf GmbH ＆ Co. KG,GmbH & Co. KG,Bahnhofstraße,55,Eggolsheim,91330,www.naturstrom.de,NA
ABR977113935270,FWE Windpark Westerberg K/S,k.s.,Gyngemose Parkvej,50,Søborg,2860,NA,NA
ABR978607233513,Bürgerwindenergie Langenzenn GmbH ＆ Co. KG,GmbH & Co. KG,Neue Straße,17a,Markt Erlbach,91459,www.wust-wind-sonne.de,NA
ABR926772083495,MBBF Windpark Gremersdorf GmbH ＆ Co. Betriebs KG,GmbH & Co. KG,Südfeld,13,Walchum,26907,NA,NA
ABR958220872382,InfraServ GmbH ＆ Co. Gendorf KG,GmbH & Co. KG,Industrieparkstraße,1,Burgkirchen,84508,https://www.infraserv.gendorf.de/,NA
ABR964880140730,Robert Bosch GmbH Schwieberdingen,GmbH,Robert-Bosch-Straße,2,Schwieberdingen,71701,https://www.bosch.de/unternehmen/bosch-in-deutschland/schwieberdingen/,NA
ABR945797162299,Windpark Schlüchtern GmbH,GmbH,Schildescher Straße,16,Bielefeld,33611,NA,NA
ABR964232830579,Renewable Energy Harvest Nine GmbH & Co KG,GmbH & Co. KG,Am Haag,10,Gräfelfing,82166,NA,NA
ABR941894655252,Windpark Badow GmbH ＆ Co. KG,GmbH & Co. KG,Stephanitorsbollwerk,3,Bremen,28217,NA,NA
ABR993127327719,Windpark Cheinitz-Zethlingen GmbH ＆ Co. KG,GmbH & Co. KG,Stephanitorsbollwerk,3,Bremen,28217,http://www.windmanager.de/,NA
ABR942006454374,Windpark Mengeringhausen GmbH ＆ Co. KG,GmbH & Co. KG,Stephanitorsbollwerk,3,Bremen,28217,http://www.windmanager.de/,NA
ABR920728052634,Wattner SunAsset Solarkraftwerk 006 GmbH ＆ Co. KG,GmbH & Co. KG,Hauptstraße,63,Monheim,40789,NA,NA
ABR987873605191,Fernheizwerk Neukölln AG,AG,Weigandufer,49,Berlin,12059,www.fhw-neukoelln.de,NA
ABR925282269528,Wattner SunAsset Solarkraftwerk 046 GmbH ＆ Co. KG,GmbH & Co. KG,Hauptstraße,63,Monheim,40789,NA,NA
ABR950493146467,EWI Mörsfeld GmbH ＆ Co. KG,GmbH & Co. KG,Kapuzinerstraße,9,Rheinfelden,79618,NA,NA
ABR901133994078,Windpark Dahlem GmbH ＆ Co.KG,GmbH & Co. KG,Wertherbrucher Straße,13,Rees,46459,www.dunoair.com,NA
ABR965306173844,Windkraft Ahle GmbH ＆ Co. KG.,GmbH & Co. KG,Ahle,104,Heek,48619,NA,NA
ABR932974218993,Windpark GmbH ＆ Co. Lünne KG,GmbH & Co. KG,Holzweg,87,Aurich,26605,www.alterric.com,NA
ABR906743587054,BVT Windpark Sustrum/Renkenberge GmbH & Co. KG,GmbH & Co. KG,Erna-de-Vries-Platz,7,Lathen,49762,NA,NA
ABR991195295770,Biomasse-Kraftwerk Fechenheim GmbH,GmbH,Alt-Fechenheim,34,Frankfurt,60385,NA,NA
ABR945636717130,Bürgerwind Brechte GmbH ＆ Co. KG,GmbH & Co. KG,Brechte,17,Wettringen,48493,NA,NA
ABR975539904429,Energiepark Ulm GmbH & Co. KG,GmbH & Co. KG,Boschstraße,36,Ulm,89079,NA,NA
ABR974945504704,Windpark Schöppinger Berg GmbH ＆ Co. KG,GmbH & Co. KG,Naendorf,1,Metelen,48629,NA,NA
ABR950874485017,Fernwärmeversorgungs- GmbH Dessau,GmbH,Albrechtstraße,48,Dessau-Roßlau,06844,www.dvv-dessau.de,NA
ABR973341030893,K/S Difko Putlitz V,Sonstige,Merkurvej,1,Herning,7400,NA,NA
ABR939197057361,UGE Siegadel Eins GmbH ＆ Co. KG Umweltgerechte Energie,GmbH & Co. KG,Seesener Straße,10 - 13,Berlin,10709,www.rez-windparks.de,NA
ABR947378931829,UGE Siegadel Drei GmbH ＆ Co. KG Umweltgerechte Energie,GmbH & Co. KG,Seesener Straße,10 - 13,Berlin,10709,www.rez-windparks.de,NA
ABR985598785723,UGE Siegadel Vier GmbH ＆ Co. KG Umweltgerechte Energie,GmbH & Co. KG,Seesener Straße,10-13,Berlin,10709,NA,NA
ABR906515502506,Windkraftanlagen Schöppingen Haverbeck GmbH ＆ Co. KG,GmbH & Co. KG,Münsterstraße,57,Schöppingen,48624,NA,NA
ABR991014625641,MBBF Windpark GmbH ＆ Co. KG,GmbH & Co. KG,Dorfstr.,20a,Lohmen,18276,NA,NA
ABR931009295381,Windpark Breklum GmbH,GmbH,Husumer Straße,51 C,Breklum,25821,NA,NA
ABR943684247036,Gehrlicher GmbH＆Co. Solarpark Rothenburg KG,GmbH & Co. KG,Werner-Heisenberg-Straße,8,Sulzemoos,85254,NA,NA
ABR905012778599,Märkische Windkraft 78 GmbH ＆ Co. KG,GmbH & Co. KG,Fritschestraße,27 -28,Berlin,10585,NA,NA
ABR959037433216,Gehrlicher GmbH ＆ Co. Solarpark Helmeringen KG,GmbH & Co. KG,Werner-Heisenberg-Straße,8,Sulzemoos,85254,NA,NA
ABR977766043292,MVV Umwelt Asset GmbH,GmbH,Otto-Hahn-Straße,1,Mannheim,68169,NA,NA
ABR973249345693,Bürgerwindpark Breklum II GmbH ＆ Co. KG,GmbH & Co. KG,Husumer Straße,51 C,Breklum,25821,NA,NA
ABR979381459151,QE Beppener Bruch GmbH,GmbH,Unter den Linden,21,Berlin,10117,https://qualitasenergy.com/de/,NA
ABR906394435117,Bürgerwindpark Dree Meeden GmbH ＆ Co. KG,GmbH & Co. KG,Cecilienkoog,16,Reußenköge,25821,NA,NA
ABR959624190058,Windpark Bredstedt-Land GmbH,GmbH,Husumer Straße,51 C,Breklum,25821,NA,NA
ABR979853872747,Windpark Struckum GmbH,GmbH,Husumer Straße,51 C,Breklum,25821,NA,NA
ABR910268078089,Windpark Vollstedt GmbH,GmbH,Husumer Straße,51 C,Breklum,25821,NA,NA
ABR995973366256,Windpark Struckum II GmbH ＆ Co. KG,GmbH & Co. KG,Husumer Straße,51 C,Breklum,25821,NA,NA
ABR922593578066,Bürgerwindpark Veer Dörper GmbH ＆ Co. KG,GmbH & Co. KG,Achtern Knick,14,Joldelund,25862,NA,NA
ABR998795907768,LHI SolarWind WP Pritzwalk 2134 GmbH ＆ Co. KG,GmbH & Co. KG,Emil-Riedl-Weg,6,Pullach,82049,NA,NA
ABR945676722651,Solaranlage Hinterste Plan GmbH ＆ Co. KG,GmbH & Co. KG,Am Kanal,NA,Mittenwalde,15749,NA,NA
ABR984986166601,is solarinvestra Finowtower GmbH ＆ Co. KG,GmbH & Co. KG,Sonnenallee,1,Schorfheide,16244,NA,NA
ABR965828348003,Windpark Weinberg GmbH ＆ Co. KG,GmbH & Co. KG,Gregor-Mendel-Straße,24 a,Potsdam,14469,NA,NA
ABR965079021397,Phase 5 GmbH ＆ Co. Lindenberg KG,GmbH & Co. KG,Vielitzer Weg,12,Lindow,16835,www.teut.de,NA
ABR923027889925,Alterric Windpark GmbH ＆ Co. Twist KG,GmbH & Co. KG,Holzweg,87,Aurich,26605,NA,NA
ABR968986594091,Solaranlage Telzer Plan GmbH ＆ Co. KG,GmbH & Co. KG,Am Kanal,NA,Mittenwalde,15749,NA,NA
ABR958475037017,Windpark Saar GmbH ＆ Co. Repower KG,GmbH & Co. KG,Schulstraße,60,Freisen,66629,NA,NA
ABR909466876931,FWE Windpark Wulfshagen GmbH ＆ Co. KG,GmbH & Co. KG,Straße des Friedens,34c,Teuchern,06682,NA,NA
ABR932993160914,ZWEITE Invest-Wind Waldrach GmbH ＆ Co. KG,GmbH & Co. KG,Feller Straße,16 A,Waldrach,54320,www.invest-wind.de,NA
ABR994099364566,AVA Abfallverwertung Augsburg Kommunalunternehmen,Anstalt des öffentlichen Rechts,Am Mittleren Moos,60,Augsburg,86167,www.ava-augsburg.de,NA
ABR931263225650,Windpark Wybelsumer Polder GmbH ＆ Co. KG,GmbH & Co. KG,Schweckendieckplatz,5,Emden,26721,www.wwp-emden.de,NA
ABR926414915979,ENOVA Windpark Ganzer GmbH ＆ Co. KG,GmbH & Co. KG,Steinhausstraße,112,Bunde,26831,NA,NA
ABR998597997875,ENOVA Windpark Asendorfer Kippe GmbH ＆ Co. KG,GmbH & Co. KG,Steinhausstraße,112,Bunde,26831,http://www.windmanager.de/,NA
ABR924167570773,Schulenburg GmbH ＆ Co. KG,GmbH & Co. KG,Stephanitorsbollwerk,3,Bremen,28217,http://www.windmanager.de/,NA
ABR937511219365,SWS Windpark Dinkelsbühl GmbH ＆ Co. KG,GmbH & Co. KG,Kesselstraße,21-23,Stuttgart,70327,NA,NA
ABR921824901444,1. Stadtwerke Bielefeld Wind GmbH ＆ Co. KG,GmbH & Co. KG,Schildescher Straße,16,Bielefeld,33611,NA,NA
ABR937505471571,BES Langenreichenbach GmbH ＆ Co. KG,GmbH & Co. KG,Heinrich-Leggewie-Straße,5,Dülmen,48249,NA,NA
ABR940788784481,DFS Energy GmbH,GmbH,Am DFS-Campus,10,Langen,63225,NA,NA
ABR952599367531,Windpark Ostwestfalen GmbH ＆ Co. KG,GmbH & Co. KG,Berliner Straße,260,Gütersloh,33330,NA,NA
ABR921213385473,BES Bennewitz GmbH ＆ Co. KG,GmbH & Co. KG,Heinrich-Leggewie-Straße,5 ,Dülmen,48249,NA,NA
ABR976700826632,BES Groitzsch GmbH＆ Co. KG,GmbH & Co. KG,Heinrich-Leggewie-Straße,5 ,Dülmen,48249,NA,NA
ABR937586161538,SWS Windpark Lieskau II GmbH ＆ Co. KG,GmbH & Co. KG,Kesselstraße,21-23,Stuttgart,70327,NA,NA
ABR981952312512,Phase 5 GmbH ＆ Co. Windkraft I KG,GmbH & Co. KG,Vielitzer Weg,12,Lindow,16835,www.teut.de,NA
ABR986380459563,enercity Windpark Schipkau GmbH ＆ Co. KG,GmbH & Co. KG,Markt,17,Klettwitz,01998,NA,NA
ABR983703210207,Windpark Börde-Bodetal GmbH ＆ Co. Betriebs-KG,GmbH & Co. KG,Bauernwinkel,1,Ausleben,39393,NA,NA
ABR985831711786,Onshore Wind Kemnitz-Sarnow GmbH ＆ Co. KG,GmbH & Co. KG,Klettenbergstraße,12,Frankfurt,60322,NA,NA
ABR916109778477,WINDEX GmbH ＆ Co. KG,GmbH & Co. KG,Meierberger Straße,18a,Extertal,32699,NA,NA
ABR986461325329,Windfarm Wonnegau Infra GmbH ＆ Co.KG,GmbH & Co. KG,Untere Grabenstraße,25 A,Gundersheim,67598,NA,NA
ABR940534828872,ENERCON Windpark GmbH ＆ Co. Strauch-Michelshof KG,GmbH & Co. KG,Rathausplatz,1,Simmerath,52152,NA,NA
ABR950189137090,Windpark Plötzkau GmbH ＆ Co. Betriebs KG,GmbH & Co. KG,Hauptstraße,25,Plötzkau,06425,NA,NA
ABR936345454966,Windpark Blaue Warthe II GmbH ＆ Co. Betriebs-KG,GmbH & Co. KG,Emmy-Noether-Straße,17,Itzehoe,25524,NA,NA
ABR928515517588,Phase 5 GmbH ＆ Co. Pinnow 1 KG,GmbH & Co. KG,Vielitzer Weg,12,Lindow,16835,www.teut.de,NA
ABR989791278884,Knauf Insulation GmbH,GmbH,Weststraße,1,Bernburg,06406,NA,NA
ABR972848667151,Windpark Barrien GmbH ＆ Co. Betriebs KG,GmbH & Co. KG,Krusenberg,11,Syke,28857,NA,NA
ABR986962635385,Erneuerbare Energien Teetzleben GmbH ＆ Co.KG,GmbH & Co. KG,Carl-Hopp-Str.,4 b,Rostock,18069,NA,NA
ABR912002444679,Atruvia AG,AG,Fiduciastraße,20,Karlsruhe,76227,NA,NA
ABR941130139591,C. & A. Veltins GmbH & Co. KG,GmbH & Co. KG,An der Streue,NA,Meschede,59872,www.veltins.de,NA
ABR927606402918,ReTec Zweite Betriebs UG (haftungsbeschränkt) ＆ Co. KG,UG (haftungsbeschränkt) & Co. KG,Lehmweg,17,Hamburg,20251,NA,NA
ABR961291204969,Windpark Hohenseefeld II GmbH ＆ Co. KG,GmbH & Co. KG,Bismarker Straße,12,Osterburg,39606,NA,NA
ABR928076830188,Windstrom Waldrach GmbH,GmbH,Feller Straße,16 A,Waldrach,54320,NA,NA
ABR937388984304,Alterric Windpark GmbH ＆ Co. Erftstadt KG,GmbH & Co. KG,Holzweg,87,Aurich,26605,NA,NA
ABR938920342446,SW Windkraft Speyer Hatzenbühl GmbH ＆ Co. KG,GmbH & Co. KG,Am Bildstöckel,14,Hatzenbühl,76770,NA,NA
ABR900121894048,Mitsubishi HiTec Paper Europe GmbH,GmbH,Niedernholz,23,Bielefeld,33699,www.mitsubishi-paper.com,NA
ABR922907721966,Coulomb GmbH,GmbH,St.-Cajetan-Straße,43,München,81669,NA,NA
ABR929343963066,Windpark Hangen-Weisheim GmbH ＆ Co. KG,GmbH & Co. KG,Energie-Allee,1,Wörrstadt,55286,NA,NA
ABR990220683117,Windpark Veldenz GmbH ＆ Co. KG,GmbH & Co. KG,Energie-Allee,1,Wörrstadt,55286,NA,NA
ABR943911488447,Windpark Wörrstadt-Ost GmbH ＆ Co. KG,GmbH & Co. KG,Energie-Allee,1,Wörrstadt,55286,NA,NA
ABR987947672791,Windpark Hamersen GmbH ＆ Co. KG,GmbH & Co. KG,Warfer Landstraße,54,Bremen,28357,NA,NA
ABR915717637091,Bürgerwindpark Niebüll GmbH ＆ Co. KG,GmbH & Co. KG,Gotteskoogstraße,41,Niebüll,25899,NA,NA
ABR970041037054,Pfleiderer Gütersloh GmbH,GmbH,Ingolstädter Straße,51,Neumarkt,92318,NA,Pfleiderer
ABR983161139829,MLK Windpark Jacobsdorf Nr. 54 GmbH ＆ Co. KG,GmbH & Co. KG,Lichtenberger Weg,4,Jacobsdorf,15236,NA,NA
ABR934170558088,Windpark Bärfang GmbH ＆ Co. KG,GmbH & Co. KG,Holzweg,87,Aurich,26605,www.alterric.com,NA
ABR999700015523,Windpark Schülp Groth Hagge ＆ Co.,AG,Am Kamp,10,Wöhrden,25797,NA,NA
ABR986958781706,Woltersdorf Netz GbR,GbR,Ochsenwerder Landscheideweg,264 b,Hamburg,21037,NA,NA
ABR906318922495,Höhenwalde K/S,Sonstige,Tysklandsvej,7,Vejle,7100,www.vkadministration.dk,NA
ABR929250151532,Bürgerenergie Windpark auf der Galgenhöh GmbH＆ Co. KG,GmbH & Co. KG,Straße am Zeltplatz,7,Ostseebad Rerik,18230,NA,NA
ABR962386086460,Julius Glatz,GmbH,Staatsstraße,37-41,Neidenfels,67468,www.glatz.de,NA
ABR909200199135,Bad Pyrmont Windkraft,GmbH & Co. KG,Schwarze Twete,4,Lemgo,32657,NA,NA
ABR966546962809,Windpark GmbH ＆ Co. Schinne I KG,GmbH & Co. KG,Holzweg,87,Aurich,26605,NA,NA
ABR939826000522,Windpark Hoort 2 GmbH ＆ Co. KG,GmbH & Co. KG,Hauptstr.,24,Hoort,19230,NA,NA
ABR934679944146,Energiequelle GmbH ＆ Co. Windpark Feldheim KG,GmbH & Co. KG,Lindenstraße,11,Treuenbrietzen,14929,NA,NA
ABR941257800664,Nord-Ostsee Energiepark GmbH ＆ Co. KG,GmbH & Co. KG,Bollingstedter Straße,22,Langstedt,24852,NA,NA
ABR923669280401,UGE Drosa-Kleeste GmbH ＆ Co. KG Umweltgerechte Energie,GmbH & Co. KG,Dorfstr.,20 a,Lohmen,18276,NA,NA
ABR932469004940,UGE Großneuhausen GmbH ＆ Co. KG Umweltgerechte Energie,GmbH & Co. KG,Dammtorstraße,1,Hamburg,20354,www.windpunx.com,NA
ABR970547008503,LHI SolarWind WP Bad Saulgau 2467 GmbH ＆ Co. KG,GmbH & Co. KG,Emil-Riedl-Weg,6,Pullach,82049,https://www.lhi.de/de,NA
ABR982975307769,Windpark Gerbstedt Repowering GmbH ＆ Co. KG,GmbH & Co. KG,Stephanitorsbollwerk,3,Bremen,28217,NA,NA
ABR940807958237,Windpark Mittelstenahe GmbH ＆ Co. Betriebs-KG,GmbH & Co. KG,Mühlenweg,1,Stinstedt,21772,NA,NA
ABR907848921200,Windpark Achim-Bollen GmbH ＆ Co. KG,GmbH & Co. KG,Stephanitorsbollwerk,3,Bremen,28217,NA,NA
ABR964108229995,Windpark Bördeblick GmbH ＆ Co. Betriebs-KG,GmbH & Co. KG,Hauptstraße,44,Zossen,15806,NA,NA
ABR920000488434,Bürgerwindpark Janneby eG,eG,Eggebeker Weg,5,Janneby,24992,NA,NA
ABR992331285471,e-regio GmbH ＆ Co. KG,GmbH & Co. KG,Rheinbacher Weg,10,Euskirchen,53881,NA,NA
ABR996719889077,GreenForce Windpark Fuchsstadt GmbH & Co. KG,GmbH & Co. KG,Schwanthalerstraße,75 a,München,80336,NA,NA
ABR996025035908,RRKW Feldheim GmbH ＆ Co. KG,GmbH & Co. KG,Hauptstraße,44,Zossen,15806,NA,NA
ABR933366447151,Schütz GmbH ＆ Co. KGaA,GmbH & Co. KGaA,Schützstraße,12,Selters,56242,www.schuetz.net,NA
ABR974140391505,Mercer Stendal GmbH,GmbH,Goldbecker Straße,1,Arneburg,39596,www.zellstoff-stendal.de,Mercer International
ABR965143539896,Trave Erneuerbare Energien GmbH ＆ Co. KG,GmbH & Co. KG,Geniner Straße,80 ,Lübeck,23560,NA,NA
ABR902269147826,Windpark Krumstedter Viert GmbH ＆ Co. KG,GmbH & Co. KG,Hauptstraße,20,Krumstedt,25727,NA,NA
ABR917380073602,Trebelwind GmbH,GmbH,Schloßweg,3,Süderholz,18516,NA,NA
ABR923644060912,Windpark Großenehrich GmbH ＆ Co. KG Renditefonds,GmbH & Co. KG,Dorfstraße,1,Egeln,39435,http://www.windmanager.de,NA
ABR902115819686,SPP 1 Solar Invest 12 GmbH ＆ Co. KG,GmbH & Co. KG,Kirchenpauerstr.,26,Hamburg,20457,NA,NA
ABR903903714206,Stadtwerke Lichtenau GmbH,GmbH,Leihbühl,21,Lichtenau,33165,www.stadtwerke-lichtenau.de,NA
ABR966549035111,Alterric Windpark GmbH ＆ Co. Passat I KG,GmbH & Co. KG,Holzweg,87,Aurich,26605,NA,NA
ABR941403543803,Strom aus Wind GmbH ＆ Co. Mühle Zehn KG,GmbH & Co. KG,Friedrich-Rumpf-Straße,18,Wustermark,14641,NA,NA
ABR967862306308,Sonae Arauco Beeskow GmbH,GmbH,Radinkendorfer Straße,71,Beeskow,15848,NA,NA
ABR906900076605,Ludwig GbR.,GbR,Masbrok,10,Ahlen,59229,NA,NA
ABR959674653893,Windpark Dornumergrode GmbH ＆ Co. KG,GmbH & Co. KG,Störtebekerstraße,100,Dornum,26553,NA,NA
ABR919509555006,NxW Schweskau GmbH,GmbH,Trabuhn,47,Lemgow,29485,https://www.nextwind.de/de,NA
ABR943085012868,FP Lux Solar GmbH ＆ Co. Barth KG,GmbH & Co. KG,Hölzern-Kreuz-Weg,11,Barth,18356,NA,NA
ABR908761557323,Windpark Jeetze-Kahrstedt GmbH ＆ Co. KG,GmbH & Co. KG,Bismarker Straße,12,Osterburg,39606,http://www.windmanager.de,NA
ABR984461323741,pfalzwind GmbH,GmbH,Wredestraße,35,Ludwigshafen,67059,NA,NA
ABR902783160172,Zweckverband Müllverwertung Schwandorf,Körperschaft des öffentlichen Rechts,Alustraße,7,Schwandorf,92421,www.z-m-s.de,NA
ABR920856633439,Windpark Storbeck GmbH ＆ Co. KG,GmbH & Co. KG,Bismarker Straße,12,Osterburg,39606,http://www.windmanager.de,NA
ABR968022255818,Wulfelade Windenergieanlagen GmbH ＆ Co. KG,GmbH & Co. KG,Hakenstraße,20,Osnabrück,49074,NA,NA
ABR969014127779,Windpark Wersche GmbH ＆ Co. KG,GmbH & Co. KG,Frettholt,19,Legden,48739,NA,NA
ABR984970176326,Alterric Windpark GmbH ＆ Co. Passat III KG,GmbH & Co. KG,Holzweg,87,Aurich,26605,NA,NA
ABR929490364426,Mercer Rosenthal GmbH,GmbH,Hauptstraße,16,Rosenthal,07366,www.zpr.de,Mercer International
ABR974391516771,Niedernstöcken Windenergieanlagen UG (haftungsbeschränkt) ＆ Co. KG,UG (haftungsbeschränkt) & Co. KG,Hakenstraße,20,Osnabrück,49074,NA,NA
ABR922037898835,KMW Windpark Heßloch GmbH ＆ Co. KG,GmbH & Co. KG,Kraftwerkallee,1,Mainz,55120,NA,NA
ABR972423483077,CEE Windpark Waldfeucht GmbH ＆ Co. KG,GmbH & Co. KG,Eichenweg,35,Rotenburg,27356,NA,NA
ABR901061041783,B+T Energie GmbH,GmbH,Ernst-Diegel-Straße,4,Alsfeld,36304,www.bt-umwelt.de,NA
ABR937695609075,Köpnick ＆ Preißler oHG,oHG,Am Binnenhafen,54,Husum,25813,NA,NA
ABR983026628710,EDI Windpark GmbH,GmbH,Alte Wieke,6,Ihlow,26632,NA,NA
ABR990087272745,ENGIE Windpark Portfolio 2 GmbH,GmbH,Ella-Barowsky-Straße,44,Berlin,10829,https://www.engie-deutschland.de/,ENGIE
ABR913776064681,Solarkraftwerk Barderup GmbH ＆ Co. KG,GmbH & Co. KG,Frörup-Mühle,1,Oeversee,24988,NA,NA
ABR968299612550,Daimler Truck AG,AG,Fasanenweg,NA,Leinfelden-Echterdingen,70771,https://www.daimler.com/de/,NA
ABR977929803824,Dolleruper Bürgerwindpark GmbH ＆ Co. KG,GmbH & Co. KG,Am Dorfplatz,2,Dollerup,24989,NA,NA
ABR950952868435,Windgesellschaft Westerwischer GmbH ＆ Co. KG,GmbH & Co. KG,Schwalbenweg,5,Lütetsburg,26524,ee-claashen.de,NA
ABR952939149520,FP Lux Solar GmbH ＆ Co. Güstrow KG,GmbH & Co. KG,Markt,1,Güstrow,18273,NA,NA
ABR962309460582,Altenbruch Wind Repowering GmbH,GmbH,Otto-Hahn-Straße,NA,Husum,25813,NA,NA
ABR937350878372,INEOS SOLVENTS GERMANY GMBH,GmbH,Römerstraße,733 ,Moers,47443,ineos-solvents.de,NA
ABR959222682795,Köhlen Wind GmbH,GmbH,Otto-Hahn-Straße,NA,Husum,25813,NA,NA
ABR902622244186,Bürgerwindpark Sailershäuser Wald GmbH ＆ Co. KG,GmbH & Co. KG,Augsfelder Straße,6,Haßfurt,97437,www.planet-energy.de,NA
ABR954609267824,ESK Solarenergie GmbH＆Co.KG,GmbH & Co. KG,Petzenbach,1,Eichendorf,94428,NA,NA
ABR963150956514,JS Energiepark Groß Godems GmbH ＆ Co. KG,GmbH & Co. KG,Nordhackstedter Straße,8,Hörup,24980,NA,NA
ABR934160128444,Bürger Windpark Trendelburg GmbH ＆ Co. KG,GmbH & Co. KG,Landfurt,1,Warburg,34414,www.naturstrom.de,NA
ABR984310879900,NxW Lübbow Bösel GmbH,GmbH,Salzwedeler Straße,28,Lübbow,29488,https://www.nextwind.de/de,NA
ABR931357329486,Windpark Dammfleth-Hochfeld GmbH ＆ Co. KG,GmbH & Co. KG,Marktstraat,31,Langenhorn,25842,NA,NA
ABR949972975438,Henkel AG ＆ Co. KGaA,AG & Co. KGaA,Henkelstraße,67,Düsseldorf,40589,Henkel.de,NA
ABR986075661950,WB Energy 10 GmbH ＆ Co. KG,GmbH & Co. KG,Marktplatz,1,Neubrandenburg,17033,NA,NA
ABR984859832022,Windpark Jänickendorfer Heide GmbH ＆ Co. KG,GmbH & Co. KG,Holzweg,87,Aurich,26605,www.alterric.com,NA
ABR989976647573,Bürgerwind Mönkeberg GmbH ＆ Co.KG,GmbH & Co. KG,Altenbekener Straße,176,Horn-Bad Meinberg,32805,NA,NA
ABR975494419433,Houverather Windenergieanlage Nr. 1 GmbH ＆ Co. KG,GmbH & Co. KG,In Tenholt,33,Erkelenz,41812,NA,NA
ABR932466529040,FP Lux Solar GmbH ＆ Co. Jännersdorf KG,GmbH & Co. KG,Jännersdorfer Ring,34,Marienfließ,16945,NA,NA
ABR985094364668,Windpark Walsleben-Goldbeck GmbH ＆ Co. KG,GmbH & Co. KG,Bismarker Straße,12,Osterburg,39606,http://www.windmanager.de,NA
ABR963440425799,WEA Wind-Energie-Anlagen GmbH,GmbH,Fischerweg,6,Hellschen-Heringsand-Unterschaar,25764,NA,NA
ABR948372934199,Windpark Stoffeng Nord GmbH ＆ Co. KG,GmbH & Co. KG,Westerhof,NA,Schafflund,24980,NA,NA
ABR933639176153,FP Lux Solar GmbH ＆ Co. Königsbrück KG,GmbH & Co. KG,Hoyerswerdaer Straße,1,Königsbrück,01936,NA,NA
ABR927713344835,Windpark Oldenswort-Moordeich GmbH ＆ Co. KG,GmbH & Co. KG,Moordeich,6,Oldenswort,25870,NA,NA
ABR921579067938,FP Lux Solar GmbH ＆ Co. Köthen KG,GmbH & Co. KG,Feldstraße (Baasdorf),5,Baasdorf,06388,NA,NA
ABR940445484655,Windpark Oldendorf-Kuhla GmbH ＆ Co. KG,GmbH & Co. KG,Stephanitorsbollwerk,3,Bremen,28217,http://www.windmanager.de,NA
ABR904226410349,Stadt Kandern,Anstalt des öffentlichen Rechts,Waldeckstraße,39,Kandern,79400,www.kandern.de,NA
ABR929483516191,Civis Ventus GmbH ＆ Co. KG II,GmbH & Co. KG,Vattmannstraße,6,Paderborn,33100,NA,NA
ABR918399699449,MLK Brandenburg Windpark Entwicklungs GmbH ＆ Co. KG,GmbH & Co. KG,Lichtenberger Weg,4,Jacobsdorf,15236,www.rez-windparks.de,NA
ABR903459933366,Sappi Ehingen GmbH,GmbH,Biberacher Straße,73,Ehingen,89584,NA,Sappi
ABR930336000781,KMW Windpark Dingen GmbH ＆ Co. KG,GmbH & Co. KG,Kraftwerkallee,1,Mainz,55120,NA,NA
ABR929180763010,Windpark Falkenhagen Wilhelmshof GmbH ＆ Co. KG,GmbH & Co. KG,Windmühlenberg,NA,Sehestedt,24814,NA,NA
ABR941968821934,SUN:BAR Photovoltaik Barnim GmbH,GmbH,Ostender Höhen,70,Eberswalde,16225,NA,NA
ABR955790110906,FP Lux Wind GmbH ＆ Co. Handewitt KG,GmbH & Co. KG,Beekstraße,5,Harmstorf,21228,NA,NA
ABR986646979026,FP Lux Wind GmbH ＆ Co. Uthlede KG,GmbH & Co. KG,Stresemannstraße,46,Bremerhaven,27570,NA,NA
ABR925290744963,FP Lux Wind GmbH ＆ Co. Kürrenberg KG,GmbH & Co. KG,Beekstraße,5,Harmstorf,21228,NA,NA
ABR915934031122,FP Lux Wind GmbH ＆ Co. Zagelsdorf KG,GmbH & Co. KG,Hauptstraße,44,Zossen,15806,NA,NA
ABR960820635427,FP Lux Wind GmbH ＆ Co. Sandbostel KG,GmbH & Co. KG,Beekstraße,5,Harmstorf,21228,NA,NA
ABR908518924590,Solarpark Delphinus GmbH ＆ Co. KG,GmbH & Co. KG,Sonnenallee,1,Schorfheide,16244,rc-partners.de,NA
ABR974859644893,Windpark Rödingen GmbH ＆ Co. KG,GmbH & Co. KG,Marienstraße,7,Viersen,41751,NA,NA
ABR987083641507,FP Lux Wind GmbH ＆ Co. Feldheim V KG,GmbH & Co. KG,Hauptstraße,44,Zossen,15806,NA,NA
ABR924726677905,FP Lux Wind GmbH ＆ Co. Ruhlsdorf KG,GmbH & Co. KG,Beekstraße,5,Harmstorf,21228,NA,NA
ABR980159584173,ENTEGA Windpark Hausfirste II GmbH,GmbH,Frankfurter Straße,110,Darmstadt,64293,NA,NA
ABR909620308292,Briloner Hochfläche Wind GmbH ＆ Co. KG,GmbH & Co. KG,Wülfter Straße,7,Brilon,59929,NA,NA
ABR919652148643,FP Lux Wind GmbH ＆ Co. Siegadel KG,GmbH & Co. KG,Beekstraße,5,Harmstorf,21228,NA,NA
ABR910179677043,FP Lux Wind GmbH ＆ Co. Dahlem KG,GmbH & Co. KG,Hauptstraße,23,Dahlem,53949,NA,NA
ABR983870391075,Windpark Gölenkamp-Haftenkamp GmbH ＆ Co. KG,GmbH & Co. KG,Hesinger Straße,28,Uelsen,49843,ee-claashen.de,NA
ABR922147321766,NxW Spremberg GmbH ＆ Co. KG,GmbH & Co. KG,Kantstraße,164,Berlin,10623,https://www.nextwind.de/de,NA
ABR991350527937,New Energy GmbH ＆ Co.KG Windpark Bleiwäsche I,GmbH & Co. KG,Endersbacher Straße,65,Stuttgart,70374,NA,NA
ABR965866601481,Windenergie Osterburg,GmbH & Co. KG,Ballerstedter Straße (Osterb.),61,Osterburg,39606,www.fefa-wind.de,NA
ABR922579042741,Bürgerwindpark Stelle-Wittenwurth GmbH ＆ Co. KG,GmbH & Co. KG,Bundesstraße 5,2,Stelle-Wittenwurth,25795,NA,NA
ABR969781086545,Bürgerwindpark Wanderup GmbH ＆ Co.KG,GmbH & Co. KG,Flensburger Straße,9,Wanderup,24997,NA,NA
ABR928229484398,Windpark Wanderup West GmbH ＆ Co.KG,GmbH & Co. KG,An der Linnau,11,Wanderup,24997,NA,NA
ABR989221271799,Windpark Renkenberge-Nord GmbH ＆ Co. KG,GmbH & Co. KG,Erna-de-Vries-Platz,7,Lathen,49762,NA,NA
ABR929281724965,EBE Holzheizkraftwerk GmbH,GmbH,Leerer Landstraße,72,Aurich,26603,NA,NA
ABR989934150039,Windpark Gölenkamp-Wilsum GmbH ＆ Co. KG,GmbH & Co. KG,Hesinger Straße,28,Uelsen,49843,ee-claashen.de,NA
ABR982099896958,Win Tec Windpark GmbH ＆ Co Fiefbergen Erste Betriebs KG,GmbH & Co. KG,Moordeich,6,Oldenswort,25870,NA,NA
ABR963072648566,Gemeinde Bad Endbach,Körperschaft des öffentlichen Rechts,Herborner Straße,1,Bad Endbach,35080,https://www.bad-endbach.de,NA
ABR965911356311,Windpark Büren Infrastruktur GbR,GbR,Wilhelmshavener Heerstraße,244,Oldenburg,26125,NA,NA
ABR974145340584,Windpark Borsum GmbH ＆ Co. KG,GmbH & Co. KG,Industriestraße,2,Rhede,26899,NA,NA
ABR911596071506,Windpark Parchim Fünf GmbH ＆ Co. KG,GmbH & Co. KG,Mercedesstraße,6,Düsseldorf,40470,NA,NA
ABR981032906532,Windpark Lahn-Dill-Bergland-Mitte GmbH,GmbH,Herborner Straße,1,Bad Endbach,35080,NA,NA
ABR915203006998,LES Nordwest-Wind 1 GmbH ＆ Co.KG,GmbH & Co. KG,Mansholter Straße,30,Wiefelstede,26215,NA,NA
ABR914612944655,Max Bögl Windpower Winnberg GmbH ＆ Co. KG,GmbH & Co. KG,Max-Bögl-Straße,1,Sengenthal,92369,NA,NA
ABR995380734792,RoSa Wind GmbH Co. KG,GmbH & Co. KG,Viert,2,Bendorf,25557,www.windstrom.de,NA
ABR923388587713,P ＆ T Windpark Bokel/Ellerdorf GmbH ＆ Co. Betriebs-KG Renditefonds,GmbH & Co. KG,Dorfstraße,1,Egeln,39435,http://www.windmanager.de,NA
ABR981064215428,Steffen Stecher e.K.,e.K.,Daniel-Wilhelm-Beck-Straße,7,Döbeln,04720,NA,NA
ABR927082206420,Windpark Osterrade 1. Beteiligungs GmbH ＆ Co.KG,GmbH & Co. KG,Industriestraße,14,Husum,25813,NA,NA
ABR990364309096,Windpark Osterrade Beteiligungs GmbH ＆ Co. KG,GmbH & Co. KG,Industriestraße,14,Husum,25813,NA,NA
ABR954394946737,Windpark Grevenkop GmbH ＆ Co. Kommanditgesellschaft,GmbH & Co. KG,Hauptstraße,24,Grevenkop,25361,NA,NA
ABR994037873556,Windpark Grevenkop West GmbH ＆ Co. KG,GmbH & Co. KG,Hauptstraße,9,Grevenkop,25361,NA,NA
ABR901629362855,Bürgerwindpark Neuenbrook GmbH ＆ Co. KG,GmbH & Co. KG,Hauptstraße,12,Neuenbrook,25578,NA,NA
ABR996238141113,Planungsgemeinschaft Hassel,GmbH,Zum Breikedahl,12,Lichtenau,33165,NA,NA
ABR919878331713,Landwind N-W GmbH ＆ Co. KG,GmbH & Co. KG,Dorfstr.,13,Neuengörs,23818,NA,NA
ABR952519322657,Windwaerts Davendis GmbH ＆ Co. Projekt Altbokhorst KG,KG,Altbokhorst,1,Schillsdorf,24637,ING-HOLST.COM,NA
ABR959129895748,Solarparc Deutschland I GmbH ＆ Co. KG,GmbH & Co. KG,Zum Liebeneck,12,Greding,91171,NA,NA
ABR949774759199,Windpark Schwanebeck Betriebs GmbH ＆ Co. KG,GmbH & Co. KG,Emmy-Noether-Straße,17,Itzehoe,25524,NA,NA
ABR937699941003,Windpark Hillgroven GmbH,GmbH,Zwischen den Bergen,6,Hillgroven,25764,NA,NA
ABR970221746509,Windpark GmbH ＆ Co. Heringen-Waltersberg KG,GmbH & Co. KG,Von-Werth-Str.,9,Köln,50670,NA,NA
ABR991034293844,Windpark GmbH ＆ Co. Niederwerbig KG,GmbH & Co. KG,Holzweg,87,Aurich,26605,www.alterric.com,NA
ABR903367884460,Schloßgattendorf Wind GmbH ＆ Co. KG,GmbH & Co. KG,Marktplatz,2,Babenhausen,87727,www.vensol.de,NA
ABR929819744946,Windpark Uetze GmbH ＆ Co. KG,GmbH & Co. KG,Am Torfstich,11,Edemissen,31234,www.windstrom.de,NA
ABR965245086700,Bürgerwindpark im Kirchspiel Medelby GmbH ＆ Co. KG,GmbH & Co. KG,Hauptstraße,45,Medelby,24994,www.bw-medelby.de,NA
ABR966854615398,Bürgerwindpark Hünfeldener Wald GmbH Co. KG,GmbH & Co. KG,Le Thillay-Platz,NA,Hünfelden,65597,www.naturstrom.de,NA
ABR936797696082,Bürgerwindenergie Großbardorf-Sulzfeld GmbH ＆ Co. KG,GmbH & Co. KG,Neue Straße,17 a,Markt Erlbach,91459,www.wust-wind-sonne.de,NA
ABR970480654287,Bürgerwindenergie Lonnerstadt GmbH ＆ Co. KG,GmbH & Co. KG,Hauptstraße,8,Lonnerstadt,91475,www.wust-wind-sonne.de,NA
ABR994346825284,Bürgerwindenergie Mühlhausen GmbH ＆ Co. KG,GmbH & Co. KG,Hauptstraße,2,Mühlhausen,96172,www.wust-wind-sonne.de,NA
ABR956302105038,Windenergie Retzstadt GmbH ＆ Co. KG,GmbH & Co. KG,Rathausplatz,5,Retzstadt,97282,www.wust-wind-sonne.de,NA
ABR975963028036,Ecowerk Windpark Framersheim GmbH ＆ Co. KG,GmbH & Co. KG,Eisenhutstraße,6,Tübingen,72072,https://www.swtue.de/energie/strom/erneuerbare-energien.html,NA
ABR920369346734,Ecowerk Windpark Ellwanger Berge GmbH ＆ Co. KG,GmbH & Co. KG,Eisenhutstraße,6,Tübingen,72072,https://www.swtue.de/energie/strom/erneuerbare-energien.html,NA
ABR903605495267,Windpark Dubener Platte GmbH ＆ Co. KG,GmbH & Co. KG,Goethestraße,4,Freiburg,79100,NA,NA
ABR992482958101,Windpark Amtenhauser Berg GmbH ＆ Co. KG,GmbH & Co. KG,Eisenhutstraße,6,Tübingen,72072,https://www.swtue.de/energie/strom/erneuerbare-energien.html,NA
ABR976835710899,Windpark Großberndten GmbH ＆ Co. KG c/o Das Grüne Emissionshaus,GmbH & Co. KG,Goethestraße,4,Freiburg,79100,NA,NA
ABR952781187152,Windpark Jatzke GmbH ＆ Co. KG,GmbH & Co. KG,Goethestraße,4,Freiburg,79100,NA,NA
ABR970479247216,Windpark Kantow GmbH ＆ Co. KG,GmbH & Co. KG,Goethestraße,4,Freiburg,79100,NA,NA
ABR991980663906,MS Megawatt Verwaltungs GmbH,GmbH,Zur Egge,29,Lichtenau,33165,NA,NA
ABR944776271939,AEZ Planungs GmbH ＆ Co. KG,GmbH & Co. KG,Straße des Friedens,34c,Teuchern,06682,NA,NA
ABR961578176262,Windpark Schonungen GmbH ＆ Co. KG,GmbH & Co. KG,Schallfelder Straße,11,Lülsfeld,97511,NA,NA
ABR900863426569,Windpark GmbH ＆ Co. Ennigerloh KG,GmbH & Co. KG,Holzweg,87,Aurich,26605,www.alterric.com,NA
ABR953438743905,Großräschen Wind GmbH,GmbH,Otto-Hahn-Straße,12 - 16,Husum,25813,NA,NA
ABR908169241701,H＆R Chemisch Pharmazeutische Spezialitäten GmbH,GmbH,Neuenkirchener Straße,8,Salzbergen,48499,NA,NA
ABR969546929902,ewz Windpark Dörmte GmbH,GmbH,Lohnerhofstrasse,2,Konstanz,78467,NA,NA
ABR929739338553,CEE Energiepark Gielert GmbH ＆ Co. KG,GmbH & Co. KG,Eichenweg,35,Rotenburg,27356,NA,NA
ABR978332634203,Wind-Power GmbH ＆ Co. Repowering X KG,GmbH & Co. KG,Meierkamp,3,Hohenhameln,31249,NA,NA
ABR972427515736,USW Umspannwerk Windpark Lingen Ochsenbruch GmbH ＆ Co. KG,GmbH & Co. KG,Waldstraße,31,Lingen,49808,NA,NA
ABR998546411490,Windkraft Iserloy,GmbH & Co. KG,Stedinger Weg,64,Dötlingen,27801,NA,NA
ABR989661381034,"Windpark ""Am Saubusch"" GmbH ＆ Co. KG",GmbH & Co. KG,Goethestraße,4,Freiburg,79100,NA,NA
ABR964392721786,ENOVA Windpark Midlum GmbH ＆ Co. KG,GmbH & Co. KG,Steinhausstraße,112,Bunde,26831,www.enova.de,NA
ABR914829576557,Windpark Wetzdorf GmbH ＆ Co. KG c/o Das Grüne Emissionshaus GmbH,GmbH & Co. KG,Goethestraße,4,Freiburg,79100,NA,NA
ABR946949044753,Loccumer Windparkbetriebsgesellschaft mit beschränkter Haftung,GmbH,Holzweg,87,Aurich,26605,NA,NA
ABR997596827763,Windpark Alt Bennebek GmbH ＆ Co. KG,GmbH & Co. KG,Stephanitorsbollwerk,3,Bremen,28217,http://www.windmanager.de/,NA
ABR904578433768,Windpark Zwischenbergen GmbH ＆ Co. KG,GmbH & Co. KG,Holzweg,87,Aurich,26605,www.alterric.com,NA
ABR945970298180,BW Hopsten GmbH ＆ Co. KG,GmbH & Co. KG,Oststr.,1,Hopsten,48496,NA,NA
ABR968573702113,SWK Stadtwerke Kaiserslautern Versorgungs-AG,AG,Karcherstraße,28,Kaiserslautern,67655,swk-kl.de,NA
ABR949572880835,Maxauer Papierfarbik GmbH,GmbH,Mitscherlichstraße,NA,Karlsruhe,76187,www.maxauer-papierfabrik.com,NA
ABR973951537799,EGF Energiegesellschaft Fürfeld GmbHCoKG,GmbH & Co. KG,Kreuznacher Straße,24,Fürfeld,55546,NA,NA
ABR973576532803,REG Regenerative Energien Standortentwicklung GmbH ＆ Co. Beverstedt KG,GmbH & Co. KG,Holzweg,87,Aurich,26605,www.alterric.com,NA
ABR970878366167,Alterric Windpark GmbH ＆ Co. Deblinghausen KG,GmbH & Co. KG,Holzweg,87,Aurich,26605,www.alterric.com,NA
ABR914821989768,ewz Windpark Schermen GmbH,GmbH,Lohnerhofstraße,2,Konstanz,78467,NA,NA
ABR954026013097,ewz Windpark Kleinbrembach GmbH,GmbH,Lohnerhofstraße,2,Konstanz,78467,NA,NA
ABR946985400544,Windpark GmbH ＆ Co. Feldheim KG,GmbH & Co. KG,Holzweg,87,Aurich,26605,www.alterric.com,NA
ABR949547907246,TEVA BIOTECH GMBH,GmbH,Dornierstraße,10,Ulm,89079,NA,NA
ABR991732515798,Windpark Obbach GmbH ＆ Co. KG,GmbH & Co. KG,Schallfelder Straße,11,Lülsfeld,97511,NA,NA
ABR964067324168,Windpark Altes Lager GmbH ＆ Co. KG,GmbH & Co. KG,Holzweg,87,Aurich,26605,www.alterric.com,NA
ABR993004638846,Windkraft Hermersberg GmbH ＆ Co. KG,GmbH & Co. KG,Hauptstraße,65,Hermersberg,66919,NA,NA
ABR959568187565,Windpark Gleichen GmbH ＆ Co. KG,GmbH & Co. KG,Quendorfer Straße,34,Schüttorf,48465,NA,NA
ABR904572386534,Windpark Köthen GmbH ＆ Co. KG Renditefonds,GmbH & Co. KG,Stephanitorsbollwerk,3,Bremen,28217,NA,NA
ABR999627822365,Model Sachsen Papier GmbH,GmbH,Am Schanzberg,1,Eilenburg,04838,NA,NA
ABR964693075687,Windpark Wittmund-Eggelingen GmbH ＆ Co.KG,GmbH & Co. KG,Am Markt,16,Wittmund,26409,NA,NA
ABR906206974056,Dow Deutschland Anlagengesellschaft mbH,GmbH,Bützflether Sand,9,Stade,21683,https://de.dow.com/de-de,NA
ABR946626587306,ENERPARC Solar Invest 255 TU 14 GmbH,GmbH,Kirchenpauerstr.,26,Hamburg,20457,NA,NA
ABR915049646433,Windpark Dahlenburg GmbH ＆ Co. KG Renditefonds,GmbH & Co. KG,Lüneburger Straße,21 ,Dahlenburg,21368,http://www.windmanager.de/,NA
ABR947969625281,ENERTRAG Windfeld Elzer Berg GmbH ＆ Co. KG,GmbH & Co. KG,Dauerthal,3,Schenkenberg,17291,NA,NA
ABR999566358659,be.storaged GmbH,GmbH,Tirpitzstraße,39,Oldenburg,26122,https://be-storaged.com/,NA
ABR964313851271,ENERTRAG Windfeld Freiheit III Brehna GmbH ＆ Co. KG,GmbH & Co. KG,Dauerthal,3,Schenkenberg,17291,NA,NA
ABR971472825159,Bürgerwind Koppelsee GmbH ＆ Co. KG,GmbH & Co. KG,Dauerthal,3,Schenkenberg,17291,NA,NA
ABR962208113848,Windpark Spahnharrenstätte IV GmbH ＆ Co. KG,GmbH & Co. KG,Am Torfstich,11,Edemissen,31234,www.windstrom.de,NA
ABR911271558230,ENERTRAG Windfeld Süderland GmbH ＆ Co. KG,GmbH & Co. KG,Dauerthal,3,Schenkenberg,17291,NA,NA
ABR963811557869,Windpark Kaakweg GmbH ＆ Co. KG,GmbH & Co. KG,Landstraße,55,Lütetsburg,26524,ee-claashen.de,NA
ABR908854555205,Cosun Beet Company GmbH ＆ Co. KG,GmbH & Co. KG,Bluthsluster Straße,24,Anklam,17389,https://www.cosunbeetcompany.de,NA
ABR945716606583,Windpark GmbH ＆ Co. Bröckel-Eicklingen KG,GmbH & Co. KG,Holzweg,87,Aurich,26605,www.alterric.com,NA
ABR963137108523,THEE Projektentwicklungs GmbH ＆ Co. KG,GmbH & Co. KG,Großer Burstah,42,Hamburg,20457,www.ee.thuega.de,NA
ABR913589203949,Windpark Trebbichau GmbH ＆ Co. KG Renditefonds,GmbH & Co. KG,Stephanitorsbollwerk,3,Bremen,28217,http://www.windmanager.de,NA
ABR921856857412,9. Projektgesellschaft Jardelund,UG (haftungsbeschränkt) & Co. KG,Dorfstraße,12,Mühbrook,24582,www.neue-energien.com,NA
ABR904177697158,Bürgerwind Brunsbüttel GmbH ＆ Co. KG,GmbH & Co. KG,Eddelaker Straße,123 d,Brunsbüttel,25541,NA,NA
ABR914304815577,Konsortium Energieversorgung Opel beschränkt haftende oHG,oHG,Mainzer Straße,95,Rüsselsheim,65428,NA,NA
ABR961842755407,Windpark Holle-Sillium,GmbH & Co. KG,Am Haag,10,Gräfelfing,82166,www.baywa-re.com,NA
ABR956121052711,KMW Windpark Straubenhardt GmbH ＆ Co. KG c/o Kraftwerke Mainz-Wiesbaden AG,GmbH & Co. KG,Kraftwerkallee,1,Mainz,55120,NA,NA
ABR981961694081,Energiepark Hemelingen WP HEM GmbH ＆ Co. KG,GmbH & Co. KG,Bahnhofstraße,98,Gräfelfing,82166,NA,NA
ABR998919192087,Windpark Kublank GmbH ＆ Co. KG,GmbH & Co. KG,Stephanitorsbollwerk,3,Bremen,28217,http://www.windmanager.de,NA
ABR983328658583,Sunlake Solarparks GmbH ＆ Co. KG,GmbH & Co. KG,Kleinoberfeld,5,Karlsruhe,76135,NA,NA
ABR960096800888,Windpark Beggerow-Borrentin GmbH ＆ Co. KG,GmbH & Co. KG,Stephanitorsbollwerk,3,Bremen,28217,http://www.windmanager.de,NA
ABR914077956910,Windpark Jennelt II GmbH ＆ Co. KG,GmbH & Co. KG,Holzweg,87,Aurich,26605,www.alterric.com,NA
ABR994894462849,max Sigma GmbH ＆ Co. Egeln II KG,GmbH & Co. KG,Dorfstraße,1,Egeln,39435,NA,NA
ABR915087631682,EWI Hüselitz GmbH ＆ Co. KG,GmbH & Co. KG,Kapuzinerstraße,9,Rheinfelden,79618,NA,NA
ABR992766486818,WKA Windpark Bietikow GmbH ＆ Co. KG,GmbH & Co. KG,Gut Bietikow,1,Uckerfelde,17291,NA,NA
ABR970440675000,Windpark Gehlenberg GmbH ＆ Co. KG,GmbH & Co. KG,Hauptstraße,44,Zossen,15806,NA,NA
ABR988620991086,ENGIE Windpark Schkortleben GmbH ＆ Co. KG,GmbH & Co. KG,Dr.-Scheele-Strasse,16,Weißenfels,06688,https://www.engie-deutschland.de/,ENGIE
ABR997575881632,Currenta GmbH ＆ Co. OHG,GmbH & Co. oHG,Kaiser-Wilhelm-Allee,80,Leverkusen,51373,www.currenta.de,NA
ABR916789344108,ENGIE WSW Windpark Helmstadt GmbH ＆ Co.KG,GmbH & Co. KG,Ella-Barowsky-Straße,44,Berlin,10829,https://www.engie-deutschland.de/,ENGIE
ABR947912415150,ENERTRAG Windfeld Grünberg I GmbH ＆ Co. KG,GmbH & Co. KG,Dauerthal,3,Schenkenberg,17291,NA,NA
ABR952561173061,ENERTRAG Windfeld Kleisthöhe GmbH ＆ Co. KG,GmbH & Co. KG,Dauerthal,3,Schenkenberg,17291,NA,NA
ABR943875695851,J. M. Voith SE ＆ Co. KG,SE,St. Pöltener Straße,43,Heidenheim,89522,www.voith.com,NA
ABR975941639810,Windmüllerei Mallnow GmbH ＆ Co. Kirschallee 6 KG,GmbH & Co. KG,Wokrenter Weg,21,Jürgenshagen,18246,NA,NA
ABR984442488490,ISM Bitterfeld GmbH ＆ Co.KG,GmbH & Co. KG,Röhrenstraße,75,Bitterfeld-Wolfen,06749,NA,NA
ABR953512966091,Flughafen Nürnberg Energie GmbH,GmbH,Flughafenstraße,100,Nürnberg,90411,www.airport-nuernberg.de,NA
ABR901766720327,ENERTRAG Windfeld Sonnenberg GmbH ＆ Co. KG,GmbH & Co. KG,Dauerthal,3,Schenkenberg,17291,NA,NA
ABR950141386979,Siltronic AG,AG,Einsteinstraße,172,München,81677,www.siltronic.com,NA
ABR955975413969,Garther Windpark ＆ Umspannwerk GmbH ＆ Co. KG,GmbH & Co. KG,Bremer Straße,11,Halen,49685,NA,NA
ABR939936608250,ENERTRAG Windfeld Hohenfelde GmbH ＆ Co. KG,GmbH & Co. KG,Dauerthal,3,Schenkenberg,17291,NA,NA
ABR989612936504,ENERTRAG Windfeld Nadrensee GmbH ＆ Co. KG,GmbH & Co. KG,Dauerthal,3,Schenkenberg,17291,NA,NA
ABR951461392695,DSM Nutritional Products GmbH,GmbH,Emil-Barell-Straße,3,Grenzach-Wyhlen,79639,NA,NA
ABR962205572945,Forschungszentrum Jülich GmbH,GmbH,Wilhelm-Johnen-Str.,NA,Jülich,52428,www.fz-juelich.de,NA
ABR963392833123,ENERTRAG Windfeld Wolfsmoor GmbH ＆ Co. KG,GmbH & Co. KG,Dauerthal,3,Schenkenberg,17291,NA,NA
ABR939575161123,Sonnenpark Hütten GmbH ＆ Co.KG,GmbH & Co. KG,Gaswerkstraße,20,Weiden,92637,NA,NA
ABR945527824657,Uhl Windkraft Projektierung GmbH ＆ Co. KG,GmbH & Co. KG,Max-Eyth-Straße,40,Ellwangen,73479,NA,NA
ABR910915413188,Wöstenwind GmbH ＆ Co. KG,GmbH & Co. KG,Füchtenweg,2,Glandorf,49219,NA,NA
ABR986720739362,Windpark Zerbst GmbH,GmbH,Lange Straße (Lietzo),1,Lindau,39264,NA,NA
ABR974647374612,PV Eiche GmbH ＆ Co. KG,GmbH & Co. KG,Rathausstraße,1,Bad Neuenahr-Ahrweiler,53474,NA,NA
ABR917568990011,ENERTRAG Windfeld Randowhöhe I GmbH ＆ Co. KG,GmbH & Co. KG,Dauerthal,3,Schenkenberg,17291,NA,NA
ABR922794626511,ENERTRAG Windfeld Klostermoor GmbH ＆ Co. KG,GmbH & Co. KG,Dauerthal,3,Schenkenberg,17291,NA,NA
ABR913072096652,ENERTRAG Windfeld Weenermoor GmbH ＆ Co. KG,GmbH & Co. KG,Dauerthal,3,Schenkenberg,17291,NA,NA
ABR934509516970,Märkische Windkraft 80,GmbH & Co. KG,Gregor-Mendel-Straße,24 a,Potsdam,14469,NA,NA
ABR999527521047,Windpark Zerbst GmbH II,GmbH,Lange Straße (Lietzo),1,Lindau,39264,NA,NA
ABR917365354924,Windpark Kattrepel-Nord GmbH ＆ Co. KG,GmbH & Co. KG,Bundesstraße,2,Neufeld,25724,NA,NA
ABR997759970381,Energieanlagen Kuhschnappel GmbH ＆ Co. KG,GmbH & Co. KG,Lippoldsruh,28,Mülsen,08132,NA,NA
ABR933465673338,Windpark Hohenmölsen Profen GmbH,GmbH,Ernst-Thälmann-Straße,6,Hohenmölsen,06679,NA,NA
ABR975327387816,Solarpark Elmenhorst GmbH ＆ Co. KG,GmbH & Co. KG,Rheinallee,41,Mainz,55118,NA,NA
ABR983174512923,Windpark Rheinhessen I GmbH ＆ Co. KG,GmbH & Co. KG,Rheinallee,41,Mainz,55118,NA,NA
ABR931678324955,Solarpark Tutow II GmbH ＆ Co. KG,GmbH & Co. KG,Rheinallee,41,Mainz,55118,NA,NA
ABR900750916333,Windpark Kublank III GmbH ＆ Co. KG,GmbH & Co. KG,Stephanitorsbollwerk,3,Bremen,28217,http://www.windmanager.de,NA
ABR999308386063,ENERTRAG Windfeld Hoher Fläming GmbH ＆ Co. KG,GmbH & Co. KG,Dauerthal,3,Schenkenberg,17291,NA,NA
ABR986726756097,QE Barnstädt Portfolio Bestand GmbH ＆ Co. KG,GmbH & Co. KG,Unter den Linden,21,Berlin,10117,https://qualitasenergy.com/de/,NA
ABR988853295081,Energiepark Hanstedt-Erweiterung WP HEW GmbH ＆ Co. KG,GmbH & Co. KG,Stresemannstraße,46,Bremerhaven,27570,NA,NA
ABR928055045732,Windpark GmbH ＆ Co. Weserbrise KG,GmbH & Co. KG,Holzweg,87,Aurich,26605,www.alterric.com,NA
ABR916531434569,Windpark Uelvesbüll 3. Betriebs GmbH ＆ Co. KG,GmbH & Co. KG,Moordeich,2,Uelvesbüll,25889,ING-HOLST.COM,NA
ABR962344132253,SWE ScharfenWindenergie GmbH ＆Co KG,GmbH & Co. KG,Karlstraße,20,Bad Wünnenberg,33181,NA,NA
ABR989338082042,Qualitas Energy Bürgerwindpark Apensen GmbH ＆ Co. KG,GmbH & Co. KG,Grundoldendorf,3,Apensen,21641,https://qualitasenergy.com/de/,NA
ABR914313202610,Windpark Lauterstein GmbH ＆ Co. KG,GmbH & Co. KG,Stephanitorsbollwerk,3,Bremen,28217,http://www.windmanager.de/,NA
ABR935787334270,Energiepark Jacobsdorf WP Jaco GmbH ＆ Co. KG,GmbH & Co. KG,Stresemannstraße,46,Bremerhaven,27570,NA,NA
ABR956360501476,Windpark Grapzow GmbH ＆ Co. KG,GmbH & Co. KG,Stephanitorsbollwerk,3,Bremen,28217,http://www.windmanager.de,NA
ABR982872465524,ENERTRAG Windfeld Quenstedt GmbH ＆ Co. KG,GmbH & Co. KG,Dauerthal,3,Schenkenberg,17291,NA,NA
ABR943218541401,Windpark Nordgermersleben GmbH ＆ Co. KG,GmbH & Co. KG,Kornkamp,52,Aurich,26605,NA,NA
ABR980483253882,Windpark Jüterbog GmbH ＆ Co. KG Renditefonds,GmbH & Co. KG,Stephanitorsbollwerk,3,Bremen,28217,http://www.windmanager.de,NA
ABR900133461160,Rheda-Wiedenbrücker Energiegenossenschaft eG,eG,Ostring,33,Rheda-Wiedenbrück,33378,www.rhewie-eg.de,NA
ABR992604195681,ENERTRAG Windfeld Mecklenburger Schweiz III GmbH ＆ Co. KG,GmbH & Co. KG,Dauerthal,3,Schenkenberg,17291,NA,NA
ABR966400163236,Windpark Leipzig GmbH ＆ Co. KG,GmbH & Co. KG,Bismarker Straße,12,Osterburg,39606,http://www.windmanager.de,NA
ABR950939240841,A1 Heidenau Projekt,GmbH & Co. KG,Hollenstedter Straße,1,Heidenau,21258,NA,NA
ABR927176955364,saferay Erste Solar GmbH,GmbH,Rosenthaler Straße,34,Berlin,10178,www.saferay.com,NA
ABR919084652930,Windpark Handewitt-West GmbH ＆ Co. KG,GmbH & Co. KG,Kolonie,14,Handewitt,24983,NA,NA
ABR924157795568,EOS Windpark Fuchsberg GmbH ＆ Co. KG,GmbH & Co. KG,Junkerstraße,65,Büsingen,78266,www.eosholding.ch,NA
ABR969310400927,Windpark Linnau GmbH ＆ Co.KG,GmbH & Co. KG,Am Spielplatz,4,Lindewitt,24969,www.frischer-nordwind.de,NA
ABR982176679375,Windpark Barg - Schwensby GmbH ＆ Co.KG,GmbH & Co. KG,Barg,8,Sörup,24966,NA,NA
ABR985120957345,Arla Foods Deutschland GmbH,GmbH,Wahlerstraße,2,Düsseldorf,40472,www.arlafoods.de,NA
ABR974109816049,Solvay GmbH,GmbH,Köthensche Straße,1,Bernburg,06406,www.solvay.de,NA
ABR979916951396,WKN Windkraft Nord GmbH ＆. Co. Windpark Seelow KG,GmbH & Co. KG,Holunderweg,1d,Seelow,15306,NA,NA
ABR955049071866,WKN Windkraft Nord GmbH ＆. Co. Windpark Lüdersdorf KG,GmbH & Co. KG,Marienberg,1,Wriezen,16269,www.bgz-gmbh.de,NA
ABR946864111783,WKN Windkraft Nord GmbH ＆. Co. Windpark Zinndorf KG,GmbH & Co. KG,Liebenberger Weg,1,Rehfelde,15345,www.bgz-gmbh.de,NA
ABR909682406875,MBBF Windparkplanung GmbH ＆ Co. KG,GmbH & Co. KG,Alte Dorfstr.,1,Steinhagen,18246,www.mbbf.de,NA
ABR907046650599,Wind Gieboldehausen GmbH ＆ Co. KG,GmbH & Co. KG,Prof.-Messerschmitt-Straße,3,Neubiberg,85579,NA,NA
ABR926689737085,Infrastrukturgemeinschaft Broderstorf GbR,GmbH & Co. KG,Schönauer Weg,26 ,Reinbek,21465,NA,NA
ABR922992360033,BEE Bioenergieerzeugung Koblenz GmbH,GmbH,Ludwig-Erhard-Straße,8,Koblenz,56073,www.bee-koblenz.de,NA
ABR968059316414,Energiepark Hammelwarder Moor WP HAM GmbH ＆ Co. KG,GmbH & Co. KG,Amtsdamm,26,Hagen,27628,NA,NA
ABR957990382398,WKKH Jever Nord GmbH ＆ Co. vierte Betriebs KG,GmbH & Co. KG,Auskündigerei,1,Jever,26441,NA,NA
ABR925991327533,MLK Windfeld Grünow Nr. 63 GmbH ＆ Co. KG,GmbH & Co. KG,Lichtenberger Weg,4,Jacobsdorf,15236,NA,NA
ABR962335615741,Windpark Balkum-Thiene GmbH ＆ Co. KG,GmbH & Co. KG,Stephanitorsbollwerk,3,Bremen,28217,http://www.windmanager.de/,NA
ABR960409827052,Windpark Ohmenheim Sommerhof GmbH ＆ Co. KG,GmbH & Co. KG,Illerstraße,18,Kempten,87435,NA,NA
ABR927149373508,GÖPA Windpark Dithmarschen GmbH＆Co.KG,GmbH & Co. KG,Klosterallee,106 c,Hamburg,20144,NA,NA
ABR938084769295,Donau-Wasserkraft AG,AG,Luitpoldstraße,27,Landshut,84034,NA,NA
ABR952529761408,GSI Photovoltaik Projektgesellschaft Helbra mbH,GmbH,Jakob-Kaiser-Str.,13,Köln,50858,NA,NA
ABR902662529014,Zweckverband Restmüllheizkraftwerk Böblingen,Körperschaft des öffentlichen Rechts,Musberger Sträßle,11,Böblingen,71032,zvrbb.de,NA
ABR984661186108,CPC Windpark Hüselitz GmbH ＆ Co. KG,GmbH & Co. KG,Max-Born-Str.,1,Rheine,48431,NA,NA
ABR976682594567,SEBE V GmbH,GmbH,Hörlitzer Straße,34,Senftenberg,01968,www.saferay.com,NA
ABR935937544702,SEBE VI GmbH,GmbH,Hörlitzer Straße,34,Senftenberg,01968,www.saferay.com,NA
ABR975517692973,SEBE VII GmbH,GmbH,Hörlitzer Straße,34,Senftenberg,01968,www.saferay.com,NA
ABR912358703819,Alterric Windpark GmbH & Co. Bad Emstal KG,GmbH & Co. KG,Holzweg,87,Aurich,26605,NA,NA
ABR930101746326,GERES EnergieSysteme II GmbH,GmbH,An den Bergen,28,Frankfurt,60437,http://www.geres-group.de/,NA
ABR930916959300,SMAREG 1,GmbH & Co. KG,Dornacher Straße,3,Feldkirchen,85622,NA,JUNIZ
ABR940471252969,Sendenhorster Windenergie GmbH ＆ Co. KG,GmbH & Co. KG,Sudfeld,14,Sendenhorst,48324,NA,NA
ABR909234604254,REG Regenerative Energien Standortentwicklung GmbH ＆ Co. Kirchwistedt KG,GmbH & Co. KG,Holzweg,87,Aurich,26605,www.alterric.com,NA
ABR970597056882,Windpark Glasewitz 1 GmbH ＆ Co. KG,GmbH & Co. KG,Gregor-Mendel-Straße,24a,Potsdam,14469,NA,NA
ABR923546750300,SGW Sindram Grundstücks-und Windkraft,GmbH & Co. KG,Lollfuß,45,Schleswig,24837,NA,NA
ABR920069828509,Windpark Hassel GmbH ＆ Co. KG,GmbH & Co. KG,Stephanitorsbollwerk,3,Bremen,28217,http://www.windmanager.de,NA
ABR980956903832,Windpark Aschersleben/Nauen GmbH ＆ Co. KG,GmbH & Co. KG,Stephanitorsbollwerk,3,Bremen,28217,http://www.windmanager.de,NA
ABR984213481378,Windpark Prützke GmbH ＆ Co. KG Renditefonds,GmbH & Co. KG,Dorfstraße,1,Egeln,39435,http://www.windmanager.de,NA
ABR988127063880,Windpark Grimmen-Grellenberg GmbH ＆ Co. KG,GmbH & Co. KG,Stephanitorsbollwerk,3,Bremen,28217,http://www.windmanager.de,NA
ABR940574202045,EEW Energy from Waste Saarbrücken GmbH,GmbH,Heitersheimer Straße 2,NA,Eschbach,79427,https://www.eew-energyfromwaste.com/,EEW Energy from Waste
ABR969187324906,CHORUS Wind Appeln GmbH ＆ Co. KG,GmbH & Co. KG,Große Elbstraße,59,Hamburg,22767,NA,NA
ABR973867442651,GERES Gimbweiler GmbH ＆ Co. KG,GmbH & Co. KG,An den Bergen,28,Frankfurt,60437,http://www.geres-group.de/,NA
ABR918525071859,GERES Power II GmbH,GmbH,An den Bergen,28,Frankfurt,60437,http://www.geres-group.de/,NA
ABR979610985697,GERES Meckenbach GmbH ＆ Co. KG,GmbH & Co. KG,An den Bergen,28,Frankfurt,60437,http://www.geres-group.de/,NA
ABR942111869889,Windpark Krackow-Glasow GmbH ＆ Co. KG,GmbH & Co. KG,Stephanitorsbollwerk,3,Bremen,28217,http://www.windmanager.de,NA
ABR979239572391,111. WestWind Windpark GmbH ＆ Co. KG,GmbH & Co. KG,Brinkstraße,25,Kirchdorf,27245,NA,NA
ABR929383474010,EOS Windpark Hermannsburg GmbH ＆ Co. KG,GmbH & Co. KG,Junkerstraße,65,Büsingen,78266,www.eosholding.ch,NA
ABR972957602241,Windpark Fonds Kötzlin-Barenthin GmbH ＆ Co. KG,GmbH & Co. KG,Peckhauser Straße,11,Mettmann,40822,NA,NA
ABR942536047244,Windpark Möbisburg GmbH ＆ Co. KG,GmbH & Co. KG,Herdegert,7,Schwäbisch Hall,74523,NA,NA
ABR953010554875,Windkraft Büden GmbH ＆ Co.KG,GmbH & Co. KG,Lindenstraße (Möckern),14,Möckern,39291,NA,NA
ABR961641197811,ENOVA Windpark Golzow GmbH ＆ Co. KG,GmbH & Co. KG,Steinhausstraße,112,Bunde,26831,http://www.windmanager.de,NA
ABR904892841911,Windpark Mistorf/Groß Schwiesow GmbH ＆ Co. Betriebs-KG,GmbH & Co. KG,Stephanitorsbollwerk,3,Bremen,28217,http://www.windmanager.de,NA
ABR998317421772,Städtische Werke Energie + Wärme GmbH,GmbH,Königstor,3,Kassel,34117,ew-kassel.de,NA
ABR979691506743,Erlöspool Windpark Heiligengrabe,GbR,Lindenstraße,24,Gumtow,16866,NA,NA
ABR944854763394,Müllheizkraftwerk Kassel GmbH,GmbH,Königstor,3,Kassel,34117,mhkw-kassel.de,NA
ABR931616761187,Bürgerwindpark Nenndorf GmbH ＆ Co. VI KG,GmbH & Co. KG,Kolonatenweg,6,Eversmeer,26556,NA,NA
ABR905094679005,Infrastrukturgesellschaft Zerbst 2 GmbH ＆ Co. KG,GmbH & Co. KG,Am Sender,3,Flensburg,24943,NA,NA
ABR953703973358,Windpark Bremen Mahndorf GmbH ＆ Co. KG,GmbH & Co. KG,Stephanitorsbollwerk,3,Bremen,28217,http://www.windmanager.de,NA
ABR921520556436,Windpark Kerkow-Welsow GmbH ＆ Co. KG,GmbH & Co. KG,Vielitzer Weg,12,Lindow,16835,www.teut.de,NA
ABR933074795872,EPC 42 GmbH ＆ Co. KG,GmbH & Co. KG,Kasseler Straße,46,Lutherstadt Eisleben,06295,NA,NA
ABR970521323479,Markt Buttenheim Peter Münch,Körperschaft des öffentlichen Rechts,Hauptstraße,15,Buttenheim,96155,NA,NA
ABR910821068090,InvestInvent 26. Windpark GmbH ＆ Co. KG,GmbH & Co. KG,Johann-Krane-Weg,6,Münster,48149,NA,NA
ABR991982851172,Braunschweiger Versorgungs-AG ＆ Co. KG,AG & Co. KGaA,Taubenstraße,7,Braunschweig,38106,NA,NA
ABR952707352190,Energiepark Morsumkoog II GmbH ＆ Co KG,GmbH & Co. KG,Edomsharder Weg,19,Nordstrand,25845,NA,NA
ABR922009163640,Windpark Söhrewald/Niestetal GmbH ＆ Co. KG,GmbH & Co. KG,Königstor,3,Kassel,34117,www.wp-sn.de,NA
ABR991589008986,IHKW Industrieheizkraftwerk Andernach GmbH,GmbH,Koblenzer Straße,141,Andernach,56626,NA,NA
ABR919596909980,Windpark Rohrberg GmbH ＆ Co. KG,GmbH & Co. KG,Königstor,3-13,Kassel,34117,www.wp-rb.de,NA
ABR924991880512,Windpark Stiftswald GmbH ＆ Co. KG,GmbH & Co. KG,Königstor,3-13,Kassel,34117,www.wp-sw.de,NA
ABR909041008313,GeneralRenawables GmbH & Co. KG,GmbH & Co. KG,Butterberg,157 A,Dardesheim,38836,NA,NA
ABR934875530884,Stößen-Wind GmbH ＆ Co. I KG,GmbH & Co. KG,Holzweg,87,Aurich,26605,NA,NA
ABR968565064304,Windpark Nuscheler GmbH ＆ Co. KG,GmbH & Co. KG,Bahnhofstraße,11,Salzatal,06198,www.landgut-nuscheler.de,NA
ABR966151117069,Harlingerland Energiepark GmbH ＆ Co. KG,GmbH & Co. KG,Mimsteder Straße,35,Holtgast,26427,ee-claashen.de,NA
ABR923497223922,Ferrero OHG mbH,Sonstige,Michele-Ferrero-Straße,1,Stadtallendorf,35260,NA,NA
ABR964284313532,Bürgerwindenergie Thalmässing GmbH ＆ Co. KG,GmbH & Co. KG,Stettener Straße,26,Thalmässing,91177,www.wust-wind-sonne.de,NA
ABR926660027501,Windpark Hambergen GmbH ＆ Co. KG,GmbH & Co. KG,Stephanitorsbollwerk,3,Bremen,28217,http://www.windmanager.de/,NA
ABR982188269526,Windpark Huser Klee GmbH ＆ Co. KG,GmbH & Co. KG,Vattmannstraße,6,Paderborn,33100,NA,NA
ABR950827598115,WP Horath GmbH ＆ Co. KG,GmbH & Co. KG,Reeperbahn,1,Hamburg,20359,NA,NA
ABR967597381021,Bürgerwind Borchen GmbH ＆ Co. KG,GmbH & Co. KG,Robert-Bosch-Straße,21,Borchen,33178,NA,NA
ABR983492205699,Windenergie Jülich GmbH ＆ Co. KG,GmbH & Co. KG,Wernersstraße,23,Düren,52351,www.rea-dn.de,NA
ABR995696962247,Bürgerwindpark Gollhofen-Rodheim GmbH ＆ Co. KG,GmbH & Co. KG,Am Brünnlein,1,Uffenheim,97215,NA,NA
ABR944123066935,Alterric Windpark GmbH ＆ Co. Mittelherwigsdorf KG,GmbH & Co. KG,Holzweg,87,Aurich,26605,NA,NA
ABR978172246635,Norddeutsche Energie WP Falkenhagen GmbH ＆ Co. KG,GmbH & Co. KG,Straße am Zeltplatz,7,Ostseebad Rerik,18230,NA,NA
ABR901429666832,Umspannwerk Straßkirchen GmbH＆ Co. KG,GmbH & Co. KG,Jahnstraße,13,Straßkirchen,94342,NA,NA
ABR991486622452,Stadtwerke Rostock Aktiengesellschaft,AG,Schmarler Damm,5,Rostock,18069,NA,NA
ABR962171773025,Windpark Calau GmbH ＆ Co. KG,GmbH & Co. KG,Windmühlenberg,1,Sehestedt,24814,NA,NA
ABR917028403181,KGE Windpark Schipkau-Nord GmbH ＆ Co. KG,GmbH & Co. KG,Am Nesseufer,40,Leer,26789,NA,NA
ABR924166094362,WindGuard-Forschungswindpark Ganderkesee,GmbH & Co. KG,Oldenburger Straße,65,Varel,26316,NA,NA
ABR938040968113,Windpark Quellendorf Eins GmbH ＆ Co.KG,GmbH & Co. KG,Schweizer Straße,3 a,Dresden,01069,www.vsb.energy,NA
ABR996759925780,92. WestWind Windpark GmbH ＆ Co. KG,GmbH & Co. KG,Brinkstraße,25,Kirchdorf,27245,NA,NA
ABR925358886390,mbb Bredentin GmbH ＆ Co. KG,GmbH & Co. KG,Stephanitorsbollwerk,3,Bremen,28217,http://www.windmanager.de,NA
ABR919733297932,Better Energy Zerbst GmbH ＆ Co. KG,GmbH & Co. KG,Stahltwiete,21 a,Hamburg,22761,NA,NA
ABR945002012166,Atlas Energieanlagen GmbH ＆ Co. Erste KG,GmbH & Co. KG,Steinstraße,14,Recklinghausen,45657,NA,NA
ABR903416986121,EOS Windpark Masendorf GmbH ＆ Co. KG,GmbH & Co. KG,Junkerstraße,65,Büsingen,78266,www.eosholding.ch,NA
ABR906303881066,OMV Deutschland Operations GmbH ＆ Co. KG,GmbH & Co. KG,Haiminger Straße,1,Burghausen,84489,NA,NA
ABR922386489920,Ingka Deutschland Windfarms GmbH,GmbH,Wittelsbacherplatz,1,München,80333,NA,NA
ABR947699018490,SK Energy GmbH＆Co.KG,GmbH & Co. KG,Fockendorf,4,Beidenfleth,25573,NA,NA
ABR904538920376,UGE Klein Leine Nord Vier GmbH ＆ Co. KG Umweltgerechte Energie,GmbH & Co. KG,Dammtorstraße,1,Hamburg,20354,NA,NA
ABR997370552171,UGE Wilsen Eins GmbH ＆ Co. KG Umweltgerechte Energie,GmbH & Co. KG,Dorfstr.,20 a,Lohmen,18276,NA,NA
ABR921845180163,MES Solar XXXII GmbH ＆ Co. KG,GmbH & Co. KG,Alter Kirchenweg,83,Handewitt,24983,www.obton.com,NA
ABR945871294861,ERG Wind MEG 3 LLP,Sonstige,Angel Court,One,London,EC2R 7HJ,www.erg.eu,NA
ABR961469293061,Bürgerenergiegesellschaft Windpark Settrup GmbH ＆ Co. KG,GmbH & Co. KG,Kellinghausen,16,Fürstenau,49584,NA,NA
ABR983464246064,WIND-projekt GmbH ＆ Co. Sechste Betriebs-KG,GmbH & Co. KG,Holzweg,87,Aurich,26605,NA,NA
ABR932418056938,Windpark Marschtief GmbH ＆ Co. KG,GmbH & Co. KG,Landstraße,55,Lütetsburg,26524,ee-claashen.de,NA
ABR985846928049,Zweite Windpark Junkersrott GmbH ＆ Co. KG,GmbH & Co. KG,Landstraße,55,Lütetsburg,26524,ee-claashen.de,NA
ABR924030942973,Windpark Büttel GmbH ＆ Co. KG,GmbH & Co. KG,Windmühlenberg,NA,Sehestedt,24814,NA,NA
ABR904809093570,Windpark Pröttlin GmbH ＆ Co. KG,GmbH & Co. KG,Windmühlenberg,NA,Sehestedt,24814,NA,NA
ABR984804651951,Windkraft Brüheim GmbH ＆ Co. KG,GmbH & Co. KG,Hauptstraße,60,Herbsleben,99955,NA,NA
ABR974917480142,Windpark UH II GmbH ＆ Co. KG,GmbH & Co. KG,Hauptstraße,60,Herbsleben,99955,NA,NA
ABR917846009893,Trianel Onshore Windkraftwerk Wendorfer Berg GmbH ＆ Co. KG,GmbH & Co. KG,Am Torfstich,11,Edemissen,31234,www.windstrom.de,NA
ABR973221189499,Solarpark Tagewerben GmbH ＆ Co.KG,GmbH & Co. KG,Bühlwiesenweg,15,Haiterbach,72221,www.schuon.com,NA
ABR912033708214,Repowering Wöhrden Poolgesellschaft,GmbH & Co. KG,Otto-Hahn-Straße,12 -16,Husum,25813,NA,NA
ABR928807051431,ENOVA Windpark Börger Ohe 2 GmbH ＆ Co. KG,GmbH & Co. KG,Drosselgasse,1 A,Börger,26904,www.enova.de,NA
ABR998757544048,GREE Güstow GmbH ＆ Co. KG,GmbH & Co. KG,Windmühlenberg,NA,Sehestedt,24814,NA,NA
ABR913372549261,Windkraft Sohland II GmbH ＆ Co. KG,GmbH & Co. KG,Hauptstraße,60,Herbsleben,99955,NA,NA
ABR911757601368,BOREAS Windfeld Greußen II GmbH ＆ Co. KG,GmbH & Co. KG,Hauptstraße,60,Herbsleben,99955,NA,NA
ABR971355680448,AREF Windpark Selmsdorf-Sülsdorf GmbH ＆ Co. KG,GmbH & Co. KG,Schweriner Str.,85,Güstrow,18273,NA,NA
ABR928425416674,Windkraft Ottenhausen GmbH ＆ Co. KG,GmbH & Co. KG,Siedlungsstraße,161,Weißensee,99631,NA,NA
ABR905104698316,Windpark Werder Zinndorf GmbH ＆ Co. KG,GmbH & Co. KG,Windmühlenberg,NA,Sehestedt,24814,NA,NA
ABR923142026540,Windkraft Gommern GmbH ＆ Co.KG,GmbH & Co. KG,Albert-Schweitzer-Straße,12 A,Gommern,39245,NA,NA
ABR905132081012,BürgerWIND Ulrichstein,GmbH & Co. KG,Brauwiesenstraße,8,Ulrichstein,35327,NA,NA
ABR994366397815,Pellwormer Energie Erzeugungsgesellschaft mbH ＆ Co. KG,GmbH & Co. KG,Uthlandestraße,14,Pellworm,25849,NA,NA
ABR951323139017,ENOVA Windpark Springberg Sichau GmbH ＆ Co. KG,GmbH & Co. KG,Steinhausstraße,112,Bunde,26831,www.enova.de,NA
ABR950827191781,CS Solarpark MV GmbH ＆ Co. KG,GmbH & Co. KG,Ginnheimer Straße,4,Eschborn,65760,www.frankfurt-energy.de,NA
ABR995495725883,Windpark LKOS-44 GmbH ＆ Co. KG,GmbH & Co. KG,Kellinghausen,16,Fürstenau,49584,NA,NA
ABR922700325088,Windpark Herrenkoog GmbH ＆ Co. KG,GmbH & Co. KG,Herrenkoogstraße,19,Risum-Lindholm,25920,NA,NA
ABR999412623818,Volkswagen Sachsen GmbH,GmbH,Glauchauer Straße,40,Zwickau,08058,NA,Volkswagen Group
ABR962191062840,WMF GmbH,GmbH,WMF Platz,1,Geislingen,73312,NA,NA
ABR982453754276,Windpark Zitz-Warchau GmbH ＆. Co. KG,GmbH & Co. KG,Otto-Hahn-Straße,12-16,Husum,25813,www.bzg-gmbh.de,NA
ABR911732186552,BOREAS Windfeld Kirchengel III GmbH ＆ Co. KG,GmbH & Co. KG,Hauptstraße,60,Herbsleben,99955,NA,NA
ABR906463776226,Windpark Kribbe-Premslin GmbH ＆Co. KG,GmbH & Co. KG,Ulmer Straße,4,Leinfelden-Echterdingen,70771,NA,NA
ABR968202798043,Windkraft Krusemark GmbH ＆ Co. KG,GmbH & Co. KG,Ulmer Straße,4,Leinfelden-Echterdingen,70771,NA,NA
ABR927682770277,Windkraft Woltersdorf I GmbH ＆ Co. KG,GmbH & Co. KG,Königsborner Straße (Woltersdorf),10,Woltersdorf,39175,NA,NA
ABR900860659281,Windkraft Woltersdorf II GmbH ＆ Co. KG,GmbH & Co. KG,Königsborner Str.,10,Biederitz,39175,NA,NA
ABR954808354899,GS Solar GmbH ＆ Co. KG,GmbH & Co. KG,Schulstraße,4 A,Siemz-Niendorf,23923,NA,NA
ABR918289341960,DBE-Dollbergen Bioenergie GmbH,GmbH,Mastenweg,3,Uetze,31311,NA,NA
ABR909559347072,Buchonia Wind GmbH ＆ Co. KG,GmbH & Co. KG,Ulrich-von-Hutten-Straße,31,Schlüchtern,36381,NA,NA
ABR904418795612,K/S Wind Beesenstedt,Sonstige,Lyngebæksgårds Alle,4,Nivå,2990,NA,NA
ABR991073351826,Stadt Solingen,Anstalt des öffentlichen Rechts,Walter-Scheel-Platz,1,Solingen,42651,www.tbs.solingen.de,NA
ABR988470368595,e.n.o. Windpark GmbH ＆ Co. Gerbstedt KG,GmbH & Co. KG,Straße am Zeltplatz,7,Ostseebad Rerik,18230,https://www.eno-energy.com,NA
ABR917552613919,Windpark Höfen GmbH ＆ Co. KG,GmbH & Co. KG,Stephanitorsbollwerk,3,Bremen,28217,http://www.windmanager.de,NA
ABR979528449571,Windpark Zieger,GmbH & Co. KG,Junkersstraße,7,Hallbergmoos,85399,NA,NA
ABR955179589293,Bürgerwindpark Braderup,GmbH & Co. KG,Lundsacker Weg,12,Braderup,25923,NA,NA
ABR978885548002,Windkraft Jerichow-Mangelsdorf I GmbH ＆ Co. KG,GmbH & Co. KG,Böttcherstraße,6,Burg,39288,NA,NA
ABR913953748502,Windpark Breesen GmbH ＆ Co. KG,GmbH & Co. KG,Stephanitorsbollwerk,3,Bremen,28217,www.windmanager.de,NA
ABR935588799933,RWE Battery Solutions GmbH,GmbH,RWE-Platz,4 ,Essen,45141,www.rwe.com,RWE
ABR977273103717,Bürgerwindpark Galmsbüll GmbH ＆ Co. KG,GmbH & Co. KG,Gotteskoogdeich,32,Galmsbüll,25899,NA,NA
ABR943894191389,Windpark Fehnland GmbH & Co. KG Renditefonds,GmbH & Co. KG,Stephanitorsbollwerk,3,Bremen,28217,http://www.windmanager.de,NA
ABR919716513783,Windpark Farnstädt GmbH ＆ Co. KG,GmbH & Co. KG,Stephanitorsbollwerk,3,Bremen,28217,http://www.windmanager.de,NA
ABR919658325963,EBV Windpark Kemnitz GmbH ＆ Co. Betriebs-KG,GmbH & Co. KG,Stephanitorsbollwerk,3,Bremen,28217,http://www.windmanager.de,NA
ABR980869139830,Windpark Jürgenshagen GmbH ＆ Co. Betriebs-KG Renditefonds,GmbH & Co. KG,Dorfstraße,1,Egeln,39435,http://www.windmanager.de,NA
ABR944902877967,Windkraft Hochheim 20 GmbH ＆ Co. KG,GmbH & Co. KG,Hauptstraße,60,Herbsleben,99955,NA,NA
ABR929552132659,Windpark Hangelberg GmbH ＆ Co. KG,GmbH & Co. KG,Stephanitorsbollwerk,3,Bremen,28217,http://www.windmanager.de,NA
ABR912771543108,Windpark Buschmühlen GmbH ＆ Co. KG,GmbH & Co. KG,Seestr.,71 a,Börgerende,18211,http://www.windmanager.de/,NA
ABR943796084611,Windpark Biere II GmbH ＆ Co. KG Renditefonds,GmbH & Co. KG,Dorfstraße,1,Egeln,39435,http://www.windmanager.de/,NA
ABR908246489729,Windpark Dahme GmbH ＆ Co. KG,GmbH & Co. KG,Windmühlenberg,0,Sehestedt,24814,NA,NA
ABR931234317674,Nordzucker AG Werk Nordstemmen,AG,Calenberger Straße,36,Nordstemmen,31171,NA,Nordzucker
ABR940613066898,swb Entsorgung GmbH＆Co. KG,GmbH & Co. KG,Theodor-Heuss-Allee,20,Bremen,28215,www.swb.de,NA
ABR912255793326,Statkraft Markets GmbH,GmbH,Derendorfer Allee,2 a,Düsseldorf,40476,www.statkraft.de,NA
ABR964713805508,EEW Energy from Waste Großräschen GmbH,GmbH,Bergmannstraße,29,Großräschen,01983,www.eew-energyfromwaste.com,EEW Energy from Waste
ABR915403323925,Windpark Groothusen GmbH ＆ Co. Betriebs KG,GmbH & Co. KG,Helmerslohne,8,Krummhörn,26736,NA,NA
ABR938191936481,Knapsack Power GmbH ＆ Co. KG,GmbH & Co. KG,Derendorfer Allee,2 a,Düsseldorf,40476,www.statkraft.de,NA
ABR995812463528,Smurfit Westrock Wrexen Paper ＆ Board GmbH,GmbH,Orpethaler Straße,50,Diemelstadt,34474,NA,Smurfit Westrock
ABR987292969263,CCE Deutschland GmbH,GmbH,Zenettistraße,34 ,München,80337,NA,NA
ABR977437284269,Cargill Deutschland GmbH,GmbH,Cerestarstrasse,2,Krefeld,47809,NA,NA
ABR902880043576,Cargill GmbH,GmbH,Rüdekenstraße,51,Salzgitter,38239,NA,NA
ABR984720247450,Windpark Züsedom GmbH ＆ Co. KG Renditefonds,GmbH & Co. KG,Stephanitorsbollwerk,3,Bremen,28217,https://www.windmanager.de,NA
ABR989642019673,Windpark Wilstedt GmbH ＆ Co. KG,GmbH & Co. KG,Stephanitorsbollwerk,3,Bremen,28217,http://www.windmanager.de/,NA
ABR916185866136,Vereinigte Wertach Elektrizitätswerke GmbH,GmbH,Neugablonzer Straße,21,Kaufbeuren,87600,www.vwew-ernergie.de,NA
ABR955740229108,PreussenElektra,GmbH,Ricklinger Stadtweg,123,Hannover,30459,www.preussenelektra.de,EON
ABR960794395242,Windpark Wesselburenerkoog GmbH ＆ Co. Wehren KG,GmbH & Co. KG,Stephanitorsbollwerk,3,Bremen,28217,http://www.windmanager.de,NA
ABR995416485865,Eder Energy GmbH ＆ Co. KG,GmbH & Co. KG,Schloß Wittgenstein,1,Bad Laasphe,57334,www.wne-holding.de,NA
ABR970529681564,Windpark Dobberkau II GmbH ＆ Co. KG,GmbH & Co. KG,Stephanitorsbollwerk,3,Bremen,28217,http://www.windmanager.de/,NA
ABR934335741355,Windpark Jübar-Drebenstedt GmbH ＆ Co. KG,GmbH & Co. KG,Stephanitorsbollwerk,3,Bremen,28217,http://www.windmanager.de,NA
ABR938579050297,Windpark Meyn GmbH ＆ Co. KG,GmbH & Co. KG,Dorfstraße,1 ,Egeln,39435,www.windmanager.de,NA
ABR924601204608,Thüringenwind GmbH ＆ Co. Tüngeda KG,GmbH & Co. KG,Hauptstraße,60,Herbsleben,99955,NA,NA
ABR994914181484,Windpark Domnitz GmbH ＆ Co. KG,GmbH & Co. KG,Junkersstraße,7,Hallbergmoos,85399,NA,NA
ABR992820431228,WindRAT Bremen GmbH ＆ Co. KG.,GmbH & Co. KG,Vogtstraße,4,Lohne,49393,NA,NA
ABR951831554296,Energiepark Neuhardenberg GmbH ＆ Co. KG,GmbH & Co. KG,Zeilbaumweg,32,Öhringen,74613,NA,NA
ABR983552301132,ENOVA Windpark Börger Ohe 1 GmbH ＆ Co. KG,GmbH & Co. KG,Steinhausstraße,112,Bunde,26831,www.enova.de,NA
ABR905430502813,Windpark Brilon GmbH ＆ Co. KG,GmbH & Co. KG,Keffelker Straße,27,Brilon,59929,NA,NA
ABR999275057935,Südzucker AG,AG,Maximilianstraße,10 ,Mannheim,68165,www.suedzucker.de,NA
ABR931220074604,FPJ Windkraft Schütting GmbH ＆ Co. KG,GmbH & Co. KG,Osterport,2b,Ostenfeld,25872,NA,NA
ABR933244848827,Papierfabrik Meldorf GmbH ＆ Co. KG,GmbH & Co. KG,Esinger Straße,5,Tornesch,25436,www.PFM-papers.de,NA
ABR926842967274,Robert Bosch GmbH,GmbH,Wernerstraße,51 ,Stuttgart,70469,NA,NA
ABR995081011451,Elbewindparkprojekt GmbH ＆ Co. KG,GmbH & Co. KG,Kantstraße,164,Berlin,10623,NA,NA
ABR962585002209,UGE Göllnitz-West Zwei GmbH ＆ Co. KG Umweltgerechte Energie,GmbH & Co. KG,Schweriner Str.,85,Güstrow,18273,NA,NA
ABR910274501960,Wind-Plan-Sintfeld GmbH ＆ Co. KG,GmbH & Co. KG,Vattmannstraße,6,Paderborn,33100,NA,NA
ABR916751036567,ENOVA Windpark Bunde GmbH ＆ Co. KG,GmbH & Co. KG,Steinhausstraße,112,Bunde,26831,www.enova.de,NA
ABR982758961294,Onshore Wind 2012 Brugger GmbH ＆ Co. KG,GmbH & Co. KG,Klettenbergstraße,12,Frankfurt,60322,NA,NA
ABR938996641573,EP4 Solar Invest 9 GmbH ＆ Co. KG,GmbH & Co. KG,Kirchenpauerstr.,26,Hamburg,20457,NA,NA
ABR955942200073,Faber Solartechnik GmbH,GmbH,Bachstraße,21,Bünde,32257,NA,NA
ABR913038443520,ABO Wind WP Willingen GmbH ＆ Co. KG,GmbH & Co. KG,Oberdorfstraße,10 ,Ingelheim,55262,NA,NA
ABR963118510697,Windpark Cottbuser Halde GmbH ＆ Co. KG,GmbH & Co. KG,Jungfernstieg,1,Hamburg,20095,NA,NA
ABR917419040506,Voltwerk Windpark Beesenstedt GmbH ＆ Co. KG,GmbH & Co. KG,Jungfernstieg,1,Hamburg,20095,NA,NA
ABR937927846100,Windpark Achmer Vinte GmbH & Co. KG Renditefonds c/o ERG Germany GmbH,GmbH & Co. KG,Jungfernstieg,1,Hamburg,20095,NA,NA
ABR963132048626,ERG Wind Weselberg GmbH ＆ Co. KG Standort Dobberkau,GmbH & Co. KG,Jungfernstieg,1,Hamburg,20095,NA,NA
ABR982552350225,Solarpark Niederbobritzsch GmbH ＆ Co. KG,GmbH & Co. KG,Frauensteiner Straße,118,Freiberg,09599,www.sabowind.de,NA
ABR975955212252,Shell Deutschland GmbH,GmbH,New-Orleans-Str.,4,Hamburg,20457,NA,NA
ABR998812183045,MEGGLE GmbH ＆ Co. KG,GmbH & Co. KG,Megglestraße,6 -12,Reitmehring,83512,NA,NA
ABR932558826231,Windpark Niederer Fläming GmbH ＆ Co. KG,GmbH & Co. KG,Asternplatz,3,Berlin,12203,NA,NA
ABR922256867018,ENTEGA Solarpark Thüngen GmbH ＆ Co. KG,GmbH & Co. KG,Frankfurter Straße,110,Darmstadt,64293,NA,NA
ABR904502383756,K/S Hydrovind V,k.s.,Gammel Kirkevej,16,Støvring,9530,NA,NA
ABR968363349054,Aquila Solar INVEST VI GmbH ＆ Co. KG,GmbH & Co. KG,Cecilienkoog,16,Reußenköge,25821,NA,NA
ABR938223622382,UKE Immobilien-Verwaltungs GmbH ＆ Co. KG,GmbH & Co. KG,Martinistraße,52,Hamburg,20251,NA,NA
ABR963474516449,VOSS Energy Projekt 10,GmbH & Co. KG,Strandstr.,95,Rostock,18055,https://www.vossenergy.com/index.php/de/,NA
ABR940794673649,GefuE GmbH & Co. 2. Wind-Weiterbetriebs KG,GmbH & Co. KG,Herrlichkeit,2,Bremen,28199,www.gefue.de,NA
ABR995820353118,Unger Erneuerbare Energien GmbH ＆ Co. KG,GmbH & Co. KG,Freiberger Straße,510,Olbernhau,09526,NA,NA
ABR923318640136,Windpark Dischingen GmbH ＆ Co. KG,GmbH & Co. KG,Stadtstraße,20,Glückstadt,25348,NA,NA
ABR907457433392,Zweckverband Bodensee Wasserversorgung Ansprechpartner Stephan Blaß,Sonstige,Hauptstraße,163,Stuttgart,70563,NA,NA
ABR977961168837,CEE Windpark Jülich-Barmen-Merzenhausen GmbH ＆ Co. KG,GmbH & Co. KG,Eichenweg,35,Rotenburg,27356,NA,NA
ABR981846342212,SWM Windpark Havelland GmbH ＆ Co. KG,GmbH & Co. KG,Stephanitorsbollwerk,3,Bremen,28217,http://www.windmanager.de/,NA
ABR912671732169,Windpark Medow Erste Betriebs GmbH ＆ Co. KG,GmbH & Co. KG,Am Binnenhafen,54,Husum,25813,NA,NA
ABR937105935534,Bürgerwindpark Schafflund GmbH ＆ Co.KG,GmbH & Co. KG,Bärenshöfter Straße,12,Schafflund,24980,NA,NA
ABR993473132661,Windkraft Schanzberg 4 GmbH ＆ Co.KG,GmbH & Co. KG,Quersteg,11,Oberseifersdorf,02763,NA,NA
ABR985323171210,WKN Windkraft Nord GmbH ＆ Co. Windpark Puls KG,GmbH & Co. KG,Otto-Hahn-Straße,12 -16,Husum,25813,www.bgz-gmbh.de,NA
ABR951821791892,Windkraft Hornsömmern GmbH ＆ Co. KG,GmbH & Co. KG,Hauptstraße,60,Herbsleben,99955,NA,NA
ABR929183377122,Windkraft Tornow T05 GmbH ＆ Co. KG,GmbH & Co. KG,Hauptstraße,60,Herbsleben,99955,NA,NA
ABR912021267419,Windkraft Auma GmbH ＆ Co. KG,GmbH & Co. KG,Markt,1,Auma-Weidatal,07955,NA,NA
ABR958515820081,Sunnic Lighthouse Solar Invest 20 GmbH,GmbH,Kirchenpauerstr.,26,Hamburg,20457,NA,NA
ABR993172764651,Sunnic Lighthouse Solar Invest 14 TU 9 GmbH,GmbH,Kirchenpauerstr.,26,Hamburg,20457,NA,NA
ABR920405658623,Sunnic Lighthouse Solar Invest 11 TU 2 GmbH,GmbH,Kirchenpauerstr.,26,Hamburg,20457,NA,NA
ABR979888856705,SachsenFonds Windpark VII GmbH ＆ Co. KG,GmbH & Co. KG,Max-Planck-Straße,3,Aschheim,85609,NA,NA
ABR925244721248,Nordzucker AG Werk Schladen,AG,Bahnhofstraße,13,Schladen,38315,www.nordzucker.com,Nordzucker
ABR919184002284,Jäckering Mühlen- und Nährmittelwerke GmbH,GmbH,Vorsterhauser Weg,46,Hamm,59067,NA,NA
ABR943531574261,Solarpark Volkershausen GmbH ＆ Co. KG,GmbH & Co. KG,Maria-Birnbaum-Straße,20,Sielenbach,86577,NA,NA
ABR954324638817,Constellium Singen GmbH,GmbH,Alusingenplatz,1,Singen,78224,NA,NA
ABR986163576012,Progroup Power 1 GmbH,GmbH,Oderlandstraße,109,Eisenhüttenstadt,15890,www.progroup.ag,Progroup
ABR976340054143,"Nordzucker, Werk Klein Wanzleben",AG,Magdeburger Landstraße,1,Wanzleben-Börde,39164,www.nordzucker.com,Nordzucker
ABR945451105860,Wikinger Offshore Deutschland,GmbH & Co. KG,Friedrichstraße,200,Berlin,10117,https://www.iberdrola.com/,NA
ABR914534428417,Windpark Viertkamp GmbH ＆ Co. KG,GmbH & Co. KG,Große Elbstraße,59,Hamburg,22767,NA,NA
ABR917726513632,RWE Renewables Europe ＆ Australia GmbH,GmbH,RWE-Platz,4 ,Essen,45141,www.rwe.com,RWE
ABR910922968053,Windpark Wohlsdorf GmbH ＆ Co. KG,GmbH & Co. KG,Wullenweberstraße,25,Rotenburg,27356,www.windparkwohlsdorf.de,NA
ABR918847383432,Altenbruch II Wind,GmbH,Otto-Hahn-Straße,12-16,Husum,25813,NA,NA
ABR958877726243,Windpark Norderland GmbH ＆ Co. Holtriemer Hammrich I,GmbH & Co. KG,Nessestraße,24,Leer,26789,NA,NA
ABR911195851226,Onshore Wind 2012 Völschow GmbH ＆ Co. KG,GmbH & Co. KG,Klettenbergstraße,12,Frankfurt,60322,NA,NA
ABR997938663868,Onshore Wind Rippachtal GmbH ＆ Co. KG,GmbH & Co. KG,Klettenbergstraße,12,Frankfurt,60322,NA,NA
ABR935561554061,Onshore Wind 2012 Obhausen-Dornstedt GmbH ＆ Co. KG,GmbH & Co. KG,Klettenbergstraße,12,Frankfurt,60322,NA,NA
ABR930122621060,Onshore Wind Bernitt GmbH ＆ Co. KG,GmbH & Co. KG,Klettenbergstraße,12,Frankfurt,60322,NA,NA
ABR907506418141,Rhein-Main-Donau GmbH,GmbH,Luitpoldstraße,27,Landshut,84034,www.rmd.de,NA
ABR998393214220,Windpark Schönwalde GmbH ＆ Co. KG,GmbH & Co. KG,Windmühlenberg,0,Sehestedt,24814,NA,NA
ABR941001545827,EEW Energy from Waste Stavenhagen GmbH ＆ Co KG,GmbH & Co. KG,Schultetusstraße,43,Stavenhagen,17153,www.eew-energyfromwaste.com,EEW Energy from Waste
ABR925055351955,UGE Am Kesterberg GmbH ＆ Co. KG Umweltgerechte Energie,GmbH & Co. KG,Dorfstr.,20 a,Lohmen,18276,www.uka-gruppe.de,NA
ABR927906277339,BWP 3 GmbH ＆ Co. KG,GmbH & Co. KG,Norderdorf,7,Behrendorf,25850,NA,NA
ABR924424666799,Energie- und Wasserversorgung Bonn/Rhein-Sieg GmbH,GmbH,Welschnonnenstr.,4,Bonn,53111,NA,NA
ABR918975416231,E.ON Energy Solutions GmbH,GmbH,Brüsseler Platz,1,Essen,45131,www.eon.com,EON
ABR902995949558,Windpark Cottbuser See GmbH ＆ Co. KG,GmbH & Co. KG,Windmühlenberg,0,Sehestedt,24814,NA,NA
ABR989906971099,SWM 50 MW Windpark Portfolio GmbH ＆ Co. KG,GmbH & Co. KG,Stephanitorsbollwerk,3,Bremen,28217,www.windmanager.de,NA
ABR997562234304,Windpark Altenau GmbH ＆ Co. KG,GmbH & Co. KG,Stephanitorsbollwerk,3,Bremen,28217,www.wpd.de,NA
ABR963028475710,Windpark Helligbek Betriebsgesellschaft mbH,GmbH,Cecilienkoog,16,Reußenköge,25821,NA,NA
ABR998995085600,Windpark Holtriemer Land I GmbH ＆ Co. KG,GmbH & Co. KG,Nessestraße,24,Leer,26789,NA,NA
ABR916475137915,Steinbeis Energie GmbH,GmbH,Stadtstraße,20,Glückstadt,25348,NA,NA
ABR978913722091,WP Repowering Schrepkow GmbH ＆ Co. KG,GmbH & Co. KG,Steindamm,21,Groß Pankow,16928,NA,NA
ABR981905694689,Windpark Aukrug GmbH ＆ Co. KG,GmbH & Co. KG,Am Torfstich,11,Edemissen,31234,www.windstrom.de,NA
ABR977919126896,Onshore Wind Gesater Wald GmbH ＆ Co. KG,GmbH & Co. KG,Klettenbergstraße,12,Frankfurt,60322,NA,NA
ABR908548153281,GLS Windpark Willebadessen GmbH ＆ Co. KG,GmbH & Co. KG,Christstr.,9,Bochum,44789,NA,NA
ABR921918538938,Windpark Nattheim GmbH,GmbH,Meeboldstraße,1,Heidenheim,89522,NA,NA
ABR997472547198,Windpark Mandelsloh erste GmbH,GmbH,Alte Feldmühle,10,Neustadt,31535,https://www.deangruppe.de/,NA
ABR934816483637,BürgerWindpark Wittbek GmbH ＆ Co. KG,GmbH & Co. KG,Osterwittbekfeld,24,Wittbek,25872,NA,NA
ABR921682617990,Remondis Thermische Abfallverwertung GmbH,GmbH,Butterwecker Weg,6,Staßfurt,39418,NA,NA
ABR929478596559,Energie 3000 Energie und Umweltgesellschaft mbH,GmbH,Hohenfelde,33 ,Alfstedt,27432,NA,NA
ABR946569251166,CHORUS CleanTech GmbH ＆ Co. Solarpark Vilseck KG,GmbH & Co. KG,Prof.-Messerschmitt-Straße,3,Neubiberg,85579,NA,NA
ABR916566675685,Aluminium Oxid Stade GmbH,GmbH,Johann-Rathje-Köser-Str.,NA,Stade,21683,NA,NA
ABR922793638713,StWB Stadtwerke Brandenburg an der Havel,GmbH & Co. KG,Packhofstraße,31,Brandenburg,14776,www.stwb.de,NA
ABR960754487345,LEIPA Georg Leinfelder GmbH,GmbH,Aichacher Straße,8,Schrobenhausen,86529,www.leipa.com,NA
ABR955009338183,Windpark Klobbicke GmbH ＆ Co. KG,GmbH & Co. KG,Windmühlenberg,NA,Sehestedt,24814,NA,NA
ABR977715348881,Windpark Wilstedt Süd GmbH ＆ Co. KG,GmbH & Co. KG,Stephanitorsbollwerk,3,Bremen,28217,www.windmanager.de,NA
ABR982623175368,UW Nielitz GmbH ＆ Co. KG,GmbH & Co. KG,Dieselstraße,4,Husum,25813,NA,NA
ABR925434661491,SBH Wind Broderstorf GmbH ＆ Co.KG,GmbH & Co. KG,Zarpenerhof,1,Zarpen,23619,NA,NA
ABR982372252389,ERG Wind MEG 4 LLP,Sonstige,Angel Court,One,London,EC2R 7HJ,NA,NA
ABR930671621429,ERG Wind MEG 1 LLP,Sonstige,Angel Court,One,London,EC2R 7HJ,NA,NA
ABR920140684185,ERG Wind MEG 2 LLP2,Sonstige,Angel Court,One,London,EC2R 7HJ,NA,NA
ABR902028205019,UGE Barkow GmbH ＆ Co KG Umweltgerechte Energie,GmbH & Co. KG,Jungfernstieg,1,Hamburg,20095,NA,NA
ABR931418342584,UGE Barkow GmbH ＆ Co. KG Umweltgerechte Energie,GmbH & Co. KG,Jungfernstieg,1,Hamburg,20095,NA,NA
ABR922401550185,Windpark Infrastruktur Oberndorf Intern GmbH ＆ Co. KG,GmbH & Co. KG,Dreekamp,5,Aurich,26605,NA,NA
ABR949349100166,CEE Windpark Haunetal GmbH ＆ Co. KG,GmbH & Co. KG,Eichenweg,35,Rotenburg,27356,NA,NA
ABR941620176310,CEE Windpark Ebenheim GmbH ＆ Co. KG,GmbH & Co. KG,Eichenweg,35,Rotenburg,27356,NA,NA
ABR960717911948,Gothaer Stadtwerke ENERGIE,GmbH,Pfullendorfer Straße,83,Gotha,99867,www.gothaer-stadtwerke-energie.de,NA
ABR951728908805,Onyx Kraftwerk Farge GmbH ＆ Co. KGaA,GmbH & Co. KGaA,Bertolt-Brecht-Platz,3,Berlin,10117,NA,Onyx Power
ABR980561100190,SWN Stadtwerke Neumünster GmbH,GmbH,Bismarckstraße,51,Neumünster,24534,www.stadtwerke-neumuenster.de,NA
ABR972405386327,Onyx Kraftwerk Zolling GmbH ＆Co. KGaA,GmbH & Co. KGaA,Bertolt-Brecht-Platz,3,Berlin,10117,NA,Onyx Power
ABR980124626860,Terminal 2 Gesellschaft ＆ Co. oHG,GmbH & Co. oHG,Terminalstraße Nord,1,München-Flughafen,85356,www.munich-airport.de,NA
ABR991650297257,Solarpark Roitzsch GmbH,GmbH,Große Elbstraße,59,Hamburg,22767,NA,NA
ABR950147924274,Solarpark Brandenburg (Havel) GmbH,GmbH,Große Elbstraße,59,Hamburg,22767,NA,NA
ABR918319607493,Zephyr Eifelwind GmbH ＆ Co. KG,GmbH & Co. KG,Maximinstraße,31,Trier,54292,NA,NA
ABR988438431262,Hessenwasser GmbH ＆ Co. KG,GmbH & Co. KG,Taunusstraße,100,Groß-Gerau,64521,www.hessenwasser.de,NA
ABR917513780087,Windpark Norderland GmbH ＆ Co. KG Blomberg/Neuschoo I,GmbH & Co. KG,Nessestraße,24,Leer,26789,NA,NA
ABR936646613833,Windpark Norderland GmbH ＆ Co. KG Ochtersum I,GmbH & Co. KG,Nessestraße,24,Leer,26789,NA,NA
ABR952064892872,Windpark Norderland GmbH ＆ Co. KG Ochtersum II,GmbH & Co. KG,Nessestraße,24,Leer,26789,NA,NA
ABR961644945150,Verbands-Energie-Werk Gesellschaft für Erneuerbare Energien mbH,GmbH,Arolser Landstraße,27,Korbach,34497,NA,NA
ABR972141364658,Sebe IV GmbH,GmbH,Kurfürstendamm,57,Berlin,10707,NA,NA
ABR903858935077,MVR Müllverwertung Rugenberger Damm GmbH,GmbH,Rugenberger Damm,1,Hamburg,21129,www.mvr-hh.de,NA
ABR928084047578,"IKEA Deutschland GmbH ＆ Co. KG, Niederlassung Hannover",GmbH & Co. KG,Straße der Nationen,10,Hannover,30539,NA,NA
ABR920434659202,Cerdia Produktions GmbH,GmbH,Engesserstraße,8,Freiburg,79108,www.cerdia.com,NA
ABR978915559800,Gemeinschaftskraftwerk Irsching GmbH,GmbH,Paarstraße,30,Vohburg,85088,NA,Uniper
ABR944928053772,Windpark Obhausen/Nemsdorf GmbH ＆ Co. KG,GmbH & Co. KG,Schelmenwasenstraße,15,Stuttgart,70567,NA,NA
ABR966933755045,EnBW WindInvest GmbH ＆ Co. KG,GmbH & Co. KG,Schelmenwasenstraße,15,Stuttgart,70567,NA,EnBW
ABR956671981813,Biomasseheizkraftwerk Zolling GmbH,GmbH,Leiningerstraße,1,Zolling,85406,NA,NA
ABR900352192661,Windenergie Heubusch Sintfeld GmbH ＆ Co. KG,GmbH & Co. KG,Dalheimer Straße,80,Marsberg,34431,NA,NA
ABR993279554995,e.n.o. Windpark GmbH ＆ Co. Wilmersdorf KG,GmbH & Co. KG,Straße am Zeltplatz,7,Ostseebad Rerik,18230,www.eno-energy.com,NA
ABR957465173179,Windenergie Heubuscher Weg GmbH ＆ Co. KG,GmbH & Co. KG,Dalheimer Straße,85,Marsberg,34431,NA,NA
ABR982903799758,EEW Energy from Waste Hannover GmbH,GmbH,Moorwaldweg,310,Hannover,30659,NA,EEW Energy from Waste
ABR947149785521,Windpark Emmendorf GmbH ＆ Co. KG,GmbH & Co. KG,Hauptstraße,44,Zossen,15806,NA,NA
ABR974759053146,BW Bürgerwindpark Fehndorf/Lindloh GmbH ＆ Co. KG,GmbH & Co. KG,Lindenallee,2,Haren,49733,NA,NA
ABR952187406857,Energiepark Uelitz GmbH ＆ Co. KG,GmbH & Co. KG,Obotritenring,40,Schwerin,19053,NA,NA
ABR967884774550,Bürgerwind Buchgarten GmbH ＆ Co.KG,GmbH & Co. KG,Lange Straße,14,Lichtenau,33165,NA,NA
ABR925855005034,Windpark Berge-Kleeste GmbH ＆ Co. KG,GmbH & Co. KG,Windmühlenberg,NA,Sehestedt,24814,NA,NA
ABR943376270649,OffTec-Base GmbH ＆ Co. KG,GmbH & Co. KG,Lecker Straße,7,Enge-Sande,25917,NA,NA
ABR977205562452,UPM GmbH,GmbH,Georg-Haindl-Straße,5,Augsburg,86153,www.upm.com,NA
ABR947732302289,Nordland Papier GmbH,GmbH,Nordlandallee,1,Dörpen,26892,www.upm.com,NA
ABR939061625269,WP Burgberg Projekt I GmbH ＆ Co. KG,GmbH & Co. KG,Schlierbacher Straße,2,Kirchheim,73230,NA,NA
ABR957875782329,UGE Malterhausen GmbH ＆ Co. KG Umweltgerechte Energie,GmbH & Co. KG,Große Elbstraße,59,Hamburg,22767,NA,NA
ABR974649691397,Onyx Kraftwerk Wilhelmshaven GmbH ＆ Co. KG,GmbH & Co. KG,Niedersachsendamm,10,Wilhelmshaven,26386,NA,Onyx Power
ABR972237786944,CHORUS Wind Amöneburg GmbH ＆ Co. KG,GmbH & Co. KG,Große Elbstraße,59,Hamburg,22767,NA,NA
ABR951162294038,Smurfit Westrock Hoya Paper ＆ Board GmbH,GmbH,Von-dem-Bussche-Straße,1,Hoya,27318,https://www.smurfitkappa.com/de/locations/germany/smurfit-kappa-hoya-paper,NA
ABR923144593590,Chorus CleanTech GmbH ＆ Co. Windpark Hellberge KG,GmbH & Co. KG,Große Elbstraße,59,Hamburg,22767,NA,NA
ABR976867254651,Windpark Aller-Leine-Tal GmbH ＆ Co. KG,GmbH & Co. KG,Windmühlenberg,NA,Sehestedt,24814,NA,NA
ABR954096653254,Freesen-Wind V GmbH ＆ Co. KG,GmbH & Co. KG,Nessestraße,24,Leer,26789,NA,NA
ABR910240325552,SkyPower Windenergie e.K.,e.K.,Linkstraße,27 b,Möhnesee,59519,NA,NA
ABR963751821754,envia TEL GmbH,GmbH,Friedrich-Ebert-Straße,26,Markkleeberg,04416,www.enviatel.de,NA
ABR956459241306,Bürgerwindkraft Fuchstal GmbH ＆ Co. KG,GmbH & Co. KG,Bahnhofstraße,1,Fuchstal,86925,NA,NA
ABR997110877342,EEW Energy from Waste Helmstedt GmbH,GmbH,Am Kraftwerk,2,Büddenstedt,38372,NA,EEW Energy from Waste
ABR954915655902,Bürgerwind Berg GmbH ＆ Co. KG,GmbH & Co. KG,Ratsgasse,1,Berg,82335,NA,NA
ABR998382043466,Windpark Völschow GmbH ＆ Co. Vierte Betriebs KG,GmbH & Co. KG,Am Binnenhafen,54,Husum,25813,NA,NA
ABR912191079669,MIBRAG GmbH,GmbH,Glück-Auf-Straße,1,Zeitz,06711,NA,EPH
ABR918411334969,Freesen-Wind III GmbH ＆ Co. KG,GmbH & Co. KG,Nessestraße,24,Leer,26789,NA,NA
ABR910019501521,Windpark Ostermarsch GmbH ＆ Co. KG,GmbH & Co. KG,Nessestraße,24,Leer,26789,NA,NA
ABR943046324726,Bürgerwind Niederkrüchten GmbH ＆ Co. KG,GmbH & Co. KG,Im Bruch,3,Viersen,41751,NA,NA
ABR921637320876,ENOVA Windpark Wilmersdorf GmbH ＆ Co. KG,GmbH & Co. KG,Steinhausstraße,112,Bunde,26831,NA,NA
ABR925244483504,Bioenergie Wismar GmbH,GmbH,Am Torney,2a,Wismar,23970,NA,NA
ABR940594298417,JT Energy Systems GmbH,GmbH,Buchenstr.,1 ,Bobritzsch-Hilbersdorf,09627,www.jt-energy.com,NA
ABR982988239613,Enel Green Power Cremzow GmbH ＆ Co. KG,GmbH & Co. KG,Gut Dauerthal,3,Schenkenberg,17291,NA,NA
ABR906817615676,InfraLeuna GmbH,GmbH,Am Haupttor,4310,Leuna,06237,NA,NA
ABR998755978661,Windpark Steinweg GmbH ＆ Co. KG,GmbH & Co. KG,Nessestraße,24,Leer,26789,NA,NA
ABR999150617155,Windwärts Volandis GmbH ＆ Co. Projekt Gehrden KG,GmbH & Co. KG,Hanomaghof,1,Hannover,30449,NA,NA
ABR995125557297,Nordzucker AG Werk Uelzen,AG,An der Zuckerfabrik,1,Uelzen,29525,NA,Nordzucker
ABR959029440000,Bremerhavener Entsorgungsgesellschaft mbH,GmbH,Zur Hexenbrücke,16,Bremerhaven,27570,www.beg-bhv.de,NA
ABR991847459277,EEW Energy from Waste Saarbrücken GmbH,GmbH,Am Blücherflöz,12,Neunkirchen,66538,www.eew-energyfromwaste.com,EEW Energy from Waste
ABR928581646892,EWF Zwei Vier GmbH ＆ Co. KG,GmbH & Co. KG,Dieselstraße,4,Husum,25813,NA,NA
ABR985286716107,ENOVA Windpark Lahstedt GmbH ＆ Co. KG,GmbH & Co. KG,Steinhausstraße,112,Bunde,26831,www.enova.de,NA
ABR924674808260,Windpark Wriezener Höhe GmbH ＆ Co. KG,GmbH & Co. KG,Dieselstraße,4,Husum,25813,NA,NA
ABR911783544257,JWP Jade Windpark GmbH ＆ Co. VI. Betriebs KG,GmbH & Co. KG,Querfurter Straße,28,Obhausen,06268,NA,NA
ABR965876464977,Windpark Bokelfeld GmbH ＆ Co. KG,GmbH & Co. KG,Geniner Straße,80,Lübeck,23560,NA,NA
ABR936732126636,Carl Macher GmbH ＆ Co. KG,GmbH & Co. KG,Fabrikstraße,14,Köditz,95189,www.macher.de,NA
ABR967067158061,Windwärts Volandis GmbH ＆ Co. Projekt Scholen KG,GmbH & Co. KG,Hanomaghof,1,Hannover,30449,NA,NA
ABR924129391514,NxW Büren GmbH ＆ Co. KG,GmbH & Co. KG,Kantstraße,164,Berlin,10623,https://www.nextwind.de/de,NA
ABR915386754747,Universitätsmedizin Greifswald,Körperschaft des öffentlichen Rechts,Walther-Rathenau-Straße,46,Greifswald,17489,NA,NA
ABR952536526304,Wind Power GmbH ＆ Co. Windpark Engelrod KG,GmbH & Co. KG,Meierkamp,3,Hohenhameln,31249,NA,NA
ABR964113303512,Windpark Neutz GmbH ＆ Co. KG,GmbH & Co. KG,Junkersstraße,7,Hallbergmoos,85399,NA,NA
ABR954757994443,Windpark Nortorf 2 GmbH ＆ Co.KG,GmbH & Co. KG,An der Ziegelei,24,Nortorf,25554,NA,NA
ABR999014678889,Ruhr Oel GmbH – BP Gelsenkirchen,GmbH,Alexander-von-Humboldt-Straße,1,Gelsenkirchen,45896,https://www.bp.com/de_de/germany/home.html,NA
ABR990773625367,Universitätsklinkum Freiburg und Bad Krozingen,Anstalt des öffentlichen Rechts,Südring,15,Bad Krozingen,79189,https://www.uniklinik-freiburg.de/de.html,NA
ABR921495883728,Windkraft Kletzin Betriebs GmbH ＆ Co. KG,GmbH & Co. KG,Dorfstraße,15,Kletzin,17111,NA,NA
ABR991212138783,UMP-HeideWind GmbH ＆ Co. KG,GmbH & Co. KG,Andreasstraße,17,Verden,27283,NA,NA
ABR902678064189,NxW Springe Bennigsen GmbH ＆ Co. KG,GmbH & Co. KG,Kantstraße,164,Berlin,10623,https://www.nextwind.de/de,NA
ABR989759872512,BWP Westerhausen 1 GmbH ＆ Co. KG,GmbH & Co. KG,Anzetel,5,Wilhelmshaven,26388,NA,NA
ABR944587237148,BWP Westerhausen 3 GmbH ＆ Co. KG,GmbH & Co. KG,Anzetel,5,Wilhelmshaven,26388,NA,NA
ABR913995817099,Everllence SE,SE,Stadtbachstraße 1,NA,Augsburg,86163,NA,NA
ABR965065740509,EOS Windpark Freudenberg Brieske GmbH ＆ Co. KG,GmbH & Co. KG,Schloßplatz,3 ,Oldenburg,26122,www.eosholding.ch,NA
ABR941595756418,DREWSEN Spezialpapiere GmbH ＆ Co. KG,GmbH & Co. KG,Georg-Drewsen-Weg,2,Lachendorf,29331,www.drewsen.com,NA
ABR967008498546,OWL Erneuerbare Energien GmbH＆Co.KG,GmbH & Co. KG,Neuer Platz,1,Paderborn,33098,NA,NA
ABR920316084252,MVA Bielefeld-Herford GmbH,GmbH,Schelpmilser Weg,30,Bielefeld,33609,NA,NA
ABR927747822613,Windpark Schwanebeck GmbH ＆ Co. 2. Betriebs KG,GmbH & Co. KG,Stahltwiete,21 a,Hamburg,22761,NA,NA
ABR961537963551,OTF Anzetel WEA 1 GmbH ＆ Co. KG,GmbH & Co. KG,Anzetel,5,Wilhelmshaven,26388,NA,NA
ABR954297833578,enercity Erneuerbare Tiefenriede GmbH ＆ Co. KG,GmbH & Co. KG,Nessestraße,24,Leer,26789,NA,NA
ABR996548363045,Windwandler GmbH ＆ Co. KG,GmbH & Co. KG,Paradiesstraße,23-25,Kirchheim,73230,NA,NA
ABR934377353684,Windfeld Bütow/Zepkow GmbH ＆ Co. 1. Betreiber KG,GmbH & Co. KG,Hof,NA,Bütow,17209,NA,NA
ABR903709195780,FIMA Invest VIII UG (haftungsbeschränkt) ＆ Co. KG,UG (haftungsbeschränkt) & Co. KG,Pfarrer-Klinger-Straße,26,Hofkirchen,94544,NA,NA
ABR952088505314,WP Hüselitz 1 GmbH ＆ Co. KG,GmbH & Co. KG,Poststraße,3,Stendal,39576,NA,NA
ABR917144931827,Windpark Kesfeld-Heckhuscheid GmbH ＆ Co. KG,GmbH & Co. KG,Windmühlenberg,NA,Sehestedt,24814,NA,NA
ABR920816539849,Naturwind Schwerin GmbH,GmbH,Schelfstr.,35,Schwerin,19055,NA,NA
ABR925835577391,HelveticWind Sendenhorst GmbH,GmbH,Hauptstraße,65,Berlin,12159,NA,NA
ABR958599094392,Röhm GmbH,GmbH,Deutsche-Telekom-Allee,9,Darmstadt,64295,www.roehm.com,NA
ABR925448033956,Airbus Operations,GmbH,Kreetslag,10,Hamburg,21129,NA,NA
ABR915705520855,WP Hüselitz 2 GmbH ＆ Co. KG,GmbH & Co. KG,Poststraße,3,Stendal,39576,NA,NA
ABR902374476484,Windpark Wunderburg GmbH ＆ Co. KG,GmbH & Co. KG,Stephanitorsbollwerk,3,Bremen,28217,http://www.windmanager.de/,NA
ABR970606722807,essity Operations Mainz-Kostheim GmbH,GmbH,Kommerzienrat-Disch-Brücke,1,Mainz-Kostheim,55246,www.essity.com,essity
ABR975203323204,Windpark Freiheit III GmbH ＆ Co. KG,GmbH & Co. KG,Dauerthal,3,Schenkenberg,17291,NA,NA
ABR921657003247,Trianel Windpark Treis GmbH ＆ Co. KG,GmbH & Co. KG,Krefelder Straße,203,Aachen,52070,NA,NA
ABR945448048705,Windpark Geilenkirchen Lindern GmbH ＆ Co. KG,GmbH & Co. KG,Berliner Ring,11,Geilenkirchen,52511,NA,NA
ABR950607820238,Bürgerwindpark Dalldorf-Grabau GmbH ＆ Co. KG,GmbH & Co. KG,Dorfstraße,11,Suhlendorf,29562,NA,NA
ABR957901036419,Stadtentwässerung Hannover,Eigenbetrieb,Sorststraße,16,Hannover,30165,www.stadtentwaesserung-hannover.de,NA
ABR990388771138,DS Smith Paper Deutschland GmbH,GmbH,Kasseler Landstraße,23,Witzenhausen,37213,www.dssmith.com,NA
ABR991103235737,meridian Windpark Brüheim GmbH ＆ Co.KG,GmbH & Co. KG,Schützenstraße,2,Suhl,98527,www.meridian-energy.de,NA
ABR928567608968,Eurowind Energy GmbH,GmbH,Stahltwiete,21 a,Hamburg,22761,NA,NA
ABR917281658977,Repowering Steinburg GmbH ＆ Co. KG,GmbH & Co. KG,Hauptstraße,19,Süderau,25361,NA,NA
ABR947175798014,RWE Windpark Bedburg A44n GmbH & Co. KG,GmbH & Co. KG,Am Rathaus,1,Bedburg,50181,NA,RWE
ABR968553966436,PROKON Windpark Dennin GmbH ＆ Co.KG,GmbH & Co. KG,Kirchhoffstraße,3,Itzehoe,25524,www.prokon.net,NA
ABR959752594582,AREF Windpark Göllnitz GmbH ＆ Co. KG,GmbH & Co. KG,Am Haag,10,Gräfelfing,82166,NA,NA
ABR977939099798,Phase 5 GmbH ＆ Co. Pinnow 5 KG,GmbH & Co. KG,Cecilienkoog,16,Reußenköge,25821,NA,NA
ABR933268725296,AN Wind GmbH ＆ Co.KG,GmbH & Co. KG,Dieselstraße,4,Husum,25813,NA,NA
ABR993979237631,Windpark Eckolstädt GmbH ＆ Co. KG,GmbH & Co. KG,Windmühlenberg,NA,Sehestedt,24814,NA,NA
ABR928165548314,Windpark “Vorm Wind” GmbH ＆ Co. KG,GmbH & Co. KG,Groß Charlottengroden,11,Wittmund,26409,NA,NA
ABR912780792597,HSW Windpark Großrössen II GmbH＆ Co.KG,GmbH & Co. KG,Meeboldstraße,1,Heidenheim,89522,https://www.stadtwerke-heidenheim.de/,NA
ABR961695341376,"Helios Klinikum, Berlin Buch",GmbH,Schwanebecker Chaussee,50,Berlin,13125,https://myhelios.helios-gesundheit.de/mein-standort/?clinic=2821,NA
ABR909836821509,Windkraft Presen GmbH ＆ Co. KG c/o Reiner Haselhorst,GmbH & Co. KG,Presen,14,Fehmarn,23769,NA,NA
ABR993332229709,WPA GmbH ＆ Co. KG,GmbH & Co. KG,Aldorf,2,Barnstorf,49406,NA,NA
ABR973539296803,Coppenbrügge Landwind 01 GmbH ＆ Co.KG,GmbH & Co. KG,Watenstedter Straße,11,Gevensleben,38384,www.landwind-gruppe.de,NA
ABR995819139631,Salzhemmendorf Wind GmbH ＆ Co.KG,GmbH & Co. KG,Watenstedter Straße,11,Gevensleben,38384,www.landwind-gruppe.de,NA
ABR995637607350,Grosskraftwerk Mannheim,AG,Marguerrestraße,1,Mannheim,68199,www.gkm.de,NA
ABR985889377026,Neubrandenburger Stadtwerke GmbH,GmbH,John-Schehr-Straße,1,Neubrandenburg,17033,NA,NA
ABR912202965646,Windkraft Ziepel GmbH ＆ Co. KG,GmbH & Co. KG,Lindenstraße (Möckern),14,Möckern,39291,NA,NA
ABR959810346610,Kelheim Fibres GmbH,GmbH,Regensburger Straße,109,Kelheim,93309,www.kelheim-fibres.com,NA
ABR987707405676,Vörden Landwind 01 GmbH ＆ Co.KG,GmbH & Co. KG,Watenstedter Straße,11,Gevensleben,38384,www.landwind-gruppe.de,NA
ABR906847528731,Windpark Falkenhöhe GmbH ＆ Co. KG,GmbH & Co. KG,Paradiesstraße,25,Kirchheim,73230,NA,NA
ABR954489789225,Nordzucker,AG,Zuckerfabrik,3,Hohenhameln,31249,NA,Nordzucker
ABR999832559438,Energreen Windpark Ahorn-Schillingstadt GmbH ＆ Co. KG,GmbH & Co. KG,Oberdorfstraße,10,Ingelheim,55262,NA,NA
ABR933815618781,Windpark Freyenstein-Halenbeck GmbH ＆ Co. KG,GmbH & Co. KG,Windmühlenberg,NA,Sehestedt,24814,NA,NA
ABR902102663780,TOBI energy GmbH ＆ Co. Kabeltrasse Kauxdorf KG,GmbH & Co. KG,Hanomaghof,1,Hannover,30449,NA,NA
ABR991164117607,PD energy GmbH,GmbH,Zörbiger Straße (Bitterfeld),22,Bitterfeld-Wolfen,06749,www.pd-energy.de,NA
ABR959233571880,C＆C Windenergie GmbH ＆ Co. KG,GmbH & Co. KG,Trierer Straße,43,Hallschlag,54611,NA,NA
ABR962315582698,Windpark Perl Renglischberg UG (haftungsbeschränkt) ＆ Co. KG,UG (haftungsbeschränkt) & Co. KG,Kesselstraße,3,Düsseldorf,40221,www.aream.de,NA
ABR981525548720,Windpark Wilsickow GmbH ＆ Co. KG,GmbH & Co. KG,Börstelstraße,70,Löhne,32584,NA,NA
ABR976663927414,Windpark Groß Luckow GmbH ＆ Co. KG,GmbH & Co. KG,Börstelstraße,70,Löhne,32584,NA,NA
ABR970688215679,Zweite Volkswind GmbH ＆ Co. KG,GmbH & Co. KG,Feldstraße,2,Prinzhöfte,27243,NA,NA
ABR937563869716,Dritte Volkswind GmbH ＆ Co. KG,GmbH & Co. KG,Gustav-Weißkopf-Straße,3,Ganderkesee,27777,NA,NA
ABR900676089272,Raquet ＆ Stiegele GbR,GbR,Bismarckstraße,14,Worms,67551,NA,NA
ABR973242425903,Volkswind Immenrode GmbH,GmbH,Gustav-Weißkopf-Straße,3,Ganderkesee,27777,NA,NA
ABR930467309548,Windpark Schnatebüll Repowering GmbH ＆ Co.KG,GmbH & Co. KG,Leckeng,3a,Leck,25917,NA,NA
ABR991299138126,Michelin Reifenwerke AG ＆ Co. KGaA,AG & Co. KGaA,Michelinstraße,4,Karlsruhe,76185,www.michelin.de,NA
ABR923602738990,Windpark Rodenkircherwurp GmbH ＆ Co. Bürgerwindkraft KG,GmbH & Co. KG,Abserdeich,12,Stadland,26935,NA,NA
ABR950912539849,Windpark Greifenhain GmbH ＆ Co. KG,GmbH & Co. KG,Max-Born-Str.,1 ,Rheine,48431,NA,NA
ABR987887293926,Stadtwerke Frankfurt (Oder) GmbH,GmbH,Karl-Marx-Straße,195,Frankfurt,15230,www.stadtwerke-ffo.de,NA
ABR908197915490,Windpark Charlottenpolder GmbH＆Co.KG,GmbH & Co. KG,Heinitzpolder,19,Bunde,26831,NA,NA
ABR993548501873,Rudewig Windpower - Michael Rudewig,Einzelunternehmen,In der Gasse,12,Neustadt,35279,NA,NA
ABR953977919991,Bürgerwind Schwalmstadt GmbH,GmbH,Bahnhofstraße,40-42,Schwalmstadt,34613,NA,NA
ABR902480924114,Siedenbrünzower Windkraft GmbH ＆ Co. Windpark im Radeland KG,GmbH & Co. KG,Zum Umspannwerk,1,Siedenbrünzow,17111,NA,NA
ABR951821739603,Energreen Windpark Himmelwald GmbH ＆ Co. KG,GmbH & Co. KG,Oberdorfstraße,10,Ingelheim,55262,NA,NA
ABR916808838076,Energreen Windpark Nonnenholz GmbH ＆ Co. KG,GmbH & Co. KG,Oberdorfstraße,10,Ingelheim,55262,NA,NA
ABR943061014046,EEW Energy from Waste Stapelfeld GmbH,GmbH,Ahrensburger Weg,4,Stapelfeld,22145,https://www.eew-energyfromwaste.com/de/standorte/stapelfeld/,EEW Energy from Waste
ABR920498030191,Norddeutsche Energie WP Wansleben GmbH ＆ Co. KG,GmbH & Co. KG,Straße am Zeltplatz,7,Ostseebad Rerik,18230,NA,NA
ABR990622325080,Windpark Kittlitz GmbH ＆ Co. KG,GmbH & Co. KG,Windmühlenberg,NA,Sehestedt,24814,NA,NA
ABR925123104353,Lorica Windpark Biere GmbH ＆ Co. KG,GmbH & Co. KG,Magdeburger Straße (Biere),7,Biere,39221,NA,NA
ABR941503260853,Bürgerwindpark Bakum West GmbH ＆ Co. KG,GmbH & Co. KG,Tirpitzstraße,39,Oldenburg,26122,https://www.alterric.com/,NA
ABR968929494860,Windpark Wetzen GmbH ＆ Co. KG,GmbH & Co. KG,Altenbrückerdamm,5 A,Lüneburg,21337,NA,NA
ABR999780788287,Rettenmeier Holzindustrie Ramstein GmbH,GmbH,Industriestraße,1,Ramstein-Miesenbach,66877,www.rettenmeier.com,NA
ABR945274272916,Vierte Volkswind GmbH ＆ Co. KG,GmbH & Co. KG,Feldstraße,2,Prinzhöfte,27243,NA,NA
ABR986281149945,WindMW GmbH,GmbH,Rickmer-Bock-Wai,1210,Helgoland,27498,www.windmw.de,NA
ABR995871856262,Vento Ludens GmbH ＆Co.KG,GmbH & Co. KG,Hauptstraße,105,Jettingen-Scheppach,89343,NA,NA
ABR910401417959,Erneuerbare Energie Kraushaar GmbH,GmbH,Am Brühl,7,Unstruttal,99996,NA,NA
ABR994305088439,EEW Energy from Waste Saarbrücken GmbH  AHKW-Neunkirchen,GmbH,Am Blücherflöz,12,Neunkirchen,66538,https://www.eew-energyfromwaste.com/de/standorte/neunkirchen.html,EEW Energy from Waste
ABR946185373426,Anumar Solarpark Schornhof GmbH ＆ Co. KG,GmbH & Co. KG,Schloßplatz,1,Berg im Gau,86562,NA,NA
ABR992276038262,Windpark Dahme II GmbH ＆ Co. KG,GmbH & Co. KG,Mittelstraße,3 B,Schönefeld,12529,www.u-energy.de,NA
ABR933906585633,Windenergie Gutach GmbH ＆ Co. KG,GmbH & Co. KG,Hauptstraße,38,Gutach,77793,NA,NA
ABR904224762709,UGE Lieskau Drei GmbH & Co. KG Umweltgerechte Energie,GmbH & Co. KG,Dr.-Eberle-Platz,1,Meißen,01662,NA,NA
ABR974291655624,Windpark Fahrenwalde infra GmbH,GmbH,Barkhorster Straße,12,Lasbek,23847,www.airwin.de,NA
ABR947227410345,Sappi Alfeld,GmbH,Mühlenmasch,1,Alfeld,31061,NA,Sappi
ABR996206370163,Klinikum Itzehoe,N.V.,Robert-Koch-Straße,2,Itzehoe,25524,NA,NA
ABR905881148516,Windpark Redekin-Genthin GmbH ＆ Co. KG,GmbH & Co. KG,Windmühlenberg,1,Sehestedt,24814,NA,NA
ABR914746888122,MLK Windpark Briesen Nr. 59 GmbH ＆ Co. KG,GmbH & Co. KG,Lichtenberger Weg,4,Jacobsdorf,15236,NA,NA
ABR932924700936,Martinswerk GmbH,GmbH,Kölner Straße,110,Bergheim,50127,NA,NA
ABR900568194206,WindStrom Energieanlagen GmbH ＆ Co. KG,GmbH & Co. KG,Am Torfstich,11,Edemissen,31234,www.windstrom.de,NA
ABR913686308226,RTL Television GmbH,GmbH,Picassoplatz,1,Köln,50679,https://www.mediengruppe-rtl.de/,NA
ABR973366544580,Windpark Teltow II GmbH ＆ Co. KG,GmbH & Co. KG,Am Köllnischen Park,1,Berlin,10179,NA,NA
ABR907306371264,Bürgerwindmühlen Ottendorf GmbH ＆ Co. KG,GmbH & Co. KG,Friedrich-Ebert-Straße,9,Flensburg,24937,NA,NA
ABR973085819860,Windpark Neuendorf Kakerbeck Nr. 20 GmbH ＆ Co. KG,GmbH & Co. KG,Am Kaiserkai,62,Hamburg,20457,NA,NA
ABR924151992529,EEW Energy from Waste Premnitz GmbH,GmbH,Dr.-Herbert-Rein-Straße,1,Premnitz,14727,https://www.eew-energyfromwaste.com/,EEW Energy from Waste
ABR966586376659,Norddeutsche Energie WP Stäbelow 1 GmbH ＆ Co. KG,GmbH & Co. KG,Straße am Zeltplatz,7,Ostseebad Rerik,18230,NA,NA
ABR947842135418,WP Düngenheim GmbH ＆ Co. KG,GmbH & Co. KG,Oberdorfstraße,10,Ingelheim,55262,NA,NA
ABR963930749794,DOTI Deutsche Offshore- Testfeld- und Infrastruktur- GmbH ＆ Co. KG,GmbH & Co. KG,Tirpitzstraße,39,Oldenburg,26122,NA,NA
ABR978744643015,Julius Schulte Trebsen GmbH ＆ Co. KG,GmbH & Co. KG,Pauschwitzer Straße,45,Trebsen,04687,NA,NA
ABR935436496069,Batteriespeicher Schwerin GmbH ＆ Co. KG,KG,Obotritenring,40,Schwerin,19053,www.batteriespeicher.gmbh,NA
ABR924979291859,Bernardo Wind GmbH ＆ Co. KG,GmbH & Co. KG,Alexander-Bell-Straße,20,Alfter,53347,NA,NA
ABR930850941843,Bürgerwind Lindloh 2 GmbH ＆ Co. KG,GmbH & Co. KG,Lindenallee,2,Haren,49733,NA,NA
ABR996484531713,Allessa GmbH,GmbH,Alt-Fechenheim,34,Frankfurt,60386,NA,NA
ABR918899642983,Dallgow Infrastruktur GmbH,GmbH & Co. KG,Seeburger Chaussee,20,Dallgow-Döberitz,14624,www.saferay.com,NA
ABR908018347646,Onshore Wind 2012 Sachsen-Anhalt Süd Fünfzehn GmbH ＆ Co. KG,GmbH & Co. KG,Klettenbergstraße,12,Frankfurt,60322,www.aez-teuchern.de,NA
ABR981528566783,WP Sachsen-Anhalt Süd Sechs GmbH ＆ Co. KG,GmbH & Co. KG,Straße des Friedens,34 C,Teuchern,06682,www.aez-teuchern.de,NA
ABR909427493641,QE Egeln GmbH,GmbH,Unter den Linden,21,Berlin,10117,https://qualitasenergy.com/de/,NA
ABR994845843888,Smurfit Westrock Herzberg Solid Board GmbH,GmbH,Andreasberger Straße,1,Herzberg,37412,NA,Smurfit Westrock
ABR901429717015,Windparkbetriebsgesellschaft Jühnde mbH,GmbH,Schloss-Gutshof,1,Jühnde,37127,NA,NA
ABR995855144040,HelveticWind Lüdersdorf Parstein GmbH,GmbH,Hauptstraße,65,Berlin,12159,www.bkw.de,NA
ABR943755424717,Windpark Sarmersbach GbR c/o Jan Vium,GbR,Am Oxer,7,Harrislee,24955,NA,NA
ABR973599868989,Windpark Bickenbach Innen-GbR,GbR,Rosenweg,8,Dunningen,78655,NA,NA
ABR940721529735,Rudewig ＆ Lompe Energie GbR,GbR,In der Gasse,12,Neustadt,35279,NA,NA
ABR916600849546,CropEnergies Bioethanol GmbH,GmbH,Albrechtstraße,54,Zeitz,06712,www.cropenergies.com,NA
ABR906995668815,WE Elsdorf GmbH ＆ Co. KG,GmbH & Co. KG,Rosenweg,8,Dunningen,78655,NA,NA
ABR914652075708,QE Stockelsdorf Bestand GmbH ＆ Co. KG,GmbH & Co. KG,Unter den Linden,21,Berlin,10117,NA,NA
ABR964713323545,Infrastrukturgemeinschaft Völschow Ost GbR,GbR,An der Dorfstr.,9,Süderholz,18516,NA,NA
ABR988215850415,MLK Windpark Treplin Nr. 60 GmbH ＆ Co. KG,GmbH & Co. KG,Lichtenberger Weg,4,Jacobsdorf,15236,NA,NA
ABR997106866312,noris network AG,AG,Thomas-Mann-Straße,16-20,Nürnberg,90471,https://www.noris.de/,NA
ABR927305173249,Lichtenau Windparkbetriebsgesellschaft mbH,GmbH,Unterm Horn,20,Lichtenau,33165,https://www.alterric.com/,NA
ABR998443179714,Windpark Altenbruch-Ost GmbH ＆ Co.KG,GmbH & Co. KG,Peter-Henlein-Straße,2-4,Cuxhaven,27472,NA,NA
ABR984639805598,e.distherm Energielösungen GmbH,GmbH,Mizarstraße,3,Schönefeld,12529,NA,NA
ABR949048863966,Eigenbetrieb Freizeitpark / Windpark der Stadt Pegnitz,Eigenbetrieb,Hauptstraße,37,Pegnitz,91257,NA,NA
ABR988234760740,Solarpark Lettewitz GmbH,GmbH,Große Elbstraße,59,Hamburg,22767,NA,NA
ABR934726910469,Bayerischer Rundfunk,Anstalt des öffentlichen Rechts,Rundfunkplatz,1,München,80335,NA,NA
ABR934103707521,CaSa Energy GmbH,GmbH,Hafenstraße,14,Hameln,31785,NA,NA
ABR918581342252,Norddeutsche Energie WP Kauxdorf GmbH ＆ Co. KG,GmbH & Co. KG,Straße am Zeltplatz,7,Ostseebad Rerik,18230,NA,NA
ABR927630247806,Holcim (Süddeutschland) GmbH,GmbH,Hauptstrasse,NA,Breitscheid,35767,www.holcim.de,NA
ABR985076101779,Windpark Chüden Eins UG (haftungsbeschränkt) ＆ Co. KG,UG (haftungsbeschränkt) & Co. KG,Kesselstraße,3,Düsseldorf,40221,NA,NA
ABR952988023604,Windpark Fehmarn Nord-West,GmbH & Co. KG,Carolinenhof,1,Fehmarn,23769,NA,NA
ABR917952693580,QE Pronstorf Bestand GmbH ＆ Co. KG,GmbH & Co. KG,Unter den Linden,21,Berlin,10117,NA,NA
ABR923870628320,QE Dissau Bestand GmbH ＆ Co. KG,GmbH & Co. KG,Unter den Linden,21,Berlin,10117,NA,NA
ABR910484928885,QE Cashagen Bestand GmbH ＆ Co. KG,GmbH & Co. KG,Unter den Linden,21,Berlin,10117,NA,NA
ABR927007849541,Energiepark Alfstedt WP ALF GmbH ＆ Co. KG,GmbH & Co. KG,Stresemannstraße,46,Bremerhaven,27570,NA,NA
ABR937795234979,Energiepark Oerel BGWP OER GmbH ＆ Co. KG,GmbH & Co. KG,Stresemannstraße,46,Bremerhaven,27570,www.energiekontor.com,NA
ABR940032515243,Rudewig Windpower Freiensteinau - Michael Rudewig,Einzelunternehmen,In der Gasse,12,Neustadt,35279,NA,NA
ABR963380076228,Hasso Plattner Institut für Digital Engineering gGmbH,gGmbH,Prof.-Dr.-Helmert-Straße,2-3,Potsdam,14482,www.hpi.de,NA
ABR908193442624,GLOBALFOUNDRIES Dresden Module Two LLC ＆ Co. KG,Sonstige,Wilschdorfer Landstraße,101,Dresden,01109,NA,GLOBALFOUNDRIES
ABR978752396675,E-Park IS GmbH ＆ Co KG,GmbH & Co. KG,Herrnwinden,10,Rothenburg,91541,NA,NA
ABR991514406177,MAN Truck ＆ Bus SE,SE,Dachauer Straße,667,München,80995,NA,NA
ABR985735550931,Lorica Windpark Wenddorf GmbH ＆ Co. KG,GmbH & Co. KG,Magdeburger Straße (Biere),7,Biere,39221,NA,NA
ABR969352178259,Lorica Windpark Stegelitz GmbH ＆ Co. KG,GmbH & Co. KG,Lindenstr.,25,Stegelitz,39291,NA,NA
ABR986443931555,WEA Windpark Walchum GmbH ＆ Co. KG,GmbH & Co. KG,Süd-Nord-Straße,25,Walchum,26907,NA,NA
ABR999549023369,Windpark Esche GmbH ＆ Co. KG,GmbH & Co. KG,Zum Escher Feld,3,Esche,49828,NA,NA
ABR921288600518,2.BWP Norstedt GmbH ＆ Co. KG,GmbH & Co. KG,Westerende,27,Norstedt,25884,NA,NA
ABR924324834540,WF Windpark Freren GmbH ＆ Co. KG,GmbH & Co. KG,Kirchstraße,5,Freren,49832,NA,NA
ABR922628176984,Windpark Bimolten GmbH ＆ Co. KG,GmbH & Co. KG,Schoolsteege,7,Nordhorn,48527,NA,NA
ABR912619840499,Bürgerwindpark Lengerich GmbH ＆ Co. KG,GmbH & Co. KG,Mittelstraße,15,Lengerich,49838,NA,NA
ABR950855209229,AgRo ＆ WEA Windpark Lengerich I GmbH ＆ Co. KG,GmbH & Co. KG,Mittelstraße,15,Lengerich,49838,NA,NA
ABR927339753943,Windpark Gollmitz GmbH ＆ Co. KG,GmbH & Co. KG,Hafenbahn,10,Rheine,48431,NA,NA
ABR930559812949,Windpark Waltersdorf GmbH ＆ Co. KG Renditefonds,GmbH & Co. KG,Windmühlenberg,1,Sehestedt,24814,http://www.windmanager.de/,NA
ABR988468853263,Technische Universität München,Körperschaft des öffentlichen Rechts,Boltzmannstraße,19,Garching,85748,NA,NA
ABR990004275491,Erste Bürgerwindpark Ahrenviöl/Ahrenviölfeld GmbH ＆ Co. KG,GmbH & Co. KG,Hauptstraße,3,Ahrenviöl,25885,NA,NA
ABR928620271870,Windenergie Stroman GmbH ＆ Co. KG,GmbH & Co. KG,Blockhausweg,3,Hinte,26759,NA,NA
ABR999169286144,Gemeinsames Kommunalunternehmen f. Abfallwirtschaft d. Landkreise Fürstenfeldbruck u. Dachau,Anstalt des öffentlichen Rechts,Josef-Kistler-Weg,22,Olching,82140,www.gfa-online.com,NA
ABR941211411547,ORION Engineered Carbons GmbH,GmbH,Harry-Kloepfer-Str.,1,Köln,50997,NA,NA
ABR989101886914,Finanz Informatik,GmbH & Co. KG,Theodor-Heuss-Allee,90,Frankfurt,60486,NA,NA
ABR928570617063,Windpark Lüngholm Betriebsgesellschaft mbH,GmbH,Cecilienkoog,16,Reußenköge,25821,www.gp-joule.de,NA
ABR937637196106,Rheinkraftwerk Albbruck-Dogern AG,AG,Säckinger Straße,67,Laufenburg,79725,NA,NA
ABR935436324768,Schluchseewerk AG,AG,Säckinger Straße,67,Laufenburg,79725,NA,NA
ABR981987934291,Kirschbaum Energie UG (haftungsbeschränkt),UG (haftungsbeschränkt),Rotdornstraße,4,Drebkau,03116,NA,NA
ABR920742611459,ROMONTA GmbH,GmbH,Chausseestraße,1,Seegebiet Mansfelder Land,06317,www.romonta.de,NA
ABR959896661423,AG der Dillinger Hüttenwerke,AG,Werkstraße,1,Dillingen,66763,www.dillinger.de,NA
ABR927690947142,Bürgerwindpark Medelby 2 GmbH ＆ Co. KG,GmbH & Co. KG,Hauptstraße,45,Medelby,24994,NA,NA
ABR985310436612,EnspireME,GmbH,Hopfenstrasse,1 d,Kiel,24114,NA,NA
ABR984185376016,Windkraft Gerolsbach GmbH ＆ Co. KG,GmbH & Co. KG,Hofmarkstraße,1,Gerolsbach,85302,NA,NA
ABR998631551087,Spradau Wind Betriebs GmbH ＆ Co. KG,GmbH & Co. KG,Spradau,1,Winkelsett,27243,NA,NA
ABR945392764232,MBBF Windpark Birkholz GmbH ＆ Co. Betriebs KG,GmbH & Co. KG,Friedrich-Ebert-Straße,28,Varel,26316,NA,NA
ABR923178676795,Windpark Helmste GmbH ＆ Co. KG,GmbH & Co. KG,Kirchweg,6,Deinste,21717,NA,NA
ABR937958267189,Windpark Petjenburg GmbH ＆ Co. KG,GmbH & Co. KG,Woltzetener Straße,4 B,Krummhörn,26736,NA,NA
ABR907644157957,Deinste-Helmste Wind GmbH ＆ Co. KG,GmbH & Co. KG,Hauptstraße,9 ,Deinste,21717,NA,NA
ABR928298152822,BürgerWindEnergie Ehringen GmbH ＆ Co. KG,GmbH & Co. KG,Fiddelstraße,6,Volkmarsen,34471,NA,NA
ABR945978857143,Windpark Bondenschiften GmbH ＆ Co. KG,GmbH & Co. KG,Dorfstraße,60,Beldorf,25557,NA,NA
ABR993881256850,WP Niederkrüchten ApS ＆ Co. KG,ApS,Lise-Meitner-Straße,4,Flensburg,24941,NA,NA
ABR993368509721,Solarpark Neuhausen GmbH,GmbH,Große Elbstraße,59,Hamburg,22767,NA,NA
ABR989917003062,Solar Meuro I GmbH ＆ Co KG,GmbH & Co. KG,Klettwitzer Straße,1,Meuro,01994,NA,NA
ABR939315714695,Solar Meuro II GmbH ＆ Co KG,GmbH & Co. KG,Klettwitzer Straße,1,Meuro,01994,NA,NA
ABR906939159225,Solar Schipkau I GmbH ＆ Co KG,GmbH & Co. KG,Klettwitzer Straße,1,Meuro,01994,NA,NA
ABR987682193162,Solar Schipkau II GmbH ＆ Co KG,GmbH & Co. KG,Klettwitzer Straße,1,Meuro,01994,NA,NA
ABR919384234843,EGGER Holzwerkstoffe Brilon GmbH ＆ Co. KG,GmbH & Co. KG,Im Kissen,19,Brilon,59929,https://www.egger.com,NA
ABR990956524470,Hüttenwerke Krupp Mannesmann GmbH,GmbH,Ehinger Str.,200,Duisburg,47259,www.hkm.de,NA
ABR977381322680,Windpark Borne UG (haftungsbeschränkt) ＆ Co. KG,UG (haftungsbeschränkt) & Co. KG,Kesselstraße,3,Düsseldorf,40221,NA,NA
ABR963477861232,Zweckverband Müllheizkraftwerk Stadt und Landkreis Bamberg,Körperschaft des öffentlichen Rechts,Rheinstraße,6,Bamberg,96052,NA,NA
ABR936418504406,Neptune Energy Deutschland GmbH,GmbH,Ahrensburger Straße,1 ,Hannover,30659,www.neptuneenergy.de,NA
ABR964562369862,AgrarVolt Goch GmbH ＆ Co. KG,GmbH & Co. KG,Dorfstrasse,9,Bordelum,25852,NA,NA
ABR925216763764,Windpark Tiebensee WEA 5 GmbH ＆ Co. KG,GmbH & Co. KG,Tiebenseer Straße,8,Neuenkirchen,25792,NA,NA
ABR930236870620,Netzbetreiber Gesellschaft Wadersloh GbR,GbR,Soester Straße,10,Wadersloh,59329,NA,NA
ABR904357018209,QE Ingstetten GmbH,GmbH,Unter den Linden,21,Berlin,10117,https://qualitasenergy.com/de/,NA
ABR970600530422,ROMONTA Reststoffverwertungsgesellschaft mbH,GmbH,Chausseestraße,1,Seegebiet Mansfelder Land,06317,NA,NA
ABR906065001184,Windpark Osterbruch GmbH ＆ Co. Betriebs KG,GmbH & Co. KG,Norderende,31,Osterbruch,21762,NA,NA
ABR933474004017,Windpark Reher GmbH ＆ Co. KG,GmbH & Co. KG,Hauptstraße,24,Reher,25593,NA,NA
ABR910136104599,Bürgerwindpark Oederquart Erschließungs-GmbH ＆ Co. Windpark Hollerdeich-KG,GmbH & Co. KG,Dorfstraße,57,Oederquart,21734,NA,NA
ABR960549216075,Windpark Neuenreuth GmbH,GmbH,Rot-Kreuz-Straße,6,Wunsiedel,95632,NA,NA
ABR965270437263,WP Höne Planungs-und Betriebs GmbH ＆ Co. KG,GmbH & Co. KG,Brookweg,3,Vechta,49377,NA,NA
ABR958139441334,Infrastrukturgemeinschaft Groß Bisdorf GbR,GbR,Schönauer Weg,26 ,Reinbek,21465,NA,NA
ABR904674920995,Ocean Breeze Energy GmbH ＆ Co. KG,GmbH & Co. KG,Obernstraße,44,Bremen,28195,www.oceanbreeze.de,NA
ABR909861946246,Windpark Mihla GmbH ＆ Co. KG,GmbH & Co. KG,Marktstraße,18,Amt Creuzburg,99831,www.windkraftthueringen.de,NA
ABR901633381040,Hamburger Rieger GmbH,GmbH,Riegerstraße,4,Trostberg,83308,NA,NA
ABR918948257595,Müllheizkraftwerk Rothensee GmbH,GmbH,Kraftwerk-Privatweg,7,Magdeburg,39126,www.mhkw-rothensee.de,NA
ABR974542853250,Windpark Klein Leine Nord GmbH ＆ Co. KG,GmbH & Co. KG,Bismarker Straße,12,Osterburg,39606,NA,NA
ABR982078073554,Windpark Möglenz VI GmbH ＆ Co. KG,GmbH & Co. KG,Bismarker Straße,12,Osterburg,39606,NA,NA
ABR946527346422,Windpark Naumburg GmbH ＆ Co. KG,GmbH & Co. KG,Bismarker Straße,12,Osterburg,39606,NA,NA
ABR938153874158,Windprojekt Entwicklung und Betrieb Erich Preißler,Einzelunternehmen,Am Binnenhafen,54,Husum,25813,NA,NA
ABR971969453339,K/S VindInvest 19,Sonstige,Københavnsvej,81,Roskilde,DK-4000,NA,NA
ABR924231662571,Windpark Kremsdorf GmbH,GmbH,Kremsdorf,7,Göhl,23758,NA,NA
ABR974685406085,Global Tech I Offshore Wind GmbH,GmbH,Rödingsmarkt,39,Hamburg,20459,www.globaltechone.de,NA
ABR987008863205,WOC Solarpark I,GmbH & Co. KG,Fasanenstraße,42,Berlin,10719,NA,NA
ABR902640905502,WOC Solarparc Puetnitz,GmbH & Co. KG,Fasanenstraße,42,Berlin,10719,NA,NA
ABR992411297332,Batteriespeicher Chemnitz GmbH ＆ Co. KG,GmbH & Co. KG,Dammweg,15,Chemnitz,09114,NA,NA
ABR952631851608,Smurfit Westrock Zülpich Paper GmbH,GmbH,Zum Mühlengraben,1,Zülpich,53909,www.smurfitkappa.com,Smurfit Westrock
ABR922541721070,Bürgerwindpark Virngrund GmbH ＆ Co.KG,GmbH & Co. KG,Bahnhofstraße,28,Ellwangen,73479,NA,NA
ABR967287372797,Donaukraftwerk Jochenstein AG,AG,Münchner Straße,48,Simbach,84359,NA,NA
ABR977333795180,NTT Global Data Centers EMEA GmbH,GmbH,Voltastraße,13,Hattersheim,65795,https://www.e-shelter.de/,NA
ABR987231060853,Windpark Pegau RPP GmbH ＆ Co. KG,GmbH & Co. KG,Stahltwiete,21 a,Hamburg,22761,NA,NA
ABR942031552540,1. Huning Windpower,GmbH & Co. KG,Lübzer Chaussee,13 a,Parchim,19370,NA,NA
ABR996014057713,Rain Carbon Germany GmbH,GmbH,Kekulestraße,30,Castrop-Rauxel,44579,NA,NA
ABR977848108031,UWM Verteiler GmbH ＆ Co. KG,GmbH & Co. KG,Wellie,8,Steyerberg,31595,NA,NA
ABR948070162337,I. Windenergie Herberger Feld GmbH ＆ Co. KG,GmbH & Co. KG,Rüskenbrink,3,Menslage,49637,NA,NA
ABR927064010762,Windkraft EGGE GmbH ＆ Co. KG,GmbH & Co. KG,Bahnhofstraße,98,Gräfelfing,82166,NA,NA
ABR980338773312,Windpark Gadegast GmbH ＆ Co. KG,GmbH & Co. KG,Bahnhofstrasse,98,Gräfelfing,82166,NA,NA
ABR928905941894,Windpark Adlerhorst,GmbH & Co. KG,Hauptstraße,64,Ahrenviöl,25885,NA,NA
ABR991670969981,UGE Karche Eins GmbH ＆ Co. KG Umweltgerechte Energie,GmbH & Co. KG,Bahnhofstrasse,98,Gräfelfing,82166,NA,NA
ABR914277761000,Windpark Bordelum GmbH ＆ Co. KG,GmbH & Co. KG,Glücksburger Weg,3,Dörpum,25821,NA,NA
ABR932048258139,Windenergie Randerath GmbH ＆ Co. KG,GmbH & Co. KG,Bahnhofstraße,98,Gräfelfing,82166,NA,NA
ABR989381866293,ZAK Energie GmbH,GmbH,Dieselstraße,20,Kempten,87437,www.zak-kempten.de,NA
ABR962374835438,WP Mautitz GmbH,GmbH,Kühäcker,5,Freiberg,71691,NA,NA
ABR985399224117,Huntorfer Windpark GmbH ＆ Co. KG,GmbH & Co. KG,Dalsper,6,Elsfleth,26931,NA,NA
ABR987985615903,R.D.M. Arnsberg GmbH,GmbH,Hellefelder Straße,51,Arnsberg,59821,www.rdmgroup.com,NA
ABR994636054042,Bürgerwindpark Schönberg GmbH ＆ Co. KG,GmbH & Co. KG,Eilveser Hauptstraße,56,Neustadt,31535,NA,NA
ABR989102727483,Solarpark Herlheim GmbH ＆ Co. KG,GmbH & Co. KG,Eisenhutstraße,6,Tübingen,72072,www.swtue.de,NA
ABR956205387616,Essity Operations Mannheim GmbH,GmbH,Sandhofer Straße,176,Mannheim,68305,www.essity.de,essity
ABR977318555303,Windpark Borssum GmbH ＆ Co. KG,GmbH & Co. KG,Wolthuser Straße,110 B,Emden,26725,NA,NA
ABR959505979512,Erzeugergemeinschaft Schloßvippach GbR,GbR,Blasewitzer Straße,41,Dresden,01307,NA,NA
ABR978405828997,K+S Minerals and Agriculture GmbH,GmbH,Bertha-von-Suttner-Straße,7,Kassel,34131,NA,NA
ABR973918567203,BP Europa SE,SE,Überseeallee,1,Hamburg,20457,www.bplingen.de,NA
ABR900505321085,Norddeutsche Energie WP Plauerhagen 2 GmbH ＆ Co. KG,GmbH & Co. KG,Straße am Zeltplatz,7,Ostseebad Rerik,18230,NA,NA
ABR995110989911,mhw gmbh ＆ Co. KG,GmbH & Co. KG,Im Unteren Dorf,65,Eckolstädt,99510,NA,NA
ABR975347388190,TotalEnergies Raffinerie Mitteldeutschland GmbH,GmbH,Maienweg,1,Leuna,06237,NA,NA
ABR946983035717,Fernwärme Ulm GmbH,GmbH,Magirusstraße,21,Ulm,89077,www.fernwaerme-ulm.de,NA
ABR969687795213,Zweckverband Müllverwertungsanlage Ingolstadt,Sonstige,Am Mailinger Bach,141,Ingolstadt,85055,NA,NA
ABR923328610433,WT Bürgerwindpark Twist GmbH ＆ Co. KG,GmbH & Co. KG,Alt-Hesepertwist,36,Twist,49767,NA,NA
ABR911394318063,BeWa Berghoff ＆ Wahnfried GbR,GbR,Drewerweg,45,Warstein,59581,NA,NA
ABR908421096025,Windpark Wulfshof GmbH ＆ Co. KG,GmbH & Co. KG,Wulfshof,5,Möhnesee,59519,NA,NA
ABR978824211028,Manning-Bentlage Windenergie GmbH ＆ Co. KG,GmbH & Co. KG,Lindenallee,2,Haren,49733,NA,NA
ABR903847604397,Windpark Gadebusch A/S dänischen Rechts ＆ Co. KG,Sonstige,Lise-Meitner-Straße,4,Flensburg,24941,NA,NA
ABR942530405743,Biomasse Rhein-Main GmbH,GmbH,Rhein-Main-Deponiepark,1,Flörsheim,65439,NA,NA
ABR911528596749,Windpark Grömitz Repowering GmbH ＆ Co. KG,GmbH & Co. KG,Windmühlenberg,NA,Sehestedt,24814,NA,NA
ABR935968782746,Windpark Kyritz GmbH ＆ Co. KG Renditefonds,GmbH & Co. KG,Hauptstraße,47,Kyritz,16866,http://www.windmanager.de/,NA
ABR981268307769,Windpark Radlinghausen V Betriebs GmbH ＆ Co. KG,GmbH & Co. KG,Am Ruhberg,8,Brilon,59929,NA,NA
ABR975551091510,Deutsche Bank AG,AG,Alfred-Herrhausen-Allee,16 - 24,Eschborn,65760,NA,NA
ABR954868335197,Dietmar Harting Windkraft GmbH,GmbH,Haferkuhle,4,Uchte,31600,NA,NA
ABR969363170280,Fresenius Medical Care Deutschland GmbH,GmbH,Else-Kröner-Straße,1,Bad Homburg,61352,NA,NA
ABR953640756243,Bassens Windpark GmbH ＆ Co. Bürgerpark II KG,GmbH & Co. KG,Bassens,4,Wangerland,26434,NA,NA
ABR920789268791,Kraftwerk Ryburg-Schwörstadt AG,AG,Kraftwerkstraße,1,Schwörstadt,79739,www.krsag.ch,NA
ABR972937502745,Windpark Trebitz Siebte Windkraftanlage GmbH ＆ Co. KG,GmbH & Co. KG,Dieselstraße,4,Husum,25813,NA,NA
ABR901381117533,GD Wind Dritte GmbH ＆ Co. KG,GmbH & Co. KG,Dieselstraße,4,Husum,25813,NA,NA
ABR995123458770,HKW Blumenthal GmbH,GmbH,Klövenhausen,20,Bassum,27211,www.hkw-blumenthal.de,NA
ABR911954122932,GMVA Gemeinschafts-Müll-Verbrennungsanlage Niederrhein GmbH,GmbH,Liricher Str.,121,Oberhausen,46049,https://www.gmva.de,NA
ABR924041259350,Windpark Schraudenbach ApS ＆ Co. KG,GmbH & Co. KG,Moordeich,6,Oldenswort,25870,NA,NA
ABR951706195258,AW Windenergie Bramsche GmbH ＆ Co. KG,GmbH & Co. KG,Dornsbergweg,7,Bramsche,49565,NA,NA
ABR988932049901,Caterpillar Energy Solutions,GmbH,Carl-Benz-Straße,1,Mannheim,68167,www.caterpillar-energy-solutions.de,NA
ABR946486907351,MHB Hamm Betriebsführungsgesellschaft mbH,GmbH,Am Lausbach,2,Hamm,59075,www.mva-hamm.de,NA
ABR923794506421,Charité – Universitätsmedizin Berlin,Anstalt des öffentlichen Rechts,Charitéplatz,1,Berlin,10117,https://www.charite.de/,NA
ABR960290477190,Pfeifer ＆ Langen GmbH ＆ Co. KG,GmbH & Co. KG,Aachener Str.,1042 a,Köln,50858,NA,NA
ABR940080653300,Zweckverband für Abfallwirtschaft in Nordwest-Oberfranken,Körperschaft des öffentlichen Rechts,Von-Werthern-Straße,6,Dörfles-Esbach,96487,www.zaw-coburg.de,NA
ABR967160692073,Finanz Informatik,GmbH & Co. KG,Theodor-Heuss-Allee,90,Frankfurt,60486,NA,NA
ABR941657279367,Windpark Beesenberg 14 GmbH ＆ Co. KG,GmbH & Co. KG,Gregor-Mendel-Straße,24 a,Potsdam,14469,NA,NA
ABR987972265807,Moritz J. Weig GmbH ＆ Co. KG,GmbH & Co. KG,Polcher Straße,113,Mayen,56727,NA,NA
ABR996222643838,Baden Board GmbH,GmbH,Fabrikstraße,1,Gernsbach,76593,NA,NA
ABR927149815671,Rechenzentrum der Finanzverwaltung des Landes NRW,Körperschaft des öffentlichen Rechts,Roßstraße,131,Düsseldorf,40476,https://www.finanzverwaltung.nrw.de/de/willkommen-im-rzf,NA
ABR958528227020,WP Kurzen Trechow GmbH,GmbH,Obotritenring,40,Schwerin,19053,NA,NA
ABR958149245465,KWE New Energy Windpark Nr. 7 GmbH ＆ Co. KG,GmbH & Co. KG,Obotritenring,40,Schwerin,19053,NA,NA
ABR944187823437,Windkraft Swatte Poele GmbH ＆ Co. KG,GmbH & Co. KG,Dorfstraße,14,Bippen,49626,NA,NA
ABR969064982205,Österreichisch-Bayerische Kraftwerke AG,AG,Münchner Straße,48,Simbach,84359,NA,NA
ABR971619331086,Dr. Oetker Tiefkühlprodukte KG,KG,Dr.-Oetker-Straße,NA,Wittlich,54516,www.oetker.de,NA
ABR972531438525,Windkraft Grammersdorf,GmbH & Co. KG,Frunsbeerstraße,13,Nordhastedt,25785,NA,NA
ABR973643011057,Karlsruher Institut für Technologie,Körperschaft des öffentlichen Rechts,Kaiserstraße,12,Karlsruhe,76131,www.fm.kit.edu,NA
ABR949975645017,MVA Weisweiler GmbH ＆ Co. KG,GmbH & Co. KG,Zum Hagelkreuz,22,Eschweiler,52249,mva-weisweiler.de,NA
ABR970612839575,KG Deutsche Gasrusswerke GmbH u Co,GmbH & Co. KG,Weidenstraße,70,Dortmund,44147,NA,NA
ABR950811337010,Innwerk AG,AG,Schulstraße,2,Stammham,84533,NA,NA
ABR905028343781,RWE Kaskasi GmbH,GmbH,Drehbahn,47,Hamburg,20354,NA,RWE
ABR907684750781,WP Coesfeld Letter Bruch GmbH ＆ Co. KG,GmbH & Co. KG,Dülmener Straße,80,Coesfeld,48653,www.sl-naturenergie.com,NA
ABR987882658751,Bürgerwindpark Süderdeich,GmbH & Co. KG,Hedwigenkooger Chaussee,1,Süderdeich,25764,NA,NA
ABR944039012187,WindStrom Trendelburg II GmbH ＆ Co. KG,GmbH & Co. KG,Bahnhofstraße,55,Eggolsheim,91330,https://www.naturenergy.de/,NA
ABR962068604470,Windenergie Norderhamme GmbH ＆ Co. KG,GmbH & Co. KG,Möhlenweg,3,Hollingstedt,25788,NA,NA
ABR956838423484,Bürgerenergiegesellschaft Windpark Bever GmbH ＆ Co. KG,GmbH & Co. KG,Bornweg,28,Bad Essen,49152,www.energy-farming.de,NA
ABR948376220892,Ebert Erneuerbare Energien Projekt GmbH ＆ Co. KG,GmbH & Co. KG,Feldbergstraße,10,Cremlingen,38162,www.ebert-energie.de,NA
ABR914063399943,Windpark Bedesbach GmbH ＆ Co.KG,GmbH & Co. KG,Prof.-Messerschmitt-Straße,3 ,Neubiberg,85579,www.encavis.com,NA
ABR920797577946,Windpark Finkenbach-Gersweiler GmbH ＆ Co.KG,GmbH & Co. KG,Prof.-Messerschmitt-Straße,3 ,Neubiberg,85579,www.encavis.com,NA
ABR949847121540,Windpark Uphuser Mark GmbH ＆ Co.KG,GmbH & Co. KG,Prof.-Messerschmitt-Straße,3,Neubiberg,85579,www.encavis.com,NA
ABR953821483791,DK Recycling und Roheisen GmbH,GmbH,Werthauser Str.,182,Duisburg,47053,NA,NA
ABR968325992649,WP Dahl Ost GmbH ＆ Co.KG,GmbH & Co. KG,Teichweg,10,Paderborn,33100,NA,NA
ABR920444877221,Erneuerbare Energie Mecklenburg GmbH ＆ Co. KG,GmbH & Co. KG,Leibnizplatz,1,Rostock,18055,NA,NA
ABR939661916309,JWE Bürgerwindpark Könau-Ostedt-Suhlendorf GmbH ＆ Co. KG,GmbH & Co. KG,Kroetzer Allee,5,Wrestedt,29559,NA,NA
ABR913356278590,Windpark Keula GmbH ＆ Co. KG,GmbH & Co. KG,Stephanitorsbollwerk,3,Bremen,28217,www.wpd.de,NA
ABR907049460393,Aero-Flöth GmbH ＆ Co. KG,GmbH & Co. KG,Oderwaldstraße,3,Flöthe,38312,NA,NA
ABR908690835417,Bechinger e-Energie GmbH,GmbH,Rickertsreute,15,Heiligenberg,88633,NA,NA
ABR916152227588,Solarpark Buch GmbH ＆ Co. KG,GmbH & Co. KG,Maria-Birnbaum-Straße,20,Sielenbach,86577,NA,NA
ABR980107077351,Solarpark Ottmarsfeld GmbH ＆ Co. KG,GmbH & Co. KG,Maria-Birnbaum-Straße,20,Sielenbach,86577,NA,NA
ABR979080943807,Energiebauern GmbH,GmbH,Maria-Birnbaum-Straße,20,Sielenbach,86577,NA,NA
ABR983628769026,Equinix (Germany) GmbH,GmbH,Rebstöcker Straße,33,Frankfurt,60326,www.equinix.de,NA
ABR971969980262,Koogwind GmbH ＆ Co. KG,GmbH & Co. KG,Koogstraße,32,Friedrichskoog,25718,NA,NA
ABR986897961979,Windpark Herkentrup GmbH & Co. KG,GmbH & Co. KG,Südostring,74,Havixbeck,48329,NA,NA
ABR971148253316,Energiepark Hadmersleben GmbH,GmbH,Amt,3,Oschersleben,39387,NA,NA
ABR909277791423,Windpark Ehra-Lessien GmbH ＆ Co. KG,GmbH & Co. KG,Stephanitorsbollwerk,3,Bremen,28217,www.wpd.de,NA
ABR958663820780,LHI SolarWind PV Letschin 2683 GmbH ＆ Co. KG,GmbH & Co. KG,Emil-Riedl-Weg,6,Pullach,82049,NA,NA
ABR987233398169,TEP Lipperhey GmbH ＆ Co. KG,GmbH & Co. KG,Krefelder Straße,203,Aachen,52070,NA,NA
ABR924305059061,LHI SolarWind PV Gammertingen 2695 GmbH ＆ Co. KG,GmbH & Co. KG,Emil-Riedl-Weg,6,Pullach,82049,NA,NA
ABR918265970368,ENERPARC Solar Invest 176,GmbH,Kirchenpauerstr.,26,Hamburg,20457,NA,NA
ABR948653983632,ENERPARC Solar Invest 146 GmbH,GmbH,Kirchenpauerstr.,26,Hamburg,20457,NA,NA
ABR968794191406,Uhl Windkraft Objekt 105 GmbH ＆ Co. KG,GmbH & Co. KG,Max-Eyth-Straße,40,Ellwangen,73479,www.uhl-windkraft.de,NA
ABR988317434223,Windkraft Markt Taschendorf GmbH ＆ Co. KG,GmbH & Co. KG,Haid,1,Niederaichbach,84100,NA,NA
ABR915979327389,IWI DanTrust GmbH,GmbH,Steinberg,1,Schwedeneck,24229,NA,NA
ABR981714768465,Windpark Antrup GmbH ＆ Co. KG,GmbH & Co. KG,Balanstraße,73,München,81541,http://www.windmanager.de/,NA
ABR960495903791,WP Vaale-Wacken Infrastrukturgesellschaft mbH ＆ Co. KG,GmbH & Co. KG,Schenefelder Straße,8,Wacken,25596,NA,NA
ABR993616236812,Raiffeisenwindpark Ems-Vechte Verwaltungs- und Beteiligungs-GmbH,GmbH,Sögeler Straße,2,Klein Berßen,49777,NA,NA
ABR976734505541,Vettenbüttel Wind GmbH ＆ Co. KG,GmbH & Co. KG,Vettenbüttel,5 a,Diekhusen-Fahrstedt,25709,NA,NA
ABR948346900267,SPV Solarpark 105. GmbH ＆ Co. KG,GmbH & Co. KG,Am Haag,10,Gräfelfing,82166,NA,NA
ABR945365067391,WestfalenWIND Planungs GmbH ＆ Co. KG,GmbH & Co. KG,Vattmannstraße,6,Paderborn,33100,https://www.westfalenwind.de/,NA
ABR975005129400,CEE Windpark Hainstadt-Buchen GmbH ＆ Co. KG,GmbH & Co. KG,Eichenweg,35,Rotenburg,27356,NA,NA
ABR951240308114,ABO Energy GmbH ＆ Co. KGaA,GmbH & Co. KGaA,Unter den Eichen,7,Wiesbaden,65195,NA,NA
ABR943234728695,Schmid ＆ Brugger GmbH ＆ Co. KG,GmbH & Co. KG,Am Brenner,6,Kellmünz,89293,NA,NA
ABR913385555396,Bürgerwindpark Wulfstorf GmbH ＆ Co. KG,GmbH & Co. KG,Wulfstorfer Straße,6,Bienenbüttel,29553,NA,NA
ABR902937763440,Trianel Windpark Gande GmbH ＆ Co. KG,GmbH & Co. KG,Krefelder Straße,203,Aachen,52070,NA,NA
ABR933034811987,NOTUS energy Wind GmbH ＆ Co. KG,GmbH & Co. KG,Alt Kosenow,7,Neu Kosenow,17398,NA,NA
ABR991366578862,Solar Park Weeze GmbH ＆ Co. KG,GmbH & Co. KG,Hans-Thoma-Straße,22,Mannheim,68163,www.starvert-services.com,NA
ABR942270247931,Windkraft Wirmighausen GmbH ＆ Co. KG,GmbH & Co. KG,Burg Lichtenfels,1,Lichtenfels,35104,NA,NA
ABR940073241088,Untere Iller GmbH,GmbH,Luitpoldstraße,27,Landshut,84034,NA,NA
ABR984009122058,UGE Rapshagen GmbH ＆ Co. KG Umweltgerechte Energie,GmbH & Co. KG,Sedanstraße,19,Lindenberg,88161,NA,NA
ABR982504213127,Bürgerenergiegesellschaft Einzingen GmbH ＆ Co. KG,GmbH & Co. KG,Lingener Straße,20,Lünne,48480,NA,NA
ABR994635630162,ENERPARC Solar Invest 148 GmbH,GmbH,Kirchenpauerstr.,26,Hamburg,20457,NA,NA
ABR972136789398,Eco-Mobilität GmbH ＆ Co. KG,GmbH & Co. KG,Luymühle,NA,Neumagen-Dhron,54347,NA,NA
ABR901293420585,Saale Energie GmbH,GmbH,An der Bober,100,Schkopau,06258,NA,EPH
ABR926995164650,Pamina Windpark GmbH,GmbH,Maximilianstraße,47,München,80538,NA,NA
ABR946628980761,Windpark Wulkow-Trebnitz GmbH ＆ Co. KG,GmbH & Co. KG,Stephanitorsbollwerk,3,Bremen,28217,www.wpd.de,NA
ABR955127044751,Windpark Regesbostel GmbH ＆ Co. KG,GmbH & Co. KG,Dammtorstraße,1,Hamburg,20354,NA,NA
ABR920887044426,Windpark Pinnow IV GmbH ＆ Co. KG,GmbH & Co. KG,Gerichtstraße,3,Eckernförde,24340,NA,NA
ABR995093192032,Entsorgungsgesellschaft Mainz mbH,GmbH,Kraftwerkallee,1,Mainz,55120,NA,NA
ABR924360921808,EST Verwaltungs GmbH,GmbH,Daniel-Wilhelm-Beck-Straße,7,Döbeln,04720,NA,NA
ABR933977503147,KE Windpark Heede GmbH ＆ Co. KG,GmbH & Co. KG,Schopenstehl,13,Hamburg,20095,NA,NA
ABR913114128082,Windmüllerei Biegen IV GmbH ＆ Co. KG,GmbH & Co. KG,Wokrenter Weg,21,Jürgenshagen,18246,NA,NA
ABR968970411625,NTT DATA Business Solutions Global Managed Services GmbH,GmbH,Philipp-Reis-Straße,2,Bautzen,02625,NA,NA
ABR934179423349,T-Systems International GmbH,GmbH,Hahnstraße,43 d,Frankfurt,60528,NA,NA
ABR997258031125,KE Windpark Wiesmoor GmbH ＆ Co. KG,GmbH & Co. KG,Schopenstehl,13,Hamburg,20095,NA,NA
ABR987677899963,KE Windpark Hohenseefeld GmbH ＆ Co. KG,GmbH & Co. KG,Schopenstehl,13,Hamburg,20095,NA,NA
ABR977079494354,KE Windpark Wehrhain GmbH ＆ Co. KG,GmbH & Co. KG,Schopenstehl,13,Hamburg,20095,NA,NA
ABR967284683735,Windpark Steinhausen I GmbH ＆ Co. KG,GmbH & Co. KG,Färberstraße,1,Zetel,26340,NA,NA
ABR953947463202,Windpark Biebelnheim-Gabsheim GmbH ＆ Co. KG,GmbH & Co. KG,Lena-Christ-Straße,2,Grünwald,82031,NA,NA
ABR925253318750,KRONOS TITAN GmbH,GmbH,Peschstraße,5,Leverkusen,51373,NA,NA
ABR931348963903,S＆T Bürgerenergie Planungs-GmbH,GmbH,Ehrenpreisstraße,2,Landsberg,86899,NA,NA
ABR976641817119,SP X GmbH ＆ Co. KG,GmbH & Co. KG,Bornknechtstraße,5,Halle,06108,NA,NA
ABR958751363175,BürgerWind Gaishecke GmbH ＆ Co. Betriebs KG,GmbH & Co. KG,Lena-Christ-Straße,2,Grünwald,82031,NA,NA
ABR954917549407,PNE WIND Park XXIV GmbH ＆ Co.KG,GmbH & Co. KG,Peter-Henlein-Straße,2-4,Cuxhaven,27472,NA,NA
ABR996162138371,Gode Wind 3 GmbH ＆ Co. oHG,GmbH,Am Osthafen,2,Norden,26506,NA,NA
ABR942154478031,Windpark GmbH ＆ Co. Nichel KG,GmbH & Co. KG,Holzweg,87,Aurich,26605,www.alterric.com,NA
ABR958247124075,WEB Windpark Kuhs GmbH ＆ Co. KG,GmbH & Co. KG,Bergedorfer Straße,92,Hamburg,21029,www.web.energy/de,NA
ABR923486274461,Windenergie an der B64 GmbH ＆ Co.KG,GmbH & Co. KG,Renker Weg,1,Bad Lippspringe,33175,NA,NA
ABR991042021224,Windpark Oyle-Bühren GmbH ＆ Co. KG,GmbH & Co. KG,Stephanitorsbollwerk,3,Bremen,28217,www.wpd.de,NA
ABR901540326530,Energieanlagen Frank Bündig GmbH,GmbH,Mendener Weg,3,Waldheim,04736,NA,NA
ABR934301629526,Buchmann Karton,GmbH,Wasgaustraße,5,Annweiler,76855,NA,NA
ABR917059934043,Windpark Premslin-Schönfeld GmbH ＆ Co. KG,GmbH & Co. KG,Windmühlenberg,0,Sehestedt,24814,NA,NA
ABR937033381014,Uhl Windkraft Objekt 102 GmbH ＆ Co. KG,GmbH & Co. KG,Max-Eyth-Straße,40,Ellwangen,73479,www.uhl-windkraft.de,NA
ABR959500119425,unlimited energy GmbH,GmbH,Mittelstraße,3 B,Schönefeld,12529,www.u-energy.de,NA
ABR987799239456,Reinhard Benneker GmbH,GmbH,Quantwick,15,Ahaus,48683,NA,NA
ABR903190913962,MLK Windpark Am Hirschberg Nr. 67 GmbH ＆ Co. KG,GmbH & Co. KG,Lichtenberger Weg,4,Jacobsdorf,15236,NA,NA
ABR963314760124,MLK Windpark Sieversdorfer Heide Nr. 58 GmbH ＆ Co. KG,GmbH & Co. KG,Lichtenberger Weg,4,Jacobsdorf,15236,NA,NA
ABR912332201010,EnBW He Dreiht GmbH ＆ Co. KG,GmbH & Co. KG,Adolf-Pirrung-Straße,7,Biberach,88400,NA,EnBW
ABR905556180636,LHI EE Invest PV Lübars 2699 GmbH ＆ Co. KG,GmbH & Co. KG,Emil-Riedl-Weg,6,Pullach,82049,NA,NA
ABR909353732326,Windpark Warnsdorf GmbH ＆ Co. KG,GmbH & Co. KG,Prof.-Messerschmitt-Straße,3,Neubiberg,85579,www.encavis.com,NA
ABR927397646904,Alterric Deutschland GmbH,GmbH,Holzweg,87,Aurich,26605,www.alterric.com,NA
ABR954164674365,Bürgerwind Neu Wulmstorf GmbH ＆ Co. KG,GmbH & Co. KG,Bertha-von-Suttner-Allee,1,Buxtehude,21614,NA,NA
ABR984331109840,Bürgerwindenergie Weißer Turm Nord GmbH ＆ Co. KG,GmbH & Co. KG,Sonnenstraße,17,Wülfershausen,97618,www.wust-wind-sonne.de,NA
ABR981441259250,Bürgerwindenergie Weißer Turm Süd GmbH ＆ Co. KG,GmbH & Co. KG,Sonnenstraße,17,Wülfershausen,97618,www.wust-wind-sonne.de,NA
ABR927095844077,11. Projektgesellschaft Loop GmbH ＆ Co. KG,GmbH & Co. KG,Dorfstraße,12,Mühbrook,24582,NA,NA
ABR954844813664,Windpark Königshain-Wiederau GmbH ＆ Co. KG,GmbH & Co. KG,Am Steinberg,7,Großschirma,09603,www.L.de,NA
ABR902788064918,Windpark Gudendorf I GmbH ＆ Co. KG,GmbH & Co. KG,Stapelsweg,4,Gudendorf,25693,NA,NA
ABR945858600722,Windpark Jülich GmbH ＆ Co. KG,GmbH & Co. KG,Lombardenstraße,12 /22,Aachen,52070,NA,NA
ABR922769321243,EE Bloosballich GmbH ＆ Co. KG,GmbH & Co. KG,Straße des Friedens,34 C,Teuchern,06682,NA,NA
ABR995052066084,Prosoltec Solarsysteme GmbH,GmbH,Bonnstraße,15,Frechen,50226,NA,NA
ABR917975233619,Papageno erneuerbare Energien GmbH,GmbH,Schultenortstr.,49,Hörstel,48477,www.eichenauer-energie.de,NA
ABR955975541112,Windkraft Roldisleben GmbH ＆ Co. KG,GmbH & Co. KG,Hauptstraße,60,Herbsleben,99955,NA,NA
ABR930209876086,Windpark Wansleben Repowering Zwei GmbH ＆ Co. KG,GmbH & Co. KG,Gesandtenstraße,3,Regensburg,93047,NA,NA
ABR955129926154,JWP Jade Windpark GmbH＆Co. 18. Betriebs KG,GmbH & Co. KG,Kronacher Straße,41,Bamberg,96052,www.jadenaturenergie.de,NA
ABR949460181082,Wind-Plan-Sintfeld II GmbH ＆ Co. KG,GmbH & Co. KG,Vattmannstraße,6,Paderborn,33100,NA,NA
ABR998880503035,Bürger-Windpark Großenaspe GmbH ＆ Co. KG,GmbH & Co. KG,Bimöhler Straße,50,Großenaspe,24623,NA,NA
ABR985668909516,WEA Balje GmbH ＆ Co. KG,GmbH & Co. KG,Gohweg,16,Hemme,25774,NA,NA
ABR949514644402,Bürgerwind Horstmar-Schöppingen GmbH ＆ Co. KG,GmbH & Co. KG,Schagern,16 a,Horstmar,48612,NA,NA
ABR998796908801,Windenergie Wellschlatt GmbH ＆ Co. KG,GmbH & Co. KG,Eschlohn,32,Südlohn,46354,NA,NA
ABR952579124338,Windpark Teltow C GmbH ＆ Co. KG,GmbH & Co. KG,Stephanitorsbollwerk,3,Bremen,28217,NA,NA
ABR952582556942,Windpark Holsteniendorf GmbH ＆ Co. KG,GmbH & Co. KG,Böhmestraße,18,Niebüll,25899,www.iterra-wind.de,NA
ABR926629339256,Energiepark Wegberg-Repowering RE WP WE GmbH ＆ Co. KG,GmbH & Co. KG,Stresemannstraße,46,Bremerhaven,27570,www.energiekontor.de,NA
ABR961274775257,Andengold Solarparks GmbH ＆ Co. KG,GmbH & Co. KG,Wendalinusstraße,32,Marpingen,66646,NA,NA
ABR920842199420,EE Zwackelmann GmbH ＆ Co. KG,GmbH & Co. KG,Dieselstraße,4,Husum,25813,NA,NA
ABR908477931660,Bürgerwindpark A 31 Hohe Mark Wessendorf GmbH ＆ Co. KG,GmbH & Co. KG,Leblicher Straße,25 ,Heiden,46359,NA,NA
ABR943003885314,SP XVII GmbH ＆ Co. KG,GmbH & Co. KG,Bornknechtstraße,5,Halle,06108,NA,NA
ABR961428062783,ENOVA Windpark Gerdshagen GmbH ＆ Co. KG,GmbH & Co. KG,Steinhausstraße,112,Bunde,26831,www.enova.de,NA
ABR948103180543,VSB Windpark Arnsberg GmbH ＆ Co. KG,GmbH & Co. KG,Schweizer Straße,3 a,Dresden,01069,NA,NA
ABR951859347641,Energiepark Rieps GmbH ＆ Co. KG,GmbH & Co. KG,Obotritenring,40,Schwerin,19053,NA,NA
ABR991735675833,Geiger Energietechnik GmbH,GmbH,Herzmanns,10,Waltenhofen,87448,https://www.geigergruppe.de/energietechnik,NA
ABR927182630699,SL Gereonsweiler Wind GmbH ＆ Co. KG,GmbH & Co. KG,Voßbrinkstraße,67,Gladbeck,45966,www.sl-naturenergie.com,NA
ABR929131147708,Digital Realty Germany GmbH,GmbH,Hanauer Landstraße,298,Frankfurt,60314,NA,NA
ABR947890529047,Regenerative Energiewandlung Grimme GmbH ＆ Co. KG,GmbH & Co. KG,Grimme,38 ,Brüssow,17326,NA,NA
ABR943800554697,Windpark Siestedt V GmbH ＆ Co. KG,GmbH & Co. KG,Am Torfstich,11,Edemissen,31234,www.europeanenergy.com,NA
ABR975947453250,Windgesellschaft Kandelin GmbH,GmbH,Lindenallee,2 a,Leezen,19067,NA,NA
ABR922948573517,4.4.-Wind GmbH & Co. KG,GmbH & Co. KG,Helserdieker Strot,78,Helse,25709,NA,NA
ABR939693563250,PNE WIND Park XVII GmbH ＆ Co.KG,GmbH & Co. KG,Otto-Hahn-Straße,12-16,Husum,25813,www.pne-ag.com,NA
ABR950486362461,FP Lux Wind GmbH ＆ Co. Mosel KG,GmbH & Co. KG,Beekstraße,5,Harmstorf,21228,NA,NA
ABR979025533773,Bürgerwindpark Bretzfeld-Obersulm GmbH ＆ Co. KG,GmbH & Co. KG,Braunsbergweg,5,Niedernhall,74676,www.buergerwindpark.de,NA
ABR960247123668,Sonnenwende Groß Schlamin GmbH ＆ Co KG,GmbH & Co. KG,Zur alten Wörpe,6,Lilienthal,28865,https://www.reon-ag.com/,NA
ABR935721056558,PNE WIND Park XXV GmbH ＆ Co.KG,GmbH & Co. KG,Otto-Hahn-Straße,12 -16,Husum,25813,NA,NA
ABR943579250417,PNE WIND Park XXVII GmbH ＆ Co.KG,GmbH & Co. KG,Peter-Henlein-Straße,2-4,Cuxhaven,27472,NA,NA
ABR925656121063,ERG Wind Hollige Gmbh ＆ Co.KG,GmbH & Co. KG,Jungfernstieg,1,Hamburg,20095,NA,NA
ABR970793024821,ERG Wind Erbes Büdesheim GmbH ＆ Co. KG Standort Nack,GmbH & Co. KG,Jungfernstieg,1,Hamburg,20095,NA,NA
ABR900250863069,ERG Wind Norath GmbH ＆ Co. KG,GmbH & Co. KG,Jungfernstieg,1,Hamburg,20095,NA,NA
ABR920565605260,"ERG Wind Erbes Büdesheim GmbH ＆ Co. KG, Standort Offenheim",GmbH & Co. KG,Jungfernstieg,1,Hamburg,20095,NA,NA
ABR918240936471,GSt 20 Solarpark  UG (haftungsbeschränkt) ＆ Co. KG,UG (haftungsbeschränkt) & Co. KG,Kesselstraße,3,Düsseldorf,40221,NA,NA
ABR935085897668,Borkum Riffgrund 3 GmbH ＆ Co. oHG,GmbH & Co. oHG,Am Osthafen,2,Norden,26506,NA,NA
ABR944802357170,SL Windpark Neuenrade GmbH ＆ Co. KG,GmbH & Co. KG,Voßbrinkstraße,67,Gladbeck,45966,www.sl-naturenergie.com,NA
ABR952651935456,Aufwind Schwaney GmbH ＆ Co.KG,GmbH & Co. KG,Vattmannstraße,6,Paderborn,33100,NA,NA
ABR946921305926,Bürgersonnenenergie Burghaslach GmbH ＆ Co. KG,GmbH & Co. KG,Buchbach,1,Burghaslach,96152,www.wust-wind-sonne.de,NA
ABR985690379400,SKW Speicherkraftwerk GmbH,GmbH,Otto-Braun-Platz,1,Potsdam,14467,www.danpower.de,NA
ABR914910299952,Balder B01 - P I GmbH ＆ Co. KG,GmbH & Co. KG,Gartenstr.,1,Brunow,19372,NA,NA
ABR924651292778,Balder A02 GmbH ＆ Co. KG,GmbH & Co. KG,Gartenstr.,1,Brunow,19372,NA,NA
ABR966354850893,ENGIE Windpark Karstädt Repowering GmbH,GmbH,Ella-Barowsky-Straße,44 ,Berlin,10829,https://www.engie-deutschland.de/,ENGIE
ABR924359791047,ENGIE Windpark Lövenich Repowering GmbH,GmbH,Ella-Barowsky-Straße,44,Berlin,10829,https://www.engie-deutschland.de/,NA
ABR903834398421,Gemeinschaftskraftwerk Hanau GmbH ＆ Co. KG,GmbH & Co. KG,Leipziger Straße,17,Hanau,63450,NA,NA
ABR914969453084,Raiffeisenbank Küps-Mitwitz-Stockheim eG,eG,Radweg,1,Küps,96328,NA,NA
ABR970622568663,MJ1 Solarbetriebsgesellschaft GmbH & Co. KG,GmbH & Co. KG,Burgstall,2,Moos,94554,NA,NA
ABR937647465537,MHKW Wiesbaden GmbH,GmbH,Ferdinand-Knettenbrech-Weg,10 A,Wiesbaden,65205,www.mhkw-wi.com,NA
ABR907143546863,Bürgerwind Torfvenn GmbH ＆ Co.KG,GmbH & Co. KG,Rhader Straße,122,Dorsten,46286,NA,NA
ABR949812226119,Sunnic Lighthouse Solar Invest 15 GmbH,GmbH,Kirchenpauerstr.,26,Hamburg,20457,NA,NA
ABR906115171263,Sömmerdaer Energieversorgung,GmbH,Uhlandstraße,7,Sömmerda,99610,www.sev.de,NA
ABR915861801041,SK Wind GmbH ＆ Co. KG,GmbH & Co. KG,Derendorfer Allee,2 a,Düsseldorf,40476,www.statkraft.de,NA
ABR961577462564,Greifenwind GmbH,GmbH,Schloßweg,3,Süderholz,18516,NA,NA
ABR960828782970,Windpark Ackerstrom Selzer Berg GmbH ＆ Co.KG,GmbH & Co. KG,Wunstorfer Landstraße,8,Hannover,30453,NA,NA
ABR944210684370,EE Drei Hügel GmbH ＆ Co. KG,GmbH & Co. KG,Straße des Friedens,34 C,Teuchern,06682,NA,NA
ABR916351662685,UGE Voigtsdorf GmbH ＆ Co. KG Umweltgerechte Energie,GmbH & Co. KG,Große Elbstraße,59,Hamburg,22767,NA,NA
ABR960962125510,Heideenergie GmbH ＆ Co. KG,GmbH & Co. KG,Hoekerweg,9,Straelen,47638,NA,NA
ABR912820961075,Bürgerwindrad Steinstraße Nord GmbH ＆ Co. KG,GmbH & Co. KG,Hoekerweg,9,Straelen,47638,NA,NA
ABR944590908929,Windpark Hollenstedt GmbH ＆ Co. KG,GmbH & Co. KG,Stephanitorsbollwerk,3,Bremen,28217,http://www.windmanager.de/,NA
ABR987765810900,QE Kuhlrade GmbH,GmbH,Unter den Linden,21,Berlin,10117,https://qualitasenergy.com/de/,NA
ABR956947220103,Green Wind Energy GmbH,GmbH,Wintersteinstraße,22,Berlin,10587,NA,NA
ABR956384250152,Energiepark Weichs,GmbH & Co. KG,Frühlingstraße,11,Weichs,85258,NA,NA
ABR959912107140,Windpark Sipsdorf GmbH ＆ Co. KG,GmbH & Co. KG,Oldenburger Straße,62 a,Lensahn,23738,NA,NA
ABR944135361486,GERES EnergieSysteme V GmbH,GmbH,An den Bergen,28,Frankfurt,60437,http://geres-group.com/,NA
ABR962708160489,Green Energy 034 GmbH ＆ Co. KG,GmbH & Co. KG,Große Elbstraße,59,Hamburg,22767,NA,NA
ABR936945262817,Windenergie Bullenmeer GmbH ＆ Co. KG,GmbH & Co. KG,Baasenmeersstraße,6,Zetel,26340,NA,NA
ABR941479460738,Lohe Wind GmbH ＆ Co. KG,GmbH & Co. KG,Wiggeringhauser Straße,15,Lippstadt,59556,NA,NA
ABR968757910549,Windpark Brest erste GmbH,GmbH,Alte Feldmühle,10,Neustadt,31535,www.deangruppe.de,NA
ABR932819468330,WP A 33 GmbH＆ Co.. KG,GmbH & Co. KG,Zur Egge,29,Lichtenau,33165,NA,NA
ABR978808194330,Uehrde Landwind 01 GmbH ＆ Co. KG,GmbH & Co. KG,Watenstedter Straße,11,Gevensleben,38384,www.landwind-gruppe.de,NA
ABR927351101647,Windpark Müssingen GmbH ＆ Co. KG,GmbH & Co. KG,Stephanitorsbollwerk,3,Bremen,28217,http://www.windmanager.de/,NA
ABR928186650485,BSZ-Energie GmbH ＆ Co. KG,GmbH & Co. KG,Im Biegel,9,Vöhl,34516,NA,NA
ABR902072509828,Windpark Bornhausen GmbH ＆ Co. KG,GmbH & Co. KG,Stephanitorsbollwerk,3,Bremen,28217,http://www.windmanager.de/,NA
ABR933160347206,KWE New Energy GmbH,GmbH,Forstwiese,5,Stäbelow,18198,NA,NA
ABR947852191381,Photovoltaikkraftwerk Tramm GmbH ＆ Co. KG,GmbH & Co. KG,Poststraße,15,Hamburg,20354,NA,NA
ABR995221130882,Wind Power GmbH ＆ Co. Bürgerwindpark Solschen III KG,GmbH & Co. KG,Meierkamp,3,Hohenhameln,31249,NA,NA
ABR948694405186,Swisspower Renewables Wind 2 GmbH,GmbH,Markgrafenstraße,22,Berlin,10117,https://www.swisspower-renewables.de/,NA
ABR959885214265,VSB Windpark Vockenrod GmbH ＆ Co. KG,GmbH & Co. KG,Schweizer Straße,3 a,Dresden,01069,www.vsb.energy,NA
ABR947625675858,EWS Windpark Thomasburg GmbH ＆ Co. KG,GmbH & Co. KG,Friedrichstraße,53,Schönau,79677,www.ews-schoenau.de,NA
ABR959300048420,Energiepark Heringen-Philippsthal WP HP GmbH ＆ Co. KG,GmbH & Co. KG,Stresemannstraße,46,Bremerhaven,27570,NA,NA
ABR918790771362,EE Osterholz GmbH ＆ Co. KG,GmbH & Co. KG,Straße des Friedens,34 C,Teuchern,06682,NA,NA
ABR910842526302,EE Nautschketal GmbH ＆ Co. KG,GmbH & Co. KG,Straße des Friedens,34c,Teuchern,06682,NA,NA
ABR949368057854,Heidland Wind GmbH ＆ Co. KG,GmbH & Co. KG,Wensebrock,36,Brockel,27386,NA,NA
ABR986790696589,EB Solar GmbH ＆ Co. KG,GmbH & Co. KG,Maria-Birnbaum-Straße,20,Sielenbach,86577,NA,NA
ABR925413090380,ENOVA Windpark Ludwigsdorf GmbH ＆ Co. KG,GmbH & Co. KG,Steinhausstraße,112,Bunde,26831,www.enova.de,NA
ABR961758056360,Gaskraftwerk Leipheim GmbH ＆ Co. KG,GmbH & Co. KG,Am Tower,5,Leipheim,89340,https://www.leag.de/de/geschaeftsfelder/kraftwerke/gaskraftwerk-leipheim/,NA
ABR997481012212,ESG Kraftwerke I GmbH,GmbH,Schloß,1,Philippsthal,36269,NA,NA
ABR938030874080,Hafenwärme GmbH ＆ Co. KG,GmbH & Co. KG,Windmühlenberg,1,Sehestedt,24814,NA,NA
ABR940428972131,GREE Gollmark Repowering GmbH ＆ Co. KG,GmbH & Co. KG,Windmühlenberg,NA,Sehestedt,24814,NA,NA
ABR930958989624,EnBW Solarpark Gottesgabe GmbH,GmbH,Schelmenwasenstraße,15,Stuttgart,70567,NA,EnBW
ABR947260383347,EnBW SunInvest GmbH ＆ Co. KG,GmbH & Co. KG,Schelmenwasenstraße,15,Stuttgart,70567,NA,EnBW
ABR955224318144,Windpark Hellberge V GmbH ＆ Co. KG,GmbH & Co. KG,Schweizer Straße,3a,Dresden,01069,NA,NA
ABR994524750575,Windpark Himmelreich GmbH ＆ Co.KG,GmbH & Co. KG,Zur Egge,17,Marsberg,34431,NA,NA
ABR904456069973,ABO Wind Öhringen-Karlsfurtebene GmbH ＆ Co. KG,GmbH & Co. KG,Oberdorfstraße,10,Ingelheim,55262,NA,NA
ABR943237668950,Energiepark WP Völkersen GmbH ＆ Co. KG,GmbH & Co. KG,Sedanstraße,19,Lindenberg,88161,NA,NA
ABR954232911026,CEE Windpark Berglicht GmbH ＆ Co. KG,GmbH & Co. KG,Eichenweg,35,Rotenburg,27356,NA,NA
ABR938480345635,Balder A08 GmbH ＆ Co. KG,GmbH & Co. KG,Gartenstr.,1,Brunow,19372,NA,NA
ABR989403455139,Solarfeld Ihlenfeld GmbH ＆ Co. KG,GmbH & Co. KG,Neubrandenburger Straße,1,Neuenkirchen,17039,NA,NA
ABR924003350606,Münch Power Systems GmbH ＆ Co. KG,GmbH & Co. KG,Energiepark,1,Rugendorf,95365,NA,NA
ABR939746950129,UGE Guhlsdorf Eins GmbH ＆ Co. KG Umweltgerechte Energie,GmbH & Co. KG,Dorfstr.,20 a,Lohmen,18276,NA,NA
ABR957359997317,Bürgersolarpark Speichersdorf GmbH ＆ Co. KG,GmbH & Co. KG,Rathausplatz,1,Speichersdorf,95469,NA,NA
ABR926848020089,Münch ecoraise GmbH ＆ Co. KG,GmbH & Co. KG,Energiepark,1,Rugendorf,95365,NA,NA
ABR993892713618,Münch visiontec GmbH ＆ Co. KG,GmbH & Co. KG,Energiepark,1,Rugendorf,95365,NA,NA
ABR914143322465,SWI Windpark Hain-Ost GmbH,GmbH,Ringlerstraße,28,Ingolstadt,85057,www.sw-i.de,NA
ABR901560092323,Energiepark Lausitz GmbH ＆ Co. KG,GmbH & Co. KG,Cecilienkoog,16,Reußenköge,25821,NA,NA
ABR977290093343,Mittelholsteiner Windkraft GmbH ＆ Co. KG,GmbH & Co. KG,Windmühlenberg,NA,Sehestedt,24814,NA,NA
ABR977407939854,Windkraft Hühnerberg GmbH ＆ Co. KG,GmbH & Co. KG,Am Forellenbach,7,Schlangen,33189,NA,NA
ABR933730932023,FPM Solar Epsilon GmbH ＆ Co. KG,GmbH & Co. KG,An der Feuerwache,15,Bayreuth,95445,www.solarparken.com,NA
ABR948296430180,ENERPARC Solar Invest 176 GmbH,GmbH,Kirchenpauerstr.,26,Hamburg,20457,NA,NA
ABR962753246602,PNE WIND Park XXVIII GmbH ＆ Co.KG,GmbH & Co. KG,Peter-Henlein-Straße,2-4,Cuxhaven,27472,www.pne-ag.com,NA
ABR963101632863,Energiepark Mitttelschwansen Verwaltung GmbH ,GmbH,Zum Weim,30 ,Steinfeld,24888,NA,NA
ABR902437203125,SPV Solarpark 118. GmbH ＆ Co. KG,GmbH & Co. KG,Am Haag,10,Gräfelfing,82166,NA,NA
ABR915519230735,Windpark Datteln GmbH ＆ Co. KG,GmbH & Co. KG,Cecilienkoog,16,Reußenköge,25821,NA,NA
ABR908324376323,Gevensleben Wind GmbH ＆ Co. KG,GmbH,Watenstedter Straße,11,Gevensleben,38384,NA,NA
ABR938205791938,Wowa GmbH ＆ Co. KG,GmbH & Co. KG,Talstraße,17,Oberwiera,08396,NA,NA
ABR939245079000,NaGa Solarpark 5 GmbH ＆ Co. KG,GmbH & Co. KG,Schubertstraße,27,Frankfurt,60325,NA,NA
ABR914100319637,Solarpark Gardessen I GmbH & Co. KG,GmbH & Co. KG,Karl-Tauchnitz-Straße,10 b,Leipzig,04107,NA,NA
ABR958032414565,TEP Epsilon GmbH ＆ Co. KG,GmbH & Co. KG,Krefelder Straße,203,Aachen,52070,NA,NA
ABR960306157214,FEFA Windpark V,GmbH & Co. KG,Südwall,3,Stendal,39576,www.fefa-wind.de,NA
ABR992858637555,wpd Windpark Flinten GmbH ＆ Co. KG,GmbH & Co. KG,Stephanitorsbollwerk,3,Bremen,28217,http://www.windmanager.de/,NA
ABR955952868805,Windpark Bellingen,GmbH & Co. KG,Poststraße,3,Stendal,39576,NA,NA
ABR982210299545,LHI GII2 PV Hepberg 2571 GmbH ＆ Co.KG,GmbH & Co. KG,Emil-Riedl-Weg,6,Pullach,82049,www.lhi.de,NA
ABR959103083826,Neue Energie Kulmbach GmbH ＆ Co. KG,GmbH & Co. KG,Hofer Straße,14,Kulmbach,95326,NA,NA
ABR923029856338,pvwerk Solarpark TU 3 GmbH,GmbH,Kirchenpauerstr.,26,Hamburg,20457,NA,NA
ABR987333392470,MMJ GmbH,GmbH,Am Postweg,6,Großefehn,26629,NA,NA
ABR979914885365,Gaarz IV Windkraft GmbH ＆ Co. KG,GmbH & Co. KG,Industriestraße,30,Husum,25813,NA,NA
ABR995140423799,Bürgerwind Fuchstal Gemeindewald GmbH ＆ Co. KG,GmbH & Co. KG,Bahnhofstraße,1,Fuchstal,86925,NA,NA
ABR929875055697,Windpark Holtsee-Altenhof Erweiterung Ost GmbH ＆ Co. KG,GmbH & Co. KG,Windmühlenberg,NA,Sehestedt,24814,NA,NA
ABR903837623278,Solarpark Beilrode GmbH ＆ Co. KG,GmbH & Co. KG,Graditzer Straße,4,Beilrode,04886,NA,NA
ABR954551592142,Solarpark Schmelchen GmbH ＆ Co. KG,GmbH & Co. KG,Maria-Birnbaum-Straße,20,Sielenbach,86577,NA,NA
ABR901987148849,GSW Windpark Gramzow GmbH ＆ Co. KG,GmbH & Co. KG,Otto-Hiendl-Straße,15,Kirchroth,94356,NA,NA
ABR933568210331,Windpark Elsdorf III GmbH ＆ Co. KG,GmbH & Co. KG,Großer Burstah,42,Hamburg,20457,NA,NA
ABR901058481066,WEA Bleiwäsche GmbH ＆ Co. KG,GmbH & Co. KG,An der Grotte,17,Bad Wünnenberg,33181,NA,NA
ABR935204142174,MLK Projektentwicklungs GmbH ＆ Co. KG,GmbH & Co. KG,Bergstraße,1,Berlin,12169,NA,NA
ABR943137037733,Agrowea GmbH ＆ Co. KG,GmbH & Co. KG,Gaußstraße,2,Twist,49767,NA,NA
ABR938716385138,Windpark Helsen-Pessinghausen GmbH ＆ Co. KG,GmbH & Co. KG,Stephanitorsbollwerk,3,Bremen,28217,www.wpd.de,NA
ABR993132120251,Zweite Bürgerenergie Vilseck GmbH ＆ Co. KG,GmbH & Co. KG,Otto-Hiendl-Straße,15,Kirchroth,94356,NA,NA
ABR975241080428,Energiepark Frechen WP GmbH ＆ Co. KG,GmbH & Co. KG,Stresemannstraße,46,Bremerhaven,27570,NA,NA
ABR959234736981,EnBW Solar Langenenslingen GmbH ＆ Co. KG,GmbH & Co. KG,Schelmenwasenstraße,15,Stuttgart,70567,NA,EnBW
ABR926944331553,Offshore-Windpark RIFFGAT GmbH,GmbH,Tirpitzstraße,39,Oldenburg,26122,www.ewe.de,NA
ABR909199790931,Solrenta Rügen GmbH,GmbH,Güttin,66,Dreschvitz,18573,NA,NA
ABR954907499361,Energy One Solar 15 GmbH ＆ Co. KG,GmbH & Co. KG,Hauptstraße,60,Herbsleben,99955,NA,NA
ABR923940225695,RheinhessenWind 1 GmbH ＆ Co. KG,GmbH & Co. KG,Energie-Allee,1,Wörrstadt,55286,NA,NA
ABR912890605121,BASF enviaM Solarpark Schwarzheide GmbH,GmbH,Hallesche Straße,3,Lützen,06686,www.solarpark-schwarzheide.de,NA
ABR957748930338,Windpark Bendorf Ost II GmbH ＆ Co. KG,GmbH & Co. KG,Am Torfstich,11,Edemissen,31234,www.windstrom.de,NA
ABR969791194568,Baltic Eagle GmbH,GmbH,Friedrichstraße,200,Berlin,10117,NA,NA
ABR902447264949,BEH Bioenergie Hannover GmbH,GmbH,Otto-Braun-Platz,1,Potsdam,14467,NA,NA
ABR972381158734,Westerfleth GmbH ＆ Co. KG,GmbH & Co. KG,Kirchenstraße,40,Kronprinzenkoog,25709,NA,NA
ABR965173080283,Onyx Wärmekraftwerk Zolling,GmbH,Leiningerstraße,1,Zolling,85406,NA,Onyx Power
ABR911714982721,APEX Energy GmbH,GmbH,Timmermannsstrat,2a,Rostock,18055,https://h2apex.com/de/,NA
ABR987065909496,FP Lux REIO Deutschland GmbH ＆ Co. Freimersheim KG,GmbH & Co. KG,Beekstraße,5,Harmstorf,21228,NA,NA
ABR943631061814,Donnersberg Portfolio GmbH ＆ Co. KG,GmbH & Co. KG,Schneebergerhof,14,Gerbach,67813,NA,NA
ABR917049593663,Solarpark Klettwitz Süd GmbH ＆ Co. KG,GmbH & Co. KG,Cecilienkoog,16,Reußenköge,25821,NA,NA
ABR980220634028,Dahle Landwind 01 GmbH ＆ Co. KG,GmbH & Co. KG,Watenstedter Straße,11,Gevensleben,38384,www.landwind-gruppe.de,NA
ABR942866811850,Norddeutsche Energie WP Franzburg GmbH ＆ Co. KG,GmbH & Co. KG,Straße am Zeltplatz,7,Ostseebad Rerik,18230,NA,NA
ABR914067444151,Windenergiepark Höringhausen GmbH,GmbH,Hauptstraße,NA,Oberkirch,77704,NA,NA
ABR983639400543,NE-Energiepark Lüttow-Valluhn GmbH ＆ Co. KG,GmbH & Co. KG,Lübsche Straße,10 ,Wismar,23966,NA,NA
ABR943824768568,Windpark Wilhelmshöhe III GmbH ＆ Co. KG,GmbH & Co. KG,Am Haag,10,Gräfelfing,82166,NA,NA
ABR965170021524,Windpark Reinhardswald GmbH ＆ Co.KG,GmbH & Co. KG,Über dem Maibach,2,Grebenstein,34393,https://www.wp-reinhardswald.de/home/,NA
ABR921856042702,Windpark Sollwitt-Pobüll GmbH ＆ Co. KG,GmbH & Co. KG,Am Damm,1,Sollwitt,25884,NA,NA
ABR918582642863,Prowind GmbH,GmbH,Albert-Einstein-Straße,7,Osnabrück,49076,www.prowind.com,NA
ABR932305592365,Haabusch Windkraft GmbH ＆ Co. KG,GmbH & Co. KG,Büren,35,Gescher,48712,NA,NA
ABR932446489050,Pröbsting Windkraft GmbH ＆ Co. KG,GmbH & Co. KG,Büren,35,Gescher,48712,NA,NA
ABR922124470111,Solarpark Mittelbiberach GmbH,GmbH,Schloßstraße,11,Mittelbiberach,88441,NA,NA
ABR973182610452,wpd Solarpark Wiernsheim Ortental GmbH ＆ Co. KG,GmbH & Co. KG,Stephanitorsbollwerk,3,Bremen,28217,wpd.de,NA
ABR942004525861,Windpark Neufeld Kattrepel GmbH ＆ Co. KG,GmbH & Co. KG,Windmühlenberg,NA,Sehestedt,24814,NA,NA
ABR921681302422,Windpark Tiefensee 1 GmbH ＆ Co. KG,GmbH & Co. KG,Gregor-Mendel-Straße,24 a,Potsdam,14469,NA,NA
ABR913539329651,Windpark GmbH ＆ Co. Bertkow III KG,GmbH & Co. KG,Holzweg,87,Aurich,26605,www.alterric.com,NA
ABR932611526047,Anumar Solarpark Bautzen GmbH ＆ Co. KG,GmbH & Co. KG,Haunwöhrer Straße,21,Ingolstadt,85051,NA,NA
ABR991434095727,Hetzner Online GmbH,GmbH,Industriestraße,25,Gunzenhausen,91710,NA,NA
ABR954611079286,WPI Repowering GmbH ＆ Co. KG,GmbH & Co. KG,Mühlenweg,9a,Ihlow,26632,NA,NA
ABR931366551564,"enport GmbH ＆ Co. KG, Tanklager Hamburg",GmbH & Co. KG,Blumensand,38,Hamburg,21107,enport-mb.com,NA
ABR985250964756,Parkwind Ost,GmbH,An der Kaikante,NA,Sassnitz,18546,NA,NA
ABR907604221094,ENGIE Windpark Querstedt-Badingen Repowering GmbH,GmbH,Ella-Barowsky-Straße,44,Berlin,10829,https://www.engie-deutschland.de/,ENGIE
ABR910656620814,Solarpark Stolpe GmbH ＆ Co. KG,GmbH & Co. KG,Nordhackstedter Straße,8,Hörup,24980,NA,NA
ABR962630551720,wiwi consult GmbH ＆ Co. KG,GmbH & Co. KG,Rheinstraße,43-45,Mainz,55116,NA,NA
ABR917115992765,REA GmbH Umweltinvest,GmbH,Wernersstraße,23,Düren,52351,www.rea-dn.de,NA
ABR919373861784,HSW Windpark Herrscheid GmbH ＆ Co. KG,GmbH & Co. KG,Meeboldstraße,1,Heidenheim,89522,NA,NA
ABR939041894357,Windpark Holtensen-Hullersen GmbH ＆ Co. Betriebs-KG,GmbH & Co. KG,Emmy-Noether-Straße,17,Itzehoe,25524,NA,NA
ABR985632971266,Windpark Hohfleck GmbH ＆ Co. KG,GmbH & Co. KG,Eisenhutstraße,6,Tübingen,72072,https://www.swtue.de/energie/strom/erneuerbare-energien.html,NA
ABR947141202187,Windpark Bellingen West GmbH ＆ Co. KG,GmbH & Co. KG,Max-Born-Str.,1,Rheine,48431,NA,NA
ABR915264497476,Windenergie Große Heide GmbH ＆ Co. KG,GmbH & Co. KG,Kusenhorster Straße,38,Haltern am See,45721,NA,NA
ABR996419910842,wpd Windpark Klein Süstedt GmbH ＆ Co. KG,GmbH & Co. KG,Stephanitorsbollwerk,3,Bremen,28217,www.wpd.de,NA
ABR986112753204,Erste Windpark Jerischke GmbH ＆ Co. KG,GmbH & Co. KG,Fritz-Fend-Straße,4,Regensburg,93047,NA,NA
ABR992609617362,Windpark Schnellwettern GmbH ＆ Co. KG,GmbH & Co. KG,Große Elbstraße,59,Hamburg,22767,NA,NA
ABR996733629420,Jerischke II GmbH,GmbH,Gesandtenstraße,3,Regensburg,93047,NA,NA
ABR975171257136,Windpark Kanzlei GmbH ＆ Co. KG,GmbH & Co. KG,Teichkoppel,12,Heide,25746,NA,NA
ABR936465672837,WP Elbe GmbH ＆ Co KG,GmbH & Co. KG,Am Spritzenberg,4,Elbe,38274,www.ebert-energie.de,NA
ABR913655682333,ENOVA Power GmbH,GmbH,Steinhausstraße,112,Bunde,26831,www.enova.de,NA
ABR974335176894,CEE PVF Karstädt GmbH & Co.KG,GmbH & Co. KG,Stresemannstraße,46,Bremerhaven,27570,https://cycap.com,NA
ABR945863951802,Windpark Bünne-Wehdel GmbH ＆ Co. KG,GmbH & Co. KG,Bornweg,28,Bad Essen,49152,www.energy-farming.de,NA
ABR904872495769,Windpark Oberperl GmbH ＆ Co. KG,GmbH & Co. KG,Stephanitorsbollwerk,3,Bremen,28217,www.wpd.de,NA
ABR908423813941,Anumar Solarpark Quedlinburg GmbH ＆ Co. KG,GmbH & Co. KG,Am Schiffbleek,3,Quedlinburg,06484,NA,NA
ABR931048674703,Windpark Rastede GmbH ＆ Co. KG,GmbH & Co. KG,Holzweg,87,Aurich,26605,NA,NA
ABR960651062805,SOWI,GmbH & Co. KG,Enzleinsgrub,3,Viechtach,94234,NA,NA
ABR933616157243,NE Energiepark Lausitz GmbH ＆ Co. KG,GmbH & Co. KG,Schulstraße,6 a,Senftenberg,01968,NA,NA
ABR997987075100,Tunkel Windenergie GmbH ＆ Co KG,GmbH & Co. KG,Im Dorfe,4,Stoetze,29597,NA,NA
ABR990522344914,Solarpark Oening GmbH & Co. KG,GmbH & Co. KG,Raitenbuch C,3,Berching,92334,www.a-j-e.de,NA
ABR967037996907,Windpark GE-Rainmoor GmbH ＆ Co. KG,GmbH & Co. KG,Dorfstraße,107,Hämelhausen,27324,NA,NA
ABR978098997215,Solarkraftwerk Südeifel GmbH ＆ Co. KG,GmbH & Co. KG,Am Halberg,3,Saarbrücken,66121,NA,NA
ABR945901454784,PVA Strasen GmbH ＆ Co. KG,GmbH & Co. KG,Fürstenberger Weg,38,Wesenberg,17255,NA,NA
ABR965816551262,Windpark Engelnstedt GmbH ＆ Co. KG,GmbH & Co. KG,Am Torfstich,11,Edemissen,31234,NA,NA
ABR915593029508,Windpark Auras Süd GmbH ＆ Co.KG,GmbH & Co. KG,Prof.-Messerschmitt-Straße,3,Neubiberg,85579,NA,NA
ABR903573705443,BFM Energiepark Kemmen UG (haftungsbeschränkt) ＆ Co. KG,UG (haftungsbeschränkt) & Co. KG,Am Gericht,13,Calau,03205,NA,NA
ABR990113855096,Windenergie Ameke/Hölter GmbH ＆ Co. KG,GmbH & Co. KG,Kurrick,7,Drensteinfurt,48317,NA,NA
ABR989644624141,SMAREG 4 GmbH ＆ Co. KG,GmbH & Co. KG,Dornacher Straße,3,Feldkirchen,85622,NA,JUNIZ
ABR901031027526,Solarpark Altenschwand GmbH ＆ Co. KG,GmbH & Co. KG,Fritz-Fend-Straße,4,Regensburg,93047,www.ostwind.de,NA
ABR970220181530,Solarfeld Frestedt KG,KG,Süderende,11,Frestedt,25727,NA,NA
ABR943212018992,Ackerstrom Wilhelmshöhe II GmbH ＆ Co. KG,GmbH & Co. KG,Wunstorfer Landstraße,8,Hannover,30453,NA,NA
ABR970190057552,SEAC Invest 10 GmbH ＆ Co. KG,GmbH & Co. KG,Edhof,7,Hebertsfelden,84332,NA,NA
ABR926007748472,Windpark GmbH ＆ Co. Dietrichsfeld KG,GmbH & Co. KG,Holzweg,87,Aurich,26605,www.alterric.com,NA
ABR932933543432,ENERPARC Solar Invest 151 GmbH,GmbH,Kirchenpauerstr.,26,Hamburg,20457,NA,NA
ABR981189153315,Bürgersolarkraftwerk Burgpreppach 1 GmbH ＆ Co. KG,GmbH & Co. KG,Bahnhofstraße,1,Haßfurt,97437,NA,NA
ABR960649932455,UGE Ihlow Eins GmbH ＆ Co. KG Umweltgerechte Energie,GmbH & Co. KG,Dorfstr.,20 a,Lohmen,18276,NA,NA
ABR919822937695,UGE Trebitz Eins GmbH ＆ Co.KG Umweltgerechte Energie,GmbH & Co. KG,Dorfstr.,20 a,Lohmen,18276,NA,NA
ABR930036992720,UGE Wundersleben GmbH ＆ Co. KG Umweltgerechte Energie,GmbH & Co. KG,Dorfstr.,20 a,Lohmen,18276,NA,NA
ABR973513306672,UGE Poppendorf GmbH ＆ Co. KG Umweltgerechte Energie,GmbH & Co. KG,Dorfstr.,20 a,Lohmen,18276,NA,NA
ABR904378570434,Windpark Görrisau GmbH ＆ Co. KG,GmbH & Co. KG,Bollingstedter Weg,13,Silberstedt,24887,NA,NA
ABR950837343958,Swisspower Renewables Volkmarsdorf GmbH,GmbH,Markgrafenstraße,22,Berlin,10117,www.swisspower-renewables.de,NA
ABR940007016058,Windpark Hankensbüttel GmbH,GmbH,Günter-Samtlebe-Platz,1,Dortmund,44135,NA,NA
ABR969551918335,Lorica Windpark Fliederberg GmbH ＆ Co. KG,GmbH & Co. KG,Magdeburger Straße (Biere),7,Biere,39221,NA,NA
ABR971381091898,Sonnenwerk Issigau Reitzenstein GmbH ＆ Co. KG,GmbH & Co. KG,Reitzenstein,76,Issigau,95188,NA,NA
ABR948334917826,Obton Storage GmbH ＆ Co. KG,GmbH & Co. KG,Alter Kirchenweg,83,Handewitt,24983,NA,NA
ABR943236007491,Schierloh-Engineering GmbH,GmbH,Süstedter Dorfstraße,22,Bruchhausen-Vilsen,27305,NA,NA
ABR955259601075,Mittelsächsische Windpark GmbH ＆ Co. KG,GmbH & Co. KG,Am Steinberg,7,Großschirma,09603,NA,NA
ABR922191690375,Bürgerwindpark Jörl-Stieglund GmbH ＆ Co. KG,GmbH & Co. KG,Stieglundsanderweg,2,Jörl,24992,NA,NA
ABR974049345517,BWE Frankenhöhe GmbH ＆ Co. KG,GmbH & Co. KG,Neue Straße,17 a,Markt Erlbach,91459,www.wust-wind-sonne.de,NA
ABR942589617715,WP Schieder GmbH ＆ Co. KG,GmbH & Co. KG,Große Elbstraße,59,Hamburg,22767,NA,NA
ABR972580433205,Windpark Oelerse IX GmbH ＆ Co. KG,GmbH & Co. KG,Am Torfstich,11,Edemissen,31234,NA,NA
ABR983525053488,Windpark Ebersdorf Netz- und,GmbH & Co. KG,Hauptstraße,17,Alfstedt,27432,NA,NA
ABR906778222678,VSB Windpark Elster Repowering GmbH ＆ Co. KG,GmbH & Co. KG,Schweizer Straße,3 a,Dresden,01069,www.vsb.energy,NA
ABR915579840684,Sustainable Energy Aschaffenburg GmbH,GmbH,Georg-Brauchle-Ring,52,München,80992,NA,NA
ABR951292203221,WIND-projekt GmbH ＆ Co. 37. Betriebs-KG,GmbH & Co. KG,Seestr.,71 a,Börgerende,18211,NA,NA
ABR948091314388,DHE Dinslakener Holz-Energiezentrum GmbH ＆ Co. KG,GmbH & Co. KG,Gerhard-Malina-Straße,1,Dinslaken,46537,NA,NA
ABR912027558177,MLK Windpark Viersen Nr. 83 GmbH ＆ Co. KG,GmbH & Co. KG,In Tenholt,33,Erkelenz,41812,NA,NA
ABR955866720923,SP XVIII GmbH ＆ Co. KG,GmbH & Co. KG,Bornknechtstraße,5,Halle,06108,NA,NA
ABR972569139876,Ventus Bürgerstrom Brandenburg Nr. 88 GmbH ＆ Co. KG,GmbH & Co. KG,Lichtenberger Weg,4,Jacobsdorf,15236,NA,NA
ABR983017753407,Sonnenenergie Gilching GmbH ＆ Co. KG,GmbH & Co. KG,Rudolf-Diesel-Straße,3 b,Gilching,82205,NA,NA
ABR914500676606,innoVent WP Staufenberg,GmbH & Co. KG,Oldenburger Straße,49,Varel,26316,www.innovent.eu,NA
ABR957449120694,ENERPARC Solar Invest 139 GmbH,GmbH,Kirchenpauerstr.,26,Hamburg,20457,NA,NA
ABR975868592922,MLK Windpark Königshovener Höhe Nr. 96 GmbH ＆ Co. KG,GmbH & Co. KG,In Tenholt,33,Erkelenz,41812,NA,NA
ABR990883702354,e-wyn 4. Beteiligungs GmbH ＆ Co. KG,GmbH & Co. KG,Klostersande,58,Elmshorn,25336,e-wyn.de,NA
ABR982392078730,Landwind Planung GmbH ＆ Co. KG,GmbH & Co. KG,Watenstedter Straße,11,Gevensleben,38384,www.landwind-gruppe.de,NA
ABR943369189668,Solarpark Bad Liebenwerda GmbH ＆ Co. KG,GmbH & Co. KG,Am Haag,10,Gräfelfing,82166,NA,NA
ABR942424506877,Momentum Energy Germany GmbH ＆ Co.KG,GmbH & Co. KG,Lise-Meitner-Straße,4,Flensburg,24941,NA,NA
ABR947843591473,NeXtWind Salingen GmbH,GmbH,Kantstraße,164,Berlin,10623,https://www.nextwind.de/,NA
ABR912787750132,Windpark Strassen GmbH ＆ Co. KG,GmbH & Co. KG,Großer Burstah,42,Hamburg,20457,NA,NA
ABR943223649666,Windpark GmbH ＆ Co. Mittelherwigsdorf II KG,GmbH & Co. KG,Holzweg,87,Aurich,26605,www.alterric.com,NA
ABR937412905541,Vantage Data Centers Germany,GmbH,Alexander-von-Humboldt-Straße,4 ,Raunheim,65479,NA,NA
ABR963354482987,PV Küpfendorf GmbH,GmbH,Hauptstraße,105,Jettingen-Scheppach,89343,NA,NA
ABR949574336156,STEAG Power GmbH,GmbH,Rüttenscheider Str.,1,Essen,45128,www.steag.com,STEAG/Iqony
ABR943296998173,enercity Windpark Beuren GmbH,GmbH,Nessestraße,24,Leer,26789,www.enercity-erneuerbare.de,NA
ABR901300660683,SMAREG 3 GmbH ＆ Co. KG,GmbH & Co. KG,Dornacher Straße,3,Feldkirchen,85622,NA,JUNIZ
ABR994641387562,SMAREG 5 GmbH ＆ Co. KG,GmbH & Co. KG,Einsteinring,43,Aschheim,85609,NA,JUNIZ
ABR979189535606,Bürgerwind Hagenkamp GmbH ＆ Co. KG,GmbH & Co. KG,Dumte,16,Steinfurt,48565,NA,NA
ABR992981898113,Bürgerwindpark Wallsbüll GmbH ＆ Co. KG,GmbH & Co. KG,Hauptstraße,45,Medelby,24994,NA,NA
ABR936355160291,Windpark Rosengarten II GmbH ＆ Co.KG,GmbH & Co. KG,Mittelweg,6 C,Rosengarten,21224,NA,NA
ABR969848130310,Windstrom Niese-Köterberg GmbH ＆ Co. KG,GmbH & Co. KG,Alte Poststraße,17,Lügde,32676,www.naturstrom.de,NA
ABR923485024449,WP Niederöfflingen GmbH ＆ Co. KG,GmbH & Co. KG,Große Elbstraße,59,Hamburg,22767,NA,NA
ABR998050017508,LHI SW WP Meschede-Freienohl 2686 GmbH ＆ Co.KG,GmbH & Co. KG,Emil-Riedl-Weg,6,Pullach,82049,NA,NA
ABR980074318501,SoLa Energiepartner GmbH,GmbH,Renker Weg,1,Bad Lippspringe,33175,NA,NA
ABR945070183720,Energiepark Bad Lauchstädt GmbH,GmbH,Poetenweg,49,Leipzig,04155,NA,NA
ABR910831924997,Ober-Flörsheim Portfolio GmbH ＆ Co. KG,GmbH & Co. KG,Schneebergerhof,14,Gerbach,67813,NA,NA
ABR962375971197,Ventus Bürgerstrom Zschornewitz Nr. 70 GmbH ＆ Co. KG,GmbH & Co. KG,In Tenholt,33,Erkelenz,41812,NA,NA
ABR997731288992,Windpark Luxem GmbH ＆ Co. KG,GmbH & Co. KG,Wertherbrucher Straße,13,Rees,46459,https://qualitasenergy.com/de/,NA
ABR905489087392,Höhenwind-Park GmbH,GmbH,Mainzer Straße,59 A,Koblenz,56068,www.hoehenwind.com,NA
ABR985530053408,SEBG Energiepark GmbH,GmbH,Dorfstraße,28,Boitzenburger Land,17268,NA,NA
ABR910569172493,Solaranlage Krettnich,GmbH & Co. KG,Willibald-Alexis-Straße,28,Berlin,10965,NA,NA
ABR900606112636,Bürgersolarpark Bundorf GmbH ＆ Co. KG,GmbH & Co. KG,Schmidhamer Straße,22,Traunstein,83278,NA,NA
ABR912422236700,Windpark Glücksberg GmbH ＆ Co. KG,GmbH & Co. KG,Gregor-Mendel-Straße,24 A,Potsdam,14469,NA,NA
ABR929444881566,Bürgerwind II NW GmbH ＆ Co. KG,GmbH & Co. KG,Dorfstraße/Neuengörs,13,Neuengörs,23818,NA,NA
ABR967518303026,MLK Windpark Schwalmtal Nr. 80 GmbH ＆ Co. KG,GmbH & Co. KG,In Tenholt,33,Erkelenz,41812,NA,NA
ABR957595102087,Windpark Prüm Air Station GmbH ＆ Co. KG,GmbH & Co. KG,Lena-Christ-Straße,2,Grünwald,82031,NA,NA
ABR960966379704,Windpark Kroppenstedt GmbH ＆ Co. Betriebs-KG,GmbH & Co. KG,Emmy-Noether-Straße,17,Itzehoe,25524,NA,NA
ABR914469362954,Ortsgemeinde Büchel,Eigenbetrieb,Georgsweiler Straße,39a,Büchel,56823,https://www.buechel.de,NA
ABR908643653556,Sonnenenergie Apfeldorf GmbH ＆ Co. KG,GmbH & Co. KG,Flößerstraße,6,Apfeldorf,86974,NA,NA
ABR984494269474,PV Böhlen GmbH ＆ Co. KG,GmbH & Co. KG,Leagplatz,1,Cottbus,03050,NA,NA
ABR970393697814,Windpark Uetze NW GmbH ＆ Co. KG,GmbH & Co. KG,Am Torfstich,11,Edemissen,31234,NA,NA
ABR918160496659,Solarpark Döllen GmbH,GmbH,Karpatenweg,2,Gumtow,16866,NA,NA
ABR998605376647,J.Müller Weser GmbH & Co. KG,GmbH & Co. KG,Neustadtstraße,15,Brake,26919,www.jmueller.de,NA
ABR947079820699,Pfeifer ＆ Langen GmbH ＆ Co. KG,GmbH & Co. KG,An den 7 Stücken,1,Könnern,06420,NA,NA
ABR948308764593,VR Bank Nord eG,eG,Friedrich-Ebert-Straße,9,Flensburg,24937,NA,NA
ABR965577456684,VSB Windpark Löberitz GmbH ＆ Co. KG,GmbH & Co. KG,Schweizer Straße,3 a,Dresden,01069,www.vsb.energy,NA
ABR986044738881,Rhein-Höhenwind GmbH ＆ Co. KG,GmbH & Co. KG,Sangerstraße,14,Beltheim,56290,www.hoehenwind.com,NA
ABR982324025771,Windpark Bescheid-Süd GmbH ＆ Co. KG,GmbH & Co. KG,Ostallee,7 - 13,Trier,54290,NA,NA
ABR995116060805,Qair WP Altenschlag GmbH ＆ Co. KG,GmbH & Co. KG,Schwanthalerstraße,75 a,München,80336,NA,NA
ABR938699498481,EEG Energiegesellschaft I GmbH ＆ Co. KG,GmbH & Co. KG,Wellingstraße,66,Melle,49328,NA,NA
ABR990068447971,Solaranlage Thüngen II GmbH ＆ Co. KG,GmbH & Co. KG,Isekai,1,Hamburg,20249,NA,NA
ABR950390016719,Windpark Haltern Moddefeld GmbH ＆ Co. KG,GmbH & Co. KG,Naendorf,1,Metelen,48629,www.windpark-haltern-moddefeld.de,NA
ABR985852219667,UGE Kleinpaschleben-Drosa GmbH ＆ Co. KG Umweltgerechte Energie,GmbH & Co. KG,Dorfstr.,20 a,Lohmen,18276,NA,NA
ABR994258218549,Burg Lichtenfels Meineweh III,GmbH & Co. KG,Burg Lichtenfels,1,Lichtenfels,35104,NA,NA
ABR957357431141,UGE Everswinkel GmbH ＆ Co. KG Umweltgerechte Energie,GmbH & Co. KG,Lorenzgasse,2 a,Meißen,01662,NA,NA
ABR983031278467,Uhl Windkraft Objekt 112 GmbH ＆ Co. KG,GmbH & Co. KG,Max-Eyth-Straße,40,Ellwangen,73479,www.uhl-windkraft.de,NA
ABR980325142336,Solarpark Kropp GmbH ＆ Co. KG,GmbH & Co. KG,Elbchaussee,159,Hamburg,22605,NA,NA
ABR957752525063,Windpark Osdorf GmbH ＆ Co. KG,GmbH & Co. KG,Stephanitorsbollwerk,3,Bremen,28217,www.wpd.de,NA
ABR963996598664,ZRE Zentrum für Ressourcen und Energie GmbH,GmbH,Bullerdeich,19,Hamburg,20537,NA,NA
ABR966369503555,Strom 2020 GmbH ＆ Co. KG,GmbH & Co. KG,Kiekbusch,2,Bosau,23715,NA,NA
ABR993636792565,PAC Jade GmbH ＆ Co. KG,GmbH & Co. KG,Leopoldstraße,20,München,80802,NA,NA
ABR997170459243,Windenergie Manzenborn GmbH & Co.KG,GmbH & Co. KG,Dorfstraße,6,Hütten,54673,NA,NA
ABR956184670464,Windpark Waabs GmbH ＆ Co. KG,GmbH & Co. KG,Gut Hülsenhain,NA,Waabs,24369,NA,NA
ABR956846705190,Windpark Nortorf GmbH ＆ Co. KG,GmbH & Co. KG,Cecilienkoog,16,Reußenköge,25821,NA,NA
ABR944716785168,Bürgerwind Laer GmbH ＆ Co. KG,GmbH & Co. KG,Hahnenkamp,13a,Billerbeck,48727,NA,NA
ABR915601496575,WP Schwennenz GmbH ＆ Co. KG,GmbH & Co. KG,Schicklerstraße,5-7,Berlin,10179,www.eef.de,NA
ABR929091572886,ENOVA Windpark Jembke Betriebs GmbH ＆ Co. KG,GmbH & Co. KG,Steinhausstraße,112,Bunde,26831,www.enova.de,NA
ABR971820806090,Sunrock Solarproject 1 GmbH ＆ Co. KG,GmbH & Co. KG,Wackerstr.,15 ,Reichertshofen,85084,NA,NA
ABR913666731341,Windpark Heiligenhafen-Gremersdorf GmbH ＆ Co. KG,GmbH & Co. KG,Am Dorfbrunnen,10,Gremersdorf,23758,NA,NA
ABR903537868139,EE Projekte Deutschland GmbH,GmbH,Dieselstraße,4,Husum,25813,NA,NA
ABR936793791637,WP Bad Arolsen Landau GmbH ＆ Co. KG,GmbH & Co. KG,Große Elbstraße,59,Hamburg,22767,NA,NA
ABR978578175089,PROKON Windpark Friedersdorf GmbH ＆ Co. KG,GmbH & Co. KG,Kirchhoffstraße,3,Itzehoe,25524,www.prokon.net,NA
ABR951797862459,Projekt Windpark Rennweg GmbH,GmbH,Kirchweg,38,Warstein,59581,NA,NA
ABR934169942898,Bürgerwind Nordick GmbH ＆ Co. KG,GmbH & Co. KG,Forsthövel-Lohmannstraße,1,Ascheberg,59387,NA,NA
ABR949047373411,Stadtwerke Bochum Windpark Schälker Heide GmbH ＆ Co. KG,GmbH & Co. KG,Ostring,28,Bochum,44787,NA,NA
ABR987888628123,Bürgerenergie Leckeng Repowering GmbH ＆ Co. KG,GmbH & Co. KG,Leckeng,3a,Leck,25917,NA,NA
ABR918644474487,VSB Windpark Wirmighausen GmbH ＆ Co. KG,GmbH & Co. KG,Schweizer Straße,3a,Dresden,01069,www.vsb.energy,NA
ABR924090964854,Windconcept Getmold OHG,oHG,Erfmeyerstraße,6,Espelkamp,32339,NA,NA
ABR950991347762,LUFTERTRAG Windfeld Freiensteinau F1 UG (haftungsbeschränkt) ＆ Co. KG,UG (haftungsbeschränkt) & Co. KG,Alte Schulstraße,5,Freiensteinau,36399,NA,NA
ABR924571267894,enercity BESS Dresden GmbH ＆ Co. KG,GmbH & Co. KG,Nessestraße,24,Leer,26789,NA,NA
ABR973442125542,Windpark Parchow GmbH ＆ Co.KG,GmbH & Co. KG,Neue Str.,13,Carinerland,18233,NA,NA
ABR938468192954,Neue Energie Billigheim,GmbH & Co. KG,Sulzbacher Straße,9,Billigheim,74842,NA,NA
ABR917984037970,EE BürgerEnergie Rosenberg GmbH & Co. KG,GmbH & Co. KG,Hauptstraße,26,Rosenberg,74749,NA,NA
ABR975329381003,Bürgerenergie Mappach-Silberberg GmbH ＆ Co. KG,GmbH & Co. KG,Otto-Hiendl-Straße,15,Kirchroth,94356,NA,NA
ABR937491002803,ATE Solarparks 5 GmbH ＆ Co. KG,GmbH & Co. KG,Kleinoberfeld,5,Karlsruhe,76135,NA,NA
ABR963795573701,Solar Zerbst GmbH ＆ Co.KG,GmbH & Co. KG,Derendorfer Allee,2a,Düsseldorf,40476,www.statkraft.de,NA
ABR942715683065,UGE Neustadt (Dosse) GmbH ＆ Co. KG Umweltgerechte Energie,GmbH & Co. KG,Dorfstr.,20 a,Lohmen,18276,NA,NA
ABR950379330898,Bürgersonnenenergie Illesheim GmbH ＆ Co. KG,GmbH & Co. KG,Neue Straße,17 a,Markt Erlbach,91459,www.wust-wind-sonne.de,NA
ABR998176588258,MBBF Windpark Bützow GmbH ＆ Co. KG,GmbH & Co. KG,Moltenow,9,Jürgenshagen,18246,NA,NA
ABR986529344316,ENERPARC Solar Invest 202 GmbH,GmbH,Kirchenpauerstr.,26,Hamburg,20457,NA,NA
ABR942784080093,SK Bürgerenergie NW GmbH ＆ Co. KG,GmbH & Co. KG,Dorfstraße,26,Niederwinkling,94559,NA,NA
ABR988541307232,PIONEXT Solarpark Lipporn GmbH ＆ Co. KG,GmbH & Co. KG,Otto-Lilienthal-Straße,2,Alzey,55232,NA,NA
ABR959555421405,Windpark Nohfelden-Zallenberg GmbH,GmbH,Heinrich-Böcking-Straße,10,Saarbrücken,66121,NA,NA
ABR952507990011,Windkraft Bertikow GmbH ＆ Co. KG,GmbH & Co. KG,Hauptstraße,60,Herbsleben,99955,NA,NA
ABR985033328102,Kraftwerk Neuss GmbH,GmbH,Georg-Brauchle-Ring,52-54,München,80992,NA,NA
ABR999445538721,RheinhessenWind 2 GmbH ＆ Co. KG,GmbH & Co. KG,Energie-Allee,1,Wörrstadt,55286,NA,NA
ABR997341847398,Solarstrom FS GmbH ＆ Co. KG,GmbH & Co. KG,Forchheimer Straße,29,Ebermannstadt,91320,https://www.stadtwerke-ebermannstadt.de/,NA
ABR942457189252,AVA Velsen GmbH,GmbH,Alte Grube Velsen,16,Saarbrücken,66127,www.ava-velsen.de,NA
ABR976126012558,Wind Energy Farming IV UG (haftungsbeschränkt) ＆ Co. KG,UG (haftungsbeschränkt) & Co. KG,Marktplatz,2,Babenhausen,87727,NA,NA
ABR945002563286,Altoland Solar GmbH ＆ Co.KG,GmbH & Co. KG,Schmelchen,1,Altomünster,85250,NA,NA
ABR942038476511,Progroup Power 2 GmbH,GmbH,Auf der Sonnenseite,3a,Sandersdorf,06792,www.progroup.ag,Progroup
ABR963986876604,ECO POWER ONE GmbH,GmbH,Sonnenallee,1,Kirchheim,85551,NA,NA
ABR985295237723,Anumar Solarpark BiG GmbH ＆ Co. KG,GmbH & Co. KG,Schloßplatz,2,Berg im Gau,86562,NA,NA
ABR976945120359,Windpark Gusow-Treplin GmbH ＆ Co. KG,GmbH & Co. KG,Prof.-Messerschmitt-Straße,3,Neubiberg,85579,NA,NA
ABR913926656605,Solarstrom Güsten 3 GmbH ＆ Co. KG,GmbH & Co. KG,Lindenstraße,37,Ilberstedt,06408,NA,NA
ABR972340376100,PNE Windpark Papenrode Repowering,GmbH & Co. KG,Peter-Henlein-Straße,2,Cuxhaven,27472,https://qualitasenergy.com/,NA
ABR957940970385,Windpark Remblinghausen GmbH ＆ Co. KG,GmbH & Co. KG,Kleinoberfeld,5,Karlsruhe,76135,NA,NA
ABR923645310016,Windpark Groß Buchwald-Negenharrie GmbH ＆ Co. KG,GmbH & Co. KG,Windmühlenberg,NA,Sehestedt,24814,NA,NA
ABR947037707031,EP4 Solar Invest 3 GmbH ＆ Co. KG,GmbH & Co. KG,Kirchenpauerstr.,26,Hamburg,20457,NA,NA
ABR938326421172,Vattenfall Wind Hommerdingen GmbH ＆ Co. KG,GmbH & Co. KG,Amerigo-Vespucci-Platz,2,Hamburg,20457,https://wind-solar.vattenfall.de/windenergie,NA
ABR964470726344,Windpark St. Wendel GmbH ＆ Co. KG,GmbH & Co. KG,Fritz-Fend-Straße,4,Regensburg,93047,NA,NA
ABR906094367947,enercity Windpark Münstedt II GmbH ＆ Co. KG,GmbH & Co. KG,Nessestraße,24,Leer,26789,NA,NA
ABR920287260204,Alterric Windpark Salz-Berzhahn GmbH ＆ Co. KG,GmbH & Co. KG,Holzweg,87,Aurich,26605,https://www.alterric.com/,NA
ABR995829519652,SMAREG 9 GmbH ＆ Co. KG,GmbH & Co. KG,Einsteinring,43,Aschheim,85609,NA,JUNIZ
ABR924396691621,EnBW Solarpark Gickelfeld GmbH ＆ Co. KG,GmbH & Co. KG,Schelmenwasenstraße,15,Stuttgart,70567,NA,EnBW
ABR937232961253,SIMA Energie GmbH,GmbH,Siglhof,1,Marklkofen,84163,NA,NA
ABR944251184761,Gündermann Solar GmbH,GmbH,Mühlweg,13,Schwebheim,97525,NA,NA
ABR965292038370,Grünstromkontor UG (haftungsbeschränkt) ＆ Co. KG,UG (haftungsbeschränkt) & Co. KG,Rhönstraße,20,Wiemersdorf,24649,NA,NA
ABR967145298412,Windpark Silberstedt-Hochmoor GmbH ＆ Co. KG,GmbH & Co. KG,Windmühlenberg,NA,Sehestedt,24814,NA,NA
ABR906534096758,Windpark Buchhain GmbH ＆ Co. KG,GmbH & Co. KG,Wall,55,Kiel,24103,getproject.de,NA
ABR982405156776,e-wikom Windpark Mühlberg GmbH ＆ Co. KG,GmbH & Co. KG,Unter der Tränke,1,Wanfried,37281,NA,NA
ABR953453356227,Windplan Schmolde GmbH,GmbH,Bahnstraße,7,Pirow,19348,www.windplan.org,NA
ABR988310185726,BürgerEnergie Geldern GmbH,GmbH,Wertmannsweg,18,Geldern,47608,NA,NA
ABR921036433450,Windpark Burbach GmbH,GmbH,Gustav-Weißkopf-Straße,3,Ganderkesee,27777,www.volkswind.de,NA
ABR929910898067,SWS SP Niederkirchen GmbH ＆ Co. KG,GmbH & Co. KG,Kesselstraße,21-23,Stuttgart,70327,https://www.stadtwerke-stuttgart.de/,NA
ABR928138263534,Solarpark Klosterdorf GmbH ＆ Co. KG,GmbH & Co. KG,Großer Burstah,42,Hamburg,20457,www.ee.thuega.de,NA
ABR941662536820,Windpark Apenberg GmbH,GmbH,Dorfstraße,12,Mühbrook,24582,www.neue-energien.com,NA
ABR904110210857,BWBB GmbH ＆ Co. KG,GmbH & Co. KG,Hauptstraße,44,Zossen,15806,NA,NA
ABR907074183557,Windkraft-Wicheln-Wennigloh GmbH,GmbH,Zum Dümpel,60,Sundern,59846,NA,NA
ABR906494130967,WP Rollwitz GmbH,GmbH,Feldstr.,12 a,Rollwitz,17309,https://www.vossenergy.com/,NA
ABR923053511142,NWM Wind GmbH ＆ Co. KG,GmbH & Co. KG,Borgstraße,44,Erwitte,59597,NA,NA
ABR945906298000,GPE Windpark Bälau GmbH ＆ Co. KG,GmbH & Co. KG,Hongkongstraße,10,Hamburg,20457,NA,NA
ABR971664063826,Energieplan Ost West GmbH ＆ Co. KG,GmbH & Co. KG,Graf-Zeppelin-Straße,69,Bad Wünnenberg,33181,NA,NA
ABR919309128479,ABO Wind WP Remblinghausen-Süd GmbH ＆ Co. KG,GmbH & Co. KG,Oberdorfstraße,10,Ingelheim,55262,NA,NA
ABR993397916965,Windpark Besdorf-Bokhorst Repowering GmbH ＆ Co. KG,GmbH & Co. KG,Stephanitorsbollwerk,3,Bremen,28217,www.wpd.de,NA
ABR964261670290,Windpark Lutzhöft GmbH ＆ Co. KG,GmbH & Co. KG,Stephanitorsbollwerk,3,Bremen,28217,www.wpd.de,NA
ABR943786836336,Bürgerwind Ottmarsbocholt GmbH ＆ Co. KG,GmbH & Co. KG,Langeland,18,Senden,48308,NA,NA
ABR978334681922,K＆S regenerative Energie GmbH ＆ Co.KG,GmbH & Co. KG,Unterbergenweg,21,Dunningen,78655,NA,NA
ABR917880411935,GJS PrignitzWind IV GmbH ＆ Co. KG,GmbH & Co. KG,Unterstr.,17,Nordkirchen,59394,NA,NA
ABR976207446951,ECO POWER THREE GmbH,GmbH,Sonnenallee,1,Kirchheim,85551,NA,NA
ABR979153918930,enercity Erneuerbare Projekte GmbH ＆ Co. KG,GmbH & Co. KG,Nessestraße,24,Leer,26789,NA,NA
ABR902488716339,BS Windertrag Nr. 10 GmbH ＆ Co. KG,GmbH & Co. KG,Stephanitorsbollwerk,3,Bremen,28217,www.wpd.de,NA
ABR907875019789,Friesen Elektra PV Sande I GmbH ＆ Co. KG,GmbH & Co. KG,Schloss Gödens,1,Sande,26452,www.friesen-elektra.de,NA
ABR997280632376,Solarkraftwerk Großbardorf GmbH ＆ Co. KG,GmbH & Co. KG,Schallfelder Straße,11 ,Lülsfeld,97511,NA,NA
ABR918985398992,Windenergie Sammethöhe Planungsgesellschaft mbH,GmbH,Auf dem Büschel,1 B,Oberscheidweiler,54533,NA,NA
ABR986544156710,Bürgersolarpark Schwebheim GmbH ＆ Co. KG,GmbH & Co. KG,Schallfelder Straße,11,Lülsfeld,97511,NA,NA
ABR970566792551,Rosendahler Windenergie GmbH ＆ Co. KG,GmbH & Co. KG,Beckumer Straße,250,Ahlen,59229,NA,NA
ABR931483379454,Windpark Bratberg GmbH,GmbH,Lacheweg,1,Liebenau,34396,NA,NA
ABR996087246502,Bürgersonnenenergie Herrnneuses- Oberroßbach GmbH & Co. KG,GmbH & Co. KG,Neue Straße,17 ,Markt Erlbach,91459,www.wust-wind-sonne.de,NA
ABR932555956573,NeXtWind Sebbenhausen-Schweringen GmbH,GmbH,Kantstraße,164,Berlin,10623,https://www.nextwind.de/,NA
ABR952245850998,Bürgersolar Neuendettelsau GmbH ＆ Co. KG,GmbH & Co. KG,Wernsbach,21 a,Neuendettelsau,91564,NA,NA
ABR981708593165,LEWP Forst Briesnig 2 GmbH ＆ Co. KG,GmbH & Co. KG,Leagplatz,1,Cottbus,03050,NA,EPH
ABR941130520924,Energiepark Lauerbach GmbH ＆ Co. KG,GmbH & Co. KG,Kissinger Straße,37,Fuchsstadt,97727,NA,NA
ABR941232637162,AF BMR Repowering Waldfeucht GmbH ＆ Co.KG,GmbH & Co. KG,Industriestraße,50,Heinsberg,52525,NA,NA
ABR953934862841,Infrastruktur Willerswalde GbR,GbR,Schloßweg,3,Süderholz,18516,NA,NA
ABR939117176516,Windpark Pievens-Süderhausen GmbH ＆ Co. KG,GmbH & Co. KG,Bassens,4,Wangerland,26434,NA,NA
ABR988799691855,Windpark Esperstoft GmbH ＆ Co. KG,GmbH & Co. KG,Windmühlenberg,NA,Sehestedt,24814,NA,NA
ABR954972558468,Windpower Seubersdorf Solar GmbH ＆ Co. KG,GmbH & Co. KG,Schulstraße,4,Seubersdorf,92358,NA,NA
ABR933384954488,Windpark Lumdatal GmbH,GmbH,Kiesacker,14,Buseck,35418,NA,NA
ABR996153984185,GREE Lindewitt GmbH ＆ Co. KG,GmbH & Co. KG,Windmühlenberg,NA,Sehestedt,24814,NA,NA
ABR913251848836,Solarkraftwerk Deubach GmbH ＆ Co KG,GmbH & Co. KG,Wadenbrunner Straße,10,Kolitzheim,97509,NA,NA
ABR976653511913,WPON GmbH ＆ Co. KG,GmbH & Co. KG,Vossko-Allee,1,Ostbevern,48346,NA,NA
ABR913900746766,PV Strom Wimmer GmbH,GmbH,Hart,1,Winhöring,84543,NA,NA
ABR952761597872,VSB Windpark Flintbek GmbH ＆ Co. KG,GmbH & Co. KG,Schweizer Straße,3 a,Dresden,01069,www.vsb.energy,NA
ABR960473281163,BWP Wanderup-Kragstedt GmbH ＆ Co. KG,GmbH & Co. KG,Windmühlenberg,NA,Sehestedt,24814,NA,NA
ABR904626453946,MeisterEnergie GmbH ＆ Co. KG,GmbH & Co. KG,Johannes-Schulte-Allee,5,Rüthen,59602,www.meisterwerke.com,NA
ABR946127723586,Windpark Voldagsen GmbH ＆ Co. Betriebs-KG,GmbH & Co. KG,Emmy-Noether-Straße,17,Itzehoe,25524,NA,NA
ABR939917736286,Windpark Breunsdorf I GmbH,GmbH,Glück-Auf-Straße,1,Zeitz,06711,NA,NA
ABR904280546336,Marienmünster Bürgerwindpark GmbH ＆ Co. KG,GmbH & Co. KG,Albert-Einstein-Straße,7,Osnabrück,49076,www.prowind.com,NA
ABR941655586634,Neuhofer Nord Windenergie GmbH ＆ Co. KG,GmbH & Co. KG,Österstraße,15,St. Michaelisdonn,25693,NA,NA
ABR912838704961,Windpark Moorseite GmbH ＆ Co. KG,GmbH & Co. KG,Am Torfstich,11,Edemissen,31234,NA,NA
ABR989768302772,ENERPARC Solar Invest 154 GmbH,GmbH,Kirchenpauerstr.,26,Hamburg,20457,NA,NA
ABR987010741034,dge wind Schwarzwald eins,GmbH & Co. KG,Goethestraße,4,Freiburg,79100,NA,NA
ABR966542937849,greentech invest 2 GmbH ＆ Co. KG,GmbH & Co. KG,Warburgstraße,50,Hamburg,20354,https://greentech.energy,NA
ABR928269982700,greentech invest 10 GmbH ＆ Co. KG,GmbH & Co. KG,Warburgstraße,50,Hamburg,20354,https://greentech.energy,NA
ABR965561325439,Solarpark Hasborn-Rosenberg GmbH,GmbH,Am Halberg,3,Saarbrücken,66121,NA,NA
ABR910387019895,Bürgersolarpark Viereth-Trunstadt GmbH ＆ Co. KG,GmbH & Co. KG,Schallfelder Straße,11,Lülsfeld,97511,NA,NA
ABR909050485372,UGE Goddin GmbH ＆ Co. KG Umweltgerechte Energie,GmbH & Co. KG,Dorfstr.,20 a,Lohmen,18276,NA,NA
ABR932035797214,UGE Severin Eins GmbH ＆ Co. KG Umweltgerechte Energie,GmbH & Co. KG,Dorfstr.,20 a,Lohmen,18276,NA,NA
ABR990968760699,MJ 6. Solarbetriebsgesellschaft,GmbH & Co. KG,Burgstall,2,Moos,94554,NA,NA
ABR981354740210,Anumar Solarpark Schweitenkirchen GmbH ＆ Co. KG,GmbH & Co. KG,Haunwöhrer Straße,21,Ingolstadt,85051,NA,NA
ABR969796136747,Anumar Solarpark Seetz GmbH ＆ Co. KG,GmbH & Co. KG,Haunwöhrer Straße,21,Ingolstadt,85051,NA,NA
ABR915512098011,Anumar Solarpark Altdorf II GmbH ＆ Co. KG,GmbH & Co. KG,Haunwöhrer Straße,21,Ingolstadt,85051,NA,NA
ABR960180079954,Anumar Solarpark Martinsheim GmbH ＆ Co. KG,GmbH & Co. KG,Haunwöhrer Straße,21,Ingolstadt,85051,NA,NA
ABR996011346957,Neue Energie Kulmbach II GmbH & Co.,GmbH & Co. KG,Hofer Straße,14,Kulmbach,95326,NA,NA
ABR976005717536,Heimatstrom Teuschnitz GmbH ＆ Co. KG,GmbH & Co. KG,Energiepark,1,Rugendorf,95365,NA,NA
ABR919009363699,Windpark Dahlem Fünf GmbH & Co. KG,GmbH & Co. KG,Wertherbrucher Straße,13,Rees,46459,https://qualitasenergy.com/de/,NA
ABR919873372919,Solarpark Rötenbach GmbH ＆ Co. KG,GmbH & Co. KG,Maria-Birnbaum-Straße,20,Sielenbach,86577,NA,NA
ABR923869831755,Windkraft Aupke GmbH,GmbH,Zur Landwehr,36,Ense,59469,NA,NA
ABR978149412605,Sonnenquelle Geiseltal GmbH ＆ Co. KG,GmbH & Co. KG,Äußere Gröster Straße,16,Mücheln,06249,NA,NA
ABR921509253592,MJ 12. Solarbetriebsgesellschaft,GmbH & Co. KG,Burgstall,2,Moos,94554,NA,NA
ABR905133523580,MJ 13. Solarbetriebsgesellschaft,GmbH & Co. KG,Burgstall,2,Moos,94554,NA,NA
ABR923928994407,Greeno Solarprojekt 25 GmbH ＆ Co. KG,GmbH & Co. KG,Fürther Straße,252,Nürnberg,90429,NA,NA
ABR990561781930,Solarpark Forsthof GmbH ＆ Co. KG,GmbH & Co. KG,Maria-Birnbaum-Straße,20,Sielenbach,86577,NA,NA
ABR997403625216,Windpark Seewald GmbH ＆ Co. KG,GmbH & Co. KG,Schicklerstraße,5-7,Berlin,10179,www.eef.de,NA
ABR913212962229,1. Grünstrom PV UG (haftungsbeschränkt) ＆ Co. KG,UG (haftungsbeschränkt) & Co. KG,Rhönstraße,20,Wiemersdorf,24649,NA,NA
ABR921739967450,PV Park Bundorf GmbH ＆ Co. KG,GmbH & Co. KG,Schmidhamer Straße,22,Traunstein,83278,NA,NA
ABR971309606203,Schloen PV GmbH,GmbH,Zu den Linden,29,Waren,17192,thedillingergroup.de,NA
ABR989495737847,Obton Tangermünde GmbH ＆ Co. KG,GmbH & Co. KG,Alter Kirchenweg,83,Handewitt,24983,NA,NA
ABR989044820808,Obton Karstädt GmbH ＆ Co. KG,GmbH & Co. KG,Alter Kirchenweg,83,Handewitt,24983,NA,NA
ABR998991456046,SonnenScheinStrom Eichenzell GmbH ＆ Co. KG,GmbH & Co. KG,Heidelsteinstraße,7,Hofbieber,36145,NA,NA
ABR930795023765,REA Windpark Erftstadt A1 GmbH ＆ Co. KG,GmbH & Co. KG,Wernersstraße,23,Düren,52351,www.rea-dn.de,NA
ABR940699077429,Windpark Duben Süd GmbH ＆ Co. KG,GmbH & Co. KG,Budapester Straße,35,Berlin,10787,NA,NA
ABR945500850147,SPP 2 Solar Invest 1 GmbH ＆ Co. KG,GmbH & Co. KG,Kirchenpauerstr.,26,Hamburg,20457,NA,NA
ABR935627522379,Amatec PV 31 GmbH ＆ Co. KG,GmbH & Co. KG,An der Feuerwache,15,Bayreuth,95445,NA,NA
ABR930517872244,Windpark Karche Zwei GmbH ＆ Co. KG,GmbH & Co. KG,Budapester Straße,35,Berlin,10787,https://cubegreenenergy.com/?lang=de,NA
ABR900753990392,Uhl Windkraft Objekt 113 GmbH ＆ Co. KG,GmbH & Co. KG,Max-Eyth-Straße,40,Ellwangen,73479,NA,NA
ABR933661740698,Onshore Windkraftwerk Lirstal GmbH ＆ Co. KG,GmbH & Co. KG,Gartenstraße,30,Mayen,56727,NA,NA
ABR990548479478,Windpark Gomadingen GmbH ＆ Co. KG,GmbH & Co. KG,Reutener Straße,18,Vörstetten,79279,NA,NA
ABR906592466708,Statkraft Windenergie GmbH & Co. KG,GmbH & Co. oHG,Derendorfer Allee,2 a,Düsseldorf,40476,www.statkraft.de,NA
ABR977737294784,Bürgerwind Hollenstede / Voltlage GmbH ＆ Co. KG,GmbH & Co. KG,Zur Dasslage,11,Fürstenau,49584,NA,NA
ABR943748352324,JWP Jade Windpark GmbH ＆ Co. 24. Betriebs KG,GmbH & Co. KG,Kronacher Straße,41,Bamberg,96052,NA,NA
ABR961828941541,SÜDWERK Solar Portfolio 3 GmbH,GmbH,Sternshof,1,Burgkunstadt,96224,NA,NA
ABR962245195807,Bürgerwind Hofoldinger Forst GmbH ＆ Co. KG,GmbH & Co. KG,Bahnhofstraße,1,Sauerlach,82054,NA,NA
ABR933676027579,mbb Bredentin 2 GmbH ＆ Co. KG,GmbH & Co. KG,Stephanitorsbollwerk,3,Bremen,28217,www.wpd.de,NA
ABR911402260780,SILUX Solarpark 1 GmbH ＆ Co. KG,GmbH & Co. KG,Glück-Auf-Straße,35/37,Neukieritzsch,04575,NA,NA
ABR985377202748,SILUX Solarpark 2 GmbH ＆ Co. KG,GmbH & Co. KG,Glück-Auf-Straße,35/37,Neukieritzsch,04575,NA,NA
ABR913011990133,SILUX Solarpark 3 GmbH ＆ Co. KG,GmbH & Co. KG,Glück-Auf-Straße,35/37,Neukieritzsch,04575,NA,NA
ABR913028113129,SILUX Solarpark 4 GmbH ＆ Co. KG,GmbH & Co. KG,Glück-Auf-Straße,35/37,Neukieritzsch,04575,NA,NA
ABR952025363854,SILUX Solarpark 5 GmbH ＆ Co. KG,GmbH & Co. KG,Glück-Auf-Straße,35/37,Neukieritzsch,04575,NA,NA
ABR912525784092,SILUX Solarpark 6 GmbH ＆ Co. KG,GmbH & Co. KG,Glück-Auf-Straße,35/37,Neukieritzsch,04575,NA,NA
ABR941601962253,HSW Solarverbund SO GmbH ＆ Co. KG,GmbH & Co. KG,Meeboldstraße,1,Heidenheim,89522,NA,NA
ABR938085979150,Windpark Treppendorf Erweiterung GmbH ＆ Co. KG,GmbH & Co. KG,Stephanitorsbollwerk,3,Bremen,28217,www.wpd.de,NA
ABR976867828135,Bürgerwind Höhenkirchner Forst GmbH ＆ Co. KG,GmbH & Co. KG,Rosenheimer Straße,26,Höhenkirchen-Siegertsbrunn,85635,NA,NA
ABR900819039959,BS Windertrag Nr. 16 GmbH ＆ Co. KG,GmbH & Co. KG,Stephanitorsbollwerk,3,Bremen,28217,www.wpd.de,NA
ABR957394696978,Windpark Bierbergen-Solschen GmbH ＆ Co. KG,GmbH & Co. KG,Cecilienkoog,16,Reußenköge,25821,NA,NA
ABR911401655396,Bürgerwindpark Uetersen GmbH ＆ Co. KG,GmbH & Co. KG,J.-H.-Fehrs-Weg,26,Uetersen,25436,NA,NA
ABR934082441270,Energiepark Schipkau GmbH ＆ Co. KG,GmbH & Co. KG,Am Nesseufer,40,Leer,26789,NA,NA
ABR975056115049,Windmüllerei Dolgelin 1,GmbH & Co. KG,Wokrenter Weg,21,Jürgenshagen,18246,NA,NA
ABR944284845691,Bürgerwindenergie Happurg GmbH ＆ Co. KG,GmbH & Co. KG,Neue Straße,17 a,Markt Erlbach,91459,www.wust-wind-sonne.de,NA
ABR936906240625,Windpark Jördenstorf GmbH ＆ Co. KG,GmbH & Co. KG,Stephanitorsbollwerk,3,Bremen,28217,www.wpd.de,NA
ABR938713734809,SP Margarethenried 203 GmbH ＆ Co. KG,GmbH & Co. KG,Kornkamp,52,Aurich,26605,NA,NA
ABR950137302815,Windpark Schnarup-Thumby GmbH ＆ Co. KG,GmbH & Co. KG,Cecilienkoog,16,Reußenköge,25821,NA,NA
ABR970549732819,wpd Windpark Nr. 530 GmbH ＆ Co. KG,GmbH & Co. KG,Stephanitorsbollwerk,3,Bremen,28217,NA,NA
ABR959958742299,Windenergie Niers Betriebs GmbH ＆ Co. KG,GmbH & Co. KG,Schloßallee,26,Weeze,47652,NA,NA
ABR975325753170,NOTUS energy Plan GmbH ＆ Co. KG,GmbH & Co. KG,Parkstraße,1,Potsdam,14469,NA,NA
ABR972045921582,Energiepark Schäfer GmbH Heimbach- Vlatten Gesellschaft für regenerative Energie,GmbH,Merodestraße,25,Heimbach,52396,NA,NA
ABR903736228697,wpd Windpark Gnutz-Nord GmbH ＆ Co. KG,GmbH & Co. KG,Hugh-Greene-Weg,2,Hamburg,22529,www.wpd.de,NA
ABR975088274387,enercity Windpark Beeskow GmbH ＆ Co. KG,GmbH & Co. KG,Nessestraße,24,Leer,26789,NA,NA
ABR984674442864,Windpark Kirchhundem GmbH,GmbH,Gustav-Weißkopf-Straße,3,Ganderkesee,27777,www.volkswind.de,NA
ABR919091309490,7. Mückenhausen Photovoltaik GmbH ＆ Co. Kg,GmbH & Co. KG,Industriesiedlung,6 6-8,Gangkofen,84140,NA,NA
ABR956960509834,Windpark Uehrde GmbH,GmbH,Gustav-Weißkopf-Straße,3,Ganderkesee,27777,www.volkswind.de,NA
ABR935335894171,Windkraft Kutzleben III GmbH ＆ Co. KG,GmbH & Co. KG,Hauptstraße,60,Herbsleben,99955,NA,NA
ABR953279968383,Bürgerwindpark Vinstedt GmbH ＆ Co. KG in Gründung,GmbH & Co. KG,An den Höfen,1,Natendorf,29587,NA,NA
ABR978317570168,ECO POWER FOUR GmbH,GmbH,Sonnenallee,1,Kirchheim,85551,NA,NA
ABR913288224733,Wattner SunAsset Solarkraftwerk 088 GmbH ＆ Co. KG,GmbH & Co. KG,Hauptstraße,63,Monheim,40789,NA,NA
ABR902645313012,PES Ohrdruf GmbH ＆ Co KG,GmbH & Co. KG,Schwetzinger Straße,22,Waghäusel,68753,NA,NA
ABR980440978131,Wattner SunAsset Solarkraftwerk 086 GmbH ＆ Co. KG,GmbH & Co. KG,Hauptstraße,63,Monheim,40789,NA,NA
ABR948026806261,Solarpark Krempe GmbH ＆ Co. KG,GmbH & Co. KG,Buntenhof,1 ,Krempe,25361,NA,NA
ABR940588372772,IVD WP Schneeberg GmbH ＆ Co. KG,GmbH & Co. KG,Sedanstraße,19,Lindenberg,88161,NA,NA
ABR975291360785,Buchenau II Wind,GmbH & Co. KG,Großer Burstah,42,Hamburg,20457,NA,NA
ABR918454963331,PNE WIND Park XXI GmbH ＆ Co.KG,GmbH & Co. KG,Peter-Henlein-Straße,2-4,Cuxhaven,27472,www.pne-ag.com,NA
ABR970235096232,12. Projektgesellschaft Schashagen GmbH ＆ Co. KG,GmbH & Co. KG,Dorfstraße,12,Mühbrook,24582,https://neue-energien.com,NA
ABR930204557706,Windpark Prüm GmbH ＆ Co. KG,GmbH & Co. KG,Tölzer Straße,15,Grünwald,82031,www.kgal.de,NA
ABR977243162416,Windpark Perscheid GmbH ＆ Co. KG,GmbH & Co. KG,Tölzer Straße,15,Grünwald,82031,https://www.kgal.de,NA
ABR998685791385,WP Freudenberg Süd GWI GmbH ＆ Co. KG,GmbH & Co. KG,Steindamm,21,Groß Pankow,16928,NA,NA
ABR991639935538,Energiezone Charlottenhof GmbH & Co. KG,GmbH & Co. KG,Pfarrer-Klinger-Straße,26 ,Hofkirchen,94544,NA,NA
ABR996005650039,Equinix Hyperscale 1 (FR11) GmbH,GmbH,Rebstöcker Straße,33,Frankfurt,60326,NA,NA
ABR965309646055,Bürger-PV Dörnten GmbH ＆ Co. KG,GmbH & Co. KG,Am Stollen,19 A,Goslar,38640,NA,NA
ABR968329531462,Solaranlage Marbach GmbH ＆ Co. KG,GmbH & Co. KG,Kirchenpauerstr.,26,Hamburg,20457,NA,NA
ABR950145125246,Sunnic Lighthouse Solar Invest 11 TU 1 GmbH,GmbH,Kirchenpauerstr.,26,Hamburg,20457,NA,NA
ABR902802824757,Balder A09 GmbH ＆ Co. KG,GmbH & Co. KG,Gartenstr.,1,Brunow,19372,NA,NA
ABR941077484136,Windpark Bernstadt GmbH ＆ Co. KG,GmbH & Co. KG,Blasewitzer Straße,41,Dresden,01307,NA,NA
ABR999951315830,wpd Windpark Leese-Loccum GmbH ＆ Co. KG,GmbH & Co. KG,Stephanitorsbollwerk,3,Bremen,28217,www.wpd.de,NA
ABR903789535506,wpd Solarpark Amstetten GmbH ＆ Co. KG,GmbH & Co. KG,Stephanitorsbollwerk,3,Bremen,28217,wpd.de,NA
ABR942552728578,DD Energie GmbH ＆ Co. KG,GmbH & Co. KG,Ahrstraße,28,Kall,53925,NA,NA
ABR949903137416,Winterscheid Energy GmbH ＆ Co. KG,GmbH & Co. KG,Gennernbach,60,Bad Laasphe,57334,www.wittgenstein-wind.de,NA
ABR912816688054,GSW Netz GmbH,GmbH,Otto-Hiendl-Straße,15,Kirchroth,94356,NA,NA
ABR910577255904,Windpark Schacht Konrad II Repowering GmbH ＆ Co. KG,GmbH & Co. KG,Am Torfstich,11,Edemissen,31234,https://www.windstrom.de,NA
ABR986959065393,WP Helmstedter Revier I GmbH,GmbH,Am Kraftwerk,1,Büddenstedt,38372,NA,NA
ABR999597056302,Belectric SP Solarprojekte 103 GmbH ＆ Co. KG,GmbH & Co. KG,Wadenbrunner Straße,10,Kolitzheim,97509,NA,NA
ABR973468143551,Windpark Birstein GmbH,GmbH,Große Bleiche,15,Mainz,55116,https://www.imwind.at/,NA
ABR982728409498,Solarpark Elan GmbH ＆ Co. KG,GmbH & Co. KG,Schloßplatz,2,Berg im Gau,86562,NA,NA
ABR931020443112,Anumar Solarpark Ulmbach GmbH ＆ Co. KG,GmbH & Co. KG,Brüder-Grimm-Straße,70,Steinau,36396,NA,NA
ABR964633733417,Solarpark Jünkerath GmbH ＆ Co. KG,GmbH & Co. KG,Ericusspitze,1,Hamburg,20457,NA,NA
ABR962632820824,SP Ödgarten 204 GmbH ＆ Co. KG,GmbH & Co. KG,Kornkamp,52,Aurich,26605,www.oekorenta.de,NA
ABR967701405391,Bürgersonnenenergie Unsleben GmbH ＆ Co. KG,GmbH & Co. KG,Neue Straße,17 a,Markt Erlbach,91459,www.wust-wind-sonne.de,NA
ABR906102619877,SL Windpark Berrenrather Börde GmbH ＆ Co. KG,GmbH & Co. KG,Voßbrinkstraße,67,Gladbeck,45966,www.sl-naturenergie.com,NA
ABR973937302977,ENGIE Deutschland Erneuerbare GmbH,GmbH,Ella-Barowsky-Straße,44 ,Berlin,10829,https://www.engie-deutschland.de/de/erneuerbare-energien,ENGIE
ABR949894376955,E.ON Solarpark Gerdshagen GmbH ＆ Co. KG,GmbH & Co. KG,Arnulfstraße,203,München,80634,NA,NA
ABR933556513963,ABO Wind Windpark 7 GmbH ＆ Co. KG,GmbH & Co. KG,Oberdorfstraße,10,Ingelheim,55262,NA,NA
ABR970807508743,Winnigstedt Landwind 01 GmbH ＆ Co. KG,GmbH & Co. KG,Watenstedter Straße,11 ,Gevensleben,38384,NA,NA
ABR959403226381,LEPV Boxberg GmbH ＆ Co. KG,GmbH & Co. KG,Leagplatz,1,Cottbus,03050,NA,EPH
ABR979666383034,SPP 2 Solar Invest 3 GmbH ＆ Co. KG,GmbH & Co. KG,Kirchenpauerstr.,26,Hamburg,20457,NA,NA
ABR961645015357,Sibbentrup Bürgerwindpark GmbH ＆ Co. KG,GmbH & Co. KG,Albert-Einstein-Straße,7,Osnabrück,49076,NA,NA
ABR997569518971,ABO Energy Windpark Pfullendorf-Denkingen GmbH ＆ Co. KG,GmbH & Co. KG,Oberdorfstraße,10,Ingelheim,55262,NA,NA
ABR980527503157,Windpark Ohrenbach GmbH ＆ Co. KG,GmbH & Co. KG,Bahnhofstraße,3,Bad Berleburg,57319,NA,NA
ABR996629669967,Allenbach Energie GmbH ＆ Co. KG,GmbH & Co. KG,In der Hohlbach,NA,Allenbach,55758,NA,NA
ABR914968756209,Windpark Desloch GmbH ＆ Co. KG,GmbH & Co. KG,Am Haag,10,Gräfelfing,82166,https://www.baywa-re.de/de/,NA
ABR907295220451,170. WestWind Windpark GmbH ＆ Co. KG,GmbH & Co. KG,Brinkstraße,25,Kirchdorf,27245,NA,NA
ABR963070207239,EnBW Solarpark Lauenhagen GmbH ＆ Co. KG,GmbH & Co. KG,Schelmenwasenstraße,15,Stuttgart,70567,NA,EnBW
ABR948135389396,EnBW OnshoreInvest GmbH ＆ Co. KG,GmbH & Co. KG,Schelmenwasenstraße,15,Stuttgart,70567,NA,EnBW
ABR929346409035,Seske GmbH ＆ Co.KG,GmbH & Co. KG,Teichweg,10,Paderborn,33100,NA,NA
ABR987617216157,Bürgerwindpark Sprüng Repowering GmbH ＆ Co. KG,GmbH & Co. KG,Dorfstraße,33,Wittbek,25872,NA,NA
ABR988798883145,WN Energie GmbH ＆ Co. KG,GmbH & Co. KG,Renker Weg,1,Bad Lippspringe,33175,NA,NA
ABR924343318649,Solarpark Raitenbuch GmbH ＆ Co. KG,GmbH & Co. KG,Raitenbuch C,3,Berching,92334,www.a-j-e.de,NA
ABR901542037649,Oermter Berg Wind GmbH ＆ Co.KG,GmbH & Co. KG,Oermter Kirchweg,31,Issum,47661,NA,NA
ABR966122865708,Windenergie Oberdarfeld GmbH ＆ Co. KG,GmbH & Co. KG,Höven,35,Rosendahl,48720,NA,NA
ABR968691482379,ABO Wind WP Roth GmbH ＆ Co. KG,GmbH & Co. KG,Oberdorfstraße,10,Ingelheim,55262,NA,NA
ABR945947663416,WB Energy Bartow 5 GmbH ＆ Co. KG,GmbH & Co. KG,Dorfstraße,1,Bartow,17089,www.windbauer.com,NA
ABR985095029641,Schaper Grid Energy Storage Füllenkamp GmbH,GmbH,Lilienthalstraße,14,Herford,32052,www.schaper-herford.de,NA
ABR929387663953,WP Trinwillershagen GmbH ＆ Co. KG,GmbH & Co. KG,Hauptstraße,44,Zossen,15806,NA,NA
ABR908531125639,Energiedienstleistungen Bals GmbH,GmbH,Schimmelstraße,122,Kamen,59174,www.energie-bals.de,NA
ABR904339297745,Windpark Ascheberg GmbH ＆ Co. KG,GmbH & Co. KG,Ludgeristraße,37,Billerbeck,48727,NA,NA
ABR979788725729,Hoppe ＆ Dietz GbR,GbR,Dorfstraße,15,Borgentreich,34434,NA,NA
ABR921287079780,enercity Tarnow Repowering GmbH ＆ Co. KG,GmbH & Co. KG,Nessestraße,24,Leer,26789,NA,NA
ABR951385299063,Windenergie Fölsen/Gehrden GmbH ＆ Co. KG,GmbH & Co. KG,Gutshof,2,Brakel,33034,NA,NA
ABR977228717440,Windenergie Schmechten GmbH ＆ Co. KG,GmbH & Co. KG,Renker Weg,1,Bad Lippspringe,33175,NA,NA
ABR993543012596,Bürgerwind Marienmünster I GmbH ＆ Co. KG,GmbH & Co. KG,Münsterbrock,57,Marienmünster,37696,NA,NA
ABR947168577756,evm Windpark Schneifelhöhe GmbH ＆ Co. KG,GmbH & Co. KG,Ludwig-Erhard-Straße,8,Koblenz,56073,https://www.windpark-schneifelhoehe.de,NA
ABR948522206909,Windpark Plate GmbH ＆ Co. KG,GmbH & Co. KG,Stephanitorsbollwerk,3,Bremen,28217,www.wpd.de,NA
ABR920157854823,meridian Windpark Schmieritz Gmbh ＆ Co.KG,GmbH & Co. KG,Schützenstraße,2,Suhl,98527,www.meridian-energy.de,NA
ABR928916456455,WP Weilrod II GmbH ＆ Co. KG,GmbH & Co. KG,Oberdorfstraße,10,Ingelheim,55262,NA,NA
ABR947828791249,Solarpark Lindach GmbH ＆ Co. KG,GmbH & Co. KG,Münchner Straße,20,Petershausen,85238,NA,NA
ABR976566899399,Venterm sechs GmbH ＆ Co.KG,GmbH & Co. KG,Dorfstraße,1b,Neetzow-Liepen,17391,NA,NA
ABR903766794469,ENOVA Windpark Meppen Repowering GmbH ＆ Co. KG,GmbH & Co. KG,Steinhausstraße,112,Bunde,26831,www.enova.de,NA
ABR955463153650,Venterm sieben GmbH ＆ Co.KG,GmbH & Co. KG,Dorfstraße,1b,Neetzow-Liepen,17391,NA,NA
ABR966286566992,"SPIE Deutschland ＆ Zentraleuropa, Efficient Facilities GmbH",GmbH,Deelbögenkamp,4 b,Hamburg,22297,spie.de,NA
ABR942487877501,Windpark Friesenhagen GmbH ＆ Co. KG,GmbH & Co. KG,Ulmer Straße,4,Leinfelden-Echterdingen,70771,www.edf-re.de,NA
ABR966600324161,KGG Green Energy II (Lux) S.à r.l.,SARL,Rue de Strasbourg,5,Luxemburg,02561,NA,NA
ABR966098019341,LHI GII3 PV Herringhausen 2659 GmbH ＆ Co.KG,GmbH & Co. KG,Emil-Riedl-Weg,6,Pullach,82049,lhi.de,NA
ABR915508607371,MBBF Windpark Radegast IV GmbH ＆ Co. KG,GmbH & Co. KG,Moltenow,9,Jürgenshagen,18246,www.mbbf.de,NA
ABR984400626780,Windmüller Upgant-Schott GmbH ＆ Co. KG,GmbH & Co. KG,Wundel,1,Upgant-Schott,26529,NA,NA
ABR926986580100,ENERPARC Solar Invest 243 EU 1.5 GmbH ＆ Co. KG,GmbH & Co. KG,Kirchenpauerstr.,26,Hamburg,20457,NA,NA
ABR936347005111,ATE Solarparks 2 GmbH ＆ Co. KG,GmbH & Co. KG,Kleinoberfeld,5,Karlsruhe,76135,NA,NA
ABR997648837559,PROKON Windpark Quarnstedt-Störkathen GmbH ＆ Co KG,GmbH & Co. KG,Kirchhoffstraße,3,Itzehoe,25524,https://www.prokon.net/,NA
ABR946607685267,RBI-Raiffeisen Bauträger- u. Immobilien GmbH,GmbH,Hauptstraße,35,Lorup,26901,www.rb-lorup.de,NA
ABR928959744380,NeXtWind Waldow II GmbH,GmbH,Kantstraße,164,Berlin,10623,https://www.nextwind.de/,NA
ABR987923915904,Windpark Hühnerberg GmbH ＆ Co. KG,GmbH & Co. KG,Gregor-Mendel-Straße,24 A,Potsdam,14469,NA,NA
ABR980401569989,NE Solarpark Petershagen GmbH ＆ Co. KG,GmbH & Co. KG,Bahnhofstraße,55,Eggolsheim,91330,NA,NA
ABR927675315850,Rakower Bürgerwindpark,GmbH & Co. KG,Questiner Str.,3,Am Salzhaff,18233,NA,NA
ABR938204541503,Uhl Windkraft Objekt 115 GmbH ＆ Co. KG,GmbH & Co. KG,Max-Eyth-Straße,40,Ellwangen,73479,www.uhl-windkraft.de,NA
ABR982115010344,Bürgersolar Lerchenleite,GmbH & Co. KG,Jahnstraße,12,Großbardorf,97633,NA,NA
ABR913460285040,Solarpark Gickelfeld GmbH ＆ Co.KG,GmbH & Co. KG,Großer Burstah,42,Hamburg,20457,www.ee.thuega.de,NA
ABR925656843682,ENOVA Windpark Müggenburg-Panschow GmbH ＆ Co. KG,GmbH & Co. KG,Steinhausstraße,112,Bunde,26831,www.enova.de,NA
ABR930508516676,EE Schnaudertal GmbH ＆ Co. KG,GmbH & Co. KG,Straße des Friedens,34 C,Teuchern,06682,www.europeanenergy.de,NA
ABR912377580545,PNE WIND Park XXIII GmbH ＆ Co.K G,GmbH & Co. KG,Peter-Henlein-Straße,2-4,Cuxhaven,27472,www.pne-ag.com,NA
ABR970477594657,Envipro Energie GmbH,GmbH,Ahornstraße,7,Bobritzsch-Hilbersdorf,09627,NA,NA
ABR936221867897,SMAREG 7 GmbH ＆ Co. KG,GmbH & Co. KG,Einsteinring,43,Aschheim,85609,https://juniz.com/,JUNIZ
ABR904352940161,SMAREG 6 GmbH & Co. KG,GmbH & Co. KG,Einsteinring,43,Aschheim,85609,https://juniz.com/,JUNIZ
ABR987693205366,Sunnic Lighthouse Solar Invest 9 GmbH,GmbH,Kirchenpauerstr.,26,Hamburg,20457,NA,NA
ABR965041743999,Bürgerenergiepark Mühlhausen GmbH ＆ Co. KG,GmbH & Co. KG,Neue Straße,17 a,Markt Erlbach,91459,www.wust-wind-sonne.de,NA
ABR928844178122,Pfleiderer Baruth GmbH,GmbH,An der Birkenpfuhlheide,3,Baruth,15837,www.pfleiderer.com,Pfleiderer
ABR974024773465,Eft-Hellendorf SP 9 GmbH ＆ Co. KG,GmbH & Co. KG,Kornkamp,52,Aurich,26605,NA,NA
ABR997614905817,Energiepark Letschin SP L GmbH ＆ Co. KG,GmbH & Co. KG,Stresemannstraße,46,Bremerhaven,27570,NA,NA
ABR957592018503,Windpark Heikendorf GmbH ＆ Co. KG,GmbH & Co. KG,Industriestraße,14,Husum,25813,NA,NA
ABR901611340267,Repowering-Bürgerwindpark Gehlenberg GmbH ＆ Co. KG,GmbH & Co. KG,Gehlenberger Hauptstraße,4,Friesoythe,26169,NA,NA
ABR961188941236,NeXtWind Windpark Zörbig GmbH,GmbH,Kantstraße,164,Berlin,10623,https://www.nextwind.de/,NA
ABR991197925828,greentech invest 46 GmbH ＆ Co. KG,GmbH & Co. KG,Warburgstraße,50,Hamburg,20354,www.greentech.energy,NA
ABR914236074721,greentech invest 8 GmbH ＆ Co. KG,GmbH & Co. KG,Warburgstraße,50,Hamburg,20354,www.greentech.energy,NA
ABR905448145002,Solarpark Eiderstede GmbH ＆ Co. KG,GmbH & Co. KG,Cecilienkoog,16,Reußenköge,25821,NA,NA
ABR994970418203,Solarpark HR I GmbH,GmbH,Leagplatz,1,Cottbus,03050,NA,NA
ABR903522847880,LichtBlick Solarpark Ennigerloh-Oelde GmbH ＆ Co.KG,GmbH & Co. KG,Klostertor,1,Hamburg,20097,NA,NA
ABR947431890179,PV Wildenstein GmbH ＆ Co.KG,GmbH & Co. KG,Hauptstraße,105,Jettingen-Scheppach,89343,NA,NA
ABR945736371027,Sonnenexpert Invest GmbH ＆ Co.KG,GmbH & Co. KG,Zum Bornkoppelweg,9,Roggentin,18184,NA,NA
ABR968657148790,Solarpark Hattstedt,GmbH & Co. KG,Wiedeblick,33,Hattstedt,25856,NA,NA
ABR917019087765,GREE Taarstedt Loit GmbH ＆ Co. KG,GmbH & Co. KG,Windmühlenberg,NA,Sehestedt,24814,NA,NA
ABR986375071060,Windpark Rohlsdorf GmbH ＆ Co. KG,GmbH & Co. KG,Geniner Straße,80,Lübeck,23560,NA,NA
ABR959292852227,Windpark Goldner Steinrück GmbH,GmbH,Hanauer Straße,9-13,Friedberg,61169,NA,NA
ABR942491613195,enlop GmbH,GmbH,Philosophenweg,19,Duisburg,47051,NA,NA
ABR929207215829,Obermeier PV GmbH & Co. KG Clemens Obermeier,GmbH & Co. KG,Gingkofen,4,Geiselhöring,94333,NA,NA
ABR936066955681,KLS Solarpark II GmbH,GmbH,Birkenstraße,20,Blindheim,89434,NA,NA
ABR987569224750,meridian Windpark Günstedt GmbH ＆ Co.KG,GmbH & Co. KG,Schützenstraße,2,Suhl,98527,meridian-energy.de,NA
ABR935066555433,SOB II GmbH ＆ Co KG,GmbH & Co. KG,Ziegetsdorfer Straße,109,Regensburg,93051,NA,NA
ABR995226745562,innoVent WP Breuna,GmbH & Co. KG,Oldenburger Straße,49,Varel,26316,NA,NA
ABR976596735940,BWP GT Betriebs GmbH ＆ Co. KG,GmbH & Co. KG,Iloo-Weg,46 ,Timmaspe,24644,NA,NA
ABR931981906398,Bürgerwind Hembsen GmbH ＆ Co. KG,GmbH & Co. KG,Koppelweg,2 a,Brakel,33034,NA,NA
ABR963287650248,Windpark Grünholz GmbH ＆ Co. KG,GmbH & Co. KG,Grünholz,NA,Thumby,24351,NA,NA
ABR965734942418,BSA Elsteraue GmbH,GmbH,Niels-Bohr-Straße,2,Bitterfeld-Wolfen,06749,NA,NA
ABR950065355860,Windpark GmbH ＆ Co. Cheine KG,GmbH & Co. KG,Holzweg,87,Aurich,26605,NA,NA
ABR931786615600,Pfleiderer Neumarkt GmbH,GmbH,Ingolstädter Straße,51,Neumarkt,92318,NA,Pfleiderer
ABR901375540033,ABO Wind WP Flechtdorf GmbH ＆ Co. KG,GmbH & Co. KG,Oberdorfstraße,10,Ingelheim,55262,NA,NA
ABR949647574966,Bürgerenergie Erwitte-Völlinghausen eG,eG,Kapellenweg,14,Erwitte,59597,NA,NA
ABR985302903962,BESS Neumünster GmbH ＆ Co. KG,GmbH & Co. KG,Ehrenbergstraße,16 B,Berlin,14195,NA,NA
ABR992028030162,2. SES Wind-Betriebs GmbH ＆ Co. KG,GmbH & Co. KG,Süstedter Dorfstraße,22,Bruchhausen-Vilsen,27305,NA,NA
ABR961393956735,Bürgersolarpark Erfeld GmbH ＆ Co. KG,GmbH & Co. KG,Hohenstädter Grund,2,Hardheim,74736,NA,NA
ABR944674362777,Windpark Marke GmbH ＆ Co. KG,GmbH & Co. KG,Arolser Landstraße,27,Korbach,34497,NA,NA
ABR948214255307,Bürgerwind Nieheim-Oeynhausen GmbH ＆ Co. KG,GmbH & Co. KG,Renker Weg,1,Bad Lippspringe,33175,NA,NA
ABR948853662924,Energiepark Brunow Klüß GmbH ＆ Co. KG,GmbH & Co. KG,Platschower Str.,2,Brunow,19372,NA,NA
ABR920215313378,Windpark Böllenberg GmbH ＆ Co. KG,GmbH & Co. KG,Max-Bögl-Straße,1,Sengenthal,92369,www.max-boegl.de,NA
ABR967574908302,Solarpark Kellerflur UG (hb.) Co. KG,UG (haftungsbeschränkt) & Co. KG,Siedelbach,70,Markt Erlbach,91459,NA,NA
ABR968362157391,Neue Energie Markt Flachslanden UG (hb),UG (haftungsbeschränkt),Schulstraße,2,Flachslanden,91604,NA,NA
ABR965485684018,Windpark Spitze Warte GmbH ＆ Co. KG,GmbH & Co. KG,Am Papenweg,15,Rüthen,59602,www.deutsche-windxperts.de,NA
ABR957880963751,Windpark Brakel Modexen GmbH ＆ Co. KG,GmbH & Co. KG,Brakeler Märsch,4,Brakel,33034,windpark-brakel.de,NA
ABR913854480846,Bürgerwind Milter Mark GmbH ＆ Co. KG,GmbH & Co. KG,Dorfstraße,17 a,Warendorf,48231,NA,NA
ABR979071554036,Windpark Ondrup GmbH ＆ Co. KG,GmbH & Co. KG,Ondrup,40,Lüdinghausen,59348,NA,NA
ABR962978704222,meridian Windpark Burgholzhausen II GmbH ＆ Co.KG,GmbH & Co. KG,Schützenstraße,2,Suhl,98527,meridian-energy.de,NA
ABR938039397108,Windpark GmbH ＆ Co. Dorna KG,GmbH & Co. KG,Holzweg,87,Aurich,26605,NA,NA
ABR929896094781,Energiepark Oederquart-Repowering RE WP OED I GmbH ＆ Co.KG,GmbH & Co. KG,Stresemannstraße,46,Bremerhaven,27570,NA,NA
ABR937435410039,Solarpark Lohrmannshof GmbH ＆ Co. KG,GmbH & Co. KG,Maria-Birnbaum-Straße,20,Sielenbach,86577,NA,NA
ABR969533108792,VenSol Solarpark Thannhausen GmbH ＆ Co. KG,GmbH & Co. KG,Marktplatz,2,Babenhausen,87727,NA,NA
ABR931086202654,Linas Betriebs GmbH ＆ Co. KG,GmbH & Co. KG,Feldmark,1,Bad Lippspringe,33175,NA,NA
ABR948632491394,ECO POWER TWO GmbH,GmbH,Sonnenallee,1,Kirchheim,85551,NA,NA
ABR926490749529,Windpark Bäke Buttel GmbH ＆ Co. KG,GmbH & Co. KG,Zur alten Wörpe,6,Lilienthal,28865,NA,NA
ABR917335781712,SL Windpark Hagen Kuhweide GmbH ＆ Co. KG,GmbH & Co. KG,Voßbrinkstraße,67,Gladbeck,45966,www.sl-naturenergie.com,NA
ABR913379101721,Bürgerwind Hengeler-Ächterhook GmbH ＆ Co. KG,GmbH & Co. KG,Hengeler,11,Stadtlohn,48703,NA,NA
ABR928945133945,WP Vivendi I GmbH ＆ Co. KG,GmbH & Co. KG,Unter den Linden,4,Reutlingen,72762,www.schoeller-si.com,NA
ABR984771206819,Windpark Saarwellingen GmbH ＆ Co. KG,GmbH & Co. KG,Am Halberg,3,Saarbrücken,66121,enovos.de,NA
ABR988613830774,ABO Energy WP Ortenberg GmbH ＆ Co. KG,GmbH & Co. KG,Oberdorfstraße,10,Ingelheim,55262,NA,NA
ABR907860043836,Windpark Hummelsebene GmbH ＆ Co. KG,GmbH & Co. KG,Appenweierer Straße,54,Oberkirch,77704,www.oekostrom-freiburg.de,NA
ABR901504228269,ABO Wind Windpark 10 GmbH ＆ Co. KG,GmbH & Co. KG,Oberdorfstraße,10,Ingelheim,55262,NA,NA
ABR947665555103,Söllingen Repowering GmbH ＆ Co. KG,GmbH & Co. KG,Watenstedter Straße,11,Gevensleben,38384,NA,NA
ABR951755362182,PV-Schwarzer Kamp GmbH ＆ Co.KG (PVSK),GmbH & Co. KG,Georg-Drewsen-Weg,2,Lachendorf,29331,NA,NA
ABR939309593466,Windpark Rennweg Plus GmbH ＆ Co. KG,GmbH & Co. KG,Vattmannstraße,6,Paderborn,33100,www.westfalenwind.de,NA
ABR992846956996,Solarpark Öhningen GmbH ＆ Co. KG,GmbH & Co. KG,Reutener Straße,18,Vörstetten,79279,NA,NA
ABR925036913639,NxW Watzerath GmbH,GmbH,Kantstraße,164,Berlin,10623,nextwind.de,NA
ABR904377170383,Gaisbergsolar GmbH ＆ Co. KG,GmbH & Co. KG,Hohenstädter Grund,2,Hardheim,74736,NA,NA
ABR965579128329,BMR Windenergie Wassenberg GmbH ＆ Co.KG,GmbH & Co. KG,Berliner Ring,11,Geilenkirchen,52511,www.bmr-energy.com,NA
ABR971304702405,Sunnic Lighthouse Solar Invest 14 TU 11 GmbH,GmbH,Kirchenpauerstr.,26,Hamburg,20457,NA,NA
ABR940822748059,ENERPARC Solar Invest 243 EU 1.3 GmbH,GmbH,Kirchenpauerstr.,26,Hamburg,20457,NA,NA
ABR917512887619,Münch resperium GmbH ＆ Co. KG,GmbH & Co. KG,Energiepark,1,Rugendorf,95365,NA,NA
ABR918224171591,ivd WP Wintersteinchen GmbH ＆ Co. KG,GmbH & Co. KG,Sedanstraße,19,Lindenberg,88161,NA,NA
ABR911801395298,EP5 Solar Invest 14 GmbH ＆ Co. KG,GmbH & Co. KG,Kirchenpauerstr.,26,Hamburg,20457,NA,NA
ABR932459890461,Windpark Hausdorf Repowering GmbH ＆ Co. KG,GmbH & Co. KG,Theresienstraße,29,Dresden,01097,NA,NA
ABR937717492104,Bürgerwind Ennigerloh GmbH ＆ Co. KG,GmbH & Co. KG,Büttrup,2,Ennigerloh,59320,NA,NA
ABR900852478203,Bergeler Wind GmbH ＆ Co. KG,GmbH & Co. KG,Hauptstraße,74,Rheda-Wiedenbrück,33378,NA,NA
ABR959440134786,whs Enertec GmbH ＆ Co. Windpark Rothaide KG,GmbH & Co. KG,Hauptstraße,25,Erzhausen,64390,http://www.whs-energie.de/,NA
ABR930295409007,Falkenhagen Solar GmbH ＆ Co. KG,GmbH & Co. KG,Straße der Republik,9,Falkenhagen,15306,NA,NA
ABR902428448054,SMAREG 8 GmbH ＆ Co. KG,GmbH & Co. KG,Einsteinring,43,Aschheim,85609,https://juniz.com/,JUNIZ
ABR968659874277,Solarpark Münchham 51 GmbH,GmbH,Nordring,82,Borken,46325,NA,NA
ABR932198268156,ENERPARC Solar Invest 243 EU 1.7 GmbH,GmbH,Kirchenpauerstr.,26,Hamburg,20457,NA,NA
ABR940590301456,ENERPARC Solar Invest 169 GmbH,GmbH,Kirchenpauerstr.,26,Hamburg,20457,NA,NA
ABR994481451492,ENERPARC Solar Invest 230 TU 25 GmbH ＆ Co. KG,GmbH & Co. KG,Kirchenpauerstr.,26,Hamburg,20457,NA,NA
ABR989728844076,ENERPARC Solar Invest 192 GmbH,GmbH,Kirchenpauerstr.,26,Hamburg,20457,NA,NA
ABR952694277919,ENERPARC Solar Invest 230 TU 32 GmbH ＆ Co. KG,GmbH & Co. KG,Kirchenpauerstr.,26,Hamburg,20457,NA,NA
ABR939517505596,ENERPARC Solar Invest 230 TU 7 GmbH ＆ Co. KG,GmbH & Co. KG,Kirchenpauerstr.,26,Hamburg,20457,NA,NA
ABR927989910574,ENERPARC Solar Invest 230 TU 1 GmbH ＆ Co. KG,GmbH & Co. KG,Kirchenpauerstr.,26,Hamburg,20457,NA,NA
ABR962226763353,Ort-Wind 2 GmbH ＆ Co. KG,GmbH & Co. KG,Buschfeld,1,Borchen,33178,NA,NA
ABR910091337148,VSP 29 GmbH ＆ Co. KG,GmbH & Co. KG,Joseph-Dollinger-Bogen,28,München,80807,NA,NA
ABR996212388879,Anumar Solarpark Beilngries-Kirchbuch GmbH ＆ Co. KG,GmbH & Co. KG,Haunwöhrer Straße,21,Ingolstadt,85051,www.anumar.de,NA
ABR944820491054,Anumar Solarpark Sparneck GmbH ＆ Co. KG,GmbH & Co. KG,Haunwöhrer Straße,21,Ingolstadt,85051,www.anumar.de,NA
ABR970003145278,Anumar Solarpark Gachenbach-Peutenhausen GmbH ＆ Co. KG,GmbH & Co. KG,Haunwöhrer Straße,21,Ingolstadt,85051,www.anumar.de,NA
ABR922894625520,Anumar Solarpark Karlskron-Pobenhausen GmbH ＆ Co. KG,GmbH & Co. KG,Haunwöhrer Straße,21,Ingolstadt,85051,www.anumar.de,NA
ABR909584132094,Anumar Solarpark Parsberg V GmbH ＆ Co. KG,GmbH & Co. KG,Haunwöhrer Straße,21,Ingolstadt,85051,www.anumar.de,NA
ABR934657366021,Anumar Solarpark Altmannstein-Winden GmbH ＆ Co. KG,GmbH & Co. KG,Haunwöhrer Straße,21,Ingolstadt,85051,www.anumar.de,NA
ABR983789954804,Solarpark Boldekow GmbH ＆ Co. KG,GmbH & Co. KG,Friedrichstraße,200,Berlin,10117,NA,NA
ABR940166817572,WP Fischborn GmbH ＆ Co. KG,GmbH & Co. KG,Neumühlstraße,24,Brachttal,63636,NA,NA
ABR919795079309,Innovative Energie für Pullach GmbH,GmbH,Jaiserstraße,5,Pullach,82049,www.iep-pullach.de,NA
ABR906801420538,Windpark Teschendorf GmbH ＆ Co. KG,GmbH & Co. KG,Hauptstraße,44,Zossen,15806,NA,NA
ABR960850726843,Vattenfall Solar Tützpatz GmbH,GmbH,Amerigo-Vespucci-Platz,2,Hamburg,20457,NA,NA
ABR988907947812,Münch Öko Power GmbH ＆ Co. KG,GmbH & Co. KG,Energiepark,1,Rugendorf,95365,NA,NA
ABR943677214274,Recknitz-Trebeltal Energie Verwaltungsgesellschaft mbH,GmbH,Krakower Str.,2,Hugoldsdorf,18465,NA,NA
ABR952430868555,Windpark Behrenhoff GmbH ＆ Co. KG,GmbH & Co. KG,An der Seewiese,21,Behrenhoff,17498,NA,NA
ABR996619842189,Windpark Sommerhausen 1 GmbH ＆ Co. KG,GmbH & Co. KG,Markt,18,Kamen,59174,www.energie-bals.de,NA
ABR940659946444,Energiepark Erftstadt-Erp I GmbH ＆ Co. KG,GmbH & Co. KG,Hongkongstraße,10,Hamburg,20457,NA,NA
ABR900964520708,Solarpark Calvörde Ost,GmbH,Tölzer Straße,15,Grünwald,82031,www.kgal.de,NA
ABR917028365465,Windpark Altenkattbek GmbH ＆ Co. KG,GmbH & Co. KG,Hugh-Greene-Weg,2,Hamburg,22529,www.wpd.de,NA
ABR929818725182,Solarpark Auerbach-Kirchenthumbach GmbH ＆ Co. KG,GmbH & Co. KG,Kornkamp,52,Aurich,26605,NA,NA
ABR945269397587,Bürgersolarpark Höflas GmbH ＆. KG,GmbH & Co. KG,St.-Kassians-Platz,6,Regensburg,93047,NA,NA
ABR902196959738,Bürgerwindpark Altenkattbek GmbH ＆ Co. KG,GmbH & Co. KG,Bramkamp,6,Jevenstedt,24808,NA,NA
ABR953844260089,EW Windpark Saargau GmbH,GmbH,Luymühle,NA,Neumagen-Dhron,54347,NA,NA
ABR912026099350,Solarpark Jerchel West GmbH ＆ Co. KG,GmbH & Co. KG,Maria-Birnbaum-Straße,20,Sielenbach,86577,NA,NA
ABR909920580534,SO Kammerwetzdorf,GmbH & Co. KG,Goldener Steig,31,Büchlberg,94124,NA,NA
ABR938872060207,EE Sinningen ApS ＆ Co. KG,ApS,Dieselstraße,4,Husum,25813,www.europeanenergy.de,NA
ABR916275818427,NE Energiepark Lubolz GmbH ＆ Co. KG,GmbH & Co. KG,Bahnhofstraße,55,Eggolsheim,91330,NA,NA
ABR901255175416,Solarpark Mast GmbH ＆ Co. KG,GmbH & Co. KG,Schloßplatz,2,Berg im Gau,86562,www.anumar.de,NA
ABR969956108102,GPJ Solarpark Neuerburg GmbH ＆ Co. KG,GmbH & Co. KG,Cecilienkoog,16,Reußenköge,25821,NA,NA
ABR951350111017,NxW Waldow GmbH,GmbH,Kantstraße,164,Berlin,10623,nextwind.de,NA
ABR976434398122,Windpark Langenchursdorf GmbH ＆ Co. KG,GmbH & Co. KG,Am Steinberg,7,Großschirma,09603,NA,NA
ABR936659409430,Energiepark Börger-Breddenberg GmbH ＆ Co. KG,GmbH & Co. KG,Gartenstraße,17,Börger,26904,NA,NA
ABR911846258404,Windpark Ostenfelde GmbH ＆ Co. KG,GmbH & Co. KG,Albert-Einstein-Straße,7,Osnabrück,49076,NA,NA
ABR995263493099,Windenergie Glüsing GmbH,GmbH,Glüsing-Eichengrund,NA,Hohenwestedt,24594,NA,NA
ABR952431042794,wpd Windpark Brackel GmbH ＆ Co. KG,GmbH & Co. KG,Stephanitorsbollwerk,3,Bremen,28217,www.wpd.de,NA
ABR913588234500,PV Jagsal,GmbH & Co. KG,Wall,55,Kiel,24103,www.getproject.de,NA
ABR966660306923,Sonnenwerk WUN H2 GmbH ＆ Co. KG,GmbH & Co. KG,Energiepark,1,Rugendorf,95365,NA,NA
ABR971256620307,ENOVA Windpark Gehrde Betriebs GmbH ＆ Co. KG,GmbH & Co. KG,Steinhausstraße,112,Bunde,26831,www.enova.de,NA
ABR919197085113,Windenergie Wenger-Rosenau GmbH ＆ Co. KG,GmbH & Co. KG,Dorfstraße,53,Nietwerder,16816,NA,NA
ABR908504903103,enercity Windpark Esperke GmbH ＆ Co. KG,GmbH & Co. KG,Nessestraße,24,Leer,26789,NA,NA
ABR943068833015,Windkraft Haimhausen GmbH ＆ Co. KG,GmbH & Co. KG,Haid,1,Niederaichbach,84100,NA,NA
ABR923804874533,greenarea Heimertingen GmbH,GmbH,Alpenstraße,10,Heimertingen,87751,NA,NA
ABR934803317396,WIL Solarprojekt GmbH ＆ Co. KG,GmbH & Co. KG,Europa-Allee,62,Föhren,54343,NA,NA
ABR965850204858,Winnigstedt Landwind 06 GmbH ＆ Co. KG,GmbH & Co. KG,Watenstedter Straße,11,Gevensleben,38384,NA,NA
ABR916977892008,Qair Solarpark Perleberg GmbH ＆ Co. KG,GmbH & Co. KG,Schwanthalerstraße,75 a,München,80336,NA,NA
ABR985617857646,Windpark GmbH ＆ Co. Stößen XI KG,GmbH & Co. KG,Holzweg,87,Aurich,26605,https://www.alterric.com/,NA
ABR997993534745,Windpark Hundsbacher Höhe GmbH ＆ Co. KG,GmbH & Co. KG,Dattensoller Straße,9,Eußenheim,97776,NA,NA
ABR995119290698,Barnimer Energiebeteiligungsgesellschaft mbH,GmbH,Ostender Höhen,70,Eberswalde,16225,www.kreiswerke-barnim.de,NA
ABR950805926954,BS Windertrag Nr. 18 GmbH ＆ Co. KG,GmbH & Co. KG,Joachim-Karnatz-Allee,1,Berlin,10557,NA,NA
ABR977176517918,Windpark Fehmarn-Mitte II GmbH ＆ Co. KG,GmbH & Co. KG,Ortsteil Vadersdorf,45,Fehmarn,23769,NA,NA
ABR948959861818,Windpark Ellbek GmbH ＆ Co. KG,GmbH & Co. KG,Ellbekhof,2,Jerrishoe,24963,NA,NA
ABR998203131204,BMR Erneuerbare Energien Nr. 1 GmbH ＆ Co. KG,GmbH & Co. KG,Berliner Ring,11,Geilenkirchen,52511,NA,NA
ABR966082448164,Windpark Langenbrand GmbH ＆ Co. KG,GmbH & Co. KG,Am Haag,10,Gräfelfing,82166,www.baywa-re.de,NA
ABR977246819416,C＆C WindPower Steinert GmbH ＆ Co. KG,GmbH & Co. KG,Trierer Straße,43,Hallschlag,54611,NA,NA
ABR942477372436,Windenergie Daldrup GmbH ＆ Co. KG,GmbH & Co. KG,Am Lohrkamp,3,Dülmen,48249,NA,NA
ABR968506909022,Neue Energie Geldern GmbH,GmbH,Markt,25,Geldern,47608,NA,NA
ABR917601105563,LS Repowering GmbH ＆ Co. KG,GmbH & Co. KG,Dorfstraße,3 a,Aebtissinwisch,25572,NA,NA
ABR919407999766,Sabowind Solarpark Kleinschirma GmbH ＆ Co. KG,GmbH & Co. KG,Frauensteiner Straße,118,Freiberg,09599,sabowind.de,NA
ABR966220019300,Solarpark Dippoldiswalde GmbH ＆ Co. KG,GmbH & Co. KG,Frauensteiner Straße,118,Freiberg,09599,sabowinde.de,NA
ABR918655828767,Solarpark Schwarzkollm GmbH ＆ Co. KG,GmbH & Co. KG,Frauensteiner Straße,118,Freiberg,09599,sabowind.de,NA
ABR924365670541,Solarpark Lichte Platte GmbH ＆ Co. KG,GmbH & Co. KG,Im Hahlenfeld,2,Bessenbach,63856,www.main-spessart-solar.de,NA
ABR986145781052,VSB Windpark Jördenstorf GmbH ＆ Co. KG,GmbH & Co. KG,Schweizer Straße,3 a,Dresden,01069,NA,NA
ABR951967962064,FPV Philipp See 1 GmbH ＆ Co. KG,GmbH & Co. KG,Inneres Fischwasser,1,Bad Schönborn,76669,NA,NA
ABR938726435373,solargrün Mühlhausen GmbH ＆ Co. KG,GmbH & Co. KG,Klostertor,1,Hamburg,20097,NA,NA
ABR920338660700,solargrün Eggersdorf GmbH ＆ Co. KG,GmbH & Co. KG,Klostertor,1,Hamburg,20097,NA,NA
ABR908671781856,SachsenEnergie Windpark Reinsdorf GmbH ＆ Co. KG,GmbH & Co. KG,Friedrich-List-Platz,2,Dresden,01069,NA,NA
ABR938497778037,Heiwista Konzept GmbH ＆ Co. Mitarbeiter Terrawatt KG,GmbH & Co. KG,Poetenweg,49,Leipzig,04155,NA,NA
ABR914908814006,Naturstrom Eschlohn Brink GmbH ＆ Co. KG,GmbH,Eschlohn,44,Südlohn,46354,NA,NA
ABR963690877058,WE Barler Feld GmbH ＆ Co. KG,GmbH,Quantwick,15,Ahaus,48683,NA,NA
ABR931276489872,WP Booßen GmbH ＆ Co. KG,GmbH & Co. KG,Stresemannstraße,46,Bremerhaven,27570,NA,NA
ABR985185541121,Windpark Profen II GmbH,GmbH,Glück-Auf-Straße,1,Zeitz,06711,NA,NA
ABR931819526170,Bürgerwindenergie Theilheim GmbH ＆ Co. KG,GmbH & Co. KG,Neue Straße,17 a,Markt Erlbach,91459,www.wust-wind-sonne.de,NA
ABR982939763181,Bürgerwindenergie Dettelbach-Bibergau GmbH ＆ Co. KG,GmbH & Co. KG,Neue Straße,17 a,Markt Erlbach,91459,www.wust-wind-sonne.de,NA
ABR987347095374,Windenergie Vierkuhlen GmbH ＆ Co. KG,GmbH & Co. KG,Rekener Straße,136,Velen,46342,NA,NA
ABR947017026268,FEH Solarpark 54 GmbH ＆ Co.KG,GmbH & Co. KG,Ginnheimer Straße,4,Eschborn,65760,www.frankfurt-energy.de,NA
ABR941490677665,Bürgerwindenergie Weisendorf GmbH ＆ Co. KG,GmbH & Co. KG,Neue Straße,17 a,Markt Erlbach,91459,www.wust-wind-sonne.de,NA
ABR959934229196,Anumar Solarpark Neuendorf A GmbH ＆ Co. KG,GmbH & Co. KG,Steinstraße,19,Anklam,17389,www.anumar.de,NA
ABR929359484197,Anumar Solarpark Pförring GmbH ＆ Co. KG,GmbH & Co. KG,Haunwöhrer Straße,21,Ingolstadt,85051,www.anumar.de,NA
ABR979374047549,Solarpark Eyendorf GmbH ＆ Co. KG,GmbH & Co. KG,Große Elbstraße,61,Hamburg,22767,https://www.beaufort-9.de/impressum,NA
ABR910429055997,SL Windpark Zülpich GmbH ＆ Co. KG,GmbH & Co. KG,Voßbrinkstraße,67,Gladbeck,45966,www.sl-naturenergie.com,NA
ABR924016454384,AD Bergholz GmbH,GmbH,Menkiner Str.,41,Bergholz,17321,thedillingergroup.de,NA
ABR910371071786,Windkraft Mangelsdorf IV GmbH ＆ Co.KG,GmbH & Co. KG,Hauptstraße,60,Herbsleben,99955,NA,NA
ABR941320267462,REA Windpark Indebogen GmbH ＆ Co. KG,GmbH & Co. KG,Wernersstraße,23,Düren,52351,www.rea-dn.de,NA
ABR945662756363,Bürgerwind Wilmsberg GmbH ＆ Co.KG,GmbH & Co. KG,Wilmsberg,51,Steinfurt,48565,NA,NA
ABR922216203931,Solarparc Kleinschirma GmbH ＆ Co. KG,GmbH & Co. KG,An der Hauptstraße,20,Oberschöna,09600,NA,NA
ABR986882598777,reVenton Asset Partners GmbH,GmbH,Theatinerstraße,14,München,80333,www.reventon-partners.com,NA
ABR923107751876,Energiepark Drensteinfurt WP Rieth GmbH ＆ Co. KG,GmbH & Co. KG,Stresemannstraße,46,Bremerhaven,27570,NA,NA
ABR919647983075,PROKON Windpark Sembten III GmbH ＆ Co. KG,GmbH & Co. KG,Kirchhoffstraße,3,Itzehoe,25524,www.prokon.net,NA
ABR969656787263,UGE Sichertshausen GmbH ＆ Co. KG Umweltgerechte Energie,GmbH & Co. KG,Dorfstr.,20 a,Lohmen,18276,NA,NA
ABR944944663375,UGE Fehrenbötel GmbH ＆ Co. KG Umweltgerechte Energie,GmbH & Co. KG,Dorfstr.,20 a,Lohmen,18276,NA,NA
ABR937469689418,UGE Klein Dammerow Eins GmbH ＆ Co. KG Umweltgerechte Energie,GmbH & Co. KG,Dorfstr.,20 a,Lohmen,18276,NA,NA
ABR940452837413,Windplan Blüthen/Klockow 3 GmbH ＆ Co. KG,GmbH & Co. KG,Bahnstraße,7,Pirow,19348,NA,NA
ABR975231924886,UGE Schenkendorf Eins GmbH ＆ Co. KG Umweltgerechte Energie,GmbH & Co. KG,Dorfstr.,20 a,Lohmen,18276,NA,NA
ABR968755586043,UGE Radinkendorf GmbH ＆ Co. KG Umweltgerechte Energie,GmbH & Co. KG,Dorfstr.,20 a,Lohmen,18276,NA,NA
ABR928852486776,UGE Matzenhöhe GmbH ＆ Co. KG Umweltgerechte Energie,GmbH & Co. KG,Dorfstr.,20 a,Lohmen,18276,NA,NA
ABR904066107669,UGE Süsel GmbH ＆ Co. KG Umweltgerechte Energie,GmbH & Co. KG,Dorfstr.,20 a,Lohmen,18276,NA,NA
ABR900157076845,UGE Seelow-Vierlinden Eins GmbH ＆ Co. KG Umweltgerechte Energie,GmbH & Co. KG,Sedanstraße,19,Lindenberg,88161,NA,NA
ABR913484042087,UGE Suderwittingen GmbH ＆ Co. KG Umweltgerechte Energie,GmbH & Co. KG,Dorfstr.,20 a,Lohmen,18276,NA,NA
ABR993904967541,Vocke Kapitalanlagen GmbH,GmbH,Am Danielsbrunnen,1,Wiesloch,69168,www.vocke-online.de,NA
ABR925727738930,Tibo Photovoltaik Wuschewier GmbH ＆ Co. KG,GmbH & Co. KG,Bahnhofstraße,24,Neutrebbin,15320,NA,NA
ABR934358045072,QQ17 Solarkraft GmbH,GmbH,Gänseweide,21,Kassel,34132,NA,NA
ABR967941403454,Windpark Ahlum-Dettum GmbH ＆ Co. Betriebs-KG,GmbH & Co. KG,Emmy-Noether-Straße,17,Itzehoe,25524,NA,NA
ABR927157249000,Windpark Kloddram GmbH,GmbH,Dorfstr.,34 a,Vellahn,19260,NA,NA
ABR967563956239,GSW Bürgersolarpark Obermenach GmbH ＆ Co. KG,GmbH & Co. KG,Otto-Hiendl-Straße,15,Kirchroth,94356,NA,NA
ABR948136744057,TWG-Windpark-Pool,GmbH & Co. KG,Postplatz,1,Dresden,01067,NA,NA
ABR994985777012,Bürgerwindpark Borgentreich GmbH ＆ Co. KG,GmbH & Co. KG,Dorfstraße,15,Borgentreich,34434,NA,NA
ABR940561449545,Solaranlage Titz GmbH ＆ Co. KG,GmbH & Co. KG,Isekai,1,Hamburg,20249,NA,NA
ABR902798422722,Solaranlage Friedland Rosdorf GmbH ＆ Co. KG,GmbH & Co. KG,Isekai,1,Hamburg,20249,NA,NA
ABR944547758997,PV Vivendi II GmbH ＆ Co. KG,GmbH & Co. KG,Unter den Linden,4,Reutlingen,72762,NA,NA
ABR950782991549,AURORA RE GmbH,GmbH,Gartenkamp,1-3,Westerkappeln,49492,NA,NA
ABR973259896864,RWE Neuland Erneuerbare Energien GmbH ＆ Co. KG,GmbH & Co. KG,Am Tagebau,NA,Niederzier,52382,NA,RWE
ABR920759575560,Windpark Leuba GmbH ＆ Co. KG,GmbH & Co. KG,Stahltwiete,21A,Hamburg,22761,NA,NA
ABR985766839241,TEUT Energieprojekte GmbH,GmbH,Idastraße,20,Berlin,13156,www.teut.de,NA
ABR907687155132,SWS SP Habscheid GmbH ＆ Co. KG,GmbH & Co. KG,Kesselstraße,21-23,Stuttgart,70327,NA,NA
ABR987491676696,Windpark Lemgo GmbH ＆ Co. KG,GmbH & Co. KG,Gesandtenstraße,3,Regensburg,93047,NA,NA
ABR909738597236,PROKON Windpark Nadrensee GmbH ＆ Co. KG,GmbH & Co. KG,Kirchhoffstraße,NA,Itzehoe,25524,www.prokon.net,NA
ABR978533633029,Höllfeld Solarpark GmbH ＆ Co. KG,GmbH & Co. KG,Pfarrer-Singer-Straße,5,Eppishausen,87745,NA,NA
ABR914857038935,Solarpark Lindenhof GmbH,GmbH,Große Elbstraße,59,Hamburg,22767,www.encavis.com,NA
ABR928046553604,Solarpark ZaD GmbH ＆ Co. KG,GmbH & Co. KG,Friedrichstraße,200,Berlin,10117,https://www.iberdrola.de/,NA
ABR956646849056,Bürgerwind Ettenheim GmbH,GmbH,Rohanstraße,13,Ettenheim,77955,NA,NA
ABR905147749402,WWS Invest 2 GmbH ＆ Co. KG,GmbH & Co. KG,Elbchaussee,159,Hamburg,22605,NA,NA
ABR968973170932,UGE Laubst GmbH ＆ Co. KG Umweltgerechte Energie,GmbH & Co. KG,Dr.-Eberle-Platz,1,Meißen,01662,NA,NA
ABR901425457243,UGE Lübbenau GmbH ＆ Co. KG Umweltgereche Energie,GmbH & Co. KG,Dr.-Eberle-Platz,1,Meißen,01662,NA,NA
ABR997653303124,UGE Neuwiese GmbH ＆ Co. KG Umweltgereche Energie,GmbH & Co. KG,Dorfstr.,20 a,Lohmen,18276,NA,NA
ABR908837997749,Solarpark Dehnsen - Wohlenbüttel GmbH ＆ Co. KG,GmbH & Co. KG,Unter den Eichen,22,Amelinghausen,21385,NA,NA
ABR960531830388,Solarpark Brönnhof GmbH,GmbH,Käthe-Kollwitz-Straße,21,Leipzig,04109,NA,NA
ABR996423782589,Papenhäger Wind GmbH ＆ Co. KG,GmbH & Co. KG,Dorfstr.,6 a,Papenhagen,18510,NA,NA
ABR901369586290,Energiegesellschaft Balder MV III mbH ＆ Co. KG,GmbH & Co. KG,Gartenstr.,1,Brunow,19372,NA,NA
ABR905733718867,Rittler Energie GmbH ＆ Co. KG,GmbH & Co. KG,Brühlstraße,6,Ellzee,89352,NA,NA
ABR981124967007,LEFPV Cottbuser Ostsee GmbH ＆ Co.KG,GmbH & Co. KG,Leagplatz,1,Cottbus,03050,NA,NA
ABR943969523183,LEPV Jänschwalde GmbH ＆ Co.KG,GmbH & Co. KG,Leagplatz,1,Cottbus,03050,NA,EPH
ABR938047003619,CPC Windpark Rennsteig,GmbH & Co. KG,Max-Born-Str.,1,Rheine,48431,cpc-germania.com,NA
ABR975275452468,LEPV Energiepark Bohrau GmbH ＆ Co. KG,GmbH & Co. KG,Leagplatz,1,Cottbus,03050,NA,EPH
ABR991402342754,GBB Windpark Madlitz GmbH ＆ Co. KG,GmbH & Co. KG,Schlossstraße,32,Briesen,15518,NA,NA
ABR941639245489,UGE Hombressen Zwei GmbH ＆ Co. KG Umweltgereche Energie,GmbH & Co. KG,Dorfstr.,20 a,Lohmen,18276,NA,NA
ABR903014133378,UGE Hövelhof-Westerloh GmbH ＆ Co. KG Umweltgereche Energie,GmbH & Co. KG,Dorfstr.,20 a,Lohmen,18276,NA,NA
ABR915357032911,UGE Drasenbeck GmbH ＆ Co. KG Umweltgereche Energie,GmbH & Co. KG,Dorfstr.,20 a,Lohmen,18276,NA,NA
ABR965370323862,Windenergie Niederasphe GmbH ＆ Co. KG,GmbH & Co. KG,Dorfstraße,53,Münchhausen,35117,NA,NA
ABR963336660112,QE Windpark Ahrensbök GmbH,GmbH,Schwochel,11,Ahrensbök,23623,https://qualitasenergy.de,NA
ABR984613004900,Bürgersolarkraftwerk Königsber g 1 GmbH & Co. KG,GmbH & Co. KG,Bahnhofstraße,1,Haßfurt,97437,NA,NA
ABR975233471975,Solarpark Pinnow GmbH ＆ Co. KG,GmbH & Co. KG,Obotritenring,40,Schwerin,19053,NA,NA
ABR958219853187,Solarpark Tarzow GmbH ＆ Co. KG,GmbH & Co. KG,Obotritenring,40,Schwerin,19053,NA,NA
ABR977618448695,TEP Flora,GmbH & Co. KG,Krefelder Straße,203,Aachen,52070,NA,NA
ABR988288455531,Windfang Energie eG,eG,Bruchstraße,1,Bad Wünnenberg,33181,NA,NA
ABR941807947283,BEC - Energie Consult GmbH,GmbH,Asternplatz,3,Berlin,12203,www.bec-berlin.de,NA
ABR998802658249,Windpark Rote Erde GmbH ＆ Co. KG,GmbH & Co. KG,Rote Erde,7,Neuenkirchen,48485,NA,NA
ABR933974510407,BKLR GmbH ＆ Co. KG,GmbH & Co. KG,Kapellenweg,8,Erwitte,59597,NA,NA
ABR940365157189,TEP Vesta Gmbh ＆ Co. KG,GmbH & Co. KG,Krefelder Straße,203,Aachen,52070,NA,NA
ABR911599361659,Eifelstrom GmbH,GmbH,Bornheimer Str.,24,Bonn,53111,NA,NA
ABR957864184622,Solarpark Breddin I UG (haftungsbeschränkt) i.G.,UG (haftungsbeschränkt),Carl-von-Noorden-Platz,5,Frankfurt,60596,NA,NA
ABR903284624705,Sunnic Lighthouse Solar Invest 18 TU 6 GmbH ＆ Co. KG,GmbH & Co. KG,Kirchenpauerstr.,26,Hamburg,20457,NA,NA
ABR913695116027,ENERPARC Solar Invest 243 EU 1.9 GmbH ＆ Co. KG,GmbH & Co. KG,Kirchenpauerstr.,26,Hamburg,20457,NA,NA
ABR958082265209,Anschütz Erneuerbare Energien GmbH,GmbH,Illinger Straße,29,Eppelborn,66571,NA,NA
ABR945642702649,Fünfundzwanzigste Bürgerwindpark GmbH ＆ Co. KG,GmbH & Co. KG,Albert-Einstein-Straße,7,Osnabrück,49076,NA,NA
ABR922774405082,Solarenergie Bennien GmbH ＆ Co. KG,GmbH & Co. KG,Wellingstraße,66,Melle,49328,NA,NA
ABR988538048377,Siebzehnte Agrarenergie GmbH ＆ Co. KG,GmbH & Co. KG,Wellingstraße,66,Melle,49328,NA,NA
ABR933546675602,ENERPARC Solar Invest 211 TU 3 GmbH,GmbH,Kirchenpauerstr.,26,Hamburg,20457,NA,NA
ABR973249061883,ENERPARC Solar Invest 243 EU 1.17 GmbH ＆ Co. KG,GmbH & Co. KG,Kirchenpauerstr.,26,Hamburg,20457,NA,NA
ABR902595304665,ENERPARC Solar Invest 243 EU 1.4 GmbH ＆ Co. KG,GmbH & Co. KG,Kirchenpauerstr.,26,Hamburg,20457,NA,NA
ABR905434000827,Sunnic Lighthouse Solar Invest 18 TU 4 GmbH ＆ Co. KG,GmbH & Co. KG,Kirchenpauerstr.,26,Hamburg,20457,NA,NA
ABR976710413822,Anumar Solarpark Weil III GmbH ＆ Co. KG,GmbH & Co. KG,Haunwöhrer Straße,21,Ingolstadt,85051,NA,NA
ABR963957358559,Anumar Solarpark Schrobenhausen-Öd GmbH ＆ Co. KG,GmbH & Co. KG,Haunwöhrer Straße,21,Ingolstadt,85051,NA,NA
ABR936525828228,Anumar Solarpark Edelshausen II GmbH ＆ Co. KG,GmbH & Co. KG,Haunwöhrer Straße,21,Ingolstadt,85051,NA,NA
ABR963324096879,Anumar Solarpark Siglohe GmbH ＆ Co. KG,GmbH & Co. KG,Haunwöhrer Straße,21,Ingolstadt,85051,NA,NA
ABR927308990881,Anumar Solarpark Seubersdorf GmbH ＆ Co. KG,GmbH & Co. KG,Haunwöhrer Straße,21,Ingolstadt,85051,NA,NA
ABR921051859808,Anumar Solarpark Dasing GmbH ＆ Co. KG,GmbH & Co. KG,Haunwöhrer Straße,21,Ingolstadt,85051,NA,NA
ABR949557459377,Anumar Solarpark Feuchtwangen GmbH ＆ Co. KG,GmbH & Co. KG,Haunwöhrer Straße,21,Ingolstadt,85051,NA,NA
ABR943625280245,Sunnic Lighthouse Solar Invest 18 TU 11 GmbH ＆ Co. KG,GmbH & Co. KG,Kirchenpauerstr.,26,Hamburg,20457,NA,NA
ABR926820458572,Anumar Solarpark Wernberg-Köblitz GmbH ＆ Co. KG,GmbH & Co. KG,Haunwöhrer Straße,21,Ingolstadt,85051,NA,NA
ABR908657347762,ENERPARC Solar Invest 230 TU 67 GmbH ＆ Co. KG,GmbH & Co. KG,Kirchenpauerstr.,26,Hamburg,20457,NA,NA
ABR921198924445,ENERPARC Solar Invest 211 TU 2 GmbH,GmbH,Kirchenpauerstr.,26,Hamburg,20457,NA,NA
ABR960226776625,SRE PV Berngau GmbH ＆ Co. KG,GmbH & Co. KG,Reifensteinstraße,11,Berngau,92361,NA,NA
ABR901753024780,AD Hodenhagen GmbH,GmbH,Yorckstraße,20,Regensburg,93049,thedillingergroup.de,NA
ABR931849087047,UGE Sassenberg Zwei GmbH ＆ Co. KG Umweltgerechte Energie,GmbH & Co. KG,Dorfstr.,20 a,Lohmen,18276,NA,NA
ABR907471102991,Solarpark Uhrsleben GmbH ＆ Co. KG,GmbH & Co. KG,Schmidhamer Straße,22,Traunstein,83278,NA,NA
ABR948939920375,Spies Kunststoffe GmbH,GmbH,Im Gewerbepark,12,Melle,49326,NA,NA
ABR952769469959,Windpark Hopfenberg GmbH,GmbH,Bahnhofstraße,2,Stadtallendorf,35260,NA,NA
ABR932786604502,PNE Windpark Sundern-Allendorf,GmbH & Co. KG,Peter-Henlein-Straße,2-4,Cuxhaven,27472,www.pne-ag.com,NA
ABR996090448368,Windpark Ladenthin GmbH ＆ Co. KG,GmbH & Co. KG,Stahltwiete,21 a,Hamburg,22761,NA,NA
ABR916528300686,Windpark Heckelberg West GmbH ＆ Co. KG,GmbH & Co. KG,Gregor-Mendel-Straße,24 A,Potsdam,14469,NA,NA
ABR968078363222,Windenergie Marienmünster-Bredenborn GmbH ＆ Co. KG,GmbH & Co. KG,Vattmannstraße,3,Paderborn,33100,NA,NA
ABR973180198822,MLK Windpark Kleinbouslar Nr. 98 GmbH ＆ Co. KG,GmbH & Co. KG,In Tenholt,33,Erkelenz,41812,NA,NA
ABR953565264700,Dree Möhlen VO GmbH ＆ Co. KG,GmbH & Co. KG,Süderdaal,2,Vollstedt,25821,NA,NA
ABR981204190790,Windpark Altenglan GmbH ＆ Co. KG,GmbH & Co. KG,Tölzer Straße,15,Grünwald,82031,https://www.baywa-re.com,NA
ABR961671857051,Diemelwind-Marsberg GmbH ＆ Co. KG,GmbH & Co. KG,Vattmannstraße,3,Paderborn,33100,NA,NA
ABR909324052156,Windpark Ehlerstorf Infrastruktur GmbH ＆ Co. KG,GmbH & Co. KG,Vierhörn,2,Lübeck,23556,NA,NA
ABR918972675686,Westhoff Energy GmbH,GmbH,Fresenhorst,24,Südlohn,46354,NA,NA
ABR929719692644,1. Windpark Wagenfeld-Süd GmbH ＆ Co. KG,GmbH & Co. KG,Auf den Moorschölen,7,Wagenfeld,49419,www.wagenfelder-windenergie.de,NA
ABR949952171317,Windenergie Bitburg-Land Planungsgesellschaft mbH,GmbH,Bettinger Straße,3,Ingendorf,54636,NA,NA
ABR977193012823,Vechtruper Bürgerwindpark GmbH ＆ Co. KG,GmbH & Co. KG,Fockenbrocksheide,10,Telgte,48291,NA,NA
ABR903044313115,Windenergie Marienmünster/Altenbergen GmbH ＆ Co. KG,GmbH & Co. KG,Renker Weg,1,Bad Lippspringe,33175,NA,NA
ABR923045176878,Windenergie Fölsen / Gehrden III GmbH ＆ Co. KG,GmbH & Co. KG,Renker Weg,1,Bad Lippspringe,33175,NA,NA
ABR922721751323,sun spot 11 GmbH,GmbH,Helmholtzstrasse,2-9,Berlin,10587,NA,NA
ABR917097139684,Windpark Reichenbach GmbH,GmbH,Tölzer Straße,15,Grünwald,82031,https://www.baywa-re.com,NA
ABR935719244332,Bürgerwindpark Weißenbrunn-Gössersdorf GmbH ＆ Co. KG,GmbH & Co. KG,Bergstraße,21,Weißenbrunn,96369,NA,NA
ABR981044325109,Energy One Solar 17 GmbH ＆ Co. KG,GmbH & Co. KG,Hauptstraße,60,Herbsleben,99955,NA,NA
ABR905881742905,Bürgerwind Lembecker Elven GmbH ＆ Co. KG,GmbH & Co. KG,Wessendorfer Weg,27,Dorsten,46286,NA,NA
ABR956220845399,FerdiWind GmbH ＆ Co. KG,GmbH & Co. KG,Ulmer Straße,4,Leinfelden-Echterdingen,70771,www.edf-re.de,NA
ABR949028204376,Windenergie Entrup/Sommersell GmbH ＆ Co. KG,GmbH & Co. KG,Vattmannstraße,3,Paderborn,33100,NA,NA
ABR904970817333,WIND-projekt GmbH ＆ Co. 51. Betriebs-KG,GmbH & Co. KG,Am Strom,NA,Rostock,18119,NA,NA
ABR978258878354,ENOVA Windpark Dollenkamp Betriebs GmbH ＆ Co. KG,GmbH & Co. KG,Steinhausstraße,112,Bunde,26831,www.enova.de,NA
ABR968509416817,Windenergie Catenhorn GmbH ＆ Co. KG,GmbH & Co. KG,Zur Gantenburg,25 a,Rheine,48432,NA,NA
ABR952732811341,enercity Windpark Lemwerder GmbH,GmbH,Nessestraße,24,Leer,26789,NA,NA
ABR952992066000,VSB Windpark Pfaffenhausen GmbH ＆ Co. KG,GmbH & Co. KG,Schweizer Straße,3 a,Dresden,01069,NA,NA
ABR920624001972,Windpark Fritzenberg GmbH ＆ Co. KG,GmbH & Co. KG,Hohenkamp,11,Ganderkesee,27777,NA,NA
ABR919619766439,Windpark Gröningen GmbH ＆ Co. 2. Betriebs KG,GmbH & Co. KG,Im Sack,3,Bornstedt,39343,NA,NA
ABR917290769343,Espen-Energie GbR,GbR,Espenweg,6,Möhnesee,59519,NA,NA
ABR990824498438,meridian Windpark Eineborn GmbH ＆ Co. KG,GmbH & Co. KG,Schützenstraße,2,Suhl,98527,www.meridian-energy.de,NA
ABR983345742463,Windpark Hesselertal GmbH ＆ Co. KG,GmbH & Co. KG,Schicklerstraße,5-7,Berlin,10179,NA,NA
ABR954501524353,Hörsteloer BürgerWind GmbH ＆ Co. KG,GmbH & Co. KG,Hengeler,11,Stadtlohn,48703,NA,NA
ABR929609722109,Windpark Grünkordshagen-Zandershagen GmbH ＆ Co. KG,GmbH & Co. KG,Hauptstr.,11 a,Jakobsdorf,18442,www.wpd.de,NA
ABR938586218635,wpd Windpark Feldatal-Markhohl GmbH ＆ Co. KG,GmbH & Co. KG,Stephanitorsbollwerk,3,Bremen,28217,www.wpd.de,NA
ABR933767602791,Energieallianz MV Projekt Nr. 11 GmbH ＆ Co. KG,GmbH & Co. KG,Meschendorfer Weg,12,Ostseebad Rerik,18230,NA,NA
ABR922206031001,Windpark Reinstedt Repowering GmbH ＆ Co. KG,GmbH & Co. KG,Energie-Allee,1,Wörrstadt,55286,NA,NA
ABR908154282139,PIONEXT Asset GmbH ＆ Co. KG,GmbH & Co. KG,Otto-Lilienthal-Straße,2,Alzey,55232,https://www.pionext.de/,NA
ABR959331915272,ABO Energy Windpark 6 GmbH ＆ Co. KG,GmbH & Co. KG,Oberdorfstraße,10,Ingelheim,55262,NA,NA
ABR931133214524,Trianel Windpark Tasdorf GmbH ＆ Co. KG,GmbH & Co. KG,Krefelder Straße,203,Aachen,52070,NA,NA
ABR941718048055,regiowind Verwaltungs-GmbH,GmbH,Tullastraße,61,Freiburg,79108,www.oekostrom-freiburg.de,NA
ABR997067059884,ABO Energy WP Kloppberg 4 GmbH ＆ Co. KG,GmbH & Co. KG,Oberdorfstraße,10,Ingelheim,55262,NA,NA
ABR956216717358,enerlogo GmbH ＆ Co. KG,GmbH & Co. KG,Herrnwinden,3,Rothenburg,91541,www.enerlogo.de,NA
ABR965596749255,Windpark GmbH ＆ Co. Hemmerich KG,GmbH & Co. KG,Holzweg,87,Aurich,26605,NA,NA
ABR994319874868,Bürgerwind Haus Hölting GmbH ＆ Co. KG,GmbH & Co. KG,Horn-Westerwinkel,1,Ascheberg,59387,NA,NA
ABR957285847953,LHI EE Invest PV Steenfeld 2698 GmbH ＆ Co. KG,GmbH & Co. KG,Emil-Riedl-Weg,6,Pullach,82049,NA,NA
ABR954197407381,Regio-Wind GmbH ＆ Co. KG,GmbH & Co. KG,Stüttingshof,1,Ense,59469,NA,NA
ABR910806934457,Windenergie Sautmannshausen GmbH ＆ Co. KG,GmbH & Co. KG,Gut Sautmannshausen,1,Haselünne,49740,NA,NA
ABR961153935239,Windpark Hintersteinau GmbH ＆ Co. KG,GmbH & Co. KG,Stephanitorsbollwerk,3,Bremen,28217,NA,NA
ABR900684357950,Huffelwind GmbH ＆ Co. KG,GmbH & Co. KG,Illinger Straße,6,Hamm,59069,NA,NA
ABR916270639393,Bürgerwind Elve GmbH ＆ Co. KG,GmbH & Co. KG,Harkotten,2,Sassenberg,48336,NA,NA
ABR966632565884,WIND-projekt GmbH ＆ Co. 39. Betriebs-KG,GmbH & Co. KG,Seestr.,71 a,Börgerende,18211,NA,NA
ABR953730041877,Gettruper Wind GmbH ＆ Co. KG,GmbH & Co. KG,Gettrup,1,Senden,48308,NA,NA
ABR980180630443,Holter Wind GmbH ＆ Co. KG,GmbH & Co. KG,Holter,7,Beckum,59269,NA,NA
ABR908873363836,Trianel Windpark Karthaus GmbH ＆ Co. KG,GmbH & Co. KG,Krefelder Straße,203,Aachen,52070,NA,NA
ABR942093863486,Trianel Windpark Limbergen GmbH ＆ Co. KG,GmbH & Co. KG,Krefelder Straße,203,Aachen,52070,NA,NA
ABR925713561566,Bürgerwind Steigerwald GmbH ＆ Co. KG II,GmbH & Co. KG,Siedelbach,70,Markt Erlbach,91459,www.naturenergie-zeilinger.de,NA
ABR988075400010,meridian Windpark Kleinlohma GmbH ＆ Co. KG,GmbH & Co. KG,Schützenstraße,2,Suhl,98527,NA,NA
ABR984068289662,Bürgerwindenergie Burgebrach-Walsdorf GmbH ＆ Co. KG,GmbH & Co. KG,Neue Straße,17 a,Markt Erlbach,91459,www.wust-wind-sonne.de,NA
ABR927672071421,BöcksWind GmbH ＆ Co.KG,GmbH & Co. KG,Renker Weg,1,Bad Lippspringe,33175,NA,NA
ABR980466055809,Windenergie Bonenburg/Ikenhausen GmbH ＆ Co. KG,GmbH & Co. KG,Borlinghauser Straße,16,Warburg,34414,NA,NA
ABR917724120351,Windpark Klein Vahlberg GmbH,GmbH,Gustav-Weißkopf-Straße,3,Ganderkesee,27777,NA,NA
ABR958492707252,Bürgerwind Burghaslach - Markt Taschendorf GmbH ＆ Co. KG i.G.,GmbH & Co. KG,Siedelbach,70,Markt Erlbach,91459,www.naturenergie-zeilinger.de,NA
ABR922665660293,Ulmenwind GmbH ＆ Co. KG,GmbH & Co. KG,Elmenhorst,5 a,Sendenhorst,48324,NA,NA
ABR931543274651,Bürgerwindpark Nienwohlde GmbH ＆ Co. KG,GmbH & Co. KG,Lammers Hoff,3,Wrestedt,29559,NA,NA
ABR957688592450,Windenergie Heiden-Nordick GmbH ＆ Co. KG,GmbH & Co. KG,Nordick,7,Heiden,46359,NA,NA
ABR971653703214,GP JOULE Projekt GmbH ＆ Co. KG,GmbH & Co. KG,Cecilienkoog,16,Reußenköge,25821,NA,NA
ABR935208668663,VERUM Heyen R 2020 GmbH ＆ Co. KG,GmbH & Co. KG,Endersbacher Straße,65,Stuttgart,70374,NA,NA
ABR949143916468,Prezeller Wind GmbH ＆ Co. KG,GmbH & Co. KG,Rondeler Straße,14,Prezelle,29491,NA,NA
ABR988836963945,ABO Wind Windpark 4 GmbH ＆ Co. KG,GmbH & Co. KG,Oberdorfstraße,10,Ingelheim,55262,NA,NA
ABR942816717133,Lanze-Lomitz Wind GmbH ＆ Co. KG,GmbH & Co. KG,Rondeler Straße,14,Prezelle,29491,NA,NA
ABR999077347357,WBH GmbH ＆ Co. KG,GmbH & Co. KG,Klosterstraße,13,Willebadessen,34439,NA,NA
ABR912370315502,ABO Energy WP Rotenburg Fulda GmbH ＆ Co. KG,GmbH & Co. KG,Oberdorfstraße,10,Ingelheim,55262,NA,NA
ABR905207079364,WMO Quantwick GmbH ＆ Co. KG,GmbH & Co. KG,Quantwick,12,Ahaus,48683,NA,NA
ABR993109522033,Windpark Himmighofen GmbH ＆ Co. KG,GmbH & Co. KG,Zehrensdorfer Straße,4,Zossen,15806,NA,NA
ABR913061081812,Windpark Rieseby II GmbH ＆ Co. KG,GmbH & Co. KG,Gerichtstraße,3,Eckernförde,24340,www.plan-8.de,NA
ABR913105635087,Windpark Neue Weide Repowering GmbH ＆ Co. KG,GmbH & Co. KG,Stephanitorsbollwerk,3,Bremen,28217,www.wpd.de,NA
ABR996693042444,BS Beteiligung Nr. 12 GmbH ＆ Co. KG,GmbH & Co. KG,Joachim-Karnatz-Allee,1,Berlin,10557,www.wpd.de,NA
ABR930307234535,Windpark Klein Escherde GmbH＆Co. KG,GmbH & Co. KG,Gronauer Straße,41,Nordstemmen,31171,NA,NA
ABR959385836967,WP Mittelberg II GmbH ＆ Co. KG,GmbH & Co. KG,Im Mersch,3,Lichtenau,33165,NA,NA
ABR986789565643,Beteiligungsgesellschaft Bernzen ＆ Pieper GmbH ＆ Co. KG,GmbH & Co. KG,Alt-Hesepertwist,36,Twist,49767,NA,NA
ABR916630804201,REpulse Werder Lübz WEA 8 GmbH ＆ Co. KG,GmbH & Co. KG,Am Kirchsteig,24 a,Werder,19386,NA,NA
ABR976990695024,CPC Windpark Altmark GmbH ＆ Co. KG,GmbH & Co. KG,Max-Born-Str.,1,Rheine,48431,NA,NA
ABR995813927234,Uhl Windkraft Objekt 118 GmbH ＆ Co. KG,GmbH & Co. KG,Max-Eyth-Straße,40,Ellwangen,73479,www.uhl-windkraft.de,NA
ABR922613049248,Windmüllerei Diedersdorf 1 GmbH ＆ Co. KG,GmbH & Co. KG,Wokrenter Weg,21,Jürgenshagen,18246,NA,NA
ABR982969956324,WWS Invest 3,GmbH & Co. KG,Elbchaussee,159,Hamburg,22605,NA,NA
ABR960779160001,Anumar Solarpark Laimerstadt GmbH ＆ Co. KG,GmbH & Co. KG,Haunwöhrer Straße,21,Ingolstadt,85051,NA,NA
ABR998624492984,WP Brand Bürgerbeteiligung GmbH ＆ Co. KG,GmbH & Co. KG,Max-Eyth-Straße,40,Ellwangen,73479,www.uhl-windkraft.de,NA
ABR934148421338,Windkraftwerk Lirstal 2 GmbH ＆ Co. KG,GmbH & Co. KG,Gartenstraße,30,Mayen,56727,NA,NA
ABR938478503337,Seac Invest 16 GmbH ＆ Co. KG,GmbH & Co. KG,Edhof,7,Hebertsfelden,84332,NA,NA
ABR936454711783,Seac Invest 27 GmbH ＆ Co. KG,GmbH & Co. KG,Edhof,7,Hebertsfelden,84332,NA,NA
ABR967916671758,ECO POWER SIX GmbH,GmbH,Sonnenallee,1,Kirchheim,85551,NA,NA
ABR910237234799,RheinhessenWind 3 GmbH ＆ Co. KG,GmbH & Co. KG,Energie-Allee,1,Wörrstadt,55286,NA,NA
ABR963896246986,Solarpark BBB GmbH ＆ Co. KG,GmbH & Co. KG,Johann-Hittorf-Straße,8,Berlin,12489,https://www.edf-re.de/,NA
ABR915465753951,Stadtwerke Suhl/Zella-Mehlis GmbH,GmbH,Fröhliche-Mann-Straße,2,Suhl,98528,www.swsz.de,NA
ABR990786690581,KS Energiesysteme GmbH ＆ Co. KG,GmbH & Co. KG,Unterbergenweg,21,Dunningen,78655,NA,NA
ABR963048208565,ENOVA Windpark Value-Portfolio I GmbH ＆ Co. KG,GmbH & Co. KG,Steinhausstraße,112,Bunde,26831,www.enova.de,NA
ABR921190757492,NaGa Solarpark Gorgast-Bahn GmbH ＆ Co. KG,GmbH & Co. KG,Oeder Weg,113,Frankfurt,60318,NA,NA
ABR912227972346,CEE PVF Schönermark GmbH ＆ Co. KG,GmbH & Co. KG,Eichenweg,35,Rotenburg,27356,NA,NA
ABR993339172916,ABO Wind Solarpark 16 GmbH ＆ Co. KG,GmbH & Co. KG,Oberdorfstraße,10,Ingelheim,55262,NA,NA
ABR960174888562,Landwirtschaft Wallhausen GmbH ＆ Co. KG,GmbH & Co. KG,Großleinunger Weg,2,Wallhausen,06528,NA,NA
ABR950215021720,Windpark Prezelle-Süd GmbH ＆ Co. KG,GmbH & Co. KG,Stahltwiete,21 a,Hamburg,22761,NA,NA
ABR939798777071,MLK Windpark Boscherhausen Nr. 105 GmbH ＆ Co. KG,GmbH & Co. KG,In Tenholt,33,Erkelenz,41812,NA,NA
ABR985055030816,NeuWind eGbR,eGbR,Lange Straße,30,Winsen,29308,NA,NA
ABR978064837057,Windpark Kladrum Mitte GmbH ＆ Co. KG,GmbH & Co. KG,Stephanitorsbollwerk,3,Bremen,28217,https://www.wpd.de/,NA
ABR948966352149,Solvay GmbH,GmbH,Xantener Straße,237,Rheinberg,47495,NA,NA
ABR969565067944,Peissenberger Kraftwerksgesellschaft,GmbH,Brentenstraße,3,Hausham,83734,NA,NA
ABR948507322648,next energy projects 2040 GmbH,GmbH,Feldstraße,4,Brachttal,63636,NA,NA
ABR986316707768,Windpark Bildstock GmbH ＆ Co. KG,GmbH & Co. KG,Goethestraße,64,Freiburg,79100,www.oekostrom-freiburg.de,NA
ABR960065126124,QEEE Solarpark Bruchweiler GmbH ＆ Co.KG,GmbH & Co. KG,Von-Werth-Str.,9,Köln,50670,NA,NA
ABR913198917961,PVA Kleibrok 1 Gmbh ＆ Co. KG,GmbH & Co. KG,Gerhofstraße,1 -3,Hamburg,20354,www.parq-energy.de,NA
ABR972280835767,PVA Kalsow 1 GmbH ＆ Co. KG,GmbH & Co. KG,Gerhofstraße,1 -3,Hamburg,20354,www.parq-energy.de,NA
ABR963454041237,wpd Windpark Haseloff GmbH ＆ Co. KG,GmbH & Co. KG,Stephanitorsbollwerk,3,Bremen,28217,www.wpd.de,NA
ABR922106363400,WPA3 GmbH ＆ Co. KG,GmbH & Co. KG,Talmühle,1,Buchen,74722,NA,NA
ABR915591329280,Solar Niederer Fläming GmbH ＆ Co. KG,GmbH & Co. KG,Wahlsdorf,135,Dahme,15936,NA,NA
ABR905285655948,UGE Borgentreich Eins GmbH ＆ Co. KG Umweltgerechte Energie,GmbH & Co. KG,Dorfstr.,20 a,Lohmen,18276,NA,NA
ABR955617285831,UGE Bronkow Nord Eins GmbH ＆ Co. KG Umweltgereche Energie,GmbH & Co. KG,Dorfstr.,20 a,Lohmen,18276,NA,NA
ABR981906106211,UGE Kemmen Drei GmbH ＆ Co. KG Umweltgereche Energie,GmbH & Co. KG,Dorfstr.,20 a,Lohmen,18276,NA,NA
ABR902355187453,GPJ Solarpark Ulrichsberg GmbH ＆ Co. KG,GmbH & Co. KG,Cecilienkoog,16,Reußenköge,25821,NA,NA
ABR955742135971,E.ON Solarpark Giengen GmbH ＆ Co. KG,GmbH & Co. KG,Arnulfstraße,203,München,80634,https://www.eon.de/de/gk/pages/flaeche-verpachten.html,NA
ABR957063689461,BEE Merseburg GmbH,GmbH,Jungfernstieg,51,Hamburg,20354,www.blueelephantenergy.com,NA
ABR979191925303,Korntauern UG＆ Co.KG,KG,Natruper Straße,18 A,Osnabrück,49076,NA,NA
ABR921823192027,Solarpark Nauen II GmbH ＆ Co. KG,GmbH & Co. KG,Ericusspitze,1,Hamburg,20457,NA,NA
ABR916324446595,Solarpark an der Elbe Pirna Betriebs,GmbH,Nentmannsdorf,79,Bahretal,01819,NA,NA
ABR991619964701,AD Riedstadt GmbH,GmbH,Yorckstraße,20,Regensburg,93049,thedillingergroup.de,NA
ABR943133475454,Bürgersolarpark Aidhausen GmbH ＆ Co. KG,GmbH & Co. KG,Bahnhofstraße,1,Haßfurt,97437,https://beg-hassberge.de,NA
ABR914438187427,GPJ Windpark Dassensen-Odagsen GmbH ＆ Co. KG,GmbH & Co. KG,Cecilienkoog,16,Reußenköge,25821,NA,NA
ABR971715440040,Heimatenergie Burgebrach GmbH,GmbH,Carl-von-Linde-Straße,38,Unterschleißheim,85716,NA,NA
ABR908774683071,TEP Pallas GmbH ＆ Co. KG,GmbH & Co. KG,Krefelder Straße,203,Aachen,52070,NA,NA
ABR939584134408,TEP Arion GmbH ＆ Co. KG,GmbH & Co. KG,Große Elbstraße,59,Hamburg,22767,NA,NA
ABR934127092498,EP4 Solar Invest 6 GmbH ＆ Co. KG,GmbH & Co. KG,Kirchenpauerstr.,26,Hamburg,20457,NA,NA
ABR966326151171,WPB Windpark Börnicke GmbH ＆ Co. KG,GmbH & Co. KG,Hallesche Straße,3,Lützen,06686,NA,NA
ABR911073692200,RWE Renewables PV Schönau GmbH,GmbH,RWE-Platz,4,Essen,45141,NA,RWE
ABR956190160690,REMA-Wind GmbH ＆ Co. KG,GmbH & Co. KG,Hauptstraße,22,Ense,59469,ee-dueser.de,NA
ABR956080114277,Solarprojekt 23 GmbH ＆ Co. KG,GmbH & Co. KG,Marie-Curie-Allee,10,Föhren,54343,NA,NA
ABR970767038243,EOG Energie GmbH,GmbH,Schloßstraße,1 a,Liebstadt,01825,NA,NA
ABR960142287953,Planungsgesellschaft Medow GmbH ＆ Co. KG,GmbH & Co. KG,Dorfstraße,1 b,Neetzow-Liepen,17391,NA,NA
ABR956594845537,trlyr2 GmbH,GmbH,Zionskirchstraße,73 A,Berlin,10119,NA,terralayr
ABR958994662431,Greenvolt Power Development GmbH,GmbH,Nymphenburger Straße,4,München,80335,NA,NA
ABR909257607669,Nordseecluster A GmbH ＆ Co. KG,GmbH & Co. KG,Drehbahn,47-48,Hamburg,20354,NA,NA
ABR962740327208,UGE Farnstädt Eins GmbH ＆ Co. KG Umweltgerechte Energie,GmbH & Co. KG,Dorfstr.,20 a,Lohmen,18276,NA,NA
ABR910157888690,UGE Großneuhausen Zwei GmbH ＆ Co. KG Umweltgereche Energie,GmbH & Co. KG,Dorfstr.,20 a,Lohmen,18276,NA,NA
ABR935329428009,UGE Görlsdorf GmbH ＆ Co. KG Umweltgerechte Energie,GmbH & Co. KG,Dorfstr.,20 a,Lohmen,18276,NA,NA
ABR980578732711,KWE Windpark Meyenburg Drei GmbH ＆ Co. KG,GmbH & Co. KG,Dorfstr.,20 a,Lohmen,18276,NA,NA
ABR977662831313,Bürgerwindpark Sinningen 2 GmbH ＆ Co. KG,GmbH & Co. KG,Im Bioenergiepark,1,Saerbeck,48369,NA,NA
ABR946031714007,WTW Windpark Tempelfelde-Willmersdorf IV GmbH ＆ Co. KG,GmbH & Co. KG,Ringstraße,15,Bernau,16321,NA,NA
ABR952050950791,Vattenfall Solar Silberstedt GmbH,GmbH,Amerigo-Vespucci-Platz,2,Hamburg,20457,NA,NA
ABR993612869106,Anumar Solarpark Dielkirchen GmbH ＆ Co. KG,GmbH & Co. KG,Haunwöhrer Straße,21,Ingolstadt,85051,NA,NA
ABR970279225391,solargrün Schmidthachenbach GmbH ＆ Co. KG,GmbH & Co. KG,Klostertor,1,Hamburg,20097,NA,NA
ABR908664402423,PROKON Windpark Fleetmark III GmbH ＆ Co. KG,GmbH & Co. KG,Kirchhoffstraße,3,Itzehoe,25524,https://www.prokon.energy/de,NA
ABR932471334189,wpd Windpark Ovelgönne GmbH ＆ Co. KG,GmbH & Co. KG,Stephanitorsbollwerk,3,Bremen,28217,NA,NA
ABR977867484703,Maka Projekt GmbH ＆ Co KG,GmbH & Co. KG,Im Galgengrund,18,Brakel,33034,NA,NA
ABR993546236708,Solarpark Schadewohl GmbH ＆ Co. KG,GmbH & Co. KG,Friedrichstraße,200,Berlin,10117,NA,NA
ABR950899855574,Windpark Frielendorf-Dorheim GmbH ＆ Co. KG,GmbH & Co. KG,Schönsteiner Straße,23,Gilserberg,34630,www.iterra-energy.de,NA
ABR936669412710,Hegauwind - Brand GmbH ＆ Co. KG,GmbH & Co. KG,Marktstraße,1,Tengen,78250,NA,NA
ABR949142416259,Windpark Witzeeze-Wangelau GmbH ＆ Co. KG,GmbH & Co. KG,Stephanitorsbollwerk,3,Bremen,28217,www.wpd.de,NA
ABR916992935926,Windpark Kühlsen GbR,GbR,Vattmannstraße,3,Paderborn,33100,NA,NA
ABR933523227343,wpd Windpark Ostervesede GmbH ＆ Co. KG,GmbH & Co. KG,Stephanitorsbollwerk,3,Bremen,28217,www.wpd.de,NA
ABR992354278689,Windpark Neuvrees Projektierungs GmbH ＆ Co. KG,GmbH & Co. KG,Feldstraße,4,Friesoythe,26169,NA,NA
ABR960774467846,Windpark Niederlungwitz Struktur GmbH ＆ Co. KG,GmbH & Co. KG,Waldenburger Straße,10 a,Glauchau,08371,NA,NA
ABR902784078414,Landvolk-Dienstleistungsgesellschaft Grafschaft Diepholz mbH,GmbH,Galtener Straße,18,Sulingen,27232,https://www.landvolk-diepholz.de/windenergie-in-der-region,NA
ABR914690640753,VenSol Solarpark Rothtal III GmbH ＆ Co. KG,GmbH & Co. KG,Marktplatz,2,Babenhausen,87727,NA,NA
ABR932791757668,innoVent WP Borlinghausen,GmbH & Co. KG,Oldenburger Straße,49,Varel,26316,www.innovent.eu,NA
ABR994273320142,CGE Windpark Karlshof GmbH ＆ Co. KG,GmbH & Co. KG,Budapester Straße,35,Berlin,10787,NA,NA
ABR966967092024,Windpark Pattern GmbH ＆ Co. KG,GmbH & Co. KG,Lombardenstraße,12 /22,Aachen,52070,NA,NA
ABR931204176225,Windpark GmbH ＆ Co. Beckeln KG,GmbH & Co. KG,Holzweg,87,Aurich,26605,NA,NA
ABR917558331398,Windpark Wippershainer Höhe I GmbH,GmbH,Unter den Linden,21,Berlin,10117,NA,NA
ABR977280905571,Solarpark Passow 2 GmbH ＆ Co. KG,GmbH & Co. KG,Gewerbepark Garham,6,Hofkirchen,94544,NA,NA
ABR977431799523,Windenergie Bonenburg/Scherfede GmbH ＆ Co. KG,GmbH & Co. KG,Briloner Straße,70,Warburg,34414,NA,NA
ABR941424982292,wpd Windpark Bokel-Ellerdorf Erweiterung GmbH ＆ Co. KG,GmbH & Co. KG,Stephanitorsbollwerk,3,Bremen,28217,NA,NA
ABR901807613175,Bürgerwindenergie Birkach 2 GmbH ＆ Co. KG,GmbH & Co. KG,Neue Straße,17 a,Markt Erlbach,91459,www.wust-wind-sonne.de,NA
ABR938914817486,Windpark Packendorfer Teich GmbH ＆ Co. KG,GmbH & Co. KG,Stephanitorsbollwerk,3,Bremen,28217,www.wpd.de,NA
ABR968610082079,wpd Windpark Nr. 440 GmbH ＆ Co. KG,GmbH & Co. KG,Stephanitorsbollwerk,3,Bremen,28217,NA,NA
ABR976178928265,enercity Solarpark Baddeckenstedt- Binder GmbH ＆ Co. KG,GmbH & Co. KG,Nessestraße,24,Leer,26789,NA,NA
ABR968993683368,WIND-projekt GmbH ＆ Co. 45. Betriebs-KG,GmbH & Co. KG,Seestr.,71 a,Börgerende,18211,NA,NA
ABR998380000331,Lorica Windpark Gammelby GmbH ＆ Co. KG,GmbH & Co. KG,Mühlenholzer Weg,1,Winnemark,24398,NA,NA
ABR918112960054,Bürgerwindenergie Eggensee-Wulkersdorf GmbH ＆ Co. KG,GmbH & Co. KG,Neue Straße,17 a,Markt Erlbach,91459,www.wust-wind-sonne.de,NA
ABR930085492219,wpd Windpark Dreihausen GmbH ＆ Co. KG,GmbH & Co. KG,Stephanitorsbollwerk,3,Bremen,28217,NA,NA
ABR955286968165,Repowering Windpark Listrup GmbH ＆ Co. KG,GmbH & Co. KG,Lingener Straße,20,Lünne,48480,NA,NA
ABR961445761652,Energiepark Beckum GmbH ＆ Co. KG,GmbH & Co. KG,Roland,1,Beckum,59269,NA,NA
ABR919688739471,ABO Wind Windpark 5 GmbH ＆ Co. KG,GmbH & Co. KG,Oberdorfstraße,10,Ingelheim,55262,NA,NA
ABR965660541112,WP Ovelgönne-Culturweg GmbH＆Co.KG,GmbH & Co. KG,Mansholter Straße,30,Wiefelstede,26215,NA,NA
ABR978964884700,LVL Windenergie Barntrup GmbH ＆ Co. KG,GmbH & Co. KG,Mittelstraße,38,Barntrup,32683,NA,NA
ABR911513308852,Windpark Milte GmbH ＆ Co. KG,GmbH & Co. KG,Cecilienkoog,16,Reußenköge,25821,NA,NA
ABR904953826697,Windenergie Hoetmar Freckenhorst GmbH ＆ Co. KG,GmbH & Co. KG,Lentrup,7,Warendorf,48231,NA,NA
ABR931999105912,ABO Energy Windpark 18 GmbH ＆ Co. KG,GmbH & Co. KG,Oberdorfstraße,10,Ingelheim,55262,NA,NA
ABR952611457707,wpd Windpark Jatznick GmbH ＆ Co. KG,GmbH & Co. KG,Stephanitorsbollwerk,3,Bremen,28217,www.wpd.de,NA
ABR956146318410,GPJ Windpark Travenhorst GmbH ＆ Co. KG,GmbH & Co. KG,Cecilienkoog,16,Reußenköge,25821,NA,NA
ABR948408775192,Windenergie Marbecker Brook GbR,GbR,Essriege,23,Borken,46325,NA,NA
ABR928721074936,Wibberich Windenergie GmbH ＆ Co. KG,GmbH & Co. KG,Halene-Kampen,55,Ahlen,59227,NA,NA
ABR929715933925,Windstrom Schwarzwaldhochstraße GmbH ＆ CO.KG,GmbH & Co. KG,Lotzbeckstraße,45,Lahr,77933,NA,NA
ABR969961352101,Vendo Solar Park Walsrode GmbH ＆ Co. KG,GmbH & Co. KG,Haferkamp,3,Merzen,49586,www.vendo-solar.de,NA
ABR929999154733,Weseke-Ost Wind GmbH ＆ Co.KG,GmbH & Co. KG,Kotten Büsken,38,Borken,46325,NA,NA
ABR953172667574,Windpark Siegfriedeiche Nord GmbH ＆ Co. KG,GmbH & Co. KG,Wertherbrucher Straße,13,Rees,46459,NA,NA
ABR932308562334,EE Sarma ApS ＆ Co. KG,Sonstige,Dieselstraße,4,Husum,25813,www.europeanenergy.de,NA
ABR924491205242,ABO Wind WP Karenz GmbH ＆ Co. KG,GmbH & Co. KG,Oberdorfstraße,10,Ingelheim,55262,NA,NA
ABR954693416726,Windpark Steinheim-Rolfzen GmbH ＆ Co. KG,GmbH & Co. KG,Waldstraße,55,Steinheim,32839,NA,NA
ABR922308687090,Zero Emission People Windpark Etschberg GmbH ＆ Co. KG,GmbH & Co. KG,Am Hauptbahnhof,4,Mülheim,45468,NA,NA
ABR963026940685,FEH Solarpark 53 GmbH ＆ Co. KG,GmbH & Co. KG,Ginnheimer Straße,4,Eschborn,65760,www.frankfurt-energy.de,NA
ABR944771558806,Dorenfeld Wind GmbH ＆ Co. KG,GmbH & Co. KG,Bleking,8,Velen,46342,NA,NA
ABR970423110733,Bürgerwind Ammert GmbH ＆ Co. KG,GmbH & Co. KG,Wext,12,Heek,48619,NA,NA
ABR943395077038,Bismarck Wind GmbH ＆ Co.KG,GmbH & Co. KG,An der Landstraße,6,Sassen-Trantow,17121,NA,NA
ABR973783193897,Deutsche Windtechnik GmbH ＆ Co. KG,GmbH & Co. KG,Stephanitorsbollwerk,1,Bremen,28217,NA,NA
ABR980659966790,WEA Wundersleben Nord 1 GmbH ＆ Co. KG,GmbH & Co. KG,Florian-Geyer-Straße,2,Wundersleben,99610,NA,NA
ABR902361822683,BürgerEnergie Geldern Nord GmbH ＆ Co. KG,GmbH & Co. KG,Wertmannsweg,18,Geldern,47608,NA,NA
ABR993421621421,Aigner Energy GmbH＆Co.KG,GmbH & Co. KG,Putting,1,Wurmannsquick,84329,NA,NA
ABR954649590876,FL SOLAR GmbH ＆ Co. KG,GmbH & Co. KG,Streitweg,1 b,Hardheim,74736,NA,NA
ABR926751345859,Bürgersolarpark Niederelsungen GmbH ＆ Co. KG,GmbH & Co. KG,Brückenstraße,15 A,Wolfhagen,34466,NA,NA
ABR904858237413,Windpower Berching Solar GmbH ＆ Co. KG,GmbH & Co. KG,Wackersberg,4,Berching,92334,NA,NA
ABR969128945924,Solarpark Petershagen West GmbH ＆ Co. KG,GmbH & Co. KG,Bahnhofstraße,55,Eggolsheim,91330,NA,NA
ABR991034584218,EE Bürgerenergie Bühlerzell GmbH ＆ Co. KG,GmbH & Co. KG,Heilberger Straße,4,Bühlerzell,74426,NA,NA
ABR958763026891,Windpark Weede GmbH ＆ Co. KG,GmbH & Co. KG,Stahltwiete,21 a,Hamburg,22761,NA,NA
ABR950407720899,APV Schwarzholz,GmbH & Co. KG,VEG,2,Hohenberg-Krusemark,39596,www.fefa-wind.de,NA
ABR956101389820,Solarpark Wernberg-Köblitz II GmbH ＆ Co. KG,GmbH & Co. KG,Höherweg,100,Düsseldorf,40233,NA,NA
ABR971593236841,Neue Energie Markt Flachslanden UG,UG (haftungsbeschränkt),Schulstraße,2,Flachslanden,91604,NA,NA
ABR951181014105,WestfalenWIND Etteln Ost GmbH ＆ Co. KG,GmbH & Co. KG,Vattmannstraße,6,Paderborn,33100,www.westfalenwind.de,NA
ABR932926516955,LEAG Clean Power GmbH,GmbH,Leagplatz,1,Cottbus,03050,NA,EPH
ABR932367683483,TS Carry 3 GmbH,GmbH,Siemensstraße,7,Tauberbischofsheim,97941,NA,NA
ABR958270140479,GREE Waabs Nord GmbH ＆ Co. KG,GmbH & Co. KG,Windmühlenberg,NA,Sehestedt,24814,NA,NA
ABR992151437579,VSB Solarpark Löberitz GmbH ＆ Co. KG,GmbH & Co. KG,Schweizer Straße,3 a,Dresden,01069,NA,NA
ABR992409422142,MoveOn Energy GmbH,GmbH,Glück-Auf-Strasse,35/37,Neukieritzsch,04575,https://www.moveon-energy.de/,NA
ABR960539438715,ENERPARC Solar Invest 230 TU 6 GmbH ＆ Co. KG,GmbH & Co. KG,Kirchenpauerstr.,26,Hamburg,20457,NA,NA
ABR970250927511,Windpark Oelerse X GmbH ＆ Co. KG,GmbH & Co. KG,Am Torfstich,11,Edemissen,31234,NA,NA
ABR995701069718,Windanker GmbH,GmbH,Charlottenstraße,63,Berlin,10117,www.iberdrola.de,NA
ABR958570754338,ZPV GmbH ＆ Co. KG,GmbH & Co. KG,Berliner Straße,21,Trebgast,95367,https://www.zpv.solar/,NA
ABR939483018113,PV Stebbach Bürgersolarpark GmbH ＆ Co. KG,GmbH & Co. KG,Schmidhamer Straße,22,Traunstein,83278,NA,NA
ABR994828577205,ENERPARC Solar Invest 155 GmbH,GmbH,Kirchenpauerstr.,26,Hamburg,20457,NA,NA
ABR912113980998,innoVent WP Tange GmbH ＆ Co. KG,GmbH & Co. KG,Oldenburger Straße,49,Varel,26316,NA,NA
ABR979129057342,Bürgerwind Heek-Strönfeld GmbH ＆ Co. KG,GmbH & Co. KG,Callenbeck,8,Heek,48619,NA,NA
ABR906999720960,RS Kentzlin GmbH,GmbH,Rosenstraße,2,Berlin,10178,NA,NA
ABR960032724025,WEPA Deutschland GmbH,GmbH & Co. KG,Rönkhauser Straße,26,Arnsberg,59757,NA,NA
ABR934515925575,PV Klosterheide GmbH ＆ Co. KG,GmbH & Co. KG,Balanstraße,73,München,81541,https://tion-renewables.com/de/home/,NA
ABR914181392161,Anumar Solarpark Parsberg GmbH ＆ Co. KG,GmbH & Co. KG,Haunwöhrer Straße,21,Ingolstadt,85051,NA,NA
ABR962767237566,Hermann Braig Entsorgungsfachbetrieb,e.K.,Friedrich-List-Straße,16,Senden,89250,NA,NA
ABR939731221630,Windkraft Schirl Frankenbach GmbH ＆ Co. KG,GmbH & Co. KG,Schirl,24,Ostbevern,48346,NA,NA
ABR904368548719,ENERPARC Solar Invest 239 TU 2 GmbH ＆ Co. KG,GmbH & Co. KG,Kirchenpauerstr.,26,Hamburg,20457,NA,NA
ABR994832481666,Solarpark Herzogenrath GmbH ＆ Co. KG,GmbH & Co. KG,Lombardenstraße,12 /22,Aachen,52070,NA,NA
ABR988990953677,Anumar Solarpark Laimerstadt II GmbH ＆ Co. KG,GmbH & Co. KG,Haunwöhrer Straße,21,Ingolstadt,85051,NA,NA
ABR930406269315,Anumar Solarpark Ludwigsmoos II GmbH ＆ Co. KG,GmbH & Co. KG,Haunwöhrer Straße,21,Ingolstadt,85051,NA,NA
ABR928508864644,Solarpark Kösching GmbH ＆ Co. KG,GmbH & Co. KG,Höherweg,100,Düsseldorf,40233,NA,NA
ABR955471044155,ABO Energy Windpark 21 GmbH＆ Co. KG,GmbH & Co. KG,Oberdorfstraße,10,Ingelheim,55262,NA,NA
ABR989448962265,Windpark Auf der Sange GmbH,GmbH,Stephanitorsbollwerk,3,Bremen,28217,NA,NA
ABR924102861270,Anthornshook Bürgerwind GmbH ＆ Co. KG,GmbH & Co. KG,Ahle,12,Heek,48619,NA,NA
ABR987073635714,WP Herbergen GmbH ＆ Co. KG,GmbH & Co. KG,Lastruper Straße,14,Essen,49632,NA,NA
ABR981012087725,NewDev Solarpark Tiste ApS ＆ Co. KG,GmbH & Co. KG,Dieselstraße,4,Husum,25813,NA,NA
ABR924000638912,NaGa Solarpark Manschnow GmbH ＆ Co. KG,GmbH & Co. KG,Oeder Weg,113,Frankfurt,60318,NA,NA
ABR930219259350,Sonnengipfel Kleintirol GmbH ＆ Co. KG,GmbH & Co. KG,Talstraße,28,Augustusburg,09573,NA,NA
ABR952336539504,NaGa Solarpark Gorgast GmbH ＆ Co. KG,GmbH & Co. KG,Oeder Weg,113,Frankfurt,60318,NA,NA
ABR972052128387,Windenergie Auf dem Wiehorn GmbH ＆ Co. KG,GmbH & Co. KG,Graf-Zeppelin-Straße,69,Bad Wünnenberg,33181,NA,NA
ABR928007355179,Anumar Solarpark Pöttmes-Schnellmannskreuth GmbH ＆ Co. KG,GmbH & Co. KG,Haunwöhrer Straße,21,Ingolstadt,85051,NA,NA
ABR978361729901,Münch Naturepower GmbH ＆ Co. KG,GmbH & Co. KG,Energiepark,1,Rugendorf,95365,NA,NA
ABR991568849807,Münch eMergy GmbH ＆ Co. KG,GmbH & Co. KG,Gössersdorf,11,Weißenbrunn,96369,NA,NA
ABR966183002241,Bürgersolarpark Priesendorf GmbH ＆ Co. KG,GmbH & Co. KG,Schallfelder Straße,11,Lülsfeld,97511,NA,NA
ABR928890772992,Bürgersolarpark Priesendorf II GmbH ＆ Co. KG,GmbH & Co. KG,Schallfelder Straße,11,Lülsfeld,97511,NA,NA
ABR921674612224,Münch Green Power GmbH ＆ Co. KG,GmbH & Co. KG,Energiepark,1,Rugendorf,95365,NA,NA
ABR926408095793,WP Röhrengrund GmbH ＆ Co. KG,GmbH & Co. KG,Graf-Zeppelin-Straße,69,Bad Wünnenberg,33181,NA,NA
ABR915286122073,Solarpark Rieda GmbH ＆ Co. KG,GmbH & Co. KG,Maria-Birnbaum-Straße,20,Sielenbach,86577,NA,NA
ABR921887562576,Windpark Raßlitz II GmbH ＆ Co. KG,GmbH & Co. KG,Große Elbstraße,59,Hamburg,22767,NA,NA
ABR980167026870,Bürgersolarpark Darstadt GmbH ＆ Co. KG,GmbH & Co. KG,Schmidhamer Straße,22,Traunstein,83278,NA,NA
ABR973117742999,REG.EN nulleins GmbH ＆ Co.KG,GmbH & Co. KG,In Bolz,1,Treis-Karden,56253,NA,NA
ABR977285065065,Frisia Consulting GmbH ＆ Co. 1. Windpark KG,GmbH & Co. KG,Braunsberger Straße,17,Emden,26725,NA,NA
ABR911222671759,Bürgerwind Nordwalde GmbH ＆ Co. KG,GmbH & Co. KG,Suttorf,81,Nordwalde,48356,NA,NA
ABR949716379133,PV Samtens GmbH ＆ Co. KG,GmbH & Co. KG,Schmidhamer Straße,22,Traunstein,83278,NA,NA
ABR994759037175,ENERPARC Solar Invest 230 TU 27 GmbH ＆ Co. KG,GmbH & Co. KG,Kirchenpauerstr.,26,Hamburg,20457,NA,NA
ABR942441428305,Solarpark Stüdenitz GmbH ＆ Co. KG,GmbH & Co. KG,Stahltwiete,21 a,Hamburg,22761,NA,NA
ABR983910744571,WP Ellwanger Berge Projekt III GmbH ＆ Co.KG,GmbH & Co. KG,Schlierbacher Straße,2,Kirchheim,73230,www.w-i-n-d-energien.de,NA
ABR955797461315,BVT Windpark Emlichheim 2 GmbH ＆ Co. KG,GmbH & Co. KG,Gewerbestraße,1,Laar,49824,NA,NA
ABR992435804691,Stadtwerke Neumarkt i.d.Opf. SonnenStark GmbH,GmbH,Ingolstädter Straße,18,Neumarkt,92318,NA,NA
ABR920024798922,Greeno Solarprojekt 85 GmbH ＆ Co. KG,GmbH & Co. KG,Fürther Straße,252,Nürnberg,90429,NA,NA
ABR923440716761,Greeno Solar Posterstein GmbH ＆ Co. KG,GmbH & Co. KG,Fürther Straße,252,Nürnberg,90429,NA,NA
ABR980167927481,ABO Energy WP Unna-Steinen GmbH ＆ Co. KG,GmbH & Co. KG,Oberdorfstraße,10,Ingelheim,55262,NA,NA
ABR902220317183,ABO Wind WP Engden GmbH ＆ Co. KG,GmbH & Co. KG,Oberdorfstraße,10,Ingelheim,55262,NA,NA
ABR966728089812,ENERPARC Solar Invest 230 TU 15 GmbH ＆ Co. KG,GmbH & Co. KG,Kirchenpauerstr.,26,Hamburg,20457,NA,NA
ABR906374589793,EWS Solarpark Baar GmbH ＆ Co. KG,GmbH & Co. KG,Friedrichstraße,53,Schönau,79677,NA,NA
ABR971205257660,RE Solarpark Erftstadt GmbH ＆ Co. KG,GmbH & Co. KG,Bismarckstraße,16,Düren,52351,NA,NA
ABR927068358389,Windpark Breitenfelde Süd GmbH ＆ Co. KG,GmbH & Co. KG,Hugh-Greene-Weg,2,Hamburg,22529,NA,NA
ABR935731261713,e3 WP Wasbek-Ehndorf Betriebs GmbH ＆ Co. KG,GmbH & Co. KG,Swarten Pohl,4 a,Ehndorf,24647,NA,NA
ABR962786524241,Energiepark Weitzmühlen GmbH ＆ Co. KG,GmbH & Co. KG,Kornkamp,52,Aurich,26605,NA,NA
ABR906320147411,SL Windpark Ahlen GmbH ＆ Co. KG,GmbH & Co. KG,Voßbrinkstraße,67,Gladbeck,45966,www.sl-naturenergie.com,NA
ABR958060585749,Solarpark Wollomoos GmbH ＆ Co. KG,GmbH & Co. KG,Maria-Birnbaum-Straße,20,Sielenbach,86577,NA,NA
ABR941301088116,WP Gehlenberg Repowering GmbH ＆ Co. KG,GmbH & Co. KG,Hauptstraße,44,Zossen,15806,NA,NA
ABR904243910815,Windpark Halsberg GmbH ＆ Co. KG,GmbH & Co. KG,Bahnhofstraße,98,Bad Arolsen,34454,NA,NA
ABR930924800274,Windpark Burghaun GmbH,GmbH,Gesandtenstraße,3,Regensburg,93047,NA,NA
ABR985727105828,juwi Wind Germany 264 GmbH ＆ Co. KG,GmbH & Co. KG,Energie-Allee,1,Wörrstadt,55286,NA,NA
ABR998002347530,LHI EE Invest WP Sassenberg 2724 GmbH & Co. KG,GmbH & Co. KG,Emil-Riedl-Weg,6,Pullach,82049,NA,NA
ABR949076866342,East Energy PV Klevenow GmbH ＆ Co. KG,GmbH & Co. KG,Goethestr.,19,Rostock,18055,NA,NA
ABR941615518163,East Energy PV Werle GmbH ＆ Co. KG,GmbH & Co. KG,Goethestr.,19,Rostock,18055,NA,NA
ABR987294149496,Windpark Nieder-Schleidern GmbH ＆ Co. KG,GmbH & Co. KG,Lombardenstraße,12 /22,Aachen,52070,NA,NA
ABR949839063384,Solarpark Ehreshoven GmbH ＆ Co. KG,GmbH & Co. KG,Unter der Tränke,1,Wanfried,37281,NA,NA
ABR935681390433,KuW Vermögensverwaltung GmbH,GmbH,Feldscheide,3,Sehestedt,24814,NA,NA
ABR954060999982,Baumke GmbH ＆ Co.KG,GmbH & Co. KG,Hewingser Straße,10,Ense,59469,NA,NA
ABR991639911532,Windpark Frielendorf-Waltersberg GmbH ＆ Co. KG,GmbH & Co. KG,Leihgesterner Weg,35-37,Gießen,35392,www.iterra-energy.de,NA
ABR921361010906,Trianel Windpark Sundern GmbH ＆ Co. KG,GmbH & Co. KG,Krefelder Straße,203,Aachen,52070,www.trianel-erneuerbare.de,NA
ABR995793818850,Sundern ENERGIE Windpark I GmbH ＆ Co. KG,GmbH & Co. KG,Krefelder Straße,203,Aachen,52070,www.trianel-erneuerbare.de,NA
ABR970023203286,East Energy PV Wiendorf GmbH ＆ Co.KG,GmbH & Co. KG,Goethestr.,19,Rostock,18055,NA,NA
ABR957268680263,Windpark Damitzow GmbH ＆ Co. KG,GmbH & Co. KG,Stephanitorsbollwerk,3,Bremen,28217,NA,NA
ABR941735005475,Bürgerwindpark Oederquart Erschließungsgesellschaft mbH ＆ Co Wischhafen KG,GmbH & Co. KG,Dorfstraße,57,Oederquart,21734,NA,NA
ABR965698115309,CGE Windpark Ringgau GmbH ＆ Co. KG,GmbH & Co. KG,Budapester Straße,35,Berlin,10787,NA,NA
ABR926222717024,East Energy PV Rostock GmbH ＆ Co.KG,GmbH & Co. KG,Goethestr.,19,Rostock,18055,NA,NA
ABR943665747388,Energiepark Elsdorf WP Frankeshoven GmbH ＆ Co. KG,GmbH & Co. KG,Stresemannstraße,46,Bremerhaven,27570,NA,NA
ABR949245215742,Universitätsklinikum Heidelberg,Anstalt des öffentlichen Rechts,Im Neuenheimer Feld,672,Heidelberg,69120,NA,NA
ABR903744899636,Energiepark Elsdorf WP Tollhausen GmbH ＆ Co. KG,GmbH & Co. KG,Stresemannstraße,46,Bremerhaven,27570,NA,NA
ABR968863143114,Windenergie Mitwick GmbH ＆ Co. KG,GmbH & Co. KG,Schloßpark,1,Dülmen,48249,NA,NA
ABR909223500895,Agri PV Beeren-Sonne GmbH ＆ Co. KG,GmbH & Co. KG,Benninghauser Straße,1,Wadersloh,59329,NA,NA
ABR947151882928,Energiegenossenschaft Kevelaerer Heide eG,eG,Keylaer,59,Kevelaer,47623,NA,NA
ABR924777485047,Bürgerwind Erler Lohr GmbH ＆ Co. KG,GmbH & Co. KG,Wehler Straße,7,Raesfeld,46348,NA,NA
ABR978755979103,PROKON Windpark Affeln GmbH ＆ Co. KG,GmbH & Co. KG,Kirchhoffstraße,3,Itzehoe,25524,www.prokon.energy,NA
ABR903160560455,2. Grünstrom PV UG ＆ Co. KG,UG (haftungsbeschränkt) & Co. KG,Rhönstraße,20,Wiemersdorf,24649,NA,NA
ABR973299283655,Raiffeisen Windpark Saterland GmbH,GmbH,Hauptstraße,266,Saterland,26683,NA,NA
ABR905158471972,Herzo-Windpark Süd01 GmbH ＆ Co. KG,GmbH & Co. KG,Schießhausstraße,9,Herzogenaurach,91074,NA,NA
ABR938644745448,Dense-Wind GmbH ＆ Co. KG,GmbH & Co. KG,Gennernbach,60,Bad Laasphe,57334,www.wittgenstein-wind.de,NA
ABR924501771224,Deutsche WindXperts 10. GmbH ＆ Co. KG,GmbH & Co. KG,Bahnhofstraße,8,Albersdorf,25767,www.deutsche-windxperts.de,NA
ABR946798486612,Windenergie Thüle GmbH ＆ Co. KG,GmbH & Co. KG,Auf dem Sande,6,Friesoythe,26169,NA,NA
ABR963620964605,Energiepark Hochstätten Plus GmbH ＆ Co. KG,GmbH & Co. KG,Jahnstraße,28,Lambsheim,67245,www.gaia-mbh.de,NA
ABR990433555492,Energiepark am Gewerbegebiet GmbH ＆ Co. KG,GmbH & Co. KG,August-Wedemeyer-Straße,12,Ovelgönne,26939,NA,NA
ABR991527048326,WP Warburg II GmbH ＆ Co. KG,GmbH & Co. KG,Oberdorfstraße,10,Ingelheim,55262,NA,NA
ABR918301828912,SUNCATCHER Kerzlin GmbH,GmbH,Lennéstraße,5,Berlin,10785,NA,NA
ABR991798865622,Windpark Abbenhausen GmbH ＆ Co. KG,GmbH & Co. KG,Stephanitorsbollwerk,3,Bremen,28217,NA,NA
ABR971583815308,Windpark Mehlbach GmbH ＆ Co. KG,GmbH & Co. KG,Stephanitorsbollwerk,3,Bremen,28217,NA,NA
ABR998862099334,Windpark Heydenhof - Neu Plötz Betriebs GmbH ＆ Co. KG,GmbH & Co. KG,Dorfstraße,50,Kruckow,17129,NA,NA
ABR938766257898,Bürgerwindenergie Burghaslach GmbH ＆ Co. KG,GmbH & Co. KG,Neue Straße,17 a,Markt Erlbach,91459,NA,NA
ABR974733876631,TSL Projektierungs- und Verwaltungs-GmbH,GmbH & Co. KG,Im Wickentrup,4,Wadersloh,59329,NA,NA
ABR934638879540,PV Lako Angern GmbH ＆ Co. KG,GmbH & Co. KG,Loitscher Weg,5,Angern,39326,www.envitec-wind-solar.de,NA
ABR963483414378,PEE3 GmbH ＆ Co. KG,GmbH & Co. KG,Schwetzinger Straße,22-26,Waghäusel,68753,https://profine.energy/profine-energy-entwicklung/,NA
ABR952192174086,innoVent WP Nordwalde,GmbH & Co. KG,Oldenburger Straße,49,Varel,26316,www.innoVent.eu,NA
ABR989575879061,Tibo Photovoltaik Gottesgabe GmbH ＆ Co. KG,GmbH & Co. KG,Bahnhofstraße,24,Neutrebbin,15320,www.envitec-wind-solar.de,NA
ABR952730231028,Energiepark Rohrbach GmbH ＆ Co. KG,GmbH & Co. KG,Bahnhofstraße,48,Rohrbach,85296,NA,NA
ABR992400909772,Tibo Solar Oderland GmbH,GmbH,Bahnhofstraße,24,Neutrebbin,15320,www.envitec-wind-solar.de,NA
ABR977545403224,Windpark Brakel West GmbH ＆ Co. KG,GmbH & Co. KG,Renker Weg,1,Bad Lippspringe,33175,NA,NA
ABR985313994911,Bürger-Wind Jesenwang GmbH ＆ Co.KG,GmbH & Co. KG,Angerbrunnenstraße,12,Freising,85356,www.beg-fs.de,NA
ABR913828044937,juwi Wind Germany 267 GmbH ＆ Co. KG,GmbH & Co. KG,Energie-Allee,1,Wörrstadt,55286,NA,NA
ABR964252174417,meridian Windpark Bucha III GmbH ＆ Co.KG,GmbH & Co. KG,Schützenstraße,2,Suhl,98527,www.meridian-energy.de,NA
ABR956191733725,Bürgerwind Zum Himmelreich GmbH ＆ Co. KG,GmbH & Co. KG,Friedrich-Wilhelm-Weber-Straße,4 c,Oelde,59302,NA,NA
ABR940900749190,Toerring Green Energy GmbH ＆ Co. KG,GmbH & Co. KG,Graf-Toerring-Seefeld-Straße,7,Seefeld,82229,NA,NA
ABR937949342741,Projektentwicklungsgesellschaft Vierkirchner Holz GmbH,GmbH,Rathausplatz,1,Röhrmoos,85244,NA,NA
ABR992730579232,Windpark Protzen GmbH ＆ Co. KG,GmbH & Co. KG,Dorfstraße,53,Nietwerder,16816,NA,NA
ABR989855706896,EnergieGemeinschaft Hülsterholt GmbH ＆ Co. KG,GmbH & Co. KG,Surendorf,11,Reken,48734,NA,NA
ABR930536774772,Windpark GmbH ＆ Co. Groß Voigtshagen KG,GmbH & Co. KG,Holzweg,87,Aurich,26605,www.alterric.com,NA
ABR998214791756,Windenergie Steggerhook Werk 1 GmbH ＆ Co. KG,GmbH & Co. KG,Estern,8,Gescher,48712,NA,NA
ABR942569336964,WEAG Windpark Mandern GmbH,GmbH,Niederkell,16,Mandern,54429,NA,NA
ABR973257891137,Bürgerwind Vossenbülten GmbH ＆ Co. KG,GmbH & Co. KG,Eschstraße,116,Velen,46342,NA,NA
ABR943625350214,ET Solar Gallin-Kuppentin,GmbH,Lange Str.,9 ,Gallin-Kuppentin,19386,NA,NA
ABR929462120418,PIONEXT Solarpark Lonsheim GmbH & Co.KG,GmbH & Co. KG,Otto-Lilienthal-Straße,2,Alzey,55232,https://www.pionext.de/,NA
ABR955277615870,MJ 11. Solarbetriebsgesellschaft,GmbH & Co. KG,Burgstall,2,Moos,94554,NA,NA
ABR952263134964,LandGut Energie,GmbH & Co. KG,Kirchstraße,12,Buchhofen,94533,NA,NA
ABR913803785305,Somikon Zukunftsenergie 8 GmbH ＆ Co. KG,GmbH & Co. KG,Krummland,17,Schönkirchen,24232,www.kgal.de,NA
ABR947878427648,Somikon Zukunftsenergie 9 GmbH ＆ Co. KG,GmbH & Co. KG,Krummland,17,Schönkirchen,24232,www.kgal.de,NA
ABR920310595273,Pad-Wind GmbH ＆ Co. KG,GmbH & Co. KG,Gennernbach,60,Bad Laasphe,57334,www.wittgenstein-wind.de,NA
ABR936066696195,Windpark Lüben GmbH ＆ Co. KG,GmbH & Co. KG,Hauptstraße,44,Zossen,15806,NA,NA
ABR994860618744,Kyon-100 Battery Storage GmbH,GmbH,Dachauer Straße,15 B,München,80335,https://www.kyon-energy.de/,NA
ABR960029253064,Kyon-42 Battery Storage GmbH,GmbH,Dachauer Straße,15 B,München,80335,https://www.kyon-energy.de/,NA
ABR907324430387,Kyon Storage 232 GmbH,GmbH,Dachauer Straße,15 B,München,80335,https://www.kyon-energy.de/,NA
ABR957685272362,PV NVP Varel GmbH,GmbH,Tangermehdenweg,1,Varel,26316,NA,NA
ABR965941244299,PV NVP Glockenheide GmbH,GmbH,Tangermehdenweg,1,Varel,26316,NA,NA
ABR951581837830,East Energy PV Wentow GmbH ＆ Co.KG,GmbH & Co. KG,Zabelsdorfer Straße,9 A,Gransee,16775,NA,NA
ABR980211763102,Windpark SAB Helmstedter Revier I GmbH ＆ Co. Betriebs-KG,GmbH & Co. KG,Emmy-Noether-Straße,17,Itzehoe,25524,NA,NA
ABR979558227477,Windpark Altenmedingen-Römstedt GmbH ＆ Co. Betriebs-KG,GmbH & Co. KG,Emmy-Noether-Straße,17,Itzehoe,25524,NA,NA
ABR956946816512,Solarpark Fröndenberg GmbH,GmbH,Friedrich-Ebert-Straße,59,Unna,59425,NA,NA
ABR908246198904,PEE2 GmbH ＆ Co. KG,GmbH & Co. KG,Schwetzinger Straße,22-26,Waghäusel,68753,https://profine.energy/profine-energy-entwicklung/,NA
ABR918307441825,Solarpark am Airport GmbH ＆ Co.KG,GmbH & Co. KG,Schlachthofstraße,61,Memmingen,87700,NA,NA
ABR988258427018,Solarpark Geisfeld GmbH ＆ Co. KG,GmbH & Co. KG,Am Halberg,3,Saarbrücken,66121,NA,NA
ABR955809349204,VGP Renewable Energy Deutschland GmbH,GmbH,Karl-Arnold-Platz,2,Düsseldorf,40474,NA,NA
ABR941857636960,Bürgersonnenenergie Pommersfelden GmbH ＆ Co. KG,GmbH & Co. KG,Hauptstraße,11,Pommersfelden,96178,NA,NA
ABR907872387539,Solarpark Hatzenhof GmbH ＆ Co. KG,GmbH & Co. KG,Fritz-Fend-Straße,4,Regensburg,93047,NA,NA
ABR969712814827,SWS SP Ahldorf GmbH ＆ Co. KG,GmbH & Co. KG,Kesselstraße,21-23,Stuttgart,70327,NA,NA
ABR951994156597,Anumar Solarpark Winterbach RLP GmbH ＆ Co. KG,GmbH & Co. KG,Haunwöhrer Straße,21,Ingolstadt,85051,NA,NA
ABR964557926353,Anumar Solarpark Hilgertshausen-Tandern GmbH ＆ Co. KG,GmbH & Co. KG,Haunwöhrer Straße,21,Ingolstadt,85051,NA,NA
ABR994969661610,Anumar Solarpark Kühbach V GmbH ＆ Co. KG,GmbH & Co. KG,Haunwöhrer Straße,21,Ingolstadt,85051,NA,NA
ABR966001366425,Davids ＆ Solty oHG,oHG,Hommerschen,1,Geilenkirchen,52511,www.franz-davids.de,NA
ABR911237714441,Solar KH GmbH,GmbH,Im Breitspiel,6,Heidelberg,69126,NA,NA
ABR929924915705,PV Hainert GmbH ＆ Co. KG,GmbH & Co. KG,Schallfelder Straße,11,Lülsfeld,97511,NA,NA
ABR996159873315,5.DGS Energie Projekt GmbH ＆ Co. KG,GmbH & Co. KG,Thüringer Weg,6,Kernen,71394,NA,NA
ABR990981441469,Bürgerwind Roruper Berg GmbH ＆ Co. KG,GmbH & Co. KG,Hahnenkamp,13 a,Billerbeck,48727,NA,NA
ABR991843150086,Morschen-Eubach PV Betreibergesellschaft mbH ＆ Co. KG,GmbH & Co. KG,Schmidhamer Straße,22,Traunstein,83278,NA,NA
ABR968623118598,Morschen-Heina PV Betreibergesellschaft mbH ＆ Co. KG,GmbH & Co. KG,Schmidhamer Straße,22,Traunstein,83278,NA,NA
ABR932133481961,ATE Windpark Erndtebrück GmbH ＆ Co. KG,GmbH & Co. KG,Kleinoberfeld,5,Karlsruhe,76135,NA,NA
ABR991235685905,Vogelsang PV GmbH ＆ Co. KG,GmbH & Co. KG,Rosenthaler Straße,34,Berlin,10178,www.saferay.com,NA
ABR934913987328,Windpower Regenstauf 1 Solar GmbH ＆ Co. KG,GmbH & Co. KG,Prüfeninger Straße,20,Regensburg,93049,NA,NA
ABR970895808169,Solarpark Achstetten GmbH ＆ Co. KG,GmbH & Co. KG,Maria-Birnbaum-Straße,20,Sielenbach,86577,NA,NA
ABR949581990631,Solarpark Kottgeisering vier Jauchert GmbH ＆ Co. KG,GmbH & Co. KG,Schulstraße,5,Kottgeisering,82288,NA,NA
ABR979572328419,Energy Electric Marketing GmbH,GmbH,Hagenburger Straße,1,Wunstorf,31515,NA,NA
ABR900871834134,Energy 4 Heinsberg GmbH ＆ Co. KG,GmbH & Co. KG,Berliner Ring,11,Geilenkirchen,52511,NA,NA
ABR994841093331,Windpark Kleine Marsch,GmbH & Co. KG,Zur alten Wörpe,6,Lilienthal,28865,NA,NA
ABR947332209797,VSB Windpark Ufhausen GmbH ＆ Co. KG,GmbH & Co. KG,Schweizer Straße,3 a,Dresden,01069,NA,NA
ABR994746734995,Energiepark Diemelstadt GmbH ＆ Co. KG,GmbH & Co. KG,Remlin,56,Schwasdorf,17168,www.bsc-energie.de,NA
ABR939257548655,Wittstock Dosse Solar GmbH ＆ Co. KG,GmbH & Co. KG,Kapuzinerstraße,9,Rheinfelden,79618,https://www.tora-energy.com/,NA
ABR940470825270,BESS Königsee GmbH,GmbH,Falkensteiner Straße,77,Frankfurt,60322,NA,NA
ABR972989417615,Cramme Landwind 03 GmbH ＆ Co. KG,GmbH & Co. KG,Watenstedter Straße,11,Gevensleben,38384,NA,NA
ABR943471122379,Vorwald Energie Arhalm GmbH ＆ Co. KG,GmbH & Co. KG,Bertholdstraße,6,Vilshofen,94474,NA,NA
ABR979577285380,BKW Energie Deutschland GmbH,GmbH,Hauptstraße,65,Berlin,12159,NA,NA
ABR919435783320,TEP Irene GmbH ＆ Co. KG,GmbH & Co. KG,Krefelder Straße,203,Aachen,52070,NA,NA
ABR962676639147,Agri-PV Gersheim II GmbH ＆ Co. KG,GmbH & Co. KG,Franz-Meguin-Straße,10 a,Dillingen,66763,NA,NA
ABR933497356544,Sonnen Solarpark 20241 GmbH,GmbH,Derkerborn,30,Brilon,59929,NA,NA
ABR991769380185,TEP Eunomia GmbH ＆ Co. KG,GmbH & Co. KG,Krefelder Straße,203,Aachen,52070,NA,NA
ABR922000826568,Solarpark Verwaltung I GmbH,GmbH,Gartenstraße,1,Aalen,73430,NA,NA
ABR920060680380,TEP Melpomene GmbH ＆ Co. KG,GmbH & Co. KG,Krefelder Straße,203,Aachen,52070,NA,NA
ABR910058815504,Solarpark Vincenzenbronn GmbH ＆ Co. KG,GmbH & Co. KG,Energiepark,36-38,Merkendorf,91732,NA,NA
ABR903896520198,Sonnenkraft Marnitz 3 GmbH,GmbH,Ringstr.,1,Ruhner Berge,19376,NA,NA
ABR918537258415,HT clean energy GmbH,GmbH,Energiepark,36-38,Merkendorf,91732,NA,NA
ABR982419938566,JT Solar 8 GmbH ＆ Co. KG,GmbH & Co. KG,Energiepark,36-38,Merkendorf,91732,NA,NA
ABR905314360300,TEP Fortuna GmbH ＆ Co. KG,GmbH & Co. KG,Krefelder Straße,203,Aachen,52070,NA,NA
ABR979677398973,Sonnenenergie Osterhof 25 GmbH ＆ Co. KG,GmbH & Co. KG,Gotteskoogdeich,32,Galmsbüll,25899,NA,NA
ABR903769667838,Anumar Solarpark Inchenhofen GmbH ＆ Co. KG,GmbH & Co. KG,Haunwöhrer Straße,21,Ingolstadt,85051,NA,NA
ABR999697982952,Anumar Solarpark Dettelbach GmbH ＆ Co. KG,GmbH & Co. KG,Haunwöhrer Straße,21,Ingolstadt,85051,NA,NA
ABR969976569280,Anumar Solarpark Vohburg-Oberdolling GmbH ＆ Co. KG,GmbH & Co. KG,Haunwöhrer Straße,21,Ingolstadt,85051,NA,NA
ABR956990787912,KARO Energie GmbH & Co. KG,GmbH & Co. KG,Osterstraße,2,Münsterdorf,25587,NA,NA
ABR910314542595,AS Energy 3 GmbH ＆ Co. KG,GmbH & Co. KG,Leipziger Platz,15,Berlin,10117,www.greencells.com,NA
ABR999247638704,Bürgerwind Beuchte WEA 01 powered by Ebert GmbH ＆ Co. KG,GmbH & Co. KG,Oststraße,7,Schladen,38315,NA,NA
ABR941036419186,Windpark Neukammer GmbH ＆ Co. KG,GmbH & Co. KG,Stau,91,Oldenburg,26122,NA,NA
ABR927555336890,Schildau Bürgersolar GmbH,GmbH,Albert-Einstein-Straße,7,Osnabrück,49076,NA,NA
ABR997658306854,wpd Windpark Burghaun GmbH ＆ Co. KG,GmbH & Co. KG,Stephanitorsbollwerk,3,Bremen,28217,NA,NA
ABR928827783930,Anumar Solarpark Neustadt a. d. Donau GmbH ＆ Co. KG,GmbH,Haunwöhrer Straße,21,Ingolstadt,85051,NA,NA
ABR903652930414,Anumar Solarpark Mögglingen GmbH ＆ Co. KG,GmbH & Co. KG,Haunwöhrer Straße,21,Ingolstadt,85051,NA,NA
ABR906475143344,Anumar Solarpark Großmehring II GmbH ＆ Co. KG,GmbH & Co. KG,Haunwöhrer Straße,21,Ingolstadt,85051,NA,NA
ABR919956319381,Green Hedge Infra GmbH,GmbH,Novalisstraße,2,Berlin,10115,https://www.green-hedge.de/,NA
ABR982399820578,Sonnenwerk Kirchenlamitz GmbH ＆ Co. KG,GmbH & Co. KG,Energiepark,1,Rugendorf,95365,NA,NA
ABR980787362983,Münch PV-Light GmbH ＆ Co. KG,GmbH & Co. KG,Energiepark,1,Rugendorf,95365,NA,NA
ABR908393667834,MÜZ Sonnenpark Trabelsdorfer Hof GmbH ＆ Co. KG,GmbH & Co. KG,Schallfelder Straße,11,Lülsfeld,97511,NA,NA
ABR983062476153,Bürgersolarpark Priesendorf III GmbH ＆ Co. KG,GmbH & Co. KG,Schallfelder Straße,11,Lülsfeld,97511,NA,NA
ABR985623752263,ENERPARC Solar Invest 222 GmbH,GmbH,Kirchenpauerstr.,26,Hamburg,20457,NA,NA
ABR925722872707,ABO Energy Solarpark 8 GmbH ＆ Co. KG,GmbH & Co. KG,Oberdorfstraße,10,Ingelheim,55262,NA,NA
ABR965322288614,ENERPARC Solar Invest 230 TU 35 GmbH ＆ Co. KG,GmbH & Co. KG,Kirchenpauerstr.,26,Hamburg,20457,NA,NA
ABR970034193828,ENERPARC Solar Invest 230 TU 36 GmbH ＆ Co. KG,GmbH & Co. KG,Kirchenpauerstr.,26,Hamburg,20457,NA,NA
ABR909061504451,ENERPARC Solar Invest 216 GmbH,GmbH,Kirchenpauerstr.,26,Hamburg,20457,NA,NA
ABR947974162689,ENERPARC Solar Invest 230 TU 38 GmbH ＆ Co. KG,GmbH & Co. KG,Kirchenpauerstr.,26,Hamburg,20457,NA,NA
ABR983736529086,ENERPARC Solar Invest 230 TU 33 GmbH ＆ Co. KG,GmbH & Co. KG,Kirchenpauerstr.,26,Hamburg,20457,NA,NA
ABR949626561345,Solarpark Bernlohe GmbH ＆ Co. KG,GmbH & Co. KG,Friedhofstraße,4,Ellwangen,73479,NA,NA
ABR951108338956,Windpark Mehringer Höhe GmbH ＆ Co. KG,GmbH & Co. KG,Rheinstraße,43-45,Mainz,55116,NA,NA
ABR955846577202,VENDO SOLAR Park Salzbergen ll GmbH ＆ Co. KG,GmbH & Co. KG,Haferkamp,3,Merzen,49586,NA,NA
ABR901296780624,Windpark Drochtersen Repowering GmbH ＆ Co. KG,GmbH & Co. KG,Alter Weg,23,Cuxhaven,27478,NA,NA
ABR938153864852,Windenergie Löwen-Ost GmbH ＆ Co. KG,GmbH & Co. KG,Vattmannstraße,3,Paderborn,33100,NA,NA
ABR923536032409,Windpark Ammeln Süd GmbH ＆Co. KG,GmbH & Co. KG,Ammeln,111 a,Ahaus,48683,NA,NA
ABR930163458601,Solarpark Bokhorst GmbH ＆ Co. KG,GmbH & Co. KG,Dorfstraße,3 a,Aebtissinwisch,25572,NA,NA
ABR902828163656,EE Repowering Sonnblick GmbH ＆ Co. KG,GmbH & Co. KG,Schicklerstraße,5-7,Berlin,10179,NA,NA
ABR920961928659,wpd Solarpark Gerbstedt,GmbH & Co. KG,Stephanitorsbollwerk,3,Bremen,28217,https://www.wpd.de/,NA
ABR973845400888,Windenergie Middendorf GmbH ＆ Co. KG,GmbH & Co. KG,Middendorf,30,Saerbeck,48369,NA,NA
ABR991825358677,Solarpark Wachow/Niebede GmbH ＆ Co.,GmbH & Co. KG,Helmholtzstraße,2,Berlin,10587,https://www.ibvogt.com/,NA
ABR913279061811,SWO Energie Leer Nord GmbH,GmbH,Hafenstraße,6d,Leer,26789,NA,NA
ABR981360400290,Fronteris Solarpark Oberbürg GmbH ＆ Co. KG,GmbH & Co. KG,Große Elbstraße,59,Hamburg,22767,NA,NA
ABR968448080551,265. WestWind Windpark GmbH ＆ Co. KG,GmbH & Co. KG,Brinkstraße,25,Kirchdorf,27245,NA,NA
ABR944595681704,PV-Hassel GmbH ＆ Co. KG,GmbH & Co. KG,Dorfstraße,107,Hämelhausen,27324,NA,NA
ABR988972792485,Windpark Drosa II GmbH ＆ Co. KG,GmbH & Co. KG,Dorfstr.,20 a,Lohmen,18276,NA,NA
ABR965334605621,SMAREG 12 GmbH & Co. KG,GmbH & Co. KG,Einsteinring,43,Aschheim,85609,https://juniz.com/,JUNIZ
ABR943572426352,Energiepark Nideggen WP Wollersheim-Süd GmbH ＆ Co. KG,GmbH & Co. KG,Stresemannstraße,46,Bremerhaven,27570,NA,NA
ABR938028886620,KWE Windpark Herzberg Eins GmbH ＆ Co. KG,GmbH & Co. KG,Forstwiese,5,Stäbelow,18198,NA,NA
ABR920589342653,WP Groß Welle GmbH ＆ Co.KG,GmbH & Co. KG,Mittelstraße,3 B,Schönefeld,12529,NA,NA
ABR960650826453,UGE Siethen Eins GmbH ＆ Co. KG Umweltgereche Energie,GmbH & Co. KG,Dorfstr.,20 a,Lohmen,18276,NA,NA
ABR917586351566,UGE Görke GmbH ＆ Co. KG Umweltgerechte Energie,GmbH & Co. KG,Dorfstr.,20 a,Lohmen,18276,NA,NA
ABR993665808732,UGE Borgentreich Zwei GmbH ＆ Co. KG Umweltgereche Energie,GmbH & Co. KG,Dorfstr.,20 a,Lohmen,18276,NA,NA
ABR926222341793,Windpark GK-Nord GmbH ＆ Co. KG,GmbH & Co. KG,Hommerschen,NA,Geilenkirchen,52511,NA,NA
ABR910274595297,PV Leyerhof GmbH ＆ Co. KG,GmbH & Co. KG,Schmidhamer Straße,22,Traunstein,83278,NA,NA
ABR986819527467,Windpark EKM Nägelstedt Zwei GmbH ＆ Co. KG,GmbH & Co. KG,Dorfstr.,20 a,Lohmen,18276,NA,NA
ABR944100555391,ABO Energy Windpark 11 GmbH ＆ Co. KG,GmbH & Co. KG,Oberdorfstraße,10,Ingelheim,55262,NA,NA
ABR911453100608,SES Solarpark Frankenförde,UG (haftungsbeschränkt) & Co. KG,Goerzallee,299,Berlin,14167,NA,NA
ABR929631552347,Solarkraftwerk Herleshof GmbH ＆ Co. KG,GmbH & Co. KG,Wadenbrunner Straße,NA,Kolitzheim,97509,https://belectric.com/de/,NA
ABR936778242215,Windpark Willich 1 GmbH ＆ Co. KG,GmbH & Co. KG,Gießerallee,24,Willich,47877,NA,NA
ABR994222513205,Windpark Willich 3 GmbH ＆ Co. KG,GmbH & Co. KG,Gießerallee,24,Willich,47877,NA,NA
ABR913672610470,KSD 17,GmbH,Schulstraße,1,Ketzin,14669,https://www.edp.com/de/europa/deutschland,NA
ABR935275332320,8. SES-Wind Betriebs GmbH ＆ Co. KG,GmbH & Co. KG,Süstedter Dorfstraße,22,Bruchhausen-Vilsen,27305,NA,NA
ABR960318949074,RWE Renewables Zweite Beteiligungs GmbH,GmbH,RWE-Platz,4,Essen,45141,NA,RWE
ABR973546689391,EcoEnergy Solutions LLC,Sonstige,Coastal Highway,16192,Lewes,19958,econergy.solutions,NA
ABR914871779159,BESS Brietlingen,GmbH & Co. KG,Kieler Straße,103,Hamburg,22769,NA,NA
ABR918799912353,PVA Adorf 1 GmbH ＆ Co. KG,GmbH & Co. KG,Gerhofstraße,1 -3,Hamburg,20354,www.parq-energy.de,NA
ABR984672820206,Sunovis Projekt 51 GmbH ＆ Co. KG,GmbH & Co. KG,Maggistraße,5,Singen,78224,NA,NA
ABR955898705431,Windpower Dietfurt Solar GmbH ＆ Co. KG,GmbH & Co. KG,Prüfeninger Straße,20,Regensburg,93049,NA,NA
ABR940771080149,Windpark Haiderbachhöhe GmbH ＆ Co. KG,GmbH & Co. KG,Arabellastraße,4,München,81925,https://www.baywa-re.com,NA
ABR954360919574,Deutsche WindXperts 11. GmbH ＆ Co. KG,GmbH & Co. KG,Bahnhofstraße,8,Albersdorf,25767,www.deutsche-windxperts.de,NA
ABR909690773907,Windpark Worms Repowering GmbH ＆ Co. KG,GmbH & Co. KG,Energie-Allee,1,Wörrstadt,55286,NA,NA
ABR993275436431,Wentowsee REE Energie GmbH,GmbH,Ribbecker Weg,11,Gransee,16775,NA,NA
ABR948317626097,PV Langer Berg II GmbH ＆ Co.KG,GmbH & Co. KG,Schlierbacher Straße,2,Kirchheim,73230,www.w-i-n-d-energien.de,NA
ABR947091868549,PV NVP Varel GmbH,GmbH,Tangermehdenweg,1,Varel,26316,NA,NA
ABR935182969404,Kyon-50 Battery Storage GmbH,GmbH,Dachauer Straße,15 B,München,80335,https://www.kyon-energy.de,NA
ABR924011581795,Kyon-51 Battery Storage GmbH,GmbH,Dachauer Straße,15 B,München,80335,https://www.kyon-energy.de,NA
ABR985968818044,Kyon-41 Battery Storage GmbH,GmbH,Dachauer Straße,15 B,München,80335,https://www.kyon-energy.de,NA
ABR918186945841,Windpark Lichteberg GmbH ＆ Co. KG,GmbH & Co. KG,Burg Lichtenfels,1,Lichtenfels,35104,NA,NA
ABR919840057931,WKA Austerdahl GmbH ＆ Co. KG,GmbH & Co. KG,Pfarrer-Schlottmann-Straße,18,Altenbeken,33184,NA,NA
ABR952277586629,Deutsche WindXperts 14. GmbH ＆ Co. KG,GmbH & Co. KG,Bahnhofstraße,8,Albersdorf,25767,www.deutsche-windxperts.de,NA
ABR949593948187,Bürgerwind Niers-Maas GmbH ＆ Co. KG,GmbH & Co. KG,Hoekerweg,9,Straelen,47638,NA,NA
ABR948741077625,InVentus Energie GmbH,GmbH,Mittelstraße,3B,Schönefeld,12529,NA,NA
ABR999694586207,Windenergie Dorf Gutow GmbH ＆ Co.KG,GmbH & Co. KG,Dorfstr.,10 b,Steffenshagen,18209,NA,NA
ABR924945499494,K E Energy Holding GmbH ＆ Co. KG,GmbH & Co. KG,Dorfstraße,53,Münchhausen,35117,NA,NA
ABR955844731637,PolmerWind GmbH ＆ Co KG,GmbH & Co. KG,Mühlenweg,14,Lippetal,59510,NA,NA
ABR912384348848,Solarpark Meeder GmbH ＆ Co. KG,GmbH & Co. KG,Sternshof,1,Burgkunstadt,96224,NA,NA
ABR994256590739,Energiepark Kerpen-Manheim WP KeMa I GmbH ＆ Co. KG,GmbH & Co. KG,Stresemannstraße,46,Bremerhaven,27570,NA,NA
ABR966087641737,Windkraft Neukünkendorf 2 GmbH ＆ Co. KG,GmbH & Co. KG,Idastraße,20,Berlin,13156,www.Teut.de,NA
ABR915240064265,Bürgerwindpark Ehndorf GmbH ＆ Co. KG,GmbH & Co. KG,Wellumweg,60,Friedrich-Wilhelm-Lübke-Koog,25924,NA,NA
ABR998134287001,Windkraft Heiden II GmbH ＆ Co. KG,GmbH & Co. KG,Leblicher Straße,25,Heiden,46359,NA,NA
ABR963350201421,SÜDWERK Solar Portfolio 11 GmbH,GmbH,Sternshof,1,Burgkunstadt,96224,NA,NA
ABR949920364888,GREE Owschlag Repowering GmbH ＆ Co. KG,GmbH & Co. KG,Windmühlenberg,NA,Sehestedt,24814,NA,NA
ABR942192583131,Windpark Molauer Platte Repowering GmbH ＆ Co. KG,GmbH & Co. KG,Ella-Barowsky-Straße,44 ,Berlin,10829,https://www.engie-deutschland.de/,NA
ABR912429503362,Ventus Bürgerstrom Renneperstraße Nr. 109 GmbH ＆ Co. KG,GmbH & Co. KG,In Tenholt,33,Erkelenz,41812,NA,NA
ABR998720610329,Primus Dritte Projekt GmbH ＆ Co. KG,GmbH & Co. KG,Ziegetsdorfer Straße,109,Regensburg,93051,NA,NA
ABR966207609616,Windpark Michelfeld GmbH ＆ Co. KG,GmbH & Co. KG,An der Limpurgbrücke,1,Schwäbisch Hall,74523,NA,NA
ABR981242264477,trlyr 3 GmbH ＆ Co. KG,GmbH & Co. KG,Zionskirchstraße,73 A,Berlin,10119,NA,terralayr
ABR924614035008,CEE PVF Klüden GmbH ＆ Co. KG,GmbH & Co. KG,Eichenweg,35,Rotenburg,27356,NA,NA
ABR994590040280,Sonnenenergie Osterhof 36 GmbH ＆ Co. KG,GmbH & Co. KG,Gotteskoogdeich,32,Galmsbüll,25899,NA,NA
ABR904962083357,LEWP Cottbus Ost GmbH ＆ Co. KG,GmbH & Co. KG,Leagplatz,1,Cottbus,03050,https://www.leag.de/de/gigawattfactory/erneuerbare-energien/,EPH
ABR956975247028,Norddeutsche Energie Windpark 51 GmbH ＆ Co. KG,GmbH & Co. KG,Straße am Zeltplatz,7,Ostseebad Rerik,18230,www.eno-energy.com,NA
ABR990243686447,WP Herzog Planungs-GmbH,GmbH,Auenweg,3,Kluse,26892,NA,NA
ABR909807895621,Bürgerwindpark Spahnharrenstätte GmbH ＆ Co. KG,GmbH & Co. KG,Hauptstraße,11,Spahnharrenstätte,49751,NA,NA
ABR911353153315,VSB Windpark Kerzendorf GmbH ＆ Co. KG,GmbH & Co. KG,Schweizer Straße,3 a,Dresden,01069,https://www.vsb.energy/de,NA
ABR987996249111,Sarowwind GmbH ＆ Co. KG,GmbH & Co. KG,Dorfstraße,75,Sarow,17111,NA,NA
ABR924197733247,Interessengemeinschaft Repowering Lübsen GbR,GbR,Süderhausen,1,Wangerland,26434,NA,NA
ABR970925641414,Hoddenberg-Wind GmbH ＆ Co. KG,GmbH & Co. KG,Kilianstraße,2,Willebadessen,34439,NA,NA
ABR969828869711,Bernstein Solarparks GmbH ＆ Co. KG,GmbH & Co. KG,Kleinoberfeld,5,Karlsruhe,76135,NA,NA
ABR922960697246,Windpark Holzhausen-Bellersen GbR,GbR,Vattmannstraße,3,Paderborn,33100,NA,NA
ABR929025524615,NeXtWind Windpark Beteiligung 29 GmbH ＆ Co. KG,GmbH & Co. KG,Kantstraße,164,Berlin,10623,www.nextwind.de,NA
ABR971275448388,Bettingerode Landwind PV GmbH ＆ Co. KG,GmbH & Co. KG,Watenstedter Straße,11,Gevensleben,38384,NA,NA
ABR914116765121,Infrastruktur Windpark Römerreuth GmbH ＆ Co. KG,GmbH & Co. KG,Schießhausstraße,9,Herzogenaurach,91074,NA,NA
ABR952737319576,Windkraft Presen-Burgstaaken GmbH ＆ Co. Kommanditgesellschaft,GmbH & Co. KG,Ortsteil Vadersdorf,47,Fehmarn,23769,NA,NA
ABR992883757938,wpd Windpark Manrode GmbH ＆ Co. KG,GmbH & Co. KG,Stephanitorsbollwerk,3,Bremen,28217,www.wpd.de,NA
ABR990609525816,Windpark Suderburg GmbH ＆ Co. KG,GmbH & Co. KG,Wall,55,Kiel,24103,www.getproject.de,NA
ABR959802351134,Energiepark Bechtolsheim GmbH ＆ Co. KG,GmbH & Co. KG,Jahnstraße,28,Lambsheim,67245,NA,NA
ABR994472353675,Lindern Bürgerwindpark GmbH ＆ Co. KG,GmbH & Co. KG,Albert-Einstein-Straße,7,Osnabrück,49076,NA,NA
ABR901326288755,Bürger-Wind Hohenkammer GmbH ＆ Co.KG,GmbH & Co. KG,Angerbrunnenstraße,12,Freising,85356,www.beg-fs.de,NA
ABR988965636338,Windpark Wehrder Projekt GmbH ＆ Co. KG,GmbH & Co. KG,Dalsper,6,Elsfleth,26931,NA,NA
ABR920660209295,SOWITEC windfarm 513 UG,UG (haftungsbeschränkt),Löherstraße,24,Sonnenbühl,72820,NA,NA
ABR954402629102,Berlingsen Wind GbR,GbR,Hauptstraße,22,Ense,59469,NA,NA
ABR923423843989,Windpark Hüll Verwaltungsgesellschaft UG (haftungsbeschränkt),UG (haftungsbeschränkt),Nürnberger Straße,5,Betzenstein,91282,NA,NA
ABR948286195303,Windpark Stubben-Rehhorst GmbH ＆ Co. KG,GmbH & Co. KG,Windmühlenberg,NA,Sehestedt,24814,NA,NA
ABR927076762116,Rohen Hof Energie GmbH ＆ Co. KG,GmbH & Co. KG,Körbecker Straße,3,Möhnesee,59519,NA,NA
ABR917374462788,NeXtWind Windpark Beteiligung 28 GmbH ＆ Co. KG,GmbH & Co. KG,Kantstraße,164,Berlin,10623,www.nextwind.de,NA
ABR945792510002,NeXtWind Windpark Beteiligung 32 GmbH ＆ Co. KG,GmbH & Co. KG,Kantstraße,164,Berlin,10623,www.nextwind.de,NA
ABR905439871330,ABO Energy WP Nidda-Ulfa GmbH ＆ Co. KG,GmbH & Co. KG,Oberdorfstraße,10,Ingelheim,55262,NA,NA
ABR922152381069,Windpark Wipperdorf GmbH ＆ Co. KG,GmbH & Co. KG,Kleinoberfeld,5,Karlsruhe,76135,NA,NA
ABR969579860388,Windenergie Esing-Iltinghook GmbH ＆ Co. KG,GmbH & Co. KG,Esinghook,5 a,Borken,46325,NA,NA
ABR999247029953,ABO Energy WP Losheim GmbH ＆ Co. KG,GmbH & Co. KG,Oberdorfstraße,10,Ingelheim,55262,NA,NA
ABR939357911526,WEA 480 Schöller GmbH ＆ Co. KG,GmbH & Co. KG,Unter den Linden,4,Reutlingen,72762,www.schoeller-si.com,NA
ABR985021225260,Windpark Bönebüttel GmbH ＆ Co. KG,GmbH & Co. KG,Wall,55,Kiel,24103,www.getproject.de,NA
ABR935346105365,Windpark GmbH ＆ Co. Groß Rietz KG,GmbH & Co. KG,Holzweg,87,Aurich,26605,NA,NA
ABR933354686548,Linslerhof Solar GmbH,GmbH,Linslerhof,1,Überherrn,66802,NA,NA
ABR977525472530,Windpark Überhäsiges Viertel Projekt,GmbH,Tabbenstraße,20,Löningen,49624,NA,NA
ABR933147218307,Windenergieanlagen Dailer und Peters Moor Projekt GmbH ＆ Co. KG,GmbH & Co. KG,Sportplatzstraße,4,Friesoythe,26169,NA,NA
ABR934180856952,VSB Windpark Liethe-Lehmden,GmbH & Co. KG,Schweizer Straße,3 a,Dresden,01069,NA,NA
ABR934413751108,ABO Energy Windpark 13 GmbH ＆ Co. KG,GmbH & Co. KG,Oberdorfstraße,10,Ingelheim,55262,NA,NA
ABR933781817737,Windpark Sassenberg-Gröblingen GmbH,GmbH,Unter den Linden,21,Berlin,10117,https://qualitasenergy.com/de/,NA
ABR944624730304,Qualitas Energy Projekt GmbH,GmbH,Unter den Linden,21,Berlin,10117,https://qualitasenergy.com/de/,NA
ABR993365454062,Windpark Möncheberg GmbH ＆ Co. KG,GmbH & Co. KG,Renker Weg,1,Bad Lippspringe,33175,NA,NA
ABR990209031625,Windpark Lambacher Höh GmbH,GmbH,Unter den Linden,21,Berlin,10117,https://qualitasenergy.com/de/,NA
ABR912075328869,ABO Energy WP Almstedt-Breinum GmbH ＆ Co. KG,GmbH & Co. KG,Oberdorfstraße,10,Ingelheim,55262,NA,NA
ABR934635710808,OF Wind GmbH ＆ Co. KG,GmbH & Co. KG,Im Hagen,35,Ascheberg,59387,NA,NA
ABR953741479263,FairWind Deutschland GmbH ＆ Co. KG,GmbH & Co. KG,Blankenseer Straße,38,Blankensee,17237,NA,NA
ABR908206978614,NATURWERK Windenergie GmbH,GmbH,Doncaster-Platz,5-7,Herten,45699,www.naturwerk-wind.de,NA
ABR933972400786,NATURWERK Windenergie GmbH,GmbH,Doncaster-Platz,5-7,Herten,45699,www.naturwerk-wind.de,NA
ABR939832876333,WIND-projekt GmbH ＆ Co. 35. Betriebs-KG,GmbH & Co. KG,Seestr.,71 a,Börgerende,18211,NA,NA
ABR948815577587,Regional PV SG Suderburg,GmbH & Co. KG,Wall,55,Kiel,24103,www.getproject.de,NA
ABR974634764013,BWP Alstätte-Ottenstein GmbH ＆ Co. KG,GmbH & Co. KG,Brinkerhook,28a,Ahaus,48683,NA,NA
ABR901338224734,Prokon Windpark Rieflinghausen GmbH ＆ Co. KG,GmbH & Co. KG,Kirchhoffstraße,3,Itzehoe,25524,www.prokon.energy.de,NA
ABR954621319884,ABO Energy WP Spreeau 3 GmbH ＆ Co. KG,GmbH & Co. KG,Oberdorfstraße,10,Ingelheim,55262,NA,NA
ABR975755627096,Windpark Forstberg GmbH ＆ Co. KG,GmbH & Co. KG,Stephanitorsbollwerk,3,Bremen,28217,NA,NA
ABR996271569974,THeWind GbR,GbR,Starenweg,48,Ense,59469,NA,NA
ABR936707114255,Solaranlage Dalchau GmbH ＆ Co. KG,GmbH & Co. KG,Maggistraße,5,Singen,78224,NA,NA
ABR996451432869,Heidewind Senden GbR,GbR,Wierling,23,Senden,48308,NA,NA
ABR963729328933,Erneuerbare Energien Baesweiler GmbH ＆ Co. KG,GmbH & Co. KG,Berliner Ring,11,Geilenkirchen,52511,www.bmr-energy.de,NA
ABR919271778368,Windpark Hassenhausen 2 GmbH ＆ Co. KG,GmbH & Co. KG,Schönsteiner Straße,23,Gilserberg,34630,www.iterra-energy.de,NA
ABR904881155135,Batteriespeicher Immenstadt GmbH ＆ Co. KG,GmbH & Co. KG,"Bitzackerweidach, Fl.Nr.: 484/151",NA,Immenstadt,87509,NA,NA
ABR939124213709,VR Bürger-Windpark in Südoldenburg GmbH,GmbH,Hauptstraße,43,Garrel,49681,NA,NA
ABR983674772100,fischer Energiepark GmbH ＆ Co. KG,GmbH & Co. KG,Im Gewerbegebiet,7,Achern,77855,www.oekostrom-freiburg.de,NA
ABR922192234677,PVA Harbke GmbH ＆ Co. KG,GmbH & Co. KG,Augustusplatz,9,Leipzig,04109,https://www.rp-global.com/,NA
ABR970298582895,Energiepark WP Bützfleth GmbH ＆ Co. KG,GmbH & Co. KG,Stresemannstraße,46,Bremerhaven,27570,NA,NA
ABR901375682474,Windpark Rabenhain GmbH und Co. KG,GmbH & Co. KG,Blücherstraße,33,Siegen,57072,NA,NA
ABR923199553242,HTH PV GmbH＆Co.KG,GmbH & Co. KG,Braker Straße,23,Stadland,26935,NA,NA
ABR913461090056,Windpark Reuterberg GmbH ＆ Co. KG,GmbH & Co. KG,Vattmannstraße,6,Paderborn,33100,NA,NA
ABR972806926047,Windpark Berleburg Ost GmbH ＆ Co. KG,GmbH & Co. KG,Vattmannstraße,6,Paderborn,33100,NA,NA
ABR917113238353,Windpark Berleburg-Erndtebrück GmbH ＆ Co. KG,GmbH & Co. KG,Vattmannstraße,6,Paderborn,33100,NA,NA
ABR965496151677,Windpark Oelde Bergeler GmbH ＆ Co. KG,GmbH & Co. KG,Vattmannstraße,6,Paderborn,33100,NA,NA
ABR926773990815,Windpark Westheim GmbH ＆ Co. KG,GmbH & Co. KG,Vattmannstraße,6,Paderborn,33100,NA,NA
ABR975136896707,Windpark Daseburg Betriebs GmbH ＆ Co. KG,GmbH & Co. KG,Vattmannstraße,6,Paderborn,33100,NA,NA
ABR978362962598,Windpark Fretzdorfer Heide GmbH ＆ Co. Betriebs-KG,GmbH & Co. KG,Emmy-Noether-Straße,17,Itzehoe,25524,NA,NA
ABR992129898920,Windpark Lage-Lückhausen GmbH ＆ Co. KG,GmbH & Co. KG,Stephanitorsbollwerk,3,Bremen,28217,www.wpd.de,NA
ABR944287549039,PWG GmbH ＆ Co. Windpark Niederort KG,GmbH & Co. KG,Mittelweg,1,Ovelgönne,26939,NA,NA
ABR995266983832,Energy 4 Hückelhoven GmbH ＆ Co. KG,GmbH & Co. KG,Berliner Ring,11,Geilenkirchen,52511,www.bmr-energy.de,NA
ABR978832391354,Jade Energiepark Gusenburg GmbH ＆ Co. KG,GmbH & Co. KG,Kronacher Straße,41,Bamberg,96052,NA,NA
ABR972496418143,Datteln 4 a.s ＆ Co. KG,a.s.,Im Löringhof,10,Datteln,45711,NA,Uniper
ABR914172873976,Solarpark Eichberg-Lindenberg GmbH ＆ Co. KG,GmbH & Co. KG,Alter Stadthafen,3 B,Oldenburg,26122,NA,NA
ABR938302580886,Kraftwerk Horn GmbH,GmbH,Kampstraße,65,Horn-Bad Meinberg,32805,NA,NA
ABR967493110473,Anumar Solarpark Colbitz GmbH ＆ Co. KG,GmbH & Co. KG,Haunwöhrer Straße,21,Ingolstadt,85051,NA,NA
ABR982373184894,Solarpark Lima GmbH ＆ Co. KG,GmbH & Co. KG,Haunwöhrer Straße,21,Ingolstadt,85051,NA,NA
ABR908536970425,Anumar Solarpark Reichertshofen XIX GmbH ＆ Co. KG,GmbH & Co. KG,Haunwöhrer Straße,21,Ingolstadt,85051,NA,NA
ABR921284968957,WP Etteln A33 GmbH ＆ Co.KG,GmbH & Co. KG,Zur Egge,17,Marsberg,34431,NA,NA
ABR943217796550,EPE Energiepark Elbeland GmbH ＆ Co. KG,GmbH & Co. KG,Friedrich-Ebert-Straße,26,Markkleeberg,04416,NA,NA
ABR977659287666,Triticum GmbH ＆ Co. KG,GmbH & Co. KG,Südliche Münchner Straße,8,Grünwald,82031,NA,NA
ABR902578499203,SRE PV Berngau GmbH ＆ Co. KG,GmbH & Co. KG,Reifensteinstraße,11,Berngau,92361,www.sre-sachs.de,NA
ABR970269748800,wpd Windpark Lichtenhagen-Ottenstein GmbH ＆ Co. KG,GmbH & Co. KG,Stephanitorsbollwerk,3,Bremen,28217,NA,NA
ABR937593242503,MLK Windpark Holzweiler Nr. 100 GmbH ＆ Co. KG,GmbH & Co. KG,In Tenholt,33,Erkelenz,41812,www.mlk-gruppe.de,NA
ABR952847770083,Haluisa Fünfzehnte PVA GmbH ＆ Co. KG,GmbH & Co. KG,In Bolz,1,Treis-Karden,56253,NA,NA
ABR918952916969,Battery Park Metelen GmbH,GmbH,Am Münchner Tor,1,München,80805,www.windmanager.de,NA
ABR902772494981,Terra One Energy Grid 2 GmbH,GmbH,Köpenicker Straße,126,Berlin,10179,https://www.terra.one/,NA
ABR943209813470,Bürgerwindpark Wistedt GmbH ＆ Co. KG,GmbH & Co. KG,Warfer Landstraße,54,Bremen,28357,NA,NA
ABR935253153596,Energiepark Reppichau GmbH ＆ Co.KG,GmbH & Co. KG,Röhrenstraße,75,Bitterfeld-Wolfen,06749,NA,NA
ABR972891983246,RP Deutschland 1 UG,UG (haftungsbeschränkt),Friedrichstraße,120,Berlin,10117,https://rpower.energy/de/contact-us/,NA
ABR903529007829,WIND-projekt GmbH ＆ Co. 55. Betriebs-KG,GmbH & Co. KG,Am Strom,1-4,Rostock,18119,NA,NA
ABR924820732494,Solarprojekt 21 GmbH ＆ Co.KG,GmbH & Co. KG,Marie-Curie-Allee,10 ,Föhren,54343,NA,NA
ABR933146796769,wpd Windpark Schlage 2 GmbH ＆ Co. KG,GmbH & Co. KG,Stephanitorsbollwerk,3,Bremen,28217,www.wpd.de,NA
ABR985438163254,Infrastrukturgesellschaft Reppichau mbH ＆ Co.KG,GmbH & Co. KG,Röhrenstraße,75,Bitterfeld-Wolfen,06749,NA,NA
ABR965585749440,Bürgerwind FHS Energie GmbH,GmbH,Am Ruttmann Kai,1,Schnaittenbach,92253,NA,NA
ABR962032426534,Windertrag Dummerstorf Energie GmbH ＆ Co. KG,GmbH & Co. KG,Petschower Straße,1,Dummerstorf,18196,NA,NA
ABR991504676306,Bürger-PV Berlichingen GmbH ＆ Co. KG,GmbH & Co. KG,Eichelshof,2,Schöntal,74214,NA,NA
ABR916732127291,EXPEC Windstrom UG,UG (haftungsbeschränkt),Weißenburgstraße,22,Regensburg,93055,www.expec.energy,NA
ABR906041621061,RP Deutschland 11 UG,UG (haftungsbeschränkt),Friedrichstraße,120,Berlin,10117,NA,NA
ABR971942461955,Anumar Solarpark Hasenberg GmbH ＆ Co. KG,GmbH & Co. KG,Haunwöhrer Straße,21,Ingolstadt,85051,NA,NA
ABR932950061247,Windpark Dachsberg GmbH ＆ Co. KG,GmbH & Co. KG,Gregor-Mendel-Straße,24 A,Potsdam,14469,NA,NA
ABR915166681270,TEP Thalia GmbH ＆ Co. KG,GmbH & Co. KG,Krefelder Straße,203,Aachen,52070,NA,NA
ABR953612871226,BürgerSonnenWerk Stammbach Querenbach GmbH ＆ Co. KG,GmbH & Co. KG,Energiepark,1,Rugendorf,95365,NA,NA
ABR931678066954,Batteriespeicher-Park Worms,GmbH,Adenauerring,1,Worms,67547,NA,NA
ABR936119208962,Windpark Milow 4 GmbH ＆ Co. KG,GmbH & Co. KG,Gregor-Mendel-Straße,24 A,Potsdam,14469,NA,NA
ABR993144943596,trlyr 4 GmbH ＆ Co. KG,GmbH & Co. KG,Zionskirchstraße,73 A,Berlin,10119,NA,terralayr
ABR927387987543,Hirschweg GmbH ＆ Co. KG,GmbH & Co. KG,Graf-Zeppelin-Straße,69,Bad Wünnenberg,33181,NA,NA
ABR996529198406,Bartow PV 1 Betreibergesellschaft mbH ＆ Co. KG,GmbH & Co. KG,Dorfstraße,1,Bartow,17089,NA,NA
ABR941192663010,Windenergie LIED GbR,GbR,Alfredshöher Straße,12,Willebadessen,34439,www.hellwegwind.de,NA
ABR906610942177,Bürgersolarpark Trappstadt Nord GmbH ＆ Co. KG,GmbH & Co. KG,Sternshof,1,Burgkunstadt,96224,s-werk.com,NA
ABR951054133315,Bürgersolarpark Alsleben Ost GmbH ＆ Co. KG,GmbH & Co. KG,Sternshof,1,Burgkunstadt,96224,s-werk.com,NA
ABR958379400542,Bürgersolarpark Herbstadt-Ottelmannshausen GmbH ＆ Co. KG,GmbH & Co. KG,Sternshof,1,Burgkunstadt,96224,s-werk.com,NA
ABR958891965796,SÜDWERK Solar Portfolio 4 GmbH,GmbH,Sternshof,1,Burgkunstadt,96224,s-werk.com,NA
ABR987788900459,AD Renewable 1 GmbH,GmbH,Yorckstraße,20,Regensburg,93049,thedillingergroup.de,NA
ABR989785056047,Energiepark Nartum WP NART GmbH ＆ Co. KG,GmbH & Co. KG,Stresemannstraße,46,Bremerhaven,27570,NA,NA
ABR946385149418,Bürger Wind Park Krempdorf,GmbH & Co. KG,Am Windpark,2,Krempdorf,25376,NA,NA
ABR924621242963,AS Energy 14 GmbH ＆ Co. KG,GmbH & Co. KG,Leipziger Platz,15,Berlin,10117,NA,NA
ABR982325145256,AS Energy 12 GmbH ＆ Co. KG,GmbH & Co. KG,Leipziger Platz,15,Berlin,10117,NA,NA
ABR909629205462,GC Solarpark 2 UG (haftungsbeschränkt),UG (haftungsbeschränkt),Bahnhofstraße,28,Saarbrücken,66111,NA,NA
ABR965873924863,Energy One Solar 19 GmbH ＆ Co. KG,GmbH & Co. KG,Hauptstraße,60,Herbsleben,99955,NA,NA
ABR981408618762,ENERPARC Solar Invest 273 GmbH,GmbH,Kirchenpauerstr.,26,Hamburg,20457,NA,NA
ABR954419689816,ENERPARC Solar Invest 274 GmbH,GmbH,Kirchenpauerstr.,26,Hamburg,20457,NA,NA
ABR921233842260,Sonnenkraft Emkendorf GmbH ＆ Co. KG,GmbH & Co. KG,Bokeler Straße,2,Emkendorf,24802,NA,NA
ABR974083888209,EP5 Solar Invest 6 GmbH ＆ Co. KG,GmbH & Co. KG,Kirchenpauerstr.,26,Hamburg,20457,NA,NA
ABR907326834909,ENERPARC Solar Invest 230 TU 31 GmbH ＆ Co. KG,GmbH & Co. KG,Kirchenpauerstr.,26,Hamburg,20457,NA,NA
ABR929575044663,ENERPARC Solar Invest 230 TU 59 GmbH ＆ Co. KG,GmbH & Co. KG,Kirchenpauerstr.,26,Hamburg,20457,NA,NA
ABR985497852045,ENERPARC Solar Invest 257 GmbH,GmbH,Kirchenpauerstr.,26,Hamburg,20457,NA,NA
ABR987243774533,Sonnenwerk Zell im Fichtelgebirge GmbH ＆ Co. KG,GmbH & Co. KG,Energiepark,1,Rugendorf,95365,NA,NA
ABR988207089892,MLK Windpark Kückhoven Nr. 121 GmbH ＆ Co. KG,GmbH & Co. KG,In Tenholt,33,Erkelenz,41812,NA,NA
ABR969531179176,ABO Energy Solarpark Michelbach GmbH ＆ Co. KG,GmbH & Co. KG,Oberdorfstraße,10,Ingelheim,55262,NA,NA
ABR920697173194,Bürgerwindpark Minden GmbH ＆ Co. KG,GmbH & Co. KG,Paradiesstraße,23,Kirchheim,73230,NA,NA
ABR963699520559,Energiewende Projekt 3 GmbH ＆ Co. KG,GmbH & Co. KG,Konrad-Zuse-Str.,1a,Roggentin,18184,NA,NA
ABR986993399744,SunSpark GmbH,GmbH,Brienner Straße,45 a,München,80333,NA,NA
ABR946136151790,Heimatstrom Ludwigsstadt GmbH ＆ Co. KG,GmbH & Co. KG,Energiepark,1,Rugendorf,95365,NA,NA
ABR913292196903,ENOVA Windpark Nettetal Betriebs GmbH ＆ Co. KG,GmbH & Co. KG,Steinhausstraße,112,Bunde,26831,www.enova.de,NA
ABR989046830744,Bürgerwind Greffen,GmbH & Co. KG,Brambrückenweg,10,Harsewinkel,33428,NA,NA
ABR904116843684,Naturenergie Leutershausen GmbH ＆ Co. KG,GmbH & Co. KG,Siedelbach,70,Markt Erlbach,91459,NA,NA
ABR912906054080,Brandl Energie GmbH ＆ Co. KG,GmbH & Co. KG,Wies b.Grüntegernbach,1,Dorfen,84405,NA,NA
ABR914063754315,Anumar Solarpark Mengkofen GmbH ＆ Co. KG,GmbH & Co. KG,Haunwöhrer Straße,21,Ingolstadt,85051,NA,NA
ABR941277254133,Bartow PV 2 Betreibergesellschaft mbH ＆ Co. KG,GmbH & Co. KG,Dorfstraße,1,Bartow,17089,NA,NA
ABR932809665091,Swisspower Renewables Prösen GmbH,GmbH,Markgrafenstraße,22,Berlin,10117,NA,NA
ABR933684533390,Windpark Holtsee Lindau GmbH ＆ Co. KG,GmbH & Co. KG,Windmühlenberg,NA,Sehestedt,24814,NA,NA
ABR965446285704,Windpark Kieracker UG (haftungsbeschränkt) ＆ Co. KG,UG (haftungsbeschränkt) & Co. KG,Norderdorf,7,Behrendorf,25850,NA,NA
ABR936776453200,SÜDWERK Solar Portfolio 7 GmbH,GmbH,Sternshof,1,Burgkunstadt,96224,www.s-werk.com,NA
ABR952230313316,Windpark Groß Berßen Süd I GmbH ＆ Co. KG,GmbH & Co. KG,Dorfstraße,18,Groß Berßen,49777,NA,NA
ABR905970115948,GSP International GmbH,GmbH,I-PARK TAUBERFRANKEN,3,Lauda-Königshofen,97922,NA,NA
ABR967798196370,ENERPARC Solar Invest 243 EU 1.10 GmbH ＆ Co. KG,GmbH & Co. KG,Kirchenpauerstr.,26,Hamburg,20457,NA,NA
ABR958030053216,Energiepark WP Haberloh GmbH ＆ Co. KG,GmbH & Co. KG,Stresemannstraße,46,Bremerhaven,27570,NA,NA
ABR974420148904,ENERPARC Solar Invest 243 EU 1.6 GmbH,GmbH,Kirchenpauerstr.,26,Hamburg,20457,NA,NA
ABR944813914805,Windpark SMP Schönermark-Passow GmbH ＆ Co. KG,GmbH & Co. KG,Idastraße,20,Berlin,13156,www.teut.de,NA
ABR905956843650,re.venture GmbH,GmbH,Arndtstrasse,23,Berlin,12489,www.reventure.de,NA
ABR968674969798,Energiepark WP Heidkrug GmbH ＆ Co. KG,GmbH & Co. KG,Stresemannstraße,46,Bremerhaven,27570,NA,NA
ABR910486930206,SÜDWERK Solar Portfolio 6 GmbH,GmbH,Sternshof,1,Burgkunstadt,96224,www.s-werk.com,NA
ABR992406702766,Windpark Rollberg GmbH ＆ Co . KG,GmbH & Co. KG,Gregor-Mendel-Straße,24 A,Potsdam,14469,NA,NA
ABR983327904544,Volkswagen Group Charging,GmbH,Karl-Liebknecht-Straße,32,Berlin,10178,NA,NA
ABR906449297172,VERUM Brilon R 2024 GmbH ＆ Co. KG,GmbH & Co. KG,Endersbacher Straße,65,Stuttgart,70374,NA,NA
ABR914796709125,BESS Hettstedt Fünfte Energie GmbH,GmbH,Große Elbstraße,59,Hamburg,22767,www.encavis.com,NA
ABR915209255888,Solarpark Verwaltung I GmbH,GmbH,Gartenstraße,1,Aalen,73430,NA,NA
ABR979408193853,Alterric Windpark Bingen GmbH ＆ Co. KG,GmbH & Co. KG,Holzweg,87,Aurich,26605,NA,NA
ABR923720852554,Ernsthof 6 GmbH ＆ Co. KG,GmbH & Co. KG,Burgstall,2,Moos,94554,NA,NA
ABR921704480304,trlyr 5 GmbH ＆ Co. KG,GmbH & Co. KG,Zionskirchstraße,73 A,Berlin,10119,NA,terralayr
ABR916449789027,Erneuerbare Energie Weißes Venn,GmbH & Co. KG,Greffener Straße,1,Herzebrock-Clarholz,33442,NA,NA
ABR946594389810,WiSi Eigentümer GmbH ＆ Co. KG,GmbH & Co. KG,Brennereiweg,1,Dötlingen,27801,NA,NA
ABR995603423564,PV an der Baumschule GmbH,GmbH,Lange Göhren,18,Sülzetal,39171,NA,NA
ABR962597534231,mdp GmbH ＆ Co. WP Atzendorf KG,GmbH & Co. KG,Stau,91,Oldenburg,26122,NA,NA
ABR986480967081,ENOVA Windpark Boldecker Land Betriebs GmbH ＆ Co. KG,GmbH & Co. KG,Steinhausstraße,112,Bunde,26831,www.enova.de,NA
ABR947797985809,wpd Windpark Vorhop GmbH ＆ Co. KG,GmbH & Co. KG,Stephanitorsbollwerk,3,Bremen,28217,NA,NA
ABR926832914066,Windpark Jerxheim GmbH ＆ Co. Betriebs-KG,GmbH & Co. KG,Emmy-Noether-Straße,17,Itzehoe,25524,NA,NA
ABR995015782372,BASF InfraService ＆ Solutions Lausitz GmbH,GmbH,Schipkauer Straße,1,Schwarzheide,01987,www.industriepark-lausitz.com,BASF
ABR911209194011,Raiffeisen Lünne Projektentwicklung GmbH,GmbH,Lingener Straße,20,Lünne,48480,NA,NA
ABR914564579172,Windenergie Nideggen GmbH ＆ Co. KG,GmbH & Co. KG,Wernersstraße,23,Düren,52351,www.rea-dn.de,NA
ABR925201181559,Wind Waizenbach GmbH ＆ Co. KG,GmbH & Co. KG,Bahnhofplatz,NA,Traunstein,83278,NA,NA
ABR900189085013,HochsauerlandEnergie,GmbH,Auf'm Brinke,11,Meschede,59872,NA,NA
ABR922105506198,Windpark Peckelsheim-Löwen GmbH ＆ Co. KG,GmbH & Co. KG,Lange Straße,34,Willebadessen,34439,NA,NA
ABR915795303277,Anumar Solarpark Donaumoos GmbH ＆ Co. KG,GmbH & Co. KG,Haunwöhrer Straße,21,Ingolstadt,85051,NA,NA
ABR919381195260,Windpark Gödestorf GmbH ＆ Co. KG,GmbH & Co. KG,Unter der Tränke,1,Wanfried,37281,NA,NA
ABR913322691392,AKWP Nr. 2 GmbH ＆ Co. KG,GmbH & Co. KG,Waldstraße,31,Lingen,49808,NA,NA
ABR959785025886,EE Nordwalde ApS ＆ Co. KG,Sonstige,Dieselstraße,4,Husum,25813,www.europeanenergy.de,NA
ABR912872632718,Windpark Lingen Ochsenbruch Betriebsführungsgesellschaft mbH,GmbH,Waldstraße,31,Lingen,49808,NA,NA
ABR956931996229,Anumar Solarpark Mindelstetten GmbH ＆ Co. KG,GmbH & Co. KG,Haunwöhrer Straße,21,Ingolstadt,85051,NA,NA
ABR959863776457,enercity Windpark Kabelitz GmbH ＆ Co. KG,GmbH & Co. KG,Nessestraße,24,Leer,26789,NA,NA
ABR959520913027,enercity Windpark Mahlwinkel Nord GmbH ＆ Co. KG,GmbH & Co. KG,Nessestraße,24,Leer,26789,NA,NA
ABR968499571152,Bookhofer Feldwind GmbH ＆ Co. KG,GmbH & Co. KG,Beel,1,Herzlake,49770,NA,NA
ABR959878271275,Bürgersolarpark Bosbüll III GmbH ＆ Co. KG,GmbH & Co. KG,Dorfstraße,4,Bosbüll,25899,https://www.gp-joule.com/de/,NA
ABR949351922992,Wattner SunAsset Solarkraftwerk 093 GmbH ＆ Co. KG,GmbH & Co. KG,Hauptstraße,63,Monheim,40789,NA,NA
ABR955930622085,ABO Energy Solarpark 1 GmbH ＆ Co. KG,GmbH & Co. KG,Oberdorfstraße,10,Ingelheim,55262,NA,NA
ABR987593744361,Windpark Bühren-Großsander GmbH ＆ Co. KG,GmbH & Co. KG,Wellingstraße,66,Melle,49328,NA,NA
ABR964520655006,Windpark Zeller Blauen GmbH ＆ Co. KG,GmbH & Co. KG,Holzweg,87,Aurich,26605,NA,NA
ABR951022118498,Windpark Andervenne/Handrup GmbH ＆ Co. KG,GmbH & Co. KG,Lengericher Weg,1,Handrup,49838,NA,NA
ABR994881575545,Windpark Sauren Kämpen Entwicklungs GmbH ＆ Co. KG,GmbH & Co. KG,Vattmannstraße,6,Paderborn,33100,NA,NA
ABR979357549114,Windpark Blumenthal,GmbH & Co. KG,Dieselstraße,4,Husum,25813,NA,NA
ABR945917140442,Windpark Hollriede GmbH ＆ Co. KG,GmbH & Co. KG,Wellingstraße,66,Melle,49328,NA,NA
ABR922512213627,PVA Frankenförde Nord 1 GmbH ＆ Co. KG,GmbH & Co. KG,Gerhofstraße,1 -3,Hamburg,20354,NA,NA
ABR924555604448,Windenergie Gönnebek I GmbH ＆ Co. KG,GmbH & Co. KG,Windmühlenberg,NA,Sehestedt,24814,NA,NA
ABR995885980885,e3 Projekt 78 GmbH ＆ Co. KG,GmbH & Co. KG,Hugh-Greene-Weg,2,Hamburg,22529,NA,NA
ABR975245373205,JWP Jade Windpark GmbH ＆ Co. 21. Betriebs KG,GmbH & Co. KG,Kronacher Straße,41,Bamberg,96052,NA,NA
ABR990818224418,Windpark Bühren-Spols GmbH ＆ Co. KG,GmbH & Co. KG,Wellingstraße,66,Melle,49328,NA,NA
ABR946299421976,BESS Kirschgartenweg 1,GmbH,Adenauerring,1,Worms,67547,NA,NA
ABR978153165306,Bürgerwind Vreden-Doemern-Höchte GmbH ＆ Co. KG,GmbH & Co. KG,Doemern,58,Vreden,48691,NA,NA
ABR993895938766,Looft-Schmidt GmbH ＆ Co. 6.Betriebs KG,GmbH & Co. KG,Alte Schulstraße,5 a,Lohe-Rickelshof,25746,NA,NA
ABR916522919808,SYNEQT GmbH,GmbH,Paul-Baumann-Straße,1,Marl,45772,https://www.syneqt.de/de,NA
ABR958938644929,EF energiekonzept GmbH,GmbH,Nordring,2,Sögel,49751,https://ef-energiekonzept.de/,NA
ABR901310316082,WP Altenautal RE GmbH ＆ Co. KG,GmbH & Co. KG,Im Mersch,3,Lichtenau,33165,NA,NA
ABR987182192450,Windpark Boitzen/Marschhorst GmbH ＆ Co. KG,GmbH & Co. KG,Stephanitorsbollwerk,3,Bremen,28217,NA,NA
ABR911809605740,Alterric Windpark Bösingen-Herrenzimmern GmbH ＆ Co. KG,GmbH & Co. KG,Holzweg,87,Aurich,26605,NA,NA
ABR941485313622,e3 Projekt 79 GmbH ＆ Co. KG,GmbH & Co. KG,Hugh-Greene-Weg,2,Hamburg,22529,NA,NA
ABR919287846174,Windpark Arborn GmbH,GmbH,Bahnhofstraße (Langendernbach),92,Dornburg,65599,https://windpark-arborn.de/,NA
ABR911236630643,ABO Energy WP Kundert GmbH ＆ Co. KG,GmbH & Co. KG,Oberdorfstraße,10,Ingelheim,55262,NA,NA
ABR915241476456,ABO Energy WP Lauda-Königshofen GmbH ＆ Co. KG,GmbH & Co. KG,Unter den Eichen,7,Wiesbaden,65195,NA,NA
ABR921048210261,Vattenfall Wind Mettenheim GmbH,GmbH,Amerigo-Vespucci-Platz,2,Hamburg,20457,NA,Vattenfall
ABR946094081726,Windpark Klein Henstedt GmbH,GmbH,Gustav-Weißkopf-Straße,3,Ganderkesee,27777,www.volkswind.com,NA
ABR974514023995,BoLa WEA 1 GmbH ＆ Co KG,GmbH & Co. KG,Am Sportplatz,4 a,Hainichen,09661,NA,NA
ABR995118483381,Windpark Lochtum GmbH,GmbH,Gustav-Weißkopf-Straße,3,Ganderkesee,27777,www.volkswind.com,NA
ABR982816901064,Windenergie Marbeck Steenkuhlenweg GmbH ＆ Co. KG,GmbH & Co. KG,Greven Esch,15,Borken,46325,NA,NA
ABR937995708027,EFG Energy-Farming Holding GmbH,GmbH,Bornweg,28,Bad Essen,49152,www.energy-farming.de,NA
ABR910236871889,GPJ Windpark Holzheim GmbH ＆ Co. KG,GmbH & Co. KG,Cecilienkoog,16,Reußenköge,25821,NA,NA
ABR988396889457,Windpark Erweiterung Friedeholzheide GmbH ＆ Co. KG,GmbH & Co. KG,Industriestraße,35,Bassum,27211,NA,NA
ABR900672377519,Bürgerwind Büngern GmbH ＆ Co. KG,GmbH & Co. KG,Hengeler,11,Stadtlohn,48703,NA,NA
ABR967633768250,Wattner Projektentwicklungsgesellschaft mbH,GmbH,Maximinenstr.,6,Köln,50668,https://www.wattner.de/,NA
ABR929884457604,Windpark Kupferberg GmbH ＆ Co. KG,GmbH & Co. KG,Gregor-Mendel-Straße,24a,Potsdam,14469,NA,NA
ABR974983251677,Windpark Wimmerbruch GmbH ＆ Co. KG,GmbH & Co. KG,Bornweg,28,Bad Essen,49152,NA,NA
ABR921508849307,wpd Windpark Klein Henstedter Heide GmbH ＆ Co. KG,GmbH & Co. KG,Stephanitorsbollwerk,3,Bremen,28217,NA,NA
ABR915074286734,Krug Energie GmbH ＆ Co. KG,GmbH & Co. KG,Dorfstraße,53,Münchhausen,35117,NA,NA
ABR933934351309,Lackmann Green Invest GmbH und  Möhring Green Projects UG  (haftungsbeschränkt) eGbR,eGbR,Renker Weg,1,Bad Lippspringe,33175,NA,NA
ABR961293163639,wpd Windpark Chursdorf GmbH ＆ Co. KG,GmbH & Co. KG,Stephanitorsbollwerk,3,Bremen,28217,NA,NA
ABR929568850325,Windpark Graburg GmbH,GmbH,Gesandtenstraße,3,Regensburg,93047,NA,NA
ABR905346487877,Windpark Wember Bruch Betriebs GmbH ＆ Co. KG,GmbH & Co. KG,Hees,2,Weeze,47652,NA,NA
ABR949817497910,SelzEnergie Planung und Bau GmbH ＆ Co. KG,GmbH & Co. KG,Oppenheimer Straße,21a,Selzen,55278,www.selzenergie.de,NA
ABR993422423185,Betreibergesellschaft Bürgerwindpark Attendorn GmbH,GmbH,Kölner Straße,12,Attendorn,57439,NA,NA
ABR940511676847,QE Windpark Auw bei Prüm GmbH,GmbH,Unter den Linden,21,Berlin,10117,https://qualitasenergy.com/,NA
ABR958904877917,Projektierung Windpark Hünfeldener Wald GmbH,GmbH,Le Thillay-Platz,NA,Hünfelden,65597,NA,NA
ABR978681047198,Bürgerwindenergie Sintmann GmbH ＆ Co. KG,GmbH & Co. KG,Neue Straße,17 a,Markt Erlbach,91459,www.wust-wind-sonne.de,NA
ABR986789256213,Windpark Albaum GmbH,GmbH,Gustav-Weißkopf-Straße,3,Ganderkesee,27777,www.volkswind.com,NA
ABR978450328121,Windpark Barntrup-Meierberg GmbH,GmbH,Leihgesterner Weg,35,Gießen,35392,NA,NA
ABR967398895079,wpd Windpark Düvier GmbH ＆ Co. KG,GmbH & Co. KG,Stephanitorsbollwerk,3,Bremen,28217,NA,NA
ABR953578717644,Lenze GmbH ＆ Co.KG,GmbH & Co. KG,Hewingser Straße,10,Ense,59469,NA,NA
ABR901956550833,Windpark Guntersblum-Uelversheim GmbH ＆ Co. KG,GmbH & Co. KG,Stephanitorsbollwerk,3,Bremen,28217,NA,NA
ABR918058485406,Werler Wind GmbH ＆ Co. KG,GmbH & Co. KG,Hof Flerke,1,Werl,59457,NA,NA
ABR995436199636,ENOVA Windpark Breberen Betriebs GmbH ＆ Co. KG,GmbH & Co. KG,Steinhausstraße,112,Bunde,26831,www.enova.de,NA
ABR967609294042,ABO Wind Windpark 3 GmbH ＆ Co. KG,GmbH & Co. KG,Oberdorfstraße,10,Ingelheim,55262,NA,NA
ABR941136567763,Windpark In den Braaken Projektentwicklungs GmbH ＆ Co. KG,GmbH & Co. KG,Albert-Einstein-Straße,7,Osnabrück,49076,NA,NA
ABR914722150755,Windenergie Deepschlatt GmbH ＆ Co. KG,GmbH & Co. KG,Zum Ehrenmal,27,Borken,46325,NA,NA
ABR994118055635,ABO Energy Windpark 15 GmbH ＆ Co. KG,GmbH & Co. KG,Oberdorfstraße,10,Ingelheim,55262,NA,NA
ABR936098180396,Vattenfall Solar Neubrandenburg GmbH ＆ Co. KG,GmbH & Co. KG,Amerigo-Vespucci-Platz,2,Hamburg,20457,NA,NA
ABR915102938901,KSD 12 UG,UG (haftungsbeschränkt),Karlsplatz,3,München,80335,https://www.edp.com/de/europa/deutschland,NA
ABR992776464516,wpd Windpark Weitzmühlen GmbH ＆ Co. KG,GmbH & Co. KG,Stephanitorsbollwerk,3,Bremen,28217,NA,NA
ABR917118258462,Windpark Greinberg GbR,GbR,Klosterstraße,13,Willebadessen,34439,NA,NA
ABR937951536343,VERBUND Windpark Feldatal GmbH ＆ Co. KG,GmbH & Co. KG,Lennéstraße,3,Berlin,10785,www.verbund.com,NA
ABR957302967138,wpd Windpark Wilsickow REP II GmbH ＆ Co. KG,GmbH & Co. KG,Stephanitorsbollwerk,3,Bremen,28217,NA,NA
ABR982481492409,Sonnenwerk Schönbrunn GmbH ＆ Co. KG,GmbH & Co. KG,Energiepark,1,Rugendorf,95365,NA,NA
ABR924785063442,BESS Quedlinburg GmbH ＆ Co. KG,GmbH & Co. KG,Falkensteiner Straße,77,Frankfurt,60322,NA,NA
ABR958751793903,PNE Windpark Welsche Lied GmbH ＆ Co. KG,GmbH & Co. KG,Peter-Henlein-Straße,2 - 4,Cuxhaven,27472,www.pne-ag.com,NA
ABR996314039358,Becken Energiespeicher 1 GmbH ＆ Co. KG,GmbH & Co. KG,Langen Brützer Weg,2,Cambs,19067,NA,NA
ABR935334264296,Becken Solar 3 GmbH ＆ Co. KG,GmbH & Co. KG,Langen Brützer Weg,2,Cambs,19067,NA,NA
ABR922267365824,Obton Alfeld GmbH ＆ Co. KG,GmbH & Co. KG,Alter Kirchenweg,83,Handewitt,24983,NA,NA
ABR982614226390,Sternbach Solar GmbH ＆ Co. KG,GmbH & Co. KG,Graf-Stauffenberg-Straße,1,Amerdingen,86735,NA,NA
ABR993102056511,Vattenfall Solar Nauen GmbH,GmbH,Amerigo-Vespucci-Platz,2,Hamburg,20457,NA,NA
ABR980917087540,Vattenfall Solar Juliusburg GmbH und Co. KG,GmbH & Co. KG,Amerigo-Vespucci-Platz,2,Hamburg,20457,NA,NA
ABR937120639547,ENERTRAG Windfeld Märkischer Kreis GmbH ＆ Co. KG,GmbH & Co. KG,Dauerthal,3,Schenkenberg,17291,NA,NA
ABR913678669373,Windpark Westliches Hügelland GmbH ＆ Co. KG,GmbH & Co. KG,Dauerthal,3,Schenkenberg,17291,NA,NA
ABR906966556745,Lutze Erneuerbare Energien GmbH,GmbH,Glüsing-Eichengrund,0,Hohenwestedt,24594,NA,NA
ABR994151611768,PV Jagsal GmbH ＆ Co. KG,GmbH & Co. KG,Käthe-Kollwitz-Straße,21,Leipzig,04109,NA,NA
ABR924580649209,Bürgersolarpark Ohmenheim GmbH ＆ Co. KG,GmbH & Co. KG,Am Dehlinger Weg,3,Neresheim,73450,NA,NA
ABR987648079592,Solarpark Lauben GmbH ＆ Co. KG,GmbH & Co. KG,Dieselstraße,9,Kempten,87437,NA,NA
ABR956908632075,Windpark Loop-Schönbek GmbH ＆ Co. KG,GmbH & Co. KG,Hauptstraße,44,Zossen,15806,NA,NA
ABR934076661080,Windpark Weddelbrook GmbH ＆ Co. KG,GmbH & Co. KG,Hauptstraße,44,Zossen,15806,NA,NA
ABR987039486688,Windpark GmbH ＆ Co. Bornheim KG,GmbH & Co. KG,Holzweg,87,Aurich,26605,NA,NA
ABR902977663427,NeXtWind Tostedt-Heidenau GmbH ＆ Co. KG,GmbH & Co. KG,Kantstraße,164,Berlin,10623,www.nextwind.de,NA
ABR907853762096,PIONEXT 4 GmbH ＆ Co. KG,GmbH & Co. KG,Otto-Lilienthal-Straße,2,Alzey,55232,https://www.pionext.de/,NA
ABR977997725684,AOS Windpark Bissel GmbH ＆ Co. KG,GmbH & Co. KG,Dünhoop,5,Großenkneten,26197,NA,NA
ABR926481235130,Solaranlage Bedburg GmbH ＆Co KG,GmbH & Co. KG,Isekai,1,Hamburg,20249,NA,NA
ABR948682884269,Solaranlage Weissdorf GmbH ＆ Co KG,GmbH & Co. KG,Isekai,1,Hamburg,20249,NA,NA
ABR950965386506,Sonnenwerk Selb GmbH ＆ Co. KG,GmbH & Co. KG,Energiepark,1,Rugendorf,95365,NA,NA
ABR903497439400,Münch Smart Energy GmbH ＆ Co. KG,GmbH & Co. KG,Energiepark,1,Rugendorf,95365,NA,NA
ABR916710850241,LAURAG SO2 GmbH ＆ Co. KG,GmbH & Co. KG,Stephanitorsbollwerk,3,Bremen,28217,NA,NA
ABR971700509318,Qair SP Uebigau-Wahrenbrück GmbH ＆ Co. KG,GmbH & Co. KG,Schwanthalerstraße,75a,München,80336,NA,NA
ABR902174931350,NaGa Solar Project V GmbH,GmbH,Oeder Weg,113,Frankfurt,60318,NA,NA
ABR983176713830,DEG Solarpark 47 GmbH ＆ Co. KG,GmbH & Co. KG,Dammtorstraße,29-32,Hamburg,20354,NA,NA
ABR973668689156,VSB NeXtWind Projektentwicklungsgesellschaft Zörbig mbH ＆ Co. KG,GmbH & Co. KG,Kantstraße,164,Berlin,10623,www.nextwind.de,NA
ABR993432792585,Bürgerwind Brichter Heide GmbH ＆ Co. KG,GmbH & Co. KG,Waldweg,57,Schermbeck,46514,NA,NA
ABR917489227050,Lohnunternehmen Hesselbach GmbH,GmbH,Bölsweg,26,Unsleben,97618,NA,NA
ABR989079290348,BESS Oberröblingen GmbH ＆ Co. KG,GmbH & Co. KG,Falkensteiner Straße,77,Frankfurt,60322,NA,NA
ABR993558594889,next energy projects 2035 GmbH,GmbH,Feldstraße,4,Brachttal,63636,NA,NA
ABR959058688725,Solarpark Wetzen GmbH ＆ Co. KG,GmbH & Co. KG,Nessestraße,24,Leer,26789,NA,NA
ABR910170113816,Windpark Sien II GmbH ＆ Co. KG,GmbH & Co. KG,Arabellastraße,4,München,81925,https://www.baywa-re.com,NA
ABR989299673013,Windpark Dahme-Buckow 2 GmbH ＆ Co.KG,GmbH & Co. KG,Mittelstraße,3 B,Schönefeld,12529,NA,NA
ABR981460057547,UGE Finne GmbH ＆ Co. KG Umweltgerechte Energie,GmbH & Co. KG,Dorfstr.,20 a,Lohmen,18276,NA,NA
ABR900458747765,UGE Kröchlendorff Ost GmbH ＆ Co. KG Umweltgerechte Energie,GmbH & Co. KG,Dorfstr.,20 a,Lohmen,18276,NA,NA
ABR942117622488,UGE Schwarzfeld Eins GmbH ＆ Co. KG Umweltgerechte Energie,GmbH & Co. KG,Dorfstr.,20 a,Lohmen,18276,NA,NA
ABR980401008792,UGE Rehain Zwei GmbH ＆ Co. KG Umweltgerechte Energie,GmbH & Co. KG,Dorfstr.,20 a,Lohmen,18276,NA,NA
ABR940382505017,Bürgersolarpark Sulzfeld Sandhof GmbH ＆ Co. KG,GmbH & Co. KG,Sternshof,1,Burgkunstadt,96224,NA,NA
ABR901162720907,TEP Juno GmbH ＆ Co. KG,GmbH & Co. KG,Krefelder Straße,203,Aachen,52070,NA,NA
ABR938386207808,Mainova WP Nieder-Erlenbach GmbH ＆ Co. KG,GmbH & Co. KG,Solmsstraße,38,Frankfurt,60486,NA,NA
ABR989516174446,PIONEXT 3 GmbH ＆ Co. KG,GmbH & Co. KG,Otto-Lilienthal-Straße,2,Alzey,55232,https://www.pionext.de/,NA
ABR931557435161,Iqony 2. Battery System GmbH,GmbH,Rüttenscheider Str.,1,Essen,45128,https://www.iqony.energy/,STEAG/Iqony
ABR965484107358,eGBR am Flutgraben,GbR,St.-Ulrich-Straße,10,Todtenweis,86447,NA,NA
ABR941612291953,enercity Windpark Bosau GmbH ＆ Co. KG,GmbH & Co. KG,Nessestraße,24,Leer,26789,NA,NA
ABR938532857604,PNE WIND Park Kuhstedt III GmbH ＆ Co. KG,GmbH & Co. KG,Peter-Henlein-Straße,2-4,Cuxhaven,27472,www.pne-ag.com,NA
ABR937299659124,Energiepark Winterholz GmbH ＆ Co. KG,GmbH & Co. KG,Ziegetsdorfer Straße,109,Regensburg,93051,www.fronteris.de,NA
ABR995192216318,Energiepark Grünheide SP G GmbH ＆ Co. KG,GmbH & Co. KG,Stresemannstraße,46,Bremerhaven,27570,NA,NA
ABR934036383694,Kommunale Solarpark Gottmadingen GmbH ＆ Co. KG,GmbH & Co. KG,Johann-Georg-Fahr-Straße,10,Gottmadingen,78244,NA,NA
ABR913560966689,Energiepark Dettmannsdorf-Süd SP D GmbH ＆ Co. KG,GmbH & Co. KG,Stresemannstraße,46,Bremerhaven,27570,NA,NA
ABR954274120745,Münch EnerStore GmbH,GmbH,Energiepark,1,Rugendorf,95365,NA,Münch Energie
ABR963082122353,Münch NatureDepot GmbH,GmbH,Energiepark,1,Rugendorf,95365,NA,Münch Energie
ABR975400365656,CPC Windpark Altmark Repowering GmbH ＆ Co. KG,GmbH & Co. KG,Max-Born-Str.,1,Rheine,48431,NA,NA
ABR917328369439,PV Waren I GmbH ＆ Co. KG,GmbH & Co. KG,Bahnhofplatz,2 a,Traunstein,83278,NA,NA
ABR900995130143,Bürgersolarpark Vollstedt Betriebs GmbH ＆ Co. KG,GmbH & Co. KG,Süderdaal,2,Vollstedt,25821,NA,NA
ABR995858140360,iAccess Tau GmbH ＆ Co. KG,GmbH & Co. KG,Oltmannsstraße,3,Freiburg,79100,NA,NA
ABR950652880980,Windpark Rickertsreute GmbH,GmbH,Rickertsreute,15,Heiligenberg,88633,NA,NA
ABR945846399560,WP Schnabelwaid I GmbH ＆ Co. KG,GmbH & Co. KG,Max-Eyth-Straße,40,Ellwangen,73479,www.uhl-windkraft.de,NA
ABR966765833386,MW Storage NOB GmbH,GmbH,Rot-Kreuz-Straße,6,Wunsiedel,95632,NA,NA
ABR960381584554,E.ON Solar Solutions GmbH,GmbH,Arnulfstraße,203,München,80634,NA,NA
ABR945227290158,badenovaERNEUERBARE,GmbH,Tullastraße,61,Freiburg,79108,NA,NA
ABR972661348169,Alterric Windpark Grönland-Schönmoor GmbH ＆ Co. KG,GmbH & Co. KG,Holzweg,87,Aurich,26605,NA,NA
ABR921245514209,Energiepark SP Kolitzheim-Herlheim GmbH ＆ Co. KG,GmbH & Co. KG,Stresemannstraße,46,Bremerhaven,27570,NA,NA
ABR948497366233,VPI FlexKraft Bad Wildungen GmbH,GmbH,Illbruckstraße,NA,Bad Wildungen,34537,NA,NA
ABR954489366587,Bürgersonnenenergie Saaletal GmbH ＆ Co. KG,GmbH & Co. KG,Neue Straße,17 a,Markt Erlbach,91459,NA,NA
ABR962971017619,Windpark Niederndodeleben GmbH,GmbH,Bahnhofstraße (Niederndodeleben),1,Niederndodeleben,39167,NA,NA
ABR958326972382,ENGIE Windpark Peckelsheim GmbH,GmbH,Ella-Barowsky-Straße,44 ,Berlin,10829,https://www.engie-deutschland.de/,ENGIE
ABR995234977986,trlyr 8 GmbH ＆ Co. KG,GmbH & Co. KG,Escherweg,3,Oldenburg,26122,NA,terralayr
ABR970964155798,GETEC green H2 Zerbst GmbH,GmbH,Hauptstraße (Gehrden),16,Gehrden,39264,NA,NA
ABR926324144148,PV Basthorst-Möhnsen GmbH ＆ Co. KG,GmbH & Co. KG,Bahnhofplatz,2a,Traunstein,83278,NA,NA
ABR904745959831,wpd Windpark Süttorf Erweiterung GmbH ＆ Co. KG,GmbH & Co. KG,Stephanitorsbollwerk,3,Bremen,28217,NA,NA
ABR913337912086,Fronteris Solarpark Eichstätt GmbH ＆ Co. KG,GmbH & Co. KG,Ziegetsdorfer Straße,109,Regensburg,93051,NA,NA
ABR934227154928,1. BEN - Batterie- und Energiepark Nord GmbH ＆ Co. KG,GmbH & Co. KG,Isekai,1 a,Hamburg,20249,NA,NA
ABR915989540211,greentech invest 26 GmbH ＆ Co. KG,GmbH & Co. KG,Warburgstraße,50,Hamburg,20354,https://greentech.energy/,NA
ABR924094071145,Windpark Osterholz GmbH ＆ Co. KG,GmbH & Co. KG,Stephanitorsbollwerk,3,Bremen,28217,NA,NA
ABR974210560275,Solarpark Zengermoos GmbH ＆ Co. KG,GmbH & Co. KG,Emmy-Noether-Straße,2 ,München,80992,NA,NA
ABR909089540592,Sunnic Lighthouse Solar Invest 14 TU 7 GmbH,GmbH,Kirchenpauerstr.,26,Hamburg,20457,NA,NA
ABR981750390507,Windpark Gremsheim II GmbH ＆ Co. KG,GmbH & Co. KG,Am Torfstich,11,Edemissen,31234,NA,NA
ABR962370325698,ENERPARC Solar Invest 230 TU 11 GmbH ＆ Co. KG,GmbH & Co. KG,Kirchenpauerstr.,26,Hamburg,20457,NA,NA
ABR928941149414,BESS Werdau GmbH,GmbH,Ackerstraße,3 B,Berlin,10115,NA,NA
ABR977944827782,Windpark Nordkamp GmbH ＆ Co. KG,GmbH & Co. KG,Quendorfer Straße,34,Schüttorf,48465,NA,NA
ABR984996386877,Solarpark Stachusried GmbH ＆ Co. KG,GmbH & Co. KG,Emmy-Noether-Straße,2 ,München,80992,NA,NA
ABR953557541536,Energiepark Alpen-Bönninghardt WP AB GmbH ＆ Co. KG,GmbH & Co. KG,Stresemannstraße,46,Bremerhaven,27570,NA,NA
ABR993877656213,PVA3BL GmbH,GmbH,Königsteiner Straße,100,Bad Soden,65812,NA,NA
ABR969920753840,Solarpark Söhnstetten GmbH ＆ Co. KG,GmbH & Co. KG,In der Zwirne,50,Steinheim,89555,NA,NA
ABR936874029147,Windpark Windfart GmbH,GmbH,Gesandtenstraße,3,Regensburg,93047,NA,NA
ABR973657808643,Windpark Neuendorf A GmbH ＆ Co. KG,GmbH & Co. KG,Alt Kosenow,7,Neu Kosenow,17398,NA,NA
ABR996959271267,HSW Windpark Jüchsen GmbH ＆ Co. KG,GmbH & Co. KG,Meeboldstraße,1,Heidenheim,89522,https://www.hellenstein-solarwind.de/,NA
ABR996217537227,Windpark Rheda-Marburg GmbH ＆ Co. KG,GmbH & Co. KG,Hauptstraße,74,Rheda-Wiedenbrück,33378,NA,NA
ABR961787390190,Seerose Energie GmbH,GmbH,Maximilianstraße,54,München,80538,NA,NA
ABR982582988573,BEG Mühlhausen 2 GmbH ＆ Co. KG,GmbH & Co. KG,Energie-Allee,1,Markt Erlbach,91459,NA,NA
ABR996907813815,Altes Feld 1 GmbH ＆ Co. KG,GmbH & Co. KG,Graf-Zeppelin-Straße,69,Bad Wünnenberg,33181,NA,NA
ABR966979333931,Thermo Fisher Scientific BPG GmbH,GmbH,Öhder Straße,28,Wuppertal,42289,https://www.thermofisher.com/de/de/home.html,NA
ABR921608243999,Windpark Vellahn GmbH ＆ Co. KG,GmbH & Co. KG,Windmühlenberg,NA,Sehestedt,24814,NA,NA
ABR959333026303,HSW Solarpark Truppacherhof GmbH ＆ Co. KG,GmbH & Co. KG,Meeboldstraße,1,Heidenheim,89522,NA,NA
ABR977077669099,ENERPARC Solar Invest 230 TU 19 GmbH ＆ Co. KG,GmbH & Co. KG,Kirchenpauerstr.,26,Hamburg,20457,NA,NA
ABR920976595662,innoVent WP Esenshammergroden,GmbH & Co. KG,Oldenburger Straße,49,Varel,26316,www.innovent.eu,NA
ABR986681139157,Windpark Merzdorfer Heide II GmbH ＆ Co. KG,GmbH & Co. KG,Zu den Sandbeeten,1 b,Marburg,35043,NA,NA
ABR967341180030,wpd Windpark Goch-Nierswalde GmbH ＆ Co. KG,GmbH & Co. KG,Stephanitorsbollwerk,3,Bremen,28217,NA,NA
ABR920811141658,BürgerSolarpark Rössing 1,GmbH & Co. KG,Palo-Alto-Platz,11,Heidelberg,69124,NA,NA
ABR955162006424,Windpark Mittelkoog GmbH ＆ Co. KG,GmbH & Co. KG,Kastanienweg,3,Marne,25709,NA,NA
ABR995104063078,Bürgersolarpark Waizenbach GmbH ＆ Co. KG,GmbH & Co. KG,Bahnhofplatz,2 a,Traunstein,83278,NA,NA
ABR925200976859,wpd Windpark Grüppenbühren Repowering GmbH ＆ Co. KG,GmbH & Co. KG,Stephanitorsbollwerk,3,Bremen,28217,NA,NA
ABR977696921097,East Energy PV Detershagen GmbH ＆ Co. KG,GmbH & Co. KG,Goethestr.,19,Rostock,18055,NA,NA
ABR971158249187,Windpark Ilsdörp GmbH ＆ Co. KG,GmbH & Co. KG,Alter Weg,23,Cuxhaven,27478,NA,NA
ABR952556378457,Bürgerwindpark Krautheim-Oberginsbach GmbH ＆ Co. KG,GmbH & Co. KG,Bachwiesenstraße,11,Niedernhall,74676,www.buergerwindpark.de,NA
ABR993580112310,Bürgerwindpark Künsbach-Etzlinsweiler GmbH ＆ Co. KG,GmbH & Co. KG,Bachwiesenstraße,11,Niedernhall,74676,www.buergerwindpark.de,NA
ABR939294556224,Windpark Belum Repowering GmbH ＆ Co. KG,GmbH & Co. KG,Stephanitorsbollwerk,3,Bremen,28217,www.nextwind.de,NA
ABR953136564307,Energiepark Langen GmbH ＆ Co. KG,GmbH & Co. KG,Ruten,23,Langen,49838,NA,NA
ABR935946752716,MIBRAG Kraftwerk Lippendorf GmbH,GmbH,Glück-Auf-Straße,1,Zeitz,06711,NA,EPH
ABR961208702335,Alterric Windpark GmbH ＆ Co. Northeim KG,GmbH & Co. KG,Holzweg,87,Aurich,26605,NA,NA
ABR929966356108,ENOVA Windpark Wirdum-Grashaus GmbH ＆ Co. KG,GmbH & Co. KG,Steinhausstraße,112,Bunde,26831,www.enova.de,NA
ABR963537983492,VB-EF Windpark Bergmoor GmbH ＆ Co. KG,GmbH & Co. KG,Nordring,2,Sögel,49751,NA,NA
ABR923641285301,Energiepark Galgenberg GmbH ＆ Co.KG,GmbH & Co. KG,Johannisstraße,1,Chemnitz,09111,NA,NA
ABR968855259731,BürgerWind Gaishecke 2 GmbH ＆ Co. Betriebs KG,GmbH & Co. KG,Dickesstraße,1,Heringen,36266,NA,NA
ABR924608941490,Windpark Bennerhorst UG (haftungsbeschränkt),UG (haftungsbeschränkt),Neumühlstraße,24,Brachttal,63636,NA,NA
ABR901858714869,Windpark Bahrendorf II GmbH ＆ Co. KG,GmbH & Co. KG,Stau,91,Oldenburg,26122,NA,NA
ABR921989374527,mdp GmbH ＆ Co. WP Nauen KG,GmbH & Co. KG,Stau,91,Oldenburg,26122,NA,NA
ABR937152666788,Solarkraftwerk Borgdorf-Seedorf ＆ Co. KG,GmbH & Co. KG,Schlüterstraße,54,Berlin,10629,https://www.urbasolar.com/,NA
ABR918199406025,Eisenacher Versorgungs- Betriebe GmbH,GmbH,An der Feuerwache,4,Eisenach,99817,www.evb-energy.de,NA
ABR923323862769,Windpark Windmühlenberg GbR,GbR,Espel,15,Langen,49838,NA,NA
ABR992343887144,Statkraft Erneuerbare GmbH,GmbH,Derendorfer Allee,2 a,Düsseldorf,40476,www.statkraft.de,NA
ABR963723966513,Vattenfall wiwi consult Erneuerbare Energie Südwest GmbH,GmbH,Rheinstraße,43-45,Mainz,55116,NA,Vattenfall
ABR985161921510,ABO Energy WP Hünxe GmbH ＆ Co. KG,GmbH & Co. KG,Oberdorfstraße,10,Ingelheim,55262,NA,NA
ABR968082410004,Bürgerwindpark Sehlingen GmbH ＆ Co. KG,GmbH & Co. KG,Dickenort,9,Kirchlinteln,27308,NA,NA
ABR986981057069,ABO Energy Windpark 23 GmbH ＆ Co. KG,GmbH & Co. KG,Oberdorfstraße,10,Ingelheim,55262,NA,NA
ABR989467822106,mdp GmbH ＆ Co. WP Nauen II KG,GmbH & Co. KG,Stau,91,Oldenburg,26122,NA,NA
ABR943901418713,8Energies Wehr GmbH,GmbH,Brunnenstraße,13,Berlin,10119,8energies.de,NA
ABR993308834098,Windpark Dolgesheim GmbH ＆ Co. KG,GmbH & Co. KG,Stephanitorsbollwerk,3,Bremen,28217,NA,NA
ABR959167463930,WKA Helleberg GmbH ＆ Co. KG,GmbH & Co. KG,Pfarrer-Schlottmann-Straße,18,Altenbeken,33184,NA,NA
ABR962608120248,S+S Solarfonds Gerbach GmbH ＆ Co. KG,GmbH & Co. KG,Brüsseler Straße,5,Limburg,65552,NA,NA
ABR978703657978,Bürgerwindpark BHU Betriebs GmbH ＆ Co. KG,GmbH & Co. KG,Dorfstraße,4,Bosbüll,25899,NA,NA
ABR924414865850,RP Deutschland 4 UG,UG (haftungsbeschränkt),Friedrichstraße,120,Berlin,10117,https://rpower.energy/de/,NA
ABR996019161200,Bürger-Wind Oberrammersdorf GmbH ＆ Co. KG,GmbH & Co. KG,Lauterbach,10,Geslau,91608,NA,NA
ABR941618547160,Bürgerwind Neuwarendorf-Walgern GmbH ＆ Co. KG,GmbH & Co. KG,Neuwarendorf,8,Warendorf,48231,NA,NA
ABR986976672796,Wind energy Ahle GmbH ＆ Co. KG,GmbH & Co. KG,Ahle,127,Heek,48619,NA,NA
ABR938812757693,PEE Projekt Entwicklungsgesellschaft Erneuerbare Energien GmbH ＆ Co. KG,GmbH & Co. KG,Burgblick,12,Neuerburg,54673,NA,NA
ABR932444072698,PVA Hechthausen 1 GmbH ＆ Co. KG,GmbH & Co. KG,Gerhofstraße,1 -3,Hamburg,20354,NA,NA
ABR967067555860,reVenton Windpark BW1 GmbH ＆ Co. KG,GmbH & Co. KG,Hinterer Meßhof,4,Külsheim,97900,www.reventon-partners.com,NA
ABR911085031288,WP Hasselwiese,GmbH & Co. KG,Marquardweg,7,Soest,59494,NA,NA
ABR984968214306,Bürgerwind Am Rohrholz GmbH ＆ Co. KG,GmbH & Co. KG,Maierhof,1,Buttenwiesen,86647,NA,NA
ABR942003369305,Field Waldkappel GmbH ＆ Co. KG,GmbH & Co. KG,Reeperbahn,1,Hamburg,20359,NA,NA
ABR960133702182,VSB Neue Energien Deutschland,GmbH,Schweizer Straße,3 a,Dresden,01069,NA,NA
ABR925014608434,Windpark Burglengenfeld Betreibergesellschaft mbH ＆ Co. KG,GmbH & Co. KG,Am Ahornhof,1,Schwandorf,92421,https://wind18.de/,NA
ABR952712745970,WP Neubörger III GmbH ＆ Co. KG,GmbH & Co. KG,Schicklerstraße,5-7,Berlin,10179,NA,NA
ABR960670868358,GW-Wind GbR,GbR,Geitendorf,33,Rosendahl,48720,NA,NA
ABR924055199987,Bürgerwindenergie Nittenau GmbH ＆ Co. KG,GmbH & Co. KG,Neue Straße,17 a,Markt Erlbach,91459,NA,NA
ABR945646772716,wpd Windpark Zootzen GmbH ＆ Co. KG,GmbH & Co. KG,Stephanitorsbollwerk,3,Bremen,28217,NA,NA
ABR917499774001,RRM2023 GmbH ＆ Co. KG,GmbH & Co. KG,Bornweg,28,Bad Essen,49152,NA,NA
ABR953567413915,Bioenergie Nord GmbH,GmbH,Schulweg,2,Moorweg,26427,https://bioenergie-nord.de/,NA
ABR903701300762,Windenergie Rüthen Wald GmbH ＆ Co. KG,GmbH & Co. KG,Hochstraße,14,Rüthen,59602,NA,NA
ABR969670369063,KNE Windpark Nr. 17 GmbH ＆ Co. KG,GmbH & Co. KG,Obotritenring,40,Schwerin,19053,NA,NA
ABR915869018427,ABO Energy Windpark 24 GmbH ＆ Co. KG,GmbH & Co. KG,Oberdorfstraße,10,Ingelheim,55262,NA,NA
ABR996359690675,Energiewerk Jura GmbH ＆ Co. KG,GmbH & Co. KG,Schmiedgasse,1,Nennslingen,91790,www.energiewerk-jura.de,NA
ABR974716387383,NATURWERK Windenergie GmbH,GmbH,Doncaster Platz 5-7,NA,Herten,45699,https://www.naturwerk-wind.de/,NA
ABR984809500322,Windenergie Kierit GmbH ＆ Co. KG,GmbH & Co. KG,Westenborkener Straße,28,Borken,46325,NA,NA
ABR994578017068,Windenergie Lanzenhagen GmbH ＆ Co. KG,GmbH & Co. KG,Lanzenhagen,19,Raesfeld,46348,NA,NA
ABR949682291606,Bürgerwindpark Bimolten I GmbH,GmbH,Schoolsteege,7,Nordhorn,48527,NA,NA
ABR990343532385,Windpark Altenheerse GmbH ＆ Co. KG,GmbH & Co. KG,Lange Straße,34,Willebadessen,34439,www.hellwegwind.de,NA
ABR995856068321,Windenergie Bühne GmbH ＆ Co. KG,GmbH & Co. KG,Vattmannstraße,3,Paderborn,33100,www.hellwegwind.de,NA
ABR906803746957,Kunrau Instant Power GmbH ＆ Co. KG,GmbH & Co. KG,Großer Hillen,26,Hannover,30559,NA,NA
ABR997369369971,Knipsberg Windpark Verwaltungs GbR,GbR,Renker Weg,1,Bad Lippspringe,33175,NA,NA
ABR947164911776,3Energy Projekt GmbH＆Co.KG,GmbH & Co. KG,Am Steinberg,7,Großschirma,09603,https://3energy.eu,NA
ABR901435374530,enercity Windpark Schleife GmbH ＆ Co. KG,GmbH & Co. KG,Spremberger Weg,72,Schleife,02959,NA,NA
ABR911559623568,Alterric Windpark Rosenthal GmbH,GmbH,Holzweg,87,Aurich,26605,NA,NA
ABR906942683205,trlyr 9 GmbH ＆ Co. KG,GmbH & Co. KG,Zionskirchstraße,73 A,Berlin,10119,NA,terralayr
ABR940405019378,Windpark Bredenbek GmbH,GmbH,Kronsburger Redder,18,Bredenbek,24796,NA,NA
ABR959007905910,juwi Wind Germany 265 GmbH ＆ Co. KG,GmbH & Co. KG,Energie-Allee,1,Wörrstadt,55286,NA,NA
ABR932513068799,ABO Energy Windpark 25 GmbH ＆ Co. KG,GmbH & Co. KG,Oberdorfstraße,10,Ingelheim,55262,NA,NA
ABR945602127192,208. WestWind Windpark,GmbH & Co. KG,Brinkstraße,25,Kirchdorf,27245,NA,NA
ABR909614062537,UGE Wulfen Eins GmbH ＆ Co. KG Umweltgerechte Energie,GmbH & Co. KG,Dorfstr.,20 a,Lohmen,18276,NA,NA
ABR958389392783,182. WestWind Windpark,GmbH & Co. KG,Brinkstraße,25,Kirchdorf,27245,NA,NA
ABR919179295516,Windpark Homberg GmbH ＆ Co. KG,GmbH & Co. KG,Zehrensdorfer Straße,4,Zossen,15806,NA,NA
ABR950570238580,ABO Energy WP St. Gangloff GmbH ＆ Co. KG,GmbH & Co. KG,Oberdorfstraße,10,Ingelheim,55262,NA,NA
ABR926141462586,Vattenfall Solar Bärwalde GmbH ＆ Co. KG,GmbH & Co. KG,Amerigo-Vespucci-Platz,2,Hamburg,20457,NA,NA
ABR903778455914,Windpark Hermannstein GmbH ＆ Co. KG,GmbH & Co. KG,Stahltwiete,21 a,Hamburg,22761,NA,NA
ABR906653984936,Solarkraftwerk Eisendorf GmbH ＆ Co. KG,GmbH & Co. KG,Schlüterstraße,54,Berlin,10629,NA,NA
ABR983113762846,Schoenergie Batteriespeicher Föhren GmbH,GmbH,Marie-Curie-Allee,10,Föhren,54343,NA,NA
ABR936348298444,Windpark Kilbe Mitte GmbH ＆ Co. KG,GmbH & Co. KG,Dorfstraße,53,Münchhausen,35117,NA,NA
ABR955228587003,Windpark Lüssow-Schmatzin GmbH ＆ Co. KG,GmbH & Co. KG,Stephanitorsbollwerk,3,Bremen,28217,https://www.wpd.de,NA
ABR951295961296,Westfalen Weser Energieerzeugung GmbH ＆ Co. KG,GmbH & Co. KG,Tegelweg,25,Paderborn,33102,www.westfalenweser.com,NA
ABR937588810786,Photovoltaik-Solarpark Merenberg-Allendorf GmbH,GmbH,Oeder Weg,113,Frankfurt,60318,NA,NA
ABR914358874711,BESS Strübbel,GmbH & Co. KG,Valentinskamp,70,Hamburg,20355,NA,NA
ABR934161876887,Windpark Pülfringer Höhe GmbH ＆ Co. KG,GmbH & Co. KG,Balanstraße,73,München,81541,https://tion-renewables.com/,NA
ABR988159782957,Windpark Rosacker Nord GmbH ＆ Co. KG,GmbH & Co. KG,Ackerende,15,Silberstedt,24887,NA,NA
ABR917598812901,ECO POWER FIVE GmbH,GmbH,Sonnenallee,1,Kirchheim,85551,NA,NA
ABR920166067344,Alterric Windpark Steinheim II GmbH ＆ Co. KG,GmbH & Co. KG,Holzweg,87,Aurich,26605,NA,NA
ABR936133174656,Energiepark Reichertsweiler GmbH ＆ Co. KG,GmbH & Co. KG,Reichertsweiler,1,Donauwörth,86609,NA,NA
ABR935994482627,juwi Wind Germany 274 GmbH ＆ Co. KG,GmbH & Co. KG,Energie-Allee,1,Wörrstadt,55286,NA,NA
ABR971239871825,SKW Rocks,GmbH & Co. KG,Yorckstraße,20,Regensburg,93049,thedillinergroup.de,NA
ABR990642440275,Könergie GmbH ＆ Co. KG,GmbH & Co. KG,Marktplatz,2,Bad Königshofen,97631,NA,NA
ABR912600635516,Alterric Windpark Sassenberg Repowering GmbH ＆ Co. KG,GmbH & Co. KG,Holzweg,87,Aurich,26605,NA,NA
ABR962731433291,mainCubes One GmbH,GmbH,Tilsiter Straße,1,Frankfurt,60487,www.maincubes.com,NA
ABR903523720342,MLK Windpark Schülldorf Nr. 114 GmbH ＆ Co. KG,GmbH & Co. KG,In Tenholt,33,Erkelenz,41812,mlk-gruppe.de,NA
ABR990770590026,Solarpark Obere Breiten,GmbH & Co. KG,St.-Kassians-Platz,6,Regensburg,93047,NA,NA
ABR902592972270,Tauber-Solar Management GmbH,GmbH,Siemensstraße,7,Tauberbischofsheim,97941,NA,NA
ABR907100802209,GREE Groß Buchwald-Bissee GmbH ＆ Co. KG,GmbH & Co. KG,Windmühlenberg,NA,Sehestedt,24814,NA,NA
ABR912357436060,Anumar Solarpark Rohr i.NB GmbH ＆ Co. KG,GmbH & Co. KG,Haunwöhrer Straße,21,Ingolstadt,85051,NA,NA
ABR958698652363,PV Memmendorf GmbH ＆ Co. KG,GmbH & Co. KG,Bahnhofplatz,2,Traunstein,83278,NA,NA
ABR906035877269,PV St Vit GmbH ＆ Co. KG,GmbH & Co. KG,Bahnhofplatz,2,Traunstein,83278,NA,NA
ABR925862017051,Solarpark Uissigheim GmbH ＆ Co. KG,GmbH & Co. KG,Gerhofstraße,1 -3,Hamburg,20354,www.parq-energy.de,NA
ABR954708495470,Windpark GmbH ＆ Co. Hasenmoor KG,GmbH & Co. KG,Holzweg,87,Aurich,26605,NA,NA
ABR966952839283,Bürgerwindpark Norderhof III GmbH ＆ Co. KG,GmbH & Co. KG,Gotteskoogdeich,32,Galmsbüll,25899,NA,NA
ABR915563479555,SonnenEnergie Seesen Kirchberg GmbH ＆ Co. KG,GmbH & Co. KG,Alte Dorfstraße,1,Seesen,38723,NA,NA
ABR986258318664,SP 29 GmbH ＆ Co. KG,GmbH & Co. KG,Nordparkstraße,30,Cottbus,03044,NA,NA
ABR964434969466,GPJ Windpark Galmsbüll GmbH ＆ Co. KG,GmbH & Co. KG,Cecilienkoog,16,Reußenköge,25821,NA,NA
ABR927245184800,Anumar Solarpark Hohenwart IV GmbH ＆ Co. KG,GmbH & Co. KG,Haunwöhrer Straße,21,Ingolstadt,85051,NA,NA
ABR997418353098,Ventus Bene Consideratus GmbH ＆ Co. KG I,GmbH & Co. KG,Zur Egge,17,Marsberg,34431,NA,NA
ABR922657176535,PROKON Windpark Blumberg II GmbH ＆ Co. KG,GmbH & Co. KG,Kirchhoffstraße,3,Itzehoe,25524,www.prokon.net,NA
ABR941911946233,Windpark Frettertal GmbH ＆ Co. KG,GmbH & Co. KG,Lombardenstraße,12 /22,Aachen,52070,NA,NA
ABR974539103481,Bürgersolarpark Sulzfeld Kleinbardorf GmbH ＆ Co. KG,GmbH & Co. KG,Sternshof,1,Burgkunstadt,96224,NA,NA
ABR906639914520,Mark 1 GmbH ＆ Co. KG,GmbH & Co. KG,Graf-Zeppelin-Straße,69,Bad Wünnenberg,33181,NA,NA
ABR964329550144,Neue Energie Werke 3 GmbH ＆Co. KG,GmbH & Co. KG,Haid,1,Niederaichbach,84100,NA,NA
ABR907996347686,Windpark Höheinöd R GmbH,GmbH,Rheinstraße,43-45,Mainz,55116,NA,NA
ABR952984721870,Bürgersolarpark Alsleben West GmbH ＆ Co. KG,GmbH & Co. KG,Sternshof,1,Burgkunstadt,96224,NA,NA
ABR986860240483,RheinEnergie Speicher Einbeck GmbH ＆ Co. KG,GmbH & Co. KG,Parkgürtel,24,Köln,50823,NA,NA
ABR992451601953,SESP Photovoltaik Schladen GmbH und Co. KG,GmbH & Co. KG,Oststraße,7,Schladen,38315,www.ebert-energie.de,NA
ABR942075601600,GETEC green PV Zerbst 6 GmbH,GmbH,Hauptstraße (Gehrden),16,Gehrden,39264,NA,NA
ABR989694130746,BEE Solarpark Aulendorf GmbH ＆ Co. KG,GmbH & Co. KG,Jungfernstieg,51,Hamburg,20354,NA,NA
ABR918346668238,Anumar Solarpark Rohrbach X GmbH ＆ Co. KG,GmbH & Co. KG,Haunwöhrer Straße,21,Ingolstadt,85051,NA,NA
ABR926438919984,PVA Euskirchen Infrastruktur GmbH ＆ Co. KG,GmbH & Co. KG,Schramberger Straße,18,Rottweil,78628,NA,NA
ABR997540835660,AD Buckow Eibenstock,GmbH,Yorckstraße,20,Regensburg,93049,thedillinergroup.de,NA
ABR965293603973,AD Kargow,GmbH,Yorckstraße,20,Regensburg,93049,thedillinergroup.de,NA
ABR998730980924,UNERA BESS Bergtheim GmbH,GmbH,Untere Hauptstraße,10,Bergtheim,97241,NA,NA
ABR970373811872,Windpark Müncheberg-Mittelheide GmbH ＆ Co. KG,GmbH & Co. KG,Stephanitorsbollwerk,3,Bremen,28217,www.wpd.de,NA
ABR928191160672,BEE Solarpark Schafhöfen GmbH ＆ Co. KG,GmbH & Co. KG,Jungfernstieg,51,Hamburg,20354,blueelephantenergy.com,NA
ABR954110500465,ESG Kraftwerke Wettin GmbH ＆ Co. KG,GmbH & Co. KG,Straße Am Gutshof,13,Wettin-Löbejün,06193,NA,NA
ABR976650410066,WP Wulfshagen Repowering GmbH ＆ Co. KG,GmbH & Co. KG,Straße des Friedens,34 C,Teuchern,06682,NA,NA
ABR907203708323,Windpark Stocksol GmbH,GmbH,Bahnhofstraße,1,Angelburg,35719,NA,NA
ABR919254775070,Lechwerke AG,AG,Schaezlerstraße,3,Augsburg,86150,NA,NA
ABR916799065208,Windkraft Etteln GmbH ＆ Co. KG,GmbH & Co. KG,Bohmweg,17,Borchen,33178,NA,NA
ABR941150878128,Windpark Merlsheim GmbH ＆Co. KG,GmbH & Co. KG,Hauptstraße,74,Rheda-Wiedenbrück,33378,NA,NA
ABR905306530049,Windpark  Bremen-Rekum Repowering GmbH ＆ Co. KG,GmbH & Co. KG,Hauptstraße,44,Zossen,15806,NA,NA
ABR952166828663,Balder B02 - P I GmbH ＆ Co. KG,GmbH & Co. KG,Gartenstr.,1,Brunow,19372,NA,NA
ABR962498235886,Windpark Weißenborn-Lichtenberg GmbH,GmbH,Am Steinberg,7,Großschirma,09603,NA,NA
ABR996320810545,ENERPARC Solar Invest 230 TU 21 GmbH ＆ Co. KG,GmbH & Co. KG,Kirchenpauerstr.,26,Hamburg,20457,NA,NA
ABR962822135035,Sonnenfeld Eins Regenstauf,GmbH & Co. KG,Peter-Henlein-Straße,5,Regenstauf,93128,www.thedillingergroup.de,NA
ABR916019984036,Enerkraft GmbH,GmbH,Kirchgasse,7,Erlenbach,74235,NA,NA
ABR963637873662,Sonnenfeld Zwei Regenstauf,GmbH & Co. KG,Peter-Henlein-Straße,5,Regenstauf,93128,www.thedillingergroup.de,NA
ABR910489390564,Danpower New Energy GmbH,GmbH,Otto-Braun-Platz,1,Potsdam,14467,www.danpower.de,Danpower
ABR952417704500,Sonnenfeld Elf Regenstauf,GmbH & Co. KG,Peter-Henlein-Straße,5,Regenstauf,93128,www.thedillingergroup.de,NA
ABR921251595100,ERG Windpark Jeggeleben GmbH ＆ Co. KG,GmbH & Co. KG,Jungfernstieg,1,Hamburg,20095,www.erg.eu,NA
ABR953545704097,BEE Solarpark Pingelshagen GmbH ＆ Co. KG,GmbH & Co. KG,Jungfernstieg,51,Hamburg,20354,blueelephantenergy.com,NA
ABR946062837478,BEE Solarpark Trebbow GmbH ＆ Co. KG,GmbH & Co. KG,Jungfernstieg,51,Hamburg,20354,blueelephantenergy.com,NA
ABR952481560699,Solavest Monbrunn GmbH ＆ Co. KG,GmbH & Co. KG,Monbrunn,1,Miltenberg,63897,NA,NA
ABR976262636878,SachsenEnergie Windpark Würselen GmbH ＆ Co. KG,GmbH & Co. KG,Friedrich-List-Platz,2,Dresden,01069,NA,NA
ABR954492621888,BEE Solarpark Alt Meteln GmbH ＆ Co. KG,GmbH & Co. KG,Jungfernstieg,51,Hamburg,20354,blueelephantenergy.com,NA
ABR987283567195,Windpark Großenhain Nord GmbH ＆ Co. KG,GmbH & Co. KG,Klostergasse,1,Großenhain,01558,NA,NA
ABR994090134038,SachsenEnergie Windpark Mannichswalde GmbH ＆ Co. KG,GmbH & Co. KG,Friedrich-List-Platz,2,Dresden,01069,NA,NA
ABR922098073530,Energiepark Donstorf WP DO I GmbH ＆ Co. KG,GmbH & Co. KG,Stresemannstraße,46,Bremerhaven,27570,NA,NA
ABR925398545172,Windenergie Schweckhausen GmbH ＆ Co. KG,GmbH & Co. KG,Renker Weg,1,Bad Lippspringe,33175,NA,NA
ABR961422607768,UGE Papenburg GmbH ＆ Co. KG Umweltgerechte Energie,GmbH & Co. KG,Dorfstr.,20 a,Lohmen,18276,NA,NA
ABR961002678478,GERES Power III GmbH,GmbH,An den Bergen,28,Frankfurt,60437,NA,NA
ABR995078518420,Windpark Erlte-Endel GmbH ＆ Co. KG,GmbH & Co. KG,Bornweg,28,Bad Essen,49152,NA,NA
ABR981046610791,Windpark Volsemenhusen Nord GmbH ＆ Co. KG,GmbH & Co. KG,Harsemenhusen,1,Volsemenhusen,25693,NA,NA
ABR901195520642,Anumar Solarpark Hohenwart II GmbH ＆ Co. KG,GmbH & Co. KG,Haunwöhrer Straße,21,Ingolstadt,85051,NA,NA
ABR970859607036,Mühlenhorster WIND GmbH ＆ Co. KG,GmbH & Co. KG,Campen,17,Borstel,27246,NA,NA
ABR979284923346,Ho-PV GmbH ＆ Co. KG,GmbH & Co. KG,Obere Stettwegäcker,7,Frankenhardt,74586,NA,NA
ABR903766811210,Bürgerenergie Gehrden GbR,GbR,Vattmannstraße,3,Paderborn,33100,www.hellwegwind.de,NA
ABR950279566267,DEG Solarpark 46 GmbH ＆ Co. KG,GmbH & Co. KG,Dammtorstraße,30,Hamburg,20354,NA,NA
ABR948752979505,Windenergie Berthelsdorf GmbH ＆ Co. KG,GmbH & Co. KG,Großhartmannsdorfer Straße,15,Brand-Erbisdorf,09618,NA,NA
ABR934635875712,ENERPARC Solar Invest 230 TU 64 GmbH ＆ Co. KG,GmbH & Co. KG,Kirchenpauerstr.,26,Hamburg,20457,NA,NA
ABR903150079295,Hopen Sonnenenergie GmbH ＆ Co. KG,GmbH & Co. KG,Dammtorstraße,30,Hamburg,20354,NA,NA
ABR958577446472,CCE Sonnenernte Döbernitz GmbH ＆ Co. KG,GmbH & Co. KG,Beerendorfer Anger,68,Delitzsch,04509,NA,NA
ABR963903489788,Solarpark Sinzing GmbH ＆ Co. KG,GmbH & Co. KG,Höherweg,100,Düsseldorf,40233,NA,NA
ABR912387761507,Klaron Neunte Energie GmbH,GmbH,Dammtorstraße,30,Hamburg,20354,NA,NA
ABR925519591187,Stadtwerke Schrobenhausen KU,Anstalt des öffentlichen Rechts,Carl-Poellath-Straße,19,Schrobenhausen,86529,www.stadtwerke-sob.de,NA
ABR962463550907,Windpark Rakow West GmbH ＆ Co. KG,GmbH & Co. KG,Peckhauser Straße,11,Mettmann,40822,NA,NA
ABR979040163139,Tibo Photovoltaik Gottesgabe 3 GmbH ＆ Co. KG,GmbH & Co. KG,Bahnhofstraße,24,Neutrebbin,15320,www.envitec-wind-solar.de,NA
ABR949537731165,ABO Energy WP Hasenberg GmbH ＆ Co. KG,GmbH & Co. KG,Oberdorfstraße,10,Ingelheim,55262,NA,NA
ABR940899087853,PWG GmbH ＆ Co. Windpark Hiddels KG,GmbH & Co. KG,Alexanderstraße,404 b,Oldenburg,26127,NA,NA
ABR954144876499,ABO Energy Solarpark 4 GmbH ＆ Co. KG,GmbH & Co. KG,Oberdorfstraße,10,Ingelheim,55262,NA,NA
ABR932295316811,WI Projekte Spangdahlem GmbH ＆ Co. KG,GmbH & Co. KG,Auf dem Petrisberg,4,Trier,54296,NA,NA
ABR993725160466,UGE Röddensen GmbH ＆ Co. KG Umweltgerechte Energie,GmbH & Co. KG,Dorfstr.,20 a,Lohmen,18276,NA,NA
ABR966979848084,enercity Windpark Rohne GmbH ＆ Co. KG,GmbH & Co. KG,Spremberger Weg,72,Schleife-Rohne,02959,NA,NA
ABR920920258896,Windpark Giershagen,GmbH & Co. KG,Hundebusch,5,Marsberg,34431,NA,NA
ABR998433954819,Solarpark MSP4 GmbH ＆ Co.KG,GmbH & Co. KG,Im Hahlenfeld,2,Bessenbach,63856,NA,NA
ABR916833054519,Occare Ventus GmbH ＆ Co.KG,GmbH & Co. KG,Am Eichenkamp,16,Altenbeken,33184,NA,NA
ABR919536831791,Sunnic Lighthouse Solar Invest 18 TU 8 GmbH ＆ Co. KG,GmbH & Co. KG,Kirchenpauerstr.,26,Hamburg,20457,NA,NA
ABR967635263753,Windpark Müden/Aller GmbH,GmbH,Landstraße,15,Müden,38539,www.windstrom.de,NA
ABR941226269942,Solarkraftwerk Halenbeck-Rohlsdorf GmbH,GmbH,Wittstocker Damm,11,Halenbeck-Rohlsdorf,16945,NA,NA
ABR918408670575,Solarkraftwerk Halenbeck-Rohlsdorf II GmbH,GmbH,Wittstocker Damm,11,Halenbeck-Rohlsdorf,16945,NA,NA
ABR936984888139,ATE Windpark Warburg,GmbH & Co. KG,Kleinoberfeld,5,Karlsruhe,76135,NA,NA
ABR940247169194,ATE Windpark Trischelwald,GmbH & Co. KG,Kleinoberfeld,5,Karlsruhe,76135,NA,NA
ABR965074943014,BESS Tirpersdorf GmbH,GmbH,Ackerstraße,3 B,Berlin,10115,NA,NA
ABR963014021327,Prinz Wittgenstein Projektentwicklung (Ludwig Ferdinand Prinz zu Sayn-Wittgenstein-Berleburg),Einzelunternehmen,Schloß Wittgenstein,1,Bad Laasphe,57334,www.wittgenstein-wind.de,NA
ABR961609301786,Windpark Grevelau GmbH ＆ Co. KG,GmbH & Co. KG,Schloßring,50,Winsen,21423,NA,NA
ABR974394854580,wpd Windpark Ganderkesee GmbH ＆ Co. KG,GmbH & Co. KG,Stephanitorsbollwerk,3,Bremen,28217,NA,NA
ABR935629331139,wpd Windpark Hude GmbH ＆ Co. KG,GmbH & Co. KG,Stephanitorsbollwerk,3,Bremen,28217,NA,NA
ABR944879894691,ATE Windpark Weinbach-Weilmünster GmbH ＆ Co. KG,GmbH & Co. KG,Unter den Linden,21,Berlin,10117,NA,NA
ABR990322982668,Kraftwerk Eberswalde GmbH (HoKaWe),GmbH,Angermünder Straße,68,Eberswalde,16225,kreiswerke-barnim.de,NA
ABR964277312603,Solar Energie Hoym GmbH ＆ Co. KG,GmbH & Co. KG,Ballenstedter Str.,24 A,Hoym,06467,NA,NA
ABR942309652231,Bürgerwindenergie Harter Forst GmbH ＆ Co. KG,GmbH & Co. KG,Neue Straße,17 a,Markt Erlbach,91459,NA,NA
ABR989992323987,Bürgerwindenergie Polsingen GmbH ＆ Co. KG,GmbH & Co. KG,Neue Straße,17 a,Markt Erlbach,91459,NA,NA
ABR933311315184,Windpark Schafstedt GmbH ＆ Co. KG,GmbH & Co. KG,Hohenhörner Straße,9,Schafstedt,25725,NA,NA
ABR993257910102,K/S Hydrovind XI,Sonstige,Gammel Kirkevej,16,Støvring,9530,NA,NA
ABR998288295426,Ökowindpark Hinrichs GmbH,GmbH,Lange Straße,22,Groß Berßen,49777,NA,NA
ABR965616531563,WP Breddenberg GmbH ＆ Co. KG,GmbH & Co. KG,Schicklerstraße,5-7,Berlin,10179,NA,NA
ABR948822076561,Vattenfall Solar Martensdorf GmbH,GmbH,Amerigo-Vespucci-Platz,2,Hamburg,20457,NA,NA
ABR908998012282,Windkraft Dachau GbR,GbR,Sollner Straße,10,München,81479,NA,NA
ABR942137824015,WPS GmbH ＆ Co. KG,GmbH & Co. KG,Jerrisbeker Weg,4,Sollerup,24852,NA,NA
ABR909456206991,Windpark Ostercappeln-Belm GmbH,GmbH,Schicklerstraße,5-7,Berlin,10179,NA,NA
ABR934410449091,FEFA Windpark III,GmbH & Co. KG,Südwall,3,Stendal,39576,www.fefa-wind.de,NA
ABR954720125034,Batteriespeicher Knetzgau GmbH,GmbH,Sternshof,1,Burgkunstadt,96224,NA,NA
ABR990512880934,SÜDWERK P1 Grünstrom 1 GmbH ＆ Co. KG,GmbH & Co. KG,Sternshof,1,Burgkunstadt,96224,NA,NA
ABR911022287327,WP Jagstzell Projekt I GmbH ＆ Co.KG,GmbH & Co. KG,Schlierbacher Straße,2,Kirchheim,73230,www.w-i-n-d-energien.de,NA
ABR907296853429,WP Jagstzell Projekt II GmbH ＆ Co.KG,GmbH & Co. KG,Schlierbacher Straße,2,Kirchheim,73230,www.w-i-n-d-energien.de,NA
ABR935924593300,Gemeinde Ense,Körperschaft des öffentlichen Rechts,Am Spring,4,Ense,59469,www.gemeinde-ense.de,NA
ABR983850229015,Windpark Lattenberg Dienstleistungs GmbH,GmbH,Rönkhauser Straße,26,Arnsberg,59757,NA,NA
ABR928374642575,green flexibility BESS Balzhausen 2 GmbH,GmbH,Bahnhofstraße,6,Kempten,87435,https://www.green-flexibility.com/,NA
ABR936015658243,BürgerEnergiePark Druiberg GmbH ＆ Co. KG,GmbH & Co. KG,Butterberg,157 C,Dardesheim,38836,https://buergerenergie-druiberg.de/,NA
ABR953023318433,WPF Windpark Franzenheim GmbH,GmbH,Luymühle,NA,Neumagen-Dhron,54347,NA,NA
ABR927362637272,wpd Windpark Nr. 672 GmbH ＆ Co. KG,GmbH & Co. KG,Stephanitorsbollwerk,3,Bremen,28217,NA,NA
ABR923982926277,BürgerWind Vorster Heide GmbH ＆ Co. KG,GmbH & Co. KG,Großholthuysen,24,Issum,47661,NA,NA
ABR957363436857,Axma Windenergie GmbH,GmbH,Nassauische Straße,9,Bad Marienberg,56470,www.axma-wind.de,NA
ABR924318424856,innoVent Planungs,GmbH & Co. KG,Oldenburger Straße,49,Varel,26316,www.innovent.eu,NA
ABR980111307543,WP Vorwalde,GmbH,Neumarkt,1,Osnabrück,49074,NA,NA
ABR942699376991,Münch SmartCharge Systems GmbH,GmbH,Energiepark,1,Rugendorf,95365,NA,Münch Energie
ABR991489996833,mdp neue Energien GmbH ＆ Co. KG,GmbH & Co. KG,An der Dreikönigskirche,8,Dresden,01097,NA,NA
ABR954781875794,Windenergie Eversen-Eichholz West GbR,GbR,Renker Weg,1,Bad Lippspringe,33175,NA,NA
ABR927446947488,Windpark Gauseköte GmbH ＆ Co. KG,GmbH & Co. KG,Vattmannstraße,6,Paderborn,33100,NA,NA
ABR909513419609,Windpark Brüningsen GmbH ＆ Co. KG,GmbH & Co. KG,Vattmannstraße,6,Paderborn,33100,NA,NA
ABR981841989641,Windpark Haarbrück-West GbR,GbR,Nieheimer Straße,14,Brakel,33034,www.hellwegwind.de,NA
ABR967694372687,Uniper Solar 1 WHV GmbH,GmbH,Holzstraße,6,Düsseldorf,40221,www.uniper.energy,NA
ABR939290915780,Windenergie Gut Alfredshöhe GmbH ＆ Co. KG,GmbH & Co. KG,Vattmannstraße,3,Paderborn,33100,NA,NA
ABR918571191037,Windpark Siegerland GmbH,GmbH,Höherweg,100,Düsseldorf,40233,NA,NA
ABR914697992527,Erste Windenergie Wellie GmbH ＆ Co KG,GmbH & Co. KG,Wellie,13,Steyerberg,31595,NA,NA
ABR951546418869,mdp GmbH ＆ Co. WP Nauen III KG,GmbH & Co. KG,Stau,91,Oldenburg,26122,NA,NA
ABR928435501506,Wemdinger Buck Wind GmbH ＆ Co. KG,GmbH & Co. KG,Dürerstraße,26,Treuchtlingen,91757,NA,NA
ABR946879950384,Windenergie Bredenborn II GbR,GbR,Renker Weg,1,Bad Lippspringe,33175,NA,NA
ABR911505218503,ABO Energy Windpark 28 GmbH ＆ Co. KG,GmbH & Co. KG,Fritz-Fend-Straße,NA,Regensburg,93047,www.perigusenergy.de,NA
ABR923452787872,Windpark Rosacker Au GmbH ＆ Co. KG,GmbH & Co. KG,Industriestraße,14,Husum,25813,NA,NA
ABR936416546668,Elde Windpark GmbH ＆ Co. KG,GmbH & Co. KG,Schicklerstr.,5-7,Berlin,10179,NA,NA
ABR959527065316,EEF Erneuerbare Energien Fabrik GmbH,GmbH,Schicklerstr.,5-7,Berlin,10179,NA,NA
ABR903938022215,wpd Windpark Nr. 694 GmbH ＆ Co. KG,GmbH & Co. KG,Stephanitorsbollwerk,3,Bremen,28217,NA,NA
ABR969756540492,Windpark Ebneth/Reuth GmbH,GmbH,Leihgesterner Weg,35 - 37,Gießen,35392,NA,NA
ABR942171132572,Windpark Nidda-Harbwald GmbH,GmbH,Leihgesterner Weg,35 - 37,Gießen,35392,NA,NA
ABR920789433014,Neue Energie Kevelaer GmbH ＆ Co. KG,GmbH & Co. KG,Lindenstr.,69,Kevelaer,47623,NA,NA
ABR933057039245,Energiepark Kraak GmbH ＆ Co. KG,GmbH & Co. KG,Obotritenring,40,Schwerin,19053,NA,NA
ABR932010465817,Windpark Auernheim GmbH ＆ Co. KG,GmbH & Co. KG,Dürerstraße,26,Treuchtlingen,91757,NA,NA
ABR909112168755,wpd Windpark Battin GmbH ＆ Co. KG,GmbH & Co. KG,Stephanitorsbollwerk,3,Bremen,28217,www.wpd.de,NA
ABR937022489332,Windpark Müssingen GmbH ＆ Co. KG,GmbH & Co. KG,Stephanitorsbollwerk,3,Bremen,28217,www.wpd.de,NA
ABR949180872406,innoVent WP Ekernermoor,GmbH & Co. KG,Oldenburger Straße,49,Varel,26316,www.innovent.eu,NA
ABR975630280026,Wattner SunAsset Solarkraftwerk 094 GmbH ＆ Co. KG,GmbH & Co. KG,Hauptstraße,63,Monheim,40789,NA,NA
ABR927462277941,GPJ Windpark Eußenheim GmbH ＆ Co. KG,GmbH & Co. KG,Cecilienkoog,16,Reußenköge,25821,NA,NA
ABR957765404843,Windpark Taufkirchen - Schermannsöd GmbH ＆ Co. KG,GmbH & Co. KG,Graf-Toerring-Seefeld-Straße,7,Seefeld,82229,NA,NA
ABR944333457073,EEB Planung GmbH,GmbH,Nordwohlder Dorfstraße,4,Bassum,27211,NA,NA
ABR979825178532,Windenergie Overbeck GmbH ＆ Co. KG,GmbH & Co. KG,Lofkampweg,53,Schermbeck,46514,NA,NA
ABR920970605893,Enova Windpark Viersen Lind Betriebs GmbH ＆ Co. KG,GmbH & Co. KG,Berliner Ring,11,Geilenkirchen,52511,www.enova.de,NA
ABR963803103883,Windpark Hausstette GmbH ＆ Co. KG,GmbH & Co. KG,Bornweg,28,Bad Essen,49152,NA,NA
ABR915148335061,Bürgersolarpark Aubstadt Nord GmbH ＆ Co. KG,GmbH & Co. KG,Sternshof,1,Burgkunstadt,96224,NA,NA
ABR931253233832,Alterric Windpark Winterstein GmbH ＆ Co. KG,GmbH & Co. KG,Holzweg,87,Aurich,26605,NA,NA
ABR925602162010,Alterric Windpark Karben-Petterweil GmbH ＆ Co. KG,GmbH & Co. KG,Holzweg,87,Aurich,26605,NA,NA
ABR901153884915,VenSol Solarpark Balzhausen GmbH ＆ Co. KG,GmbH & Co. KG,Marktplatz,2,Babenhausen,87727,NA,NA
ABR970332386915,Alterric Windpark Langenstein GmbH ＆ Co. KG,GmbH & Co. KG,Holzweg,87,Aurich,26605,NA,NA
ABR906221086291,ibE Betriebsgesellschaft mbH,GmbH,Hauptstrasse,13,Oldenburg,26122,www.ibe-wind.de,NA
ABR914788743809,BESS Wetzen,GmbH & Co. KG,Valentinskamp,70,Hamburg,20355,NA,NA
ABR991761799435,juwi Wind Germany 226 GmbH ＆ Co. KG,GmbH & Co. KG,Energie-Allee,1,Wörrstadt,55286,NA,NA
ABR974486766579,Windpark Röschenwald GmbH ＆ Co. KG,GmbH & Co. KG,Schussenstraße,22,Ravensburg,88212,NA,NA
ABR991780282956,get:power 1. Betriebsgesellschaft mbH ＆ Co. KG,GmbH & Co. KG,Wall,55,Kiel,24103,getproject.de,NA
ABR986476947790,HaSpa Solar Invest GmbH ＆ Co. KG,GmbH & Co. KG,Theresienstraße,47 a,München,80333,NA,NA
ABR972562919970,green flexibility BESS Ennigerloh GmbH,GmbH,Bahnhofstraße,6,Kempten,87435,https://www.green-flexibility.com/,NA
ABR958736549303,Elysium Solar Schönefeld GmbH,GmbH,Mollstraße,32,Berlin,10249,NA,NA
ABR994552034579,juwi Wind Germany 296 GmbH ＆ Co. KG,GmbH & Co. KG,Energie-Allee,1,Wörrstadt,55286,NA,NA
ABR971880788343,Bürgerwind Parkstein,GmbH,Ahornweg,9,Parkstein,92711,www.be-parkstein.de,NA
ABR984948535117,SolarPark BOKENSDORF GmbH,GmbH,Amerigo-Vespucci-Platz,2,Hamburg,20457,NA,NA
ABR905239608297,MLK Windpark Katzem Nr. 120 GmbH ＆ Co. KG,GmbH & Co. KG,In Tenholt,33,Erkelenz,41812,mlk-gruppe.de,NA
ABR962291061378,TEP Themis GmbH ＆ Co. KG,GmbH & Co. KG,Krefelder Straße,203,Aachen,52070,NA,NA
ABR992560692163,Windpark Dannstadt Repowering GmbH ＆ Co. KG,GmbH & Co. KG,Rheinstraße,43-45,Mainz,55116,NA,NA
ABR935045748818,TEP Massalia GmbH ＆ Co. KG,GmbH & Co. KG,Krefelder Straße,203,Aachen,52070,NA,NA
ABR974885346525,wpd Windpark Sarmersbach Repowering GmbH ＆ Co. KG,GmbH & Co. KG,Stephanitorsbollwerk,3,Bremen,28217,NA,NA
ABR969440732721,Anumar Solarpark Gachenbach PR II GmbH ＆ Co. KG,GmbH & Co. KG,Haunwöhrer Straße,21,Ingolstadt,85051,anumar.de,NA
ABR988763171093,Kyon-53 Battery Storage GmbH,GmbH,Dachauer Straße,15 B,München,80335,https://www.kyon-energy.de/,NA
ABR962434023836,Kyon-56 Battery Storage GmbH,GmbH,Dachauer Straße,15 B,München,80335,https://www.kyon-energy.de/,NA
ABR906445302191,Kyon-26 Battery Storage GmbH,GmbH,Dachauer Straße,15 B,München,80335,https://www.kyon-energy.de,NA
ABR996723278485,Kyon-101 Battery Storage GmbH,GmbH,Dachauer Straße,15 B,München,80335,https://www.kyon-energy.de,NA
ABR951801588542,Kyon-65 Battery Storage GmbH,GmbH,Dachauer Straße,15 B,München,80335,https://www.kyon-energy.de,NA
ABR916576109217,Greeno Solarprojekt 81 GmbH ＆ Co. KG,GmbH & Co. KG,Fürther Straße,252,Nürnberg,90429,NA,NA
ABR909375363881,Qualitas Energy IV DevCo GmbH,GmbH,Unter den Linden,21,Berlin,10117,https://qualitasenergy.com/de/,NA
ABR977742152062,Windenergie Steiner Holz GmbH ＆ Co. KG,GmbH & Co. KG,Kunibertstraße,9,Werl,59457,NA,NA
ABR996630297937,ABO Energy WP Pfedelbach-Gleichen GmbH ＆ Co. KG,GmbH & Co. KG,Oberdorfstraße,10,Ingelheim,55262,NA,NA
ABR927197348503,Windpark Garnholt II GmbH ＆ Co. KG,GmbH & Co. KG,Holzweg,87,Aurich,26605,NA,NA
ABR987110730433,Solarkraftwerk Mitterteich GmbH ＆ Co. KG,GmbH & Co. KG,Carl-Zeiss-Straße,4,Mitterteich,95666,NA,NA
ABR952180218914,DAH Photovoltaik 5. GmbH,GmbH,Energiepark,36-38,Merkendorf,91732,NA,NA
ABR908758462890,Regionalwerk Unterallgäu Solarpark Wiedergeltingen Oberes Ried GmbH ＆ Co. KG,GmbH & Co. KG,Fellhornstraße,15a,Mindelheim,87719,www.regionalwerk-unterallgaeu.de,NA
ABR940230259543,Windpark Neuachwald GmbH ＆ Co KG,GmbH & Co. KG,Ziegetsdorfer Straße,109,Regensburg,93051,NA,NA
ABR998598482288,ABO Energy Windpark 31 GmbH ＆ Co. KG,GmbH & Co. KG,Oberdorfstraße,10,Ingelheim,55262,NA,NA
ABR974859812599,PV Pahlen I GmbH ＆ Co. KG,GmbH & Co. KG,Bahnhofplatz,2,Traunstein,83278,NA,NA
ABR950562547461,Energielandschaft Harnekop GmbH,GmbH,Maggistraße,5,Singen,78224,NA,NA
ABR958132187048,Windpark Neuss-West GmbH ＆ Co. KG,GmbH & Co. KG,Moselstraße,25,Neuss,41464,NA,NA
ABR941323259334,Windkraft Darsikow GmbH,GmbH,Hannoversche Straße,42,Springe,31832,NA,NA
ABR943718085122,BürgerSonnenWerk Stammbach Förstenreuth II GmbH ＆ Co. KG,GmbH & Co. KG,Energiepark,1,Rugendorf,95365,NA,NA
ABR937117976556,Sonnenwerk Konradsreuth GmbH ＆ Co. KG,GmbH & Co. KG,Energiepark,1,Rugendorf,95365,NA,NA
ABR952883734254,Sonnenwerk Haideck GmbH ＆ Co. KG,GmbH & Co. KG,Energiepark,1,Rugendorf,95365,NA,NA
ABR942222286131,Solarpark 135 GmbH ＆ Co. KG,GmbH & Co. KG,Stephanitorsbollwerk,3,Bremen,28217,www.wpd.de,NA
ABR926402145326,Sunovis Projekt 58 GmbH ＆ Co. KG,GmbH & Co. KG,Maggistraße,5,Singen,78224,NA,NA
ABR900384825988,Sonnenwerk Autengrün GmbH ＆ Co. KG,GmbH & Co. KG,Energiepark,1,Rugendorf,95365,NA,NA
ABR999665975979,Solarpark Ebersdorf-Kleingarnstadt GmbH ＆ Co. KG,GmbH & Co. KG,Sternshof,1,Burgkunstadt,96224,NA,NA
ABR958666677510,Bürgersolarpark Schönfeld GmbH ＆ Co. KG,GmbH & Co. KG,Sternshof,1,Burgkunstadt,96224,NA,NA
ABR987030650705,juwi Wind Germany 236 GmbH ＆ Co. KG,GmbH & Co. KG,Energie-Allee,1,Wörrstadt,55286,NA,NA
ABR963894595499,WEPA Antfeld GmbH ＆ Co. KG,GmbH & Co. KG,Rönkhauser Straße,26,Arnsberg,59757,NA,NA
ABR921846726230,ABO Energy WP Vasbeck-Süd GmbH ＆ Co. KG,GmbH & Co. KG,Oberdorfstraße,10,Ingelheim,55262,NA,NA
ABR978298216550,Nordseecluster B GmbH ＆ Co. KG,GmbH & Co. KG,Drehbahn,47 -48,Hamburg,20354,NA,NA
ABR964894427667,Solarpark Sielenbach II GmbH ＆ Co. KG,GmbH & Co. KG,Maria-Birnbaum-Straße,20,Sielenbach,86577,NA,NA
ABR914252282728,Mainova PV Brechen GmbH ＆ Co. KG,GmbH & Co. KG,Solmsstraße,38,Frankfurt,60486,NA,NA
ABR925296821910,ENERPARC Solar Invest 230 TU 48 GmbH ＆ Co. KG,GmbH & Co. KG,Kirchenpauerstr.,26,Hamburg,20457,NA,NA
ABR925871654582,VOSS Energy GmbH,GmbH,Admannshäger Damm,20,Admannshagen-Bargeshagen,18211,NA,NA
ABR954603191934,ZPV Airport Solar Solutions GmbH ＆ Co. KG,GmbH & Co. KG,Am Wehelitzer Berg,12,Trebgast,95367,NA,NA
ABR937367252035,pvwerk Solar Invest 11 TU 9 GmbH ＆ Co. KG,GmbH & Co. KG,Kirchenpauerstr.,26,Hamburg,20457,NA,NA
ABR902828591244,ENERPARC Solar Invest 249 GmbH,GmbH & Co. KG,Kirchenpauerstr.,26,Hamburg,20457,NA,NA
ABR914224652122,Solarenergie Fehrenbötel GmbH ＆ Co. KG,GmbH & Co. KG,Wahlstedter Straße,99,Rickling,24635,NA,NA
ABR923968123621,GWN Erneuerbare Energien GmbH ＆ Co.KG,GmbH & Co. KG,Schulstraße,4,Nümbrecht,51588,NA,NA
ABR937934130018,wpd Windpark Kooperation Nr. 7 GmbH ＆ Co. KG,GmbH & Co. KG,Stephanitorsbollwerk,3,Bremen,28217,NA,NA
ABR913408684508,TEP Victoria GmbH ＆ Co. KG,GmbH & Co. KG,Krefelder Straße,203,Aachen,52070,NA,NA
ABR985757531871,Lichtenauer Bürgerwind II GmbH ＆ Co. KG,GmbH & Co. KG,Lange Straße,14,Lichtenau,33165,NA,NA
ABR919164319098,Sunnic Lighthouse Solar Invest 14 EU 10.1 GmbH ＆ Co. KG,GmbH & Co. KG,Kirchenpauerstr.,26,Hamburg,20457,NA,NA
ABR993209369378,Windpark Olpe GmbH,GmbH,Willy-Brandt-Allee,26,Gelsenkirchen,45891,NA,NA
ABR921980611966,Windpark Kusel GmbH ＆ Co. KG,GmbH & Co. KG,Dorfstr.,20 a,Lohmen,18276,NA,NA
ABR989508060894,Agrowea WP Georgsdorf GmbH ＆ Co. KG,GmbH & Co. KG,Schulstraße,26,Georgsdorf,49828,NA,NA
ABR943343968463,EE BürgerEnergie Buchen GmbH ＆ Co. KG,GmbH & Co. KG,Am Hohen Markstein,3,Buchen,74722,www.zeag-energie.de,NA
ABR963785095480,EE BürgerEnergie Adelsheim GmbH ＆ Co. KG,GmbH & Co. KG,Weipertstraße,41,Heilbronn,74076,www.zeag-energie.de,NA
ABR918014695733,MLK Windpark Am Wahnenbusch Nr. 101 GmbH ＆ Co. KG,GmbH & Co. KG,In Tenholt,33,Erkelenz,41812,ww.mlk-gruppe.de,NA
ABR922412031802,ENERTRAG Windfeld Kleisthöhe Spitzer Berg GmbH ＆ Co. KG,GmbH & Co. KG,Dauerthal,3,Schenkenberg,17291,NA,NA
ABR972187995137,juwi Wind Germany 279 GmbH ＆ Co. KG,GmbH & Co. KG,Energie-Allee,1,Wörrstadt,55286,NA,NA
ABR946991406660,Green Vision Two GmbH ＆ Co. KG,GmbH & Co. KG,Holzdamm,28-32,Hamburg,20099,NA,NA
ABR977995523350,P-Wind Plettenberg GmbH,GmbH,Alter Weg,25a,Plettenberg,58840,NA,NA
ABR912247914487,Gut Schulze-Aden Solarkraftwerk GmbH,GmbH,Faulunger Weg,10,Wadersloh,59329,NA,NA
ABR977457217155,Alterric Windpark Waldeck-Sachsenhausen GmbH ＆ Co. KG,GmbH & Co. KG,Holzweg,87,Aurich,26605,NA,NA
ABR930971641615,Solarpark Bodenrode GmbH,GmbH,Berliner Straße,114,Offenbach,63065,www.quadoro.com,NA
ABR900918950018,WP Crussow GWI RO GmbH ＆ Co. KG,GmbH & Co. KG,Steindamm,21,Groß Pankow,16928,NA,NA
ABR942985291304,NeXtWind Garlipp GmbH ＆ Co. KG,GmbH & Co. KG,Kantstraße,164,Berlin,10623,NA,NA
ABR905489726215,Landkraft und Green Planet Solarpark Dedendorf GmbH ＆ Co. KG,GmbH & Co. KG,Hongkongstraße,10,Hamburg,20457,https://green-planet-projects.de/,NA
ABR961925453442,Windpark Breite Eiche GmbH ＆ Co. KG,GmbH & Co. KG,Zu den Sandbeeten,1 b,Marburg,35043,NA,NA
ABR989757177299,Bürger Solar Eching Ost,GmbH & Co. KG,Angerbrunnenstraße,12,Freising,85356,NA,NA
ABR984882476866,juwi Wind Germany 266 GmbH ＆ Co. KG,GmbH & Co. KG,Energie-Allee,1,Wörrstadt,55286,NA,NA
ABR988902724524,VSB Windpark Lingelbach Eins GmbH ＆ Co. KG,GmbH & Co. KG,Schweizer Straße,3 a,Dresden,01069,www.vsb.energy,NA
ABR972960209574,juwi Wind Germany 255 GmbH ＆ Co. KG,GmbH & Co. KG,Energie-Allee,1,Wörrstadt,55286,NA,NA
ABR979425698492,juwi Wind Germany 285 GmbH ＆ Co. KG,GmbH & Co. KG,Energie-Allee,1,Wörrstadt,55286,NA,NA
ABR944965626588,NeXtWind Lütau II GmbH ＆ Co. KG,GmbH & Co. KG,Kantstraße,164,Berlin,10623,NA,NA
ABR917531644545,Bürgersolarpark Hirschfeld GmbH ＆ Co. KG,GmbH & Co. KG,Schallfelder Straße,11,Lülsfeld,97511,NA,NA
ABR985302548026,juwi Wind Germany 238 GmbH ＆ Co. KG,GmbH & Co. KG,Energie-Allee,1,Wörrstadt,55286,NA,NA
ABR974709308340,Tauber Energy Storage 7 GmbH,GmbH,Siemensstraße,7,Tauberbischofsheim,97941,NA,NA
ABR950846499431,Bürgersolarpark Weißbach GmbH ＆ Co. KG,GmbH & Co. KG,Bachwiesenstraße,11,Niedernhall,74676,www.buergerwindpark.de,NA
ABR945103334969,Windpark Vachdorf GmbH ＆ Co. KG,GmbH & Co. KG,Stephanitorsbollwerk,3,Bremen,28217,NA,NA
ABR950977059382,enercity BESS Hannover-Misburg GmbH ＆ Co. KG,GmbH & Co. KG,Nessestraße,24,Leer,26789,NA,NA
ABR930583230023,Kallista Energy GmbH,GmbH,Schopenstehl,13,Hamburg,20095,www.kallistaenergy.com,NA
ABR980552699184,Solarpark A72 Weißensand GmbH ＆ Co. KG (zukünftig PVA Weißensand 1 GmbH ＆ Co. KG),GmbH & Co. KG,Irfersgrüner Straße,17,Lengenfeld,08485,parq-energy.de,NA
ABR901089779446,Bürgersolarpark Cleversulzbach GmbH ＆ Co. KG,GmbH & Co. KG,Bachwiesenstraße,11,Niedernhall,74676,www.buergerwindpark.de,NA
ABR937092328135,enercity BESS Lehrte-Ahlten 1 GmbH ＆ Co. KG,GmbH & Co. KG,Nessestraße,24,Leer,26789,NA,NA
ABR976899784102,Windpark Aschersleben West GmbH ＆ Co. Betriebs-KG,GmbH & Co. KG,Emmy-Noether-Straße,17,Itzehoe,25524,NA,NA
ABR906989755231,Sonnenenergie EP 305 GmbH ＆ Co. KG,GmbH & Co. KG,Gotteskoogdeich,32,Galmsbüll,25899,NA,NA
ABR905366900059,ENOVA Windpark Molbergen GmbH ＆ Co. KG,GmbH & Co. KG,Steinhausstraße,112,Bunde,26831,www.enova.de,NA
ABR913797321282,EnerWise GmbH,GmbH,Büsumer Straße,130,Rendsburg,24768,NA,NA
ABR949868004679,Sun Park Scheven-Kalenberg GmbH ＆ Co. KG,GmbH & Co. KG,Hindenburgstraße,13,Kall,53925,NA,NA
ABR978968772379,trlyr 31 GmbH ＆ Co. KG,GmbH & Co. KG,Zionskirchstraße,73 A,Berlin,10119,terralayr.com,terralayr
ABR913858159946,FP BESS GmbH ＆ Co. KG,GmbH & Co. KG,Ziegetsdorfer Straße,109,Regensburg,93051,NA,NA
ABR949898407570,Windpark Platte Bracht GmbH,GmbH,Allendorfer Straße,22,Neuenrade,58809,NA,NA
ABR979856319386,PV-Rinkerode GmbH ＆ Co.KG,GmbH & Co. KG,Lütke Feld,15,Havixbeck,48329,NA,NA
ABR904369354678,MMR Solar Lachendorf GmbH ＆ Co. KG,GmbH & Co. KG,Wallstraße,84,Berlin,10179,NA,NA
ABR936430427547,Bürgerwindpark Kleinenberg GmbH ＆ Co. KG,GmbH & Co. KG,Sandstraße,15,Lichtenau,33165,NA,NA
ABR998800707246,NEN Projekt GmbH ＆ Co. KG,GmbH & Co. KG,Färberstraße,1,Zetel,26340,NA,NA
ABR984763111640,Windpark Mannhagen Gemeinschafts-GmbH ＆ Co. KG,GmbH & Co. KG,Segebadenhau,30,Sundhagen,18519,www.nextwind.de,NA
ABR936028340852,Windpark Atzendorf II GmbH ＆ Co. KG,GmbH & Co. KG,Stau,91,Oldenburg,26122,NA,NA
ABR938455035561,Windpark Okeler Bruch Repowering GmbH ＆ Co. KG,GmbH & Co. KG,Am Torfstich,11,Edemissen,31234,NA,NA
ABR990327284545,Tokai 2 GmbH,GmbH,Tölzer Straße,15,Grünwald,82031,www.feresto.de,NA
ABR923988840690,Windpark Ihausen GmbH ＆ Co. KG,GmbH & Co. KG,Stephanitorsbollwerk,3,Bremen,28217,NA,NA
ABR911401704872,Solarpark Auhofen GmbH ＆ Co. KG,GmbH & Co. KG,Emmy-Noether-Str.,2,München,80992,NA,NA
ABR974431451420,Bürgerwindpark Stadum-Süd GmbH ＆ Co. KG,GmbH & Co. KG,Stadum Süd,1,Stadum,25917,NA,NA
ABR913589142637,Sustainable Energy Solutions GmbH ＆ Co. KG,GmbH & Co. KG,Flughafenstraße,1-3,Hamburg,22335,wind-heidmoor.de,NA
ABR939010043748,Windpark Altenhof GmbH ＆ Co. KG,GmbH & Co. KG,Am Steinberg,7,Großschirma,09603,NA,NA
ABR983064907242,PV Ferneichlberg GmbH ＆ Co. KG,GmbH & Co. KG,Lilienthalstraße,7,Regensburg,93049,www.bayernwerk.de,NA
ABR949229937646,Solarpark Dietmannsried A7 GmbH ＆ Co. KG,GmbH & Co. KG,Dieselstraße,9,Kempten,87437,www.solarenergie-allgaeu.de,NA
ABR993290487456,Windpark Breitenauer Forst GmbH ＆ Co. KG,GmbH & Co. KG,Max-Eyth-Straße,40,Ellwangen,73479,www.uhl-windkraft.de,NA
ABR901346166019,Windpark Samern GmbH ＆ Co. KG,GmbH & Co. KG,Quendorfer Straße,34,Schüttorf,48465,NA,NA
ABR989241891052,Windpark Langewiesen-Nord GmbH ＆ Co. KG,GmbH & Co. KG,Bornweg,28,Bad Essen,49152,NA,NA
ABR945793748855,BBT Solar GmbH,GmbH,Marie-Curie-Allee,10,Föhren,54343,NA,NA
ABR963945292247,Windpark Rotes Land GmbH ＆ Co. KG,GmbH & Co. KG,Am Stiegel,3,Diemelstadt,34474,NA,NA
ABR967979630259,Friesen Elektra VII GmbH ＆ Co. KG,GmbH & Co. KG,Schloss Gödens,1,Sande,26452,NA,NA
ABR931606102068,Windpark am Kohberg Projektentwicklungs GmbH ＆ Co. KG,GmbH & Co. KG,Neumarkt,1,Osnabrück,49074,NA,NA
ABR929315515927,WP Kjerhuus UG (haftungsbeschränk) ＆ Co.KG,UG (haftungsbeschränkt) & Co. KG,Rollbrücke,4 a,Großenwiehe,24969,NA,NA
ABR900421478672,Lorica Windpark Bördeland GmbH ＆ Co. KG,GmbH & Co. KG,Magdeburger Straße (Biere),7,Biere,39221,NA,NA
ABR928023152547,Energiepark Bohmte Wind GmbH ＆ Co. KG,GmbH & Co. KG,Bornweg,28,Bad Essen,49152,www.energy-farming.de,NA
ABR939074410005,Windpark Roßtal GmbH ＆ Co. KG,GmbH & Co. KG,Arabellastraße,4,München,81925,https://www.baywa-re.com,NA
ABR902991359481,Windpark Olsberg GmbH ＆ Co. KG,GmbH & Co. KG,Arabellastraße,4,München,81925,https://www.baywa-re.com,NA
ABR952603495922,VR Solar GmbH,GmbH,Burg Gladbach,0,Vettweiß,52391,NA,NA
ABR915708824349,Windpark Rotes Land Erlinghausen GmbH ＆ Co. KG,GmbH & Co. KG,Ringstraße,27,Marsberg,34431,NA,NA
ABR997926711847,Bürgerwindpark Am alten Postweg,GmbH & Co. KG,Sudheimer Weg,30,Lichtenau,33165,NA,NA
ABR926103652895,Windpark Lembruch GmbH ＆ Co. KG,GmbH & Co. KG,Stephanitorsbollwerk,3,Bremen,28217,NA,NA
ABR983201364198,MVWS Iven GmbH ＆ Co. KG,GmbH & Co. KG,Lange Straße,21,Grapzow,17089,NA,NA
ABR990852586398,BWP Fresenhagen GmbH ＆ Co. KG,GmbH & Co. KG,Fresenhagen,2,Stadum,25917,NA,NA
ABR971242278871,Windpark Kampritt GmbH ＆ Co. KG,GmbH & Co. KG,Bahnhofstraße,1,Marne,25709,NA,NA
ABR995172308064,Doseweg GmbH ＆ Co. KG,GmbH & Co. KG,Klinkerstraße,2,Friedrichskoog,25718,NA,NA
ABR929102397255,PV Erisweiler 1 GmbH ＆ Co. KG,GmbH & Co. KG,Wallstraße,84,Berlin,10179,NA,NA
ABR975469991803,wpd Windpark Hemmingen-Pattensen GmbH ＆ Co. KG,GmbH & Co. KG,Stephanitorsbollwerk,3,Bremen,28217,NA,NA
ABR914454881460,wpd Windpark Engelbertswald GmbH ＆ Co. KG,GmbH & Co. KG,Stephanitorsbollwerk,3,Bremen,28217,NA,NA
ABR946009948885,Rieseler Windgemeinschaft GbR,GbR,Hellweg,1,Altenbeken,33184,NA,NA
ABR923014863228,GLS Windpark Nausenberg GmbH ＆ Co. KG,GmbH & Co. KG,Christstr.,9,Bochum,44789,NA,NA
ABR945859776716,ATE Windpark Seewald II,GmbH & Co. KG,Kleinoberfeld,5,Karlsruhe,76135,NA,NA
ABR929248856890,EE Haseloff GmbH ＆ Co. KG,GmbH & Co. KG,Dieselstraße,4,Husum,25813,NA,NA
ABR953019675182,wpd Windpark Mistorf Erweiterung Süd GmbH ＆ Co. KG,GmbH & Co. KG,Stephanitorsbollwerk,3,Bremen,28217,NA,NA
ABR915560495466,QE Windpark Beppener Bruch GmbH,GmbH,Unter den Linden,21,Berlin,10117,https://qualitasenergy.de/,NA
ABR977671215814,Projektgesellschaft Windpark Utzedel GmbH ＆ Co. KG,GmbH & Co. KG,Mittelstraße,3 B,Schönefeld,12529,NA,NA
ABR969107522740,Windpark LOB,GmbH & Co. KG,Wall,55,Kiel,24103,https://getproject.de/,NA
ABR934046509411,EE Ostenfelde ApS ＆ Co. KG,KG,Dieselstraße,4,Husum,25813,www.europeanenergy.de,NA
ABR950655067869,juwi Wind Germany 270 GmbH ＆ Co. KG,GmbH & Co. KG,Energie-Allee,1,Wörrstadt,55286,NA,NA
ABR983696462553,Bürgerwindpark Kirchgellersen GmbH ＆ Co. KG,GmbH & Co. KG,Südergellerser Straße,5,Kirchgellersen,21394,NA,NA
ABR992748281103,EE Oderwald GmbH ＆ Co. KG,KG,Bundesstraße,9,Börßum,38312,www.europeanenergy.de,NA
ABR958857513818,VSB Windpark Oldenbrok Süd,GmbH & Co. KG,Schweizer Straße,3 a,Dresden,01069,vsb.energy,NA
ABR937702280990,Windpark Hegge GmbH ＆ Co. KG,GmbH & Co. KG,Renker Weg,1,Bad Lippspringe,33175,NA,NA
ABR923658262227,ENOVA Windpark Meschede Betriebs GmbH ＆ Co. KG,GmbH & Co. KG,Steinhausstraße,112,Bunde,26831,www.enova.de,NA
ABR911187892848,ENOVA Windpark Elsdorf Betriebs GmbH ＆ Co. KG,GmbH & Co. KG,Steinhausstraße,112,Bunde,26831,www.enova.de,NA
ABR924118136331,ENOVA Windpark Rurich Betriebs GmbH ＆ Co. KG,GmbH & Co. KG,Steinhausstraße,112,Bunde,26831,www.enova.de,NA
ABR959577984377,Windpark Lüscher Polder-Ost GmbH ＆ Co. KG,GmbH & Co. KG,Bornweg,28,Bad Essen,49152,NA,NA
ABR953237127944,Külver Heide GmbH ＆ Co.KG,GmbH & Co. KG,Burloer Diek,55,Rhede,46414,NA,NA
ABR990837675444,Wellenburg GmbH,GmbH,Schloss Wellenburg,NA,Augsburg,86199,NA,NA
ABR916652880474,Windpark Bokel GmbH ＆ Co. KG,GmbH & Co. KG,Stephanitorsbollwerk,3,Bremen,28217,NA,NA
ABR970103688927,Windpark Kottgeisering - Moorenweis GmbH ＆ Co. KG,GmbH & Co. KG,Gewerbepark Garham,6,Hofkirchen,94544,NA,NA
ABR916824906704,Windpark Pronsfeld,GmbH & Co. KG,Reutener Straße,18,Vörstetten,79279,NA,NA
ABR965504664946,Bürgerwindpark Wolfhagen-Istha GmbH ＆ Co. KG,GmbH & Co. KG,Brückenstraße,15 A,Wolfhagen,34466,NA,NA
ABR984944474410,Rhönsolar Rothemann GmbH ＆ Co. KG,GmbH & Co. KG,Löherstraße,52,Fulda,36037,NA,NA
ABR937467668446,MainCubes Three GmbH,GmbH,Tilsiter Straße,1,Frankfurt,60487,NA,NA
ABR906205648293,Windpark Balver Wald Betriebs GmbH ＆ Co. KG,GmbH & Co. KG,Vattmannstraße,6,Paderborn,33100,https://www.westfalenwind.de/,NA
ABR909476450664,ON Energy Solarprojekt Eins GmbH ＆ Co. KG,GmbH & Co. KG,Große Elbstraße,61,Hamburg,22767,NA,NA
ABR916426084244,GPP Kraftwerk XXII GmbH ＆ Co. KG,GmbH & Co. KG,Hongkongstraße,10,Hamburg,20457,NA,NA
ABR907026529877,Solarkraftwerk Großbardorf II GmbH ＆ Co. KG,GmbH & Co. KG,Schallfelder Straße,11,Lülsfeld,97511,NA,NA
ABR949562887110,WP GWI Weesow I GmbH ＆ Co. KG,GmbH & Co. KG,Steindamm,21,Groß Pankow,16928,NA,NA
ABR937430095743,Bürgerwindpark Welter Heide GmbH ＆ Co. KG,GmbH & Co. KG,Welte,70,Dülmen,48249,NA,NA
ABR912029275942,BWP Nottuln-Gladbeck GmbH ＆ Co. KG,GmbH & Co. KG,Hövel,26,Nottuln,48301,NA,NA
ABR980136555608,Solarpark Stammbach GmbH ＆ Co. KG,GmbH & Co. KG,Ziegetsdorfer Straße,109,Regensburg,93051,NA,NA
ABR948093420797,ENERPARC Solar Invest 206 GmbH,GmbH,Kirchenpauerstr.,26,Hamburg,20457,NA,NA
ABR985882979722,Bürgerenergie Bechhofen eG i. G.,eG,Ansbacher Straße,34,Bechhofen,91572,https://buergerwindbechhofen.de,NA
ABR926383497810,ON Energy Solarprojekt Vierundvierzig GmbH ＆ Co. KG,GmbH & Co. KG,Große Elbstraße,61,Hamburg,22767,NA,NA
ABR977119024374,Koselau Green Energy GmbH,GmbH,Hofweg,3,Riepsdorf,23738,NA,NA
