Datensatztyp*;EinheitMastrNummer;Anlagenbetreiber;Anzeigename;Postleitzahl;Ort;Strasse;Hausnummer;Bundesland;Land;Jahr_Inbetriebnahme;Jahr_Stilllegung**;Kraftwerksstatus;Energietraeger;Hauptbrennstoff;Waermeauskopplung_KWK;Erneuerbarer_Energietraeger;Bruttoleistung_MW;Nettonennleistung_MW;Technologie_Stromerzeugung;Volleinspeisung_Teileinspeisung;Spannungsebene;Anschlussnetzbetreiber;Bestandteil_Grenzkraftwerk;Grenzkraftwerk_Nettonennleistung_MW
Einzelanlage;SEE900600559253;Rheinkraftwerk Albbruck-Dogern AG;RADAG Wehrkraftwerk;79804;Dogern;Zollstra?e;;BadenWuerttemberg;Deutschland;2009;;InBetrieb;Wasser;;Nein;Ja;28,45;24;Laufwasseranlage;Volleinspeisung;Hochspannung;Amprion GmbH (SNB976890256486);Ja;24
Einzelanlage;SEE900838448145;Zweckverband M?llverwertung Schwandorf;MKW SAD Turbine 3;92421;Schwandorf;Alustra?e;7;Bayern;Deutschland;1982;;InBetrieb;Abfall;AbfallHausmuellSiedlungsabfaelle;Ja;Nein;10;10;KondensationsmaschinemitEntnahme;Volleinspeisung;Hochspannung;Bayernwerk Netz GmbH (SNB940352624434);Nein;
Einzelanlage;SEE901246020381;TEAG Th?ringer Energie AG;Gasmotor Bad Salzungen;36433;Bad Salzungen;Langenfelder Stra?e;82;Thueringen;Deutschland;2018;;InBetrieb;Erdgas;ErdgasErdoelgas;Ja;Nein;10,051;10,003;Verbrennungsmotor;Volleinspeisung;Mittelspannung;TEN Th?ringer Energienetze GmbH & Co. KG (SNB970821959712);Nein;
Einzelanlage;SEE901752522324;EnBW Energie Baden-W?rttemberg AG;Rheinhafen-Dampfkraftwerk RDK 8 Wasserturbine;76189;Karlsruhe;Fettweisstra?e;42;BadenWuerttemberg;Deutschland;2014;;InBetrieb;Wasser;;Nein;Ja;1,8;1,8;Abwasserkraftanlage;TeileinspeisungEigenverbrauch;Mittelspannung;Netze BW GmbH (SNB948311994307);Nein;
Einzelanlage;SEE905721866655;RWE Power AG;Fab Frechen;50226;Frechen;Ludwigstra?e;;NordrheinWestfalen;Deutschland;1962;;InBetrieb;Braunkohle;Rohbraunkohlen;Ja;Nein;82;56;KondensationsmaschinemitEntnahme;TeileinspeisungEigenverbrauch;Hochspannung;Westnetz GmbH (SNB921897286493);Nein;
Einzelanlage;SEE915137840866;swb Erzeugung AG & Co. KG;BHKW Hastedt Motor 05;28207;Bremen;Hastedter Osterdeich;255;Bremen;Deutschland;2022;;InBetrieb;Erdgas;ErdgasErdoelgas;Ja;Nein;11,8096;11,6794;Verbrennungsmotor;Volleinspeisung;Hochspannung;wesernetz Bremen GmbH (SNB942238573102);Nein;
Einzelanlage;SEE900040609433;R.D.M. Arnsberg GmbH;SSW-NT;59821;Arnsberg;Hellefelder Stra?e;51;NordrheinWestfalen;Deutschland;1957;;InBetrieb;Steinkohle;Steinkohlen;Ja;Nein;7;6,14;KondensationsmaschinemitEntnahme;TeileinspeisungEigenverbrauch;Mittelspannung;Westnetz GmbH (SNB921897286493);Nein;
Einzelanlage;SEE901022774309;EnBW Energie Baden-W?rttemberg AG;illwerke vkw L?nerseewerk M4;A-6774;Tschagguns;Latschaustrasse;;;Oesterreich;1957;;InBetrieb;Pumpspeicher;;Nein;Nein;56;56;Pumpspeicher;Volleinspeisung;Hoechstspannung;TransnetBW GmbH (SNB984944755380);Nein;
Einzelanlage;SEE901401382521;Hamburger Energiewerke GmbH;Tiefstack HKW 16bar-Turbine;22113;Hamburg;Andreas-Meyer-Stra?e;8;Hamburg;Deutschland;2001;;InBetrieb;Waerme;Waerme;Ja;Nein;5;4,9;GegendruckmaschineohneEntnahme;TeileinspeisungEigenverbrauch;Hochspannung;Hamburger Energienetze GmbH (SNB968295079586);Nein;
Einzelanlage;SEE902114639810;envia THERM GmbH;Bitterfeld BHKW;06749;Bitterfeld-Wolfen;Parsevalstra?e;3 B;SachsenAnhalt;Deutschland;2016;;InBetrieb;Erdgas;ErdgasErdoelgas;Ja;Nein;2,478;2;Verbrennungsmotor;Volleinspeisung;Hochspannung;Mitteldeutsche Netzgesellschaft Strom mbH (SNB916269213931);Nein;
Einzelanlage;SEE909886576275;RWE Power AG;Weisweiler G VGT;52249;Eschweiler;Am Kraftwerk;17;NordrheinWestfalen;Deutschland;2006;;InBetrieb;Erdgas;ErdgasErdoelgas;Ja;Nein;202;200;KondensationsmaschinemitEntnahme;Volleinspeisung;UmspannungZurHochspannung;Westnetz GmbH (SNB921897286493);Nein;
Einzelanlage;SEE911630335144;AZV S?dholstein;BHKW 4;25491;Hetlingen;Am Heuhafen;2;SchleswigHolstein;Deutschland;2012;;InBetrieb;Biomasse;;Ja;Ja;1,85;1,027;Verbrennungsmotor;TeileinspeisungEigenverbrauch;Mittelspannung;Schleswig-Holstein Netz GmbH (SNB990857029876);Nein;
Einzelanlage;SEE912257091857;MHKW M?llheizkraftwerk Frankfurt am Main GmbH;Turbine 7;60439;Frankfurt;Heddernheimer Landstra?e;157;Hessen;Deutschland;2005;;InBetrieb;Abfall;AbfallHausmuellSiedlungsabfaelle;Ja;Nein;47,5;46,5;KondensationsmaschinemitEntnahme;TeileinspeisungEigenverbrauch;Mittelspannung;NRM Netzdienste Rhein-Main GmbH (SNB921899277833);Nein;
Einzelanlage;SEE913609763316;Infraserv GmbH & Co. Wiesbaden KG;Generator 1 Erdgas;65203;Wiesbaden;Rheingaustra?e;;Hessen;Deutschland;1981;;InBetrieb;Erdgas;ErdgasErdoelgas;Ja;Nein;7,25;7;GegendruckmaschineohneEntnahme;Volleinspeisung;Mittelspannung;InfraServ GmbH & Co. Wiesbaden KG (SNB960884494671);Nein;
Einzelanlage;SEE907703023742;ArcelorMittal Eisenh?ttenstadt GmbH;IKW Batteriespeicher;15890;Eisenh?ttenstadt;Jugendstra?e;1;Brandenburg;Deutschland;2014;;InBetrieb;Batteriespeicher;;Nein;Nein;1,08;1,08;Batterie;TeileinspeisungEigenverbrauch;Hochspannung;E.DIS Netz GmbH (SNB941690671609);Nein;
Einzelanlage;SEE916115669219;Stadtwerke Kiel AG;K?stenkraftwerk K.I.E.L Motor 11;24149;Kiel;Hasselfelde;30;SchleswigHolstein;Deutschland;2018;;InBetrieb;Erdgas;ErdgasErdoelgas;Ja;Nein;9,571;9,456;Verbrennungsmotor;Volleinspeisung;Hochspannung;SWKiel Netz GmbH (SNB973742186519);Nein;
Einzelanlage;SEE916609233650;RheinEnergie AG;DT Niehl 2 RheinEnergie;50735;K?ln;Am Molenkopf;3;NordrheinWestfalen;Deutschland;2005;;InBetrieb;Waerme;Dampf;Ja;Nein;147,001;147;KondensationsmaschinemitEntnahme;Volleinspeisung;Hochspannung;RheinNetz GmbH (SNB924477581384);Nein;
Einzelanlage;SEE901196452256;essity Operations Mainz-Kostheim GmbH;Turbine 4;55246;Mainz-Kostheim;Kommerzienrat-Disch-Br?cke;1;Hessen;Deutschland;1983;;InBetrieb;Erdgas;ErdgasErdoelgas;Ja;Nein;7,18;6,71;GegendruckmaschinemitEntnahme;TeileinspeisungEigenverbrauch;Hochspannung;Mainzer Netze GmbH (SNB959523885956);Nein;
Einzelanlage;SEE906231810480;ADM Hamburg Aktiengesellschaft;GT1;21107;Hamburg;Nippoldstra?e;117;Hamburg;Deutschland;2013;;InBetrieb;Erdgas;ErdgasErdoelgas;Ja;Nein;5,688;5,538;GasturbinenmitAbhitzekessel;TeileinspeisungEigenverbrauch;Mittelspannung;Hamburger Energienetze GmbH (SNB968295079586);Nein;
Einzelanlage;SEE906385906152;Firma Mercedes-Benz AG Werk 050 HPC NC50 LN-Nr.: 17319765;W065-Geb?ude 120 / BHKW Modul 04;40476;D?sseldorf;Rather Stra?e;51;NordrheinWestfalen;Deutschland;2012;;InBetrieb;Erdgas;ErdgasErdoelgas;Ja;Nein;4,3;4,2;GasturbinenmitAbhitzekessel;TeileinspeisungEigenverbrauch;Mittelspannung;Netzgesellschaft D?sseldorf mbH (SNB933956506145);Nein;
Einzelanlage;SEE903779951637;eins energie in sachsen GmbH & Co. KG;Motor-Heizkraftwerk Chemnitz-S?d, Motor 5;09125;Chemnitz;S?dstra?e;1;Sachsen;Deutschland;2022;;InBetrieb;Erdgas;ErdgasErdoelgas;Ja;Nein;12,9;12,7314;Verbrennungsmotor;TeileinspeisungEigenverbrauch;Hochspannung;inetz GmbH (SNB916663914472);Nein;
Einzelanlage;SEE903937301069;SWK Stadtwerke Kaiserslautern Versorgungs-AG;HKW Karcherstra?e (GT4);67655;Kaiserslautern;Karcherstra?e;28;RheinlandPfalz;Deutschland;1993;;InBetrieb;Erdgas;ErdgasErdoelgas;Ja;Nein;5,1;5;GasturbinenmitAbhitzekessel;TeileinspeisungEigenverbrauch;Mittelspannung;SWK Stadtwerke Kaiserslautern Versorgungs-AG (SNB982394830312);Nein;
Einzelanlage;SEE903983424590;Statkraft Markets GmbH;Kraftwerk Knapsack II;50354;H?rth;Industriestra?e;300;NordrheinWestfalen;Deutschland;2013;;InBetrieb;Erdgas;ErdgasErdoelgas;Ja;Nein;450;430;GasturbinenmitAbhitzekessel;Volleinspeisung;Hoechstspannung;Amprion GmbH (SNB976890256486);Nein;
Einzelanlage;SEE904924198341;Fernw?rme Ulm GmbH;BioHKW II;89077;Ulm;Magirusstra?e;21;BadenWuerttemberg;Deutschland;2012;;InBetrieb;Biomasse;;Ja;Ja;5;4,442;KondensationsmaschinemitEntnahme;Volleinspeisung;Mittelspannung;Stadtwerke Ulm/Neu-Ulm Netze GmbH (SNB934068635945);Nein;
Einzelanlage;SEE912224455828;eins energie in sachsen GmbH & Co. KG;Motor-Heizkraftwerk Chemnitz-S?d, Motor 2;09125;Chemnitz;S?dstra?e;1;Sachsen;Deutschland;2022;;InBetrieb;Erdgas;ErdgasErdoelgas;Ja;Nein;12,9;12,7314;Verbrennungsmotor;TeileinspeisungEigenverbrauch;Hochspannung;inetz GmbH (SNB916663914472);Nein;
Einzelanlage;SEE915851127786;STAWAG ? Stadt- und St?dteregionswerke Aachen AG;BHKW Schwarzer Weg;52070;Aachen;Schwarzer Weg;19 b;NordrheinWestfalen;Deutschland;2023;;InBetrieb;Erdgas;ErdgasErdoelgas;Ja;Nein;22,535;21,505;Verbrennungsmotor;Volleinspeisung;Mittelspannung;Regionetz GmbH (SNB911641710114);Nein;
Einzelanlage;SEE900549498521;Stadtwerke Frankfurt (Oder) GmbH;HKW FFO GM4;15236;Frankfurt;Am Hohen Feld;4;Brandenburg;Deutschland;2022;;InBetrieb;Erdgas;ErdgasErdoelgas;Ja;Nein;10,423;10,3584;Verbrennungsmotor;TeileinspeisungEigenverbrauch;Mittelspannung;Netzgesellschaft Frankfurt (Oder) mbH (SNB954814647626);Nein;
Einzelanlage;SEE901440918859;Rheinkraftwerk Albbruck-Dogern AG;RADAG M1;79774;Albbruck;Kraftwerkstra?e;34;BadenWuerttemberg;Deutschland;1934;;InBetrieb;Wasser;;Nein;Ja;27,94;27,94;Laufwasseranlage;Volleinspeisung;Hochspannung;Amprion GmbH (SNB976890256486);Ja;27,94
Einzelanlage;SEE904165703137;BASF InfraService & Solutions Lausitz GmbH;GT1;01987;Schwarzheide;Schipkauer Stra?e;1;Brandenburg;Deutschland;1994;;InBetrieb;Erdgas;ErdgasErdoelgas;Ja;Nein;52;51,35;GasturbinenmitnachgeschalteterDampfturbine;Volleinspeisung;Mittelspannung;BASF InfraService & Solutions Lausitz GmbH (SNB914411628732);Nein;
Einzelanlage;SEE914414538991;BASF SE;GuD Mitte GT12;67063;Ludwigshafen;Carl-Bosch-Stra?e;38;RheinlandPfalz;Deutschland;2005;;InBetrieb;Erdgas;ErdgasErdoelgas;Ja;Nein;206;204;GasturbinenmitnachgeschalteterDampfturbine;TeileinspeisungEigenverbrauch;Hoechstspannung;Amprion GmbH (SNB976890256486);Nein;
Einzelanlage;SEE907524301289;OXEA Produktion GmbH & Co.KG;T/G 15;46147;Oberhausen;Otto-Roelen-Strasse;3;NordrheinWestfalen;Deutschland;1954;;InBetrieb;Mineraloelprodukte;AndereMineraloelprodukte;Ja;Nein;12;10;GegendruckmaschinemitEntnahme;TeileinspeisungEigenverbrauch;Mittelspannung;OXEA Services GmbH (SNB985069443664);Nein;
Einzelanlage;SEE910562646632;Biomethan Produktion Ottersberg GmbH;Motor 2;28870;Ottersberg;Am Damm;26;Niedersachsen;Deutschland;2007;;vorl?ufig Stillgelegt;Biomasse;;Ja;Ja;1,048;1,048;Verbrennungsmotor;Volleinspeisung;Mittelspannung;EWE NETZ GmbH (SNB951051725711);Nein;
Einzelanlage;SEE901516014812;Smurfit Westrock Herzberg Solid Board GmbH;Dampfturbine 1;37412;Herzberg;Andreasberger Stra?e;1;Niedersachsen;Deutschland;1955;;InBetrieb;Erdgas;ErdgasErdoelgas;Ja;Nein;2,84;2,64;GegendruckmaschineohneEntnahme;TeileinspeisungEigenverbrauch;Mittelspannung;Harz Energie Netz GmbH (SNB984607096621);Nein;
Einzelanlage;SEE904076796426;Stadtwerke Kiel AG;K?stenkraftwerk K.I.E.L Motor 4;24149;Kiel;Hasselfelde;30;SchleswigHolstein;Deutschland;2018;;InBetrieb;Erdgas;ErdgasErdoelgas;Ja;Nein;9,571;9,456;Verbrennungsmotor;Volleinspeisung;Hochspannung;SWKiel Netz GmbH (SNB973742186519);Nein;
Einzelanlage;SEE905939296770;Stadtwerke Kiel AG;K?stenkraftwerk K.I.E.L Motor 13;24149;Kiel;Hasselfelde;30;SchleswigHolstein;Deutschland;2018;;InBetrieb;Erdgas;ErdgasErdoelgas;Ja;Nein;9,571;9,456;Verbrennungsmotor;Volleinspeisung;Hochspannung;SWKiel Netz GmbH (SNB973742186519);Nein;
Einzelanlage;SEE908658611688;H&R Chemisch Pharmazeutische Spezialit?ten GmbH;HuR-IKW-G4;48499;Salzbergen;Neuenkirchener Stra?e;8;Niedersachsen;Deutschland;1977;;InBetrieb;Erdgas;None;Nein;Nein;6,035;6,02;GegendruckmaschineohneEntnahme;TeileinspeisungEigenverbrauch;Mittelspannung;Westnetz GmbH (SNB921897286493);Nein;
Einzelanlage;SEE913795928759;SMAREG 9 GmbH & Co. KG;SMAREG9 Freiberg;09599;Freiberg;Knappenweg;1e;Sachsen;Deutschland;2024;;InBetrieb;Batteriespeicher;;Nein;Nein;20;20;Batterie;Volleinspeisung;Mittelspannung;Mitteldeutsche Netzgesellschaft Strom mbH (SNB916269213931);Nein;
Einzelanlage;SEE914179988338;Enertec Hameln GmbH;Turbine 6;31789;Hameln;Heinrich-Schoormann-Weg;1;Niedersachsen;Deutschland;1970;;InBetrieb;Abfall;AbfallHausmuellSiedlungsabfaelle;Ja;Nein;4,25;2,55;GegendruckmaschineohneEntnahme;TeileinspeisungEigenverbrauch;Hochspannung;Westfalen Weser Netz GmbH (SNB929881052512);Nein;
Einzelanlage;SEE914845982691;TS Carry 3 GmbH;BESS Waltershausen;99880;Waltershausen;;;Thueringen;Deutschland;2025;;InBetrieb;Batteriespeicher;;Nein;Nein;10,35;10,35;Batterie;Volleinspeisung;Mittelspannung;TEN Th?ringer Energienetze GmbH & Co. KG (SNB970821959712);Nein;
Einzelanlage;SEE900348277440;J?ckering M?hlen- und N?hrmittelwerke GmbH;BHKW Hafen - Modul 4;59067;Hamm;Speicherstra?e;15;NordrheinWestfalen;Deutschland;2013;;InBetrieb;Erdgas;ErdgasErdoelgas;Ja;Nein;2,19;2,173;Verbrennungsmotor;TeileinspeisungEigenverbrauch;Mittelspannung;Energie- und Wasserversorgung Hamm GmbH (SNB912743424114);Nein;
Einzelanlage;SEE900364034072;EnBW Energie Baden-W?rttemberg AG;Heizkraftwerk Heilbronn FHT 1;74076;Heilbronn;Lichtenbergerstra?e;23;BadenWuerttemberg;Deutschland;2003;;InBetrieb;Erdgas;ErdgasErdoelgas;Ja;Nein;6,5;6,5;GegendruckmaschinemitEntnahme;TeileinspeisungEigenverbrauch;Mittelspannung;Netze BW GmbH (SNB948311994307);Nein;
Einzelanlage;SEE900452778307;Salzgitter Flachstahl GmbH;GGT HO B;38239;Salzgitter;Eisenh?ttenstra?e;99;Niedersachsen;Deutschland;2012;;InBetrieb;Sonstige Energietraeger (nicht erneuerbar);;Nein;Nein;12;8,2;Sonstige;TeileinspeisungEigenverbrauch;Mittelspannung;TenneT TSO GmbH (SNB970033313272);Nein;
Einzelanlage;SEE900664653232;AMK-Abfallentsorgungsgesellschaft des M?rkischen Kreises mbH;Turbine 1;58636;Iserlohn;Giesestra?e;10;NordrheinWestfalen;Deutschland;1996;;InBetrieb;Abfall;AbfallHausmuellSiedlungsabfaelle;Ja;Nein;13;10,7;KondensationsmaschinemitEntnahme;TeileinspeisungEigenverbrauch;Mittelspannung;Stadtwerke Iserlohn GmbH (SNB913730249284);Nein;
Einzelanlage;SEE905843309764;RWE Supply & Trading GmbH;Batteriespeicher Emsland;49808;Lingen;Sch?ttorfer Stra?e;100;Niedersachsen;Deutschland;2022;;InBetrieb;Batteriespeicher;;Nein;Nein;45;45;Batterie;Volleinspeisung;Hochspannung;Westnetz GmbH (SNB921897286493);Nein;
Einzelanlage;SEE908154984538;Mohn Media Mohndruck GmbH;GT 1;33332;G?tersloh;Carl-Bertelsmann-Stra?e;161;NordrheinWestfalen;Deutschland;1994;;InBetrieb;Erdgas;ErdgasErdoelgas;Ja;Nein;5,25;5,167;GasturbinenmitAbhitzekessel;TeileinspeisungEigenverbrauch;Mittelspannung;Netzgesellschaft G?tersloh mbH (SNB931546188436);Nein;
Einzelanlage;SEE909727831365;TEAG Th?ringer Energie AG;Gasturbine Bad Salzungen;36433;Bad Salzungen;Langenfelder Stra?e;82;Thueringen;Deutschland;1993;;InBetrieb;Erdgas;ErdgasErdoelgas;Ja;Nein;10,005;9,829;GasturbinenmitAbhitzekessel;Volleinspeisung;Mittelspannung;TEN Th?ringer Energienetze GmbH & Co. KG (SNB970821959712);Nein;
Einzelanlage;SEE910823058501;Dr. Ing. h.c. F. Porsche AG;W08_B06_BHKW1+2;71287;Weissach;Porschestra?e;911;BadenWuerttemberg;Deutschland;2013;;InBetrieb;Erdgas;ErdgasErdoelgas;Ja;Nein;1,998;1,998;GasturbinenohneAbhitzekessel;TeileinspeisungEigenverbrauch;Niederspannung;Netze BW GmbH (SNB948311994307);Nein;
Einzelanlage;SEE913985941537;medl GmbH;medl BHKW Broich Modul 2 neu;45479;M?lheim;Duisburger Stra?e;50;NordrheinWestfalen;Deutschland;2020;;InBetrieb;Erdgas;ErdgasErdoelgas;Ja;Nein;2,673;2,673;Verbrennungsmotor;Volleinspeisung;Mittelspannung;Westnetz GmbH (SNB921897286493);Nein;
Einzelanlage;SEE915170466979;RWE Generation SE;Vianden M2;9463;Stolzembourg;Rue de l'Energie;2;;Luxemburg;1962;;InBetrieb;Pumpspeicher;;Nein;Nein;100;100;Pumpspeicher;TeileinspeisungEigenverbrauch;Hoechstspannung;Amprion GmbH (SNB976890256486);Ja;100
Einzelanlage;SEE918791805134;INEOS Manufacturing Deutschland;Turbine 23;50769;K?ln;Alte Str.;201;NordrheinWestfalen;Deutschland;1963;;InBetrieb;Sonstige Energietraeger (nicht erneuerbar);SonstigeHergestellteGase;Ja;Nein;17,9;15,5;GegendruckmaschineohneEntnahme;TeileinspeisungEigenverbrauch;UmspannungZurMittelspannung;NETCUR GmbH (SNB974711150357);Nein;
Einzelanlage;SEE903926257506;Schluchseewerk AG;KW H?usern MS A2;79837;H?usern;Schwarzabruck;2;BadenWuerttemberg;Deutschland;1931;;InBetrieb;Pumpspeicher;;Nein;Nein;30;30;Pumpspeicher;None;Hochspannung;Amprion GmbH (SNB976890256486);Nein;
Einzelanlage;SEE904771605146;Statkraft Markets GmbH;Biomassekraftwerk Emden;26725;Emden;Zum Kraftwerk;1;Niedersachsen;Deutschland;2004;;InBetrieb;Biomasse;;Ja;Ja;20;20;KondensationsmaschinemitEntnahme;Volleinspeisung;Hochspannung;Avacon Netz GmbH (SNB990362338043);Nein;
Einzelanlage;SEE904983741502;MVV Umwelt Asset GmbH;MHKW Mannheim Generator T60;68169;Mannheim;Otto-Hahn-Stra?e;1;BadenWuerttemberg;Deutschland;2010;;InBetrieb;Abfall;AbfallHausmuellSiedlungsabfaelle;Ja;Nein;27,6;25,6;KondensationsmaschinemitEntnahme;TeileinspeisungEigenverbrauch;Mittelspannung;MVV Netze GmbH (SNB985472799266);Nein;
Einzelanlage;SEE905366486355;Infraserv GmbH & Co. H?chst KG;IPH Strom VT4;65929;Frankfurt;Br?ningstra?e;50;Hessen;Deutschland;2021;;InBetrieb;Erdgas;ErdgasErdoelgas;Ja;Nein;27;26,8;GegendruckmaschineohneEntnahme;Volleinspeisung;Mittelspannung;Infraserv Netze GmbH (SNB977535807001);Nein;
Einzelanlage;SEE906830618081;RWE Power AG;Fab Fortuna;50129;Bergheim;Auenheimer Stra?e;;NordrheinWestfalen;Deutschland;1948;;InBetrieb;Braunkohle;Rohbraunkohlen;Ja;Nein;30;15;KondensationsmaschinemitEntnahme;TeileinspeisungEigenverbrauch;Hochspannung;Amprion GmbH (SNB976890256486);Nein;
Einzelanlage;SEE908746529123;Stadtwerke Rostock Aktiengesellschaft;GuD-Block 3;18069;Rostock;Schmarler Damm;5;MecklenburgVorpommern;Deutschland;1996;;InBetrieb;Erdgas;ErdgasErdoelgas;Ja;Nein;37;36;GasturbinenmitnachgeschalteterDampfturbine;Volleinspeisung;Hochspannung;Stadtwerke Rostock Netzgesellschaft mbH (SNB939724292715);Nein;
Einzelanlage;SEE902096864651;Mineraloelraffinerie Oberrhein;Maschine 1;76187;Karlsruhe;N?rdliche Raffineriestra?e;1;BadenWuerttemberg;Deutschland;1995;;InBetrieb;Mineraloelprodukte;Raffineriegas;Ja;Nein;12,5;11,3;KondensationsmaschinemitEntnahme;TeileinspeisungEigenverbrauch;Hochspannung;Netze BW GmbH (SNB948311994307);Nein;
Einzelanlage;SEE902244404746;Firma Mercedes-Benz AG Werk 050 HPC NC50 LN-Nr.: 17319765;W059-RD_Geb. 122/3;70327;Stuttgart;Mercedesstra?e;137;BadenWuerttemberg;Deutschland;2015;;InBetrieb;Mineraloelprodukte;Dieselkraftstoff;Nein;Nein;6,948;6,948;Verbrennungsmotor;TeileinspeisungEigenverbrauch;Niederspannung;Power Supply Systems GmbH (SNB960349538834);Nein;
Einzelanlage;SEE903702464654;Papier- u. Kartonfabrik Varel GmbH & Co. KG;PKV Dampfsammelschienen-KWK-Anlage Generator / Turbine GT 5;26316;Varel;Dangaster Stra?e;38;Niedersachsen;Deutschland;1989;;InBetrieb;Erdgas;ErdgasErdoelgas;Ja;Nein;5,4;5,238;GasturbinenmitAbhitzekessel;TeileinspeisungEigenverbrauch;Mittelspannung;EWE NETZ GmbH (SNB951051725711);Nein;
Einzelanlage;SEE905716958785;trlyr2 GmbH;trlyr 2;94104;Tittling;Gehersberger Stra?e;;Bayern;Deutschland;2024;;InBetrieb;Batteriespeicher;;Nein;Nein;10;10;Batterie;Volleinspeisung;Mittelspannung;Bayernwerk Netz GmbH (SNB940352624434);Nein;
Einzelanlage;SEE911836897996;RWE Supply & Trading GmbH;Batteriespeicher Herdecke;58313;Herdecke;Im Schiffwinkel;43;NordrheinWestfalen;Deutschland;2017;;InBetrieb;Batteriespeicher;;Nein;Nein;6,25;6,25;Batterie;Volleinspeisung;Mittelspannung;Westnetz GmbH (SNB921897286493);Nein;
Einzelanlage;SEE912912423627;Mineraloelraffinerie Oberrhein;Expander;76187;Karlsruhe;N?rdliche Raffineriestra?e;1;BadenWuerttemberg;Deutschland;1995;;InBetrieb;Mineraloelprodukte;AndereMineraloelprodukte;Nein;Nein;19;18,9;Sonstige;TeileinspeisungEigenverbrauch;Hochspannung;Netze BW GmbH (SNB948311994307);Nein;
Einzelanlage;SEE913516809497;Datteln 4 a.s & Co. KG;Datteln 4;45711;Datteln;Im L?ringhof;10;NordrheinWestfalen;Deutschland;2020;;InBetrieb;Steinkohle;Steinkohlen;Ja;Nein;1100;1052;KondensationsmaschinemitEntnahme;TeileinspeisungEigenverbrauch;Hochspannung, Hoechstspannung;DB Energie GmbH (Bahnstromnetz 16,7 Hz) (SNB942182027607);Nein;
Einzelanlage;SEE917689107459;M?nch visiontec GmbH & Co. KG;BESS Merseburg;06217;Merseburg;;;SachsenAnhalt;Deutschland;2023;;InBetrieb;Batteriespeicher;;Nein;Nein;6,67;6,67;Batterie;Volleinspeisung;Hochspannung;Mitteldeutsche Netzgesellschaft Strom mbH (SNB916269213931);Nein;
Einzelanlage;SEE918583974024;Stadtwerke Kiel AG;K?stenkraftwerk K.I.E.L Motor 2;24149;Kiel;Hasselfelde;30;SchleswigHolstein;Deutschland;2018;;InBetrieb;Erdgas;ErdgasErdoelgas;Ja;Nein;9,571;9,456;Verbrennungsmotor;Volleinspeisung;Hochspannung;SWKiel Netz GmbH (SNB973742186519);Nein;
Einzelanlage;SEE901523079712;SMAREG 8 GmbH & Co. KG;SMAREG8 Calbe;39240;Calbe;Barbyer Chaussee;;SachsenAnhalt;Deutschland;2024;;InBetrieb;Batteriespeicher;;Nein;Nein;20,5;20,5;Batterie;Volleinspeisung;Mittelspannung;Avacon Netz GmbH (SNB990362338043);Nein;
Einzelanlage;SEE904455926604;Maxauer Papierfarbik GmbH;Turbine 4;76187;Karlsruhe;Mitscherlichstra?e;11;BadenWuerttemberg;Deutschland;2010;;InBetrieb;Waerme;Dampf;Ja;Nein;20;19;GegendruckmaschinemitEntnahme;TeileinspeisungEigenverbrauch;Hochspannung;Stadtwerke Karlsruhe Netzservice GmbH (SNB971087047229);Nein;
Einzelanlage;SEE906382407782;Uniper Kraftwerke GmbH;Pfrombach D F7;85368;Moosburg;Am Kraftwerk;1;Bayern;Deutschland;1929;;InBetrieb;Wasser;;Nein;Ja;4,38;4,38;Laufwasseranlage;Volleinspeisung;Hochspannung;Bayernwerk Netz GmbH (SNB940352624434);Nein;
Einzelanlage;SEE908927793930;BMW AG;Regensburg KWK 2;93055;Regensburg;Herbert-Quandt-Allee;1;Bayern;Deutschland;2011;;InBetrieb;Erdgas;ErdgasErdoelgas;Ja;Nein;2,678;2,624;Verbrennungsmotor;TeileinspeisungEigenverbrauch;Mittelspannung;Bayernwerk Netz GmbH (SNB940352624434);Nein;
Einzelanlage;SEE911476679648;RWE Generation Hydro GmbH;Serrig Maschine 1;54441;Taben-Rodt;An der Staustufe ;44;RheinlandPfalz;Deutschland;1985;;InBetrieb;Wasser;;Nein;Ja;6,05;6,05;Laufwasseranlage;Volleinspeisung;Mittelspannung;Westnetz GmbH (SNB921897286493);Nein;
Einzelanlage;SEE911613995433;EnBW Energie Baden-W?rttemberg AG;Kraftwerk Walheim GTD;74399;Walheim;M?hlstra?e;1;BadenWuerttemberg;Deutschland;1981;;InBetrieb;Mineraloelprodukte;HeizoelLeicht;Nein;Nein;143;136;GasturbinenohneAbhitzekessel;TeileinspeisungEigenverbrauch;Hochspannung;Netze BW GmbH (SNB948311994307);Nein;
Einzelanlage;SEE912494745674;Uniper Kraftwerke GmbH;Pfrombach E F8;85368;Moosburg;Am Kraftwerk;1;Bayern;Deutschland;1929;;InBetrieb;Wasser;;Nein;Ja;14;14;Laufwasseranlage;Volleinspeisung;Hochspannung;DB Energie GmbH (Bahnstromnetz 16,7 Hz) (SNB942182027607);Nein;
Einzelanlage;SEE905804223849;naturenergie holding AG;KW Laufenburg Maschine 1;5080;Laufenburg;Baslerstrasse;;;Schweiz;1990;;InBetrieb;Wasser;;Nein;Ja;10,6;10,442;Laufwasseranlage;TeileinspeisungEigenverbrauch;Hochspannung;naturenergie netze GmbH (SNB945502201350);Ja;10,442
Einzelanlage;SEE906074606738;Uniper Kraftwerke GmbH;Eitting D F1;85462;Eitting;Am Moosrain;10;Bayern;Deutschland;1925;;InBetrieb;Wasser;;Nein;Ja;9;9;Laufwasseranlage;Volleinspeisung;Hochspannung;Bayernwerk Netz GmbH (SNB940352624434);Nein;
Einzelanlage;SEE909400536488;EnBW Energie Baden-W?rttemberg AG;WKW Rudolf-Fettweis-Werk NDW M1;76596;Forbach;Werkstra?e;5;BadenWuerttemberg;Deutschland;1918;;InBetrieb;Wasser;;Nein;Ja;1,27;1,27;Laufwasseranlage;TeileinspeisungEigenverbrauch;Hochspannung;Netze BW GmbH (SNB948311994307);Nein;
stillgelegte Anlagen;SEE905937514456;Peissenberger Kraftwerksgesellschaft;GT 4;83734;Hausham;Brentenstra?e;3;Bayern;Deutschland;1982;2024;endg?ltig stillgelegt nach ? 13b EnWG;Mineraloelprodukte;HeizoelLeicht;Nein;Nein;23,2;23,2;GasturbinenohneAbhitzekessel;Volleinspeisung;UmspannungZurMittelspannung;Bayernwerk Netz GmbH (SNB940352624434);Nein;
Einzelanlage;SEE914878135613;Energie und Wasser Potsdam GmbH;HKW Potsdam-S?d Block2;14478;Potsdam;Zum Heizwerk;20;Brandenburg;Deutschland;1996;;InBetrieb;Erdgas;ErdgasErdoelgas;Ja;Nein;42;40,9;GasturbinenmitnachgeschalteterDampfturbine;Volleinspeisung;Hochspannung;Netzgesellschaft Potsdam GmbH (SNB929027950139);Nein;
Einzelanlage;SEE916435406600;Stadtwerke Kiel AG;K?stenkraftwerk K.I.E.L Motor 9;24149;Kiel;Hasselfelde;30;SchleswigHolstein;Deutschland;2018;;InBetrieb;Erdgas;ErdgasErdoelgas;Ja;Nein;9,571;9,456;Verbrennungsmotor;Volleinspeisung;Hochspannung;SWKiel Netz GmbH (SNB973742186519);Nein;
Einzelanlage;SEE900123363948;VERBUND Innkraftwerke GmbH;Kraftwerk Teufelsbruck MS4;83564;Soyen;Ponschabaustra?e;25;Bayern;Deutschland;1938;;InBetrieb;Wasser;;Nein;Ja;5;5;Laufwasseranlage;Volleinspeisung;Hochspannung;Bayernwerk Netz GmbH (SNB940352624434);Nein;
Einzelanlage;SEE901884895389;Universit?tsklinkum Freiburg und Bad Krozingen;Dampfturbine 1;79106;Freiburg;Hartmannstra?e;1;BadenWuerttemberg;Deutschland;2012;;InBetrieb;Erdgas;ErdgasErdoelgas;Ja;Nein;12,988;12,8;GegendruckmaschinemitEntnahme;TeileinspeisungEigenverbrauch;Mittelspannung;badenovaNETZE GmbH (SNB965774651691);Nein;
Einzelanlage;SEE904364883227;R?hm GmbH;KonTu;67547;Worms;Im Pfaffenwinkel;6;RheinlandPfalz;Deutschland;2012;;InBetrieb;Erdgas;ErdgasErdoelgas;Nein;Nein;7,1;6,9;KondensationsmaschineohneEntnahme;TeileinspeisungEigenverbrauch;Mittelspannung;EWR Netz GmbH (SNB969068596941);Nein;
Einzelanlage;SEE905229048430;EGGER Holzwerkstoffe Brilon GmbH & Co. KG;GT8;59929;Brilon;Im Kissen;19;NordrheinWestfalen;Deutschland;1998;;InBetrieb;Erdgas;ErdgasErdoelgas;Ja;Nein;5;5;GasturbinenmitAbhitzekessel;TeileinspeisungEigenverbrauch;Mittelspannung;Westnetz GmbH (SNB921897286493);Nein;
Einzelanlage;SEE907828499484;Henkel AG & Co. KGaA;F13G6;40589;D?sseldorf;Henkelstra?e;67;NordrheinWestfalen;Deutschland;1983;;InBetrieb;Erdgas;ErdgasErdoelgas;Ja;Nein;20;18;GegendruckmaschinemitEntnahme;TeileinspeisungEigenverbrauch;UmspannungZurMittelspannung;Netzgesellschaft D?sseldorf mbH (SNB933956506145);Nein;
Einzelanlage;SEE910471578864;Stadtwerke W?rzburg AG;Heizkraftwerk an der Friedensbr?cke DampfturbineII;97080;W?rzburg;Veitsh?chheimer Stra?e;1;Bayern;Deutschland;1993;;InBetrieb;Erdgas;ErdgasErdoelgas;Ja;Nein;25,5;25;KondensationsmaschinemitEntnahme;Volleinspeisung;Mittelspannung;Mainfranken Netze GmbH (SNB915316807789);Nein;
Einzelanlage;SEE901604837408;DB Energie GmbH;Saalachkraftwerk E2;83435;Bad Reichenhall;Thumseestra?e;25;Bayern;Deutschland;1914;;InBetrieb;Wasser;;Nein;Ja;1,28;1,28;Laufwasseranlage;Volleinspeisung;Hochspannung;DB Energie GmbH (Bahnstromnetz 16,7 Hz) (SNB942182027607);Nein;
Einzelanlage;SEE905257392765;Cosun Beet Company GmbH & Co. KG;Kesselhaus;17389;Anklam;Bluthsluster Stra?e;24;MecklenburgVorpommern;Deutschland;1993;;InBetrieb;Erdgas;ErdgasErdoelgas;Ja;Nein;16;15;GegendruckmaschinemitEntnahme;TeileinspeisungEigenverbrauch;Mittelspannung;E.DIS Netz GmbH (SNB941690671609);Nein;
Einzelanlage;SEE907731725434;Stadtwerke Greifswald GmbH;BHKW Jungfernwiese - modernisiert;17489;Greifswald;An der Jungfernwiese;8;MecklenburgVorpommern;Deutschland;2026;;InBetrieb;Erdgas;ErdgasErdoelgas;Ja;Nein;4,5;4,45;Verbrennungsmotor;Volleinspeisung;Mittelspannung;Stadtwerke Greifswald GmbH (SNB926442995943);Nein;
Einzelanlage;SEE910013400721;naturenergie holding AG;KW Laufenburg Maschine 2;5080;Laufenburg;Baslerstrasse;;;Schweiz;1990;;InBetrieb;Wasser;;Nein;Ja;10,6;10,442;Laufwasseranlage;Volleinspeisung;Hochspannung;naturenergie netze GmbH (SNB945502201350);Ja;10,442
Einzelanlage;SEE912975333499;UPM GmbH;UPM Schongau HKW 3 GT;86956;Schongau;Friedrich-Haindl-Stra?e;10;Bayern;Deutschland;2014;;InBetrieb;Erdgas;ErdgasErdoelgas;Ja;Nein;47;44,328;GasturbinenmitAbhitzekessel;Volleinspeisung;Hochspannung;LEW Verteilnetz GmbH (SNB911705062982);Nein;
Einzelanlage;SEE901602471161;Wacker Chemie;Alzwerk Maschine 1;84489;Burghausen;Johannes-Hess-Stra?e;24;Bayern;Deutschland;1922;;InBetrieb;Wasser;;Nein;Ja;10,08;10,08;Laufwasseranlage;TeileinspeisungEigenverbrauch;Mittelspannung;Bayernwerk Netz GmbH (SNB940352624434);Nein;
Einzelanlage;SEE903050601572;Wacker Chemie;Turbine/Generator 9;84489;Burghausen;Johannes-Hess-Stra?e;24;Bayern;Deutschland;1987;;InBetrieb;Erdgas;ErdgasErdoelgas;Ja;Nein;13,6;13,5;GegendruckmaschinemitEntnahme;TeileinspeisungEigenverbrauch;Mittelspannung;Bayernwerk Netz GmbH (SNB940352624434);Nein;
Einzelanlage;SEE910475623805;ZAK Energie GmbH;Ofenlinie K3;87437;Kempten;Dieselstra?e;20;Bayern;Deutschland;1984;;InBetrieb;Abfall;AbfallHausmuellSiedlungsabfaelle;Ja;Nein;2,8;2,2;GegendruckmaschineohneEntnahme;Volleinspeisung;Mittelspannung;Allg?uNetz GmbH & Co. KG (SNB926394308747);Nein;
Einzelanlage;SEE905714722562;EnBW Energie Baden-W?rttemberg AG;Heizkraftwerk Stuttgart-M?nster DT 15;70376;Stuttgart;Voltastra?e;45;BadenWuerttemberg;Deutschland;1984;;InBetrieb;Erdgas;ErdgasErdoelgas;Ja;Nein;47,2;45;GegendruckmaschinemitEntnahme;TeileinspeisungEigenverbrauch;Hochspannung;Stuttgart Netze GmbH (SNB947592865054);Nein;
Einzelanlage;SEE906215229154;EEW Energy from Waste Helmstedt GmbH;MVA EEW Helmstedt;38372;B?ddenstedt;Am Kraftwerk;2;Niedersachsen;Deutschland;2014;;InBetrieb;Abfall;AbfallHausmuellSiedlungsabfaelle;Nein;Nein;42,3;37,5;KondensationsmaschineohneEntnahme;TeileinspeisungEigenverbrauch;Hochspannung;Avacon Netz GmbH (SNB990362338043);Nein;
Einzelanlage;SEE906312850534;RWE Generation Hydro GmbH;Detzem Maschine 4;54340;Detzem;Am Moselufer;1;RheinlandPfalz;Deutschland;1962;;InBetrieb;Wasser;;Nein;Ja;6;6;Laufwasseranlage;Volleinspeisung;UmspannungZurMittelspannung;Westnetz GmbH (SNB921897286493);Nein;
Einzelanlage;SEE907030791383;ESWE BioEnergie GmbH;BMHKW der ESWE BioEnergie;65205;Wiesbaden;Deponiestra?e;14;Hessen;Deutschland;2013;;InBetrieb;Biomasse;;Ja;Ja;11,4;10,5;KondensationsmaschinemitEntnahme;TeileinspeisungEigenverbrauch;Mittelspannung;Stadtwerke Wiesbaden Netz GmbH (SNB950584553167);Nein;
Einzelanlage;SEE910161577337;Currenta GmbH & Co. OHG;UER L57 M1;47829;Krefeld;Rheinuferstra?e;7;NordrheinWestfalen;Deutschland;1993;;InBetrieb;Steinkohle;Steinkohlen;Ja;Nein;18,2;17,097;GegendruckmaschinemitEntnahme;TeileinspeisungEigenverbrauch;UmspannungZurMittelspannung;NETCUR GmbH (SNB974711150357);Nein;
Einzelanlage;SEE916532936024;RWE Generation SE;Batteriespeicher Westfalen 1;59071;Hamm;Siegenbeckstra?e;10;NordrheinWestfalen;Deutschland;2024;;InBetrieb;Batteriespeicher;;Nein;Nein;174,24;140;Batterie;Volleinspeisung;Hochspannung;Westnetz GmbH (SNB921897286493);Nein;
Einzelanlage;SEE902796244388;Sappi Alfeld;Turbine 4;31061;Alfeld;M?hlenmasch;1;Niedersachsen;Deutschland;1970;;InBetrieb;Erdgas;ErdgasErdoelgas;Ja;Nein;14;11;GegendruckmaschinemitEntnahme;TeileinspeisungEigenverbrauch;Mittelspannung;?berlandwerk Leinetal GmbH (SNB910956210043);Nein;
Einzelanlage;SEE906889375157;Donau-Wasserkraft AG;Bittenbrunn E K2;86633;Neuburg;Kraftwerkstra?e;8;Bayern;Deutschland;1969;;InBetrieb;Wasser;;Nein;Ja;7;6,73;Laufwasseranlage;Volleinspeisung;Hochspannung;DB Energie GmbH (Bahnstromnetz 16,7 Hz) (SNB942182027607);Nein;
Einzelanlage;SEE908089235248;RWE Generation SE;Dormagen GT2;41540;Dormagen;Alte Heerstra?e;1;NordrheinWestfalen;Deutschland;2000;;InBetrieb;Erdgas;ErdgasErdoelgas;Ja;Nein;189;184;GasturbinenmitAbhitzekessel;TeileinspeisungEigenverbrauch;Hochspannung;Westnetz GmbH (SNB921897286493);Nein;
Einzelanlage;SEE911257641864;Firma Mercedes-Benz AG Werk 050 HPC NC50 LN-Nr.: 17319765;W065-Geb?ude 120 / BHKW Modul 02;40476;D?sseldorf;Rather Stra?e;51;NordrheinWestfalen;Deutschland;2012;;InBetrieb;Erdgas;ErdgasErdoelgas;Ja;Nein;4,3;4,2;GasturbinenmitAbhitzekessel;TeileinspeisungEigenverbrauch;Mittelspannung;Netzgesellschaft D?sseldorf mbH (SNB933956506145);Nein;
Einzelanlage;SEE913911815888;Wacker Chemie;Alzwerk Maschine 2;84489;Burghausen;Johannes-Hess-Stra?e;24;Bayern;Deutschland;1922;;InBetrieb;Wasser;;Nein;Ja;10,08;10,08;Laufwasseranlage;TeileinspeisungEigenverbrauch;Mittelspannung;Bayernwerk Netz GmbH (SNB940352624434);Nein;
Einzelanlage;SEE914989602134;Infraserv GmbH & Co. H?chst KG;IPH Strom GTX2;65929;Frankfurt;Br?ningstra?e;50;Hessen;Deutschland;2011;;InBetrieb;Erdgas;ErdgasErdoelgas;Ja;Nein;50;49,8;GasturbinenmitAbhitzekessel;Volleinspeisung;Hochspannung;Infraserv Netze GmbH (SNB977535807001);Nein;
Einzelanlage;SEE916030519361;Mineraloelraffinerie Oberrhein;TG-1902;76187;Karlsruhe;N?rdliche Raffineriestra?e;1;BadenWuerttemberg;Deutschland;1995;;InBetrieb;Mineraloelprodukte;Raffineriegas;Ja;Nein;8,1;7,3;KondensationsmaschinemitEntnahme;TeileinspeisungEigenverbrauch;Hochspannung;Netze BW GmbH (SNB948311994307);Nein;
Einzelanlage;SEE918037222657;Vattenfall Wasserkraft GmbH;PSW Hohenwarte 2 PSS C;07338;Hohenwarte;Pre?witzer Stra?e;25;Thueringen;Deutschland;1965;;InBetrieb;Pumpspeicher;;Nein;Nein;40;39,7;Pumpspeicher;Volleinspeisung;Hoechstspannung;50Hertz Transmission GmbH (SNB982046657236);Nein;
Einzelanlage;SEE900963630248;Uniper Kraftwerke GmbH;Aufkirchen D F1;85445;Oberding;Bayernwerkstra?e;1;Bayern;Deutschland;1924;;InBetrieb;Wasser;;Nein;Ja;9;9;Laufwasseranlage;Volleinspeisung;Hochspannung;Bayernwerk Netz GmbH (SNB940352624434);Nein;
Einzelanlage;SEE905751443291;swb Erzeugung AG & Co. KG;BHKW Hastedt Motor 06;28207;Bremen;Hastedter Osterdeich;255;Bremen;Deutschland;2022;;InBetrieb;Erdgas;ErdgasErdoelgas;Ja;Nein;11,8096;11,6794;Verbrennungsmotor;Volleinspeisung;Hochspannung;wesernetz Bremen GmbH (SNB942238573102);Nein;
Einzelanlage;SEE906681939748;J?ckering M?hlen- und N?hrmittelwerke GmbH;BHKW Hafen - Modul 1;59067;Hamm;Speicherstra?e;15;NordrheinWestfalen;Deutschland;2013;;InBetrieb;Erdgas;ErdgasErdoelgas;Ja;Nein;2,19;2,173;Verbrennungsmotor;TeileinspeisungEigenverbrauch;Mittelspannung;Energie- und Wasserversorgung Hamm GmbH (SNB912743424114);Nein;
Einzelanlage;SEE916041421592;Allg?uer ?berlandwerk GmbH;NUKAspeicher;87448;Waltenhofen;Veits;13;Bayern;Deutschland;2024;;InBetrieb;Batteriespeicher;;Nein;Nein;1,718;1,718;Batterie;Volleinspeisung;Mittelspannung;Allg?uNetz GmbH & Co. KG (SNB926394308747);Nein;
Einzelanlage;SEE921222366043;Battery Park Metelen GmbH;Batteriepark Metelen;48629;Metelen;;;NordrheinWestfalen;Deutschland;2026;;InBetrieb;Batteriespeicher;;Nein;Nein;92,5;92,5;Batterie;Volleinspeisung;UmspannungZurMittelspannung;Westnetz GmbH (SNB921897286493);Nein;
Einzelanlage;SEE916697461249;Uniper Kraftwerke GmbH;Dingolfing K3;84130;Dingolfing;Bayernwerkstra?e;55;Bayern;Deutschland;1958;;InBetrieb;Wasser;;Nein;Ja;5;5;Laufwasseranlage;Volleinspeisung;Mittelspannung;Bayernwerk Netz GmbH (SNB940352624434);Nein;
Einzelanlage;SEE902745894848;Uniper Kraftwerke GmbH;Aufkirchen E F1;85445;Oberding;Bayernwerkstra?e;1;Bayern;Deutschland;1924;;InBetrieb;Wasser;;Nein;Ja;9;9;Laufwasseranlage;Volleinspeisung;Hochspannung;DB Energie GmbH (Bahnstromnetz 16,7 Hz) (SNB942182027607);Nein;
Einzelanlage;SEE906061539261;Universit?t Stuttgart;HKW Pfaffenwald, Generator 42;70569;Stuttgart;Pfaffenwaldring;8;BadenWuerttemberg;Deutschland;1988;;InBetrieb;Erdgas;ErdgasErdoelgas;Ja;Nein;5,2;4,9;GasturbinenmitnachgeschalteterDampfturbine;TeileinspeisungEigenverbrauch;UmspannungZurMittelspannung;Stuttgart Netze GmbH (SNB947592865054);Nein;
Einzelanlage;SEE906691973961;medl GmbH;medl BHKW Broich Modul 4;45479;M?lheim;Duisburger Stra?e;50;NordrheinWestfalen;Deutschland;2011;;InBetrieb;Biomasse;;Ja;Ja;1,999;1,999;Verbrennungsmotor;Volleinspeisung;Mittelspannung;Westnetz GmbH (SNB921897286493);Nein;
Einzelanlage;SEE908227299279;RWE Generation SE;Vianden M4;9463;Stolzembourg;Rue de l'Energie;2;;Luxemburg;1963;;InBetrieb;Pumpspeicher;;Nein;Nein;100;100;Pumpspeicher;TeileinspeisungEigenverbrauch;Hoechstspannung;Amprion GmbH (SNB976890256486);Ja;100
Einzelanlage;SEE916733797554;Julius Glatz;Turbine 1;67468;Neidenfels;;;RheinlandPfalz;Deutschland;1955;;InBetrieb;Erdgas;ErdgasErdoelgas;Ja;Nein;4,5;4,15;KondensationsmaschinemitEntnahme;TeileinspeisungEigenverbrauch;Mittelspannung;Pfalzwerke Netz AG (SNB961471621746);Nein;
Einzelanlage;SEE917250397289;EnBW Energie Baden-W?rttemberg AG;RKI Iffezheim M2;76473;Iffezheim;An der Staustufe;27;BadenWuerttemberg;Deutschland;1978;;InBetrieb;Wasser;;Nein;Ja;27;27;Laufwasseranlage;TeileinspeisungEigenverbrauch;Hochspannung;Netze BW GmbH (SNB948311994307);Ja;27
Einzelanlage;SEE905108374407;Robert Bosch GmbH Schwieberdingen;BHKW Si Si307;71701;Schwieberdingen;Robert-Bosch-Stra?e;2;BadenWuerttemberg;Deutschland;2012;;InBetrieb;Erdgas;ErdgasErdoelgas;Ja;Nein;1,56;1,472;Verbrennungsmotor;TeileinspeisungEigenverbrauch;Mittelspannung;Netze BW GmbH (SNB948311994307);Nein;
Einzelanlage;SEE907837230047;Uniper Kraftwerke GmbH;Prem K(Ro)1;86983;Lechbruck;Am Premer Lechsee;;Bayern;Deutschland;1971;;InBetrieb;Wasser;;Nein;Ja;6,4;6,4;Laufwasseranlage;TeileinspeisungEigenverbrauch;Hochspannung;LEW Verteilnetz GmbH (SNB911705062982);Nein;
Einzelanlage;SEE908836263777;AUDI;IN_N19_KWKK_GT2;85057;Ingolstadt;Ettinger Stra?e;105;Bayern;Deutschland;1998;;InBetrieb;Erdgas;ErdgasErdoelgas;Ja;Nein;5,1;4,985;GasturbinenmitAbhitzekessel;TeileinspeisungEigenverbrauch;Mittelspannung;Bayernwerk Netz GmbH (SNB940352624434);Nein;
Einzelanlage;SEE914128531905;Pfeifer & Langen GmbH & Co. KG;Euskirchen Generator 2;53879;Euskirchen;Bonner Stra?e;2;NordrheinWestfalen;Deutschland;1981;;InBetrieb;Erdgas;ErdgasErdoelgas;Ja;Nein;6,6;6,232;GegendruckmaschineohneEntnahme;TeileinspeisungEigenverbrauch;Mittelspannung;Westnetz GmbH (SNB921897286493);Nein;
Einzelanlage;SEE912008346410;Baden Board GmbH;Dampfturbine;76593;Gernsbach;Fabrikstra?e;1;BadenWuerttemberg;Deutschland;1974;;vorl?ufig Stillgelegt;Waerme;Dampf;Ja;Nein;10,8;10,8;GegendruckmaschinemitEntnahme;None;Niederspannung;Netze BW GmbH (SNB948311994307);Ja;
Einzelanlage;SEE912020488365;thyssenkrupp Steel Europe AG;Ruhrort 2;47166;Duisburg;Kaiser-Wilhelm-Str.;100;NordrheinWestfalen;Deutschland;1955;;InBetrieb;Sonstige Energietraeger (nicht erneuerbar);HochofengasKonvertergas;Ja;Nein;64;59,6;KondensationsmaschinemitEntnahme;TeileinspeisungEigenverbrauch;Hochspannung;Amprion GmbH (SNB976890256486);Nein;
Einzelanlage;SEE900559860912;WUN Pellets GmbH;WUN Pellets - BHKW - Modul II;95632;Wunsiedel;Am Energiepark;3;Bayern;Deutschland;2018;;InBetrieb;Erdgas;ErdgasErdoelgas;Ja;Nein;4,5;4,41;Verbrennungsmotor;TeileinspeisungEigenverbrauch;Mittelspannung;SWW Wunsiedel GmbH (SNB967812386411);Nein;
Einzelanlage;SEE902009757629;AVEA Entsorgungsbetriebe;Notstromdiesel;51373;Leverkusen;Im Eisholz;12;NordrheinWestfalen;Deutschland;2010;;InBetrieb;Mineraloelprodukte;HeizoelLeicht;Nein;Nein;1,395;1,395;Verbrennungsmotor;TeileinspeisungEigenverbrauch;Niederspannung;RheinNetz GmbH (SNB924477581384);Nein;
Einzelanlage;SEE906899424722;BASF SE;S300 NT7;67063;Ludwigshafen;Carl-Bosch-Stra?e;38;RheinlandPfalz;Deutschland;2001;;InBetrieb;Waerme;Dampf;Ja;Nein;24,5;24;GegendruckmaschinemitEntnahme;TeileinspeisungEigenverbrauch;Hoechstspannung;Amprion GmbH (SNB976890256486);Nein;
Einzelanlage;SEE908293161302;Buchmann Karton;Dampfturbine 7;76855;Annweiler;Wasgaustra?e;5;RheinlandPfalz;Deutschland;2014;;InBetrieb;Erdgas;ErdgasErdoelgas;Ja;Nein;10,8;10,8;GegendruckmaschinemitEntnahme;TeileinspeisungEigenverbrauch;Mittelspannung;Pfalzwerke Netz AG (SNB961471621746);Nein;
Einzelanlage;SEE908964165929;SWE Energie GmbH;T-DT;99087;Erfurt;Stotternheimer Stra?e;40;Thueringen;Deutschland;2022;;InBetrieb;Erdgas;ErdgasErdoelgas;Ja;Nein;10,5;10,5;GegendruckmaschinemitEntnahme;Volleinspeisung;Hochspannung;SWE Netz GmbH (Erfurt) (SNB950262883869);Nein;
Einzelanlage;SEE911179819280;Uniper Kraftwerke GmbH;Gottfrieding K2;84177;Gottfrieding;Isarweg;1;Bayern;Deutschland;1974;;InBetrieb;Wasser;;Nein;Ja;3;3;Laufwasseranlage;Volleinspeisung;Mittelspannung;Bayernwerk Netz GmbH (SNB940352624434);Nein;
Einzelanlage;SEE910623192382;S?dzucker AG;Dampfturbine II S?dzucker Offstein;67283;Obrigheim;Wormser Stra?e;11;RheinlandPfalz;Deutschland;1969;;InBetrieb;Waerme;Dampf;Ja;Nein;8,67;7,4891;GegendruckmaschineohneEntnahme;TeileinspeisungEigenverbrauch;Mittelspannung;Pfalzwerke Netz AG (SNB961471621746);Nein;
Einzelanlage;SEE918111432224;Sappi Ehingen GmbH;Turbinengenerator3-SiemensT1915;89584;Ehingen;Biberacher Stra?e;73;BadenWuerttemberg;Deutschland;1961;;InBetrieb;Erdgas;ErdgasErdoelgas;Ja;Nein;7,185;5,17;GegendruckmaschineohneEntnahme;TeileinspeisungEigenverbrauch;Mittelspannung;Netze BW GmbH (SNB948311994307);Nein;
Einzelanlage;SEE900610669775;Vattenfall Wasserkraft GmbH;PSW Hohenwarte 2 PSS H;07338;Hohenwarte;Pre?witzer Stra?e;25;Thueringen;Deutschland;1966;;InBetrieb;Pumpspeicher;;Nein;Nein;40;39,7;Pumpspeicher;Volleinspeisung;Hoechstspannung;50Hertz Transmission GmbH (SNB982046657236);Nein;
Einzelanlage;SEE907282834715;SYNEQT GmbH;Kraftwerk VI, Block 61, GT611;45772;Marl;Paul-Baumann-Stra?e;1;NordrheinWestfalen;Deutschland;2022;;InBetrieb;Erdgas;ErdgasErdoelgas;Ja;Nein;56,76;55,3;GasturbinenmitnachgeschalteterDampfturbine;Volleinspeisung;Hochspannung;CPM Netz GmbH (SNB956923775696);Nein;
Einzelanlage;SEE911129038174;Stadtwerke Cottbus GmbH;BHKW-Anlage;03052;Cottbus;Werner-von-Siemens-Stra?e;16;Brandenburg;Deutschland;2022;;InBetrieb;Erdgas;ErdgasErdoelgas;Ja;Nein;53,916;53,481;Verbrennungsmotor;Volleinspeisung;UmspannungZurMittelspannung;Elektroenergieversorgung Cottbus GmbH (SNB931431136771);Nein;
Einzelanlage;SEE902378631681;Donaukraftwerk Jochenstein AG;Kraftwerk Jochenstein MS1;94107;Untergriesbach;Am Kraftwerk;2;Bayern;Deutschland;1956;;InBetrieb;Wasser;;Nein;Ja;26,4;26,4;Laufwasseranlage;Volleinspeisung;Hochspannung;TenneT TSO GmbH (SNB970033313272);Ja;
Einzelanlage;SEE905270326723;envia THERM GmbH;Gro?kayna GT3;06242;Gro?kayna;Werkstra?e;1;SachsenAnhalt;Deutschland;1994;;InBetrieb;Mineraloelprodukte;HeizoelLeicht;Nein;Nein;45,625;45,625;GasturbinenohneAbhitzekessel;Volleinspeisung;Hochspannung;Mitteldeutsche Netzgesellschaft Strom mbH (SNB916269213931);Nein;
Einzelanlage;SEE909400381729;Uniper Kraftwerke GmbH;Hemfurth F2;34549;Edertal;Randstra?e;;Hessen;Deutschland;1915;;InBetrieb;Wasser;;Nein;Ja;10;10;Speicherwasseranlage;Volleinspeisung;Hochspannung;Avacon Netz GmbH (SNB990362338043);Nein;
Einzelanlage;SEE912583238223;TEAG Th?ringer Energie AG;Gasmotor 3 Jena;07745;Jena;Rudolst?dter Stra?e;41;Thueringen;Deutschland;2022;;InBetrieb;Erdgas;ErdgasErdoelgas;Ja;Nein;12,616;12,175;Verbrennungsmotor;Volleinspeisung;UmspannungZurMittelspannung;TEN Th?ringer Energienetze GmbH & Co. KG (SNB970821959712);Nein;
Einzelanlage;SEE912827261192;LEW Wasserkraft;Oberpeiching M2;86698;Oberndorf;;;Bayern;Deutschland;1954;;InBetrieb;Wasser;;Nein;Ja;6,15;6,145;Laufwasseranlage;TeileinspeisungEigenverbrauch;Niederspannung;LEW Verteilnetz GmbH (SNB911705062982);Nein;
Einzelanlage;SEE914688001801;Smurfit Westrock Hoya Paper & Board GmbH;DT 2 (KKK);27318;Hoya;Von-dem-Bussche-Stra?e;1;Niedersachsen;Deutschland;1996;;InBetrieb;Erdgas;ErdgasErdoelgas;Ja;Nein;4,52;4,339;GegendruckmaschinemitEntnahme;Volleinspeisung;UmspannungZurMittelspannung;Avacon Netz GmbH (SNB990362338043);Nein;
Einzelanlage;SEE914857304191;RWE Generation SE;Dormagen GT1;41540;Dormagen;Alte Heerstra?e;1;NordrheinWestfalen;Deutschland;2000;;InBetrieb;Erdgas;ErdgasErdoelgas;Ja;Nein;189;184;GasturbinenmitAbhitzekessel;TeileinspeisungEigenverbrauch;Hochspannung;Westnetz GmbH (SNB921897286493);Nein;
Einzelanlage;SEE901410470721;DREWAG - Stadtwerke Dresden GmbH;GT3;01159;Dresden;Oederaner Stra?e;21;Sachsen;Deutschland;1995;;InBetrieb;Erdgas;ErdgasErdoelgas;Ja;Nein;65;62;GasturbinenmitnachgeschalteterDampfturbine;Volleinspeisung;Hochspannung;SachsenNetze HS.HD GmbH (SNB968914838013);Nein;
Einzelanlage;SEE906636749798;Schluchseewerk AG;KW S?ckingen A7;79713;Bad S?ckingen;Stollenweg;2;BadenWuerttemberg;Deutschland;1966;;InBetrieb;Pumpspeicher;;Nein;Nein;90;90;Pumpspeicher;None;Hoechstspannung;Amprion GmbH (SNB976890256486);Nein;
Einzelanlage;SEE908119179962;J. M. Voith SE & Co. KG;HDH_004_Industrieheizkraftwerk-Heidenheim_GM4;89522;Heidenheim;Alexanderstra?e;8;BadenWuerttemberg;Deutschland;1999;;InBetrieb;Erdgas;ErdgasErdoelgas;Ja;Nein;3,884;3,725;Verbrennungsmotor;TeileinspeisungEigenverbrauch;Mittelspannung;Hellenstein-Energie-Logistik GmbH (SNB924453035597);Nein;
Einzelanlage;SEE909212211870;SMAREG 6 GmbH & Co. KG;SMAREG6 Gunzenhausen;91710;Gunzenhausen;Richard-St?cklen-Strasse;9;Bayern;Deutschland;2024;;InBetrieb;Batteriespeicher;;Nein;Nein;32,04;32,04;Batterie;Volleinspeisung;Mittelspannung;N-ERGIE Netz GmbH (SNB973875583315);Nein;
Einzelanlage;SEE911454349471;RWE Battery Solutions GmbH;Batteriespeicher Garzweiler;50181;Bedburg;;;NordrheinWestfalen;Deutschland;2023;;InBetrieb;Batteriespeicher;;Nein;Nein;6,5;6,5;Batterie;Volleinspeisung;Mittelspannung;Amprion GmbH (SNB976890256486);Nein;
Einzelanlage;SEE913282681389;S?dzucker AG;Dampfturbine I S?dzucker Plattling;94447;Plattling;Dr.-Ludwig-Kayser-Stra?e;1;Bayern;Deutschland;1962;;InBetrieb;Waerme;Dampf;Ja;Nein;7,1;6,7895;GegendruckmaschineohneEntnahme;TeileinspeisungEigenverbrauch;Mittelspannung;Bayernwerk Netz GmbH (SNB940352624434);Nein;
Einzelanlage;SEE925192446583;RWE Generation SE;Emsland C GT2;49808;Lingen;Sch?ttorfer Stra?e;100;Niedersachsen;Deutschland;2011;;InBetrieb;Erdgas;ErdgasErdoelgas;Ja;Nein;60;58;GasturbinenmitnachgeschalteterDampfturbine;Volleinspeisung;Hochspannung;Westnetz GmbH (SNB921897286493);Nein;
Einzelanlage;SEE925683830624;S?dzucker AG;Dampfturbine II S?dzucker Offenau;74254;Offenau;Ludwig-Kayser-Stra?e;1 ;BadenWuerttemberg;Deutschland;1971;;InBetrieb;Waerme;Dampf;Ja;Nein;8,64;7,344;GegendruckmaschineohneEntnahme;TeileinspeisungEigenverbrauch;Mittelspannung;Netze BW GmbH (SNB948311994307);Nein;
Einzelanlage;SEE927234931354;VERBUND Innkraftwerke GmbH;Kraftwerk Teufelsbruck MS3;83564;Soyen;Ponschabaustra?e;25;Bayern;Deutschland;1938;;InBetrieb;Wasser;;Nein;Ja;5;5;Laufwasseranlage;Volleinspeisung;Hochspannung;Bayernwerk Netz GmbH (SNB940352624434);Nein;
Einzelanlage;SEE903171052819;Mercer Timber Products GmbH;Biomasseheizkraftwerk;07929;Saalburg-Ebersdorf;Am Bahnhof;123;Thueringen;Deutschland;2008;;InBetrieb;Biomasse;;Ja;Ja;16,113;12,89;KondensationsmaschinemitEntnahme;Volleinspeisung;Mittelspannung;TEN Th?ringer Energienetze GmbH & Co. KG (SNB970821959712);Nein;
Einzelanlage;SEE909002940690;Grosskraftwerk Mannheim;GKM Block 6;68199;Mannheim;Marguerrestra?e;1;BadenWuerttemberg;Deutschland;2005;;InBetrieb;Steinkohle;None;Ja;Nein;280;255;GegendruckmaschinemitEntnahme;TeileinspeisungEigenverbrauch;Hoechstspannung, Hoechstspannung, Mittelspannung, Mittelspannung;TransnetBW GmbH (SNB984944755380);Nein;
Einzelanlage;SEE909599581535;ENGIE Deutschland Erneuerbare GmbH;Pfreimd T1;92723;T?nnesberg;Tanzm?hle;4;Bayern;Deutschland;1959;;InBetrieb;Pumpspeicher;;Nein;Nein;29;29;Pumpspeicher;Volleinspeisung;UmspannungZurMittelspannung;Bayernwerk Netz GmbH (SNB940352624434);Nein;
Einzelanlage;SEE914474474840;Borchers Biomassekraftwerk GmbH;Ekol;46325;Borken;Hansestra?e;44;NordrheinWestfalen;Deutschland;2006;;InBetrieb;Biomasse;;Ja;Ja;7,72;7,72;Dampfmotor;TeileinspeisungEigenverbrauch;Mittelspannung;Westnetz GmbH (SNB921897286493);Nein;
Einzelanlage;SEE930322571356;SWK ENERGIE GmbH;KWK006-2;47804;Krefeld;St. T?niser Stra?e;270 ;NordrheinWestfalen;Deutschland;2013;;InBetrieb;Erdgas;ErdgasErdoelgas;Ja;Nein;4,3;4,241;Verbrennungsmotor;Volleinspeisung;Mittelspannung;NGN Netzgesellschaft Niederrhein mbH (SNB911144461377);Nein;
Einzelanlage;SEE908238702164;Bayer AG Berlin;Turboeinheit 1 Dampfturbine 60 t Gen 10 MW;13353;Berlin;M?llerstra?e;170;Berlin;Deutschland;1973;;InBetrieb;Erdgas;ErdgasErdoelgas;Ja;Nein;9,8;9,4;GegendruckmaschinemitEntnahme;TeileinspeisungEigenverbrauch;Hochspannung;Stromnetz Berlin GmbH (SNB979269087643);Nein;
Einzelanlage;SEE909438607068;Infraserv GmbH & Co. H?chst KG;IPH Strom VT3;65929;Frankfurt;Br?ningstra?e;50;Hessen;Deutschland;2021;;InBetrieb;Erdgas;ErdgasErdoelgas;Ja;Nein;13;12,9;GegendruckmaschineohneEntnahme;Volleinspeisung;Hochspannung;Syna Hochspannungsnetz GmbH & Co. KG (SNB980986433484);Nein;
Einzelanlage;SEE910326850336;BMW AG;Regensburg KWK 1;93055;Regensburg;Herbert-Quandt-Allee;1;Bayern;Deutschland;2011;;InBetrieb;Erdgas;ErdgasErdoelgas;Ja;Nein;2,678;2,678;Verbrennungsmotor;TeileinspeisungEigenverbrauch;Mittelspannung;Bayernwerk Netz GmbH (SNB940352624434);Nein;
Einzelanlage;SEE912155078967;JS Energiepark Gro? Godems GmbH & Co. KG;GG III 8.111,04 kWp (Teil I) Speicher;19372;Gro? Godems;;;MecklenburgVorpommern;Deutschland;2025;;InBetrieb;Batteriespeicher;;Nein;Nein;3;3;Batterie;Volleinspeisung;Mittelspannung;WEMAG Netz GmbH (SNB928759560869);Nein;
Einzelanlage;SEE918067363207;Uniper Kraftwerke GmbH;Happurg F4;91230;Happurg;Hauptstra?e;26;Bayern;Deutschland;1958;;InBetrieb;Pumpspeicher;;Nein;Nein;40;40;Pumpspeicher;Volleinspeisung;Hochspannung;N-ERGIE Netz GmbH (SNB973875583315);Nein;
Einzelanlage;SEE918483749111;RWE Generation Hydro GmbH;M?den Maschine 3;56254;M?den;An der B416;;RheinlandPfalz;Deutschland;1965;;InBetrieb;Wasser;;Nein;Ja;4,1;4,1;Laufwasseranlage;Volleinspeisung;Mittelspannung;Westnetz GmbH (SNB921897286493);Nein;
Einzelanlage;SEE918609979057;Stadtwerke Leipzig GmbH;Heizkraftwerk Leipzig S?d GTA 9A;04279;Leipzig;Bornaische Stra?e;120;Sachsen;Deutschland;2022;;InBetrieb;Erdgas;ErdgasErdoelgas;Ja;Nein;66,766;66,321;GasturbinenmitAbhitzekessel;TeileinspeisungEigenverbrauch;Hochspannung;Mitteldeutsche Netzgesellschaft Strom mbH (SNB916269213931);Nein;
Einzelanlage;SEE904859529197;ZF Friedrichshafen AG;ZF-FRD-W04-G32-Pr?fstand-B03;88046;Friedrichshafen;Graf-von-Soden-Platz;1;BadenWuerttemberg;Deutschland;2021;;InBetrieb;Mineraloelprodukte;AndereMineraloelprodukte;Nein;Nein;1,756;1,756;Verbrennungsmotor;TeileinspeisungEigenverbrauch;UmspannungZurMittelspannung;Stadtwerk am See GmbH & Co. KG (SNB993059842564);Nein;
Einzelanlage;SEE908040387344;DFS Energy GmbH;BHKW1;63225;Langen;Am DFS-Campus;3;Hessen;Deutschland;2014;;InBetrieb;Erdgas;ErdgasErdoelgas;Ja;Nein;2,005;1,9805;Verbrennungsmotor;TeileinspeisungEigenverbrauch;Mittelspannung;Stadtwerke Langen GmbH (SNB965379905076);Nein;
Einzelanlage;SEE912681231416;Mercer Torgau GmbH & Co. KG;Anlage 2009;04860;Torgau;Forstweg;1;Sachsen;Deutschland;2009;;InBetrieb;Biomasse;;Ja;Ja;2,59;2,578;Sonstige;Volleinspeisung;Mittelspannung;Stadtwerke Torgau GmbH (SNB933235634552);Nein;
Einzelanlage;SEE923480872250;Vattenfall Wasserkraft GmbH;PSW Geesthacht PSS B;21502;Geesthacht;Elbuferstra?e;49;SchleswigHolstein;Deutschland;1958;;InBetrieb;Pumpspeicher;;Nein;Nein;40;39,7;Pumpspeicher;Volleinspeisung;Hochspannung;Hamburger Energienetze GmbH (SNB968295079586);Nein;
Einzelanlage;SEE900295294101;Stadtwerke T?bingen GmbH;BHKW Obere Viehweide M4 (Waldh?user Str 100);72076;T?bingen;Waldh?user Stra?e;100;BadenWuerttemberg;Deutschland;2013;;InBetrieb;Erdgas;ErdgasErdoelgas;Ja;Nein;3,352;3,233;Verbrennungsmotor;TeileinspeisungEigenverbrauch;Mittelspannung;Stadtwerke T?bingen GmbH (SNB921695080347);Nein;
Einzelanlage;SEE907370296296;Zweckverband M?llverwertung Schwandorf;MKW SAD Turbine 5;92421;Schwandorf;Alustra?e;7;Bayern;Deutschland;1992;;InBetrieb;Abfall;AbfallHausmuellSiedlungsabfaelle;Ja;Nein;30;30;KondensationsmaschinemitEntnahme;TeileinspeisungEigenverbrauch;Hochspannung;Bayernwerk Netz GmbH (SNB940352624434);Nein;
Einzelanlage;SEE909007092769;Uniper Kraftwerke GmbH;Merching K(Ro)1;86504;Merching;Friedenaustra?e;;Bayern;Deutschland;1978;;InBetrieb;Wasser;;Nein;Ja;4,5;4;Laufwasseranlage;Volleinspeisung;Hochspannung;LEW Verteilnetz GmbH (SNB911705062982);Nein;
Einzelanlage;SEE911671792326;RWE Generation SE;Emsland D GT1;49808;Lingen;Sch?ttorfer Stra?e;100;Niedersachsen;Deutschland;2010;;InBetrieb;Erdgas;ErdgasErdoelgas;Ja;Nein;297,93;293,5;GasturbinenmitnachgeschalteterDampfturbine;Volleinspeisung;Hoechstspannung;Amprion GmbH (SNB976890256486);Nein;
Einzelanlage;SEE913556136355;Evonik Operations GmbH;Rheinfelden Dampfturbine;79618;Rheinfelden;Untere Kanalstra?e;3;BadenWuerttemberg;Deutschland;2006;;InBetrieb;Erdgas;ErdgasErdoelgas;Ja;Nein;6,43;6,43;GegendruckmaschinemitEntnahme;TeileinspeisungEigenverbrauch;Mittelspannung;naturenergie netze GmbH (SNB945502201350);Nein;
Einzelanlage;SEE901925227438;Mohn Media Mohndruck GmbH;DT;33332;G?tersloh;Carl-Bertelsmann-Stra?e;161;NordrheinWestfalen;Deutschland;1994;;InBetrieb;Erdgas;ErdgasErdoelgas;Ja;Nein;6,46;6,358;GegendruckmaschineohneEntnahme;TeileinspeisungEigenverbrauch;Mittelspannung;Netzgesellschaft G?tersloh mbH (SNB931546188436);Nein;
Einzelanlage;SEE903949785369;RWE Generation SE;Vianden M5;9463;Stolzembourg;Rue de l'Energie;2;;Luxemburg;1963;;InBetrieb;Pumpspeicher;;Nein;Nein;100;100;Pumpspeicher;TeileinspeisungEigenverbrauch;Hoechstspannung;Amprion GmbH (SNB976890256486);Ja;100
Einzelanlage;SEE904819420762;BEW Berliner Energie und W?rme GmbH;HKW Mitte Gasturbine 1;10179;Berlin;K?penicker Stra?e;60;Berlin;Deutschland;1997;;InBetrieb;Erdgas;ErdgasErdoelgas;Ja;Nein;172;164;GasturbinenmitAbhitzekessel;TeileinspeisungEigenverbrauch;Hochspannung;Stromnetz Berlin GmbH (SNB979269087643);Nein;
Einzelanlage;SEE905930139120;Lausitz Energie Kraftwerke AG;Big Battery Lausitz;03130;Spremberg;An der alten Ziegelei;1;Brandenburg;Deutschland;2020;;InBetrieb;Batteriespeicher;;Nein;Nein;66;66;Batterie;Volleinspeisung;Hochspannung;50Hertz Transmission GmbH (SNB982046657236);Nein;
Einzelanlage;SEE908495409905;Schluchseewerk AG;KW Waldshut MS B6;79761;Waldshut-Tiengen;Kraftwerkstra?e;13;BadenWuerttemberg;Deutschland;1952;;InBetrieb;Pumpspeicher;;Nein;Nein;44;44;Pumpspeicher;None;Hochspannung;Netze BW GmbH (SNB948311994307);Nein;
Einzelanlage;SEE913862454280;swb Erzeugung AG & Co. KG;Hybridregelkraftwerk;28207;Bremen;Hastedter Osterdeich;255;Bremen;Deutschland;2019;;InBetrieb;Batteriespeicher;;Nein;Nein;18;18;Batterie;Volleinspeisung;Mittelspannung;wesernetz Bremen GmbH (SNB942238573102);Nein;
Einzelanlage;SEE914662265496;WMF GmbH;Dampfturbine AEG Kanis;73312;Geislingen;WMF Platz;1;BadenWuerttemberg;Deutschland;1965;;InBetrieb;Waerme;Dampf;Ja;Nein;5,5;5,47;GegendruckmaschinemitEntnahme;TeileinspeisungEigenverbrauch;Mittelspannung;Albwerk GmbH & Co. KG (SNB926699071292);Nein;
Einzelanlage;SEE914187135533;Mineraloelraffinerie Oberrhein;Maschine 2;76187;Karlsruhe;N?rdliche Raffineriestra?e;1;BadenWuerttemberg;Deutschland;1995;;InBetrieb;Mineraloelprodukte;Raffineriegas;Ja;Nein;12,5;11,3;KondensationsmaschinemitEntnahme;TeileinspeisungEigenverbrauch;Hochspannung;Netze BW GmbH (SNB948311994307);Nein;
Einzelanlage;SEE917096062495;ExxonMobil Production Deutschland GmbH;KWK Anlage Gro?enkneten;26197;Gro?enkneten;Vor dem Esch;12;Niedersachsen;Deutschland;2014;;InBetrieb;Erdgas;ErdgasErdoelgas;Ja;Nein;30,496;30,16;GasturbinenmitAbhitzekessel;TeileinspeisungEigenverbrauch;Mittelspannung;EWE NETZ GmbH (SNB951051725711);Nein;
Einzelanlage;SEE918093565491;JS Energiepark Gro? Godems GmbH & Co. KG;Speicher GG III (Teil 2);19372;Gro? Godems;;;MecklenburgVorpommern;Deutschland;2025;;InBetrieb;Batteriespeicher;;Nein;Nein;7;7;Batterie;Volleinspeisung;Mittelspannung;WEMAG Netz GmbH (SNB928759560869);Nein;
Einzelanlage;SEE901268232014;trlyr 4 GmbH & Co. KG;trlyr 4;04720;D?beln;Stockhausener Stra?e;6;Sachsen;Deutschland;2025;;InBetrieb;Batteriespeicher;;Nein;Nein;15,804;15,804;Batterie;Volleinspeisung;Mittelspannung;Mitteldeutsche Netzgesellschaft Strom mbH (SNB916269213931);Nein;
Einzelanlage;SEE906120609386;Essity Operations Mannheim GmbH;DTS 2;68305;Mannheim;Sandhofer Stra?e;176;BadenWuerttemberg;Deutschland;1969;;InBetrieb;Erdgas;ErdgasErdoelgas;Ja;Nein;28,5;28,448;GegendruckmaschinemitEntnahme;TeileinspeisungEigenverbrauch;Hochspannung;MVV Netze GmbH (SNB985472799266);Nein;
Einzelanlage;SEE911689709217;Smurfit Westrock Herzberg Solid Board GmbH;Dampfturbine 2;37412;Herzberg;Andreasberger Stra?e;1;Niedersachsen;Deutschland;1957;;InBetrieb;Erdgas;ErdgasErdoelgas;Ja;Nein;6,4;6;KondensationsmaschinemitEntnahme;TeileinspeisungEigenverbrauch;Mittelspannung;Harz Energie Netz GmbH (SNB984607096621);Nein;
Einzelanlage;SEE917331286914;BMW AG;Werk 1.1 KWK 2;80809;M?nchen;Lerchenauer Stra?e;76;Bayern;Deutschland;2019;;InBetrieb;Erdgas;ErdgasErdoelgas;Ja;Nein;4,5;4,5;Verbrennungsmotor;TeileinspeisungEigenverbrauch;Mittelspannung;SWM Infrastruktur GmbH & Co. KG (SNB969473762610);Nein;
Einzelanlage;SEE918143230942;STEAG Power GmbH;Walsum 10;47179;Duisburg;Dr.-Wilhelm-Roelen-Str.;129;NordrheinWestfalen;Deutschland;2013;;InBetrieb;Steinkohle;Steinkohlen;Ja;Nein;790;725;KondensationsmaschinemitEntnahme;TeileinspeisungEigenverbrauch;Hoechstspannung;Amprion GmbH (SNB976890256486);Nein;
Einzelanlage;SEE921059219284;Stadtwerke Kiel AG;K?stenkraftwerk K.I.E.L Motor 7;24149;Kiel;Hasselfelde;30;SchleswigHolstein;Deutschland;2018;;InBetrieb;Erdgas;ErdgasErdoelgas;Ja;Nein;9,571;9,456;Verbrennungsmotor;Volleinspeisung;Hochspannung;SWKiel Netz GmbH (SNB973742186519);Nein;
Einzelanlage;SEE915985628661;Statkraft Markets GmbH;Pumpspeicherkraftwerk Erzhausen;37574;Einbeck;Erzh?user Stra?e;34;Niedersachsen;Deutschland;1964;;InBetrieb;Pumpspeicher;;Nein;Nein;220;200;Pumpspeicher;Volleinspeisung;UmspannungZurHochspannung;TenneT TSO GmbH (SNB970033313272);Nein;
Einzelanlage;SEE920999677857;Donau-Wasserkraft AG;Bergheim E K3;86673;Bergheim;F?rchenau;;Bayern;Deutschland;1970;;InBetrieb;Wasser;;Nein;Ja;8,3;7,9;Laufwasseranlage;Volleinspeisung;Hochspannung;DB Energie GmbH (Bahnstromnetz 16,7 Hz) (SNB942182027607);Nein;
Einzelanlage;SEE921905907730;RWE Power AG;Niederau?em G;50129;Bergheim;Werkstr.;;NordrheinWestfalen;Deutschland;1974;;InBetrieb;Braunkohle;Rohbraunkohlen;Ja;Nein;668;628;KondensationsmaschinemitEntnahme;TeileinspeisungEigenverbrauch;Hoechstspannung;Amprion GmbH (SNB976890256486);Nein;
Einzelanlage;SEE900128586359;N-ERGIE Kraftwerke GmbH;HKW-Sandreuth (M?ll);90441;N?rnberg;Sandreuthstra?e;55;Bayern;Deutschland;1992;;InBetrieb;Waerme;Dampf;Ja;Nein;26,28;18,8;KondensationsmaschinemitEntnahme;Volleinspeisung;Hochspannung;N-ERGIE Netz GmbH (SNB973875583315);Nein;
Einzelanlage;SEE901248773803;Uniper Kraftwerke GmbH;Ettling K3;94522;Wallersdorf;Kraftwerkstr.;1 ;Bayern;Deutschland;1988;;InBetrieb;Wasser;;Nein;Ja;4,1;4,1;Laufwasseranlage;Volleinspeisung;Hochspannung;Bayernwerk Netz GmbH (SNB940352624434);Nein;
Einzelanlage;SEE901980882672;TIWAG-Tiroler Wasserkraft AG;KW K?htai - Maschine 2;6183;K?htai;K?htai;73;;Oesterreich;1981;;InBetrieb;Pumpspeicher;;Nein;Nein;144,5;144,5;Pumpspeicher;Volleinspeisung;Hochspannung;TenneT TSO GmbH (SNB970033313272);Nein;
Einzelanlage;SEE902845037787;BMW AG;Werk 1.1 KWK 3;80809;M?nchen;Lerchenauer Stra?e;76;Bayern;Deutschland;2019;;InBetrieb;Erdgas;ErdgasErdoelgas;Ja;Nein;4,5;4,5;Verbrennungsmotor;TeileinspeisungEigenverbrauch;Mittelspannung;SWM Infrastruktur GmbH & Co. KG (SNB969473762610);Nein;
Einzelanlage;SEE913088869400;St?dtische Werke Energie + W?rme GmbH;Kombi-HKW GT1;34134;Kassel;Dennh?user Stra?e;122;Hessen;Deutschland;2021;;InBetrieb;Erdgas;ErdgasErdoelgas;Ja;Nein;15,68;15,29;GasturbinenmitAbhitzekessel;Volleinspeisung;Hochspannung;St?dtische Werke Netz+Service GmbH (SNB935482852901);Nein;
Einzelanlage;SEE929516405690;BMK Biomassekraftwerk L?nen GmbH;BMK L?nen;44536;L?nen;Josef-Rethmann-Stra?e;4;NordrheinWestfalen;Deutschland;2006;;InBetrieb;Biomasse;;Nein;Ja;20,5;18,5;KondensationsmaschinemitEntnahme;Volleinspeisung;Mittelspannung;Stadtwerke L?nen GmbH (SNB942111583372);Nein;
Einzelanlage;SEE930277153294;Stadtwerke Duisburg AG;Mitte BHKW 2 Modul 7;47053;Duisburg;Bungertstr.;27;NordrheinWestfalen;Deutschland;2023;;InBetrieb;Erdgas;ErdgasErdoelgas;Ja;Nein;4,5;4,472;Verbrennungsmotor;Volleinspeisung;Hochspannung;Netze Duisburg GmbH (SNB916123648602);Nein;
Einzelanlage;SEE930322142068;Schluchseewerk AG;KW S?ckingen B8;79713;Bad S?ckingen;Stollenweg;2;BadenWuerttemberg;Deutschland;1967;;InBetrieb;Pumpspeicher;;Nein;Nein;90;90;Pumpspeicher;None;Hoechstspannung;TransnetBW GmbH (SNB984944755380);Nein;
Einzelanlage;SEE931018364146;Schluchseewerk AG;KW Wehr MS A10;79664;Wehr;Todtmooser Stra?e;150;BadenWuerttemberg;Deutschland;1975;;InBetrieb;Pumpspeicher;;Nein;Nein;227,5;227,5;Pumpspeicher;None;Hoechstspannung;Amprion GmbH (SNB976890256486);Nein;
Einzelanlage;SEE902474184968;BEH Bioenergie Hannover GmbH;Biomethan BHKW 1 Hannover St?cken;30419;Hannover;Stelinger Stra?e;19;Niedersachsen;Deutschland;2024;;InBetrieb;Biomasse;;Ja;Ja;4,5;4,5;Verbrennungsmotor;Volleinspeisung;Mittelspannung;enercity Netz GmbH (SNB971746988153);Nein;
Einzelanlage;SEE909387693235;Pfleiderer G?tersloh GmbH;KWK G?tersloh;33332;G?tersloh;Stadtring Nordhorn;61;NordrheinWestfalen;Deutschland;2000;;InBetrieb;Biomasse;;Ja;Ja;13,309;12,1;GegendruckmaschinemitEntnahme;Volleinspeisung;UmspannungZurMittelspannung;Netzgesellschaft G?tersloh mbH (SNB931546188436);Nein;
Einzelanlage;SEE912906399075;Palm Power GmbH & Co. KG;HKW Eltmann;97483;Eltmann;Industriestra?e;23;Bayern;Deutschland;2017;;InBetrieb;Erdgas;ErdgasErdoelgas;Ja;Nein;75,185;75,185;GasturbinenmitnachgeschalteterDampfturbine;Volleinspeisung;Hochspannung;Bayernwerk Netz GmbH (SNB940352624434);Nein;
Einzelanlage;SEE922911017253;RWE Generation Hydro GmbH;Wintrich Maschine 2;54487;Wintrich;Am Stauwehr;6;RheinlandPfalz;Deutschland;1965;;InBetrieb;Wasser;;Nein;Ja;5;5;Laufwasseranlage;Volleinspeisung;Mittelspannung;Westnetz GmbH (SNB921897286493);Nein;
Einzelanlage;SEE915885358156;Stadtwerke Duisburg AG;HKW III  Block B;47249;Duisburg;Wanheimer Str.;439;NordrheinWestfalen;Deutschland;2004;;InBetrieb;Erdgas;ErdgasErdoelgas;Ja;Nein;75,3;75,2;GasturbinenmitAbhitzekessel;Volleinspeisung;Hoechstspannung;Netze Duisburg GmbH (SNB916123648602);Nein;
Einzelanlage;SEE916134140720;Statkraft Markets GmbH;Biomassekraftwerk Landesbergen;31628;Landesbergen;H?vern;1;Niedersachsen;Deutschland;2003;;InBetrieb;Biomasse;;Nein;Ja;20;20;Sonstige;Volleinspeisung;Mittelspannung;Avacon Netz GmbH (SNB990362338043);Nein;
Einzelanlage;SEE918705951896;BASF InfraService & Solutions Lausitz GmbH;GT2;01987;Schwarzheide;Schipkauer Stra?e;1;Brandenburg;Deutschland;1994;;InBetrieb;Erdgas;ErdgasErdoelgas;Ja;Nein;40,94;40,428;GasturbinenmitnachgeschalteterDampfturbine;Volleinspeisung;Mittelspannung;BASF InfraService & Solutions Lausitz GmbH (SNB914411628732);Nein;
Einzelanlage;SEE905192478234;Knapsack Power GmbH & Co. KG;Knapsack I - Gasturbine GT12;50354;H?rth;Industriestra?e;300;NordrheinWestfalen;Deutschland;2007;;InBetrieb;Erdgas;ErdgasErdoelgas;Nein;Nein;295;295;GasturbinenmitnachgeschalteterDampfturbine;Volleinspeisung;Hoechstspannung;Amprion GmbH (SNB976890256486);Nein;
Einzelanlage;SEE906326984744;STEAG Power GmbH;Weiher 3;66287;Quierschied;Kraftwerk Weiher;2;Saarland;Deutschland;1976;;Netzreserve aufgrund ? 13b EnWG;Steinkohle;Steinkohlen;Nein;Nein;724;655,6;KondensationsmaschineohneEntnahme;TeileinspeisungEigenverbrauch;Hoechstspannung;Amprion GmbH (SNB976890256486);Nein;
Einzelanlage;SEE916264433549;Gothaer Stadtwerke ENERGIE;KWK-Modul 3-H Gotha West;99867;Gotha;Waltersh?user Stra?e;98 a;Thueringen;Deutschland;2017;;InBetrieb;Erdgas;ErdgasErdoelgas;Ja;Nein;3,36;3,3314;Verbrennungsmotor;TeileinspeisungEigenverbrauch;Mittelspannung;Gothaer Stadtwerke NETZ GmbH (SNB961316124487);Nein;
Einzelanlage;SEE916286398239;Firma Mercedes-Benz AG Werk 050 HPC NC50 LN-Nr.: 17319765;W059-RD_Geb. 130/8_1001-1029;70327;Stuttgart;Mercedesstra?e;137;BadenWuerttemberg;Deutschland;2015;;InBetrieb;Mineraloelprodukte;Dieselkraftstoff;Nein;Nein;9,042;9,042;Verbrennungsmotor;TeileinspeisungEigenverbrauch;Niederspannung;Power Supply Systems GmbH (SNB960349538834);Nein;
Einzelanlage;SEE916662059105;Stadtwerke Rostock Aktiengesellschaft;GuD-Block 1;18069;Rostock;Schmarler Damm;5;MecklenburgVorpommern;Deutschland;1996;;InBetrieb;Erdgas;ErdgasErdoelgas;Ja;Nein;37;36;GasturbinenmitnachgeschalteterDampfturbine;Volleinspeisung;Hochspannung;Stadtwerke Rostock Netzgesellschaft mbH (SNB939724292715);Nein;
Einzelanlage;SEE918028674410;Stadtwerke Rosenheim GmbH & Co. KG;GM9;83022;Rosenheim;Sch?nfeldstra?e;15;Bayern;Deutschland;2023;;InBetrieb;Erdgas;ErdgasErdoelgas;Ja;Nein;4,502;4,457;Verbrennungsmotor;Volleinspeisung;Mittelspannung;Stadtwerke Rosenheim Netze GmbH (SNB988838479086);Nein;
Einzelanlage;SEE920575296687;SYNEQT GmbH;Kraftwerk VII, Block 71, GT711;45772;Marl;Paul-Baumann-Stra?e;1;NordrheinWestfalen;Deutschland;2022;;InBetrieb;Erdgas;ErdgasErdoelgas;Ja;Nein;57,21;55,77;GasturbinenmitnachgeschalteterDampfturbine;Volleinspeisung;Hochspannung;CPM Netz GmbH (SNB956923775696);Nein;
Einzelanlage;SEE921509939243;PASM GmbH;PASM Gro?speicher Bamberg I (Intillion);96050;Bamberg;Gutenbergstra?e;13;Bayern;Deutschland;2024;;InBetrieb;Batteriespeicher;;Nein;Nein;5,4;5,4;Batterie;Volleinspeisung;Mittelspannung;Stadtwerke Bamberg Energie- und Wasserversorgungs GmbH (SNB949646353012);Nein;
Einzelanlage;SEE902329484380;S?dzucker AG;Dampfturbine I S?dzucker Wabern;34590;Wabern;Homberger Stra?e;1;Hessen;Deutschland;1976;;InBetrieb;Waerme;Dampf;Ja;Nein;12,54;11,8754;GegendruckmaschineohneEntnahme;TeileinspeisungEigenverbrauch;Mittelspannung;EAM Netz GmbH (SNB971311555230);Nein;
Einzelanlage;SEE910204132950;naturenergie hochrhein AG;KW Wyhlen Francis 09;79639;Grenzach-Wyhlen;Am Wasserkraftwerk;;BadenWuerttemberg;Deutschland;1912;;InBetrieb;Wasser;;Nein;Ja;2,184;2,166;Laufwasseranlage;TeileinspeisungEigenverbrauch;Hochspannung;naturenergie netze GmbH (SNB945502201350);Ja;2,166
Einzelanlage;SEE908096553144;Iqony Battery System;GBS 2 KW Bexbach;66450;Bexbach;Grubenstra?e;;Saarland;Deutschland;2016;;InBetrieb;Batteriespeicher;;Nein;Nein;15;15;Batterie;Volleinspeisung;Hochspannung;Creos Deutschland GmbH (SNB940133714842);Nein;
Einzelanlage;SEE909106315790;Mineraloelraffinerie Oberrhein;TG-1904;76187;Karlsruhe;N?rdliche Raffineriestra?e;1;BadenWuerttemberg;Deutschland;1995;;InBetrieb;Mineraloelprodukte;Raffineriegas;Ja;Nein;15;13,5;GegendruckmaschinemitEntnahme;TeileinspeisungEigenverbrauch;Hochspannung;Netze BW GmbH (SNB948311994307);Nein;
Einzelanlage;SEE914018262315;Universit?tsklinikum Bonn;016 BHKW Modul 3;53127;Bonn;Venusberg-Campus;1;NordrheinWestfalen;Deutschland;2016;;InBetrieb;Erdgas;ErdgasErdoelgas;Ja;Nein;2,05;2,05;Verbrennungsmotor;TeileinspeisungEigenverbrauch;Mittelspannung;Bonn-Netz GmbH (SNB927498960503);Nein;
Einzelanlage;SEE921877855527;Solvay GmbH;Gasturbine 01 Industriekraftwerk;06406;Bernburg;K?thensche Stra?e;1 a;SachsenAnhalt;Deutschland;2019;;InBetrieb;Erdgas;ErdgasErdoelgas;Ja;Nein;63,5;58,5;GasturbinenmitnachgeschalteterDampfturbine;TeileinspeisungEigenverbrauch;Hochspannung;Mitteldeutsche Netzgesellschaft Strom mbH (SNB916269213931);Nein;
Einzelanlage;SEE902489482608;naturenergie holding AG;KW Laufenburg Maschine 4;5080;Laufenburg;Baslerstrasse;;;Schweiz;1990;;InBetrieb;Wasser;;Nein;Ja;10,6;10,442;Laufwasseranlage;Volleinspeisung;Hochspannung;naturenergie netze GmbH (SNB945502201350);Ja;10,442
Einzelanlage;SEE905731198661;Bremerhavener Entsorgungsgesellschaft mbH;Duotherm-Anlage, Biomasse;27570;Bremerhaven;Zur Hexenbr?cke;16;Bremen;Deutschland;2002;;InBetrieb;Biomasse;;Nein;Ja;5;5;KondensationsmaschinemitEntnahme;Volleinspeisung;Mittelspannung;wesernetz Bremerhaven GmbH (SNB985704986426);Nein;
Einzelanlage;SEE913203719740;AG der Dillinger H?ttenwerke;GKW;66763;Dillingen;Werkstra?e;1;Saarland;Deutschland;2009;;InBetrieb;Sonstige Energietraeger (nicht erneuerbar);HochofengasKonvertergas;Ja;Nein;95,558;89,337;KondensationsmaschinemitEntnahme;TeileinspeisungEigenverbrauch;Mittelspannung, Niederspannung;VSE Verteilnetz GmbH (SNB941650885558);Nein;
Einzelanlage;SEE913198518410;Schluchseewerk AG;KW Waldshut MS B5;79761;Waldshut-Tiengen;Kraftwerkstra?e;13;BadenWuerttemberg;Deutschland;1952;;InBetrieb;Pumpspeicher;;Nein;Nein;44;44;Pumpspeicher;None;Hochspannung;Netze BW GmbH (SNB948311994307);Nein;
Einzelanlage;SEE921316314745;Stadtwerke T?bingen GmbH;BHKW Obere Viehweide M3 (Waldh?user Str 100);72076;T?bingen;Waldh?user Stra?e;100;BadenWuerttemberg;Deutschland;2013;;InBetrieb;Erdgas;ErdgasErdoelgas;Ja;Nein;3,352;3,288;Verbrennungsmotor;TeileinspeisungEigenverbrauch;Mittelspannung;Stadtwerke T?bingen GmbH (SNB921695080347);Nein;
Einzelanlage;SEE925388069183;TWS Th?ringer W?rme Service GmbH;HKW Schwarza GT 6;07407;Rudolstadt;Breitscheidstra?e;160;Thueringen;Deutschland;1992;;InBetrieb;Erdgas;ErdgasErdoelgas;Ja;Nein;5,014;4,939;GasturbinenmitAbhitzekessel;TeileinspeisungEigenverbrauch;UmspannungZurMittelspannung;EnR Energienetze Rudolstadt GmbH (SNB953495670831);Nein;
Einzelanlage;SEE901506319514;EnBW Energie Baden-W?rttemberg AG;WKW Rudolf-Fettweis-Werk Murgwerk M3;76596;Forbach;Werkstra?e;5;BadenWuerttemberg;Deutschland;1918;;InBetrieb;Wasser;;Nein;Ja;4,4;4,4;Speicherwasseranlage;TeileinspeisungEigenverbrauch;Hochspannung;Netze BW GmbH (SNB948311994307);Nein;
Einzelanlage;SEE902932530221;BESS Oberr?blingen GmbH & Co. KG;Second Foundation BESS Oberr?blingen;06526;Sangerhausen;Handelsweg;18;SachsenAnhalt;Deutschland;2025;;InBetrieb;Batteriespeicher;;Nein;Nein;13,8;13,8;Batterie;Volleinspeisung;Mittelspannung;Mitteldeutsche Netzgesellschaft Strom mbH (SNB916269213931);Nein;
Einzelanlage;SEE907667929555;DREWAG - Stadtwerke Dresden GmbH;HKW Dresden-Nord;01099;Dresden;Hermann-Mende-Stra?e;2;Sachsen;Deutschland;2018;;InBetrieb;Erdgas;ErdgasErdoelgas;Ja;Nein;12;11,5;GasturbinenmitAbhitzekessel;Volleinspeisung;Mittelspannung;SachsenNetze GmbH (SNB980808485264);Nein;
Einzelanlage;SEE913896693631;Hamburger Energiewerke GmbH;Tiefstack GuD GT41;22113;Hamburg;Andreas-Meyer-Stra?e;8;Hamburg;Deutschland;2009;;InBetrieb;Erdgas;ErdgasErdoelgas;Ja;Nein;51;50;GasturbinenmitAbhitzekessel;Volleinspeisung;Hochspannung;Hamburger Energienetze GmbH (SNB968295079586);Nein;
Einzelanlage;SEE918928929085;EnBW Energie Baden-W?rttemberg AG;illwerke vkw Rodundwerk I M4;A-6773;Vandans;Anton-Ammann-Stra?e;19;;Oesterreich;1943;;InBetrieb;Wasser;;Nein;Ja;50;50;Speicherwasseranlage;Volleinspeisung;Hoechstspannung;TransnetBW GmbH (SNB984944755380);Nein;
Einzelanlage;SEE922579581844;Smurfit Westrock Z?lpich Paper GmbH;GT2;53909;Z?lpich;Zum M?hlengraben;1;NordrheinWestfalen;Deutschland;1996;;InBetrieb;Erdgas;ErdgasErdoelgas;Ja;Nein;5,9895;4,946;GasturbinenmitAbhitzekessel;Volleinspeisung;UmspannungZurMittelspannung;Westnetz GmbH (SNB921897286493);Nein;
Einzelanlage;SEE924053403383;Shell Deutschland GmbH;Shell Energy and Chemicals Park, Kraftwerk Wesseling, Turbine 5;50389;Wesseling;Ludwigshafener Str.;1;NordrheinWestfalen;Deutschland;1979;;InBetrieb;Mineraloelprodukte;HeizoelSchwer;Ja;Nein;34,3;34,3;KondensationsmaschinemitEntnahme;TeileinspeisungEigenverbrauch;UmspannungZurMittelspannung;Westnetz GmbH (SNB921897286493);Nein;
Einzelanlage;SEE904161631090;EnBW Energie Baden-W?rttemberg AG;Heizkraftwerk Altbach/Deizisau GT C;73776;Altbach;Industriestra?e;11;BadenWuerttemberg;Deutschland;1975;;InBetrieb;Erdgas;ErdgasErdoelgas;Nein;Nein;87;81;GasturbinenohneAbhitzekessel;TeileinspeisungEigenverbrauch;Hochspannung;Netze BW GmbH (SNB948311994307);Nein;
Einzelanlage;SEE907389779292;Lausitz Energie Kraftwerke AG;Boxberg Block Q;02943;Boxberg;Am Kraftwerk;1;Sachsen;Deutschland;2000;;InBetrieb;Braunkohle;Rohbraunkohlen;Ja;Nein;893;840;KondensationsmaschinemitEntnahme;TeileinspeisungEigenverbrauch;Hoechstspannung;50Hertz Transmission GmbH (SNB982046657236);Nein;
Einzelanlage;SEE907892165506;Mark-E Aktiengesellschaft;Cuno Heizkraftwerk Herdecke BHKW1;58313;Herdecke;Wetterstra?e;111;NordrheinWestfalen;Deutschland;2004;;InBetrieb;Erdgas;ErdgasErdoelgas;Ja;Nein;1,988;1,95;Sonstige;Volleinspeisung;Mittelspannung;ENERVIE Vernetzt GmbH (SNB921319639913);Nein;
Einzelanlage;SEE912160334607;TotalEnergies Raffinerie Mitteldeutschland GmbH;Leuna GT2;06237;Leuna;;;SachsenAnhalt;Deutschland;1994;;InBetrieb;Erdgas;ErdgasErdoelgas;Ja;Nein;37,6;37;GasturbinenmitAbhitzekessel;TeileinspeisungEigenverbrauch;Hochspannung;InfraLeuna GmbH (SNB982722829230);Nein;
Einzelanlage;SEE928076311489;St?dtische Werke Energie + W?rme GmbH;Fernw?rmekraftwerk Kassel DT2;34134;Kassel;Dennh?user Stra?e;122;Hessen;Deutschland;1989;;InBetrieb;Braunkohle;Rohbraunkohlen;Ja;Nein;38;33,5;GegendruckmaschinemitEntnahme;Volleinspeisung;Hochspannung;Avacon Netz GmbH (SNB990362338043);Nein;
Einzelanlage;SEE928761575349;EEW Energy from Waste Gro?r?schen GmbH;EEW Gro?r?schen GmbH;01983;Gro?r?schen;Bergmannstra?e;900 r;Brandenburg;Deutschland;2008;;InBetrieb;Abfall;AbfallHausmuellSiedlungsabfaelle;Ja;Nein;25;25;KondensationsmaschinemitEntnahme;TeileinspeisungEigenverbrauch;Hochspannung;Mitteldeutsche Netzgesellschaft Strom mbH (SNB916269213931);Nein;
Einzelanlage;SEE927787059284;swb Erzeugung AG & Co. KG;BHKW Hastedt Motor 04;28207;Bremen;Hastedter Osterdeich;255;Bremen;Deutschland;2022;;InBetrieb;Erdgas;ErdgasErdoelgas;Ja;Nein;11,8096;11,6794;Verbrennungsmotor;TeileinspeisungEigenverbrauch;Hochspannung;wesernetz Bremen GmbH (SNB942238573102);Nein;
Einzelanlage;SEE933236950972;Uniper Kraftwerke GmbH;Scholven C;45896;Gelsenkirchen;Gl?ckaufstra?e;56;NordrheinWestfalen;Deutschland;1969;;Netzreserve aufgrund von KVBG;Steinkohle;Steinkohlen;Nein;Nein;370;345;KondensationsmaschineohneEntnahme;TeileinspeisungEigenverbrauch;Hoechstspannung;Amprion GmbH (SNB976890256486);Nein;
Einzelanlage;SEE933564106935;RWE Generation SE;Emsland B GT1;49808;Lingen;Sch?ttorfer Stra?e;100;Niedersachsen;Deutschland;2011;;InBetrieb;Erdgas;ErdgasErdoelgas;Ja;Nein;60;58;GasturbinenmitnachgeschalteterDampfturbine;Volleinspeisung;Hochspannung;Westnetz GmbH (SNB921897286493);Nein;
Einzelanlage;SEE933767950021;Borchers Biomassekraftwerk GmbH;AEG;46325;Borken;Hansestra?e;44;NordrheinWestfalen;Deutschland;2006;;InBetrieb;Biomasse;;Ja;Ja;3,705;3,705;Dampfmotor;TeileinspeisungEigenverbrauch;Mittelspannung;Westnetz GmbH (SNB921897286493);Nein;
Einzelanlage;SEE922286010279;TEAtherm GmbH;TEAtherm;91550;Dinkelsb?hl;Innovativ-Ring;5;Bayern;Deutschland;2007;;InBetrieb;Biomasse;;Ja;Ja;9,68;9,68;KondensationsmaschinemitEntnahme;TeileinspeisungEigenverbrauch;Mittelspannung;Stadtwerke Dinkelsb?hl (SNB990562890006);Nein;
Einzelanlage;SEE925056670925;Ahrtal-Werke GmbH;M_01.2;53474;Bad Neuenahr-Ahrweiler;Dahlienweg;25;RheinlandPfalz;Deutschland;2022;;InBetrieb;Erdgas;ErdgasErdoelgas;Ja;Nein;4,391;4,337;Verbrennungsmotor;Volleinspeisung;Mittelspannung;Ahrtal-Werke GmbH (SNB983315496327);Nein;
Einzelanlage;SEE925411264011;EGK Entsorgungsgesellschaft Krefeld GmbH & Co. KG;Turbine 5;47829;Krefeld;Parkstra?e;234;NordrheinWestfalen;Deutschland;1997;;InBetrieb;Waerme;Dampf;Ja;Nein;2,9;1,93;GegendruckmaschineohneEntnahme;Volleinspeisung;Mittelspannung;NGN Netzgesellschaft Niederrhein mbH (SNB911144461377);Nein;
Einzelanlage;SEE925720506642;K+S Minerals and Agriculture GmbH;Kraftwerk WI GT;36266;Heringen;In der Aue;1;Hessen;Deutschland;1962;;InBetrieb;Erdgas;ErdgasErdoelgas;Ja;Nein;17,5;16,8;GasturbinenmitAbhitzekessel;TeileinspeisungEigenverbrauch;Hochspannung;Avacon Netz GmbH (SNB990362338043);Nein;
Einzelanlage;SEE902444234136;Uniper Kraftwerke GmbH;Eitting E F2;85462;Eitting;Am Moosrain;10;Bayern;Deutschland;1925;;InBetrieb;Wasser;;Nein;Ja;9;9;Laufwasseranlage;Volleinspeisung;Hochspannung;DB Energie GmbH (Bahnstromnetz 16,7 Hz) (SNB942182027607);Nein;
Einzelanlage;SEE904017020009;ROGESA Roheisengesellschaft Saar mbH;ET HO5;66763;Dillingen;Werkstra?e;1;Saarland;Deutschland;1984;;InBetrieb;Sonstige Energietraeger (nicht erneuerbar);;Nein;Nein;9,52;9,52;Sonstige;TeileinspeisungEigenverbrauch;Mittelspannung, Mittelspannung;VSE Verteilnetz GmbH (SNB941650885558);Nein;
Einzelanlage;SEE923058511512;Uniper Kraftwerke GmbH;Ettling K2;94522;Wallersdorf;Kraftwerkstr.;1 ;Bayern;Deutschland;1988;;InBetrieb;Wasser;;Nein;Ja;4,1;4,1;Laufwasseranlage;Volleinspeisung;Hochspannung;Bayernwerk Netz GmbH (SNB940352624434);Nein;
Einzelanlage;SEE923943268279;Lausitz Energie Kraftwerke AG;Kraftwerk J?nschwalde Block D;03185;Teichland;Am Kraftwerk;;Brandenburg;Deutschland;1985;;InBetrieb;Braunkohle;Rohbraunkohlen;Ja;Nein;535;500;KondensationsmaschinemitEntnahme;TeileinspeisungEigenverbrauch;Hoechstspannung;50Hertz Transmission GmbH (SNB982046657236);Nein;
Einzelanlage;SEE930647914081;DREWAG - Stadtwerke Dresden GmbH;Gasmotoren-Heizkraftwerk Dresden-Reick - Aggregat III;01277;Dresden;Liebst?dter Stra?e;1;Sachsen;Deutschland;2022;;InBetrieb;Erdgas;ErdgasErdoelgas;Ja;Nein;11,76;11,5;Verbrennungsmotor;Volleinspeisung;Mittelspannung;SachsenNetze GmbH (SNB980808485264);Nein;
Einzelanlage;SEE941552924256;Stadtwerke Kiel AG;K?stenkraftwerk K.I.E.L Motor 15;24149;Kiel;Hasselfelde;30;SchleswigHolstein;Deutschland;2018;;InBetrieb;Erdgas;ErdgasErdoelgas;Ja;Nein;9,571;9,456;Verbrennungsmotor;Volleinspeisung;Hochspannung;SWKiel Netz GmbH (SNB973742186519);Nein;
Einzelanlage;SEE947313574326;VERBUND Innkraftwerke GmbH;Kraftwerk Rosenheim MS3;83101;Rohrdorf;Ahornstra?e;10;Bayern;Deutschland;1960;;InBetrieb;Wasser;;Nein;Ja;11,7;11,7;Laufwasseranlage;Volleinspeisung;Hochspannung;Bayernwerk Netz GmbH (SNB940352624434);Nein;
Einzelanlage;SEE948869114622;Gebr. Lang GmbH Papierfabrik;Turbosatz 4;86833;Ettringen;Fabrikstra?e;4;Bayern;Deutschland;1999;;InBetrieb;Erdgas;ErdgasErdoelgas;Ja;Nein;7,028;6,6104;GegendruckmaschineohneEntnahme;TeileinspeisungEigenverbrauch;Mittelspannung;LEW Verteilnetz GmbH (SNB911705062982);Nein;
Einzelanlage;SEE932259668697;Uniper Kraftwerke GmbH;Unterbergen K(Ro)1;86511;Schmiechen;Lechfeldstra?e;;Bayern;Deutschland;1983;;InBetrieb;Wasser;;Nein;Ja;4,7;4,067;Laufwasseranlage;Volleinspeisung;Hochspannung;LEW Verteilnetz GmbH (SNB911705062982);Nein;
Einzelanlage;SEE932845933635;RWE Generation SE;Vianden M11;9463;Stolzembourg;Rue de l'Energie;2;;Luxemburg;2015;;InBetrieb;Pumpspeicher;;Nein;Nein;198;198;Pumpspeicher;TeileinspeisungEigenverbrauch;Hoechstspannung;Amprion GmbH (SNB976890256486);Ja;198
Einzelanlage;SEE916571034606;Donau-Wasserkraft AG;Bertoldsheim E K3;86643;Rennertshofen;Burgheimer Stra?e;33;Bayern;Deutschland;1967;;InBetrieb;Wasser;;Nein;Ja;6,6;6,3;Laufwasseranlage;Volleinspeisung;Hochspannung;DB Energie GmbH (Bahnstromnetz 16,7 Hz) (SNB942182027607);Nein;
Einzelanlage;SEE921449009914;CropEnergies Bioethanol GmbH;Dampfturbine IV CropEnergies Zeitz;06712;Zeitz;Albrechtstra?e;54;SachsenAnhalt;Deutschland;2004;;InBetrieb;Erdgas;Dampf;Ja;Nein;20,273;17,773;GegendruckmaschineohneEntnahme;TeileinspeisungEigenverbrauch;UmspannungZurMittelspannung;Mitteldeutsche Netzgesellschaft Strom mbH (SNB916269213931);Nein;
Einzelanlage;SEE925652456091;M?llheizkraftwerk Kassel GmbH;M?llheizkraftwerk Kassel M7;34123;Kassel;Am Lossewerk;8;Hessen;Deutschland;1985;;InBetrieb;Abfall;AbfallHausmuellSiedlungsabfaelle;Ja;Nein;10,5;8;KondensationsmaschinemitEntnahme;Volleinspeisung;Hochspannung;St?dtische Werke Netz+Service GmbH (SNB935482852901);Nein;
Einzelanlage;SEE903626449133;EnBW Energie Baden-W?rttemberg AG;Faimingen M1;89415;Lauingen;R?merstra?e;1;Bayern;Deutschland;1965;;InBetrieb;Wasser;;Nein;Ja;5,05;5,045;Laufwasseranlage;TeileinspeisungEigenverbrauch;Hochspannung;Netze BW GmbH (SNB948311994307);Nein;
Einzelanlage;SEE905647753862;BMW AG;Partition_3;04349;Leipzig;BMW-Allee;1 ;Sachsen;Deutschland;2017;;InBetrieb;Batteriespeicher;;Nein;Nein;3,4;3,4;Batterie;TeileinspeisungEigenverbrauch;Niederspannung;Mitteldeutsche Netzgesellschaft Strom mbH (SNB916269213931);Nein;
Einzelanlage;SEE911430024132;naturenergie hochrhein AG;KW Wyhlen Francis 08;79639;Grenzach-Wyhlen;Am Wasserkraftwerk;;BadenWuerttemberg;Deutschland;1912;;InBetrieb;Wasser;;Nein;Ja;2,184;2,166;Laufwasseranlage;TeileinspeisungEigenverbrauch;Hochspannung;naturenergie netze GmbH (SNB945502201350);Ja;2,166
Einzelanlage;SEE921196877927;naturenergie hochrhein AG;KW Wyhlen Francis 06;79639;Grenzach-Wyhlen;Am Wasserkraftwerk;;BadenWuerttemberg;Deutschland;1912;;InBetrieb;Wasser;;Nein;Ja;2,184;2,166;Laufwasseranlage;TeileinspeisungEigenverbrauch;Hochspannung;naturenergie netze GmbH (SNB945502201350);Ja;2,166
Einzelanlage;SEE921830733190;envia THERM GmbH;BMHKW Malchin DT;17139;Malchin;M?hlentorsiedlung;7;MecklenburgVorpommern;Deutschland;2003;;InBetrieb;Biomasse;;Ja;Ja;10,626;10,626;GegendruckmaschinemitEntnahme;Volleinspeisung;Mittelspannung;E.DIS Netz GmbH (SNB941690671609);Nein;
Einzelanlage;SEE909339504022;R.D.M. Arnsberg GmbH;SSW-VT;59821;Arnsberg;Hellefelder Stra?e;51;NordrheinWestfalen;Deutschland;1957;;InBetrieb;Steinkohle;Steinkohlen;Ja;Nein;7;6,14;GegendruckmaschineohneEntnahme;TeileinspeisungEigenverbrauch;Mittelspannung;Westnetz GmbH (SNB921897286493);Nein;
Einzelanlage;SEE910823411191;BMW AG;Werk 1.1 KWK 1;80809;M?nchen;Lerchenauer Stra?e;76;Bayern;Deutschland;2019;;InBetrieb;Erdgas;ErdgasErdoelgas;Ja;Nein;4,5;4,5;Verbrennungsmotor;TeileinspeisungEigenverbrauch;Mittelspannung;SWM Infrastruktur GmbH & Co. KG (SNB969473762610);Nein;
Einzelanlage;SEE909553236495;Arla Foods Deutschland GmbH;Turbine Pronsfeld;54597;Pronsfeld;Im Scheid;1;RheinlandPfalz;Deutschland;2021;;InBetrieb;Erdgas;ErdgasErdoelgas;Ja;Nein;12,982;12,255;GasturbinenmitAbhitzekessel;Volleinspeisung;UmspannungZurMittelspannung;Westnetz GmbH (SNB921897286493);Nein;
Einzelanlage;SEE912351283974;?sterreichisch-Bayerische Kraftwerke AG;Kraftwerk Braunau-Simbach MS2;84375;Kirchdorf;Am Kirchdorfer Waldsee;1 ;Bayern;Deutschland;1954;;InBetrieb;Wasser;;Nein;Ja;25,6;25,6;Laufwasseranlage;Volleinspeisung;Hochspannung;Bayernwerk Netz GmbH (SNB940352624434);Ja;
Einzelanlage;SEE915289541482;Mainova AG;HKW West Block 3;60327;Frankfurt;Gutleutstra?e;231;Hessen;Deutschland;1990;;InBetrieb;Steinkohle;Steinkohlen;Ja;Nein;69,5;61,5;KondensationsmaschinemitEntnahme;Volleinspeisung;Hoechstspannung;NRM Netzdienste Rhein-Main GmbH (SNB921899277833);Nein;
stillgelegte Anlagen;SEE915426748132;RheinEnergie AG;Block 6 Merkenich RheinEnergie;50769;K?ln;Merkenicher Hauptstr.;2;NordrheinWestfalen;Deutschland;2010;2025;endg?ltig stillgelegt nach KVBG;Braunkohle;Wirbelschichtkohle;Ja;Nein;85,2;75,3;GegendruckmaschinemitEntnahme;Volleinspeisung;Hochspannung;RheinNetz GmbH (SNB924477581384);Nein;
Einzelanlage;SEE919412154723;Uniper Kraftwerke GmbH;Dingolfing K2;84130;Dingolfing;Bayernwerkstra?e;55;Bayern;Deutschland;1957;;InBetrieb;Wasser;;Nein;Ja;5;5;Laufwasseranlage;Volleinspeisung;Mittelspannung;Bayernwerk Netz GmbH (SNB940352624434);Nein;
Einzelanlage;SEE919939073064;VW Kraftwerk GmbH;GT 31 GuD S?d Wolfsburg;38440;Wolfsburg;Berliner Ring;2;Niedersachsen;Deutschland;2021;;InBetrieb;Erdgas;ErdgasErdoelgas;Ja;Nein;49,5;49,4;GasturbinenmitnachgeschalteterDampfturbine;Volleinspeisung;Hochspannung;VW KRAFTWERK Gesellschaft mit beschr?nkter Haftung (SNB978865527096);Nein;
Einzelanlage;SEE902238950303;Infraserv GmbH & Co. H?chst KG;IPH Strom GT1;65929;Frankfurt;Br?ningstra?e;50;Hessen;Deutschland;1958;;InBetrieb;Erdgas;ErdgasErdoelgas;Ja;Nein;10,8;9,9;GegendruckmaschineohneEntnahme;Volleinspeisung;Mittelspannung;Infraserv Netze GmbH (SNB977535807001);Nein;
Einzelanlage;SEE902382668932;Vattenfall Wasserkraft GmbH;PSW Hohenwarte 2 PSS B;07338;Hohenwarte;Pre?witzer Stra?e;25;Thueringen;Deutschland;1965;;InBetrieb;Pumpspeicher;;Nein;Nein;40;39,7;Pumpspeicher;Volleinspeisung;Hoechstspannung;50Hertz Transmission GmbH (SNB982046657236);Nein;
Einzelanlage;SEE907276435515;MVV Umwelt Asset GmbH;BMKW Mannheim;68169;Mannheim;Otto-Hahn-Stra?e;1;BadenWuerttemberg;Deutschland;2003;;InBetrieb;Biomasse;;Nein;Ja;20;16,1;KondensationsmaschineohneEntnahme;Volleinspeisung;Mittelspannung;MVV Netze GmbH (SNB985472799266);Nein;
Einzelanlage;SEE921098709050;RWE Generation SE;Emsland C GT1;49808;Lingen;Sch?ttorfer Stra?e;100;Niedersachsen;Deutschland;2011;;InBetrieb;Erdgas;ErdgasErdoelgas;Ja;Nein;60;58;Sonstige;Volleinspeisung;Hochspannung;Westnetz GmbH (SNB921897286493);Nein;
Einzelanlage;SEE922395631839;Salzgitter Flachstahl GmbH;Block1;38239;Salzgitter;Eisenh?ttenstra?e;99;Niedersachsen;Deutschland;2010;;InBetrieb;Sonstige Energietraeger (nicht erneuerbar);HochofengasKonvertergas;Ja;Nein;110;97;KondensationsmaschinemitEntnahme;TeileinspeisungEigenverbrauch;Hoechstspannung;TenneT TSO GmbH (SNB970033313272);Nein;
Einzelanlage;SEE900291433160;Allg?uer ?berlandwerk GmbH;Hybridspeicher AU;87477;Sulzberg;Au;7;Bayern;Deutschland;2018;;InBetrieb;Batteriespeicher;;Nein;Nein;16;16;Batterie;Volleinspeisung;Mittelspannung;Allg?uNetz GmbH & Co. KG (SNB926394308747);Nein;
Einzelanlage;SEE900403199748;Heizkraftwerk Halle-Trotha GmbH;Heizkraftwerk Halle-Trotha - Dampfturbine;06118;Halle;Brachwitzer Stra?e;23;SachsenAnhalt;Deutschland;1994;;InBetrieb;Erdgas;None;Ja;Nein;12,471;12,1585;GegendruckmaschinemitEntnahme;Volleinspeisung;Hochspannung;Mitteldeutsche Netzgesellschaft Strom mbH (SNB916269213931);Nein;
Einzelanlage;SEE900957573537;InfraLeuna GmbH;KT1;06237;Leuna;;;SachsenAnhalt;Deutschland;2010;;InBetrieb;Waerme;Dampf;Nein;Nein;21,6;20;KondensationsmaschineohneEntnahme;Volleinspeisung;Mittelspannung;InfraLeuna GmbH (SNB982722829230);Nein;
stillgelegte Anlagen;SEE902215081075;Ahrtal-Werke GmbH;M_01;53474;Bad Neuenahr-Ahrweiler;Dahlienweg;25;RheinlandPfalz;Deutschland;2016;2026;endg?ltig stillgelegt ohne ? 13b EnWG oder KVBG;Erdgas;ErdgasErdoelgas;Ja;Nein;2,004;1,993;Verbrennungsmotor;Volleinspeisung;Mittelspannung;Ahrtal-Werke GmbH (SNB983315496327);Nein;
Einzelanlage;SEE904887370686;InfraLeuna GmbH;DT1;06237;Leuna;;;SachsenAnhalt;Deutschland;1994;;InBetrieb;Waerme;Dampf;Ja;Nein;9,1;8,7;GegendruckmaschinemitEntnahme;Volleinspeisung;Mittelspannung;InfraLeuna GmbH (SNB982722829230);Nein;
Einzelanlage;SEE915098640406;K+S Minerals and Agriculture GmbH;ZI TR GT2;39326;Zielitz;Farsleber Stra?e;1;SachsenAnhalt;Deutschland;1997;;InBetrieb;Erdgas;ErdgasErdoelgas;Ja;Nein;5,592;5,5;GasturbinenmitAbhitzekessel;TeileinspeisungEigenverbrauch;Hochspannung;Avacon Netz GmbH (SNB990362338043);Nein;
Einzelanlage;SEE912764206645;Erlanger Stadtwerke AG;HKW - GuD1;91052;Erlangen;?u?ere Brucker Stra?e;33;Bayern;Deutschland;2005;;InBetrieb;Erdgas;ErdgasErdoelgas;Ja;Nein;12,7;12,405;GasturbinenmitnachgeschalteterDampfturbine;Volleinspeisung;Mittelspannung;Erlanger Stadtwerke AG (SNB967982606159);Nein;
Einzelanlage;SEE922849915072;MHB Hamm Betriebsf?hrungsgesellschaft mbH;MVA Hamm Turbine 1;59075;Hamm;Am Lausbach ;2;NordrheinWestfalen;Deutschland;1985;;InBetrieb;Abfall;AbfallHausmuellSiedlungsabfaelle;Ja;Nein;9,094;6,6;KondensationsmaschinemitEntnahme;TeileinspeisungEigenverbrauch;Hochspannung;Westnetz GmbH (SNB921897286493);Nein;
Einzelanlage;SEE926614659772;EBE Holzheizkraftwerk GmbH;BMHKW;49824;Emlichheim;Neuerostra?e;8;Niedersachsen;Deutschland;2006;;InBetrieb;Biomasse;;Ja;Ja;23;20,8;KondensationsmaschinemitEntnahme;TeileinspeisungEigenverbrauch;Mittelspannung;Westnetz GmbH (SNB921897286493);Nein;
Einzelanlage;SEE900100287427;Grace GmbH;GT2;67547;Worms;In der Hollerhecke;1;RheinlandPfalz;Deutschland;1991;;InBetrieb;Erdgas;ErdgasErdoelgas;Ja;Nein;6,5;6,41;GasturbinenmitAbhitzekessel;TeileinspeisungEigenverbrauch;UmspannungZurNiederspannung;EWR Netz GmbH (SNB969068596941);Nein;
Einzelanlage;SEE907943989181;Innwerk AG;KW Nu?dorf MS1 (im Besitz von Innwerk und ?BK);83131;Nu?dorf;Am Inn;19;Bayern;Deutschland;1982;;InBetrieb;Wasser;;Nein;Ja;26,5;26,5;Laufwasseranlage;Volleinspeisung;Hochspannung;Bayernwerk Netz GmbH (SNB940352624434);Nein;
stillgelegte Anlagen;SEE912440649056;Pfeifer & Langen GmbH & Co. KG;Euskirchen Generator 3;53879;Euskirchen;Bonner Stra?e;2;NordrheinWestfalen;Deutschland;1980;2022;endg?ltig stillgelegt nach KVBG;Braunkohle;Braunkohlenbriketts;Ja;Nein;1,2;1,133;GegendruckmaschineohneEntnahme;TeileinspeisungEigenverbrauch;Mittelspannung;Westnetz GmbH (SNB921897286493);Nein;
Einzelanlage;SEE934927915690;EnBW Energie Baden-W?rttemberg AG;Rheinhafen- Dampfkraftwerk RDK 4S GT;76189;Karlsruhe;Fettweisstra?e;42;BadenWuerttemberg;Deutschland;1998;;Netzreserve aufgrund ? 13b EnWG;Erdgas;ErdgasErdoelgas;Nein;Nein;239;239;GasturbinenmitAbhitzekessel;Volleinspeisung;Hoechstspannung;TransnetBW GmbH (SNB984944755380);Nein;
Einzelanlage;SEE935086224739;EnBW Energie Baden-W?rttemberg AG;Heizkraftwerk Heilbronn HLB 6;74076;Heilbronn;Lichtenbergerstra?e;23;BadenWuerttemberg;Deutschland;1966;;Netzreserve aufgrund ? 13b EnWG;Steinkohle;Steinkohlen;Nein;Nein;137;125;KondensationsmaschinemitEntnahme;Volleinspeisung;Hochspannung;Netze BW GmbH (SNB948311994307);Nein;
Einzelanlage;SEE935359739632;Uniper Kraftwerke GmbH;Merching K(Ro)3;86504;Merching;Friedenaustra?e;;Bayern;Deutschland;1978;;InBetrieb;Wasser;;Nein;Ja;4,5;4;Laufwasseranlage;Volleinspeisung;Hochspannung;LEW Verteilnetz GmbH (SNB911705062982);Nein;
Einzelanlage;SEE936196276359;Stadtwerke Leipzig GmbH;Heizkraftwerk Leipzig Nord GT82;04105;Leipzig;Eutritzscher Stra?e;14b;Sachsen;Deutschland;2022;;InBetrieb;Erdgas;None;Ja;Nein;65,867;64,603;GasturbinenmitnachgeschalteterDampfturbine;TeileinspeisungEigenverbrauch;Hochspannung;Mitteldeutsche Netzgesellschaft Strom mbH (SNB916269213931);Nein;
Einzelanlage;SEE929808661773;ENGIE Deutschland GmbH;SEDE607510036;07546;Gera;Siemensstra?e;43;Thueringen;Deutschland;2018;;InBetrieb;Erdgas;ErdgasErdoelgas;Ja;Nein;4,5;4,472;Verbrennungsmotor;Volleinspeisung;Mittelspannung;GeraNetz GmbH (SNB948816192529);Nein;
Einzelanlage;SEE930596800480;Lausitz Energie Kraftwerke AG;Gasturbinenkraftwerk Ahrensfelde GT A;16356;Ahrensfelde;Lindenberger Stra?e;12;Brandenburg;Deutschland;1990;;Kapazit?tsreserve aufgrund von ? 13e EnWG;Erdgas;ErdgasErdoelgas;Nein;Nein;38,34;37,104;GasturbinenmitAbhitzekessel;Volleinspeisung;Hochspannung;50Hertz Transmission GmbH (SNB982046657236);Nein;
Einzelanlage;SEE932109633288;Uniper Kraftwerke GmbH;Schwabstadl K(Ro)1;86937;Scheuring;Zollhaus;;Bayern;Deutschland;1981;;InBetrieb;Wasser;;Nein;Ja;4,3;4;Laufwasseranlage;Volleinspeisung;Hochspannung;LEW Verteilnetz GmbH (SNB911705062982);Nein;
Einzelanlage;SEE943600523558;BESS Neum?nster GmbH & Co. KG;BES NM;24536;Neum?nster;Br?ningsweg;33;SchleswigHolstein;Deutschland;2024;;InBetrieb;Batteriespeicher;;Nein;Nein;24,5;24,5;Batterie;Volleinspeisung;UmspannungZurMittelspannung;Schleswig-Holstein Netz GmbH (SNB990857029876);Nein;
Einzelanlage;SEE916683222854;Currenta GmbH & Co. OHG;UER L57 M3;47829;Krefeld;Rheinuferstra?e;7;NordrheinWestfalen;Deutschland;1964;;InBetrieb;Steinkohle;Steinkohlen;Nein;Nein;7,692;7,225;KondensationsmaschineohneEntnahme;TeileinspeisungEigenverbrauch;UmspannungZurMittelspannung;NETCUR GmbH (SNB974711150357);Nein;
Einzelanlage;SEE920332685334;PASM GmbH;PASM Gro?speicher Hannover I (Intillion);30625;Hannover;Neue-Land-Stra?e;6;Niedersachsen;Deutschland;2025;;InBetrieb;Batteriespeicher;;Nein;Nein;5,4;5,4;Batterie;Volleinspeisung;Mittelspannung;enercity Netz GmbH (SNB971746988153);Nein;
Einzelanlage;SEE920872442510;RWE Generation Hydro GmbH;Detzem Maschine 3;54340;Detzem;Am Moselufer;1;RheinlandPfalz;Deutschland;1962;;InBetrieb;Wasser;;Nein;Ja;6;6;Laufwasseranlage;Volleinspeisung;UmspannungZurMittelspannung;Westnetz GmbH (SNB921897286493);Nein;
Einzelanlage;SEE923401813959;BEW Berliner Energie und W?rme GmbH;GuD Lichterfelde Gasturbine;12207;Berlin;Ostpreu?endamm;61;Berlin;Deutschland;2019;;InBetrieb;Erdgas;ErdgasErdoelgas;Ja;Nein;190;185;KondensationsmaschinemitEntnahme;TeileinspeisungEigenverbrauch;Hochspannung;Stromnetz Berlin GmbH (SNB979269087643);Nein;
Einzelanlage;SEE935397901879;INEOS Manufacturing Deutschland;Turbine 21;50769;K?ln;Alte Str.;201;NordrheinWestfalen;Deutschland;1964;;InBetrieb;Sonstige Energietraeger (nicht erneuerbar);SonstigeHergestellteGase;Ja;Nein;17,9;15,5;GegendruckmaschineohneEntnahme;TeileinspeisungEigenverbrauch;UmspannungZurMittelspannung;NETCUR GmbH (SNB974711150357);Nein;
Einzelanlage;SEE937978171572;AMK-Abfallentsorgungsgesellschaft des M?rkischen Kreises mbH;Turbine 2;58636;Iserlohn;Giesestra?e;10;NordrheinWestfalen;Deutschland;1981;;InBetrieb;Abfall;AbfallHausmuellSiedlungsabfaelle;Ja;Nein;6,6;3,4;KondensationsmaschinemitEntnahme;TeileinspeisungEigenverbrauch;Mittelspannung;Stadtwerke Iserlohn GmbH (SNB913730249284);Nein;
Einzelanlage;SEE940200876787;swb Erzeugung AG & Co. KG;BHKW Hastedt Motor 08;28207;Bremen;Hastedter Osterdeich;255;Bremen;Deutschland;2022;;InBetrieb;Erdgas;ErdgasErdoelgas;Ja;Nein;11,8096;11,6794;Verbrennungsmotor;TeileinspeisungEigenverbrauch;Hochspannung;wesernetz Bremen GmbH (SNB942238573102);Nein;
Einzelanlage;SEE941548257580;VERBUND Innkraftwerke GmbH;Kraftwerk Gars MS5;83536;Gars;Agg;4;Bayern;Deutschland;1938;;InBetrieb;Wasser;;Nein;Ja;5;5;Laufwasseranlage;Volleinspeisung;Hochspannung;Bayernwerk Netz GmbH (SNB940352624434);Nein;
Einzelanlage;SEE942019110397;N-ERGIE Kraftwerke GmbH;HKW Sandreuth (GT2);90441;N?rnberg;Sandreuthstra?e;55a;Bayern;Deutschland;2005;;InBetrieb;Erdgas;ErdgasErdoelgas;Ja;Nein;53,637;53;GasturbinenmitnachgeschalteterDampfturbine;Volleinspeisung;Hochspannung;N-ERGIE Netz GmbH (SNB973875583315);Nein;
Einzelanlage;SEE943841929270;AVA Abfallverwertung Augsburg Kommunalunternehmen;AHKW HD Turbine;86167;Augsburg;Am Mittleren Moos;60;Bayern;Deutschland;1994;;InBetrieb;Abfall;AbfallHausmuellSiedlungsabfaelle;Ja;Nein;8,22;7,97;Sonstige;TeileinspeisungEigenverbrauch;Mittelspannung;swa Netze GmbH (SNB958077102830);Nein;
Einzelanlage;SEE946412220059;EnBW Energie Baden-W?rttemberg AG;RKI Iffezheim M5;76473;Iffezheim;An der Staustufe;27;BadenWuerttemberg;Deutschland;2013;;InBetrieb;Wasser;;Nein;Ja;38,85;38,85;Laufwasseranlage;TeileinspeisungEigenverbrauch;Hochspannung;Netze BW GmbH (SNB948311994307);Ja;38,85
Einzelanlage;SEE903153060207;Cerdia Produktions GmbH;Dampfturbine9;79108;Freiburg;Engesserstra?e;8;BadenWuerttemberg;Deutschland;2020;;InBetrieb;Erdgas;ErdgasErdoelgas;Ja;Nein;19,017;18,339;GegendruckmaschinemitEntnahme;TeileinspeisungEigenverbrauch;Hochspannung;badenovaNETZE GmbH (SNB965774651691);Nein;
Einzelanlage;SEE904677108444;Schw?rerHaus KG;Linie 1 (Kessel 5_Turbine 1)_Komplex 04-01/04;72531;Hohenstein;Hans-Schw?rer-Stra?e;8;BadenWuerttemberg;Deutschland;1995;;InBetrieb;Biomasse;;Ja;Ja;3,44;3,44;KondensationsmaschinemitEntnahme;Volleinspeisung;UmspannungZurMittelspannung;Netze BW GmbH (SNB948311994307);Nein;
Einzelanlage;SEE907064154956;K+S Minerals and Agriculture GmbH;Kraftwerk HA GT1;36269;Philippsthal;Hattorfer Stra?e;1;Hessen;Deutschland;2017;;InBetrieb;Erdgas;ErdgasErdoelgas;Ja;Nein;6,765;5,67;GasturbinenmitAbhitzekessel;TeileinspeisungEigenverbrauch;Hochspannung;Avacon Netz GmbH (SNB990362338043);Nein;
Einzelanlage;SEE914513090444;RWE Generation Hydro GmbH;Wintrich Maschine 1;54487;Wintrich;Am Stauwehr;6;RheinlandPfalz;Deutschland;1965;;InBetrieb;Wasser;;Nein;Ja;5;5;Laufwasseranlage;Volleinspeisung;Mittelspannung;Westnetz GmbH (SNB921897286493);Nein;
Einzelanlage;SEE915108754215;Basell Polyolefine GmbH;Kraftwerk Basell Wesseling;50389;Wesseling;Br?hler Stra?e;60;NordrheinWestfalen;Deutschland;1962;;InBetrieb;Mineraloelprodukte;AndereMineraloelprodukte;Ja;Nein;102;90;Sonstige;TeileinspeisungEigenverbrauch;Hochspannung, Hochspannung;Westnetz GmbH (SNB921897286493);Nein;
Einzelanlage;SEE921572088800;EEW Energy from Waste Stavenhagen GmbH & Co KG;M?llverbrennungsanlage - EEW Stavenhagen GmbH & Co KG;17153;Stavenhagen;Schultetusstra?e;43 b;MecklenburgVorpommern;Deutschland;2008;;InBetrieb;Abfall;AbfallHausmuellSiedlungsabfaelle;Nein;Nein;10;10;KondensationsmaschinemitEntnahme;TeileinspeisungEigenverbrauch;Mittelspannung;E.DIS Netz GmbH (SNB941690671609);Nein;
Einzelanlage;SEE921679055279;Uniper Kraftwerke GmbH;Gottfrieding K1;84177;Gottfrieding;Isarweg;1;Bayern;Deutschland;1978;;InBetrieb;Wasser;;Nein;Ja;3;3;Laufwasseranlage;Volleinspeisung;Mittelspannung;Bayernwerk Netz GmbH (SNB940352624434);Nein;
Einzelanlage;SEE923433960119;DREWAG - Stadtwerke Dresden GmbH;Batteriespeicher Dresden - Reick;01277;Dresden;Liebst?dter Stra?e;1;Sachsen;Deutschland;2015;;InBetrieb;Batteriespeicher;;Nein;Nein;2;1,95;Batterie;Volleinspeisung;Mittelspannung;SachsenNetze GmbH (SNB980808485264);Nein;
Einzelanlage;SEE928715410504;Uniper Kraftwerke GmbH;Gummering K2;84183;Niederviehbach;Untere Au;80;Bayern;Deutschland;1957;;InBetrieb;Wasser;;Nein;Ja;5,5;5,5;Laufwasseranlage;Volleinspeisung;Mittelspannung;Bayernwerk Netz GmbH (SNB940352624434);Nein;
Einzelanlage;SEE932235962276;Airbus Operations;BHKW 2 Modul 2;21129;Hamburg;Kreetslag;10;Hamburg;Deutschland;2013;;InBetrieb;Erdgas;ErdgasErdoelgas;Ja;Nein;4,315;4,119;Verbrennungsmotor;TeileinspeisungEigenverbrauch;Mittelspannung;Hamburger Energienetze GmbH (SNB968295079586);Nein;
Einzelanlage;SEE906834978235;Pfeifer & Langen GmbH & Co. KG;Lage Generator 2;32791;Lage;Heidensche Stra?e;70;NordrheinWestfalen;Deutschland;1962;;InBetrieb;Steinkohle;Steinkohlen;Ja;Nein;4,48;4,077;GegendruckmaschineohneEntnahme;TeileinspeisungEigenverbrauch;Mittelspannung;Westfalen Weser Netz GmbH (SNB929881052512);Nein;
Einzelanlage;SEE909689464656;thyssenkrupp Steel Europe AG;ET Prozessdampf;47166;Duisburg;Kaiser-Wilhelm-Str.;100;NordrheinWestfalen;Deutschland;2013;;InBetrieb;Sonstige Energietraeger (nicht erneuerbar);;Nein;Nein;1,2;1,2;Sonstige;TeileinspeisungEigenverbrauch;Mittelspannung;Amprion GmbH (SNB976890256486);Nein;
Einzelanlage;SEE914143996840;Sasol Germany GmbH;GT3;25541;Brunsb?ttel;Fritz-Staiger-Stra?e;15;SchleswigHolstein;Deutschland;2020;;InBetrieb;Erdgas;ErdgasErdoelgas;Ja;Nein;7,486;7,428;GasturbinenmitAbhitzekessel;TeileinspeisungEigenverbrauch;Mittelspannung;Stadtwerke Brunsb?ttel GmbH (SNB951835062254);Nein;
Einzelanlage;SEE914931712744;EnBW Contracting GmbH;HK_001_Industrieheizkraftwerk-Walsrode_BHKW-GM1;29699;Walsrode;Bahnhofstra?e;13;Niedersachsen;Deutschland;2019;;InBetrieb;Erdgas;ErdgasErdoelgas;Ja;Nein;3,2;3,2;Verbrennungsmotor;TeileinspeisungEigenverbrauch;Mittelspannung;Avacon Netz GmbH (SNB990362338043);Nein;
Einzelanlage;SEE916274994887;Gaskraftwerk Leipheim GmbH & Co. KG;bnBm Gaskraftwerk Leipheim;89340;Leipheim;Am Tower;5;Bayern;Deutschland;2023;;besonderes netztechnisches Betriebsmittel;Erdgas;ErdgasErdoelgas;Nein;Nein;311,6;310;GasturbinenohneAbhitzekessel;Volleinspeisung;Hoechstspannung;Amprion GmbH (SNB976890256486);Nein;
Einzelanlage;SEE917110358740;Steinbeis Energie GmbH;Steinbeis Energie EBS Kessel 6;25348;Gl?ckstadt;Stadtstra?e;20;SchleswigHolstein;Deutschland;2010;;InBetrieb;Abfall;AbfallHausmuellSiedlungsabfaelle;Ja;Nein;21,4;17;KondensationsmaschinemitEntnahme;Volleinspeisung;UmspannungZurMittelspannung;Schleswig-Holstein Netz GmbH (SNB990857029876);Nein;
Einzelanlage;SEE920405564993;VERBUND Innkraftwerke GmbH;Kraftwerk Stammham MS2;84533;Stammham;Innstufenstra?e;15;Bayern;Deutschland;1955;;InBetrieb;Wasser;;Nein;Ja;7,733;7,733;Laufwasseranlage;Volleinspeisung;Hochspannung;Bayernwerk Netz GmbH (SNB940352624434);Nein;
Einzelanlage;SEE925023182710;Wacker Chemie;Alzwerk Maschine 5;84489;Burghausen;Johannes-Hess-Stra?e;24;Bayern;Deutschland;1923;;InBetrieb;Wasser;;Nein;Ja;10,08;10,08;Laufwasseranlage;TeileinspeisungEigenverbrauch;Mittelspannung;Bayernwerk Netz GmbH (SNB940352624434);Nein;
Einzelanlage;SEE918046145015;EnBW Energie Baden-W?rttemberg AG;illwerke vkw L?nerseewerk M3;A-6774;Tschagguns;Latschaustrasse;;;Oesterreich;1957;;InBetrieb;Pumpspeicher;;Nein;Nein;56;56;Pumpspeicher;Volleinspeisung;Hoechstspannung;TransnetBW GmbH (SNB984944755380);Nein;
Einzelanlage;SEE918648599230;Biomasseheizkraftwerk Zolling GmbH;Zolling Biomasse-HKW;85406;Zolling;Leiningerstra?e;1;Bayern;Deutschland;2003;;InBetrieb;Biomasse;;Ja;Ja;19,975;19,5;KondensationsmaschinemitEntnahme;Volleinspeisung;Hochspannung;Bayernwerk Netz GmbH (SNB940352624434);Nein;
Einzelanlage;SEE908082298592;Firma Mercedes-Benz AG Werk 050 HPC NC50 LN-Nr.: 17319765;W059-RD_Geb. 122/IV_0450-0459;70327;Stuttgart;Mercedesstra?e;137;BadenWuerttemberg;Deutschland;2015;;InBetrieb;Mineraloelprodukte;Dieselkraftstoff;Nein;Nein;7,086;7,086;Verbrennungsmotor;TeileinspeisungEigenverbrauch;Niederspannung;Power Supply Systems GmbH (SNB960349538834);Nein;
Einzelanlage;SEE918573116014;RWE Generation Hydro GmbH;Serrig Maschine 2;54441;Taben-Rodt;An der Staustufe;44;RheinlandPfalz;Deutschland;1985;;InBetrieb;Wasser;;Nein;Ja;6,05;6,05;Laufwasseranlage;Volleinspeisung;Mittelspannung;Westnetz GmbH (SNB921897286493);Nein;
Einzelanlage;SEE921862229227;Mark-E Aktiengesellschaft;Pumpspeicherwerk R?nkhausen PSW2;57413;Finnentrop;Glinge;9;NordrheinWestfalen;Deutschland;2019;;InBetrieb;Pumpspeicher;;Nein;Nein;69;69;Pumpspeicher;Volleinspeisung;Hochspannung;ENERVIE Vernetzt GmbH (SNB921319639913);Nein;
Einzelanlage;SEE925067145375;Stadtwerke M?nster GmbH;GUD-1-7 (iKWK);48155;M?nster;Am Mittelhafen;11;NordrheinWestfalen;Deutschland;2025;;InBetrieb;Erdgas;ErdgasErdoelgas;Ja;Nein;4,5;4,4;Verbrennungsmotor;Volleinspeisung;Mittelspannung;Stadtnetze M?nster GmbH (SNB980883363112);Nein;
Einzelanlage;SEE925189660817;Rolls-Royce Solutions Augsburg GmbH;Pr?fstand 8;86165;Augsburg;Dasinger Stra?e;11;Bayern;Deutschland;2004;;InBetrieb;Erdgas;ErdgasErdoelgas;Nein;Nein;3,2;3,15;Verbrennungsmotor;TeileinspeisungEigenverbrauch;Mittelspannung;swa Netze GmbH (SNB958077102830);Nein;
Einzelanlage;SEE901345486644;Vattenfall Wasserkraft GmbH;PSW Goldisthal PSS D;98746;Goldisthal;Am Rotseifenbach;;Thueringen;Deutschland;2004;;InBetrieb;Pumpspeicher;;Nein;Nein;265;263;Pumpspeicher;Volleinspeisung;Hoechstspannung;50Hertz Transmission GmbH (SNB982046657236);Nein;
Einzelanlage;SEE902226350702;SWO Energie Leer Nord GmbH;BESS Leer Nord;26789;Leer;N?ttermoorer Stra?e;;Niedersachsen;Deutschland;2026;;InBetrieb;Batteriespeicher;;Nein;Nein;15,36;15,36;Batterie;Volleinspeisung;UmspannungZurMittelspannung;EWE NETZ GmbH (SNB951051725711);Nein;
Einzelanlage;SEE903604447151;SWP Stadtwerke Pforzheim;E-BHKW;75175;Pforzheim;Hohwiesenweg;15;BadenWuerttemberg;Deutschland;2017;;InBetrieb;Erdgas;ErdgasErdoelgas;Ja;Nein;1,999;1,899;Verbrennungsmotor;TeileinspeisungEigenverbrauch;Hochspannung;SWP Stadtwerke Pforzheim GmbH & Co. KG (SNB929168402344);Nein;
Einzelanlage;SEE912463283787;Stadtwerke Rosenheim GmbH & Co. KG;GM1;83022;Rosenheim;F?rberstra?e;47;Bayern;Deutschland;2011;;InBetrieb;Biomasse;;Ja;Ja;3,352;3,285;Verbrennungsmotor;TeileinspeisungEigenverbrauch;Mittelspannung;Stadtwerke Rosenheim Netze GmbH (SNB988838479086);Nein;
Einzelanlage;SEE916495905242;Stadtwerke Duisburg AG;HKW III  Block B;47249;Duisburg;Wanheimer Str.;439;NordrheinWestfalen;Deutschland;2005;;InBetrieb;Waerme;Dampf;Ja;Nein;88,3;84;KondensationsmaschinemitEntnahme;Volleinspeisung;Hoechstspannung;Netze Duisburg GmbH (SNB916123648602);Nein;
Einzelanlage;SEE917211801770;UPM GmbH;UPM Schongau DKW T4;86956;Schongau;Friedrich-Haindl-Stra?e;10;Bayern;Deutschland;1968;;Netzreserve aufgrund ? 13b EnWG;Erdgas;ErdgasErdoelgas;Nein;Nein;45;32;KondensationsmaschinemitEntnahme;Volleinspeisung;Hochspannung;LEW Verteilnetz GmbH (SNB911705062982);Nein;
Einzelanlage;SEE917960395155;Nordland Papier GmbH;Nordland GuD-Anlage Gasturbine;26892;D?rpen;Nordlandallee;1;Niedersachsen;Deutschland;2022;;InBetrieb;Erdgas;ErdgasErdoelgas;Ja;Nein;61,492;58,681;GasturbinenmitnachgeschalteterDampfturbine;Volleinspeisung;Mittelspannung;EWE NETZ GmbH (SNB951051725711);Nein;
Einzelanlage;SEE922855765289;Stadtwerke Duisburg AG;HKW III  Block B;47249;Duisburg;Wanheimer Str.;439;NordrheinWestfalen;Deutschland;2004;;InBetrieb;Erdgas;ErdgasErdoelgas;Ja;Nein;75,3;75,2;GasturbinenmitAbhitzekessel;Volleinspeisung;Hoechstspannung;Netze Duisburg GmbH (SNB916123648602);Nein;
Einzelanlage;SEE923389370246;VERBUND Innkraftwerke GmbH;Kraftwerk Neu?tting MS1;84524;Neu?tting;Innstra?e;11;Bayern;Deutschland;1951;;InBetrieb;Wasser;;Nein;Ja;8,7;8,7;Laufwasseranlage;Volleinspeisung;Hochspannung;Bayernwerk Netz GmbH (SNB940352624434);Nein;
Einzelanlage;SEE925570951074;VERBUND Innkraftwerke GmbH;Kraftwerk Neu?tting MS2;84524;Neu?tting;Innstra?e;11;Bayern;Deutschland;1951;;InBetrieb;Wasser;;Nein;Ja;8,7;8,7;Laufwasseranlage;Volleinspeisung;Hochspannung;Bayernwerk Netz GmbH (SNB940352624434);Nein;
Einzelanlage;SEE900576662001;Querdel Energie GmbH;Querdel SKW Biomethan2;48336;Sassenberg;;;NordrheinWestfalen;Deutschland;2023;;InBetrieb;Biomasse;;Ja;Ja;3,352;3,352;Verbrennungsmotor;Volleinspeisung;Mittelspannung;Westnetz GmbH (SNB921897286493);Nein;
Einzelanlage;SEE915375007878;Stadtwerke Duisburg AG;Mitte BHKW 2 Modul 4;47053;Duisburg;Bungertstr.;27;NordrheinWestfalen;Deutschland;2023;;InBetrieb;Erdgas;ErdgasErdoelgas;Ja;Nein;4,5;4,472;Verbrennungsmotor;Volleinspeisung;Hochspannung;Netze Duisburg GmbH (SNB916123648602);Nein;
Einzelanlage;SEE918419019035;Mark-E Aktiengesellschaft;Elverlingsen WFAE;58791;Werdohl;Auf der Mark;1;NordrheinWestfalen;Deutschland;2017;;InBetrieb;Biomasse;;Ja;Ja;4,24;2,3;KondensationsmaschinemitEntnahme;Volleinspeisung;Hochspannung;ENERVIE Vernetzt GmbH (SNB921319639913);Nein;
Einzelanlage;SEE922581598120;Erlanger Stadtwerke AG;HKW - DT1;91052;Erlangen;?u?ere Brucker Stra?e;33;Bayern;Deutschland;2005;;InBetrieb;Erdgas;ErdgasErdoelgas;Ja;Nein;10,2;9,963;GasturbinenmitnachgeschalteterDampfturbine;Volleinspeisung;Mittelspannung;Erlanger Stadtwerke AG (SNB967982606159);Nein;
Einzelanlage;SEE900628853036;Trianel Gaskraftwerk Hamm;Trianel Gaskraftwerk Hamm Block 20;59071;Hamm;Trianelstra?e;1;NordrheinWestfalen;Deutschland;2007;;InBetrieb;Erdgas;ErdgasErdoelgas;Nein;Nein;453;445;GasturbinenmitnachgeschalteterDampfturbine;Volleinspeisung;Hoechstspannung;Amprion GmbH (SNB976890256486);Nein;
Einzelanlage;SEE902725989434;BMW AG;Regensburg KWK 4;93055;Regensburg;Herbert-Quandt-Allee;1;Bayern;Deutschland;2012;;InBetrieb;Erdgas;ErdgasErdoelgas;Ja;Nein;2,678;2,678;Verbrennungsmotor;TeileinspeisungEigenverbrauch;Mittelspannung;Bayernwerk Netz GmbH (SNB940352624434);Nein;
Einzelanlage;SEE905820921729;JT Energy Systems GmbH;Batteriespeicher JT Energy Systems GmbH;09627;Bobritzsch-Hilbersdorf;Buchenstr.;1;Sachsen;Deutschland;2022;;InBetrieb;Batteriespeicher;;Nein;Nein;25;25;Batterie;Volleinspeisung;Mittelspannung;Mitteldeutsche Netzgesellschaft Strom mbH (SNB916269213931);Nein;
Einzelanlage;SEE907222955227;envia THERM GmbH;Sermuth BHKW 3;04680;Colditz;Am Umspannwerk;2;Sachsen;Deutschland;1995;;InBetrieb;Mineraloelprodukte;HeizoelLeicht;Nein;Nein;7,2;5,7;Verbrennungsmotor;Volleinspeisung;Hochspannung;Mitteldeutsche Netzgesellschaft Strom mbH (SNB916269213931);Nein;
Einzelanlage;SEE943609681808;enercity BESS Dresden GmbH & Co. KG;BES DD;01259;Dresden;Heidenauer Stra?e;;Sachsen;Deutschland;2022;;InBetrieb;Batteriespeicher;;Nein;Nein;12;12;Batterie;TeileinspeisungEigenverbrauch;Mittelspannung;SachsenNetze HS.HD GmbH (SNB968914838013);Nein;
Einzelanlage;SEE945086771409;Stadtwerke Ratingen;KWK-Anlage FHW Ratingen West Modul 4;40878;Ratingen;Am Sandbach;45;NordrheinWestfalen;Deutschland;2020;;InBetrieb;Erdgas;ErdgasErdoelgas;Ja;Nein;1,999;1,947;Verbrennungsmotor;Volleinspeisung;Mittelspannung;Stadtwerke Ratingen GmbH (SNB953661539375);Nein;
Einzelanlage;SEE945845418224;Uniper Kraftwerke GmbH;Altheim K3;84051;Essenbach;Kraftwerkstra?e;22;Bayern;Deutschland;1951;;InBetrieb;Wasser;;Nein;Ja;5,718;5,718;Laufwasseranlage;Volleinspeisung;Hochspannung;Bayernwerk Netz GmbH (SNB940352624434);Nein;
Einzelanlage;SEE948481095354;Nordzucker AG Werk Nordstemmen;Generator 1;31171;Nordstemmen;Calenberger Stra?e;36;Niedersachsen;Deutschland;1988;;InBetrieb;Erdgas;ErdgasErdoelgas;Ja;Nein;15;13;GegendruckmaschineohneEntnahme;TeileinspeisungEigenverbrauch;Mittelspannung;Avacon Netz GmbH (SNB990362338043);Nein;
Einzelanlage;SEE952262880046;EnBW Energie Baden-W?rttemberg AG;illwerke vkw Rodundwerk I M3;A-6773;Vandans;Anton-Ammann-Stra?e;19;;Oesterreich;1943;;InBetrieb;Wasser;;Nein;Ja;50;50;Speicherwasseranlage;Volleinspeisung;Hoechstspannung;TransnetBW GmbH (SNB984944755380);Nein;
Einzelanlage;SEE954649497618;SMAREG 4 GmbH & Co. KG;SMAREG4 Wartburgspeicher Eisenach;99817;Eisenach;;;Thueringen;Deutschland;2022;;InBetrieb;Batteriespeicher;;Nein;Nein;60;60;Batterie;Volleinspeisung;UmspannungZurMittelspannung;TEN Th?ringer Energienetze GmbH & Co. KG (SNB970821959712);Nein;
Einzelanlage;SEE957602727647;ENGIE Deutschland GmbH;SEDE607510036;07546;Gera;Siemensstra?e;43;Thueringen;Deutschland;2018;;InBetrieb;Erdgas;ErdgasErdoelgas;Ja;Nein;4,5;4,472;Verbrennungsmotor;Volleinspeisung;Mittelspannung;GeraNetz GmbH (SNB948816192529);Nein;
Einzelanlage;SEE917497526305;Aluminium Oxid Stade GmbH;KWK GT1;21683;Stade;Johann-Rathje-K?ser-Str.;;Niedersachsen;Deutschland;2012;;InBetrieb;Erdgas;ErdgasErdoelgas;Ja;Nein;15,5515;15,36;GasturbinenmitAbhitzekessel;TeileinspeisungEigenverbrauch;Hochspannung;Avacon Netz GmbH (SNB990362338043);Nein;
Einzelanlage;SEE917758204157;Biomethan Produktion Ottersberg GmbH;Motor 3;28870;Ottersberg;Am Damm;26;Niedersachsen;Deutschland;2005;;InBetrieb;Biomasse;;Ja;Ja;1,048;1,048;Verbrennungsmotor;Volleinspeisung;Mittelspannung;EWE NETZ GmbH (SNB951051725711);Nein;
Einzelanlage;SEE909057995010;RWE Generation Hydro GmbH;Trier Maschine 4;54294;Trier;An der B51;;RheinlandPfalz;Deutschland;1962;;InBetrieb;Wasser;;Nein;Ja;4,7;4,7;Laufwasseranlage;Volleinspeisung;UmspannungZurMittelspannung;Westnetz GmbH (SNB921897286493);Nein;
Einzelanlage;SEE922477386435;Uniper Kraftwerke GmbH;Franken DT2;90449;N?rnberg;Felsenstra?e;14;Bayern;Deutschland;1975;;InBetrieb;Erdgas;ErdgasErdoelgas;Ja;Nein;395;387;KondensationsmaschinemitEntnahme;Volleinspeisung;Hoechstspannung;Bayernwerk Netz GmbH (SNB940352624434);Nein;
Einzelanlage;SEE923918497345;GLOBALFOUNDRIES Dresden Module Two LLC & Co. KG;Gasmotoren-Blockheizkraftwerk I (Generator 4);01468;Moritzburg;Ringstra?e;3;Sachsen;Deutschland;1998;;InBetrieb;Erdgas;ErdgasErdoelgas;Ja;Nein;3,884;3,879;Verbrennungsmotor;TeileinspeisungEigenverbrauch;Mittelspannung;SachsenNetze GmbH (SNB980808485264);Nein;
Einzelanlage;SEE926367113644;EnBW Energie Baden-W?rttemberg AG;Obervermuntwerk II Maschine 1 Turbine;A-6794;Partenen;Silvretta Hochalpenstrasse;;;Oesterreich;2018;;InBetrieb;Pumpspeicher;;Nein;Nein;190;190;Pumpspeicher;Volleinspeisung;Hoechstspannung;TransnetBW GmbH (SNB984944755380);Nein;
Einzelanlage;SEE927419839802;Energie- und Wasserversorgung Bonn/Rhein-Sieg GmbH;Heizkraftwerk Bonn-Nord, Gasturbine 2 der GuD-Anlage;53115;Bonn;Karlstr.;2;NordrheinWestfalen;Deutschland;2024;;InBetrieb;Erdgas;ErdgasErdoelgas;Ja;Nein;39,291;39,186;GasturbinenmitnachgeschalteterDampfturbine;TeileinspeisungEigenverbrauch;Hochspannung;Westnetz GmbH (SNB921897286493);Ja;39,186
Einzelanlage;SEE927542617698;RWE Generation SE;bnBm GasKW BIB GT5;68647;Biblis;Bei den M?nch?ckern;50;Hessen;Deutschland;2023;;besonderes netztechnisches Betriebsmittel;Erdgas;ErdgasErdoelgas;Nein;Nein;34,8;34,4;GasturbinenohneAbhitzekessel;Volleinspeisung;Hoechstspannung;Amprion GmbH (SNB976890256486);Nein;
Einzelanlage;SEE949500107867;Uniper Kraftwerke GmbH;M?hltal F3;82064;Stra?lach-Dingharting;M?hlthal;7;Bayern;Deutschland;1924;;InBetrieb;Wasser;;Nein;Ja;3,73;3,73;Laufwasseranlage;Volleinspeisung;Mittelspannung;Bayernwerk Netz GmbH (SNB940352624434);Nein;
Einzelanlage;SEE951620659119;RWE Generation SE;Emsland B GT2;49808;Lingen;Sch?ttorfer Stra?e;100;Niedersachsen;Deutschland;2011;;InBetrieb;Erdgas;ErdgasErdoelgas;Ja;Nein;60;58;GasturbinenmitnachgeschalteterDampfturbine;Volleinspeisung;Hochspannung;Westnetz GmbH (SNB921897286493);Nein;
Einzelanlage;SEE923421872301;BASF SE;GuD S?d GT2;67063;Ludwigshafen;Carl-Bosch-Stra?e;38;RheinlandPfalz;Deutschland;1997;;InBetrieb;Erdgas;ErdgasErdoelgas;Ja;Nein;167,5;165,5;GasturbinenmitnachgeschalteterDampfturbine;TeileinspeisungEigenverbrauch;Hoechstspannung;Amprion GmbH (SNB976890256486);Nein;
Einzelanlage;SEE923527691592;Lausitz Energie Kraftwerke AG;Gasturbinenkraftwerk Ahrensfelde GT D;16356;Ahrensfelde;Lindenberger Stra?e;12;Brandenburg;Deutschland;1992;;Kapazit?tsreserve aufgrund von ? 13e EnWG;Erdgas;ErdgasErdoelgas;Nein;Nein;38,34;37,104;GasturbinenmitAbhitzekessel;Volleinspeisung;Hochspannung;50Hertz Transmission GmbH (SNB982046657236);Nein;
Einzelanlage;SEE924373150776;SWE Energie GmbH;GT 2;99087;Erfurt;Stotternheimer Stra?e;40;Thueringen;Deutschland;1999;;InBetrieb;Erdgas;ErdgasErdoelgas;Ja;Nein;23,914;23;GasturbinenmitnachgeschalteterDampfturbine;Volleinspeisung;Hochspannung;SWE Netz GmbH (Erfurt) (SNB950262883869);Nein;
Einzelanlage;SEE924562445072;DREWAG - Stadtwerke Dresden GmbH;Gasmotoren-Heizkraftwerk Dresden-Reick - Aggregat V;01277;Dresden;Liebst?dter Stra?e;1;Sachsen;Deutschland;2022;;InBetrieb;Erdgas;ErdgasErdoelgas;Ja;Nein;11,76;11,5;Verbrennungsmotor;Volleinspeisung;Mittelspannung;SachsenNetze GmbH (SNB980808485264);Nein;
Einzelanlage;SEE925631744058;Papierfabrik Adolf Jass GmbH & Co. KG;G20;36039;Fulda;Hermann-Muth-Stra?e;6;Hessen;Deutschland;1982;;InBetrieb;Erdgas;ErdgasErdoelgas;Ja;Nein;8;7,482;GegendruckmaschineohneEntnahme;TeileinspeisungEigenverbrauch;UmspannungZurMittelspannung;OsthessenNetz GmbH (SNB934071779865);Nein;
Einzelanlage;SEE929797382345;Lausitz Energie Kraftwerke AG;Gasturbinenkraftwerk Ahrensfelde GT B;16356;Ahrensfelde;Lindenberger Stra?e;12;Brandenburg;Deutschland;1990;;Kapazit?tsreserve aufgrund von ? 13e EnWG;Erdgas;ErdgasErdoelgas;Nein;Nein;38,24;37,104;GasturbinenmitAbhitzekessel;Volleinspeisung;Hochspannung;50Hertz Transmission GmbH (SNB982046657236);Nein;
Einzelanlage;SEE931050475398;RheinEnergie AG;GuD Niehl 3 RheinEnergie;50735;K?ln;Am Molenkopf;3;NordrheinWestfalen;Deutschland;2016;;InBetrieb;Erdgas;ErdgasErdoelgas;Ja;Nein;459,9;452,9;GasturbinenmitnachgeschalteterDampfturbine;Volleinspeisung;Hochspannung, Hochspannung;RheinNetz GmbH (SNB924477581384);Nein;
Einzelanlage;SEE932569905017;Stadtwerke Kiel AG;K?stenkraftwerk K.I.E.L Motor 17;24149;Kiel;Hasselfelde;30;SchleswigHolstein;Deutschland;2018;;InBetrieb;Erdgas;ErdgasErdoelgas;Ja;Nein;9,571;9,456;Verbrennungsmotor;Volleinspeisung;Hochspannung;SWKiel Netz GmbH (SNB973742186519);Nein;
Einzelanlage;SEE937830141170;Volkswagen Sachsen GmbH;BHKW-G66-KWK-klein;08058;Zwickau;Glauchauer Stra?e;40;Sachsen;Deutschland;2017;;InBetrieb;Erdgas;ErdgasErdoelgas;Ja;Nein;3,8;3,736;Verbrennungsmotor;TeileinspeisungEigenverbrauch;UmspannungZurMittelspannung;Mitteldeutsche Netzgesellschaft Strom mbH (SNB916269213931);Nein;
Einzelanlage;SEE904604163027;RWE Generation SE;Karnap B;45329;Essen;Arenbergstr.;45;NordrheinWestfalen;Deutschland;1987;;InBetrieb;Abfall;AbfallHausmuellSiedlungsabfaelle;Ja;Nein;48;38;KondensationsmaschinemitEntnahme;TeileinspeisungEigenverbrauch;Hochspannung;Westnetz GmbH (SNB921897286493);Nein;
Einzelanlage;SEE905035807238;Uniper Kraftwerke GmbH;Kirchm?ser GT 1;14774;Brandenburg;Bahntechnikerring;17;Brandenburg;Deutschland;1994;;InBetrieb;Erdgas;ErdgasErdoelgas;Nein;Nein;63;60;GasturbinenmitnachgeschalteterDampfturbine;Volleinspeisung;Hochspannung;DB Energie GmbH (Bahnstromnetz 16,7 Hz) (SNB942182027607);Nein;
Einzelanlage;SEE907597880766;Statkraft Markets GmbH;Kraftwerk Emden Dampfturbine;26725;Emden;Zum Kraftwerk;;Niedersachsen;Deutschland;1973;;vorl?ufig Stillgelegt;Erdgas;ErdgasErdoelgas;Nein;Nein;450;433;GasturbinenmitnachgeschalteterDampfturbine;Volleinspeisung;Hoechstspannung;TenneT TSO GmbH (SNB970033313272);Nein;
Einzelanlage;SEE909466066615;eins energie in sachsen GmbH & Co. KG;Motor-Heizkraftwerk Chemnitz-Nord. Motor 3;09114;Chemnitz;Blankenburgstra?e;2;Sachsen;Deutschland;2023;;InBetrieb;Erdgas;ErdgasErdoelgas;Ja;Nein;12,65;12,538;Verbrennungsmotor;TeileinspeisungEigenverbrauch;Hochspannung;inetz GmbH (SNB916663914472);Nein;
Einzelanlage;SEE911219414864;Vattenfall Wasserkraft GmbH;PSW Markersbach PSS E;08352;Raschau-Markersbach;Oberbeckenstra?e;8;Sachsen;Deutschland;1981;;InBetrieb;Pumpspeicher;;Nein;Nein;175;174,2;Pumpspeicher;Volleinspeisung;Hoechstspannung;50Hertz Transmission GmbH (SNB982046657236);Nein;
Einzelanlage;SEE914224312040;GLOBALFOUNDRIES Dresden Module Two LLC & Co. KG;Gasmotoren-Blockheizkraftwerk I (Generator 1);01468;Moritzburg;Ringstra?e;3;Sachsen;Deutschland;1998;;InBetrieb;Erdgas;ErdgasErdoelgas;Ja;Nein;3,884;3,879;Verbrennungsmotor;TeileinspeisungEigenverbrauch;Mittelspannung;SachsenNetze GmbH (SNB980808485264);Nein;
Einzelanlage;SEE927727929912;MVA Weisweiler GmbH & Co. KG;MVA-Turbine;52249;Eschweiler;Zum Hagelkreuz;22;NordrheinWestfalen;Deutschland;1996;;InBetrieb;Abfall;AbfallHausmuellSiedlungsabfaelle;Nein;Nein;33;27;KondensationsmaschineohneEntnahme;TeileinspeisungEigenverbrauch;Hoechstspannung;Westnetz GmbH (SNB921897286493);Nein;
Einzelanlage;SEE932482220433;AZV S?dholstein;BHKW 1;25491;Hetlingen;Am Heuhafen;2;SchleswigHolstein;Deutschland;2012;;InBetrieb;Biomasse;;Ja;Ja;1,85;1,027;Verbrennungsmotor;TeileinspeisungEigenverbrauch;Mittelspannung;Schleswig-Holstein Netz GmbH (SNB990857029876);Nein;
Einzelanlage;SEE932621971301;Papierfabrik Adolf Jass GmbH & Co. KG;GT2;36039;Fulda;Hermann-Muth-Stra?e;6;Hessen;Deutschland;2012;;InBetrieb;Erdgas;ErdgasErdoelgas;Ja;Nein;7,2;7,15;GasturbinenmitAbhitzekessel;TeileinspeisungEigenverbrauch;UmspannungZurMittelspannung;OsthessenNetz GmbH (SNB934071779865);Nein;
Einzelanlage;SEE934669010578;envia THERM GmbH;Bitterfeld GuD;06749;Bitterfeld-Wolfen;Parsevalstra?e;3 B;SachsenAnhalt;Deutschland;2000;;InBetrieb;Erdgas;ErdgasErdoelgas;Ja;Nein;110;108;GasturbinenmitnachgeschalteterDampfturbine;Volleinspeisung;Hochspannung;Mitteldeutsche Netzgesellschaft Strom mbH (SNB916269213931);Nein;
Einzelanlage;SEE901911520000;EnBW Energie Baden-W?rttemberg AG;illwerke vkw Obervermuntwerk I M1;A-6794;Partenen;Silvretta Hochalpenstrasse;;;Oesterreich;1943;;InBetrieb;Wasser;;Nein;Ja;18;18;Speicherwasseranlage;Volleinspeisung;Hoechstspannung;TransnetBW GmbH (SNB984944755380);Nein;
Einzelanlage;SEE908672656115;RWE Generation SE;Gersteinwerk G DT (G2);59368;Werne;Hammer Stra?e;2;NordrheinWestfalen;Deutschland;1973;;Kapazit?tsreserve aufgrund von ? 13e EnWG;Erdgas;ErdgasErdoelgas;Nein;Nein;355;355;KondensationsmaschinemitEntnahme;TeileinspeisungEigenverbrauch;Hoechstspannung;Amprion GmbH (SNB976890256486);Nein;
Einzelanlage;SEE910877433255;ExxonMobil Production Deutschland GmbH;Expansionsturbinen S2;26197;Gro?enkneten;vor dem esch;12;Niedersachsen;Deutschland;1992;;InBetrieb;Sonstige Energietraeger (nicht erneuerbar);;Nein;Nein;1,3;1,2;Sonstige;TeileinspeisungEigenverbrauch;Mittelspannung;EWE NETZ GmbH (SNB951051725711);Nein;
Einzelanlage;SEE918271567637;Rhein-Main-Donau GmbH;Geisling K3;93102;Pfatter;Wiesenweg;100;Bayern;Deutschland;1985;;InBetrieb;Wasser;;Nein;Ja;8,333;8,333;Laufwasseranlage;Volleinspeisung;Hochspannung;Bayernwerk Netz GmbH (SNB940352624434);Nein;
Einzelanlage;SEE919137629452;Infraserv GmbH & Co. H?chst KG;IPH Strom VT1;65929;Frankfurt;Br?ningstra?e;50;Hessen;Deutschland;1982;;InBetrieb;Erdgas;ErdgasErdoelgas;Ja;Nein;18,56;17,38;GegendruckmaschineohneEntnahme;Volleinspeisung;Mittelspannung;Infraserv Netze GmbH (SNB977535807001);Nein;
Einzelanlage;SEE904748267797;ENGIE Deutschland GmbH;SEDE607510037;07549;Gera;Vogtlandstra?e;11;Thueringen;Deutschland;2018;;InBetrieb;Erdgas;ErdgasErdoelgas;Ja;Nein;4,404;4,387;Verbrennungsmotor;Volleinspeisung;Mittelspannung;GeraNetz GmbH (SNB948816192529);Nein;
Einzelanlage;SEE912935247576;TotalEnergies Raffinerie Mitteldeutschland GmbH;Raffineriekraftwerk Leuna MDT;06237;Leuna;Am Haupttor;3691;SachsenAnhalt;Deutschland;1997;;InBetrieb;Mineraloelprodukte;AndereMineraloelprodukte;Ja;Nein;38,3;33,4;GegendruckmaschinemitEntnahme;TeileinspeisungEigenverbrauch;Hochspannung;InfraLeuna GmbH (SNB982722829230);Nein;
Einzelanlage;SEE915645322953;SWE Energie GmbH;GT 1;99087;Erfurt;Stotternheimer Stra?e;40;Thueringen;Deutschland;1999;;InBetrieb;Erdgas;ErdgasErdoelgas;Ja;Nein;23,914;23;GasturbinenmitnachgeschalteterDampfturbine;Volleinspeisung;Hochspannung;SWE Netz GmbH (Erfurt) (SNB950262883869);Nein;
Einzelanlage;SEE919076066929;Uniper Kraftwerke GmbH;Happurg F1;91230;Happurg;Hauptstra?e;26;Bayern;Deutschland;1958;;InBetrieb;Pumpspeicher;;Nein;Nein;40;40;Pumpspeicher;Volleinspeisung;Hochspannung;N-ERGIE Netz GmbH (SNB973875583315);Nein;
Einzelanlage;SEE919544829094;Braunschweiger Versorgungs-AG & Co. KG;HKW Mitte GTHKW;38114;Braunschweig;Reiherstra?e;3;Niedersachsen;Deutschland;2023;;InBetrieb;Erdgas;ErdgasErdoelgas;Ja;Nein;68,41;63,8;GasturbinenmitAbhitzekessel;Volleinspeisung;Hochspannung;Braunschweiger Netz GmbH (SNB926644622999);Nein;
stillgelegte Anlagen;SEE926292106278;Delkeskamp Verpackungswerke GmbH;KWK-Anlage Gasturbine 2;49638;Nortrup;Hauptstra?e;15;Niedersachsen;Deutschland;1997;2022;endg?ltig stillgelegt ohne ? 13b EnWG oder KVBG;Erdgas;ErdgasErdoelgas;Ja;Nein;4,48;4,346;GasturbinenmitAbhitzekessel;TeileinspeisungEigenverbrauch;UmspannungZurMittelspannung;Westnetz GmbH (SNB921897286493);Nein;
stillgelegte Anlagen;SEE927622980674;Pfeifer & Langen GmbH & Co. KG;Euskirchen Generator 1;53879;Euskirchen;Bonner Stra?e;2;NordrheinWestfalen;Deutschland;1979;2024;endg?ltig stillgelegt nach KVBG;Braunkohle;Braunkohlenbriketts;Ja;Nein;7,2;7,2;GegendruckmaschineohneEntnahme;TeileinspeisungEigenverbrauch;Mittelspannung;Westnetz GmbH (SNB921897286493);Nein;
Einzelanlage;SEE927738616955;Vattenfall Wasserkraft GmbH;PSW Bleiloch PSS A;07907;Schleiz;An der Sperrmauer;;Thueringen;Deutschland;1932;;InBetrieb;Pumpspeicher;;Nein;Nein;40;39,9;Pumpspeicher;Volleinspeisung;Hochspannung;TEN Th?ringer Energienetze GmbH & Co. KG (SNB970821959712);Nein;
Einzelanlage;SEE900252837358;Baden Board GmbH;Gasturbine;76593;Gernsbach;Fabrikstra?e;1;BadenWuerttemberg;Deutschland;2000;;vorl?ufig Stillgelegt;Erdgas;ErdgasErdoelgas;Ja;Nein;4,5;4,35;GasturbinenmitAbhitzekessel;None;Niederspannung;Netze BW GmbH (SNB948311994307);Nein;
Einzelanlage;SEE906392287978;swb Erzeugung AG & Co. KG;BHKW Hastedt Motor 02;28207;Bremen;Hastedter Osterdeich;255;Bremen;Deutschland;2022;;InBetrieb;Erdgas;ErdgasErdoelgas;Ja;Nein;11,8096;11,6794;Verbrennungsmotor;Volleinspeisung;Hochspannung;wesernetz Bremen GmbH (SNB942238573102);Nein;
Einzelanlage;SEE910324388312;Batteriespeicher Chemnitz GmbH & Co. KG;Batteriespeicher Chemnitz GmbH & Co. KG;09114;Chemnitz;Dammweg;15;Sachsen;Deutschland;2017;;InBetrieb;Batteriespeicher;;Nein;Nein;15,8;15,8;Batterie;Volleinspeisung;UmspannungZurMittelspannung;inetz GmbH (SNB916663914472);Nein;
Einzelanlage;SEE910929866741;swb Erzeugung AG & Co. KG;BHKW Hastedt Motor 03;28207;Bremen;Hastedter Osterdeich;255;Bremen;Deutschland;2022;;InBetrieb;Erdgas;ErdgasErdoelgas;Ja;Nein;11,8096;11,6794;Verbrennungsmotor;TeileinspeisungEigenverbrauch;Hochspannung;wesernetz Bremen GmbH (SNB942238573102);Nein;
Einzelanlage;SEE929022761297;RWE Generation SE;Emsland D GT2;49808;Lingen;Sch?ttorfer Stra?e;100;Niedersachsen;Deutschland;2010;;InBetrieb;Erdgas;ErdgasErdoelgas;Ja;Nein;297,93;293,5;GasturbinenmitnachgeschalteterDampfturbine;Volleinspeisung;Hoechstspannung;Amprion GmbH (SNB976890256486);Nein;
Einzelanlage;SEE931001040675;Kraftwerk Plattling GmbH;KW Plattling DT;94447;Plattling;Gottlieb-Daimler-Stra?e;7;Bayern;Deutschland;2010;;Netzreserve aufgrund ? 13b EnWG;Erdgas;ErdgasErdoelgas;Ja;Nein;39,078;39,078;GasturbinenmitnachgeschalteterDampfturbine;Volleinspeisung;UmspannungZurHochspannung;Bayernwerk Netz GmbH (SNB940352624434);Nein;
Einzelanlage;SEE941875842596;Salzgitter Flachstahl GmbH;Ma 1;38239;Salzgitter;Eisenh?ttenstra?e;99;Niedersachsen;Deutschland;1941;;InBetrieb;Sonstige Energietraeger (nicht erneuerbar);HochofengasKonvertergas;Nein;Nein;40;35;KondensationsmaschineohneEntnahme;TeileinspeisungEigenverbrauch;Hoechstspannung;TenneT TSO GmbH (SNB970033313272);Nein;
Einzelanlage;SEE956207547964;J?ckering M?hlen- und N?hrmittelwerke GmbH;BHKW Hafen - Modul 3;59067;Hamm;Speicherstra?e;15;NordrheinWestfalen;Deutschland;2013;;InBetrieb;Erdgas;ErdgasErdoelgas;Ja;Nein;2,19;2,173;Verbrennungsmotor;TeileinspeisungEigenverbrauch;Mittelspannung;Energie- und Wasserversorgung Hamm GmbH (SNB912743424114);Nein;
Einzelanlage;SEE957952105034;MEGGLE GmbH & Co. KG;Heizkraftwerk Meggle;83512;Reitmehring;Megglestra?e;6;Bayern;Deutschland;2016;;InBetrieb;Erdgas;ErdgasErdoelgas;Ja;Nein;13,6;13,6;GasturbinenmitnachgeschalteterDampfturbine;TeileinspeisungEigenverbrauch;Mittelspannung;Bayernwerk Netz GmbH (SNB940352624434);Nein;
Einzelanlage;SEE959715874706;Uniper Kraftwerke GmbH;Niederaichbach K1;84051;Essenbach;Dammstra?e;26 ;Bayern;Deutschland;1951;;InBetrieb;Wasser;;Nein;Ja;5,4;5,4;Laufwasseranlage;Volleinspeisung;Mittelspannung;Bayernwerk Netz GmbH (SNB940352624434);Nein;
Einzelanlage;SEE962712912357;RWE Generation SE;Vianden M3;9463;Stolzembourg;Rue de l'Energie;2;;Luxemburg;1963;;InBetrieb;Pumpspeicher;;Nein;Nein;100;100;Pumpspeicher;TeileinspeisungEigenverbrauch;Hoechstspannung;Amprion GmbH (SNB976890256486);Ja;100
Einzelanlage;SEE965444118547;Crespel & Deiters GmbH & Co. KG;GTS3;49479;Ibbenb?ren;Groner Allee;76;NordrheinWestfalen;Deutschland;2009;;InBetrieb;Erdgas;ErdgasErdoelgas;Ja;Nein;5,4;5,319;GasturbinenmitAbhitzekessel;TeileinspeisungEigenverbrauch;Mittelspannung;SWTE Netz GmbH & Co. KG (SNB950006175489);Nein;
Einzelanlage;SEE967448123107;J?ckering M?hlen- und N?hrmittelwerke GmbH;BHKW Hafen - Modul 2;59067;Hamm;Speicherstra?e;15;NordrheinWestfalen;Deutschland;2013;;InBetrieb;Erdgas;ErdgasErdoelgas;Ja;Nein;2,19;2,173;Verbrennungsmotor;TeileinspeisungEigenverbrauch;Mittelspannung;Energie- und Wasserversorgung Hamm GmbH (SNB912743424114);Nein;
Einzelanlage;SEE973234062512;Schluchseewerk AG;KW Waldshut MS A5;79761;Waldshut-Tiengen;Kraftwerkstra?e;13;BadenWuerttemberg;Deutschland;1951;;InBetrieb;Pumpspeicher;;Nein;Nein;44;44;Pumpspeicher;None;Hochspannung;Amprion GmbH (SNB976890256486);Nein;
Einzelanlage;SEE917568874298;Sachsenmilch Leppersdorf GmbH;7710MKA10-DT;01454;Wachau;An den Breiten;;Sachsen;Deutschland;2014;;InBetrieb;Waerme;Dampf;Ja;Nein;6,44;5,874;GegendruckmaschinemitEntnahme;TeileinspeisungEigenverbrauch;UmspannungZurMittelspannung;SachsenNetze HS.HD GmbH (SNB968914838013);Nein;
Einzelanlage;SEE900310540558;Solarpark Beilrode GmbH & Co. KG;Speicher Beilrode I - Teilanlage 6;04886;Beilrode;;;Sachsen;Deutschland;2025;;InBetrieb;Batteriespeicher;;Nein;Nein;6,16;6,16;Batterie;Volleinspeisung;Hochspannung;Mitteldeutsche Netzgesellschaft Strom mbH (SNB916269213931);Nein;
Einzelanlage;SEE903406002589;GLOBALFOUNDRIES Dresden Module Two LLC & Co. KG;Gasmotoren-Blockheizkraftwerk I (Generator 5);01468;Moritzburg;Ringstra?e;3;Sachsen;Deutschland;1998;;InBetrieb;Erdgas;ErdgasErdoelgas;Ja;Nein;3,884;3,879;Verbrennungsmotor;TeileinspeisungEigenverbrauch;Mittelspannung;SachsenNetze GmbH (SNB980808485264);Nein;
Einzelanlage;SEE910080930862;GLOBALFOUNDRIES Dresden Module One LLC & Co. KG;Gasmotoren-Blockheizkraftwerk II (Generator 4);01468;Moritzburg;Ringstra?e;3;Sachsen;Deutschland;2004;;InBetrieb;Erdgas;ErdgasErdoelgas;Ja;Nein;3,832;3,772;Verbrennungsmotor;TeileinspeisungEigenverbrauch;Mittelspannung;SachsenNetze GmbH (SNB980808485264);Nein;
stillgelegte Anlagen;SEE911283118750;Industriekraftwerk Greifswald GmbH;Industriekraftwerk Greifswald GmbH;17509;Lubmin;Am Hafen;2;MecklenburgVorpommern;Deutschland;2013;2025;endg?ltig stillgelegt ohne ? 13b EnWG oder KVBG;Erdgas;ErdgasErdoelgas;Ja;Nein;39;38,2;GasturbinenmitAbhitzekessel;Volleinspeisung;Hochspannung;E.DIS Netz GmbH (SNB941690671609);Nein;
Einzelanlage;SEE911764038249;Uniper Kraftwerke GmbH;Franken DT1;90449;N?rnberg;Felsenstra?e;14;Bayern;Deutschland;1973;;InBetrieb;Erdgas;ErdgasErdoelgas;Ja;Nein;395;383;KondensationsmaschinemitEntnahme;Volleinspeisung;Hochspannung;Bayernwerk Netz GmbH (SNB940352624434);Nein;
Einzelanlage;SEE912980761904;RWE Generation SE;bnBm GasKW BIB GT7;68647;Biblis;Bei den M?nch?ckern;50;Hessen;Deutschland;2023;;besonderes netztechnisches Betriebsmittel;Erdgas;ErdgasErdoelgas;Nein;Nein;34,8;34,4;GasturbinenohneAbhitzekessel;Volleinspeisung;Hoechstspannung;Amprion GmbH (SNB976890256486);Nein;
Einzelanlage;SEE906257837416;PCK Raffinerie GmbH;5MKA;16303;Schwedt;Passower Chaussee;111;Brandenburg;Deutschland;1972;;InBetrieb;Mineraloelprodukte;AndereMineraloelprodukte;Ja;Nein;30;28;GegendruckmaschinemitEntnahme;TeileinspeisungEigenverbrauch;Hochspannung;E.DIS Netz GmbH (SNB941690671609);Nein;
Einzelanlage;SEE906462907775;K+S Minerals and Agriculture GmbH;Kraftwerk HA GT2;36269;Philippsthal;Hattorfer Stra?e;1;Hessen;Deutschland;2017;;InBetrieb;Erdgas;ErdgasErdoelgas;Ja;Nein;5,765;5,67;GasturbinenmitAbhitzekessel;TeileinspeisungEigenverbrauch;Hochspannung;Avacon Netz GmbH (SNB990362338043);Nein;
Einzelanlage;SEE909297051026;BP Europa SE;GT2;49808;Lingen;Raffineriestra?e;1;Niedersachsen;Deutschland;1996;;InBetrieb;Erdgas;ErdgasErdoelgas;Ja;Nein;24,88;22,7;GasturbinenmitAbhitzekessel;TeileinspeisungEigenverbrauch;Hochspannung;Westnetz GmbH (SNB921897286493);Nein;
Einzelanlage;SEE910950875330;RWE Generation SE;bnBm GasKW BIB GT1;68647;Biblis;Bei den M?nch?ckern;50;Hessen;Deutschland;2023;;besonderes netztechnisches Betriebsmittel;Erdgas;ErdgasErdoelgas;Nein;Nein;34,8;34,4;GasturbinenohneAbhitzekessel;Volleinspeisung;Hoechstspannung;Amprion GmbH (SNB976890256486);Nein;
Einzelanlage;SEE932792338347;EnBW Energie Baden-W?rttemberg AG;illwerke vkw Rodundwerk I M1;A-6773;Vandans;Anton-Ammann-Stra?e;19;;Oesterreich;1943;;InBetrieb;Wasser;;Nein;Ja;50;50;Speicherwasseranlage;Volleinspeisung;Hoechstspannung;TransnetBW GmbH (SNB984944755380);Nein;
Einzelanlage;SEE932928232242;enercity AG;GKH 2;30419;Hannover;Stelinger Stra?e;19;Niedersachsen;Deutschland;1989;;InBetrieb;Steinkohle;Steinkohlen;Ja;Nein;150;136;GegendruckmaschinemitEntnahme;TeileinspeisungEigenverbrauch;Hochspannung;enercity Netz GmbH (SNB971746988153);Nein;
Einzelanlage;SEE937791832391;Stadtwerke Kiel AG;K?stenkraftwerk K.I.E.L Motor 16;24149;Kiel;Hasselfelde;30;SchleswigHolstein;Deutschland;2018;;InBetrieb;Erdgas;ErdgasErdoelgas;Ja;Nein;9,571;9,456;Verbrennungsmotor;Volleinspeisung;Hochspannung;SWKiel Netz GmbH (SNB973742186519);Nein;
Einzelanlage;SEE939823727910;Stadtwerke Kiel AG;K?stenkraftwerk K.I.E.L Motor 3;24149;Kiel;Hasselfelde;30;SchleswigHolstein;Deutschland;2018;;InBetrieb;Erdgas;ErdgasErdoelgas;Ja;Nein;9,571;9,456;Verbrennungsmotor;Volleinspeisung;Hochspannung;SWKiel Netz GmbH (SNB973742186519);Nein;
Einzelanlage;SEE939899660715;DREWAG - Stadtwerke Dresden GmbH;Gasmotoren-Heizkraftwerk Dresden-Reick - Aggregat VII;01277;Dresden;Liebst?dter Stra?e;1;Sachsen;Deutschland;2022;;InBetrieb;Erdgas;ErdgasErdoelgas;Ja;Nein;11,76;11,5;Verbrennungsmotor;Volleinspeisung;Mittelspannung;SachsenNetze GmbH (SNB980808485264);Nein;
Einzelanlage;SEE940475173918;Stadtwerke Kiel AG;K?stenkraftwerk K.I.E.L Motor 5;24149;Kiel;Hasselfelde;30;SchleswigHolstein;Deutschland;2018;;InBetrieb;Erdgas;ErdgasErdoelgas;Ja;Nein;9,571;9,456;Verbrennungsmotor;Volleinspeisung;Hochspannung;SWKiel Netz GmbH (SNB973742186519);Nein;
Einzelanlage;SEE943132425573;AZV S?dholstein;BHKW 2;25491;Hetlingen;Am Heuhafen;2;SchleswigHolstein;Deutschland;2012;;InBetrieb;Biomasse;;Ja;Ja;1,85;1,027;Verbrennungsmotor;TeileinspeisungEigenverbrauch;Mittelspannung;Schleswig-Holstein Netz GmbH (SNB990857029876);Nein;
Einzelanlage;SEE943181515102;LEW Wasserkraft;Meitingen M1;86405;Meitingen;Bernhard-Monath-Stra?e;46;Bayern;Deutschland;1922;;InBetrieb;Wasser;;Nein;Ja;4,21;4,2;Laufwasseranlage;Volleinspeisung;Mittelspannung;LEW Verteilnetz GmbH (SNB911705062982);Nein;
Einzelanlage;SEE905054165586;GLOBALFOUNDRIES Dresden Module One LLC & Co. KG;Gasmotoren-Blockheizkraftwerk II (Generator 7);01468;Moritzburg;Ringstra?e;3;Sachsen;Deutschland;2004;;InBetrieb;Erdgas;ErdgasErdoelgas;Ja;Nein;3,832;3,772;Verbrennungsmotor;TeileinspeisungEigenverbrauch;Mittelspannung;SachsenNetze GmbH (SNB980808485264);Nein;
Einzelanlage;SEE912978354040;GLOBALFOUNDRIES Dresden Module One LLC & Co. KG;Gasmotoren-Blockheizkraftwerk II (Generator 6);01468;Moritzburg;Ringstra?e;3;Sachsen;Deutschland;2004;;InBetrieb;Erdgas;ErdgasErdoelgas;Ja;Nein;3,832;3,772;Verbrennungsmotor;TeileinspeisungEigenverbrauch;Mittelspannung;SachsenNetze GmbH (SNB980808485264);Nein;
Einzelanlage;SEE913072031325;Solarpark Beilrode GmbH & Co. KG;Beilrode II - BESS - CoLocation;04886;Beilrode;Am Dorfe;901;Sachsen;Deutschland;2026;;InBetrieb;Batteriespeicher;;Nein;Nein;44,72;44,72;Batterie;Volleinspeisung;Hochspannung;Mitteldeutsche Netzgesellschaft Strom mbH (SNB916269213931);Nein;
Einzelanlage;SEE913280112274;K+S Minerals and Agriculture GmbH;Kraftwerk HA DT4;36269;Philippsthal;Hattorfer Stra?e;1;Hessen;Deutschland;1962;;InBetrieb;Waerme;Dampf;Ja;Nein;21;21;GegendruckmaschinemitEntnahme;TeileinspeisungEigenverbrauch;Hochspannung;Avacon Netz GmbH (SNB990362338043);Nein;
Einzelanlage;SEE913483427694;Solarpark Beilrode GmbH & Co. KG;Speicher Beilrode II - Teilanlage 1;04886;Beilrode;Am Dorfe;901;Sachsen;Deutschland;2025;;InBetrieb;Batteriespeicher;;Nein;Nein;10,4;10,4;Batterie;Volleinspeisung;Hochspannung;Mitteldeutsche Netzgesellschaft Strom mbH (SNB916269213931);Nein;
Einzelanlage;SEE923793340132;DREWAG - Stadtwerke Dresden GmbH;Gasmotoren-Heizkraftwerk Dresden-Reick - Aggregat VIII;01277;Dresden;Liebst?dter Stra?e;1;Sachsen;Deutschland;2022;;InBetrieb;Erdgas;ErdgasErdoelgas;Ja;Nein;11,76;11,5;Verbrennungsmotor;Volleinspeisung;Mittelspannung;SachsenNetze GmbH (SNB980808485264);Nein;
Einzelanlage;SEE925543621515;ECO POWER ONE GmbH;ECO POWER ONE AB;24855;Bollingstedt;;;SchleswigHolstein;Deutschland;2025;;InBetrieb;Batteriespeicher;;Nein;Nein;51,75;51,75;Batterie;TeileinspeisungEigenverbrauch;Hochspannung;Schleswig-Holstein Netz GmbH (SNB990857029876);Nein;
Einzelanlage;SEE916689752430;BASF SE;N822 GE2;67063;Ludwigshafen;Carl-Bosch-Stra?e;38;RheinlandPfalz;Deutschland;1991;;InBetrieb;Waerme;Dampf;Ja;Nein;2,7;2,65;GegendruckmaschineohneEntnahme;TeileinspeisungEigenverbrauch;Hoechstspannung;Amprion GmbH (SNB976890256486);Nein;
Einzelanlage;SEE917379392493;EnBW Energie Baden-W?rttemberg AG;illwerke vkw L?nerseewerk M2;A-6774;Tschagguns;Latschaustrasse;;;Oesterreich;1957;;InBetrieb;Pumpspeicher;;Nein;Nein;56;56;Pumpspeicher;Volleinspeisung;Hoechstspannung;TransnetBW GmbH (SNB984944755380);Nein;
Einzelanlage;SEE919366422664;Essity Operations Mannheim GmbH;DTS 3;68305;Mannheim;Sandhofer Stra?e;176;BadenWuerttemberg;Deutschland;2012;;InBetrieb;Erdgas;ErdgasErdoelgas;Ja;Nein;17,04;17,009;GegendruckmaschinemitEntnahme;TeileinspeisungEigenverbrauch;Hochspannung;MVV Netze GmbH (SNB985472799266);Nein;
Einzelanlage;SEE920494524915;BASF SE;GuD Mitte GT11;67063;Ludwigshafen;Carl-Bosch-Stra?e;38;RheinlandPfalz;Deutschland;2005;;InBetrieb;Erdgas;ErdgasErdoelgas;Ja;Nein;206;204;GasturbinenmitnachgeschalteterDampfturbine;TeileinspeisungEigenverbrauch;Hoechstspannung;Amprion GmbH (SNB976890256486);Nein;
Einzelanlage;SEE922158261037;ECO POWER ONE GmbH;ECO POWER ONE CD;24855;Bollingstedt;;;SchleswigHolstein;Deutschland;2025;;InBetrieb;Batteriespeicher;;Nein;Nein;51,75;51,75;Batterie;TeileinspeisungEigenverbrauch;Hochspannung;Schleswig-Holstein Netz GmbH (SNB990857029876);Nein;
Einzelanlage;SEE923624580645;RWE Generation Hydro GmbH;Wintrich Maschine 3;54487;Wintrich;Am Stauwehr;6;RheinlandPfalz;Deutschland;1965;;InBetrieb;Wasser;;Nein;Ja;5;5;Laufwasseranlage;Volleinspeisung;Mittelspannung;Westnetz GmbH (SNB921897286493);Nein;
Einzelanlage;SEE926582462244;WUN Pellets GmbH;WUN Pellets - BHKW-Modul III;95632;Wunsiedel;Am Energiepark;3;Bayern;Deutschland;2018;;InBetrieb;Erdgas;ErdgasErdoelgas;Ja;Nein;4,5;4,41;Verbrennungsmotor;TeileinspeisungEigenverbrauch;Mittelspannung;SWW Wunsiedel GmbH (SNB967812386411);Nein;
Einzelanlage;SEE907834312319;Stadtwerke M?nchen GmbH;SWM Uppenborn 2 Gen1;84184;Tiefenbach;Schlo?berg;1;Bayern;Deutschland;1951;;InBetrieb;Wasser;;Nein;Ja;6;6;Laufwasseranlage;TeileinspeisungEigenverbrauch;Hochspannung;SWM Infrastruktur GmbH & Co. KG (SNB969473762610);Nein;
Einzelanlage;SEE909482931270;EnBW Energie Baden-W?rttemberg AG;Faimingen M2;89415;Lauingen;R?merstra?e;1;Bayern;Deutschland;1965;;InBetrieb;Wasser;;Nein;Ja;5,05;5,045;Laufwasseranlage;TeileinspeisungEigenverbrauch;Hochspannung;Netze BW GmbH (SNB948311994307);Nein;
Einzelanlage;SEE916877868585;thyssenkrupp Steel Europe AG;Hamborn 4;47166;Duisburg;Kaiser-Wilhelm-Str.;100;NordrheinWestfalen;Deutschland;1976;;InBetrieb;Sonstige Energietraeger (nicht erneuerbar);HochofengasKonvertergas;Ja;Nein;108;101,3;KondensationsmaschinemitEntnahme;TeileinspeisungEigenverbrauch;Hochspannung;Amprion GmbH (SNB976890256486);Nein;
Einzelanlage;SEE924172977710;swb Erzeugung AG & Co. KG;Mittelsb?ren GT3;28237;Bremen;Auf den Delben;35;Bremen;Deutschland;1975;;InBetrieb;Mineraloelprodukte;HeizoelLeicht;Nein;Nein;87;86;GasturbinenohneAbhitzekessel;Volleinspeisung;Hochspannung;wesernetz Bremen GmbH (SNB942238573102);Nein;
Einzelanlage;SEE926876352800;Uniper Kraftwerke GmbH;Urspring K(Ro) 3;86983;Lechbruck;Via Claudia;;Bayern;Deutschland;1966;;InBetrieb;Wasser;;Nein;Ja;4;3,366;Laufwasseranlage;Volleinspeisung;Hochspannung;LEW Verteilnetz GmbH (SNB911705062982);Nein;
Einzelanlage;SEE930842265841;CCE Deutschland GmbH;BESS Halle (Saale);06116;Halle;;;SachsenAnhalt;Deutschland;2025;;InBetrieb;Batteriespeicher;;Nein;Nein;11,263;11,263;Batterie;Volleinspeisung;Mittelspannung;Energieversorgung Halle Netz GmbH (SNB982934611074);Nein;
Einzelanlage;SEE933714674710;Gunvor Raffinerie Ingolstadt GmbH;Kraftwerk GRI;85092;K?sching;Essostra?e;1 ;Bayern;Deutschland;1964;;InBetrieb;Erdgas;ErdgasErdoelgas;Nein;Nein;10;10;KondensationsmaschineohneEntnahme;TeileinspeisungEigenverbrauch;Hochspannung;Bayernwerk Netz GmbH (SNB940352624434);Nein;
Einzelanlage;SEE929910590541;EEW Energy from Waste Stapelfeld GmbH;STA - MHKW;22145;Stapelfeld;Ahrensburger Weg;2;SchleswigHolstein;Deutschland;2025;;InBetrieb;Abfall;AbfallHausmuellSiedlungsabfaelle;Ja;Nein;32;27;KondensationsmaschinemitEntnahme;TeileinspeisungEigenverbrauch;UmspannungZurNiederspannung;Schleswig-Holstein Netz GmbH (SNB990857029876);Nein;
Einzelanlage;SEE933935879772;Nordzucker AG Werk Nordstemmen;BHKW Zuckerfabrik NST;31171;Nordstemmen;Calenberger Stra?e;36;Niedersachsen;Deutschland;2005;;InBetrieb;Biomasse;;Ja;Ja;1,6;1,484;Verbrennungsmotor;Volleinspeisung;UmspannungZurNiederspannung;Avacon Netz GmbH (SNB990362338043);Nein;
Einzelanlage;SEE934309192626;Vattenfall Wasserkraft GmbH;PSW Geesthacht PSS A;21502;Geesthacht;Elbuferstra?e;49;SchleswigHolstein;Deutschland;1958;;InBetrieb;Pumpspeicher;;Nein;Nein;40;39,7;Pumpspeicher;Volleinspeisung;Hochspannung;Hamburger Energienetze GmbH (SNB968295079586);Nein;
Einzelanlage;SEE938663790405;Stadtwerke Kempen GmbH;0066 - STW - BHKW - KWK;47906;Kempen;Otto-Schott-Stra?e;4;NordrheinWestfalen;Deutschland;2024;;InBetrieb;Erdgas;ErdgasErdoelgas;Ja;Nein;2,455;2,419;Verbrennungsmotor;Volleinspeisung;Mittelspannung;Stadtwerke Kempen GmbH (SNB943042904373);Nein;
Einzelanlage;SEE941459970745;Uniper Kraftwerke GmbH;Gummering K1;84183;Niederviehbach;Untere Au;80;Bayern;Deutschland;1957;;InBetrieb;Wasser;;Nein;Ja;5,5;5,5;Laufwasseranlage;Volleinspeisung;Mittelspannung;Bayernwerk Netz GmbH (SNB940352624434);Nein;
Einzelanlage;SEE945436960576;Papierfabrik Adolf Jass GmbH & Co. KG;GT1;36039;Fulda;Hermann-Muth-Stra?e;6;Hessen;Deutschland;2012;;InBetrieb;Erdgas;ErdgasErdoelgas;Ja;Nein;7,2;7,15;GasturbinenmitAbhitzekessel;TeileinspeisungEigenverbrauch;UmspannungZurMittelspannung;OsthessenNetz GmbH (SNB934071779865);Nein;
Einzelanlage;SEE948263410344;Uniper Kraftwerke GmbH;Schwabstadl K(Ro)2;86937;Scheuring;Zollhaus;;Bayern;Deutschland;1981;;InBetrieb;Wasser;;Nein;Ja;4,3;4;Laufwasseranlage;Volleinspeisung;Hochspannung;LEW Verteilnetz GmbH (SNB911705062982);Nein;
Einzelanlage;SEE948545926433;ENGIE Deutschland GmbH;SEDE607510036;07546;Gera;Siemensstra?e;43;Thueringen;Deutschland;2018;;InBetrieb;Erdgas;ErdgasErdoelgas;Ja;Nein;4,5;4,472;Verbrennungsmotor;Volleinspeisung;Mittelspannung;GeraNetz GmbH (SNB948816192529);Nein;
Einzelanlage;SEE953574430066;Stadtwerke Kiel AG;K?stenkraftwerk K.I.E.L Motor 12;24149;Kiel;Hasselfelde;30;SchleswigHolstein;Deutschland;2018;;InBetrieb;Erdgas;ErdgasErdoelgas;Ja;Nein;9,571;9,456;Verbrennungsmotor;Volleinspeisung;Hochspannung;SWKiel Netz GmbH (SNB973742186519);Nein;
Einzelanlage;SEE919395394109;BMW AG;Leipzig KWK 2;04349;Leipzig;BMW-Allee;1 ;Sachsen;Deutschland;2016;;InBetrieb;Erdgas;ErdgasErdoelgas;Ja;Nein;3,36;3,36;Verbrennungsmotor;TeileinspeisungEigenverbrauch;Mittelspannung;Mitteldeutsche Netzgesellschaft Strom mbH (SNB916269213931);Nein;
Einzelanlage;SEE921068308450;Obton Tangerm?nde GmbH & Co. KG;Speicher Tangerm?nde;39590;Tangerm?nde;Langensalzwedeler Weg;9;SachsenAnhalt;Deutschland;2024;;InBetrieb;Batteriespeicher;;Nein;Nein;15,8;15,8;Batterie;Volleinspeisung;Mittelspannung;Avacon Netz GmbH (SNB990362338043);Nein;
Einzelanlage;SEE925011950635;Zweckverband M?llverwertungsanlage Ingolstadt;Turbine VE 40 ZV MVA IN;85055;Ingolstadt;Am Mailinger Bach;141;Bayern;Deutschland;1996;;InBetrieb;Abfall;AbfallHausmuellSiedlungsabfaelle;Ja;Nein;22,8;18,24;KondensationsmaschinemitEntnahme;TeileinspeisungEigenverbrauch;Niederspannung;Stadtwerke Ingolstadt Netze GmbH (SNB911347846643);Nein;
stillgelegte Anlagen;SEE925076352665;Peissenberger Kraftwerksgesellschaft;GT 2;83734;Hausham;Brentenstra?e;3;Bayern;Deutschland;1982;2024;endg?ltig stillgelegt nach ? 13b EnWG;Mineraloelprodukte;HeizoelLeicht;Nein;Nein;23,2;23,2;GasturbinenohneAbhitzekessel;Volleinspeisung;UmspannungZurMittelspannung;Bayernwerk Netz GmbH (SNB940352624434);Nein;
Einzelanlage;SEE937822704543;Zweckverband Abfallverwertung S?dhessen (ZAS);Turbine 2;64293;Darmstadt;Otto-R?hm-Stra?e;19;Hessen;Deutschland;2020;;InBetrieb;Abfall;AbfallHausmuellSiedlungsabfaelle;Ja;Nein;1,228;1,177;GegendruckmaschineohneEntnahme;TeileinspeisungEigenverbrauch;Mittelspannung;e-netz S?dhessen AG (SNB956958990736);Nein;
Einzelanlage;SEE919189403703;Infraserv GmbH & Co. Wiesbaden KG;Generator 7;65203;Wiesbaden;Rheingaustra?e;190-196;Hessen;Deutschland;2021;;InBetrieb;Erdgas;ErdgasErdoelgas;Ja;Nein;22,111;21,861;GasturbinenmitAbhitzekessel;Volleinspeisung;Mittelspannung;InfraServ GmbH & Co. Wiesbaden KG (SNB960884494671);Nein;
Einzelanlage;SEE927473609168;InfraServ GmbH & Co. Gendorf KG;BNA0174;84508;Burgkirchen;Industrieparkstra?e;1;Bayern;Deutschland;1967;;InBetrieb;Erdgas;ErdgasErdoelgas;Ja;Nein;73,563;72,46;Sonstige;TeileinspeisungEigenverbrauch;Mittelspannung;InfraServ Gendorf Netze GmbH (SNB942732578894);Nein;
Einzelanlage;SEE929031511661;RWE Generation SE;Vianden M9;9463;Stolzembourg;Rue de l'Energie;2;;Luxemburg;1964;;InBetrieb;Pumpspeicher;;Nein;Nein;100;100;Pumpspeicher;TeileinspeisungEigenverbrauch;Hoechstspannung;Amprion GmbH (SNB976890256486);Ja;100
Einzelanlage;SEE931060472509;Papierfabrik Adolf Jass Schwarza GmbH;Dampfturbosatz;07407;Rudolstadt;Breitscheidstra?e;160;Thueringen;Deutschland;2005;;InBetrieb;Waerme;Dampf;Ja;Nein;9,65;9,51;GegendruckmaschineohneEntnahme;Volleinspeisung;UmspannungZurMittelspannung;EnR Energienetze Rudolstadt GmbH (SNB953495670831);Nein;
Einzelanlage;SEE934039077637;LEW Wasserkraft;Gersthofen M1;86368;Gersthofen;Adolf-von-Baeyer-Stra?e;1;Bayern;Deutschland;1901;;InBetrieb;Wasser;;Nein;Ja;1,974;1,969;Laufwasseranlage;TeileinspeisungEigenverbrauch;Mittelspannung;LEW Verteilnetz GmbH (SNB911705062982);Nein;
Einzelanlage;SEE934706805181;Dr. Ing. h.c. F. Porsche AG;W08_PST_Mantelobjekt;71287;Weissach;Porschestra?e;911;BadenWuerttemberg;Deutschland;2016;;InBetrieb;Mineraloelprodukte;AndereMineraloelprodukte;Nein;Nein;20,073;18,9022;Verbrennungsmotor;TeileinspeisungEigenverbrauch;Niederspannung;Netze BW GmbH (SNB948311994307);Nein;
Einzelanlage;SEE938349787705;EGGER Holzwerkstoffe Brilon GmbH & Co. KG;DT2;59929;Brilon;Im Kissen;19;NordrheinWestfalen;Deutschland;2019;;InBetrieb;Biomasse;;Ja;Ja;12,5;12,5;KondensationsmaschinemitEntnahme;TeileinspeisungEigenverbrauch;Mittelspannung;Westnetz GmbH (SNB921897286493);Nein;
Einzelanlage;SEE949816813650;ENGIE Deutschland GmbH;SEDE607510037;07549;Gera;Vogtlandstra?e;11;Thueringen;Deutschland;2018;;InBetrieb;Erdgas;ErdgasErdoelgas;Ja;Nein;4,404;4,387;Verbrennungsmotor;Volleinspeisung;Mittelspannung;GeraNetz GmbH (SNB948816192529);Nein;
Einzelanlage;SEE950675787617;Uniper Kraftwerke GmbH;Ingolstadt 3;85098;Gro?mehring;Bayernwerkstra?e;30;Bayern;Deutschland;1973;;Netzreserve aufgrund ? 13b EnWG;Mineraloelprodukte;HeizoelSchwer;Nein;Nein;420;355;KondensationsmaschinemitEntnahme;Volleinspeisung;Hoechstspannung;TenneT TSO GmbH (SNB970033313272);Nein;
Einzelanlage;SEE934531299087;DSM Nutritional Products GmbH;Gasturbine GT;79639;Grenzach-Wyhlen;Emil-Barell-Stra?e;3;BadenWuerttemberg;Deutschland;2017;;InBetrieb;Erdgas;ErdgasErdoelgas;Ja;Nein;22,2;22;GasturbinenmitAbhitzekessel;Volleinspeisung;Hochspannung;naturenergie netze GmbH (SNB945502201350);Nein;
Einzelanlage;SEE938587513135;Uniper Kraftwerke GmbH;Scholven 1 GT2;45896;Gelsenkirchen;Gl?ckaufstra?e;56;NordrheinWestfalen;Deutschland;2023;;InBetrieb;Erdgas;ErdgasErdoelgas;Ja;Nein;55;54;GasturbinenmitnachgeschalteterDampfturbine;TeileinspeisungEigenverbrauch;Hoechstspannung;Amprion GmbH (SNB976890256486);Nein;
Einzelanlage;SEE939382623364;Klingele Paper Weener SE & Co. KG;TWIN2;26826;Weener;Industriestra?e;46;Niedersachsen;Deutschland;2008;;InBetrieb;Abfall;AbfallHausmuellSiedlungsabfaelle;Nein;Nein;4,704;4,69;KondensationsmaschineohneEntnahme;TeileinspeisungEigenverbrauch;Mittelspannung;EWE NETZ GmbH (SNB951051725711);Nein;
Einzelanlage;SEE940552188637;Uniper Kraftwerke GmbH;Unterbergen K(Ro)3;86511;Schmiechen;Lechfeldstra?e;;Bayern;Deutschland;1983;;InBetrieb;Wasser;;Nein;Ja;4,7;4,067;Laufwasseranlage;Volleinspeisung;Hochspannung;LEW Verteilnetz GmbH (SNB911705062982);Nein;
Einzelanlage;SEE942803645654;WMF GmbH;Dampfturbine BBC;73312;Geislingen;WMF Platz;1;BadenWuerttemberg;Deutschland;1956;;InBetrieb;Waerme;Dampf;Ja;Nein;2,5;2,443;KondensationsmaschinemitEntnahme;TeileinspeisungEigenverbrauch;Mittelspannung;Albwerk GmbH & Co. KG (SNB926699071292);Nein;
Einzelanlage;SEE943096190258;Biomasse-Kraftwerk Fechenheim GmbH;Biomasse-Kraftwerk Fechenheim GmbH;60386;Frankfurt;Alt-Fechenheim;34;Hessen;Deutschland;2004;;InBetrieb;Biomasse;;Ja;Ja;12,43;11,33;KondensationsmaschinemitEntnahme;TeileinspeisungEigenverbrauch;Mittelspannung;NRM Netzdienste Rhein-Main GmbH (SNB921899277833);Nein;
Einzelanlage;SEE918541277334;Rh?nEnergie Fulda GmbH;Kraftwerk Fulda Aggregat 3C;36043;Fulda;Frankfurter Stra?e;4;Hessen;Deutschland;2010;;InBetrieb;Mineraloelprodukte;Dieselkraftstoff;Nein;Nein;2,845;2,76;Verbrennungsmotor;Volleinspeisung;Mittelspannung;OsthessenNetz GmbH (SNB934071779865);Nein;
Einzelanlage;SEE919035876514;Schluchseewerk AG;KW Witznau MS B3;79777;?hlingen-Birkendorf;Schwarzatalstra?e;5;BadenWuerttemberg;Deutschland;1950;;InBetrieb;Pumpspeicher;;Nein;Nein;55;55;Pumpspeicher;None;Hochspannung;Netze BW GmbH (SNB948311994307);Nein;
Einzelanlage;SEE920560912882;SWM Services GmbH;SWM HKW Freimann GT12;80807;M?nchen;Frankfurter Ring;181;Bayern;Deutschland;2021;;InBetrieb;Erdgas;ErdgasErdoelgas;Ja;Nein;53,468;52,768;GasturbinenmitAbhitzekessel;TeileinspeisungEigenverbrauch;Hochspannung;SWM Infrastruktur GmbH & Co. KG (SNB969473762610);Nein;
Einzelanlage;SEE921294761234;VERBUND Innkraftwerke GmbH;Kraftwerk Perach MS1;84567;Perach;Niederperach;45;Bayern;Deutschland;1977;;InBetrieb;Wasser;;Nein;Ja;6,466;6,466;Laufwasseranlage;Volleinspeisung;Hochspannung;Bayernwerk Netz GmbH (SNB940352624434);Nein;
Einzelanlage;SEE921894153743;Infraserv GmbH & Co. H?chst KG;IPH Strom CoFA BHKW 3;65929;Frankfurt;Br?ningstra?e;50;Hessen;Deutschland;2007;;InBetrieb;Biomasse;;Ja;Ja;1,451;1,3725;Verbrennungsmotor;None;Mittelspannung, Mittelspannung;Syna GmbH (SNB918250928893);Nein;
Einzelanlage;SEE924909675933;Stadtwerke M?nster GmbH;GUD-1-2 (GT2);48155;M?nster;Am Mittelhafen;11;NordrheinWestfalen;Deutschland;2005;;InBetrieb;Erdgas;ErdgasErdoelgas;Ja;Nein;32;31;GasturbinenmitAbhitzekessel;TeileinspeisungEigenverbrauch;Mittelspannung;Stadtnetze M?nster GmbH (SNB980883363112);Nein;
Einzelanlage;SEE927630371594;ROMONTA GmbH;Grubenheizkraftwerk Amsdorf;06317;Seegebiet Mansfelder Land;Chausseestra?e;1;SachsenAnhalt;Deutschland;1960;;InBetrieb;Braunkohle;StaubUndTrockenkohle;Ja;Nein;45,189;45,189;GegendruckmaschinemitEntnahme;TeileinspeisungEigenverbrauch;Hochspannung;Mitteldeutsche Netzgesellschaft Strom mbH (SNB916269213931);Nein;
Einzelanlage;SEE918623387630;EEW Energy from Waste Stapelfeld GmbH;EEW Stapelfeld GmbH;22145;Stapelfeld;Ahrensburger Weg;4;SchleswigHolstein;Deutschland;1979;;InBetrieb;Abfall;AbfallHausmuellSiedlungsabfaelle;Ja;Nein;16,4;11,4;KondensationsmaschinemitEntnahme;TeileinspeisungEigenverbrauch;Mittelspannung;Schleswig-Holstein Netz GmbH (SNB990857029876);Nein;
Einzelanlage;SEE921479798321;EkoCity;Generator C;42349;Wuppertal;Korzert;15;NordrheinWestfalen;Deutschland;2017;;InBetrieb;Abfall;AbfallHausmuellSiedlungsabfaelle;Ja;Nein;9,376;9,376;GegendruckmaschineohneEntnahme;TeileinspeisungEigenverbrauch;Hochspannung;WSW Netz GmbH (SNB914306944756);Nein;
Einzelanlage;SEE900240101683;Daimler Truck AG;129870 Modul 3;76744;W?rth;Daimlerstra?e;1;RheinlandPfalz;Deutschland;2013;;InBetrieb;Erdgas;ErdgasErdoelgas;Ja;Nein;4,49;4,44;Verbrennungsmotor;TeileinspeisungEigenverbrauch;Mittelspannung;Pfalzwerke Netz AG (SNB961471621746);Nein;
Einzelanlage;SEE902724065948;BMW AG;BMW Werk 1.5 KWK 8;80937;M?nchen;Knorrstra?e;147;Bayern;Deutschland;2013;;InBetrieb;Erdgas;ErdgasErdoelgas;Ja;Nein;2,679;2,645;Verbrennungsmotor;TeileinspeisungEigenverbrauch;Mittelspannung;SWM Infrastruktur GmbH & Co. KG (SNB969473762610);Nein;
Einzelanlage;SEE956943312185;BASF SE;A718 KT9;67063;Ludwigshafen;Carl-Bosch-Stra?e;38;RheinlandPfalz;Deutschland;2008;;InBetrieb;Waerme;Dampf;Nein;Nein;45,75;45,5;KondensationsmaschineohneEntnahme;TeileinspeisungEigenverbrauch;Hoechstspannung;Amprion GmbH (SNB976890256486);Nein;
Einzelanlage;SEE922877375398;Julius Schulte Trebsen GmbH & Co. KG;GuD Anlage GT;04687;Trebsen;Pauschwitzer Stra?e;45;Sachsen;Deutschland;2013;;InBetrieb;Erdgas;ErdgasErdoelgas;Ja;Nein;9,023;9,023;GasturbinenmitnachgeschalteterDampfturbine;TeileinspeisungEigenverbrauch;Mittelspannung;Mitteldeutsche Netzgesellschaft Strom mbH (SNB916269213931);Nein;
Einzelanlage;SEE923769915258;N-ERGIE Kraftwerke GmbH;HKW Sandreuth (GT1);90441;N?rnberg;Sandreuthstra?e;55 a;Bayern;Deutschland;2005;;InBetrieb;Erdgas;ErdgasErdoelgas;Ja;Nein;53,693;53;GasturbinenmitnachgeschalteterDampfturbine;Volleinspeisung;Hochspannung;N-ERGIE Netz GmbH (SNB973875583315);Nein;
Einzelanlage;SEE924682614181;Mercer Stendal GmbH;Mercer Stendal TG 1;39596;Arneburg;Goldbecker Stra?e;1;SachsenAnhalt;Deutschland;2004;;InBetrieb;Biomasse;;Ja;Ja;99,72;94,515;KondensationsmaschinemitEntnahme;TeileinspeisungEigenverbrauch;Mittelspannung;Infrastrukturbetrieb der Stadt Arneburg (SNB971962135690);Nein;
Einzelanlage;SEE926786756569;Schluchseewerk AG;KW H?usern MS B1;79837;H?usern;Schwarzabruck;2;BadenWuerttemberg;Deutschland;1931;;InBetrieb;Pumpspeicher;;Nein;Nein;30;30;Pumpspeicher;None;Hochspannung;Netze BW GmbH (SNB948311994307);Nein;
Einzelanlage;SEE928072880231;Infraserv GmbH & Co. H?chst KG;IPH Strom VT5;65929;Frankfurt;Br?ningstra?e;50;Hessen;Deutschland;1980;;InBetrieb;Erdgas;ErdgasErdoelgas;Ja;Nein;13,9;13,8;GegendruckmaschineohneEntnahme;Volleinspeisung;Mittelspannung;Infraserv Netze GmbH (SNB977535807001);Nein;
Einzelanlage;SEE931494186256;Bioenergie Wismar GmbH;Biomasseheizkraftwerk Wismar;23970;Wismar;;;MecklenburgVorpommern;Deutschland;2023;;InBetrieb;Biomasse;;Ja;Ja;18,3;18,3;KondensationsmaschinemitEntnahme;TeileinspeisungEigenverbrauch;Mittelspannung;E.DIS Netz GmbH (SNB941690671609);Nein;
Einzelanlage;SEE910532842996;Untere Iller GmbH;Au F3;89257;Illertissen;Franz-Eugen-Huber-Stra?e;90;Bayern;Deutschland;1931;;InBetrieb;Wasser;;Nein;Ja;2;2;Laufwasseranlage;Volleinspeisung;Hochspannung;LEW Verteilnetz GmbH (SNB911705062982);Nein;
Einzelanlage;SEE912013538152;B?rgerwindpark Reu?enk?ge GmbH & Co. KG;Windpark Reu?enk?ge Batteriespeicher 2;25821;Reu?enk?ge;;;SchleswigHolstein;Deutschland;2024;;InBetrieb;Batteriespeicher;;Nein;Nein;6,4;6,4;Batterie;Volleinspeisung;Mittelspannung;Reu?enk?ge Netz & Infrastruktur GmbH (SNB953011641437);Nein;
Einzelanlage;SEE915051196278;Ford-Werke GmbH;BHKW Ford Saarlouis Modul 4;66740;Saarlouis;Henry-Ford-Stra?e;1;Saarland;Deutschland;2016;;InBetrieb;Erdgas;ErdgasErdoelgas;Ja;Nein;4,404;4,322;Verbrennungsmotor;TeileinspeisungEigenverbrauch;Mittelspannung;VSE Verteilnetz GmbH (SNB941650885558);Nein;
Einzelanlage;SEE915432109163;Uniper Systemstabilit?t GmbH;Irsching 6;85088;Vohburg;Paarstra?e;30;Bayern;Deutschland;2023;;besonderes netztechnisches Betriebsmittel;Erdgas;ErdgasErdoelgas;Nein;Nein;320;300;KondensationsmaschineohneEntnahme;Volleinspeisung;Hoechstspannung;TenneT TSO GmbH (SNB970033313272);Nein;
Einzelanlage;SEE919134316447;Saale Energie GmbH;Schkopau A+B Bahngenerator;06258;Schkopau;An der Bober;100;SachsenAnhalt;Deutschland;1996;;vorl?ufig Stillgelegt;Waerme;None;Nein;Nein;112;110;KondensationsmaschineohneEntnahme;Volleinspeisung;Hochspannung;DB Energie GmbH (Bahnstromnetz 16,7 Hz) (SNB942182027607);Nein;
Einzelanlage;SEE920825895844;Kraftwerke Mainz-Wiesbaden AG;BHKW KW5 54;55120;Mainz;Kraftwerkallee;1;RheinlandPfalz;Deutschland;2020;;InBetrieb;Erdgas;ErdgasErdoelgas;Ja;Nein;10,02;9,93;Verbrennungsmotor;TeileinspeisungEigenverbrauch;Hochspannung;Mainzer Netze GmbH (SNB959523885956);Nein;
Einzelanlage;SEE901453618340;Stadtwerke Rosenheim GmbH & Co. KG;MHKW Dampfturbine 2;83022;Rosenheim;F?rberstra?e;47;Bayern;Deutschland;1957;;InBetrieb;Abfall;Industrieabfall;Ja;Nein;2,2;2,1;Sonstige;TeileinspeisungEigenverbrauch;Mittelspannung;Stadtwerke Rosenheim Netze GmbH (SNB988838479086);Nein;
Einzelanlage;SEE903494881059;Uniper Kraftwerke GmbH;Prem K(Ro)3;86983;Lechbruck;Am Premer Lechsee;;Bayern;Deutschland;1971;;InBetrieb;Wasser;;Nein;Ja;6,4;6,4;Laufwasseranlage;TeileinspeisungEigenverbrauch;Hochspannung;LEW Verteilnetz GmbH (SNB911705062982);Nein;
Einzelanlage;SEE904955359575;Kraftwerk Ryburg-Schw?rstadt AG;KW Ryburg-Schw?rstadt M4;79739;Schw?rstadt;Kraftwerkstra?e;1;BadenWuerttemberg;Deutschland;1931;;InBetrieb;Wasser;;Nein;Ja;28,3;28,15;Laufwasseranlage;TeileinspeisungEigenverbrauch;Hochspannung;naturenergie netze GmbH (SNB945502201350);Ja;28,15
Einzelanlage;SEE914365805029;BEH Bioenergie Hannover GmbH;Biomethan BHKW Hannover Herrenhausen, Motor 2;30419;Hannover;Leinh?user Weg;5;Niedersachsen;Deutschland;2024;;InBetrieb;Biomasse;;Ja;Ja;4,5;4,5;Verbrennungsmotor;Volleinspeisung;Mittelspannung;enercity Netz GmbH (SNB971746988153);Nein;
Einzelanlage;SEE914749097217;Daimler Truck AG;129870 Modul 1;76744;W?rth;Daimlerstra?e;1;RheinlandPfalz;Deutschland;2013;;InBetrieb;Erdgas;ErdgasErdoelgas;Ja;Nein;4,49;4,44;Verbrennungsmotor;TeileinspeisungEigenverbrauch;Mittelspannung;Pfalzwerke Netz AG (SNB961471621746);Nein;
Einzelanlage;SEE929068766096;UPM GmbH;UPM Schongau HKW 2 T1;86956;Schongau;Friedrich-Haindl-Stra?e;10;Bayern;Deutschland;1979;;InBetrieb;Erdgas;ErdgasErdoelgas;Ja;Nein;3,15;2,85;GegendruckmaschineohneEntnahme;TeileinspeisungEigenverbrauch;Mittelspannung;LEW Verteilnetz GmbH (SNB911705062982);Nein;
Einzelanlage;SEE929107540175;Innwerk AG;KW Nu?dorf MS2 (im Besitz von Innwerk und ?BK);83131;Nu?dorf;Am Inn;19;Bayern;Deutschland;1982;;InBetrieb;Wasser;;Nein;Ja;23,5;23,5;Laufwasseranlage;Volleinspeisung;Hochspannung;Bayernwerk Netz GmbH (SNB940352624434);Nein;
Einzelanlage;SEE939917723934;SWU Energie GmbH;BHKW Neu-Ulm M3;89231;Neu-Ulm;Bradleystra?e;32 1/2;Bayern;Deutschland;2021;;InBetrieb;Erdgas;ErdgasErdoelgas;Ja;Nein;2,676;2,622;Verbrennungsmotor;Volleinspeisung;Mittelspannung;Stadtwerke Ulm/Neu-Ulm Netze GmbH (SNB934068635945);Nein;
Einzelanlage;SEE948609940009;EnBW Energie Baden-W?rttemberg AG;Heizkraftwerk Heilbronn HLB 7;74076;Heilbronn;Lichtenbergerstra?e;23;BadenWuerttemberg;Deutschland;1985;;Netzreserve aufgrund ? 13b EnWG;Steinkohle;Steinkohlen;Ja;Nein;822;778;KondensationsmaschinemitEntnahme;TeileinspeisungEigenverbrauch;Hoechstspannung;TransnetBW GmbH (SNB984944755380);Nein;
Einzelanlage;SEE949216632202;Stadtwerke Flensburg;Dampfturbine 13;24939;Flensburg;Batteriestra?e;48;SchleswigHolstein;Deutschland;2022;;InBetrieb;Erdgas;ErdgasErdoelgas;Ja;Nein;38,7;38,2;GegendruckmaschineohneEntnahme;Volleinspeisung;Mittelspannung;Stadtwerke Flensburg GmbH (SNB922220582657);Nein;
Einzelanlage;SEE953174240607;VERBUND Innkraftwerke GmbH;Kraftwerk Gars MS4;83536;Gars;Agg;4;Bayern;Deutschland;1938;;InBetrieb;Wasser;;Nein;Ja;5;5;Laufwasseranlage;Volleinspeisung;Hochspannung;Bayernwerk Netz GmbH (SNB940352624434);Nein;
Einzelanlage;SEE958184152735;Stadtwerke Flensburg;Dampfturbine 7;24939;Flensburg;Batteriestra?e;48;SchleswigHolstein;Deutschland;1980;;InBetrieb;Erdgas;ErdgasErdoelgas;Ja;Nein;34,16;28;GegendruckmaschineohneEntnahme;Volleinspeisung;Mittelspannung;Stadtwerke Flensburg GmbH (SNB922220582657);Nein;
Einzelanlage;SEE960357727398;Uniper Kraftwerke GmbH;Dessau K(Ro)3;86977;Burggen;Dessau;;Bayern;Deutschland;1967;;InBetrieb;Wasser;;Nein;Ja;4,2;3,433;Laufwasseranlage;Volleinspeisung;Hochspannung;LEW Verteilnetz GmbH (SNB911705062982);Nein;
Einzelanlage;SEE960916622249;Mohn Media Mohndruck GmbH;GT 2;33332;G?tersloh;Carl-Bertelsmann-Stra?e;161;NordrheinWestfalen;Deutschland;1994;;InBetrieb;Erdgas;ErdgasErdoelgas;Ja;Nein;5,25;5,167;GasturbinenmitAbhitzekessel;TeileinspeisungEigenverbrauch;Mittelspannung;Netzgesellschaft G?tersloh mbH (SNB931546188436);Nein;
Einzelanlage;SEE964215288830;Henkel AG & Co. KGaA;Gasturbine;40589;D?sseldorf;Henkelstra?e;67;NordrheinWestfalen;Deutschland;2012;;InBetrieb;Erdgas;ErdgasErdoelgas;Ja;Nein;8,9;8,6;GasturbinenmitAbhitzekessel;TeileinspeisungEigenverbrauch;Mittelspannung;Netzgesellschaft D?sseldorf mbH (SNB933956506145);Nein;
Einzelanlage;SEE928579781840;Uniper Kraftwerke GmbH;Pfrombach D F3;85368;Moosburg;Am Kraftwerk;1;Bayern;Deutschland;1929;;InBetrieb;Wasser;;Nein;Ja;4,38;4,38;Laufwasseranlage;Volleinspeisung;Hochspannung;Bayernwerk Netz GmbH (SNB940352624434);Nein;
Einzelanlage;SEE928797247012;BMW AG;Regensburg KWK 5;93055;Regensburg;Herbert-Quandt-Allee;1;Bayern;Deutschland;2016;;InBetrieb;Erdgas;ErdgasErdoelgas;Ja;Nein;2,679;2,679;Verbrennungsmotor;TeileinspeisungEigenverbrauch;Mittelspannung;Bayernwerk Netz GmbH (SNB940352624434);Nein;
Einzelanlage;SEE931088083121;RWE Generation Hydro GmbH;Zeltingen Maschine 2;54492;Zeltingen-Rachtig;Uferallee;1;RheinlandPfalz;Deutschland;1964;;InBetrieb;Wasser;;Nein;Ja;3,4;3,4;Laufwasseranlage;Volleinspeisung;Mittelspannung;Westnetz GmbH (SNB921897286493);Nein;
Einzelanlage;SEE932569427427;Uniper Kraftwerke GmbH;Pielweichs K3;94447;Plattling;An der Staustufe;1;Bayern;Deutschland;1994;;InBetrieb;Wasser;;Nein;Ja;4,2;4,2;Laufwasseranlage;Volleinspeisung;Mittelspannung;Bayernwerk Netz GmbH (SNB940352624434);Nein;
stillgelegte Anlagen;SEE931784983831;eins energie in sachsen GmbH & Co. KG;Fernheizwerk Bad Elster, Gasturbine;08645;Bad Elster;Bahnhofstra?e;35;Sachsen;Deutschland;2012;2025;endg?ltig stillgelegt ohne ? 13b EnWG oder KVBG;Erdgas;ErdgasErdoelgas;Ja;Nein;5,128;5,128;GasturbinenmitAbhitzekessel;Volleinspeisung;Mittelspannung;Mitteldeutsche Netzgesellschaft Strom mbH (SNB916269213931);Nein;
Einzelanlage;SEE933021962319;Uniper Kraftwerke GmbH;Waldeck 2 F1;34549;Edertal;Kraftwerkstra?e;10;Hessen;Deutschland;1974;;InBetrieb;Pumpspeicher;;Nein;Nein;240;240;Pumpspeicher;Volleinspeisung;Hoechstspannung;TenneT TSO GmbH (SNB970033313272);Nein;
Einzelanlage;SEE933851011843;INEOS Manufacturing Deutschland;Turbine 22;50769;K?ln;Alte Str.;201;NordrheinWestfalen;Deutschland;1964;;InBetrieb;Sonstige Energietraeger (nicht erneuerbar);SonstigeHergestellteGase;Ja;Nein;19,2;19,2;GegendruckmaschinemitEntnahme;TeileinspeisungEigenverbrauch;UmspannungZurMittelspannung;NETCUR GmbH (SNB974711150357);Nein;
Einzelanlage;SEE938337436349;Lausitz Energie Kraftwerke AG;Kraftwerk Schwarze Pumpe Block A;03130;Spremberg;An der alten Ziegelei;1;Brandenburg;Deutschland;1997;;InBetrieb;Braunkohle;Rohbraunkohlen;Ja;Nein;803;755;KondensationsmaschinemitEntnahme;TeileinspeisungEigenverbrauch;Hoechstspannung;50Hertz Transmission GmbH (SNB982046657236);Nein;
Einzelanlage;SEE952672318108;Lausitz Energie Kraftwerke AG;Kraftwerk Schwarze Pumpe Block B;03130;Spremberg;An der alten Ziegelei;1;Brandenburg;Deutschland;1998;;InBetrieb;Braunkohle;None;Ja;Nein;803;755;KondensationsmaschinemitEntnahme;TeileinspeisungEigenverbrauch;Hoechstspannung;50Hertz Transmission GmbH (SNB982046657236);Nein;
Einzelanlage;SEE957844983702;Salzgitter Flachstahl GmbH;Ma A;38239;Salzgitter;Eisenh?ttenstra?e;99;Niedersachsen;Deutschland;1941;;InBetrieb;Sonstige Energietraeger (nicht erneuerbar);HochofengasKonvertergas;Ja;Nein;10;9;GegendruckmaschineohneEntnahme;TeileinspeisungEigenverbrauch;Hoechstspannung;TenneT TSO GmbH (SNB970033313272);Nein;
Einzelanlage;SEE925794342412;MVV Umwelt Asset GmbH;TREA Leuna 2;06237;Leuna;An der B 91;Tor 12;SachsenAnhalt;Deutschland;2007;;InBetrieb;Abfall;AbfallHausmuellSiedlungsabfaelle;Nein;Nein;18,545;16,245;KondensationsmaschineohneEntnahme;TeileinspeisungEigenverbrauch;Mittelspannung;InfraLeuna GmbH (SNB982722829230);Nein;
Einzelanlage;SEE927287469774;naturenergie hochrhein AG;KW Wyhlen Straflo 03;79639;Grenzach-Wyhlen;Am Wasserkraftwerk;;BadenWuerttemberg;Deutschland;1993;;InBetrieb;Wasser;;Nein;Ja;4,6;4,5;Laufwasseranlage;TeileinspeisungEigenverbrauch;Hochspannung;naturenergie netze GmbH (SNB945502201350);Ja;4,5
Einzelanlage;SEE927932653541;EnBW Energie Baden-W?rttemberg AG;illwerke vkw Kopswerk I M2;A-6793;Gaschurn;Kopswerk;;;Oesterreich;1969;;InBetrieb;Wasser;;Nein;Ja;96;96;Speicherwasseranlage;Volleinspeisung;Hoechstspannung;TransnetBW GmbH (SNB984944755380);Nein;
stillgelegte Anlagen;SEE930752846949;PreussenElektra;Grohnde;31860;Emmerthal;Kraftwerksgel?nde;;Niedersachsen;Deutschland;1984;2022;endg?ltig stillgelegt ohne ? 13b EnWG oder KVBG;Kernenergie;;Nein;Nein;1430;1360;Druckwasserreaktor;Volleinspeisung;Hochspannung, Hoechstspannung;Westfalen Weser Netz GmbH (SNB929881052512);Nein;
Einzelanlage;SEE930847992643;PES Ohrdruf GmbH & Co KG;PES Ohrdruf;99885;Ohrdruf;Hohenkirchener Stra?e;15;Thueringen;Deutschland;2024;;InBetrieb;Batteriespeicher;;Nein;Nein;10,35;10,35;Batterie;Volleinspeisung;Mittelspannung;TEN Th?ringer Energienetze GmbH & Co. KG (SNB970821959712);Nein;
Einzelanlage;SEE931197865137;Sasol Germany GmbH;GT2;25541;Brunsb?ttel;Fritz-Staiger-Stra?e;15;SchleswigHolstein;Deutschland;1996;;InBetrieb;Erdgas;ErdgasErdoelgas;Ja;Nein;5,379;5,163;GasturbinenmitAbhitzekessel;TeileinspeisungEigenverbrauch;Mittelspannung;Stadtwerke Brunsb?ttel GmbH (SNB951835062254);Nein;
Einzelanlage;SEE907294548426;Uniper Kraftwerke GmbH;Scheuring K(Ro)2;86937;Scheuring;;;Bayern;Deutschland;1980;;InBetrieb;Wasser;;Nein;Ja;4,5;4,067;Laufwasseranlage;Volleinspeisung;Hochspannung;LEW Verteilnetz GmbH (SNB911705062982);Nein;
Einzelanlage;SEE914861690945;Innwerk AG;Kraftwerk Egglfing-Obernberg MS3;94072;Bad F?ssing;Am Innwerk;13;Bayern;Deutschland;1949;;InBetrieb;Wasser;;Nein;Ja;13,45;13,45;Laufwasseranlage;Volleinspeisung;Hochspannung;Bayernwerk Netz GmbH (SNB940352624434);Ja;
Einzelanlage;SEE917925869486;Nordland Papier GmbH;Nordland GuD-Anlage HD-DTS;26892;D?rpen;Nordlandallee;1;Niedersachsen;Deutschland;2022;;InBetrieb;Erdgas;ErdgasErdoelgas;Ja;Nein;23,84;22,61;GegendruckmaschineohneEntnahme;Volleinspeisung;Mittelspannung;EWE NETZ GmbH (SNB951051725711);Nein;
Einzelanlage;SEE926120377375;Bayernoil Raffineriegesellschaft mbH;Cogenerationanlage;93333;Neustadt;Raffineriestra?e;100;Bayern;Deutschland;1996;;vorl?ufig Stillgelegt;Erdgas;ErdgasErdoelgas;Nein;Nein;29;25,4;GasturbinenmitAbhitzekessel;TeileinspeisungEigenverbrauch;Hochspannung;Bayernwerk Netz GmbH (SNB940352624434);Nein;
Einzelanlage;SEE934242259776;Stadtwerke Kiel AG;K?stenkraftwerk K.I.E.L Motor 8;24149;Kiel;Hasselfelde;30;SchleswigHolstein;Deutschland;2018;;InBetrieb;Erdgas;ErdgasErdoelgas;Ja;Nein;9,571;9,456;Verbrennungsmotor;Volleinspeisung;Hochspannung;SWKiel Netz GmbH (SNB973742186519);Nein;
Einzelanlage;SEE934654061066;RWE Generation Hydro GmbH;Wintrich Maschine 4;54487;Wintrich;Am Stauwehr;6;RheinlandPfalz;Deutschland;1965;;InBetrieb;Wasser;;Nein;Ja;5;5;Laufwasseranlage;Volleinspeisung;Mittelspannung;Westnetz GmbH (SNB921897286493);Nein;
Einzelanlage;SEE937857006797;Solarpark Tarzow GmbH & Co. KG;WBS-Tarzow;23972;L?bow;;;MecklenburgVorpommern;Deutschland;2023;;InBetrieb;Batteriespeicher;;Nein;Nein;10;10;Batterie;Volleinspeisung;UmspannungZurMittelspannung;WEMAG Netz GmbH (SNB928759560869);Nein;
Einzelanlage;SEE944122961347;BASF SE;GuD S?d GT1;67063;Ludwigshafen;Carl-Bosch-Stra?e;38;RheinlandPfalz;Deutschland;1997;;InBetrieb;Erdgas;ErdgasErdoelgas;Ja;Nein;175;173;GasturbinenmitnachgeschalteterDampfturbine;TeileinspeisungEigenverbrauch;Hoechstspannung;Amprion GmbH (SNB976890256486);Nein;
Einzelanlage;SEE945093211103;Stadtwerke Ratingen;Erzeugungsanlage FHW Ratingen West Modul 2;40878;Ratingen;Am Sandbach;45;NordrheinWestfalen;Deutschland;2015;;InBetrieb;Erdgas;ErdgasErdoelgas;Ja;Nein;2;2;Verbrennungsmotor;Volleinspeisung;Mittelspannung;Stadtwerke Ratingen GmbH (SNB953661539375);Nein;
Einzelanlage;SEE931012437020;VERBUND Innkraftwerke GmbH;Kraftwerk Gars MS2;83536;Gars;Agg;4;Bayern;Deutschland;1938;;InBetrieb;Wasser;;Nein;Ja;5;5;Laufwasseranlage;Volleinspeisung;Hochspannung;Bayernwerk Netz GmbH (SNB940352624434);Nein;
Einzelanlage;SEE932787342328;RWE Generation SE;Gersteinwerk G GT (G1);59368;Werne;Hammer Stra?e;2;NordrheinWestfalen;Deutschland;1973;;Kapazit?tsreserve aufgrund von ? 13e EnWG;Erdgas;ErdgasErdoelgas;Nein;Nein;72;55;GasturbinenmitnachgeschalteterDampfturbine;TeileinspeisungEigenverbrauch;Hochspannung;Westnetz GmbH (SNB921897286493);Nein;
Einzelanlage;SEE933078887559;Donau-Wasserkraft AG;Ingolstadt E K1;85049;Ingolstadt;Stauseestra?e;20;Bayern;Deutschland;1971;;InBetrieb;Wasser;;Nein;Ja;6,7;6,6;Laufwasseranlage;Volleinspeisung;Hochspannung;DB Energie GmbH (Bahnstromnetz 16,7 Hz) (SNB942182027607);Nein;
Einzelanlage;SEE943766131437;GKS-Gemeinschaftskraftwerk Schweinfurt GmbH;Turbine 1;97424;Schweinfurt;Hafenstra?e;30;Bayern;Deutschland;1990;;InBetrieb;Steinkohle;Steinkohlen;Ja;Nein;16,8;14,2;KondensationsmaschinemitEntnahme;TeileinspeisungEigenverbrauch;Mittelspannung;Stadtwerke Schweinfurt GmbH (SNB922811950100);Nein;
Einzelanlage;SEE944148486770;ORION Engineered Carbons GmbH;Generator 4;50997;K?ln;Harry-Kloepfer-Str.;1;NordrheinWestfalen;Deutschland;2017;;InBetrieb;Sonstige Energietraeger (nicht erneuerbar);AndereGase;Ja;Nein;22,77;22;KondensationsmaschinemitEntnahme;TeileinspeisungEigenverbrauch;Mittelspannung;Westnetz GmbH (SNB921897286493);Nein;
Einzelanlage;SEE949133098242;Maxauer Papierfarbik GmbH;Turbine 7;76187;Karlsruhe;Mitscherlichstra?e;;BadenWuerttemberg;Deutschland;1968;;InBetrieb;Waerme;Dampf;Ja;Nein;20;18;KondensationsmaschinemitEntnahme;TeileinspeisungEigenverbrauch;Hochspannung;Stadtwerke Karlsruhe Netzservice GmbH (SNB971087047229);Nein;
Einzelanlage;SEE949722134498;Henkel AG & Co. KGaA;F03G2;40589;D?sseldorf;Henkelstra?e;67;NordrheinWestfalen;Deutschland;1965;;InBetrieb;Erdgas;ErdgasErdoelgas;Ja;Nein;13,2;11,88;GegendruckmaschinemitEntnahme;TeileinspeisungEigenverbrauch;UmspannungZurMittelspannung;Netzgesellschaft D?sseldorf mbH (SNB933956506145);Nein;
Einzelanlage;SEE950641511031;LEW Wasserkraft;Rain M1;86641;Rain;Kraftwerkstra?e;21;Bayern;Deutschland;1956;;InBetrieb;Wasser;;Nein;Ja;5,6;5,595;Laufwasseranlage;Volleinspeisung;Niederspannung;LEW Verteilnetz GmbH (SNB911705062982);Nein;
Einzelanlage;SEE952352206145;Uniper Kraftwerke GmbH;Scholven B;45896;Gelsenkirchen;Gl?ckaufstra?e;56;NordrheinWestfalen;Deutschland;1968;;Netzreserve aufgrund von KVBG;Steinkohle;Steinkohlen;Nein;Nein;370;345;KondensationsmaschineohneEntnahme;TeileinspeisungEigenverbrauch;Hoechstspannung;Amprion GmbH (SNB976890256486);Nein;
Einzelanlage;SEE939692270074;Uniper Kraftwerke GmbH;Scholven 1 GT1;45896;Gelsenkirchen;Gl?ckaufstra?e;56;NordrheinWestfalen;Deutschland;2023;;InBetrieb;Erdgas;ErdgasErdoelgas;Ja;Nein;55;54;GasturbinenmitnachgeschalteterDampfturbine;TeileinspeisungEigenverbrauch;Hoechstspannung;Amprion GmbH (SNB976890256486);Nein;
Einzelanlage;SEE942234222677;J?ckering M?hlen- und N?hrmittelwerke GmbH;BHKW Hafen - Modul 5;59067;Hamm;Speicherstra?e;15;NordrheinWestfalen;Deutschland;2013;;InBetrieb;Erdgas;ErdgasErdoelgas;Ja;Nein;2,19;2,173;Verbrennungsmotor;TeileinspeisungEigenverbrauch;Mittelspannung;Energie- und Wasserversorgung Hamm GmbH (SNB912743424114);Nein;
Einzelanlage;SEE942432515786;WMF GmbH;Dampfturbine AEG;73312;Geislingen;WMF Platz;1;BadenWuerttemberg;Deutschland;1943;;vorl?ufig Stillgelegt;Waerme;Dampf;Ja;Nein;2,5;2,454;KondensationsmaschinemitEntnahme;TeileinspeisungEigenverbrauch;Mittelspannung;Albwerk GmbH & Co. KG (SNB926699071292);Nein;
Einzelanlage;SEE943208281096;LEW Wasserkraft;Rain BS1;86641;Rain;Kraftwerkstra?e;21;Bayern;Deutschland;2019;;InBetrieb;Batteriespeicher;;Nein;Nein;1,5;1,5;Batterie;TeileinspeisungEigenverbrauch;Mittelspannung;LEW Verteilnetz GmbH (SNB911705062982);Nein;
Einzelanlage;SEE943548208159;AVA Abfallverwertung Augsburg Kommunalunternehmen;AHKW ND Turbine;86167;Augsburg;Am Mittleren Moos;60;Bayern;Deutschland;1994;;InBetrieb;Abfall;AbfallHausmuellSiedlungsabfaelle;Ja;Nein;9,477;6,72;Sonstige;TeileinspeisungEigenverbrauch;Mittelspannung;swa Netze GmbH (SNB958077102830);Nein;
Einzelanlage;SEE949895584069;N-ERGIE Kraftwerke GmbH;HKW Sandreuth (DT3);90441;N?rnberg;Sandreuthstra?e;55a;Bayern;Deutschland;1982;;InBetrieb;Erdgas;ErdgasErdoelgas;Ja;Nein;44,45;38,774;GegendruckmaschinemitEntnahme;Volleinspeisung;Hochspannung;N-ERGIE Netz GmbH (SNB973875583315);Nein;
Einzelanlage;SEE952807166543;Henkel AG & Co. KGaA;F03G3;40589;D?sseldorf;Henkelstra?e;67;NordrheinWestfalen;Deutschland;1965;;InBetrieb;Erdgas;ErdgasErdoelgas;Ja;Nein;13,2;11,88;GegendruckmaschinemitEntnahme;TeileinspeisungEigenverbrauch;UmspannungZurMittelspannung;Netzgesellschaft D?sseldorf mbH (SNB933956506145);Nein;
Einzelanlage;SEE955111508221;DSM Nutritional Products GmbH;Dampfturbine DT5;79639;Grenzach-Wyhlen;Emil-Barell-Stra?e;3;BadenWuerttemberg;Deutschland;2018;;InBetrieb;Erdgas;ErdgasErdoelgas;Ja;Nein;8,65;8,426;GegendruckmaschinemitEntnahme;Volleinspeisung;Hochspannung;naturenergie netze GmbH (SNB945502201350);Nein;
Einzelanlage;SEE964903137297;S?dzucker AG;Dampfturbine II S?dzucker AG Ochsenfurt;97199;Ochsenfurt;Marktbreiter Stra?e;74;Bayern;Deutschland;1959;;InBetrieb;Waerme;None;Ja;Nein;5,25;4,983;GegendruckmaschineohneEntnahme;TeileinspeisungEigenverbrauch;Niederspannung;N-ERGIE Netz GmbH (SNB973875583315);Nein;
Einzelanlage;SEE968309350465;Papierfabrik Adolf Jass Schwarza GmbH;BHKW 1 + 2;07407;Rudolstadt;Breitscheidstra?e;160;Thueringen;Deutschland;2005;;InBetrieb;Biomasse;;Ja;Ja;1,998;1,998;Verbrennungsmotor;Volleinspeisung;Mittelspannung;EnR Energienetze Rudolstadt GmbH (SNB953495670831);Nein;
Einzelanlage;SEE969267129582;VERBUND Innkraftwerke GmbH;Kraftwerk Gars MS3;83536;Gars;Agg;4;Bayern;Deutschland;1938;;InBetrieb;Wasser;;Nein;Ja;5;5;Laufwasseranlage;Volleinspeisung;Hochspannung;Bayernwerk Netz GmbH (SNB940352624434);Nein;
Einzelanlage;SEE925326526723;naturenergie hochrhein AG;KW Wyhlen Straflo 06;79639;Grenzach-Wyhlen;Am Wasserkraftwerk;;BadenWuerttemberg;Deutschland;1993;;InBetrieb;Wasser;;Nein;Ja;4,6;4,5;Laufwasseranlage;TeileinspeisungEigenverbrauch;Hochspannung;naturenergie netze GmbH (SNB945502201350);Ja;4,5
Einzelanlage;SEE926245506438;Schoenergie Batteriespeicher F?hren GmbH;SEE_2025_4642_F?hren_BESS;54343;F?hren;;;RheinlandPfalz;Deutschland;2025;;InBetrieb;Batteriespeicher;;Nein;Nein;20;20;Batterie;Volleinspeisung;Mittelspannung;Westnetz GmbH (SNB921897286493);Nein;
Einzelanlage;SEE927968132478;thyssenkrupp Steel Europe AG;ET HO 9;47166;Duisburg;Kaiser-Wilhelm-Str.;100;NordrheinWestfalen;Deutschland;1990;;InBetrieb;Sonstige Energietraeger (nicht erneuerbar);;Nein;Nein;7;7;Sonstige;TeileinspeisungEigenverbrauch;Mittelspannung;Amprion GmbH (SNB976890256486);Nein;
Einzelanlage;SEE928246905913;VERBUND Innkraftwerke GmbH;Kraftwerk Stammham;84533;Stammham;Innstufenstra?e;15;Bayern;Deutschland;1955;;InBetrieb;Wasser;;Nein;Ja;7,733;7,733;Laufwasseranlage;Volleinspeisung;Hochspannung;Bayernwerk Netz GmbH (SNB940352624434);Nein;
Einzelanlage;SEE930197122479;SWISS KRONO TEX;Energieanlage 3;16909;Heiligengrabe;Wittstocker Chaussee;1;Brandenburg;Deutschland;2002;;InBetrieb;Biomasse;;Ja;Ja;19,7;19,7;KondensationsmaschineohneEntnahme;Volleinspeisung;Hochspannung;E.DIS Netz GmbH (SNB941690671609);Nein;
Einzelanlage;SEE931986160672;UPM GmbH;UPM Schongau DKW T5;86956;Schongau;Friedrich-Haindl-Stra?e;10;Bayern;Deutschland;1971;;Netzreserve aufgrund ? 13b EnWG;Erdgas;ErdgasErdoelgas;Nein;Nein;45;32;KondensationsmaschinemitEntnahme;Volleinspeisung;Hochspannung;LEW Verteilnetz GmbH (SNB911705062982);Nein;
Einzelanlage;SEE937997291855;Stadtwerke Frankfurt (Oder) GmbH;HKW FFO GM3;15236;Frankfurt;Am Hohen Feld;4;Brandenburg;Deutschland;2022;;InBetrieb;Erdgas;ErdgasErdoelgas;Ja;Nein;10,423;10,3584;Verbrennungsmotor;TeileinspeisungEigenverbrauch;Mittelspannung;Netzgesellschaft Frankfurt (Oder) mbH (SNB954814647626);Nein;
Einzelanlage;SEE941568392261;AGR Abfallentsorgungs-Gesellschaft Ruhrgebiet mbH;RZR I Turbine2;45699;Herten;Im Emscherbruch;11;NordrheinWestfalen;Deutschland;1981;;InBetrieb;Abfall;AbfallHausmuellSiedlungsabfaelle;Ja;Nein;14,9;14,88;KondensationsmaschinemitEntnahme;TeileinspeisungEigenverbrauch;Mittelspannung;Hertener Stadtwerke GmbH (SNB964592501355);Nein;
Einzelanlage;SEE948455839281;Innwerk AG;Kraftwerk Egglfing-Obernberg MS1;94072;Bad F?ssing;Am Innwerk;13;Bayern;Deutschland;1944;;InBetrieb;Wasser;;Nein;Ja;13,45;13,45;Laufwasseranlage;Volleinspeisung;Hochspannung;Bayernwerk Netz GmbH (SNB940352624434);Ja;
Einzelanlage;SEE951684578067;Mitsubishi HiTec Paper Europe GmbH;Gasturbine 2 - GuD MPE;33699;Bielefeld;Niedernholz;7;NordrheinWestfalen;Deutschland;2021;;InBetrieb;Erdgas;ErdgasErdoelgas;Ja;Nein;15,25;15,25;GasturbinenmitnachgeschalteterDampfturbine;TeileinspeisungEigenverbrauch;Hochspannung;Bielefelder Netz GmbH (SNB918516395612);Nein;
stillgelegte Anlagen;SEE952794027650;Stadtwerke Leipzig GmbH;BMHKW Piesteritz;06886;Lutherstadt Wittenberg;Dessauer Stra?e;124;SachsenAnhalt;Deutschland;2008;2026;endg?ltig stillgelegt nach ? 13b EnWG;Biomasse;;Ja;Ja;20;20;KondensationsmaschinemitEntnahme;Volleinspeisung;Hochspannung;Mitteldeutsche Netzgesellschaft Strom mbH (SNB916269213931);Nein;
Einzelanlage;SEE954780579013;AUDI;IN_WERK_PST_Gesamt;85057;Ingolstadt;Ettinger Stra?e;105;Bayern;Deutschland;1990;;InBetrieb;Mineraloelprodukte;Dieselkraftstoff;Nein;Nein;45,178;45,178;Verbrennungsmotor;TeileinspeisungEigenverbrauch;Niederspannung;Bayernwerk Netz GmbH (SNB940352624434);Nein;
Einzelanlage;SEE958518628752;Stadtwerke Bielefeld GmbH Assetmanagement Onshore Wind und PV (ZA);HKW Schildescher Stra?e DT 3;33611;Bielefeld;Schildescher Stra?e;16/5-HW;NordrheinWestfalen;Deutschland;1966;;InBetrieb;Erdgas;ErdgasErdoelgas;Ja;Nein;20,5;20;KondensationsmaschinemitEntnahme;TeileinspeisungEigenverbrauch;Hochspannung;Bielefelder Netz GmbH (SNB918516395612);Nein;
Einzelanlage;SEE958827094903;Moritz J. Weig GmbH & Co. KG;Gasturbine 1;56727;Mayen;Polcher Stra?e;113;RheinlandPfalz;Deutschland;2015;;InBetrieb;Erdgas;ErdgasErdoelgas;Ja;Nein;3,3;3;GasturbinenmitAbhitzekessel;TeileinspeisungEigenverbrauch;Mittelspannung;Energienetze Mittelrhein GmbH & Co. KG (SNB980055629275);Nein;
Einzelanlage;SEE935952275827;Nordzucker, Werk Klein Wanzleben;Dampfturbine;39164;Wanzleben-B?rde;Magdeburger Landstra?e;1;SachsenAnhalt;Deutschland;1994;;InBetrieb;Erdgas;ErdgasErdoelgas;Ja;Nein;14,24;14,18;GegendruckmaschinemitEntnahme;TeileinspeisungEigenverbrauch;Mittelspannung;Avacon Netz GmbH (SNB990362338043);Nein;
Einzelanlage;SEE936262825863;thyssenkrupp Steel Europe AG;Ruhrort 4;47166;Duisburg;Kaiser-Wilhelm-Str.;100;NordrheinWestfalen;Deutschland;1969;;InBetrieb;Sonstige Energietraeger (nicht erneuerbar);HochofengasKonvertergas;Ja;Nein;177;164,7;KondensationsmaschinemitEntnahme;TeileinspeisungEigenverbrauch;Hochspannung;Amprion GmbH (SNB976890256486);Nein;
Einzelanlage;SEE937356687909;Vattenfall Wasserkraft GmbH;SKW Hohenwarte 1 Maschine A;07338;Hohenwarte;Ortsstra?e;;Thueringen;Deutschland;1959;;InBetrieb;Wasser;;Nein;Ja;30;29,9;Speicherwasseranlage;Volleinspeisung;Hochspannung;TEN Th?ringer Energienetze GmbH & Co. KG (SNB970821959712);Nein;
Einzelanlage;SEE939242219362;H?ttenwerke Krupp Mannesmann GmbH;Huckingen A;47259;Duisburg;Ehinger Str.;200;NordrheinWestfalen;Deutschland;1975;;InBetrieb;Sonstige Energietraeger (nicht erneuerbar);HochofengasKonvertergas;Ja;Nein;320;303;KondensationsmaschinemitEntnahme;Volleinspeisung;Hochspannung;Amprion GmbH (SNB976890256486);Nein;
Einzelanlage;SEE940012750145;EnBW Energie Baden-W?rttemberg AG;illwerke vkw Rellswerk M1;A-6773;Vandans;Rellstalstrasse;;;Oesterreich;2017;;InBetrieb;Pumpspeicher;;Nein;Nein;12;12;Pumpspeicher;Volleinspeisung;Hoechstspannung;TransnetBW GmbH (SNB984944755380);Nein;
Einzelanlage;SEE941328262162;Uniper Kraftwerke GmbH;Obernach F2;82432;Walchensee;Einsiedl;;Bayern;Deutschland;1955;;InBetrieb;Wasser;;Nein;Ja;6,4;6,4;Laufwasseranlage;Volleinspeisung;Mittelspannung;Bayernwerk Netz GmbH (SNB940352624434);Nein;
Einzelanlage;SEE943568591200;Uniper Kraftwerke GmbH;Bringhausen M4 F1;34549;Edertal;Kraftwerkstra?e;10 ;Hessen;Deutschland;1974;;InBetrieb;Pumpspeicher;;Nein;Nein;35;35;Pumpspeicher;Volleinspeisung;Hochspannung;Avacon Netz GmbH (SNB990362338043);Nein;
Einzelanlage;SEE948541471333;BEW Berliner Energie und W?rme GmbH;HKW Mitte Gasturbine 2;10179;Berlin;K?penicker Stra?e;60;Berlin;Deutschland;1997;;InBetrieb;Erdgas;ErdgasErdoelgas;Ja;Nein;172;164;GasturbinenmitAbhitzekessel;TeileinspeisungEigenverbrauch;Hochspannung;Stromnetz Berlin GmbH (SNB979269087643);Nein;
Einzelanlage;SEE950140538850;Uniper Kraftwerke GmbH;Dessau K(Ro)1;86977;Burggen;Dessau;;Bayern;Deutschland;1967;;InBetrieb;Wasser;;Nein;Ja;4,2;3,433;Laufwasseranlage;Volleinspeisung;Hochspannung;LEW Verteilnetz GmbH (SNB911705062982);Nein;
Einzelanlage;SEE950624794208;RWE Generation Hydro GmbH;Lehmen Maschine 1;56332;Niederfell;An der B49;;RheinlandPfalz;Deutschland;1962;;InBetrieb;Wasser;;Nein;Ja;5;5;Laufwasseranlage;Volleinspeisung;UmspannungZurMittelspannung;Westnetz GmbH (SNB921897286493);Nein;
Einzelanlage;SEE943007353727;Airbus Operations;BHKW 1 Hamburg;21129;Hamburg;Kreetslag;10;Hamburg;Deutschland;2016;;InBetrieb;Erdgas;ErdgasErdoelgas;Ja;Nein;1,999;1,97;Verbrennungsmotor;TeileinspeisungEigenverbrauch;Mittelspannung;Hamburger Energienetze GmbH (SNB968295079586);Nein;
Einzelanlage;SEE943309807898;BASF SE;GuD S?d DT;67063;Ludwigshafen;Carl-Bosch-Stra?e;38;RheinlandPfalz;Deutschland;1997;;InBetrieb;Waerme;Dampf;Ja;Nein;72;71,5;GasturbinenmitnachgeschalteterDampfturbine;TeileinspeisungEigenverbrauch;Hoechstspannung;Amprion GmbH (SNB976890256486);Nein;
Einzelanlage;SEE915246106037;DB Energie GmbH;Saalachkraftwerk D4;83435;Bad Reichenhall;Thumseestra?e;25;Bayern;Deutschland;1914;;InBetrieb;Wasser;;Nein;Ja;2,0025;2,0025;Laufwasseranlage;TeileinspeisungEigenverbrauch;Mittelspannung, Mittelspannung, Mittelspannung;Stadtwerke Bad Reichenhall KU (SNB958672501014);Nein;
Einzelanlage;SEE918100281437;BMW AG;KWK 7;84130;Dingolfing;Karl-Dompert-Stra?e;7;Bayern;Deutschland;2019;;InBetrieb;Erdgas;ErdgasErdoelgas;Ja;Nein;4,5;4,5;Verbrennungsmotor;TeileinspeisungEigenverbrauch;Niederspannung;Bayernwerk Netz GmbH (SNB940352624434);Nein;
Einzelanlage;SEE927858822632;Sappi Ehingen GmbH;Turbinengenerator5-SiemensT8302;89584;Ehingen;Biberacher Stra?e;73;BadenWuerttemberg;Deutschland;1990;;InBetrieb;Biomasse;;Ja;Ja;13,212;13,212;GegendruckmaschinemitEntnahme;Volleinspeisung;Mittelspannung;Netze BW GmbH (SNB948311994307);Nein;
Einzelanlage;SEE931158678738;RWE Generation Hydro GmbH;Koblenz Maschine 1;56073;Koblenz;Pastor-Klein-Stra?e;;RheinlandPfalz;Deutschland;1951;;InBetrieb;Wasser;;Nein;Ja;4;4;Laufwasseranlage;Volleinspeisung;Mittelspannung;Energienetze Mittelrhein GmbH & Co. KG (SNB980055629275);Nein;
Einzelanlage;SEE933592339541;NTT Global Data Centers EMEA GmbH;RHR1-A-D1-720-GEN-001-NEA5;53117;Bonn;Friedrich-W?hler-Str.;67;NordrheinWestfalen;Deutschland;2024;;InBetrieb;Mineraloelprodukte;HeizoelLeicht;Nein;Nein;2,16;2,08;Verbrennungsmotor;TeileinspeisungEigenverbrauch;Niederspannung;Bonn-Netz GmbH (SNB927498960503);Nein;
Einzelanlage;SEE934298270268;Thermische Abfallbehandlung Lauta GmbH & Co. oHG;T.A. Lauta;02991;Lauta;Ind-u Gewg L Stra?e B;5;Sachsen;Deutschland;2004;;InBetrieb;Abfall;AbfallHausmuellSiedlungsabfaelle;Ja;Nein;21;15,7;KondensationsmaschinemitEntnahme;TeileinspeisungEigenverbrauch;Hochspannung;Mitteldeutsche Netzgesellschaft Strom mbH (SNB916269213931);Nein;
Einzelanlage;SEE956216040883;GKS-Gemeinschaftskraftwerk Schweinfurt GmbH;Turbine 2;97424;Schweinfurt;Hafenstra?e;30;Bayern;Deutschland;1990;;InBetrieb;Steinkohle;Steinkohlen;Ja;Nein;11,8;10,2;GegendruckmaschineohneEntnahme;TeileinspeisungEigenverbrauch;Mittelspannung;Stadtwerke Schweinfurt GmbH (SNB922811950100);Nein;
stillgelegte Anlagen;SEE956631893736;Henkel AG & Co. KGaA;F03G1;40589;D?sseldorf;Henkelstra?e;67;NordrheinWestfalen;Deutschland;1963;2025;endg?ltig stillgelegt ohne ? 13b EnWG oder KVBG;Erdgas;ErdgasErdoelgas;Ja;Nein;10;9;GegendruckmaschinemitEntnahme;TeileinspeisungEigenverbrauch;UmspannungZurMittelspannung;Netzgesellschaft D?sseldorf mbH (SNB933956506145);Nein;
Einzelanlage;SEE956884287917;R?hm GmbH;Generator 2;67547;Worms;Im Pfaffenwinkel;6;RheinlandPfalz;Deutschland;1990;;InBetrieb;Erdgas;ErdgasErdoelgas;Ja;Nein;12,3;11,9;GegendruckmaschinemitEntnahme;TeileinspeisungEigenverbrauch;Mittelspannung;EWR Netz GmbH (SNB969068596941);Nein;
Einzelanlage;SEE902267138956;Uniper Kraftwerke GmbH;Kirchm?ser GT 2;14774;Brandenburg;Bahntechnikerring;17;Brandenburg;Deutschland;1994;;InBetrieb;Erdgas;ErdgasErdoelgas;Nein;Nein;63;60;GasturbinenmitnachgeschalteterDampfturbine;Volleinspeisung;Hochspannung;DB Energie GmbH (Bahnstromnetz 16,7 Hz) (SNB942182027607);Nein;
Einzelanlage;SEE905410926998;Forschungszentrum J?lich GmbH;FZJ_WVVZ-03.19_BHKW-1;52428;J?lich;;;NordrheinWestfalen;Deutschland;2022;;InBetrieb;Erdgas;ErdgasErdoelgas;Ja;Nein;4,3;4,3;Verbrennungsmotor;TeileinspeisungEigenverbrauch;UmspannungZurMittelspannung;Westnetz GmbH (SNB921897286493);Nein;
Einzelanlage;SEE905588844841;Sustainable Energy Aschaffenburg GmbH;GuD-Anlage (Dampfturbine);63741;Aschaffenburg;Weichertstra?e;7;Bayern;Deutschland;2013;;InBetrieb;Erdgas;ErdgasErdoelgas;Ja;Nein;16,463;16,2;GegendruckmaschinemitEntnahme;Volleinspeisung;Mittelspannung;Aschaffenburger Versorgungs-GmbH (SNB911081401368);Nein;
Einzelanlage;SEE909908219982;MW Storage NOB GmbH;BESS - DE - ARZBERG - GMRO;95659;Arzberg;Garmersreuth;;Bayern;Deutschland;2025;;InBetrieb;Batteriespeicher;;Nein;Nein;50,5;50,5;Batterie;Volleinspeisung;Hochspannung;Bayernwerk Netz GmbH (SNB940352624434);Nein;
Einzelanlage;SEE961788817153;BASF InfraService & Solutions Lausitz GmbH;DT2;01987;Schwarzheide;Schipkauer Stra?e;1;Brandenburg;Deutschland;1997;;InBetrieb;Erdgas;ErdgasErdoelgas;Nein;Nein;9,256;9,156;KondensationsmaschineohneEntnahme;Volleinspeisung;Mittelspannung;BASF InfraService & Solutions Lausitz GmbH (SNB914411628732);Nein;
Einzelanlage;SEE923965645096;NTT Global Data Centers EMEA GmbH;AA-TF-03-NEA-002;13599;Berlin;Nonnendammallee;15;Berlin;Deutschland;2007;;InBetrieb;Mineraloelprodukte;HeizoelLeicht;Nein;Nein;1,8;1,8;Verbrennungsmotor;TeileinspeisungEigenverbrauch;Niederspannung;Stromnetz Berlin GmbH (SNB979269087643);Nein;
Einzelanlage;SEE960507530304;Universit?t Stuttgart;HKW Pfaffenwald, Generator 50;70569;Stuttgart;Pfaffenwaldring;8;BadenWuerttemberg;Deutschland;1969;;InBetrieb;Erdgas;ErdgasErdoelgas;Ja;Nein;12,1;11,3;GegendruckmaschinemitEntnahme;TeileinspeisungEigenverbrauch;UmspannungZurMittelspannung;Stuttgart Netze GmbH (SNB947592865054);Nein;
Einzelanlage;SEE962564048280;TWS Th?ringer W?rme Service GmbH;HKW Schwarza TS 5;07407;Rudolstadt;Breitscheidstra?e;160;Thueringen;Deutschland;1986;;InBetrieb;Waerme;Dampf;Ja;Nein;8;7,881;GegendruckmaschinemitEntnahme;TeileinspeisungEigenverbrauch;UmspannungZurMittelspannung;EnR Energienetze Rudolstadt GmbH (SNB953495670831);Nein;
Einzelanlage;SEE962906846994;TWS Th?ringer W?rme Service GmbH;HKW Schwarza GT 7;07407;Rudolstadt;Breitscheidstra?e;160;Thueringen;Deutschland;1991;;InBetrieb;Erdgas;ErdgasErdoelgas;Ja;Nein;5,014;4,934;GasturbinenmitAbhitzekessel;TeileinspeisungEigenverbrauch;UmspannungZurMittelspannung;EnR Energienetze Rudolstadt GmbH (SNB953495670831);Nein;
Einzelanlage;SEE965067693100;DK Recycling und Roheisen GmbH;Kraftwerk DK;47053;Duisburg;Werthauser Str.;182;NordrheinWestfalen;Deutschland;2011;;InBetrieb;Erdgas;HochofengasKonvertergas;Ja;Nein;22,1;20,85;KondensationsmaschinemitEntnahme;TeileinspeisungEigenverbrauch;UmspannungZurMittelspannung;Westnetz GmbH (SNB921897286493);Nein;
Einzelanlage;SEE967279432140;INEOS Manufacturing Deutschland;GT13800;50769;K?ln;Alte Str.;201;NordrheinWestfalen;Deutschland;2025;;InBetrieb;Sonstige Energietraeger (nicht erneuerbar);SonstigeHergestellteGase;Ja;Nein;38;35,611;GegendruckmaschinemitEntnahme;Volleinspeisung;UmspannungZurMittelspannung;NETCUR GmbH (SNB974711150357);Nein;
Einzelanlage;SEE975166535577;DSM Nutritional Products GmbH;Dampfturbine DT4;79639;Grenzach-Wyhlen;Emil-Barell-Stra?e;3;BadenWuerttemberg;Deutschland;1979;;InBetrieb;Erdgas;ErdgasErdoelgas;Ja;Nein;8,2;8;KondensationsmaschinemitEntnahme;TeileinspeisungEigenverbrauch;Hochspannung;naturenergie netze GmbH (SNB945502201350);Nein;
Einzelanlage;SEE977812651266;EnBW Energie Baden-W?rttemberg AG;RKI Iffezheim M3;76473;Iffezheim;An der Staustufe;27;BadenWuerttemberg;Deutschland;1978;;InBetrieb;Wasser;;Nein;Ja;27;27;Laufwasseranlage;TeileinspeisungEigenverbrauch;Hochspannung;Netze BW GmbH (SNB948311994307);Ja;27
Einzelanlage;SEE934890098444;naturenergie hochrhein AG;KW Wyhlen Straflo 02;79639;Grenzach-Wyhlen;Am Wasserkraftwerk;;BadenWuerttemberg;Deutschland;1993;;InBetrieb;Wasser;;Nein;Ja;4,6;4,5;Laufwasseranlage;TeileinspeisungEigenverbrauch;Hochspannung;naturenergie netze GmbH (SNB945502201350);Ja;4,5
Einzelanlage;SEE947816911833;Wacker Chemie;Gasturbinenanlage 12;84489;Burghausen;Johannes-Hess-Stra?e;24;Bayern;Deutschland;2001;;InBetrieb;Erdgas;ErdgasErdoelgas;Ja;Nein;141;137;GasturbinenmitAbhitzekessel;TeileinspeisungEigenverbrauch;Hochspannung;Bayernwerk Netz GmbH (SNB940352624434);Nein;
Einzelanlage;SEE919393178787;STEAG Power GmbH;Fenne MKV;66333;V?lklingen;Saarbr?cker Stra?e;135;Saarland;Deutschland;1982;;Netzreserve aufgrund ? 13b EnWG;Steinkohle;Steinkohlen;Ja;Nein;195;179;KondensationsmaschinemitEntnahme;TeileinspeisungEigenverbrauch;Hochspannung;Creos Deutschland GmbH (SNB940133714842);Nein;
Einzelanlage;SEE920992144554;Braunschweiger Versorgungs-AG & Co. KG;HKW Mitte GuD BMHKW;38114;Braunschweig;Reiherstra?e;3;Niedersachsen;Deutschland;2023;;InBetrieb;Erdgas;ErdgasErdoelgas;Ja;Nein;104,24;97,958;Sonstige;Volleinspeisung;Hochspannung;Braunschweiger Netz GmbH (SNB926644622999);Nein;
Einzelanlage;SEE932782707160;Moritz J. Weig GmbH & Co. KG;Dampfturbine 3;56727;Mayen;Polcher Stra?e;113;RheinlandPfalz;Deutschland;2015;;vorl?ufig Stillgelegt;Erdgas;ErdgasErdoelgas;Ja;Nein;28,8;27,5;GegendruckmaschinemitEntnahme;TeileinspeisungEigenverbrauch;Mittelspannung;Energienetze Mittelrhein GmbH & Co. KG (SNB980055629275);Nein;
Einzelanlage;SEE933094075404;UPM GmbH;UPM Schongau HKW 3 DT;86956;Schongau;Friedrich-Haindl-Stra?e;10;Bayern;Deutschland;2014;;InBetrieb;Erdgas;ErdgasErdoelgas;Ja;Nein;30,17;30,17;Sonstige;Volleinspeisung;Hochspannung;LEW Verteilnetz GmbH (SNB911705062982);Nein;
Einzelanlage;SEE956808243722;ENGIE Deutschland GmbH;SEDE607510036;07546;Gera;Siemensstra?e;43;Thueringen;Deutschland;2018;;InBetrieb;Erdgas;ErdgasErdoelgas;Ja;Nein;4,5;4,472;Verbrennungsmotor;Volleinspeisung;Mittelspannung;GeraNetz GmbH (SNB948816192529);Nein;
Einzelanlage;SEE957830042178;AVEA Entsorgungsbetriebe;Turbine 3;51373;Leverkusen;Im Eisholz;12;NordrheinWestfalen;Deutschland;2010;;InBetrieb;Abfall;AbfallHausmuellSiedlungsabfaelle;Ja;Nein;23,65;18,65;KondensationsmaschinemitEntnahme;TeileinspeisungEigenverbrauch;Mittelspannung;RheinNetz GmbH (SNB924477581384);Nein;
Einzelanlage;SEE958702894895;Energieversorgung Schwerin GmbH & Co. Erzeugung KG;SN-Lankow-GUD_1994;19057;Schwerin;Grevesm?hlener Str.;28;MecklenburgVorpommern;Deutschland;1994;;vorl?ufig Stillgelegt;Erdgas;ErdgasErdoelgas;Ja;Nein;8,672;6;GegendruckmaschinemitEntnahme;TeileinspeisungEigenverbrauch;Mittelspannung;Netzgesellschaft Schwerin mbH (NGS) (SNB913130054136);Nein;
Einzelanlage;SEE958847865460;Onyx Kraftwerk Zolling GmbH &Co. KGaA;Kraftwerk Zolling;85406;Zolling;Leiningerstra?e;1;Bayern;Deutschland;1985;;Netzreserve aufgrund von KVBG;Steinkohle;Steinkohlen;Ja;Nein;501;472;KondensationsmaschinemitEntnahme;TeileinspeisungEigenverbrauch;Hoechstspannung;TenneT TSO GmbH (SNB970033313272);Nein;
Einzelanlage;SEE960733358116;Stadtwerke Kempen GmbH;0065 - STW - BHKW - KWK;47906;Kempen;Otto-Schott-Stra?e;4;NordrheinWestfalen;Deutschland;2024;;InBetrieb;Erdgas;ErdgasErdoelgas;Ja;Nein;2,455;2,419;Verbrennungsmotor;Volleinspeisung;Mittelspannung;Stadtwerke Kempen GmbH (SNB943042904373);Nein;
Einzelanlage;SEE919443669678;Iqony Battery System;GBS KW Fenne;66333;V?lklingen;Saarbr?cker Stra?e;135;Saarland;Deutschland;2016;;InBetrieb;Batteriespeicher;;Nein;Nein;15;15;Batterie;Volleinspeisung;Hochspannung;Creos Deutschland GmbH (SNB940133714842);Nein;
Einzelanlage;SEE922519934914;Pfeifer & Langen GmbH & Co. KG;Euskirchen BHKW;53879;Euskirchen;Bonner Stra?e;2;NordrheinWestfalen;Deutschland;2022;;InBetrieb;Erdgas;ErdgasErdoelgas;Ja;Nein;1,2;1,178;Verbrennungsmotor;TeileinspeisungEigenverbrauch;Mittelspannung;Westnetz GmbH (SNB921897286493);Nein;
Einzelanlage;SEE923391382282;BEH Bioenergie Hannover GmbH;Biomethan BHKW Hannover Herrenhausen, Motor 5;30419;Hannover;Leinh?user Weg;5;Niedersachsen;Deutschland;2024;;InBetrieb;Biomasse;;Ja;Ja;4,5;4,5;Verbrennungsmotor;Volleinspeisung;Mittelspannung;enercity Netz GmbH (SNB971746988153);Nein;
Einzelanlage;SEE943565217936;BMW AG;Partition_4;04349;Leipzig;BMW-Allee;1 ;Sachsen;Deutschland;2017;;InBetrieb;Batteriespeicher;;Nein;Nein;3,4;3,4;Batterie;TeileinspeisungEigenverbrauch;Hochspannung;Mitteldeutsche Netzgesellschaft Strom mbH (SNB916269213931);Nein;
Einzelanlage;SEE943866326672;EnBW Energie Baden-W?rttemberg AG;illwerke vkw Vermuntwerk M2;A-6794;Partenen;Vermuntbahnstrasse;47;;Oesterreich;1930;;InBetrieb;Wasser;;Nein;Ja;85;85;Speicherwasseranlage;Volleinspeisung;Hoechstspannung;TransnetBW GmbH (SNB984944755380);Nein;
Einzelanlage;SEE950688444200;Koehler Kehl GmbH;Biomasse-HKW 2 Kehl;77694;Kehl;Bremenw?rtstra?e;5;BadenWuerttemberg;Deutschland;2011;;InBetrieb;Biomasse;;Ja;Ja;2,9;2,6;GegendruckmaschineohneEntnahme;TeileinspeisungEigenverbrauch;Mittelspannung;E-Werk Netze GmbH & Co. KG (SNB913992545742);Nein;
Einzelanlage;SEE951966828576;Zweckverband M?llverwertungsanlage Ingolstadt;Turbine VE 32 ZV MVA IN;85055;Ingolstadt;Am Mailinger Bach;141;Bayern;Deutschland;1996;;InBetrieb;Abfall;AbfallHausmuellSiedlungsabfaelle;Ja;Nein;9,2;7,36;KondensationsmaschinemitEntnahme;TeileinspeisungEigenverbrauch;Niederspannung;Stadtwerke Ingolstadt Netze GmbH (SNB911347846643);Nein;
Einzelanlage;SEE905490507995;Coulomb GmbH;Q_ESS_Luenen;44536;L?nen;Brunnenstra?e;138;NordrheinWestfalen;Deutschland;2016;;InBetrieb;Batteriespeicher;;Nein;Nein;11,92;11,92;Batterie;Volleinspeisung;Mittelspannung;Stadtwerke L?nen GmbH (SNB942111583372);Nein;
Einzelanlage;SEE911507913505;Kelheim Fibres GmbH;Turbine 2;93309;Kelheim;Regensburger Stra?e;109;Bayern;Deutschland;1990;;InBetrieb;Erdgas;ErdgasErdoelgas;Ja;Nein;2,943;2,722;GegendruckmaschineohneEntnahme;TeileinspeisungEigenverbrauch;Mittelspannung;STADTWERKE KELHEIM GmbH & Co KG (SNB965500640463);Nein;
Einzelanlage;SEE902280549463;RWE Generation SE;bnBm GasKW BIB GT3;68647;Biblis;Bei den M?nch?ckern;50;Hessen;Deutschland;2023;;besonderes netztechnisches Betriebsmittel;Erdgas;ErdgasErdoelgas;Nein;Nein;34,8;34,4;GasturbinenohneAbhitzekessel;Volleinspeisung;Hoechstspannung;Amprion GmbH (SNB976890256486);Nein;
Einzelanlage;SEE904052511746;Vattenfall Wasserkraft GmbH;PSW Markersbach PSS D;08352;Raschau-Markersbach;Oberbeckenstra?e;8;Sachsen;Deutschland;1981;;InBetrieb;Pumpspeicher;;Nein;Nein;175;174,2;Pumpspeicher;Volleinspeisung;Hoechstspannung;50Hertz Transmission GmbH (SNB982046657236);Nein;
Einzelanlage;SEE904653296578;Sustainable Energy Aschaffenburg GmbH;DT_neu;63741;Aschaffenburg;Weichertstra?e;7;Bayern;Deutschland;2025;;InBetrieb;Abfall;Industrieabfall;Ja;Nein;3,3;2,98;GegendruckmaschineohneEntnahme;Volleinspeisung;Mittelspannung;Aschaffenburger Versorgungs-GmbH (SNB911081401368);Nein;
Einzelanlage;SEE909927513559;Kraftwerke Mainz-Wiesbaden AG;KW3 GT31;55120;Mainz;Kraftwerkallee;1;RheinlandPfalz;Deutschland;2001;;InBetrieb;Erdgas;ErdgasErdoelgas;Ja;Nein;296,3;291,3;GasturbinenmitAbhitzekessel;TeileinspeisungEigenverbrauch;Hochspannung;Mainzer Netze GmbH (SNB959523885956);Nein;
Einzelanlage;SEE911567250299;Uniper Kraftwerke GmbH;Itzehoe GT;25588;Oldendorf;Stra?e nach Huje;1;SchleswigHolstein;Deutschland;1972;;InBetrieb;Mineraloelprodukte;HeizoelLeicht;Nein;Nein;89;87;GasturbinenohneAbhitzekessel;Volleinspeisung;Hochspannung;Schleswig-Holstein Netz GmbH (SNB990857029876);Nein;
Einzelanlage;SEE915604855232;Sustainable Energy Aschaffenburg GmbH;GuD-Anlage (Gasturbine);63741;Aschaffenburg;Weichertstra?e;7;Bayern;Deutschland;2013;;InBetrieb;Erdgas;ErdgasErdoelgas;Ja;Nein;32,25;31,552;GasturbinenmitAbhitzekessel;Volleinspeisung;Mittelspannung;Aschaffenburger Versorgungs-GmbH (SNB911081401368);Nein;
Einzelanlage;SEE915883553447;Gemeinschaftskraftwerk Irsching GmbH;Irsching 5 DT;85088;Vohburg;Paarstra?e;30;Bayern;Deutschland;2010;;InBetrieb;Erdgas;ErdgasErdoelgas;Nein;Nein;286;282;GasturbinenmitnachgeschalteterDampfturbine;Volleinspeisung;Hoechstspannung;TenneT TSO GmbH (SNB970033313272);Nein;
Einzelanlage;SEE937914003899;Allg?uer ?berlandwerk GmbH;Spitzenlastkraftwerk Veits Dieseltandem 1;87448;Waltenhofen;Veits;13;Bayern;Deutschland;1978;;InBetrieb;Mineraloelprodukte;HeizoelLeicht;Nein;Nein;5,94;5;Verbrennungsmotor;Volleinspeisung;Mittelspannung;Allg?uNetz GmbH & Co. KG (SNB926394308747);Nein;
Einzelanlage;SEE941176001043;RWE Generation Hydro GmbH;Lehmen Maschiene 3;56332;Niederfell;An der B49;;RheinlandPfalz;Deutschland;1962;;InBetrieb;Wasser;;Nein;Ja;5;5;Laufwasseranlage;Volleinspeisung;UmspannungZurMittelspannung;Westnetz GmbH (SNB921897286493);Nein;
Einzelanlage;SEE942100679987;RWE Generation SE;Vianden M6;9463;Stolzembourg;Rue de l'Energie;2;;Luxemburg;1964;;InBetrieb;Pumpspeicher;;Nein;Nein;100;100;Pumpspeicher;TeileinspeisungEigenverbrauch;Hoechstspannung;Amprion GmbH (SNB976890256486);Ja;100
Einzelanlage;SEE942752513288;EGGER Holzwerkstoffe Brilon GmbH & Co. KG;DT1;59929;Brilon;Im Kissen;19;NordrheinWestfalen;Deutschland;2016;;InBetrieb;Biomasse;;Ja;Ja;10;10;KondensationsmaschinemitEntnahme;TeileinspeisungEigenverbrauch;Mittelspannung;Westnetz GmbH (SNB921897286493);Nein;
Einzelanlage;SEE945580171361;Henkel AG & Co. KGaA;F13G5;40589;D?sseldorf;Henkelstra?e;67;NordrheinWestfalen;Deutschland;1980;;InBetrieb;Erdgas;ErdgasErdoelgas;Ja;Nein;20;18;GegendruckmaschinemitEntnahme;TeileinspeisungEigenverbrauch;UmspannungZurMittelspannung;Netzgesellschaft D?sseldorf mbH (SNB933956506145);Nein;
Einzelanlage;SEE950895373805;Energie SaarLorLux AG;Dampfturbinenanlage DT3;66121;Saarbr?cken;Bismarckstra?e;143;Saarland;Deutschland;2011;;InBetrieb;Erdgas;ErdgasErdoelgas;Ja;Nein;34,6;34;KondensationsmaschinemitEntnahme;Volleinspeisung;Hochspannung;Stadtwerke Saarbr?cken Netz AG (SNB985382489820);Nein;
Einzelanlage;SEE955535216191;Crespel & Deiters GmbH & Co. KG;GTS6;49479;Ibbenb?ren;Groner Allee;76;NordrheinWestfalen;Deutschland;2025;;InBetrieb;Erdgas;ErdgasErdoelgas;Ja;Nein;5,4;5,319;GasturbinenmitAbhitzekessel;TeileinspeisungEigenverbrauch;Mittelspannung;SWTE Netz GmbH & Co. KG (SNB950006175489);Nein;
Einzelanlage;SEE956337212497;S?dzucker AG;Dampfturbine I S?dzucker Ochsenfurt;97199;Ochsenfurt;Marktbreiter Stra?e;74;Bayern;Deutschland;1978;;InBetrieb;Waerme;Dampf;Ja;Nein;14,4;13,667;GegendruckmaschineohneEntnahme;TeileinspeisungEigenverbrauch;Mittelspannung;N-ERGIE Netz GmbH (SNB973875583315);Nein;
Einzelanlage;SEE916830465356;Kraftwerke Mainz-Wiesbaden AG;BHKW KW5 5A;55120;Mainz;Kraftwerkallee;1;RheinlandPfalz;Deutschland;2020;;InBetrieb;Erdgas;ErdgasErdoelgas;Ja;Nein;10,02;9,93;Verbrennungsmotor;TeileinspeisungEigenverbrauch;Hochspannung;Mainzer Netze GmbH (SNB959523885956);Nein;
Einzelanlage;SEE918407219966;Neptune Energy Deutschland GmbH;GuD Steinitz - HKW 1;29410;Salzwedel;Bobbenm?rsche;11;SachsenAnhalt;Deutschland;1994;;InBetrieb;Erdgas;ErdgasErdoelgas;Ja;Nein;11,6;11,6;GasturbinenmitnachgeschalteterDampfturbine;TeileinspeisungEigenverbrauch;Mittelspannung;Avacon Netz GmbH (SNB990362338043);Nein;
Einzelanlage;SEE920193460095;Stadtwerke Kiel AG;HKWH Gasturbine 6;24116;Kiel;Goethestra?e;14;SchleswigHolstein;Deutschland;2005;;InBetrieb;Erdgas;ErdgasErdoelgas;Ja;Nein;5,52;5,424;GasturbinenmitAbhitzekessel;Volleinspeisung;Mittelspannung;SWKiel Netz GmbH (SNB973742186519);Nein;
Einzelanlage;SEE960155611554;medl GmbH;medl BHKW Broich Modul 3 neu;45479;M?lheim;Duisburger Stra?e;50;NordrheinWestfalen;Deutschland;2021;;InBetrieb;Erdgas;ErdgasErdoelgas;Ja;Nein;2,673;2,673;Verbrennungsmotor;Volleinspeisung;Mittelspannung;Westnetz GmbH (SNB921897286493);Nein;
Einzelanlage;SEE964717210810;Infraserv GmbH & Co. Wiesbaden KG;Generator 3;65203;Wiesbaden;Rheingaustra?e;190-196;Hessen;Deutschland;1977;;InBetrieb;Erdgas;ErdgasErdoelgas;Ja;Nein;10,573;10,323;GegendruckmaschineohneEntnahme;Volleinspeisung;Mittelspannung;InfraServ GmbH & Co. Wiesbaden KG (SNB960884494671);Nein;
Einzelanlage;SEE968136280119;EnBW Energie Baden-W?rttemberg AG;Rheinhafen- Dampfkraftwerk  RDK 4S DT;76189;Karlsruhe;Fettweisstra?e;42;BadenWuerttemberg;Deutschland;1998;;Netzreserve aufgrund ? 13b EnWG;Erdgas;ErdgasErdoelgas;Nein;Nein;124,5;114;KondensationsmaschineohneEntnahme;Volleinspeisung;Hoechstspannung;TransnetBW GmbH (SNB984944755380);Nein;
Einzelanlage;SEE970579995963;Uniper Kraftwerke GmbH;Scholven 1 DT;45896;Gelsenkirchen;Gl?ckaufstra?e;56;NordrheinWestfalen;Deutschland;2023;;InBetrieb;Waerme;Dampf;Ja;Nein;30,802;30;GegendruckmaschinemitEntnahme;TeileinspeisungEigenverbrauch;Hoechstspannung;Amprion GmbH (SNB976890256486);Nein;
Einzelanlage;SEE938990134545;ZRE Zentrum f?r Ressourcen und Energie GmbH;MVB Borsigstra?e Holz 24;22113;Hamburg;Borsigstra?e;6;Hamburg;Deutschland;2005;;InBetrieb;Biomasse;;Ja;Ja;20,52;20,52;GegendruckmaschinemitEntnahme;TeileinspeisungEigenverbrauch;Hochspannung;Hamburger Energienetze GmbH (SNB968295079586);Nein;
Einzelanlage;SEE905826160993;DB Energie GmbH;Saalachkraftwerk D2;83435;Bad Reichenhall;Thumseestra?e;25;Bayern;Deutschland;1914;;InBetrieb;Wasser;;Nein;Ja;1,75;1,75;Laufwasseranlage;TeileinspeisungEigenverbrauch;Mittelspannung, Mittelspannung, Mittelspannung;Stadtwerke Bad Reichenhall KU (SNB958672501014);Nein;
Einzelanlage;SEE913199703136;Uniper Kraftwerke GmbH;Ro?haupten SKW K2;87672;Ro?haupten;Forggenseestra?e;100;Bayern;Deutschland;1954;;InBetrieb;Wasser;;Nein;Ja;24,9;22,75;Speicherwasseranlage;Volleinspeisung;Hochspannung;LEW Verteilnetz GmbH (SNB911705062982);Nein;
Einzelanlage;SEE913657334902;AUDI;NEC_WERK_PST_S?D;74172;Neckarsulm;NSU-Stra?e;1;BadenWuerttemberg;Deutschland;1994;;InBetrieb;Mineraloelprodukte;AndereMineraloelprodukte;Nein;Nein;20,57;20,57;Verbrennungsmotor;TeileinspeisungEigenverbrauch;Niederspannung;Netze BW GmbH (SNB948311994307);Nein;
Einzelanlage;SEE917943562765;Mainova AG;HKW West Block 2;60327;Frankfurt;Gutleutstra?e;231;Hessen;Deutschland;1990;;InBetrieb;Steinkohle;Steinkohlen;Ja;Nein;69,5;61,5;KondensationsmaschinemitEntnahme;Volleinspeisung;Hoechstspannung;NRM Netzdienste Rhein-Main GmbH (SNB921899277833);Nein;
Einzelanlage;SEE934395809149;Rheinkraftwerk Albbruck-Dogern AG;RADAG M2;79774;Albbruck;Kraftwerkstra?e;34;BadenWuerttemberg;Deutschland;1934;;InBetrieb;Wasser;;Nein;Ja;27,94;27,94;Laufwasseranlage;Volleinspeisung;Hochspannung;Amprion GmbH (SNB976890256486);Ja;27,94
Einzelanlage;SEE944354997350;Emschergenossenschaft;Erdgas BHKW KLA Bottrop Ag. 1;46238;Bottrop;In der Welheimer Mark;190;NordrheinWestfalen;Deutschland;2021;;InBetrieb;Erdgas;ErdgasErdoelgas;Ja;Nein;2,676;2,676;Verbrennungsmotor;TeileinspeisungEigenverbrauch;UmspannungZurMittelspannung;Westnetz GmbH (SNB921897286493);Nein;
Einzelanlage;SEE946476002431;Kelheim Fibres GmbH;Turbine 6;93309;Kelheim;Regensburger Stra?e;109;Bayern;Deutschland;1970;;InBetrieb;Erdgas;ErdgasErdoelgas;Ja;Nein;22,5;20,815;GegendruckmaschinemitEntnahme;TeileinspeisungEigenverbrauch;Mittelspannung;STADTWERKE KELHEIM GmbH & Co KG (SNB965500640463);Nein;
Einzelanlage;SEE980274382876;EnBW Energie Baden-W?rttemberg AG;RKI Iffezheim M6 Fischpass;76473;Iffezheim;An der Staustufe;27;BadenWuerttemberg;Deutschland;2001;;InBetrieb;Wasser;;Nein;Ja;1,05;1,05;Laufwasseranlage;TeileinspeisungEigenverbrauch;Hochspannung;Netze BW GmbH (SNB948311994307);Ja;1,05
Einzelanlage;SEE980331579218;EnBW Energie Baden-W?rttemberg AG;Rheinhafen-Dampfkraftwerk RDK 8;76189;Karlsruhe;Fettweisstra?e;42;BadenWuerttemberg;Deutschland;2014;;InBetrieb;Steinkohle;Steinkohlen;Ja;Nein;912;834;GegendruckmaschinemitEntnahme;TeileinspeisungEigenverbrauch;Hoechstspannung;TransnetBW GmbH (SNB984944755380);Nein;
Einzelanlage;SEE980608407671;N-ERGIE Kraftwerke GmbH;HKW Sandreuth (DT1);90441;N?rnberg;Sandreuthstra?e;55a;Bayern;Deutschland;2010;;InBetrieb;Erdgas;ErdgasErdoelgas;Ja;Nein;16,076;15,596;GegendruckmaschineohneEntnahme;Volleinspeisung;Mittelspannung;N-ERGIE Netz GmbH (SNB973875583315);Nein;
Einzelanlage;SEE928983473973;Westag AG;BHKW-G;33378;Rheda-Wiedenbr?ck;Hellweg;15;NordrheinWestfalen;Deutschland;2016;;InBetrieb;Erdgas;ErdgasErdoelgas;Ja;Nein;1,999;1,999;Verbrennungsmotor;TeileinspeisungEigenverbrauch;Mittelspannung;Westnetz GmbH (SNB921897286493);Nein;
Einzelanlage;SEE931353190974;VERBUND Innkraftwerke GmbH;Kraftwerk Neu?tting MS3;84524;Neu?tting;Innstra?e;11;Bayern;Deutschland;1951;;InBetrieb;Wasser;;Nein;Ja;8,7;8,7;Laufwasseranlage;Volleinspeisung;Hochspannung;Bayernwerk Netz GmbH (SNB940352624434);Nein;
Einzelanlage;SEE934292362181;Fernheizwerk Neuk?lln AG;Fernheizwerk 6-BHKW 8;12059;Berlin;Weigandufer;49;Berlin;Deutschland;2020;;InBetrieb;Erdgas;ErdgasErdoelgas;Ja;Nein;1,9998;1,9758;Verbrennungsmotor;Volleinspeisung;Mittelspannung;Stromnetz Berlin GmbH (SNB979269087643);Nein;
Einzelanlage;SEE940474876544;RWE Generation Hydro GmbH;M?den Maschine 1;56254;M?den;An der B416;;RheinlandPfalz;Deutschland;1965;;InBetrieb;Wasser;;Nein;Ja;4,1;4,1;Laufwasseranlage;Volleinspeisung;Mittelspannung;Westnetz GmbH (SNB921897286493);Nein;
Einzelanlage;SEE924169304048;Uniper Kraftwerke GmbH;Kaufering K(Ro)3;86916;Kaufering;Lechfeldwiesen;;Bayern;Deutschland;1975;;InBetrieb;Wasser;;Nein;Ja;6,1;5,567;Laufwasseranlage;Volleinspeisung;Hochspannung;LEW Verteilnetz GmbH (SNB911705062982);Nein;
Einzelanlage;SEE924474026383;Biomethan Produktion Ottersberg GmbH;Motor 5;28870;Ottersberg;Am Damm;26;Niedersachsen;Deutschland;2005;;InBetrieb;Biomasse;;Ja;Ja;1,048;1,048;Verbrennungsmotor;Volleinspeisung;Mittelspannung;EWE NETZ GmbH (SNB951051725711);Nein;
Einzelanlage;SEE927303933470;Nordland Papier GmbH;Nordland GuD-Anlage ND-DTS;26892;D?rpen;Nordlandallee;1;Niedersachsen;Deutschland;2022;;InBetrieb;Erdgas;ErdgasErdoelgas;Ja;Nein;4,1;3,995;GegendruckmaschineohneEntnahme;Volleinspeisung;Mittelspannung;EWE NETZ GmbH (SNB951051725711);Nein;
Einzelanlage;SEE927436598478;BMW AG;Werk 1.5 KWK 4;80937;M?nchen;Knorrstra?e;147;Bayern;Deutschland;2019;;InBetrieb;Erdgas;ErdgasErdoelgas;Ja;Nein;3,431;3,36;Verbrennungsmotor;TeileinspeisungEigenverbrauch;Mittelspannung;SWM Infrastruktur GmbH & Co. KG (SNB969473762610);Nein;
Einzelanlage;SEE930232746332;Uniper Kraftwerke GmbH;Scheuring K(Ro)1;86937;Scheuring;;;Bayern;Deutschland;1980;;InBetrieb;Wasser;;Nein;Ja;4,5;4,067;Laufwasseranlage;Volleinspeisung;Hochspannung;LEW Verteilnetz GmbH (SNB911705062982);Nein;
Einzelanlage;SEE930595548697;Uniper Kraftwerke GmbH;Walchenseekraftwerk D F1;82431;Kochel;Altjoch;21;Bayern;Deutschland;1924;;InBetrieb;Wasser;;Nein;Ja;18;18;Speicherwasseranlage;Volleinspeisung;Hochspannung;Bayernwerk Netz GmbH (SNB940352624434);Nein;
Einzelanlage;SEE932907515472;Obton Storage GmbH & Co. KG;Elsteraue Battery Storage;06729;Elsteraue;Dr.-Bergius-Stra?e;904 B;SachsenAnhalt;Deutschland;2022;;InBetrieb;Batteriespeicher;;Nein;Nein;13,8;13,8;Batterie;Volleinspeisung;Niederspannung;Mitteldeutsche Netzgesellschaft Strom mbH (SNB916269213931);Nein;
stillgelegte Anlagen;SEE934591835126;SWN Stadtwerke Neum?nster GmbH;T4;24534;Neum?nster;Bismarckstra?e;51;SchleswigHolstein;Deutschland;1974;2024;endg?ltig stillgelegt ohne ? 13b EnWG oder KVBG;Steinkohle;Steinkohlen;Ja;Nein;17,36;14,105;GegendruckmaschinemitEntnahme;TeileinspeisungEigenverbrauch;Mittelspannung;Schleswig-Holstein Netz GmbH (SNB990857029876);Nein;
Einzelanlage;SEE901050642113;EVH GmbH;Heizkraftwerk Dieselstra?e Block C;06130;Halle;Dieselstra?e;141;SachsenAnhalt;Deutschland;2020;;InBetrieb;Erdgas;ErdgasErdoelgas;Ja;Nein;57,322;57,322;GasturbinenmitAbhitzekessel;Volleinspeisung;UmspannungZurMittelspannung;Energieversorgung Halle Netz GmbH (SNB982934611074);Nein;
Einzelanlage;SEE904662075126;Sachsenmilch Leppersdorf GmbH;7712MKA10-GT2;01454;Wachau;An den Breiten;;Sachsen;Deutschland;2014;;InBetrieb;Erdgas;ErdgasErdoelgas;Ja;Nein;15,45;14,885;GasturbinenmitAbhitzekessel;TeileinspeisungEigenverbrauch;UmspannungZurHochspannung;SachsenNetze HS.HD GmbH (SNB968914838013);Nein;
Einzelanlage;SEE921399860047;Stadtwerke Rosenheim GmbH & Co. KG;GM2;83022;Rosenheim;F?rberstra?e;47;Bayern;Deutschland;2011;;InBetrieb;Erdgas;ErdgasErdoelgas;Ja;Nein;3,352;3,285;Verbrennungsmotor;TeileinspeisungEigenverbrauch;Mittelspannung;Stadtwerke Rosenheim Netze GmbH (SNB988838479086);Nein;
Einzelanlage;SEE927343891853;Emschergenossenschaft;DT KLA Bottrop;46238;Bottrop;In der Welheimer Mark;190;NordrheinWestfalen;Deutschland;2017;;InBetrieb;Biomasse;;Nein;Ja;4,5;4,5;KondensationsmaschinemitEntnahme;TeileinspeisungEigenverbrauch;UmspannungZurMittelspannung;Westnetz GmbH (SNB921897286493);Nein;
Einzelanlage;SEE937536026146;BEW Berliner Energie und W?rme GmbH;GuD Marzahn Gasturbine;12681;Berlin;Allee der Kosmonauten;26 B;Berlin;Deutschland;2020;;InBetrieb;Erdgas;ErdgasErdoelgas;Ja;Nein;196;189,5;GasturbinenmitnachgeschalteterDampfturbine;TeileinspeisungEigenverbrauch;Hochspannung;Stromnetz Berlin GmbH (SNB979269087643);Nein;
Einzelanlage;SEE946069613440;Stadtwerke Frankfurt (Oder) GmbH;HKW FFO GM1;15236;Frankfurt;Am Hohen Feld;4;Brandenburg;Deutschland;2022;;InBetrieb;Erdgas;ErdgasErdoelgas;Ja;Nein;10,423;10,3584;Verbrennungsmotor;TeileinspeisungEigenverbrauch;Mittelspannung;Netzgesellschaft Frankfurt (Oder) mbH (SNB954814647626);Nein;
Einzelanlage;SEE916894674336;GLOBALFOUNDRIES Dresden Module One LLC & Co. KG;Gasmotoren-Blockheizkraftwerk II (Generator 3);01468;Moritzburg;Ringstra?e;3;Sachsen;Deutschland;2004;;InBetrieb;Erdgas;ErdgasErdoelgas;Ja;Nein;3,832;3,772;Verbrennungsmotor;TeileinspeisungEigenverbrauch;Mittelspannung;SachsenNetze GmbH (SNB980808485264);Nein;
Einzelanlage;SEE924793743626;LEW Wasserkraft;Gersthofen M5;86368;Gersthofen;Adolf-von-Baeyer-Stra?e;1;Bayern;Deutschland;1901;;InBetrieb;Wasser;;Nein;Ja;1,974;1,969;Laufwasseranlage;TeileinspeisungEigenverbrauch;Mittelspannung;LEW Verteilnetz GmbH (SNB911705062982);Nein;
Einzelanlage;SEE925648480314;medl GmbH;medl BHKW Broich Modul 1;45479;M?lheim;Duisburger Stra?e;50;NordrheinWestfalen;Deutschland;2014;;InBetrieb;Biomasse;;Ja;Ja;3,293;3,293;Verbrennungsmotor;Volleinspeisung;Mittelspannung;Westnetz GmbH (SNB921897286493);Nein;
Einzelanlage;SEE929865645150;INEOS Manufacturing Deutschland;Turbine 24;50769;K?ln;Alte Str.;201;NordrheinWestfalen;Deutschland;1966;;InBetrieb;Sonstige Energietraeger (nicht erneuerbar);SonstigeHergestellteGase;Nein;Nein;10,4;10,4;KondensationsmaschineohneEntnahme;TeileinspeisungEigenverbrauch;UmspannungZurMittelspannung;NETCUR GmbH (SNB974711150357);Nein;
Einzelanlage;SEE934999181948;Uniper Kraftwerke GmbH;Unterbergen K(Ro)2;86511;Schmiechen;Lechfeldstra?e;;Bayern;Deutschland;1983;;InBetrieb;Wasser;;Nein;Ja;4,7;4,067;Laufwasseranlage;Volleinspeisung;Hochspannung;LEW Verteilnetz GmbH (SNB911705062982);Nein;
Einzelanlage;SEE936922240418;RWE Generation Hydro GmbH;Lehmen Maschine 4;56332;Niederfell;An der B49;;RheinlandPfalz;Deutschland;1962;;InBetrieb;Wasser;;Nein;Ja;5;5;Laufwasseranlage;Volleinspeisung;UmspannungZurMittelspannung;Westnetz GmbH (SNB921897286493);Nein;
Einzelanlage;SEE939429845179;Querdel Energie GmbH;Querdel SKW Biomethan1;48336;Sassenberg;;;NordrheinWestfalen;Deutschland;2023;;InBetrieb;Biomasse;;Ja;Ja;3,352;3,352;Verbrennungsmotor;Volleinspeisung;Mittelspannung;Westnetz GmbH (SNB921897286493);Nein;
Einzelanlage;SEE942369834141;Zanders Paper GmbH;Kraftwerk Zanders Paper GmbH;51465;Bergisch Gladbach;An der Gohrsm?hle;25;NordrheinWestfalen;Deutschland;1989;;InBetrieb;Erdgas;ErdgasErdoelgas;Ja;Nein;21,56;21,06;GegendruckmaschinemitEntnahme;TeileinspeisungEigenverbrauch;Hochspannung;RheinNetz GmbH (SNB924477581384);Nein;
Einzelanlage;SEE957163765348;ORION Engineered Carbons GmbH;Generator 3;50997;K?ln;Harry-Kloepfer-Str.;1;NordrheinWestfalen;Deutschland;2020;;InBetrieb;Sonstige Energietraeger (nicht erneuerbar);AndereGase;Ja;Nein;14;13,4;GegendruckmaschinemitEntnahme;TeileinspeisungEigenverbrauch;Mittelspannung;Westnetz GmbH (SNB921897286493);Nein;
Einzelanlage;SEE901789931854;SWM Services GmbH;SWM HKW Sued GuD1 GT2;81371;M?nchen;Sch?ftlarnstra?e;15;Bayern;Deutschland;1980;;InBetrieb;Erdgas;ErdgasErdoelgas;Ja;Nein;98,9;97,9;GasturbinenmitAbhitzekessel;TeileinspeisungEigenverbrauch;Hochspannung;SWM Infrastruktur GmbH & Co. KG (SNB969473762610);Nein;
Einzelanlage;SEE902686859227;Nordzucker AG Werk Uelzen;Generator 2;29525;Uelzen;An der Zuckerfabrik;1;Niedersachsen;Deutschland;1965;;InBetrieb;Erdgas;ErdgasErdoelgas;Ja;Nein;17,1;14,9;GegendruckmaschinemitEntnahme;TeileinspeisungEigenverbrauch;Mittelspannung;Stadtwerke Uelzen GmbH (SNB965557517831);Nein;
Einzelanlage;SEE908125004449;Lausitz Energie Kraftwerke AG;Boxberg Block P;02943;Boxberg;Am Kraftwerk;1;Sachsen;Deutschland;1980;;InBetrieb;Braunkohle;Rohbraunkohlen;Ja;Nein;540;500;KondensationsmaschinemitEntnahme;TeileinspeisungEigenverbrauch;Hoechstspannung;50Hertz Transmission GmbH (SNB982046657236);Nein;
Einzelanlage;SEE917303295586;eins energie in sachsen GmbH & Co. KG;Motor-Heizkraftwerk Chemnitz-S?d, Motor 4;09125;Chemnitz;S?dstra?e;1;Sachsen;Deutschland;2022;;InBetrieb;Erdgas;ErdgasErdoelgas;Ja;Nein;12,9;12,7314;Verbrennungsmotor;TeileinspeisungEigenverbrauch;Hochspannung;inetz GmbH (SNB916663914472);Nein;
Einzelanlage;SEE920672219015;K?MMERER Energie GmbH;Generator 5;49090;Osnabr?ck;R?mereschstra?e;33;Niedersachsen;Deutschland;1977;;InBetrieb;Braunkohle;Wirbelschichtkohle;Ja;Nein;16,5;9,8;Sonstige;TeileinspeisungEigenverbrauch;Mittelspannung;SWO Netz GmbH (SNB943662886851);Nein;
Einzelanlage;SEE930248546148;Uniper Kraftwerke GmbH;Landau K1;94431;Pilsting;Stauseestra?e;1;Bayern;Deutschland;1984;;InBetrieb;Wasser;;Nein;Ja;4,2;4,2;Laufwasseranlage;Volleinspeisung;Mittelspannung;Bayernwerk Netz GmbH (SNB940352624434);Nein;
Einzelanlage;SEE970667868155;Stadtwerke Flensburg;Gasturbine 13;24939;Flensburg;Batteriestra?e;48;SchleswigHolstein;Deutschland;2022;;InBetrieb;Erdgas;ErdgasErdoelgas;Ja;Nein;60,6;60;GasturbinenmitAbhitzekessel;Volleinspeisung;Mittelspannung;Stadtwerke Flensburg GmbH (SNB922220582657);Nein;
Einzelanlage;SEE972526098451;Stadtwerke W?rzburg AG;Heizkraftwerk an der Friedensbr?cke DampfturbineIII;97080;W?rzburg;Veitsh?chheimer Stra?e;1;Bayern;Deutschland;1971;;InBetrieb;Erdgas;ErdgasErdoelgas;Ja;Nein;23,5;23;KondensationsmaschinemitEntnahme;Volleinspeisung;Mittelspannung;Mainfranken Netze GmbH (SNB915316807789);Nein;
Einzelanlage;SEE972922507168;swb Erzeugung AG & Co. KG;BHKW Hastedt Motor 01;28207;Bremen;Hastedter Osterdeich;255;Bremen;Deutschland;2022;;InBetrieb;Erdgas;ErdgasErdoelgas;Ja;Nein;11,8095;11,6794;Verbrennungsmotor;Volleinspeisung;Hochspannung;wesernetz Bremen GmbH (SNB942238573102);Nein;
Einzelanlage;SEE979394589432;Uniper Kraftwerke GmbH;Aufkirchen E F2;85445;Oberding;Bayernwerkstra?e;1;Bayern;Deutschland;1924;;InBetrieb;Wasser;;Nein;Ja;9;9;Laufwasseranlage;Volleinspeisung;Hochspannung;DB Energie GmbH (Bahnstromnetz 16,7 Hz) (SNB942182027607);Nein;
Einzelanlage;SEE979426528330;SWU Energie GmbH;BHKW Neu-Ulm M2;89231;Neu-Ulm;Bradleystra?e;32 1/2;Bayern;Deutschland;2021;;InBetrieb;Erdgas;ErdgasErdoelgas;Ja;Nein;2,676;2,622;Verbrennungsmotor;Volleinspeisung;Mittelspannung;Stadtwerke Ulm/Neu-Ulm Netze GmbH (SNB934068635945);Nein;
Einzelanlage;SEE918714025250;EnBW Energie Baden-W?rttemberg AG;illwerke vkw Kopswerk I M1;A-6793;Gaschurn;Kopswerk;;;Oesterreich;1969;;InBetrieb;Wasser;;Nein;Ja;96;96;Speicherwasseranlage;Volleinspeisung;Hoechstspannung;TransnetBW GmbH (SNB984944755380);Nein;
Einzelanlage;SEE921503407342;Wacker Chemie;Turbine/Generator 10;84489;Burghausen;Johannes-Hess-Stra?e;24;Bayern;Deutschland;2014;;InBetrieb;Erdgas;ErdgasErdoelgas;Ja;Nein;37,8;37,6;GegendruckmaschinemitEntnahme;TeileinspeisungEigenverbrauch;Mittelspannung;Bayernwerk Netz GmbH (SNB940352624434);Nein;
Einzelanlage;SEE924286409503;IKW R?dersdorf GmbH;IKW R?dersdorf;15562;R?dersdorf;Siedlerweg;11;Brandenburg;Deutschland;2007;;InBetrieb;Abfall;Industrieabfall;Ja;Nein;35,54;30;KondensationsmaschinemitEntnahme;TeileinspeisungEigenverbrauch;Hochspannung;E.DIS Netz GmbH (SNB941690671609);Nein;
Einzelanlage;SEE933265744528;Uniper Kraftwerke GmbH;Hemfurth F1;34549;Edertal;Randstra?e;;Hessen;Deutschland;1915;;InBetrieb;Wasser;;Nein;Ja;10;10;Speicherwasseranlage;Volleinspeisung;Hochspannung;Avacon Netz GmbH (SNB990362338043);Nein;
Einzelanlage;SEE936042422251;Kraftwerk Neuss GmbH;GT;41460;Neuss;D?sseldorfer Stra?e;182-184;NordrheinWestfalen;Deutschland;2025;;InBetrieb;Erdgas;ErdgasErdoelgas;Ja;Nein;16,971;16,871;GasturbinenmitAbhitzekessel;TeileinspeisungEigenverbrauch;Mittelspannung;Westnetz GmbH (SNB921897286493);Nein;
Einzelanlage;SEE936411567903;EnBW Energie Baden-W?rttemberg AG;WKW Rudolf-Fettweis-Werk Murgwerk M4;76596;Forbach;Werkstra?e;5;BadenWuerttemberg;Deutschland;1918;;InBetrieb;Wasser;;Nein;Ja;4,4;4,4;Speicherwasseranlage;TeileinspeisungEigenverbrauch;Hochspannung;Netze BW GmbH (SNB948311994307);Nein;
Einzelanlage;SEE936473203580;TEAG Th?ringer Energie AG;Gasmotor 2 Jena;07745;Jena;Rudolst?dter Stra?e;41;Thueringen;Deutschland;2022;;InBetrieb;Erdgas;ErdgasErdoelgas;Ja;Nein;12,616;12,175;Verbrennungsmotor;Volleinspeisung;UmspannungZurMittelspannung;TEN Th?ringer Energienetze GmbH & Co. KG (SNB970821959712);Nein;
Einzelanlage;SEE937544161082;SpreeStromErzeugungs GmbH;EBS Heizkraftwerk Spremberg;03130;Spremberg;An der Heide;A9;Brandenburg;Deutschland;2012;;InBetrieb;Abfall;Industrieabfall;Ja;Nein;22,707;17,5;KondensationsmaschinemitEntnahme;TeileinspeisungEigenverbrauch;Mittelspannung;Mitteldeutsche Netzgesellschaft Strom mbH (SNB916269213931);Nein;
Einzelanlage;SEE953815288937;Batteriespeicher Immenstadt GmbH & Co. KG;BESS Immenstadt;87509;Immenstadt;;;Bayern;Deutschland;2025;;InBetrieb;Batteriespeicher;;Nein;Nein;15,8;15,8;Batterie;Volleinspeisung;Mittelspannung;Allg?uNetz GmbH & Co. KG (SNB926394308747);Nein;
Einzelanlage;SEE957496380690;Lausitz Energie Kraftwerke AG;Gasturbinenkraftwerk Thyrow GT B;15806;Zossen;Am Umspannwert;12;Brandenburg;Deutschland;1987;;Kapazit?tsreserve aufgrund von ? 13e EnWG;Erdgas;ErdgasErdoelgas;Nein;Nein;37,6;37,104;GasturbinenohneAbhitzekessel;Volleinspeisung;Hochspannung;50Hertz Transmission GmbH (SNB982046657236);Nein;
Einzelanlage;SEE966331411864;Lausitz Energie Kraftwerke AG;Kraftwerk Lippendorf Block R;04575;Neukieritzsch;Hauptstra?e;200;Sachsen;Deutschland;2000;;InBetrieb;Braunkohle;Rohbraunkohlen;Ja;Nein;942;891;KondensationsmaschinemitEntnahme;Volleinspeisung;Hoechstspannung;50Hertz Transmission GmbH (SNB982046657236);Nein;
Einzelanlage;SEE923223371170;Donau-Wasserkraft AG;Vohburg E K1;85088;Vohburg;Am Stausee;1;Bayern;Deutschland;1992;;InBetrieb;Wasser;;Nein;Ja;9,7;7,76;Laufwasseranlage;Volleinspeisung;Hochspannung;DB Energie GmbH (Bahnstromnetz 16,7 Hz) (SNB942182027607);Nein;
Einzelanlage;SEE925878652192;RWE Generation Hydro GmbH;Enkirch Maschine 1;56850;Enkirch;An der B 53;1;RheinlandPfalz;Deutschland;1966;;InBetrieb;Wasser;;Nein;Ja;4,6;4,6;Laufwasseranlage;Volleinspeisung;Mittelspannung;Westnetz GmbH (SNB921897286493);Nein;
Einzelanlage;SEE911097916719;Model Sachsen Papier GmbH;Gasturbine Model Sachsen Papier;04838;Eilenburg;Am Schanzberg;1;Sachsen;Deutschland;2009;;InBetrieb;Erdgas;ErdgasErdoelgas;Ja;Nein;30,6493;30,6493;GasturbinenmitnachgeschalteterDampfturbine;TeileinspeisungEigenverbrauch;Hochspannung;Mitteldeutsche Netzgesellschaft Strom mbH (SNB916269213931);Nein;
Einzelanlage;SEE912994271871;thyssenkrupp Steel Europe AG;Hamborn 3;47166;Duisburg;Kaiser-Wilhelm-Str.;100;NordrheinWestfalen;Deutschland;1958;;InBetrieb;Sonstige Energietraeger (nicht erneuerbar);HochofengasKonvertergas;Ja;Nein;64;59,6;KondensationsmaschinemitEntnahme;TeileinspeisungEigenverbrauch;Hochspannung;Amprion GmbH (SNB976890256486);Nein;
Einzelanlage;SEE914740925915;SWP Stadtwerke Pforzheim;MOT 2;75175;Pforzheim;Hohwiesenweg;19;BadenWuerttemberg;Deutschland;2021;;InBetrieb;Erdgas;ErdgasErdoelgas;Ja;Nein;10,387;10,285;Verbrennungsmotor;TeileinspeisungEigenverbrauch;Hochspannung;SWP Stadtwerke Pforzheim GmbH & Co. KG (SNB929168402344);Nein;
Einzelanlage;SEE915666168653;EEW Energy from Waste Saarbr?cken GmbH;MHKW  Pirmasens Verbrennung II;66954;Pirmasens;Staffelberg;4;RheinlandPfalz;Deutschland;2022;;InBetrieb;Abfall;AbfallHausmuellSiedlungsabfaelle;Ja;Nein;19,15;16,4;KondensationsmaschinemitEntnahme;TeileinspeisungEigenverbrauch;Mittelspannung;Stadtwerke Pirmasens Versorgungs GmbH (SNB955001358523);Nein;
Einzelanlage;SEE915966254872;thyssenkrupp Steel Europe AG;Hamborn 5;47166;Duisburg;Kaiser-Wilhelm-Str.;100;NordrheinWestfalen;Deutschland;2003;;InBetrieb;Sonstige Energietraeger (nicht erneuerbar);HochofengasKonvertergas;Ja;Nein;241;225;KondensationsmaschinemitEntnahme;TeileinspeisungEigenverbrauch;Hochspannung;Amprion GmbH (SNB976890256486);Nein;
Einzelanlage;SEE919286948329;Gunvor Raffinerie Ingolstadt GmbH;Kraftwerk GRI;85092;K?sching;Essostra?e;1 ;Bayern;Deutschland;1964;;InBetrieb;Erdgas;ErdgasErdoelgas;Ja;Nein;7,8;7,8;GegendruckmaschinemitEntnahme;None;Hochspannung;Bayernwerk Netz GmbH (SNB940352624434);Nein;
Einzelanlage;SEE927716043575;EEW Energy from Waste Hannover GmbH;MVA EEW Hannover;30659;Hannover;Moorwaldweg;310;Niedersachsen;Deutschland;2005;;InBetrieb;Abfall;AbfallHausmuellSiedlungsabfaelle;Ja;Nein;29,6;27,2;KondensationsmaschinemitEntnahme;TeileinspeisungEigenverbrauch;Hochspannung;Avacon Netz GmbH (SNB990362338043);Nein;
Einzelanlage;SEE931261988564;naturenergie hochrhein AG;KW Wyhlen Straflo 01;79639;Grenzach-Wyhlen;Am Wasserkraftwerk;;BadenWuerttemberg;Deutschland;1992;;InBetrieb;Wasser;;Nein;Ja;4,6;4,5;Laufwasseranlage;TeileinspeisungEigenverbrauch;Hochspannung;naturenergie netze GmbH (SNB945502201350);Ja;4,5
Einzelanlage;SEE946556052639;GSH Green Steam H?rth GmbH;GSH Green Steam H?rth GmbH;50354;H?rth;Bertrams-Jagdweg;12;NordrheinWestfalen;Deutschland;2023;;InBetrieb;Biomasse;;Ja;Ja;20;18,3;KondensationsmaschinemitEntnahme;Volleinspeisung;Hochspannung;Westnetz GmbH (SNB921897286493);Nein;
Einzelanlage;SEE953605889740;enercity AG;Batteriespeicher Herrenhausen;30419;Hannover;Leinh?user Weg;5;Niedersachsen;Deutschland;2017;;InBetrieb;Batteriespeicher;;Nein;Nein;14;14;Batterie;Volleinspeisung;Hochspannung;enercity Netz GmbH (SNB971746988153);Nein;
Einzelanlage;SEE923304040681;RWE Generation SE;Gersteinwerk F GT (F1);59368;Werne;Hammer Stra?e;2;NordrheinWestfalen;Deutschland;1972;;Kapazit?tsreserve aufgrund von ? 13e EnWG;Erdgas;ErdgasErdoelgas;Nein;Nein;72;55;GasturbinenmitnachgeschalteterDampfturbine;TeileinspeisungEigenverbrauch;Hochspannung;Westnetz GmbH (SNB921897286493);Nein;
Einzelanlage;SEE942841758538;EnBW Energie Baden-W?rttemberg AG;illwerke vkw Kopswerk II M2;A-6793;Gaschurn;Montafoner Strasse;;;Oesterreich;2008;;InBetrieb;Pumpspeicher;;Nein;Nein;175;175;Pumpspeicher;Volleinspeisung;Hoechstspannung;TransnetBW GmbH (SNB984944755380);Nein;
Einzelanlage;SEE945779125267;ENGIE Deutschland Erneuerbare GmbH;Pfreimd T2;92723;T?nnesberg;Tanzm?hle;4;Bayern;Deutschland;2000;;InBetrieb;Wasser;;Nein;Ja;3,3;3,3;Laufwasseranlage;Volleinspeisung;Mittelspannung;Bayernwerk Netz GmbH (SNB940352624434);Nein;
Einzelanlage;SEE957189569340;EnBW Energie Baden-W?rttemberg AG;illwerke vkw Kopswerk II M3;A-6793;Gaschurn;Montafoner Strasse;;;Oesterreich;2008;;InBetrieb;Pumpspeicher;;Nein;Nein;175;175;Pumpspeicher;Volleinspeisung;Hoechstspannung;TransnetBW GmbH (SNB984944755380);Nein;
Einzelanlage;SEE962376547568;naturenergie hochrhein AG;KW Rheinfelden Maschine 4;4310;Rheinfelden;Chleigr?t;;;Schweiz;2010;;InBetrieb;Wasser;;Nein;Ja;23,6;22,9;Laufwasseranlage;TeileinspeisungEigenverbrauch;Hochspannung;naturenergie netze GmbH (SNB945502201350);Ja;22,9
stillgelegte Anlagen;SEE922145299326;Gothaer Stadtwerke ENERGIE;KWK-Modul 13 Gotha West;99867;Gotha;Waltersh?user Stra?e;98 a;Thueringen;Deutschland;2016;2026;endg?ltig stillgelegt ohne ? 13b EnWG oder KVBG;Erdgas;ErdgasErdoelgas;Ja;Nein;2;1,984;Verbrennungsmotor;TeileinspeisungEigenverbrauch;Mittelspannung;Gothaer Stadtwerke NETZ GmbH (SNB961316124487);Nein;
Einzelanlage;SEE928382664095;Pfleiderer Neumarkt GmbH;KWK Neumarkt;92318;Neumarkt;Dreichlingerstra?e;76;Bayern;Deutschland;2001;;InBetrieb;Biomasse;;Ja;Ja;4;3;GegendruckmaschinemitEntnahme;Volleinspeisung;Mittelspannung;Stadtwerke Neumarkt i. d. OPf. Energie GmbH (SNB989365725226);Nein;
Einzelanlage;SEE929405778768;RWE Generation Hydro GmbH;Enkirch Maschine 2;56850;Enkirch;An der B 53;1;RheinlandPfalz;Deutschland;1966;;InBetrieb;Wasser;;Nein;Ja;4,6;4,6;Laufwasseranlage;Volleinspeisung;Mittelspannung;Westnetz GmbH (SNB921897286493);Nein;
Einzelanlage;SEE932989146397;BTB Blockheizkraftwerks-, Tr?ger- und Betreibergesellschaft;NEZ Adlershof Modul 4;12489;Berlin;Albert-Einstein-Stra?e;22;Berlin;Deutschland;2010;;InBetrieb;Erdgas;ErdgasErdoelgas;Ja;Nein;2;1,97;Verbrennungsmotor;TeileinspeisungEigenverbrauch;Mittelspannung;Energienetze Berlin GmbH (SNB917314328846);Nein;
Einzelanlage;SEE944095305490;Stadtwerke W?rzburg AG;Heizkraftwerk an der Friedensbr?cke GasturbineII;97080;W?rzburg;Veitsh?chheimer Stra?e;1;Bayern;Deutschland;2009;;InBetrieb;Erdgas;ErdgasErdoelgas;Ja;Nein;30,5;30;GasturbinenmitAbhitzekessel;Volleinspeisung;Hochspannung;Mainfranken Netze GmbH (SNB915316807789);Nein;
Einzelanlage;SEE946029200710;Universit?tsklinkum Freiburg und Bad Krozingen;Dampfturbine 2;79106;Freiburg;Hartmannstra?e;1;BadenWuerttemberg;Deutschland;1970;;InBetrieb;Erdgas;ErdgasErdoelgas;Ja;Nein;8,3;8,13;GegendruckmaschinemitEntnahme;TeileinspeisungEigenverbrauch;Mittelspannung;badenovaNETZE GmbH (SNB965774651691);Nein;
Einzelanlage;SEE920801236685;SYNEQT GmbH;Kraftwerk VII, Block 71, DT710;45772;Marl;Paul-Baumann-Stra?e;1;NordrheinWestfalen;Deutschland;2022;;InBetrieb;Erdgas;ErdgasErdoelgas;Ja;Nein;36,33;36,23;GegendruckmaschinemitEntnahme;Volleinspeisung;Hochspannung;CPM Netz GmbH (SNB956923775696);Nein;
Einzelanlage;SEE920847840785;Stadtwerke M?nchen GmbH;SWM Uppenborn 1 Gen3;85368;Wang;Werkstra?e;25;Bayern;Deutschland;1930;;InBetrieb;Wasser;;Nein;Ja;8,8;8,8;Laufwasseranlage;TeileinspeisungEigenverbrauch;Hochspannung;SWM Infrastruktur GmbH & Co. KG (SNB969473762610);Nein;
Einzelanlage;SEE924343365650;Firma Mercedes-Benz AG Werk 050 HPC NC50 LN-Nr.: 17319765;W050-TS_Mercedes-Benz Werk Sindelfingen HKW Gasturbine 1;71063;Sindelfingen;Bela-Barenyi-Str.;;BadenWuerttemberg;Deutschland;2013;;InBetrieb;Erdgas;ErdgasErdoelgas;Ja;Nein;31,517;29,941;GasturbinenmitAbhitzekessel;TeileinspeisungEigenverbrauch;Hochspannung;Netze BW GmbH (SNB948311994307);Nein;
Einzelanlage;SEE926693191903;Uniper Kraftwerke GmbH;Pfrombach D F4;85368;Moosburg;Am Kraftwerk;1;Bayern;Deutschland;1929;;InBetrieb;Wasser;;Nein;Ja;4,38;4,38;Laufwasseranlage;Volleinspeisung;Hochspannung;Bayernwerk Netz GmbH (SNB940352624434);Nein;
Einzelanlage;SEE926900618322;envia THERM GmbH;Sermuth BHKW 1;04680;Colditz;Am Umspannwerk;2;Sachsen;Deutschland;1995;;InBetrieb;Mineraloelprodukte;HeizoelLeicht;Nein;Nein;7,2;5,7;Verbrennungsmotor;Volleinspeisung;Hochspannung;Mitteldeutsche Netzgesellschaft Strom mbH (SNB916269213931);Nein;
Einzelanlage;SEE927168175756;Mark-E Aktiengesellschaft;Pumpspeicherwerk R?nkhausen PSW1;57413;Finnentrop;Glinge;9;NordrheinWestfalen;Deutschland;2019;;InBetrieb;Pumpspeicher;;Nein;Nein;69;69;Pumpspeicher;Volleinspeisung;Hochspannung;ENERVIE Vernetzt GmbH (SNB921319639913);Nein;
Einzelanlage;SEE927582792126;M?nch NextGen Storage GmbH;BESS Leuna 2;06217;Merseburg;;;SachsenAnhalt;Deutschland;2026;;InBetrieb;Batteriespeicher;;Nein;Nein;50,94;46,332;Batterie;Volleinspeisung;UmspannungZurMittelspannung;Mitteldeutsche Netzgesellschaft Strom mbH (SNB916269213931);Nein;
Einzelanlage;SEE930982693153;Knapsack Power GmbH & Co. KG;Knapsack I - Gasturbine  GT11;50354;H?rth;Industriestra?e;300;NordrheinWestfalen;Deutschland;2007;;InBetrieb;Erdgas;ErdgasErdoelgas;Nein;Nein;295;295;GasturbinenmitnachgeschalteterDampfturbine;Volleinspeisung;Hoechstspannung;Amprion GmbH (SNB976890256486);Nein;
Einzelanlage;SEE939211785720;OMV Deutschland Operations GmbH & Co. KG;Dampfgeneratorturbine 1;84489;Burghausen;Haiminger Stra?e;1;Bayern;Deutschland;1970;;InBetrieb;Erdgas;ErdgasErdoelgas;Ja;Nein;8;7,8;KondensationsmaschinemitEntnahme;None;Niederspannung;Bayernwerk Netz GmbH (SNB940352624434);Nein;
Einzelanlage;SEE914438115895;EVH GmbH;Heizkraftwerk Dieselstra?e Block A;06130;Halle;Dieselstra?e;141;SachsenAnhalt;Deutschland;2020;;InBetrieb;Erdgas;ErdgasErdoelgas;Ja;Nein;57,646;56,845;GasturbinenmitnachgeschalteterDampfturbine;Volleinspeisung;UmspannungZurMittelspannung;Energieversorgung Halle Netz GmbH (SNB982934611074);Nein;
Einzelanlage;SEE922518617825;Koehler Kehl GmbH;Biomasse-HKW 1 Kehl;77694;Kehl;Bremenw?rtstra?e;5;BadenWuerttemberg;Deutschland;2002;;InBetrieb;Biomasse;;Ja;Ja;8,6;7,94;GegendruckmaschineohneEntnahme;TeileinspeisungEigenverbrauch;Mittelspannung;E-Werk Netze GmbH & Co. KG (SNB913992545742);Nein;
Einzelanlage;SEE923597137761;Sasol Germany GmbH;DT1;25541;Brunsb?ttel;Fritz-Staiger-Stra?e;15;SchleswigHolstein;Deutschland;1993;;InBetrieb;Waerme;Dampf;Nein;Nein;1,45;1,31;KondensationsmaschineohneEntnahme;TeileinspeisungEigenverbrauch;Mittelspannung;Stadtwerke Brunsb?ttel GmbH (SNB951835062254);Nein;
Einzelanlage;SEE925158531827;EVH GmbH;Heizkraftwerk Dieselstra?e NEA;06130;Halle;Dieselstra?e;141;SachsenAnhalt;Deutschland;2020;;InBetrieb;Erdgas;ErdgasErdoelgas;Ja;Nein;1,56;1,541;Verbrennungsmotor;TeileinspeisungEigenverbrauch;Mittelspannung;Energieversorgung Halle Netz GmbH (SNB982934611074);Nein;
Einzelanlage;SEE931406146903;Ruhr Oel GmbH ? BP Gelsenkirchen;LBG-1/599;45896;Gelsenkirchen;Pawiker Stra?e;30;NordrheinWestfalen;Deutschland;2025;;InBetrieb;Sonstige Energietraeger (nicht erneuerbar);AndereGase;Nein;Nein;15;15;KondensationsmaschineohneEntnahme;Volleinspeisung;Mittelspannung;Gelsenkirchen Raffinerie Netz GmbH (SNB939191427887);Nein;
Einzelanlage;SEE931485815622;Stadtwerke M?nchen GmbH;SWM Uppenborn 2 Gen2;84184;Tiefenbach;Schlo?berg;1;Bayern;Deutschland;1951;;InBetrieb;Wasser;;Nein;Ja;6;6;Laufwasseranlage;TeileinspeisungEigenverbrauch;Hochspannung;SWM Infrastruktur GmbH & Co. KG (SNB969473762610);Nein;
Einzelanlage;SEE935253303649;BMW AG;BMW Landshut KWK 6;84030;Landshut;Neidenburger Stra?e;13;Bayern;Deutschland;2018;;InBetrieb;Erdgas;ErdgasErdoelgas;Ja;Nein;4,473;4,3;Verbrennungsmotor;TeileinspeisungEigenverbrauch;Mittelspannung;Stadtwerke Landshut (SNB928992067729);Nein;
Einzelanlage;SEE935645540645;naturenergie hochrhein AG;KW Wyhlen Francis 07;79639;Grenzach-Wyhlen;Am Wasserkraftwerk;;BadenWuerttemberg;Deutschland;1912;;InBetrieb;Wasser;;Nein;Ja;2,184;2,166;Laufwasseranlage;TeileinspeisungEigenverbrauch;Hochspannung;naturenergie netze GmbH (SNB945502201350);Ja;2,166
Einzelanlage;SEE927477486369;Uniper Kraftwerke GmbH;Scheuring K(Ro)3;86937;Scheuring;;;Bayern;Deutschland;1980;;InBetrieb;Wasser;;Nein;Ja;4,5;4,067;Laufwasseranlage;Volleinspeisung;Hochspannung;LEW Verteilnetz GmbH (SNB911705062982);Nein;
Einzelanlage;SEE941844408532;envia THERM GmbH;Gro?kayna GT2;06242;Gro?kayna;Werkstra?e;1;SachsenAnhalt;Deutschland;1994;;InBetrieb;Mineraloelprodukte;HeizoelLeicht;Nein;Nein;45,625;45,625;GasturbinenohneAbhitzekessel;Volleinspeisung;Hochspannung;Mitteldeutsche Netzgesellschaft Strom mbH (SNB916269213931);Nein;
Einzelanlage;SEE943210695102;VW Kraftwerk GmbH;DT30 GuD S?d Wolfsburg;38440;Wolfsburg;Berliner Ring;2;Niedersachsen;Deutschland;2021;;InBetrieb;Waerme;Dampf;Ja;Nein;37;36,2;GegendruckmaschinemitEntnahme;Volleinspeisung;Hochspannung;VW KRAFTWERK Gesellschaft mit beschr?nkter Haftung (SNB978865527096);Nein;
Einzelanlage;SEE944172882906;S?dzucker AG;Biogas BHKW S?dzucker Rain;86641;Rain;Donauw?rther Stra?e;50;Bayern;Deutschland;2006;;InBetrieb;Biomasse;;Ja;Ja;1,364;1,364;Verbrennungsmotor;Volleinspeisung;Mittelspannung;LEW Verteilnetz GmbH (SNB911705062982);Nein;
Einzelanlage;SEE947227591686;naturenergie holding AG;KW Laufenburg Maschine 7;5080;Laufenburg;Baslerstrasse;;;Schweiz;1991;;InBetrieb;Wasser;;Nein;Ja;10,6;10,442;Laufwasseranlage;Volleinspeisung;Hochspannung;naturenergie netze GmbH (SNB945502201350);Ja;10,442
Einzelanlage;SEE955634700423;EnBW Energie Baden-W?rttemberg AG;WKW S?ckingen M2;79713;Bad S?ckingen;Murger Weg;2;BadenWuerttemberg;Deutschland;1966;;InBetrieb;Wasser;;Nein;Ja;23;23;Laufwasseranlage;TeileinspeisungEigenverbrauch;Hochspannung;Netze BW GmbH (SNB948311994307);Ja;9,2
Einzelanlage;SEE957229968300;RWE Power AG;Niederau?em H;50129;Bergheim;Werkstr.;;NordrheinWestfalen;Deutschland;1974;;InBetrieb;Braunkohle;Rohbraunkohlen;Ja;Nein;690;648;KondensationsmaschinemitEntnahme;TeileinspeisungEigenverbrauch;Hoechstspannung;Amprion GmbH (SNB976890256486);Nein;
Einzelanlage;SEE959025997980;TEAG Th?ringer Energie AG;Gasturbine 3 Jena;07745;Jena;Rudolst?dter Stra?e;41;Thueringen;Deutschland;1996;;InBetrieb;Erdgas;ErdgasErdoelgas;Ja;Nein;40;39;GasturbinenmitAbhitzekessel;Volleinspeisung;UmspannungZurMittelspannung;TEN Th?ringer Energienetze GmbH & Co. KG (SNB970821959712);Nein;
Einzelanlage;SEE961660070034;RheinEnergie AG;Block 4 Merkenich RheinEnergie;50769;K?ln;Merkenicher Hauptstr.;2;NordrheinWestfalen;Deutschland;2010;;InBetrieb;Erdgas;ErdgasErdoelgas;Ja;Nein;18,1;15,5;GegendruckmaschineohneEntnahme;Volleinspeisung;Mittelspannung;RheinNetz GmbH (SNB924477581384);Nein;
Einzelanlage;SEE926027902403;Caterpillar Energy Solutions;P16;68167;Mannheim;Carl-Benz-Stra?e;1;BadenWuerttemberg;Deutschland;1939;;InBetrieb;Erdgas;ErdgasErdoelgas;Nein;Nein;2,3;2,3;Verbrennungsmotor;TeileinspeisungEigenverbrauch;Mittelspannung;MVV Netze GmbH (SNB985472799266);Nein;
Einzelanlage;SEE926313104276;SYNEQT GmbH;Kraftwerk VI, Block 62, GT621;45772;Marl;Paul-Baumann-Stra?e;1;NordrheinWestfalen;Deutschland;2022;;InBetrieb;Erdgas;ErdgasErdoelgas;Ja;Nein;56,5;55,014;GasturbinenmitnachgeschalteterDampfturbine;Volleinspeisung;Hochspannung;CPM Netz GmbH (SNB956923775696);Nein;
Einzelanlage;SEE926356200836;Rolls-Royce Solutions Augsburg GmbH;Pr?fstand 4;86165;Augsburg;Dasinger Stra?e;11;Bayern;Deutschland;2003;;InBetrieb;Erdgas;None;Nein;Nein;4;3,95;Verbrennungsmotor;TeileinspeisungEigenverbrauch;Mittelspannung;swa Netze GmbH (SNB958077102830);Nein;
Einzelanlage;SEE927766801477;Papier- u. Kartonfabrik Varel GmbH & Co. KG;PKV Dampfsammelschienen-KWK-Anlage Generator / Turbine DT 11;26316;Varel;Dangaster Stra?e;38;Niedersachsen;Deutschland;1965;;InBetrieb;Waerme;Dampf;Ja;Nein;3,76;3,647;GegendruckmaschineohneEntnahme;TeileinspeisungEigenverbrauch;Mittelspannung;EWE NETZ GmbH (SNB951051725711);Nein;
Einzelanlage;SEE933647139935;Rhein-Main-Donau GmbH;Geisling K1;93102;Pfatter;Wiesenweg;100;Bayern;Deutschland;1985;;InBetrieb;Wasser;;Nein;Ja;8,333;8,333;Laufwasseranlage;Volleinspeisung;Hochspannung;Bayernwerk Netz GmbH (SNB940352624434);Nein;
Einzelanlage;SEE933745405604;Vattenfall Wasserkraft GmbH;PSW Hohenwarte 2 PSS E;07338;Hohenwarte;Pre?witzer Stra?e;25;Thueringen;Deutschland;1965;;InBetrieb;Pumpspeicher;;Nein;Nein;40;39,7;Pumpspeicher;Volleinspeisung;Hoechstspannung;50Hertz Transmission GmbH (SNB982046657236);Nein;
Einzelanlage;SEE935147494255;RWE Supply & Trading GmbH;Batteriespeicher Herdecke 2;58313;Herdecke;Im Schiffwinkel;43;NordrheinWestfalen;Deutschland;2021;;InBetrieb;Batteriespeicher;;Nein;Nein;6,08;6,08;Batterie;Volleinspeisung;UmspannungZurMittelspannung;Westnetz GmbH (SNB921897286493);Nein;
Einzelanlage;SEE935809614632;Infraserv GmbH & Co. H?chst KG;IPH Strom GT4;65929;Frankfurt;Br?ningstra?e;50;Hessen;Deutschland;1956;;InBetrieb;Erdgas;ErdgasErdoelgas;Ja;Nein;6,57;6,153;GegendruckmaschineohneEntnahme;Volleinspeisung;Mittelspannung;Infraserv Netze GmbH (SNB977535807001);Nein;
Einzelanlage;SEE925692039025;Sappi Ehingen GmbH;Schnellanlaufturbine (Howden);89584;Ehingen;Biberacher Stra?e;73;BadenWuerttemberg;Deutschland;2024;;InBetrieb;Waerme;Dampf;Nein;Nein;1,099;1,099;GegendruckmaschineohneEntnahme;TeileinspeisungEigenverbrauch;Niederspannung;Netze BW GmbH (SNB948311994307);Nein;
Einzelanlage;SEE954482465522;VERBUND Energy4Business Germany GmbH;Batterie Hessisch Lichtenau;37235;Hessisch Lichtenau;;;Hessen;Deutschland;2022;;InBetrieb;Batteriespeicher;;Nein;Nein;12;12;Batterie;Volleinspeisung;Mittelspannung;EAM Netz GmbH (SNB971311555230);Nein;
Einzelanlage;SEE955292024220;Zweckverband M?llverwertung Schwandorf;MKW SAD Turbine 4;92421;Schwandorf;Alustra?e;7;Bayern;Deutschland;1982;;InBetrieb;Abfall;AbfallHausmuellSiedlungsabfaelle;Ja;Nein;10;10;KondensationsmaschinemitEntnahme;Volleinspeisung;Hochspannung;Bayernwerk Netz GmbH (SNB940352624434);Nein;
Einzelanlage;SEE956217502250;Salzgitter Flachstahl GmbH;GGT HO A;38239;Salzgitter;Eisenh?ttenstra?e;99;Niedersachsen;Deutschland;1998;;InBetrieb;Sonstige Energietraeger (nicht erneuerbar);;Nein;Nein;10,222;8;Sonstige;TeileinspeisungEigenverbrauch;Hoechstspannung;TenneT TSO GmbH (SNB970033313272);Nein;
Einzelanlage;SEE957285549260;Stadtwerke Flensburg;Dampfturbine 9;24939;Flensburg;Batteriestra?e;48;SchleswigHolstein;Deutschland;1988;;InBetrieb;Steinkohle;Steinkohlen;Ja;Nein;35,9;32,9;GegendruckmaschineohneEntnahme;Volleinspeisung;Mittelspannung;Stadtwerke Flensburg GmbH (SNB922220582657);Nein;
Einzelanlage;SEE961328936443;Stadtwerke T?bingen GmbH;BHKW Obere Viehweide M2 (Waldh?user Str 100);72076;T?bingen;Waldh?user Stra?e;100;BadenWuerttemberg;Deutschland;2013;;InBetrieb;Erdgas;ErdgasErdoelgas;Ja;Nein;3,352;3,286;Verbrennungsmotor;TeileinspeisungEigenverbrauch;Mittelspannung;Stadtwerke T?bingen GmbH (SNB921695080347);Nein;
Einzelanlage;SEE961687984079;Universit?t Stuttgart;HKW Pfaffenwald, Generator 41;70569;Stuttgart;Pfaffenwaldring;8;BadenWuerttemberg;Deutschland;1988;;InBetrieb;Erdgas;ErdgasErdoelgas;Ja;Nein;5,2;4,9;GasturbinenmitnachgeschalteterDampfturbine;TeileinspeisungEigenverbrauch;UmspannungZurMittelspannung;Stuttgart Netze GmbH (SNB947592865054);Nein;
Einzelanlage;SEE967844487346;Stadtwerke W?rzburg AG;Heizkraftwerk an der Friedensbr?cke GasturbineI;97080;W?rzburg;Veitsh?chheimer Stra?e;1;Bayern;Deutschland;2005;;InBetrieb;Erdgas;ErdgasErdoelgas;Ja;Nein;51,5;51;GasturbinenmitAbhitzekessel;Volleinspeisung;Hochspannung;Mainfranken Netze GmbH (SNB915316807789);Nein;
Einzelanlage;SEE968474056711;Infraserv GmbH & Co. Wiesbaden KG;Generator 6;65203;Wiesbaden;Rheingaustra?e;190-196;Hessen;Deutschland;2021;;InBetrieb;Erdgas;ErdgasErdoelgas;Ja;Nein;22,111;21,861;GasturbinenmitAbhitzekessel;Volleinspeisung;Mittelspannung;InfraServ GmbH & Co. Wiesbaden KG (SNB960884494671);Nein;
Einzelanlage;SEE923412553844;DREWSEN Spezialpapiere GmbH & Co. KG;GuD Anlage DREWSEN Spezialpapiere (Dampfturbine);29331;Lachendorf;Georg-Drewsen-Weg;2;Niedersachsen;Deutschland;2000;;InBetrieb;Erdgas;ErdgasErdoelgas;Ja;Nein;9,28;9;GasturbinenmitnachgeschalteterDampfturbine;TeileinspeisungEigenverbrauch;Hochspannung;Avacon Netz GmbH (SNB990362338043);Nein;
Einzelanlage;SEE923729511377;Freiberger Erdgas GmbH;BHKW2 Chemnitzer Stra?e 40;09599;Freiberg;Chemnitzer Stra?e;40;Sachsen;Deutschland;2013;;InBetrieb;Erdgas;ErdgasErdoelgas;Ja;Nein;4,401;4,313;Verbrennungsmotor;TeileinspeisungEigenverbrauch;UmspannungZurMittelspannung;Mitteldeutsche Netzgesellschaft Strom mbH (SNB916269213931);Nein;
Einzelanlage;SEE923959807806;BASF SE;Turbine 3;68169;Mannheim;Otto-Hahn-Stra?e;1;BadenWuerttemberg;Deutschland;2006;;InBetrieb;Abfall;AbfallHausmuellSiedlungsabfaelle;Nein;Nein;11,3;11,14;KondensationsmaschinemitEntnahme;TeileinspeisungEigenverbrauch;Mittelspannung;MVV Netze GmbH (SNB985472799266);Nein;
Einzelanlage;SEE925333539921;RWE Generation SE;Koepchenwerk Bl.;58313;Herdecke;Im Schiffwinkel;43;NordrheinWestfalen;Deutschland;1989;;InBetrieb;Pumpspeicher;;Nein;Nein;165;162;Pumpspeicher;Volleinspeisung;Hochspannung;Westnetz GmbH (SNB921897286493);Nein;
Einzelanlage;SEE932713248328;Biomasse Rhein-Main GmbH;BMKW Wicker;65439;Fl?rsheim;Rhein-Main-Deponiepark;5;Hessen;Deutschland;2003;;InBetrieb;Biomasse;;Nein;Ja;15;12,712;KondensationsmaschineohneEntnahme;TeileinspeisungEigenverbrauch;Mittelspannung;Syna GmbH (SNB918250928893);Nein;
Einzelanlage;SEE933095868289;Versorgungsbetriebe Bordesholm GmbH;Batteriespeicherkraftwerk;24582;Bordesholm;Bahnhofstra?e;13;SchleswigHolstein;Deutschland;2019;;InBetrieb;Batteriespeicher;;Nein;Nein;15;15;Batterie;None;Mittelspannung;Versorgungsbetriebe Bordesholm GmbH (SNB973519584647);Nein;
Einzelanlage;SEE937878572653;Donau-Wasserkraft AG;Langenprozelten E F2;97737;Gem?nden;Am Sindersbach;25;Bayern;Deutschland;1976;;InBetrieb;Pumpspeicher;;Nein;Nein;84,2;82;Pumpspeicher;Volleinspeisung;Hochspannung;DB Energie GmbH (Bahnstromnetz 16,7 Hz) (SNB942182027607);Nein;
Einzelanlage;SEE933741679870;Stadt Solingen;Dampfturbineneinheit 1;42655;Solingen;Sandstra?e;16a;NordrheinWestfalen;Deutschland;1969;;InBetrieb;Abfall;AbfallHausmuellSiedlungsabfaelle;Ja;Nein;5,3;2,8;KondensationsmaschinemitEntnahme;Volleinspeisung;Mittelspannung;SWS Netze Solingen GmbH (SNB969362778135);Nein;
Einzelanlage;SEE936690179729;Daimler Truck AG;BHKW1(GKWK-MA-0015);68305;Mannheim;Hanns-Martin-Schleyer-Stra?e;21;BadenWuerttemberg;Deutschland;2017;;InBetrieb;Erdgas;ErdgasErdoelgas;Ja;Nein;4,185;4,101;Verbrennungsmotor;TeileinspeisungEigenverbrauch;UmspannungZurMittelspannung;MVV Netze GmbH (SNB985472799266);Nein;
Einzelanlage;SEE918916993708;envia THERM GmbH;Wolfen GT;06766;Bitterfeld-Wolfen;Sensientstra?e;7;SachsenAnhalt;Deutschland;1996;;InBetrieb;Erdgas;ErdgasErdoelgas;Nein;Nein;50;50;GasturbinenohneAbhitzekessel;Volleinspeisung;Hochspannung;Mitteldeutsche Netzgesellschaft Strom mbH (SNB916269213931);Nein;
Einzelanlage;SEE919296928137;Kraftwerk Obernburg;Sammelschienen-Kraftwerk Gas- und Dampfturbinen;63906;Erlenbach;Glanzstoffstr.;1;Bayern;Deutschland;1956;;InBetrieb;Erdgas;ErdgasErdoelgas;Ja;Nein;116,149;112,719;GasturbinenmitnachgeschalteterDampfturbine;Volleinspeisung;Mittelspannung;Mainsite GmbH & Co. KG (SNB974647435931);Nein;
Einzelanlage;SEE922767690112;LEW Wasserkraft;Oberpeiching M1;86698;Oberndorf;;;Bayern;Deutschland;1954;;InBetrieb;Wasser;;Nein;Ja;6,15;6,145;Laufwasseranlage;TeileinspeisungEigenverbrauch;Mittelspannung;LEW Verteilnetz GmbH (SNB911705062982);Nein;
Einzelanlage;SEE925074451797;naturenergie holding AG;KW Laufenburg Maschine 10;5080;Laufenburg;Baslerstrasse;;;Schweiz;1992;;InBetrieb;Wasser;;Nein;Ja;10,6;10,442;Laufwasseranlage;TeileinspeisungEigenverbrauch;Hochspannung;naturenergie netze GmbH (SNB945502201350);Ja;10,442
Einzelanlage;SEE928263467494;Universit?tsklinikum Bonn;016 BHKW Modul 2;53127;Bonn;Venusberg-Campus;1;NordrheinWestfalen;Deutschland;2016;;InBetrieb;Erdgas;ErdgasErdoelgas;Ja;Nein;2,05;2,05;Verbrennungsmotor;TeileinspeisungEigenverbrauch;Mittelspannung;Bonn-Netz GmbH (SNB927498960503);Nein;
Einzelanlage;SEE932773773501;ZF Friedrichshafen AG;ZF-FRD-W04-G32-Pr?fstand-A05;88046;Friedrichshafen;Graf-von-Soden-Platz;1;BadenWuerttemberg;Deutschland;2019;;InBetrieb;Mineraloelprodukte;Dieselkraftstoff;Nein;Nein;1,672;1,672;Verbrennungsmotor;TeileinspeisungEigenverbrauch;UmspannungZurMittelspannung;Stadtwerk am See GmbH & Co. KG (SNB993059842564);Nein;
Einzelanlage;SEE922914399295;Mercer Rosenthal GmbH;Mercer Rosenthal;07366;Rosenthal;Hauptstra?e;16;Thueringen;Deutschland;1999;;InBetrieb;Biomasse;;Ja;Ja;57,235;53,1;KondensationsmaschinemitEntnahme;TeileinspeisungEigenverbrauch;Mittelspannung;TEN Th?ringer Energienetze GmbH & Co. KG (SNB970821959712);Nein;
Einzelanlage;SEE923244371197;Stadtwerke Leipzig GmbH;Heizkraftwerk Leipzig Nord GT81;04105;Leipzig;Eutritzscher Stra?e;14 b;Sachsen;Deutschland;1996;;InBetrieb;Erdgas;None;Ja;Nein;64,783;63,54;GasturbinenmitnachgeschalteterDampfturbine;TeileinspeisungEigenverbrauch;Hochspannung;Mitteldeutsche Netzgesellschaft Strom mbH (SNB916269213931);Nein;
Einzelanlage;SEE924756001060;Fernw?rme Ulm GmbH;BioHKW I;89077;Ulm;Magirusstra?e;21;BadenWuerttemberg;Deutschland;2004;;InBetrieb;Biomasse;;Ja;Ja;9,6;8,6;GegendruckmaschinemitEntnahme;Volleinspeisung;Mittelspannung;Stadtwerke Ulm/Neu-Ulm Netze GmbH (SNB934068635945);Nein;
Einzelanlage;SEE925723270861;J. M. Voith SE & Co. KG;HDH_004_Industrieheizkraftwerk-Heidenheim_GM1;89522;Heidenheim;Alexanderstra?e;8;BadenWuerttemberg;Deutschland;2014;;InBetrieb;Erdgas;ErdgasErdoelgas;Ja;Nein;4,401;4,225;Verbrennungsmotor;TeileinspeisungEigenverbrauch;Mittelspannung;Hellenstein-Energie-Logistik GmbH (SNB924453035597);Nein;
Einzelanlage;SEE929967552172;Schluchseewerk AG;KW Wehr MS A9;79664;Wehr;Todtmooser Stra?e;150;BadenWuerttemberg;Deutschland;1975;;InBetrieb;Pumpspeicher;;Nein;Nein;227,5;227,5;Pumpspeicher;None;Hoechstspannung;Amprion GmbH (SNB976890256486);Nein;
Einzelanlage;SEE936443066245;Zweckverband Thermische Abfallverwertung Donautal;M?llheizkraftwerk Ulm-Donautal Turbine;89079;Ulm;Siemensstra?e;1;BadenWuerttemberg;Deutschland;1997;;InBetrieb;Abfall;AbfallHausmuellSiedlungsabfaelle;Ja;Nein;11;8,7;KondensationsmaschinemitEntnahme;TeileinspeisungEigenverbrauch;Mittelspannung;Stadtwerke Ulm/Neu-Ulm Netze GmbH (SNB934068635945);Nein;
Einzelanlage;SEE957253837467;Schluchseewerk AG;KW Waldshut MS A6;79761;Waldshut-Tiengen;Kraftwerkstra?e;13;BadenWuerttemberg;Deutschland;1952;;InBetrieb;Pumpspeicher;;Nein;Nein;44;44;Pumpspeicher;None;Hochspannung;Amprion GmbH (SNB976890256486);Nein;
Einzelanlage;SEE960175509510;swb Erzeugung AG & Co. KG;BHKW Hastedt Motor 07;28207;Bremen;Hastedter Osterdeich;255;Bremen;Deutschland;2022;;InBetrieb;Erdgas;ErdgasErdoelgas;Ja;Nein;11,8096;11,6794;Verbrennungsmotor;TeileinspeisungEigenverbrauch;Hochspannung;wesernetz Bremen GmbH (SNB942238573102);Nein;
Einzelanlage;SEE963192915654;Universit?t Stuttgart;HKW Pfaffenwald, Generator 43;70569;Stuttgart;Pfaffenwaldring;8;BadenWuerttemberg;Deutschland;1963;;InBetrieb;Waerme;Dampf;Ja;Nein;2,6;2,4;GegendruckmaschinemitEntnahme;TeileinspeisungEigenverbrauch;UmspannungZurMittelspannung;Stuttgart Netze GmbH (SNB947592865054);Nein;
Einzelanlage;SEE964170331206;Zweckverband f?r Abfallwirtschaft in Nordwest-Oberfranken;MHKW Coburg;96450;Coburg;Glender Stra?e;30;Bayern;Deutschland;1988;;InBetrieb;Abfall;AbfallHausmuellSiedlungsabfaelle;Ja;Nein;10,6;10,6;GegendruckmaschinemitEntnahme;TeileinspeisungEigenverbrauch;Mittelspannung;S?C Energie und H?O GmbH (SNB968862623211);Nein;
Einzelanlage;SEE968458734758;RWE Generation SE;Vianden M8;9463;Stolzembourg;Rue de l'Energie;2;;Luxemburg;1963;;InBetrieb;Pumpspeicher;;Nein;Nein;100;100;Pumpspeicher;TeileinspeisungEigenverbrauch;Hoechstspannung;Amprion GmbH (SNB976890256486);Ja;100
Einzelanlage;SEE929161243203;Uniper Kraftwerke GmbH;Staudinger 5;63538;Gro?krotzenburg;Hanauer Landstra?e;150;Hessen;Deutschland;1992;;Netzreserve aufgrund von KVBG;Steinkohle;Steinkohlen;Ja;Nein;550;522;KondensationsmaschinemitEntnahme;Volleinspeisung;Hoechstspannung;TenneT TSO GmbH (SNB970033313272);Nein;
Einzelanlage;SEE929182899328;Daimler Truck AG;Pr?fst?nde Br?hl 3/52;73733;Esslingen;Palmenwaldstra?e;27;BadenWuerttemberg;Deutschland;2019;;InBetrieb;Mineraloelprodukte;Dieselkraftstoff;Nein;Nein;20,758;20,758;Verbrennungsmotor;TeileinspeisungEigenverbrauch;Mittelspannung;Netze BW GmbH (SNB948311994307);Nein;
Einzelanlage;SEE931704712701;green flexibility BESS Balzhausen 2 GmbH;BESS Balzhausen 2 green flexibility;86483;Balzhausen;;;Bayern;Deutschland;2026;;InBetrieb;Batteriespeicher;;Nein;Nein;38,3;38,3;Batterie;Volleinspeisung;UmspannungZurMittelspannung;LEW Verteilnetz GmbH (SNB911705062982);Nein;
stillgelegte Anlagen;SEE932657881513;Delkeskamp Verpackungswerke GmbH;KWK-Anlage Gasturbine 1;49638;Nortrup;Hauptstra?e;15;Niedersachsen;Deutschland;1996;2022;endg?ltig stillgelegt ohne ? 13b EnWG oder KVBG;Erdgas;ErdgasErdoelgas;Ja;Nein;4,96;4,811;GasturbinenmitAbhitzekessel;TeileinspeisungEigenverbrauch;UmspannungZurMittelspannung;Westnetz GmbH (SNB921897286493);Nein;
Einzelanlage;SEE937617144974;AUDI;IN_N19_KWKK_GT1;85057;Ingolstadt;Ettinger Stra?e;105;Bayern;Deutschland;1998;;InBetrieb;Erdgas;ErdgasErdoelgas;Ja;Nein;5,1;4,985;GasturbinenmitAbhitzekessel;TeileinspeisungEigenverbrauch;Mittelspannung;Bayernwerk Netz GmbH (SNB940352624434);Nein;
Einzelanlage;SEE953266686481;SWN Stadtwerke Neum?nster GmbH;T2;24534;Neum?nster;Bismarckstra?e;51;SchleswigHolstein;Deutschland;1982;;vorl?ufig Stillgelegt;Steinkohle;Steinkohlen;Ja;Nein;12,8;9,545;GegendruckmaschinemitEntnahme;TeileinspeisungEigenverbrauch;Mittelspannung;Schleswig-Holstein Netz GmbH (SNB990857029876);Nein;
Einzelanlage;SEE956906670420;E.ON Energy Solutions GmbH;BMHKW Bergkamen;59192;Bergkamen;Ernst-Schering-Stra?e;8;NordrheinWestfalen;Deutschland;2005;;InBetrieb;Biomasse;;Ja;Ja;20;18,472;KondensationsmaschinemitEntnahme;TeileinspeisungEigenverbrauch;Mittelspannung;GSW Gemeinschaftsstadtwerke GmbH Kamen, B?nen, Bergkamen (SNB935600499711);Nein;
Einzelanlage;SEE922473273890;EnBW Energie Baden-W?rttemberg AG;WKW S?ckingen M4;79713;Bad S?ckingen;Murger Weg;2;BadenWuerttemberg;Deutschland;1966;;InBetrieb;Wasser;;Nein;Ja;23;23;Laufwasseranlage;TeileinspeisungEigenverbrauch;Hochspannung;Netze BW GmbH (SNB948311994307);Ja;18,4
Einzelanlage;SEE961706754454;Donaukraftwerk Jochenstein AG;Kraftwerk Jochenstein MS4;94107;Untergriesbach;Am Kraftwerk;2;Bayern;Deutschland;1956;;InBetrieb;Wasser;;Nein;Ja;26,4;26,4;Laufwasseranlage;Volleinspeisung;Hoechstspannung;TenneT TSO GmbH (SNB970033313272);Ja;
Einzelanlage;SEE964447287038;Stadtwerke Greifswald GmbH;HKW Gasturbine 2;17489;Greifswald;An der Jungfernwiese;8;MecklenburgVorpommern;Deutschland;1996;;InBetrieb;Erdgas;ErdgasErdoelgas;Ja;Nein;4,949;4,894;GasturbinenmitAbhitzekessel;Volleinspeisung;Mittelspannung;Stadtwerke Greifswald GmbH (SNB926442995943);Nein;
Einzelanlage;SEE965551192713;enercity AG;HKW Linden GT3;30449;Hannover;Spinnereistra?e;9;Niedersachsen;Deutschland;2009;;InBetrieb;Erdgas;ErdgasErdoelgas;Ja;Nein;70,25;70;GasturbinenmitnachgeschalteterDampfturbine;TeileinspeisungEigenverbrauch;Hochspannung;enercity Netz GmbH (SNB971746988153);Nein;
Einzelanlage;SEE966844914388;envia THERM GmbH;Gro?kayna GT1;06242;Gro?kayna;Werkstra?e;1;SachsenAnhalt;Deutschland;1994;;InBetrieb;Mineraloelprodukte;HeizoelLeicht;Nein;Nein;45,625;45,625;GasturbinenohneAbhitzekessel;Volleinspeisung;Hochspannung;Mitteldeutsche Netzgesellschaft Strom mbH (SNB916269213931);Nein;
Einzelanlage;SEE968493660913;VERBUND Innkraftwerke GmbH;Kraftwerk Wasserburg MS4 20 kV;83512;Wasserburg;Innwerkstra?e;15;Bayern;Deutschland;1938;;InBetrieb;Wasser;;Nein;Ja;4,82;4,82;Laufwasseranlage;Volleinspeisung;Hochspannung;Bayernwerk Netz GmbH (SNB940352624434);Nein;
Einzelanlage;SEE972034775981;?kotech Ing.Ges.mbH;Biomass Heizkraftwerk Recklinghausen;45665;Recklinghausen;;;NordrheinWestfalen;Deutschland;2004;;InBetrieb;Biomasse;;Ja;Ja;20;18;KondensationsmaschinemitEntnahme;Volleinspeisung;UmspannungZurMittelspannung;Westnetz GmbH (SNB921897286493);Nein;
Einzelanlage;SEE976362409624;BES Groitzsch GmbH& Co. KG;BES GRO;04539;Groitzsch;Luckaer Stra?e;29 z;Sachsen;Deutschland;2019;;InBetrieb;Batteriespeicher;;Nein;Nein;17,25;16,425;Batterie;Volleinspeisung;Mittelspannung;Mitteldeutsche Netzgesellschaft Strom mbH (SNB916269213931);Nein;
Einzelanlage;SEE930267705700;EnBW Energie Baden-W?rttemberg AG;WKW Rudolf-Fettweis-Werk PSW Schwarzenbach M6;76596;Forbach;Werkstra?e;5;BadenWuerttemberg;Deutschland;1926;;InBetrieb;Pumpspeicher;;Nein;Nein;21,7;21,5;Pumpspeicher;TeileinspeisungEigenverbrauch;Hochspannung;Netze BW GmbH (SNB948311994307);Nein;
Einzelanlage;SEE930673793902;STEAG Power GmbH;Bergkamen A;59192;Bergkamen;Westenhellweg;111;NordrheinWestfalen;Deutschland;1981;;Netzreserve aufgrund ? 13b EnWG;Steinkohle;Steinkohlen;Nein;Nein;780;720;KondensationsmaschineohneEntnahme;TeileinspeisungEigenverbrauch;Hoechstspannung;Amprion GmbH (SNB976890256486);Nein;
Einzelanlage;SEE933361522259;EnBW Energie Baden-W?rttemberg AG;Kraftwerk Marbach MAR 4;71672;Marbach;Thomas-Alva-Edison-Ring;6;BadenWuerttemberg;Deutschland;2024;;besonderes netztechnisches Betriebsmittel;Mineraloelprodukte;HeizoelLeicht;Nein;Nein;310;306,5;GasturbinenohneAbhitzekessel;Volleinspeisung;Hoechstspannung;TransnetBW GmbH (SNB984944755380);Nein;
Einzelanlage;SEE937685363109;Uniper Kraftwerke GmbH;Eitting E F1;85462;Eitting;Am Moosrain;10;Bayern;Deutschland;1925;;InBetrieb;Wasser;;Nein;Ja;9;9;Laufwasseranlage;Volleinspeisung;Hochspannung;DB Energie GmbH (Bahnstromnetz 16,7 Hz) (SNB942182027607);Nein;
Einzelanlage;SEE943021591570;VERBUND Innkraftwerke GmbH;Kraftwerk Wasserburg MS2 20 kV;83512;Wasserburg;Innwerkstra?e;15;Bayern;Deutschland;1938;;InBetrieb;Wasser;;Nein;Ja;4,82;4,82;Laufwasseranlage;Volleinspeisung;Hochspannung;Bayernwerk Netz GmbH (SNB940352624434);Nein;
Einzelanlage;SEE946583344691;BMW AG;KWK 6;84130;Dingolfing;Karl-Dompert-Stra?e;7;Bayern;Deutschland;2019;;InBetrieb;Erdgas;ErdgasErdoelgas;Ja;Nein;4,5;4,5;Verbrennungsmotor;TeileinspeisungEigenverbrauch;Hochspannung;Bayernwerk Netz GmbH (SNB940352624434);Nein;
Einzelanlage;SEE951160693116;TEAG Th?ringer Energie AG;Gasmotor 5 Jena;07745;Jena;Rudolst?dter Stra?e;41;Thueringen;Deutschland;2022;;InBetrieb;Erdgas;ErdgasErdoelgas;Ja;Nein;12,616;12,175;Verbrennungsmotor;Volleinspeisung;UmspannungZurMittelspannung;TEN Th?ringer Energienetze GmbH & Co. KG (SNB970821959712);Nein;
Einzelanlage;SEE957769851605;Mainova AG;HKW West Turbine 5;60327;Frankfurt;Gutleutstra?e;231;Hessen;Deutschland;2017;;InBetrieb;Erdgas;ErdgasErdoelgas;Ja;Nein;39,3;39,137;Sonstige;TeileinspeisungEigenverbrauch;Hochspannung;NRM Netzdienste Rhein-Main GmbH (SNB921899277833);Nein;
Einzelanlage;SEE958519166192;ROGESA Roheisengesellschaft Saar mbH;ET HO4;66763;Dillingen;Werkstra?e;1;Saarland;Deutschland;1986;;InBetrieb;Sonstige Energietraeger (nicht erneuerbar);;Nein;Nein;9,52;9,52;Sonstige;TeileinspeisungEigenverbrauch;Mittelspannung, Mittelspannung;VSE Verteilnetz GmbH (SNB941650885558);Nein;
Einzelanlage;SEE940316838242;ENGIE Deutschland Erneuerbare GmbH;Batteriespeicher;92723;T?nnesberg;Tanzm?hle;4;Bayern;Deutschland;2019;;InBetrieb;Batteriespeicher;;Nein;Nein;12,5;12,5;Batterie;Volleinspeisung;Mittelspannung;Bayernwerk Netz GmbH (SNB940352624434);Nein;
Einzelanlage;SEE945563004310;Stadtwerke Rosenheim GmbH & Co. KG;GM3;83022;Rosenheim;F?rberstra?e;47;Bayern;Deutschland;2011;;InBetrieb;Erdgas;ErdgasErdoelgas;Ja;Nein;3,352;3,285;Verbrennungsmotor;TeileinspeisungEigenverbrauch;Mittelspannung;Stadtwerke Rosenheim Netze GmbH (SNB988838479086);Nein;
Einzelanlage;SEE925599434282;RWE Power AG;Neurath F;41517;Grevenbroich;Energiestra?e;101;NordrheinWestfalen;Deutschland;2012;;InBetrieb;Braunkohle;Rohbraunkohlen;Ja;Nein;1110;1060;KondensationsmaschinemitEntnahme;TeileinspeisungEigenverbrauch;Hoechstspannung;Amprion GmbH (SNB976890256486);Nein;
Einzelanlage;SEE927032372373;Bremerhavener Entsorgungsgesellschaft mbH;MHKW, Generator 1;27570;Bremerhaven;Zur Hexenbr?cke;16;Bremen;Deutschland;1977;;InBetrieb;Abfall;AbfallHausmuellSiedlungsabfaelle;Ja;Nein;10;7;KondensationsmaschinemitEntnahme;TeileinspeisungEigenverbrauch;Mittelspannung;wesernetz Bremerhaven GmbH (SNB985704986426);Nein;
Einzelanlage;SEE927407069969;VERBUND Innkraftwerke GmbH;Kraftwerk Wasserburg MS2 110 kV;83512;Wasserburg;Innwerkstra?e;15;Bayern;Deutschland;1938;;InBetrieb;Wasser;;Nein;Ja;4,82;4,82;Laufwasseranlage;Volleinspeisung;Hochspannung;Bayernwerk Netz GmbH (SNB940352624434);Nein;
Einzelanlage;SEE933402065318;BMW AG;KWK 4 Geb. 192.0;84130;Dingolfing;Karl-Dompert-Stra?e;7;Bayern;Deutschland;2017;;InBetrieb;Erdgas;ErdgasErdoelgas;Ja;Nein;4,13;4,13;Verbrennungsmotor;TeileinspeisungEigenverbrauch;Hochspannung;Bayernwerk Netz GmbH (SNB940352624434);Nein;
Einzelanlage;SEE935949048892;EnBW Energie Baden-W?rttemberg AG;WKW Rudolf-Fettweis-Werk Murgwerk M1;76596;Forbach;Werkstra?e;5;BadenWuerttemberg;Deutschland;1918;;InBetrieb;Wasser;;Nein;Ja;4,4;4,4;Speicherwasseranlage;TeileinspeisungEigenverbrauch;Hochspannung;Netze BW GmbH (SNB948311994307);Nein;
Einzelanlage;SEE938153286029;Uniper Kraftwerke GmbH;Kachlet K6;94034;Passau;Schleusenweg;10;Bayern;Deutschland;1927;;InBetrieb;Wasser;;Nein;Ja;6,7125;6,7125;Laufwasseranlage;Volleinspeisung;Hochspannung;Bayernwerk Netz GmbH (SNB940352624434);Nein;
Einzelanlage;SEE935976236132;Uniper Kraftwerke GmbH;Kachlet K3;94034;Passau;Schleusenweg;10;Bayern;Deutschland;1927;;InBetrieb;Wasser;;Nein;Ja;6,7125;6,7125;Laufwasseranlage;Volleinspeisung;Hochspannung;Bayernwerk Netz GmbH (SNB940352624434);Nein;
Einzelanlage;SEE937353642390;VERBUND Innkraftwerke GmbH;Kraftwerk Wasserburg MS1 110 kV;83512;Wasserburg;Innwerkstra?e;15;Bayern;Deutschland;1938;;InBetrieb;Wasser;;Nein;Ja;4,82;4,82;Laufwasseranlage;Volleinspeisung;Hochspannung;Bayernwerk Netz GmbH (SNB940352624434);Nein;
Einzelanlage;SEE937360320199;RWE Generation Hydro GmbH;Detzem Maschine 2;54340;Detzem;Am Moselufer;1;RheinlandPfalz;Deutschland;1962;;InBetrieb;Wasser;;Nein;Ja;6;6;Laufwasseranlage;Volleinspeisung;UmspannungZurMittelspannung;Westnetz GmbH (SNB921897286493);Nein;
Einzelanlage;SEE941850023651;S?dzucker AG;Dampfturbine III S?dzucker Offstein;67283;Obrigheim;Wormser Stra?e;11;RheinlandPfalz;Deutschland;1975;;InBetrieb;Waerme;Dampf;Ja;Nein;3;2,5914;GegendruckmaschineohneEntnahme;TeileinspeisungEigenverbrauch;Mittelspannung;Pfalzwerke Netz AG (SNB961471621746);Nein;
Einzelanlage;SEE943297204990;Energie SaarLorLux AG;ZF-SBR-GuD-Heizkraftwerk;66117;Saarbr?cken;Untert?rkheimer Stra?e;;Saarland;Deutschland;2012;;InBetrieb;Erdgas;ErdgasErdoelgas;Ja;Nein;39,0292;38,6102;GasturbinenmitnachgeschalteterDampfturbine;TeileinspeisungEigenverbrauch;Mittelspannung;Stadtwerke Saarbr?cken Netz AG (SNB985382489820);Nein;
Einzelanlage;SEE943952259648;Boehringer Ingelheim Pharma GmbH&Co.KG;Boehringer Ingelheim - J41 - GT12/AK12;88400;Biberach;Birkendorfer Stra?e;65;BadenWuerttemberg;Deutschland;1989;;InBetrieb;Erdgas;ErdgasErdoelgas;Ja;Nein;5,4;4,223;GasturbinenmitAbhitzekessel;TeileinspeisungEigenverbrauch;Mittelspannung;Netze BW GmbH (SNB948311994307);Nein;
Einzelanlage;SEE944518084070;Uniper Kraftwerke GmbH;Kachlet K5;94034;Passau;Schleusenweg;10;Bayern;Deutschland;1927;;InBetrieb;Wasser;;Nein;Ja;6,7125;6,7125;Laufwasseranlage;Volleinspeisung;Hochspannung;Bayernwerk Netz GmbH (SNB940352624434);Nein;
Einzelanlage;SEE942581404276;J. M. Voith SE & Co. KG;HDH_004_Industrieheizkraftwerk-Heidenheim_GM2;89522;Heidenheim;Alexanderstra?e;8;BadenWuerttemberg;Deutschland;2014;;InBetrieb;Erdgas;ErdgasErdoelgas;Ja;Nein;4,401;4,225;Verbrennungsmotor;TeileinspeisungEigenverbrauch;Mittelspannung;Hellenstein-Energie-Logistik GmbH (SNB924453035597);Nein;
Einzelanlage;SEE945740636167;Nordzucker AG Werk Uelzen;Generator 1;29525;Uelzen;An der Zuckerfabrik;1;Niedersachsen;Deutschland;1965;;InBetrieb;Erdgas;ErdgasErdoelgas;Ja;Nein;23;20;GegendruckmaschineohneEntnahme;TeileinspeisungEigenverbrauch;Mittelspannung;Stadtwerke Uelzen GmbH (SNB965557517831);Nein;
Einzelanlage;SEE946142465416;VERBUND Innkraftwerke GmbH;T?gingNeu MS2;84513;T?ging;Auenstra?e;1;Bayern;Deutschland;2022;;InBetrieb;Wasser;;Nein;Ja;40;40;Laufwasseranlage;Volleinspeisung;Hochspannung;Bayernwerk Netz GmbH (SNB940352624434);Nein;
Einzelanlage;SEE930751125922;Nordzucker AG Werk Nordstemmen;Generator 2;31171;Nordstemmen;Calenberger Stra?e;36;Niedersachsen;Deutschland;1993;;InBetrieb;Erdgas;ErdgasErdoelgas;Ja;Nein;15;13;GegendruckmaschineohneEntnahme;TeileinspeisungEigenverbrauch;Mittelspannung;Avacon Netz GmbH (SNB990362338043);Nein;
Einzelanlage;SEE933011205846;BEH Bioenergie Hannover GmbH;Biomethan BHKW 4 Hannover St?cken;30419;Hannover;Stelinger Stra?e;19;Niedersachsen;Deutschland;2024;;InBetrieb;Biomasse;;Ja;Ja;4,5;4,5;Verbrennungsmotor;Volleinspeisung;Mittelspannung;enercity Netz GmbH (SNB971746988153);Nein;
Einzelanlage;SEE933223725231;Stadtwerke Ratingen;Erzeugungsanlage FHW Ratingen West Modul 1;40878;Ratingen;Am Sandbach;45;NordrheinWestfalen;Deutschland;2015;;InBetrieb;Erdgas;ErdgasErdoelgas;Ja;Nein;2;2;Verbrennungsmotor;Volleinspeisung;Mittelspannung;Stadtwerke Ratingen GmbH (SNB953661539375);Nein;
Einzelanlage;SEE938669585906;Lausitz Energie Kraftwerke AG;Kraftwerk J?nschwalde Block B;03185;Teichland;Am Kraftwerk;;Brandenburg;Deutschland;1982;;InBetrieb;Braunkohle;Rohbraunkohlen;Ja;Nein;535;500;KondensationsmaschinemitEntnahme;TeileinspeisungEigenverbrauch;Hoechstspannung;50Hertz Transmission GmbH (SNB982046657236);Nein;
Einzelanlage;SEE976880282228;N-ERGIE Kraftwerke GmbH;HKW Sandreuth (DT2);90441;N?rnberg;Sandreuthstra?e;55a;Bayern;Deutschland;1982;;InBetrieb;Erdgas;ErdgasErdoelgas;Ja;Nein;44,45;39,5;GegendruckmaschinemitEntnahme;Volleinspeisung;Hochspannung;N-ERGIE Netz GmbH (SNB973875583315);Nein;
Einzelanlage;SEE977346043964;Uniper Kraftwerke GmbH;Bringhausen M3 F1;34549;Edertal;Kraftwerkstra?e;10;Hessen;Deutschland;1931;;InBetrieb;Pumpspeicher;;Nein;Nein;35;35;Pumpspeicher;Volleinspeisung;Hochspannung;Avacon Netz GmbH (SNB990362338043);Nein;
Einzelanlage;SEE978934537223;AMK-Abfallentsorgungsgesellschaft des M?rkischen Kreises mbH;Dieselaggregat 3;58636;Iserlohn;Giesestra?e;10;NordrheinWestfalen;Deutschland;2005;;InBetrieb;Mineraloelprodukte;HeizoelLeicht;Nein;Nein;1,79;1,615;Verbrennungsmotor;TeileinspeisungEigenverbrauch;Mittelspannung;Stadtwerke Iserlohn GmbH (SNB913730249284);Nein;
Einzelanlage;SEE921785427038;OXEA Produktion GmbH & Co.KG;T/G 6;46147;Oberhausen;Otto-Roelen-Strasse;3;NordrheinWestfalen;Deutschland;1951;;InBetrieb;Mineraloelprodukte;AndereMineraloelprodukte;Nein;Nein;21,5;12;KondensationsmaschineohneEntnahme;TeileinspeisungEigenverbrauch;Mittelspannung;OXEA Services GmbH (SNB985069443664);Nein;
Einzelanlage;SEE922429625575;Innwerk AG;Kraftwerk Egglfing-Obernberg MS4;94072;Bad F?ssing;Am Innwerk;13;Bayern;Deutschland;1950;;InBetrieb;Wasser;;Nein;Ja;13,45;13,45;Laufwasseranlage;Volleinspeisung;Hochspannung;Bayernwerk Netz GmbH (SNB940352624434);Ja;
Einzelanlage;SEE923271533315;RZR II Herten GmbH;RZR II Turbine3;45699;Herten;Im Emscherbruch;11;NordrheinWestfalen;Deutschland;2009;;InBetrieb;Abfall;AbfallHausmuellSiedlungsabfaelle;Ja;Nein;23,585;23,5;KondensationsmaschinemitEntnahme;TeileinspeisungEigenverbrauch;Mittelspannung;Hertener Stadtwerke GmbH (SNB964592501355);Nein;
Einzelanlage;SEE924235173530;Grace GmbH;GT1;67547;Worms;In der Hollerhecke;1;RheinlandPfalz;Deutschland;1991;;InBetrieb;Erdgas;ErdgasErdoelgas;Ja;Nein;6,5;6,41;GasturbinenmitAbhitzekessel;TeileinspeisungEigenverbrauch;UmspannungZurNiederspannung;EWR Netz GmbH (SNB969068596941);Nein;
Einzelanlage;SEE929404505242;naturenergie hochrhein AG;KW Rheinfelden Maschine 2;4310;Rheinfelden;Chleigr?t;;;Schweiz;2010;;InBetrieb;Wasser;;Nein;Ja;23,6;22,9;Laufwasseranlage;Volleinspeisung;Hochspannung;naturenergie netze GmbH (SNB945502201350);Ja;22,9
Einzelanlage;SEE980525088564;Currenta GmbH & Co. OHG;UER N230 NST3;47829;Krefeld;Rheinuferstra?e;7;NordrheinWestfalen;Deutschland;1971;;InBetrieb;Erdgas;ErdgasErdoelgas;Ja;Nein;33;32,2;GegendruckmaschinemitEntnahme;TeileinspeisungEigenverbrauch;UmspannungZurMittelspannung;NETCUR GmbH (SNB974711150357);Nein;
Einzelanlage;SEE985755138850;DB Energie GmbH;Saalachkraftwerk E5;83435;Bad Reichenhall;Thumseestra?e;25;Bayern;Deutschland;1914;;InBetrieb;Wasser;;Nein;Ja;1,28;1,28;Laufwasseranlage;Volleinspeisung;Hochspannung;DB Energie GmbH (Bahnstromnetz 16,7 Hz) (SNB942182027607);Nein;
Einzelanlage;SEE988429673565;EEW Energy from Waste Saarbr?cken GmbH;TREA Breisgau;79427;Eschbach;Heitersheimer Stra?e;0;BadenWuerttemberg;Deutschland;2004;;InBetrieb;Abfall;AbfallHausmuellSiedlungsabfaelle;Ja;Nein;17,505;17;KondensationsmaschinemitEntnahme;Volleinspeisung;Mittelspannung;badenovaNETZE GmbH (SNB965774651691);Nein;
Einzelanlage;SEE988601422752;TEAG Th?ringer Energie AG;Gasmotor 1 Jena;07745;Jena;Rudolst?dter Stra?e;41;Thueringen;Deutschland;2022;;InBetrieb;Erdgas;ErdgasErdoelgas;Ja;Nein;12,616;12,175;Verbrennungsmotor;Volleinspeisung;UmspannungZurMittelspannung;TEN Th?ringer Energienetze GmbH & Co. KG (SNB970821959712);Nein;
Einzelanlage;SEE993116568932;RWE Generation SE;Batteriespeicher Neurath;41517;Grevenbroich;Energiestra?e;101;NordrheinWestfalen;Deutschland;2025;;InBetrieb;Batteriespeicher;;Nein;Nein;99;80;Batterie;Volleinspeisung;Hochspannung;Amprion GmbH (SNB976890256486);Nein;
Einzelanlage;SEE993301547841;Currenta GmbH & Co. OHG;UER N230 NST4;47829;Krefeld;Rheinuferstra?e;7;NordrheinWestfalen;Deutschland;1967;;InBetrieb;Erdgas;ErdgasErdoelgas;Ja;Nein;29,7;29;GegendruckmaschinemitEntnahme;TeileinspeisungEigenverbrauch;UmspannungZurMittelspannung;NETCUR GmbH (SNB974711150357);Nein;
Einzelanlage;SEE993592183001;RWE Power AG;Neurath G;41517;Grevenbroich;Energiestra?e;101;NordrheinWestfalen;Deutschland;2012;;InBetrieb;Braunkohle;Rohbraunkohlen;Ja;Nein;1110;1060;KondensationsmaschinemitEntnahme;TeileinspeisungEigenverbrauch;Hoechstspannung;Amprion GmbH (SNB976890256486);Nein;
Einzelanlage;SEE963848288279;M?llheizkraftwerk Rothensee GmbH;Dampfturbine Block 3;39126;Magdeburg;Kraftwerk-Privatweg;7;SachsenAnhalt;Deutschland;2024;;InBetrieb;Abfall;AbfallHausmuellSiedlungsabfaelle;Ja;Nein;33,83;33,5;KondensationsmaschinemitEntnahme;Volleinspeisung;Hochspannung;Netze Magdeburg GmbH (SNB933459598975);Nein;
Einzelanlage;SEE929003106239;S?dzucker AG;Dampfturbine I S?dzucker Rain;86641;Rain;Donauw?rther Stra?e;50;Bayern;Deutschland;1957;;InBetrieb;Waerme;Dampf;Ja;Nein;4,9;4,615;GegendruckmaschineohneEntnahme;TeileinspeisungEigenverbrauch;Mittelspannung;LEW Verteilnetz GmbH (SNB911705062982);Nein;
Einzelanlage;SEE931375347240;SMAREG 1;SMAREG 1;99867;Gotha;;;Thueringen;Deutschland;2020;;InBetrieb;Batteriespeicher;;Nein;Nein;10;10;Batterie;Volleinspeisung;Mittelspannung;TEN Th?ringer Energienetze GmbH & Co. KG (SNB970821959712);Nein;
Einzelanlage;SEE931699316403;Uniper Kraftwerke GmbH;Dingolfing K1;84130;Dingolfing;Bayernwerkstra?e;55;Bayern;Deutschland;1957;;InBetrieb;Wasser;;Nein;Ja;5;5;Laufwasseranlage;Volleinspeisung;Mittelspannung;Bayernwerk Netz GmbH (SNB940352624434);Nein;
Einzelanlage;SEE932265704129;Neubrandenburger Stadtwerke GmbH;GT2;17034;Neubrandenburg;Warliner Stra?e;22;MecklenburgVorpommern;Deutschland;1997;;InBetrieb;Erdgas;ErdgasErdoelgas;Ja;Nein;24,219;23,125;GasturbinenmitnachgeschalteterDampfturbine;Volleinspeisung;Mittelspannung;Neubrandenburger Stadtwerke GmbH (SNB939624707241);Nein;
Einzelanlage;SEE934189578992;Sonae Arauco Beeskow GmbH;Sonae Arauco Beeskow GmbH;15848;Beeskow;Radinkendorfer Stra?e;71;Brandenburg;Deutschland;2001;;InBetrieb;Biomasse;;Ja;Ja;18,32;15,8;KondensationsmaschinemitEntnahme;Volleinspeisung;Mittelspannung;E.DIS Netz GmbH (SNB941690671609);Nein;
Einzelanlage;SEE934554511586;Felix Schoeller GmbH & Co. KG;Felix Schoeller GmbH & Co.KG Wei?enborn GT2;09600;Wei?enborn;Fabrikstra?e;1;Sachsen;Deutschland;1976;;InBetrieb;Erdgas;ErdgasErdoelgas;Ja;Nein;5,083;5,083;GasturbinenmitAbhitzekessel;TeileinspeisungEigenverbrauch;Mittelspannung;Mitteldeutsche Netzgesellschaft Strom mbH (SNB916269213931);Nein;
Einzelanlage;SEE961057667205;Pirelli Deutschland;Gasturbine Kraftwerk;64747;Breuberg;H?chster Stra?e;48 -60;Hessen;Deutschland;2017;;InBetrieb;Erdgas;ErdgasErdoelgas;Ja;Nein;11,2;10,37;GasturbinenmitAbhitzekessel;TeileinspeisungEigenverbrauch;Mittelspannung;e-netz S?dhessen AG (SNB956958990736);Nein;
Einzelanlage;SEE962597527578;Uniper Kraftwerke GmbH;Kachlet K1;94034;Passau;Schleusenweg;10;Bayern;Deutschland;1927;;InBetrieb;Wasser;;Nein;Ja;6,7125;6,7125;Laufwasseranlage;Volleinspeisung;Hochspannung;Bayernwerk Netz GmbH (SNB940352624434);Nein;
Einzelanlage;SEE965799757125;Solarpark Jerchel West GmbH & Co. KG;Speicher Jerchel West - Teilanlage 2;14715;Milower Land;;;Brandenburg;Deutschland;2025;;InBetrieb;Batteriespeicher;;Nein;Nein;6,16;5,6;Batterie;Volleinspeisung;Hochspannung;E.DIS Netz GmbH (SNB941690671609);Nein;
Einzelanlage;SEE975464070619;Neubrandenburger Stadtwerke GmbH;GT1;17034;Neubrandenburg;Warliner Stra?e;22;MecklenburgVorpommern;Deutschland;1997;;InBetrieb;Erdgas;ErdgasErdoelgas;Ja;Nein;24,77;23,761;GasturbinenmitnachgeschalteterDampfturbine;Volleinspeisung;Mittelspannung;Neubrandenburger Stadtwerke GmbH (SNB939624707241);Nein;
Einzelanlage;SEE975862748837;EnBW Energie Baden-W?rttemberg AG;WKW Rudolf-Fettweis-Werk Murgwerk M2;76596;Forbach;Werkstra?e;5;BadenWuerttemberg;Deutschland;1918;;InBetrieb;Wasser;;Nein;Ja;4,4;4,4;Speicherwasseranlage;TeileinspeisungEigenverbrauch;Hochspannung;Netze BW GmbH (SNB948311994307);Nein;
Einzelanlage;SEE976589352260;M?llheizkraftwerk Kassel GmbH;M?llheizkraftwerk Kassel M8;34123;Kassel;Am Lossewerk;8;Hessen;Deutschland;2012;;InBetrieb;Abfall;AbfallHausmuellSiedlungsabfaelle;Ja;Nein;17,7;14,7;KondensationsmaschinemitEntnahme;Volleinspeisung;Hochspannung;St?dtische Werke Netz+Service GmbH (SNB935482852901);Nein;
Einzelanlage;SEE936364054154;Caterpillar Energy Solutions;P18;68167;Mannheim;Carl-Benz-Stra?e;1;BadenWuerttemberg;Deutschland;1939;;InBetrieb;Erdgas;ErdgasErdoelgas;Nein;Nein;2,3;2,3;Verbrennungsmotor;None;Mittelspannung;MVV Netze GmbH (SNB985472799266);Nein;
Einzelanlage;SEE936502086450;Infraserv GmbH & Co. H?chst KG;IPH Strom GTX 7;65929;Frankfurt;Br?ningstra?e;50;Hessen;Deutschland;2022;;InBetrieb;Erdgas;ErdgasErdoelgas;Ja;Nein;90,814;89,389;GasturbinenmitAbhitzekessel;Volleinspeisung;Hochspannung;Syna Hochspannungsnetz GmbH & Co. KG (SNB980986433484);Nein;
Einzelanlage;SEE937254014852;Infraserv GmbH & Co. H?chst KG;IPH Strom CoFA BHKW 1;65929;Frankfurt;Br?ningstra?e;50;Hessen;Deutschland;2007;;InBetrieb;Biomasse;;Ja;Ja;1,451;1,3725;Verbrennungsmotor;Volleinspeisung;Mittelspannung, Mittelspannung;Syna GmbH (SNB918250928893);Nein;
Einzelanlage;SEE938443144244;Uniper Kraftwerke GmbH;Dornau K2;86956;Schongau;Lechuferstra?e;21;Bayern;Deutschland;1960;;InBetrieb;Wasser;;Nein;Ja;6,2;5,655;Laufwasseranlage;Volleinspeisung;Hochspannung;LEW Verteilnetz GmbH (SNB911705062982);Nein;
Einzelanlage;SEE941568476039;AVG Abfallentsorgungs- und Verwertungsgesellschaft K?ln mbH;Turbosatz 1;50735;K?ln;Geestem?nder Str.;23;NordrheinWestfalen;Deutschland;1998;;InBetrieb;Abfall;AbfallHausmuellSiedlungsabfaelle;Ja;Nein;56;46;KondensationsmaschinemitEntnahme;None;Hochspannung;RheinNetz GmbH (SNB924477581384);Nein;
Einzelanlage;SEE942226311273;Stadtwerke Rostock Aktiengesellschaft;GuD-Block 2;18069;Rostock;Schmarler Damm;5;MecklenburgVorpommern;Deutschland;1996;;InBetrieb;Erdgas;ErdgasErdoelgas;Ja;Nein;37;36;GasturbinenmitnachgeschalteterDampfturbine;Volleinspeisung;Hochspannung;Stadtwerke Rostock Netzgesellschaft mbH (SNB939724292715);Nein;
Einzelanlage;SEE945217244789;SWM Services GmbH;SWM HKW Freimann GT11;80807;M?nchen;Frankfurter Ring;181;Bayern;Deutschland;2021;;InBetrieb;Erdgas;ErdgasErdoelgas;Ja;Nein;53,151;52,451;GasturbinenmitAbhitzekessel;TeileinspeisungEigenverbrauch;Hochspannung;SWM Infrastruktur GmbH & Co. KG (SNB969473762610);Nein;
Einzelanlage;SEE947245249934;Bayernwerk Natur GmbH;Batteriespeicher Reisgang;85276;Hettenshausen;;;Bayern;Deutschland;2026;;InBetrieb;Batteriespeicher;;Nein;Nein;15,12;15;Batterie;Volleinspeisung;Mittelspannung;Bayernwerk Netz GmbH (SNB940352624434);Nein;
Einzelanlage;SEE956596589897;Obton Karst?dt GmbH & Co. KG;Speicher Karst?dt;19357;Karst?dt;M?hlenstra?e;1 d;Brandenburg;Deutschland;2025;;InBetrieb;Batteriespeicher;;Nein;Nein;20,7;20,7;Batterie;Volleinspeisung;Mittelspannung;WEMAG Netz GmbH (SNB928759560869);Nein;
Einzelanlage;SEE961620762023;Merck KGaA;DA_HKW_01;64293;Darmstadt;Frankfurter Stra?e;250;Hessen;Deutschland;1999;;InBetrieb;Erdgas;ErdgasErdoelgas;Ja;Nein;10,3;10;GasturbinenmitAbhitzekessel;TeileinspeisungEigenverbrauch;Mittelspannung;e-netz S?dhessen AG (SNB956958990736);Nein;
Einzelanlage;SEE965528786747;Donaukraftwerk Jochenstein AG;Kraftwerk Jochenstein MS3;94107;Untergriesbach;Am Kraftwerk;2;Bayern;Deutschland;1956;;InBetrieb;Wasser;;Nein;Ja;26,4;26,4;Laufwasseranlage;Volleinspeisung;Hoechstspannung;TenneT TSO GmbH (SNB970033313272);Ja;
Einzelanlage;SEE967558939506;DB Energie GmbH;Saalachkraftwerk E1;83435;Bad Reichenhall;Thumseestra?e;25;Bayern;Deutschland;1914;;InBetrieb;Wasser;;Nein;Ja;1,28;1,28;Laufwasseranlage;Volleinspeisung;Hochspannung;DB Energie GmbH (Bahnstromnetz 16,7 Hz) (SNB942182027607);Nein;
Einzelanlage;SEE969051180959;S?dzucker AG;Dampfturbine I S?dzucker Offstein;67283;Obrigheim;Wormser Stra?e;11;RheinlandPfalz;Deutschland;1981;;InBetrieb;Waerme;Dampf;Ja;Nein;14;12,0932;GegendruckmaschineohneEntnahme;TeileinspeisungEigenverbrauch;Mittelspannung;Pfalzwerke Netz AG (SNB961471621746);Nein;
Einzelanlage;SEE971138728251;Iqony Battery System;GBS KW Herne;44653;Herne;Hertener Stra?e;16;NordrheinWestfalen;Deutschland;2016;;InBetrieb;Batteriespeicher;;Nein;Nein;15;15;Batterie;Volleinspeisung;Hoechstspannung;Amprion GmbH (SNB976890256486);Nein;
Einzelanlage;SEE971499223693;Donaukraftwerk Jochenstein AG;Kraftwerk Jochenstein MS2;94107;Untergriesbach;Am Kraftwerk;2;Bayern;Deutschland;1956;;InBetrieb;Wasser;;Nein;Ja;26,4;26,4;Laufwasseranlage;Volleinspeisung;Hoechstspannung;TenneT TSO GmbH (SNB970033313272);Ja;
Einzelanlage;SEE944429192826;Zweckverband Abfallverwertung S?dostbayern;SEE944429192826 (MHKW Burgkirchen (M?llverbrennung));84508;Burgkirchen;Bruck;110;Bayern;Deutschland;1994;;InBetrieb;Abfall;AbfallHausmuellSiedlungsabfaelle;Ja;Nein;16,6;12,8;KondensationsmaschinemitEntnahme;Volleinspeisung;Mittelspannung;InfraServ Gendorf Netze GmbH (SNB942732578894);Nein;
Einzelanlage;SEE958806714600;BEH Bioenergie Hannover GmbH;Biomethan BHKW 3 Hannover St?cken;30419;Hannover;Stelinger Stra?e;19;Niedersachsen;Deutschland;2024;;InBetrieb;Biomasse;;Ja;Ja;2;2;Verbrennungsmotor;Volleinspeisung;Mittelspannung;enercity Netz GmbH (SNB971746988153);Nein;
Einzelanlage;SEE967243760361;Smurfit Westrock Herzberg Solid Board GmbH;Dampfturbine 3;37412;Herzberg;Andreasberger Stra?e;1;Niedersachsen;Deutschland;1983;;InBetrieb;Erdgas;ErdgasErdoelgas;Ja;Nein;14,4;13,49;KondensationsmaschinemitEntnahme;TeileinspeisungEigenverbrauch;Mittelspannung;Harz Energie Netz GmbH (SNB984607096621);Nein;
Einzelanlage;SEE918373264410;Stadtwerke Augsburg Energie GmbH;BHKW GT-Ost;86167;Augsburg;Beim Grenzgraben;10;Bayern;Deutschland;2004;;InBetrieb;Erdgas;ErdgasErdoelgas;Ja;Nein;31;30,7;GasturbinenmitAbhitzekessel;TeileinspeisungEigenverbrauch;Hochspannung;swa Netze GmbH (SNB958077102830);Nein;
Einzelanlage;SEE919104957342;BEW Berliner Energie und W?rme GmbH;HKW Buch Gasturbine;13125;Berlin;Schwanebecker Chaussee;11-15;Berlin;Deutschland;2015;;InBetrieb;Erdgas;ErdgasErdoelgas;Ja;Nein;8;7,54;GasturbinenmitAbhitzekessel;TeileinspeisungEigenverbrauch;Mittelspannung;Stromnetz Berlin GmbH (SNB979269087643);Nein;
Einzelanlage;SEE920753145547;RWE Generation SE;bnBm GasKW BIB GT4;68647;Biblis;Bei den M?nch?ckern;50;Hessen;Deutschland;2023;;besonderes netztechnisches Betriebsmittel;Erdgas;None;Nein;Nein;34,8;34,4;GasturbinenohneAbhitzekessel;Volleinspeisung;Hoechstspannung;Amprion GmbH (SNB976890256486);Nein;
Einzelanlage;SEE947399244915;Field Waldkappel GmbH & Co. KG;Field Waldkappel;37284;Waldkappel;;;Hessen;Deutschland;2025;;InBetrieb;Batteriespeicher;;Nein;Nein;16;16;Batterie;Volleinspeisung;Mittelspannung;EAM Netz GmbH (SNB971311555230);Nein;
Einzelanlage;SEE950309975076;K+S Minerals and Agriculture GmbH;Kraftwerk SI DT3;31515;Wunstorf;Schachtstra?e;10;Niedersachsen;Deutschland;1997;;InBetrieb;Waerme;Dampf;Ja;Nein;7,642;7,5;GegendruckmaschineohneEntnahme;TeileinspeisungEigenverbrauch;Mittelspannung;Avacon Netz GmbH (SNB990362338043);Nein;
Einzelanlage;SEE952340290002;Felix Schoeller GmbH & Co. KG;Felix Schoeller GmbH & Co.KG Wei?enborn DT;09600;Wei?enborn;Fabrikstra?e;1;Sachsen;Deutschland;1976;;InBetrieb;Erdgas;None;Ja;Nein;3,343;3,343;GegendruckmaschinemitEntnahme;TeileinspeisungEigenverbrauch;Mittelspannung;Mitteldeutsche Netzgesellschaft Strom mbH (SNB916269213931);Nein;
Einzelanlage;SEE954883124240;Kraftwerk Neuss GmbH;DT;41460;Neuss;D?sseldorfer Stra?e;182-184;NordrheinWestfalen;Deutschland;2025;;InBetrieb;Erdgas;ErdgasErdoelgas;Ja;Nein;6,451;6,303;GegendruckmaschinemitEntnahme;TeileinspeisungEigenverbrauch;Mittelspannung;Westnetz GmbH (SNB921897286493);Nein;
Einzelanlage;SEE955696590697;MVV Umwelt Asset GmbH;BMKW K?nigs Wusterhausen;15711;K?nigs Wusterhausen;Am Nordhafen;12;Brandenburg;Deutschland;2003;;InBetrieb;Biomasse;;Nein;Ja;20,6;17,7;KondensationsmaschineohneEntnahme;Volleinspeisung;Mittelspannung;E.DIS Netz GmbH (SNB941690671609);Nein;
Einzelanlage;SEE956527009524;Volkswagen AG;GuD West 50 Dampfturbine;38440;Wolfsburg;Berliner Ring;2;Niedersachsen;Deutschland;2023;;InBetrieb;Waerme;Dampf;Ja;Nein;48,99;48,99;KondensationsmaschinemitEntnahme;Volleinspeisung;Hochspannung;VW KRAFTWERK Gesellschaft mit beschr?nkter Haftung (SNB978865527096);Nein;
Einzelanlage;SEE958711841521;Felix Schoeller GmbH & Co. KG;Felix Schoeller GmbH & Co.KG Wei?enborn GT3;09600;Wei?enborn;Fabrikstra?e;1;Sachsen;Deutschland;1996;;InBetrieb;Erdgas;ErdgasErdoelgas;Ja;Nein;5,2;5,2;GasturbinenmitAbhitzekessel;TeileinspeisungEigenverbrauch;Mittelspannung;Mitteldeutsche Netzgesellschaft Strom mbH (SNB916269213931);Nein;
Einzelanlage;SEE959264884584;Donau-Wasserkraft AG;Bertoldsheim E K1;86643;Rennertshofen;Burgheimer Stra?e;33;Bayern;Deutschland;1967;;InBetrieb;Wasser;;Nein;Ja;6,6;6,3;Laufwasseranlage;Volleinspeisung;Hochspannung;DB Energie GmbH (Bahnstromnetz 16,7 Hz) (SNB942182027607);Nein;
Einzelanlage;SEE931478434564;RWE Generation Hydro GmbH;M?den Maschine 4;56254;M?den;An der B416;;RheinlandPfalz;Deutschland;1965;;InBetrieb;Wasser;;Nein;Ja;4,1;4,1;Laufwasseranlage;Volleinspeisung;Mittelspannung;Westnetz GmbH (SNB921897286493);Nein;
Einzelanlage;SEE939848582457;Stadtwerke Frankfurt (Oder) GmbH;HKW FFO GM5;15236;Frankfurt;Am Hohen Feld;4;Brandenburg;Deutschland;2022;;InBetrieb;Erdgas;ErdgasErdoelgas;Ja;Nein;10,423;10,3584;Verbrennungsmotor;TeileinspeisungEigenverbrauch;Mittelspannung;Netzgesellschaft Frankfurt (Oder) mbH (SNB954814647626);Nein;
Einzelanlage;SEE940081190514;Fresenius Medical Care Deutschland GmbH;Gasturbine 3;66606;St. Wendel;Frankfurter Stra?e;6-8;Saarland;Deutschland;2017;;InBetrieb;Erdgas;ErdgasErdoelgas;Ja;Nein;4,404;4,368;GasturbinenmitAbhitzekessel;TeileinspeisungEigenverbrauch;UmspannungZurMittelspannung;SSW Netz GmbH (SNB989025785690);Nein;
Einzelanlage;SEE945150729886;AGR Abfallentsorgungs-Gesellschaft Ruhrgebiet mbH;RZR I Turbine1;45699;Herten;Im Emscherbruch;11;NordrheinWestfalen;Deutschland;1981;;InBetrieb;Abfall;AbfallHausmuellSiedlungsabfaelle;Ja;Nein;14,9;14,88;KondensationsmaschinemitEntnahme;TeileinspeisungEigenverbrauch;Mittelspannung;Hertener Stadtwerke GmbH (SNB964592501355);Nein;
Einzelanlage;SEE946976628933;Uniper Kraftwerke GmbH;Prem K(Ro)2;86983;Lechbruck;Am Premer Lechsee;;Bayern;Deutschland;1971;;InBetrieb;Wasser;;Nein;Ja;6,4;6,4;Laufwasseranlage;TeileinspeisungEigenverbrauch;Hochspannung;LEW Verteilnetz GmbH (SNB911705062982);Nein;
Einzelanlage;SEE954066913074;Batteriespeicher-Park Worms;Batteriespeicher-Park Worms;67547;Worms;;;RheinlandPfalz;Deutschland;2026;;InBetrieb;Batteriespeicher;;Nein;Nein;30;30;Batterie;Volleinspeisung;Mittelspannung;EWR Netz GmbH (SNB969068596941);Nein;
Einzelanlage;SEE964745752825;Stadtwerke Duisburg AG;HKW III  Block A;47249;Duisburg;Wanheimer Str.;439;NordrheinWestfalen;Deutschland;1974;;InBetrieb;Erdgas;ErdgasErdoelgas;Ja;Nein;35,6;35;GasturbinenmitAbhitzekessel;TeileinspeisungEigenverbrauch;Hoechstspannung;Netze Duisburg GmbH (SNB916123648602);Nein;
Einzelanlage;SEE969263477915;Biomethan Produktion Ottersberg GmbH;Motor 6;28870;Ottersberg;Am Damm;26;Niedersachsen;Deutschland;2018;;InBetrieb;Biomasse;;Ja;Ja;3,054;3,054;Verbrennungsmotor;Volleinspeisung;Mittelspannung;EWE NETZ GmbH (SNB951051725711);Nein;
Einzelanlage;SEE973931205885;GSH Green Steam H?rth GmbH;GSH Green Steam H?rth - Stromerzeugung nach KWKG;50354;H?rth;Bertrams-Jagdweg;12;NordrheinWestfalen;Deutschland;2025;;InBetrieb;Abfall;Industrieabfall;Ja;Nein;20;18,3;KondensationsmaschinemitEntnahme;Volleinspeisung;Mittelspannung;Westnetz GmbH (SNB921897286493);Nein;
Einzelanlage;SEE974038381946;M?nch EnerStore GmbH;BESS Krumpa I;06242;Krumpa;;;SachsenAnhalt;Deutschland;2026;;InBetrieb;Batteriespeicher;;Nein;Nein;50,94;46,332;Batterie;Volleinspeisung;UmspannungZurMittelspannung;Mitteldeutsche Netzgesellschaft Strom mbH (SNB916269213931);Nein;
Einzelanlage;SEE975507584615;Grosskraftwerk Mannheim;GKM Block 8;68199;Mannheim;Marguerrestra?e;1;BadenWuerttemberg;Deutschland;1993;;Netzreserve aufgrund ? 13b EnWG;Steinkohle;None;Nein;Nein;480;435;GegendruckmaschinemitEntnahme;TeileinspeisungEigenverbrauch;Hoechstspannung;TransnetBW GmbH (SNB984944755380);Nein;
Einzelanlage;SEE976944273018;Daimler Truck AG;Rollenpr?fstand 1, Geb?ude 38;76744;W?rth;Daimlerstra?e;1;RheinlandPfalz;Deutschland;2019;;InBetrieb;Mineraloelprodukte;Dieselkraftstoff;Nein;Nein;1,36;1,36;Verbrennungsmotor;TeileinspeisungEigenverbrauch;UmspannungZurMittelspannung;Pfalzwerke Netz AG (SNB961471621746);Nein;
Einzelanlage;SEE980915157566;Stadtwerke Leipzig GmbH;Heizkraftwerk Leipzig S?d GTA 9B;04279;Leipzig;Bornaische Stra?e;120;Sachsen;Deutschland;2022;;InBetrieb;Erdgas;ErdgasErdoelgas;Ja;Nein;66,465;66,02;GasturbinenmitAbhitzekessel;TeileinspeisungEigenverbrauch;Hochspannung;Mitteldeutsche Netzgesellschaft Strom mbH (SNB916269213931);Nein;
Einzelanlage;SEE976753443961;Volkswagen AG;H78C Thermofunktionskanal Rollenpr?fstand;38440;Wolfsburg;Berliner Ring;2;Niedersachsen;Deutschland;2017;;InBetrieb;Mineraloelprodukte;Dieselkraftstoff;Nein;Nein;1;1;Verbrennungsmotor;TeileinspeisungEigenverbrauch;Hochspannung;VW KRAFTWERK Gesellschaft mit beschr?nkter Haftung (SNB978865527096);Nein;
Einzelanlage;SEE969792129750;Daimler Truck AG;129870 Modul 2;76744;W?rth;Daimlerstra?e;1;RheinlandPfalz;Deutschland;2013;;InBetrieb;Erdgas;ErdgasErdoelgas;Ja;Nein;4,49;4,44;Verbrennungsmotor;TeileinspeisungEigenverbrauch;Mittelspannung;Pfalzwerke Netz AG (SNB961471621746);Nein;
Einzelanlage;SEE971164680486;BASF InfraService & Solutions Lausitz GmbH;DT1;01987;Schwarzheide;Schipkauer Stra?e;1;Brandenburg;Deutschland;1994;;InBetrieb;Erdgas;ErdgasErdoelgas;Ja;Nein;25,84;25,517;GegendruckmaschinemitEntnahme;Volleinspeisung;Mittelspannung;BASF InfraService & Solutions Lausitz GmbH (SNB914411628732);Nein;
Einzelanlage;SEE974979035090;Innwerk AG;Kraftwerk Egglfing-Obernberg MS6;94072;Bad F?ssing;Am Innwerk;13;Bayern;Deutschland;1950;;InBetrieb;Wasser;;Nein;Ja;13,45;13,45;Laufwasseranlage;Volleinspeisung;Hochspannung;Bayernwerk Netz GmbH (SNB940352624434);Ja;
Einzelanlage;SEE975539952376;Kraftwerk Ryburg-Schw?rstadt AG;KW Ryburg-Schw?rstadt M2;79739;Schw?rstadt;Kraftwerkstra?e;1;BadenWuerttemberg;Deutschland;1930;;InBetrieb;Wasser;;Nein;Ja;28,3;28,15;Laufwasseranlage;TeileinspeisungEigenverbrauch;Hochspannung;naturenergie netze GmbH (SNB945502201350);Ja;28,15
Einzelanlage;SEE978187174503;?sterreichisch-Bayerische Kraftwerke AG;Kraftwerk Oberaudorf-Ebbs MS1;83080;Oberaudorf;Untere Innauen;1;Bayern;Deutschland;1992;;InBetrieb;Wasser;;Nein;Ja;30;30;Laufwasseranlage;Volleinspeisung;Hochspannung;Bayernwerk Netz GmbH (SNB940352624434);Ja;
Einzelanlage;SEE981109871657;BEW Berliner Energie und W?rme GmbH;HKW Moabit Dampfturbine;13353;Berlin;Friedrich-Krause-Ufer;10-15;Berlin;Deutschland;1990;;InBetrieb;Steinkohle;Steinkohlen;Ja;Nein;100;89;KondensationsmaschinemitEntnahme;TeileinspeisungEigenverbrauch;Hochspannung;Stromnetz Berlin GmbH (SNB979269087643);Nein;
Einzelanlage;SEE947020088925;HS Timber Services GmbH;KWK HS Timber;02923;Kodersdorf;Industriestra?e;1;Sachsen;Deutschland;2020;;InBetrieb;Biomasse;;Ja;Ja;5,552;5,552;GegendruckmaschinemitEntnahme;Volleinspeisung;Hochspannung;SachsenNetze HS.HD GmbH (SNB968914838013);Nein;
Einzelanlage;SEE949459256067;VERBUND Innkraftwerke GmbH;Kraftwerk Perach MS2;84567;Perach;Niederperach;45;Bayern;Deutschland;1977;;InBetrieb;Wasser;;Nein;Ja;6,466;6,466;Laufwasseranlage;Volleinspeisung;Hochspannung;Bayernwerk Netz GmbH (SNB940352624434);Nein;
Einzelanlage;SEE926897163430;Dow Deutschland Anlagengesellschaft mbH;01 Std GT2;21683;Stade;B?tzflether Sand;9;Niedersachsen;Deutschland;2014;;InBetrieb;Erdgas;ErdgasErdoelgas;Ja;Nein;47,645;44,975;GasturbinenmitAbhitzekessel;TeileinspeisungEigenverbrauch;Mittelspannung;TenneT TSO GmbH (SNB970033313272);Nein;
Einzelanlage;SEE929077603696;BEW Berliner Energie und W?rme GmbH;GuD Lichterfelde Dampfturbine;12207;Berlin;Ostpreu?endamm;61;Berlin;Deutschland;2019;;InBetrieb;Waerme;Dampf;Ja;Nein;125;115;KondensationsmaschinemitEntnahme;TeileinspeisungEigenverbrauch;Hochspannung;Stromnetz Berlin GmbH (SNB979269087643);Nein;
Einzelanlage;SEE929198153032;Evonik Operations GmbH;Rheinfelden Gasturbine;79618;Rheinfelden;Untere Kanalstra?e;3;BadenWuerttemberg;Deutschland;1979;;InBetrieb;Erdgas;ErdgasErdoelgas;Ja;Nein;9,8;9,25;GasturbinenmitnachgeschalteterDampfturbine;TeileinspeisungEigenverbrauch;Mittelspannung;naturenergie netze GmbH (SNB945502201350);Nein;
Einzelanlage;SEE932127408097;PreZero Energy Zorbau GmbH;Generator Zorbau;06686;L?tzen;Bayerische Stra?e;20;SachsenAnhalt;Deutschland;2005;;InBetrieb;Abfall;AbfallHausmuellSiedlungsabfaelle;Ja;Nein;29,68;27,2;KondensationsmaschinemitEntnahme;TeileinspeisungEigenverbrauch;UmspannungZurMittelspannung;Mitteldeutsche Netzgesellschaft Strom mbH (SNB916269213931);Nein;
Einzelanlage;SEE933303289677;Vattenfall Wasserkraft GmbH;PSW Wendefurth PSS A;06502;Thale;Hangstra?e;2;SachsenAnhalt;Deutschland;1967;;InBetrieb;Pumpspeicher;;Nein;Nein;40;39,9;Pumpspeicher;Volleinspeisung;Hochspannung;Avacon Netz GmbH (SNB990362338043);Nein;
Einzelanlage;SEE937078173100;Smurfit Westrock Wrexen Paper & Board GmbH;GT-Anlage1;34474;Diemelstadt;Orpethaler Stra?e;50;Hessen;Deutschland;2024;;InBetrieb;Erdgas;ErdgasErdoelgas;Ja;Nein;7,85;7,8015;GasturbinenmitAbhitzekessel;Volleinspeisung;UmspannungZurMittelspannung;Energie Waldeck-Frankenberg GmbH (SNB936172924014);Nein;
Einzelanlage;SEE977613214097;Energieversorgung Schwerin GmbH & Co. Erzeugung KG;SN-S?d-GUD-GT01;19061;Schwerin;Pampower Str.;50;MecklenburgVorpommern;Deutschland;2022;;InBetrieb;Erdgas;ErdgasErdoelgas;Ja;Nein;23,06;22,6683;GasturbinenmitAbhitzekessel;TeileinspeisungEigenverbrauch;UmspannungZurMittelspannung;Netzgesellschaft Schwerin mbH (NGS) (SNB913130054136);Nein;
Einzelanlage;SEE969511682320;Stadtwerke Frankfurt (Oder) GmbH;HKW FFO GM2;15236;Frankfurt;Am Hohen Feld;4;Brandenburg;Deutschland;2022;;InBetrieb;Erdgas;ErdgasErdoelgas;Ja;Nein;10,423;10,3584;Verbrennungsmotor;TeileinspeisungEigenverbrauch;Mittelspannung;Netzgesellschaft Frankfurt (Oder) mbH (SNB954814647626);Nein;
stillgelegte Anlagen;SEE971943692655;Sappi Stockstadt GmbH;ST_HKW_T8;63811;Stockstadt;Obernburger Stra?e;1-9;Bayern;Deutschland;1982;2024;endg?ltig stillgelegt nach KVBG;Steinkohle;Steinkohlen;Ja;Nein;24,05;21,645;GegendruckmaschineohneEntnahme;TeileinspeisungEigenverbrauch;Hochspannung;Westnetz GmbH (SNB921897286493);Nein;
Einzelanlage;SEE977770417713;SWN Stadtwerke Neum?nster GmbH;T3;24534;Neum?nster;Bismarckstra?e;51;SchleswigHolstein;Deutschland;1979;;InBetrieb;Abfall;AbfallHausmuellSiedlungsabfaelle;Ja;Nein;15,52;12,522;GegendruckmaschinemitEntnahme;TeileinspeisungEigenverbrauch;Mittelspannung;Schleswig-Holstein Netz GmbH (SNB990857029876);Nein;
Einzelanlage;SEE984166693200;Boehringer Ingelheim Pharma GmbH&Co.KG;Boehringer Ingelheim - 6482 - PSI - KWK;55218;Ingelheim;Binger Strasse;173;RheinlandPfalz;Deutschland;2024;;InBetrieb;Abfall;Industrieabfall;Ja;Nein;12;12;GegendruckmaschinemitEntnahme;TeileinspeisungEigenverbrauch;Mittelspannung;Rheinhessische Energie- und Wasserversorgungs-GmbH (SNB912239808732);Nein;
Einzelanlage;SEE946492105505;?sterreichisch-Bayerische Kraftwerke AG;Kraftwerk Braunau-Simbach MS1;84375;Kirchdorf;Am Kirchdorfer Waldsee;1 ;Bayern;Deutschland;1954;;InBetrieb;Wasser;;Nein;Ja;25,6;25,6;Laufwasseranlage;Volleinspeisung;Hochspannung;Bayernwerk Netz GmbH (SNB940352624434);Ja;
Einzelanlage;SEE948351715917;GuD Herne GmbH;GuD Herne;44653;Herne;Hertener Stra?e;16;NordrheinWestfalen;Deutschland;2022;;InBetrieb;Erdgas;ErdgasErdoelgas;Ja;Nein;621;608;GasturbinenmitnachgeschalteterDampfturbine;Volleinspeisung;Hoechstspannung;Amprion GmbH (SNB976890256486);Nein;
Einzelanlage;SEE948936460041;DB Energie GmbH;Saalachkraftwerk D1;83435;Bad Reichenhall;Thumseestra?e;25;Bayern;Deutschland;1914;;InBetrieb;Wasser;;Nein;Ja;1,593;1,593;Laufwasseranlage;TeileinspeisungEigenverbrauch;Mittelspannung, Mittelspannung, Niederspannung;Stadtwerke Bad Reichenhall KU (SNB958672501014);Nein;
Einzelanlage;SEE921008505376;GLOBALFOUNDRIES Dresden Module One LLC & Co. KG;Gasmotoren-Blockheizkraftwerk II (Generator 2);01468;Moritzburg;Ringstra?e;3;Sachsen;Deutschland;2004;;InBetrieb;Erdgas;ErdgasErdoelgas;Ja;Nein;3,832;3,772;Verbrennungsmotor;TeileinspeisungEigenverbrauch;Mittelspannung;SachsenNetze GmbH (SNB980808485264);Nein;
Einzelanlage;SEE923801709234;VERBUND Energy4Business Germany GmbH;Batterie Schwabm?nchen;86830;Schwabm?nchen;;;Bayern;Deutschland;2022;;InBetrieb;Batteriespeicher;;Nein;Nein;16;16;Batterie;Volleinspeisung;Mittelspannung;LEW Verteilnetz GmbH (SNB911705062982);Nein;
Einzelanlage;SEE924302504816;Energie- und Wasserversorgung Bonn/Rhein-Sieg GmbH;HKW Bonn-Nord, Turbogruppe 4;53115;Bonn;Karlstr.;2;NordrheinWestfalen;Deutschland;1991;;InBetrieb;Waerme;Dampf;Ja;Nein;14,12;12,12;KondensationsmaschinemitEntnahme;Volleinspeisung;Mittelspannung;Bonn-Netz GmbH (SNB927498960503);Nein;
Einzelanlage;SEE926090463146;BEW Berliner Energie und W?rme GmbH;HKW Charlottenburg Gasturbine 4;10589;Berlin;Am Spreebord;5;Berlin;Deutschland;1976;;InBetrieb;Erdgas;ErdgasErdoelgas;Ja;Nein;73;72;GasturbinenmitAbhitzekessel;TeileinspeisungEigenverbrauch;Hochspannung;Stromnetz Berlin GmbH (SNB979269087643);Nein;
Einzelanlage;SEE926239714443;Cargill Deutschland GmbH;DT Kre;47809;Krefeld;D?sseldorfer Strasse;191;NordrheinWestfalen;Deutschland;1964;;InBetrieb;Erdgas;ErdgasErdoelgas;Ja;Nein;26,775;25,714;GegendruckmaschinemitEntnahme;TeileinspeisungEigenverbrauch;Hochspannung;NGN Netzgesellschaft Niederrhein mbH (SNB911144461377);Nein;
Einzelanlage;SEE946979186225;VERBUND Innkraftwerke GmbH;Triebwerk Gars;83536;Gars;Agg;4;Bayern;Deutschland;2013;;InBetrieb;Wasser;;Nein;Ja;5;5;Laufwasseranlage;Volleinspeisung;Hochspannung;Bayernwerk Netz GmbH (SNB940352624434);Nein;
Einzelanlage;SEE947853008176;RWE Generation SE;Vianden M7;9463;Stolzembourg;Rue de l'Energie;2;;Luxemburg;1964;;InBetrieb;Pumpspeicher;;Nein;Nein;100;100;Pumpspeicher;TeileinspeisungEigenverbrauch;Hoechstspannung;Amprion GmbH (SNB976890256486);Ja;100
Einzelanlage;SEE951802406722;Crespel & Deiters GmbH & Co. KG;GTS5;49479;Ibbenb?ren;Groner Allee;76;NordrheinWestfalen;Deutschland;2017;;InBetrieb;Erdgas;ErdgasErdoelgas;Ja;Nein;7,49;7,3777;GasturbinenmitAbhitzekessel;TeileinspeisungEigenverbrauch;Mittelspannung;SWTE Netz GmbH & Co. KG (SNB950006175489);Nein;
Einzelanlage;SEE964673859078;Donau-Wasserkraft AG;Bergheim E K1;86673;Bergheim;F?rchenau;;Bayern;Deutschland;1970;;InBetrieb;Wasser;;Nein;Ja;8,3;7,9;Laufwasseranlage;Volleinspeisung;Hochspannung;DB Energie GmbH (Bahnstromnetz 16,7 Hz) (SNB942182027607);Nein;
Einzelanlage;SEE966349705634;EnBW Energie Baden-W?rttemberg AG;Heizkraftwerk Stuttgart-M?nster GT 88;70376;Stuttgart;Voltastra?e;45;BadenWuerttemberg;Deutschland;2025;;InBetrieb;Erdgas;ErdgasErdoelgas;Ja;Nein;61,5;61;GasturbinenmitAbhitzekessel;TeileinspeisungEigenverbrauch;Hochspannung;Stuttgart Netze GmbH (SNB947592865054);Nein;
Einzelanlage;SEE973556997929;naturenergie holding AG;KW Laufenburg Maschine 3;5080;Laufenburg;Baslerstrasse;;;Schweiz;1991;;InBetrieb;Wasser;;Nein;Ja;10,6;10,442;Laufwasseranlage;Volleinspeisung;Hochspannung;naturenergie netze GmbH (SNB945502201350);Ja;10,442
Einzelanlage;SEE978207781308;RheinEnergie AG;GuD Merkenich RheinEnergie;50769;K?ln;Merkenicher Hauptstr.;2;NordrheinWestfalen;Deutschland;2004;;InBetrieb;Erdgas;ErdgasErdoelgas;Ja;Nein;110,2;108,2;KondensationsmaschinemitEntnahme;Volleinspeisung;Hochspannung;RheinNetz GmbH (SNB924477581384);Nein;
Einzelanlage;SEE981577033014;naturenergie holding AG;KW Laufenburg Maschine 9;5080;Laufenburg;Baslerstrasse;;;Schweiz;1992;;InBetrieb;Wasser;;Nein;Ja;10,6;10,442;Laufwasseranlage;Volleinspeisung;Hochspannung;naturenergie netze GmbH (SNB945502201350);Ja;10,442
Einzelanlage;SEE986633590692;Smurfit Westrock Hoya Paper & Board GmbH;GT1 CTX;27318;Hoya;Von-dem-Bussche-Stra?e;1;Niedersachsen;Deutschland;1996;;InBetrieb;Erdgas;ErdgasErdoelgas;Ja;Nein;5,3696;5,155;GasturbinenmitnachgeschalteterDampfturbine;Volleinspeisung;UmspannungZurMittelspannung;Avacon Netz GmbH (SNB990362338043);Nein;
Einzelanlage;SEE956268312785;Solvay GmbH;Kondensationsturbine EKT;06406;Bernburg;K?thensche Stra?e;1;SachsenAnhalt;Deutschland;2009;;InBetrieb;Waerme;Dampf;Ja;Nein;40,49;30;KondensationsmaschinemitEntnahme;TeileinspeisungEigenverbrauch;Hochspannung;Mitteldeutsche Netzgesellschaft Strom mbH (SNB916269213931);Nein;
Einzelanlage;SEE957509710094;EEW Energy from Waste Saarbr?cken GmbH  AHKW-Neunkirchen;AHKW-Neunkirchen;66538;Neunkirchen;Am Bl?cherfl?z;12;Saarland;Deutschland;1977;;vorl?ufig Stillgelegt;Abfall;AbfallHausmuellSiedlungsabfaelle;Ja;Nein;14;11,6;GegendruckmaschinemitEntnahme;TeileinspeisungEigenverbrauch;Mittelspannung, Mittelspannung;KEW Kommunale Energie- und Wasserversorgung AG (SNB943841101959);Nein;
Einzelanlage;SEE964721515031;Uniper Kraftwerke GmbH;Kaufering K(Ro)1;86916;Kaufering;Lechfeldwiesen;;Bayern;Deutschland;1975;;InBetrieb;Wasser;;Nein;Ja;6,1;5,567;Laufwasseranlage;Volleinspeisung;Hochspannung;LEW Verteilnetz GmbH (SNB911705062982);Nein;
Einzelanlage;SEE967390177067;Holcim (S?ddeutschland) GmbH;GOES Anlagen Dotternhausen Bl?cke 1+2+3+4;72359;Dotternhausen;Dormettinger Stra?e;25;BadenWuerttemberg;Deutschland;2000;;InBetrieb;Mineraloelprodukte;AndereMineraloelprodukte;Nein;Nein;17;15;Sonstige;TeileinspeisungEigenverbrauch;UmspannungZurMittelspannung;?berlandwerk Eppler GmbH (SNB972264483465);Nein;
Einzelanlage;SEE968035471069;Biomethan Produktion Ottersberg GmbH;Motor 7;28870;Ottersberg;Am Damm;26;Niedersachsen;Deutschland;2018;;InBetrieb;Biomasse;;Ja;Ja;3,054;3,054;Verbrennungsmotor;Volleinspeisung;Mittelspannung;EWE NETZ GmbH (SNB951051725711);Nein;
Einzelanlage;SEE926471060193;K+S Minerals and Agriculture GmbH;Kraftwerk UB DT1;36414;Unterbreizbach;Schachtstra?e;10;Thueringen;Deutschland;2002;;InBetrieb;Waerme;Dampf;Ja;Nein;11,493;11,3;GegendruckmaschineohneEntnahme;TeileinspeisungEigenverbrauch;Hochspannung;Avacon Netz GmbH (SNB990362338043);Nein;
Einzelanlage;SEE931652054403;Infraserv GmbH & Co. H?chst KG;IPH Strom GT2;65929;Frankfurt;Br?ningstra?e;50;Hessen;Deutschland;2011;;InBetrieb;Waerme;Dampf;Ja;Nein;4,845;4,2;GegendruckmaschineohneEntnahme;Volleinspeisung;Mittelspannung;Infraserv Netze GmbH (SNB977535807001);Nein;
Einzelanlage;SEE934530018092;Hamburger Energiewerke GmbH;HKW Wedel Block 2;22880;Wedel;Tinsdaler Weg;146;SchleswigHolstein;Deutschland;1993;;InBetrieb;Steinkohle;Steinkohlen;Ja;Nein;133,6;116;KondensationsmaschinemitEntnahme;Volleinspeisung;Hochspannung;Hamburger Energienetze GmbH (SNB968295079586);Nein;
Einzelanlage;SEE955261480668;EnBW Energie Baden-W?rttemberg AG;illwerke vkw Latschauwerk M1;A-6774;Tschagguns;Latschaustrasse;;;Oesterreich;1950;;InBetrieb;Wasser;;Nein;Ja;4;4;Speicherwasseranlage;Volleinspeisung;Hoechstspannung;TransnetBW GmbH (SNB984944755380);Nein;
Einzelanlage;SEE955548455112;Zweckverband Restm?llheizkraftwerk B?blingen;Restm?llheizkraftwerk;71032;B?blingen;Musberger Str??le;11;BadenWuerttemberg;Deutschland;1999;;InBetrieb;Waerme;Dampf;Ja;Nein;13;12,6;KondensationsmaschinemitEntnahme;TeileinspeisungEigenverbrauch;Mittelspannung;Stadtwerke B?blingen GmbH & Co. KG (SNB931805295141);Nein;
Einzelanlage;SEE956127306573;TIWAG-Tiroler Wasserkraft AG;KW K?htai - Maschine 1;6183;K?htai;K?htai;73;;Oesterreich;1981;;InBetrieb;Pumpspeicher;;Nein;Nein;144,5;144,5;Pumpspeicher;Volleinspeisung;Hochspannung;TenneT TSO GmbH (SNB970033313272);Nein;
Einzelanlage;SEE956682707471;Uniper Kraftwerke GmbH;Gummering K3;84183;Niederviehbach;Untere Au;80;Bayern;Deutschland;1957;;InBetrieb;Wasser;;Nein;Ja;5,5;5,5;Laufwasseranlage;Volleinspeisung;Mittelspannung;Bayernwerk Netz GmbH (SNB940352624434);Nein;
Einzelanlage;SEE960955163109;Stadtwerke Kempen GmbH;0067 - STW - BHKW - KWK;47906;Kempen;Otto-Schott-Stra?e;4;NordrheinWestfalen;Deutschland;2024;;InBetrieb;Erdgas;ErdgasErdoelgas;Ja;Nein;2,455;2,419;Verbrennungsmotor;Volleinspeisung;Mittelspannung;Stadtwerke Kempen GmbH (SNB943042904373);Nein;
Einzelanlage;SEE964940893804;Iqony Battery System;GBS KW Walsum;47179;Duisburg;Dr.-Wilhelm-Roelen-Str.;129;NordrheinWestfalen;Deutschland;2016;;InBetrieb;Batteriespeicher;;Nein;Nein;15;15;Batterie;Volleinspeisung;Hoechstspannung;Amprion GmbH (SNB976890256486);Nein;
Einzelanlage;SEE982064018118;Moritz J. Weig GmbH & Co. KG;Gasturbine 2;56727;Mayen;Polcher Stra?e;113;RheinlandPfalz;Deutschland;2015;;InBetrieb;Erdgas;ErdgasErdoelgas;Ja;Nein;16;14,5;GasturbinenmitAbhitzekessel;TeileinspeisungEigenverbrauch;Mittelspannung;Energienetze Mittelrhein GmbH & Co. KG (SNB980055629275);Nein;
Einzelanlage;SEE920201147345;K+S Minerals and Agriculture GmbH;Kraftwerk WI DT5;36266;Heringen;In der Aue;1;Hessen;Deutschland;1974;;InBetrieb;Waerme;None;Ja;Nein;5;5;GegendruckmaschineohneEntnahme;TeileinspeisungEigenverbrauch;Hochspannung;Avacon Netz GmbH (SNB990362338043);Nein;
Einzelanlage;SEE922981583535;Stadtwerke Lemgo GmbH;HKW-West Gasturbine 1;32657;Lemgo;Liemer Weg;71;NordrheinWestfalen;Deutschland;1988;;InBetrieb;Erdgas;ErdgasErdoelgas;Ja;Nein;5,16;5,1;GasturbinenmitAbhitzekessel;Volleinspeisung;Mittelspannung;Stadtwerke Lemgo GmbH (SNB967075358620);Nein;
Einzelanlage;SEE923129957027;Stadtwerke Duisburg AG;Mitte BHKW 2 Modul 3;47053;Duisburg;Bungertstr.;27;NordrheinWestfalen;Deutschland;2023;;InBetrieb;Erdgas;ErdgasErdoelgas;Ja;Nein;4,5;4,472;Verbrennungsmotor;Volleinspeisung;Hochspannung;Netze Duisburg GmbH (SNB916123648602);Nein;
Einzelanlage;SEE943538028071;Stadtwerke Leipzig GmbH;BHKW Leipzig Nord;04105;Leipzig;Eutritzscher Stra?e;14 b;Sachsen;Deutschland;2017;;InBetrieb;Erdgas;ErdgasErdoelgas;Ja;Nein;1,999;1,999;Verbrennungsmotor;TeileinspeisungEigenverbrauch;Mittelspannung;Mitteldeutsche Netzgesellschaft Strom mbH (SNB916269213931);Nein;
Einzelanlage;SEE944111876263;Progroup Power 1 GmbH;PPO1 - Eisenh?ttenstadt;15890;Eisenh?ttenstadt;Oderlandstra?e;109;Brandenburg;Deutschland;2009;;InBetrieb;Abfall;Industrieabfall;Ja;Nein;32;32;Sonstige;Volleinspeisung;Hochspannung;E.DIS Netz GmbH (SNB941690671609);Nein;
Einzelanlage;SEE945113079652;EnBW Energie Baden-W?rttemberg AG;WKW Rudolf-Fettweis-Werk NDW M2;76596;Forbach;Werkstra?e;5;BadenWuerttemberg;Deutschland;1918;;InBetrieb;Wasser;;Nein;Ja;1,27;1,27;Laufwasseranlage;TeileinspeisungEigenverbrauch;Hochspannung;Netze BW GmbH (SNB948311994307);Nein;
Einzelanlage;SEE945933440847;Thermo Fisher Scientific BPG GmbH;Wuppertal Kraftwerk Turbine 4;42289;Wuppertal;?hder Stra?e;28;NordrheinWestfalen;Deutschland;1963;;InBetrieb;Erdgas;ErdgasErdoelgas;Ja;Nein;17;5,5;KondensationsmaschinemitEntnahme;TeileinspeisungEigenverbrauch;UmspannungZurMittelspannung;WSW Netz GmbH (SNB914306944756);Nein;
Einzelanlage;SEE950450991048;Uniper Kraftwerke GmbH;Ro?haupten SKW K1;87672;Ro?haupten;Forggenseestra?e;100;Bayern;Deutschland;1954;;InBetrieb;Wasser;;Nein;Ja;24,9;22,75;Speicherwasseranlage;Volleinspeisung;Hochspannung;LEW Verteilnetz GmbH (SNB911705062982);Nein;
Einzelanlage;SEE950689982695;Energieversorgung Schwerin GmbH & Co. Erzeugung KG;SN-S?d-GUD-GT02;19061;Schwerin;Pampower Str.;50;MecklenburgVorpommern;Deutschland;2022;;InBetrieb;Erdgas;ErdgasErdoelgas;Ja;Nein;23,06;22,6683;GasturbinenmitAbhitzekessel;TeileinspeisungEigenverbrauch;UmspannungZurMittelspannung;Netzgesellschaft Schwerin mbH (NGS) (SNB913130054136);Nein;
Einzelanlage;SEE950988570012;Uniper Kraftwerke GmbH;Kachlet K4;94034;Passau;Schleusenweg;10;Bayern;Deutschland;1927;;InBetrieb;Wasser;;Nein;Ja;6,7125;6,7125;Laufwasseranlage;Volleinspeisung;Hochspannung;Bayernwerk Netz GmbH (SNB940352624434);Nein;
Einzelanlage;SEE955053582136;Volkswagen AG;GuD West 40 Dampfturbine;38440;Wolfsburg;Berliner Ring;2;Niedersachsen;Deutschland;2023;;InBetrieb;Waerme;Dampf;Ja;Nein;48,99;48,99;KondensationsmaschinemitEntnahme;Volleinspeisung;Hochspannung;VW KRAFTWERK Gesellschaft mit beschr?nkter Haftung (SNB978865527096);Nein;
Einzelanlage;SEE985733267343;Emschergenossenschaft;Erdgas BHKW KLA Bottrop Ag. 3;46238;Bottrop;In der Welheimer Mark;190;NordrheinWestfalen;Deutschland;2021;;InBetrieb;Erdgas;ErdgasErdoelgas;Ja;Nein;2,676;2,676;Verbrennungsmotor;TeileinspeisungEigenverbrauch;UmspannungZurMittelspannung;Westnetz GmbH (SNB921897286493);Nein;
Einzelanlage;SEE988841475051;B+T Energie GmbH;HKW Witzenhausen;37213;Witzenhausen;Kasseler Landstra?e;23;Hessen;Deutschland;2009;;InBetrieb;Abfall;AbfallHausmuellSiedlungsabfaelle;Ja;Nein;32,8;28;KondensationsmaschinemitEntnahme;TeileinspeisungEigenverbrauch;Mittelspannung;Stadtwerke Witzenhausen GmbH & Co. KG (SNB937722627607);Nein;
Einzelanlage;SEE920046158025;ESG Kraftwerke I GmbH;GS Solargarten;34266;Niestetal;Am Solargarten;1;Hessen;Deutschland;2025;;InBetrieb;Batteriespeicher;;Nein;Nein;14,2;14,2;Batterie;Volleinspeisung;Mittelspannung;St?dtische Werke Netz+Service GmbH (SNB935482852901);Nein;
Einzelanlage;SEE922153723905;Energieversorgung Oberhausen;Heizkraftwerk I;46045;Oberhausen;Danziger Str.;31;NordrheinWestfalen;Deutschland;1971;;InBetrieb;Erdgas;ErdgasErdoelgas;Ja;Nein;24,1;21,45;Verbrennungsmotor;Volleinspeisung;Mittelspannung;Oberhausener Netzgesellschaft mbH (SNB992672107807);Nein;
Einzelanlage;SEE926125006225;Uniper Kraftwerke GmbH;Landau K2;94431;Pilsting;Stauseestra?e;1;Bayern;Deutschland;1984;;InBetrieb;Wasser;;Nein;Ja;4,2;4,2;Laufwasseranlage;Volleinspeisung;Mittelspannung;Bayernwerk Netz GmbH (SNB940352624434);Nein;
Einzelanlage;SEE931044787582;Nordzucker AG Werk Schladen;Generator 3;38315;Schladen;Bahnhofstra?e;13;Niedersachsen;Deutschland;1978;;InBetrieb;Erdgas;ErdgasErdoelgas;Ja;Nein;3,5;3;GegendruckmaschineohneEntnahme;TeileinspeisungEigenverbrauch;Mittelspannung;LSW Netz GmbH & Co. KG (SNB957862279702);Nein;
Einzelanlage;SEE934842271741;RWE Battery Solutions GmbH;Batteriespeicher Jackerath;50181;Bedburg;;;NordrheinWestfalen;Deutschland;2023;;InBetrieb;Batteriespeicher;;Nein;Nein;4,05;4,05;Batterie;Volleinspeisung;Mittelspannung;Amprion GmbH (SNB976890256486);Nein;
Einzelanlage;SEE936668903264;Fernw?rme Ulm GmbH;BHKW1;89077;Ulm;Magirusstra?e;21;BadenWuerttemberg;Deutschland;2022;;InBetrieb;Erdgas;ErdgasErdoelgas;Ja;Nein;20,774;20,543;Verbrennungsmotor;Volleinspeisung;UmspannungZurMittelspannung;Stadtwerke Ulm/Neu-Ulm Netze GmbH (SNB934068635945);Nein;
Einzelanlage;SEE955310827123;Stadtwerke Leipzig GmbH;Heizkraftwerk Leipzig Nord DT8B;04105;Leipzig;Eutritzscher Stra?e;14b;Sachsen;Deutschland;2022;;InBetrieb;Erdgas;ErdgasErdoelgas;Ja;Nein;25,743;25,249;GegendruckmaschinemitEntnahme;TeileinspeisungEigenverbrauch;UmspannungZurMittelspannung;Mitteldeutsche Netzgesellschaft Strom mbH (SNB916269213931);Nein;
Einzelanlage;SEE966920434281;Stadtwerke Flensburg;Gasturbine 12;24939;Flensburg;Batteriestra?e;48;SchleswigHolstein;Deutschland;2016;;InBetrieb;Erdgas;ErdgasErdoelgas;Ja;Nein;50,2;50,1;GasturbinenmitAbhitzekessel;Volleinspeisung;Mittelspannung;Stadtwerke Flensburg GmbH (SNB922220582657);Nein;
Einzelanlage;SEE967019106539;RWE Generation Hydro GmbH;Lehmen Maschine 2;56332;Niederfell;An der B49;;RheinlandPfalz;Deutschland;1962;;InBetrieb;Wasser;;Nein;Ja;5;5;Laufwasseranlage;Volleinspeisung;UmspannungZurMittelspannung;Westnetz GmbH (SNB921897286493);Nein;
Einzelanlage;SEE968058469012;Mohn Media Mohndruck GmbH;GT 3;33332;G?tersloh;Carl-Bertelsmann-Stra?e;161;NordrheinWestfalen;Deutschland;1994;;InBetrieb;Erdgas;ErdgasErdoelgas;Ja;Nein;5,25;5,167;GasturbinenmitAbhitzekessel;TeileinspeisungEigenverbrauch;Mittelspannung;Netzgesellschaft G?tersloh mbH (SNB931546188436);Nein;
Einzelanlage;SEE969005744404;Hetzner Online GmbH;FSN1-DC22-NEA;08223;Falkenstein;Am Datacenter-Park;1;Sachsen;Deutschland;2024;;InBetrieb;Mineraloelprodukte;HeizoelLeicht;Nein;Nein;2,25;1,8;Verbrennungsmotor;TeileinspeisungEigenverbrauch;Mittelspannung;Mitteldeutsche Netzgesellschaft Strom mbH (SNB916269213931);Nein;
Einzelanlage;SEE969023487444;Infraserv GmbH & Co. Wiesbaden KG;Generator 2;65203;Wiesbaden;Rheingaustra?e;190-196;Hessen;Deutschland;1978;;InBetrieb;Erdgas;ErdgasErdoelgas;Ja;Nein;4,35;4,1;GegendruckmaschineohneEntnahme;Volleinspeisung;Mittelspannung;InfraServ GmbH & Co. Wiesbaden KG (SNB960884494671);Nein;
stillgelegte Anlagen;SEE951401550147;EnBW Energie Baden-W?rttemberg AG;Heizkraftwerk Stuttgart-M?nster GT 17;70376;Stuttgart;Voltastra?e;45;BadenWuerttemberg;Deutschland;1974;2026;endg?ltig stillgelegt nach ? 13b EnWG;Mineraloelprodukte;HeizoelLeicht;Nein;Nein;23,3;23,3;GasturbinenohneAbhitzekessel;TeileinspeisungEigenverbrauch;Hochspannung;Stuttgart Netze GmbH (SNB947592865054);Nein;
Einzelanlage;SEE956908340703;Uniper Kraftwerke GmbH;Eitting D F2;85462;Eitting;Am Moosrain;10;Bayern;Deutschland;1925;;InBetrieb;Wasser;;Nein;Ja;9;9;Laufwasseranlage;Volleinspeisung;Hochspannung;Bayernwerk Netz GmbH (SNB940352624434);Nein;
Einzelanlage;SEE958261845871;AUDI;NEC_WERK_PST_NORD;74172;Neckarsulm;NSU-Stra?e;1;BadenWuerttemberg;Deutschland;1999;;InBetrieb;Mineraloelprodukte;AndereMineraloelprodukte;Nein;Nein;2,134;2,134;Verbrennungsmotor;TeileinspeisungEigenverbrauch;Niederspannung;Netze BW GmbH (SNB948311994307);Nein;
Einzelanlage;SEE961989517128;Obton Storage GmbH & Co. KG;Bad D?ben Battery Storage;04849;Bad D?ben;Steinlache;4;Sachsen;Deutschland;2022;;InBetrieb;Batteriespeicher;;Nein;Nein;13,883;13,883;Batterie;Volleinspeisung;Mittelspannung;Mitteldeutsche Netzgesellschaft Strom mbH (SNB916269213931);Nein;
Einzelanlage;SEE969507902654;VERBUND Innkraftwerke GmbH;Kraftwerk Wasserburg MS1 20 kV;83512;Wasserburg;Innwerkstra?e;15;Bayern;Deutschland;1938;;InBetrieb;Wasser;;Nein;Ja;4,82;4,82;Laufwasseranlage;Volleinspeisung;Hochspannung;Bayernwerk Netz GmbH (SNB940352624434);Nein;
Einzelanlage;SEE970305352633;S?dzucker AG;Dampfturbine III S?dzucker Zeitz;06712;Zeitz;Albrechtstra?e;54;SachsenAnhalt;Deutschland;1993;;InBetrieb;Waerme;Dampf;Ja;Nein;19,35;16,85;GegendruckmaschinemitEntnahme;TeileinspeisungEigenverbrauch;UmspannungZurMittelspannung;Mitteldeutsche Netzgesellschaft Strom mbH (SNB916269213931);Nein;
Einzelanlage;SEE970688261195;Dow Deutschland Anlagengesellschaft mbH;01 Std ST1;21683;Stade;B?tzflether Sand;9;Niedersachsen;Deutschland;1975;;InBetrieb;Waerme;Dampf;Ja;Nein;16,9;14;Sonstige;TeileinspeisungEigenverbrauch;Mittelspannung;TenneT TSO GmbH (SNB970033313272);Nein;
Einzelanlage;SEE901205245022;eins energie in sachsen GmbH & Co. KG;Motor-Heizkraftwerk Chemnitz-S?d, Motor 3;09125;Chemnitz;S?dstra?e;1;Sachsen;Deutschland;2022;;InBetrieb;Erdgas;ErdgasErdoelgas;Ja;Nein;12,9;12,7314;Verbrennungsmotor;TeileinspeisungEigenverbrauch;Hochspannung;inetz GmbH (SNB916663914472);Nein;
Einzelanlage;SEE902522034610;SWK Stadtwerke Kaiserslautern Versorgungs-AG;HKW Karcherstra?e (GT14);67655;Kaiserslautern;Karcherstra?e;28;RheinlandPfalz;Deutschland;2021;;InBetrieb;Erdgas;ErdgasErdoelgas;Ja;Nein;8,88;8,5;GasturbinenmitAbhitzekessel;TeileinspeisungEigenverbrauch;Niederspannung;SWK Stadtwerke Kaiserslautern Versorgungs-AG (SNB982394830312);Nein;
Einzelanlage;SEE906917494423;Allg?uer ?berlandwerk GmbH;ECOspeicher Au;87477;Sulzberg;Au;7;Bayern;Deutschland;2022;;InBetrieb;Batteriespeicher;;Nein;Nein;6,9;6,9;Batterie;Volleinspeisung;Mittelspannung;Allg?uNetz GmbH & Co. KG (SNB926394308747);Nein;
Einzelanlage;SEE907686447658;Schluchseewerk AG;Sperrenkraftwerk Wehr;79664;Wehr;Todtmooser Stra?e;150;BadenWuerttemberg;Deutschland;2001;;InBetrieb;Wasser;;Nein;Ja;1,2;1,2;Laufwasseranlage;Volleinspeisung;Mittelspannung;Netze BW GmbH (SNB948311994307);Nein;
Einzelanlage;SEE911202451180;Mark-E Aktiengesellschaft;Kraftwerk Werdohl-Elverlingsen E1;58791;Werdohl;Auf der Mark;1;NordrheinWestfalen;Deutschland;1975;;vorl?ufig Stillgelegt;Mineraloelprodukte;HeizoelLeicht;Nein;Nein;105;98;KondensationsmaschinemitEntnahme;Volleinspeisung;Hoechstspannung;ENERVIE Vernetzt GmbH (SNB921319639913);Nein;
Einzelanlage;SEE918506212059;Energieversorgung Oberhausen;Gasmotoren Danziger Stra?e;46045;Oberhausen;Danziger Str.;31;NordrheinWestfalen;Deutschland;2021;;InBetrieb;Erdgas;ErdgasErdoelgas;Ja;Nein;9;8,8105;Verbrennungsmotor;Volleinspeisung;UmspannungZurMittelspannung;Oberhausener Netzgesellschaft mbH (SNB992672107807);Nein;
Einzelanlage;SEE927282130440;Energie SaarLorLux AG;Gasmotorenkraftwerk R?merbr?cke;66121;Saarbr?cken;Bismarckstra?e;153;Saarland;Deutschland;2022;;InBetrieb;Erdgas;ErdgasErdoelgas;Ja;Nein;53,109;52,496;Verbrennungsmotor;Volleinspeisung;Hochspannung;Stadtwerke Saarbr?cken Netz AG (SNB985382489820);Nein;
Einzelanlage;SEE930522848685;InfraLeuna GmbH;GT3;06237;Leuna;;;SachsenAnhalt;Deutschland;1994;;InBetrieb;Erdgas;ErdgasErdoelgas;Ja;Nein;37,6;37;GasturbinenmitAbhitzekessel;Volleinspeisung;Hochspannung;InfraLeuna GmbH (SNB982722829230);Nein;
Einzelanlage;SEE947745452346;OMV Deutschland Operations GmbH & Co. KG;Dampfgeneratorturbine 2;84489;Burghausen;Haiminger Stra?e;1;Bayern;Deutschland;1969;;InBetrieb;Erdgas;ErdgasErdoelgas;Ja;Nein;8;7,9;GegendruckmaschinemitEntnahme;None;UmspannungZurMittelspannung;Bayernwerk Netz GmbH (SNB940352624434);Nein;
Einzelanlage;SEE937538401125;Mineraloelraffinerie Oberrhein;Maschine 3;76187;Karlsruhe;N?rdliche Raffineriestra?e;1;BadenWuerttemberg;Deutschland;1995;;InBetrieb;Mineraloelprodukte;Raffineriegas;Ja;Nein;14;12,7;KondensationsmaschinemitEntnahme;TeileinspeisungEigenverbrauch;Hochspannung;Netze BW GmbH (SNB948311994307);Nein;
Einzelanlage;SEE942237774470;RWE Generation SE;Gersteinwerk F DT (F2);59368;Werne;Hammer Stra?e;2;NordrheinWestfalen;Deutschland;1972;;Kapazit?tsreserve aufgrund von ? 13e EnWG;Erdgas;ErdgasErdoelgas;Nein;Nein;355;355;KondensationsmaschinemitEntnahme;TeileinspeisungEigenverbrauch;Hoechstspannung;Amprion GmbH (SNB976890256486);Nein;
Einzelanlage;SEE944523267864;BTB Blockheizkraftwerks-, Tr?ger- und Betreibergesellschaft;NEZ Adlershof Modul 1;12489;Berlin;Albert-Einstein-Stra?e;22;Berlin;Deutschland;2010;;InBetrieb;Erdgas;ErdgasErdoelgas;Ja;Nein;2;1,97;Verbrennungsmotor;TeileinspeisungEigenverbrauch;Mittelspannung;Energienetze Berlin GmbH (SNB917314328846);Nein;
Einzelanlage;SEE945093389369;SYNEQT GmbH;Kraftwerk IV, GT 421;45772;Marl;Paul-Baumann-Stra?e;1;NordrheinWestfalen;Deutschland;2016;;InBetrieb;Erdgas;ErdgasErdoelgas;Ja;Nein;47,99;47;GasturbinenmitnachgeschalteterDampfturbine;Volleinspeisung;Hochspannung;CPM Netz GmbH (SNB956923775696);Nein;
Einzelanlage;SEE947894664195;DFS Energy GmbH;GT2;63225;Langen;Am DFS-Campus;3;Hessen;Deutschland;2014;;InBetrieb;Erdgas;ErdgasErdoelgas;Ja;Nein;4,569;4,459;GasturbinenmitAbhitzekessel;TeileinspeisungEigenverbrauch;Mittelspannung;Stadtwerke Langen GmbH (SNB965379905076);Nein;
Einzelanlage;SEE949685414514;Caterpillar Energy Solutions;P87;68167;Mannheim;Carl-Benz-Stra?e;1;BadenWuerttemberg;Deutschland;2004;;InBetrieb;Erdgas;ErdgasErdoelgas;Nein;Nein;1,6;1,6;Verbrennungsmotor;TeileinspeisungEigenverbrauch;Mittelspannung;MVV Netze GmbH (SNB985472799266);Nein;
Einzelanlage;SEE915847711449;RWE Generation SE;bnBm GasKW BIB GT6;68647;Biblis;Bei den M?nch?ckern;50;Hessen;Deutschland;2023;;besonderes netztechnisches Betriebsmittel;Erdgas;ErdgasErdoelgas;Nein;Nein;34,8;34,4;GasturbinenohneAbhitzekessel;Volleinspeisung;Hoechstspannung;Amprion GmbH (SNB976890256486);Nein;
Einzelanlage;SEE916508151147;Ford-Werke GmbH;BHKW Ford Saarlouis Modul 5;66740;Saarlouis;Henry-Ford-Stra?e;1;Saarland;Deutschland;2016;;InBetrieb;Erdgas;ErdgasErdoelgas;Ja;Nein;4,404;4,322;Verbrennungsmotor;TeileinspeisungEigenverbrauch;Mittelspannung;VSE Verteilnetz GmbH (SNB941650885558);Nein;
Einzelanlage;SEE982462684892;Uniper Kraftwerke GmbH;Ettling K1;94522;Wallersdorf;Kraftwerkstr.;1 ;Bayern;Deutschland;1988;;InBetrieb;Wasser;;Nein;Ja;4,1;4,1;Laufwasseranlage;Volleinspeisung;Hochspannung;Bayernwerk Netz GmbH (SNB940352624434);Nein;
Einzelanlage;SEE938449433663;Gunvor Raffinerie Ingolstadt GmbH;Kraftwerk GRI;85092;K?sching;Essostra?e;1 ;Bayern;Deutschland;1964;;InBetrieb;Erdgas;ErdgasErdoelgas;Ja;Nein;7,2;7,2;GegendruckmaschinemitEntnahme;None;Hochspannung;Bayernwerk Netz GmbH (SNB940352624434);Nein;
Einzelanlage;SEE941054035436;?sterreichisch-Bayerische Kraftwerke AG;Kraftwerk Passau-Ingling MS4;94036;Passau;Innstra?e;121;Bayern;Deutschland;1965;;InBetrieb;Wasser;;Nein;Ja;21,6;21,6;Laufwasseranlage;Volleinspeisung;Hochspannung;Bayernwerk Netz GmbH (SNB940352624434);Ja;
Einzelanlage;SEE941115201374;Energie und Wasser Potsdam GmbH;BHKW Potsdam-Nord 2;14471;Potsdam;Zeppelinstra?e;135;Brandenburg;Deutschland;2024;;InBetrieb;Erdgas;ErdgasErdoelgas;Ja;Nein;4,502;4,45;Verbrennungsmotor;TeileinspeisungEigenverbrauch;Mittelspannung;Netzgesellschaft Potsdam GmbH (SNB929027950139);Nein;
Einzelanlage;SEE954169155876;Energieversorgung Offenbach AG;Heizkraftwerk-Offenbach-EVO;63067;Offenbach;Andr?stra?e;71;Hessen;Deutschland;1988;;InBetrieb;Steinkohle;Steinkohlen;Ja;Nein;54,7;49;KondensationsmaschinemitEntnahme;TeileinspeisungEigenverbrauch;UmspannungZurMittelspannung;Energienetze Offenbach GmbH (SNB915100694458);Nein;
Einzelanlage;SEE955802157592;EnBW Contracting GmbH;HK_001_Industrieheizkraftwerk-Walsrode_BHKW-GM2;29699;Walsrode;Bahnhofstra?e;13;Niedersachsen;Deutschland;2019;;InBetrieb;Erdgas;ErdgasErdoelgas;Ja;Nein;3,2;3,2;Verbrennungsmotor;TeileinspeisungEigenverbrauch;Mittelspannung;Avacon Netz GmbH (SNB990362338043);Nein;
Einzelanlage;SEE944503176377;EnBW Energie Baden-W?rttemberg AG;Heizkraftwerk  Altbach/Deizisau HKW 1;73776;Altbach;Industriestra?e;11;BadenWuerttemberg;Deutschland;1985;;Netzreserve aufgrund ? 13b EnWG;Steinkohle;Steinkohlen;Nein;Nein;476;433;KondensationsmaschinemitEntnahme;TeileinspeisungEigenverbrauch;Hochspannung;TransnetBW GmbH (SNB984944755380);Nein;
Einzelanlage;SEE947225300921;InfraLeuna GmbH;GT1;06237;Leuna;;;SachsenAnhalt;Deutschland;1994;;InBetrieb;Erdgas;ErdgasErdoelgas;Ja;Nein;37,6;37;GasturbinenmitAbhitzekessel;Volleinspeisung;Hochspannung;InfraLeuna GmbH (SNB982722829230);Nein;
Einzelanlage;SEE950208762586;Untere Iller GmbH;Untereichen F1;89281;Altenstadt;Werkstra?e;60;Bayern;Deutschland;1931;;InBetrieb;Wasser;;Nein;Ja;4;4;Laufwasseranlage;TeileinspeisungEigenverbrauch;Hochspannung;LEW Verteilnetz GmbH (SNB911705062982);Nein;
Einzelanlage;SEE950477241393;DREWAG - Stadtwerke Dresden GmbH;DT;01159;Dresden;Oederaner Stra?e;21;Sachsen;Deutschland;1995;;InBetrieb;Erdgas;ErdgasErdoelgas;Ja;Nein;75;74;GegendruckmaschinemitEntnahme;Volleinspeisung;Hochspannung;SachsenNetze HS.HD GmbH (SNB968914838013);Nein;
Einzelanlage;SEE952058615067;Solvay GmbH;Solvay Rb TA1;47495;Rheinberg;Xantener Stra?e;237;NordrheinWestfalen;Deutschland;1996;;InBetrieb;Erdgas;ErdgasErdoelgas;Ja;Nein;54;54;GasturbinenmitAbhitzekessel;TeileinspeisungEigenverbrauch;Mittelspannung;Solvay GmbH (SNB960511188218);Nein;
Einzelanlage;SEE953987748918;Stadtwerke Duisburg AG;Mitte BHKW 2 Modul 6;47053;Duisburg;Bungertstr.;27;NordrheinWestfalen;Deutschland;2023;;InBetrieb;Erdgas;ErdgasErdoelgas;Ja;Nein;4,5;4,472;Verbrennungsmotor;Volleinspeisung;Hochspannung;Netze Duisburg GmbH (SNB916123648602);Nein;
Einzelanlage;SEE957083466325;Stadtwerke D?sseldorf AG;SWD KWL AGuD;40221;D?sseldorf;Auf der Lausward;75;NordrheinWestfalen;Deutschland;2000;;InBetrieb;Erdgas;ErdgasErdoelgas;Ja;Nein;102;100;GasturbinenmitnachgeschalteterDampfturbine;Volleinspeisung;Hochspannung;Netzgesellschaft D?sseldorf mbH (SNB933956506145);Nein;
Einzelanlage;SEE959044776498;Stadtwerke Duisburg AG;Mitte BHKW 2 Modul 5;47053;Duisburg;Bungertstr.;27;NordrheinWestfalen;Deutschland;2023;;InBetrieb;Erdgas;ErdgasErdoelgas;Ja;Nein;4,5;4,472;Verbrennungsmotor;Volleinspeisung;Hochspannung;Netze Duisburg GmbH (SNB916123648602);Nein;
Einzelanlage;SEE959576281422;Knapsack Power GmbH & Co. KG;Knapsack I - Dampfturbine - DT 10;50354;H?rth;Industriestra?e;300;NordrheinWestfalen;Deutschland;2007;;InBetrieb;Erdgas;ErdgasErdoelgas;Nein;Nein;290;290;GasturbinenmitnachgeschalteterDampfturbine;Volleinspeisung;Hoechstspannung;Amprion GmbH (SNB976890256486);Nein;
Einzelanlage;SEE962877818310;EnBW Energie Baden-W?rttemberg AG;Heizkraftwerk Stuttgart-M?nster DT 19;70376;Stuttgart;Voltastra?e;45;BadenWuerttemberg;Deutschland;2009;;InBetrieb;Erdgas;ErdgasErdoelgas;Ja;Nein;19,6;19,5;KondensationsmaschinemitEntnahme;TeileinspeisungEigenverbrauch;Hochspannung;Stuttgart Netze GmbH (SNB947592865054);Nein;
Einzelanlage;SEE963454497492;TEAG Th?ringer Energie AG;Dampfturbine 2 Jena;07745;Jena;Rudolst?dter Stra?e;41;Thueringen;Deutschland;1996;;InBetrieb;Erdgas;ErdgasErdoelgas;Ja;Nein;40;39;KondensationsmaschinemitEntnahme;Volleinspeisung;UmspannungZurMittelspannung;TEN Th?ringer Energienetze GmbH & Co. KG (SNB970821959712);Nein;
Einzelanlage;SEE972750176482;BMW AG;KWK 5 Geb. 192.0;84130;Dingolfing;Karl-Dompert-Stra?e;7;Bayern;Deutschland;2019;;InBetrieb;Erdgas;ErdgasErdoelgas;Ja;Nein;4,5;4,5;Verbrennungsmotor;TeileinspeisungEigenverbrauch;Hochspannung;Bayernwerk Netz GmbH (SNB940352624434);Nein;
Einzelanlage;SEE973007329446;Boehringer Ingelheim Pharma GmbH&Co.KG;Boehringer Ingelheim - H111 - GT51/AK51;88400;Biberach;Birkendorfer Stra?e;65;BadenWuerttemberg;Deutschland;2002;;InBetrieb;Erdgas;ErdgasErdoelgas;Ja;Nein;4,48;4,471;GasturbinenmitAbhitzekessel;TeileinspeisungEigenverbrauch;Mittelspannung;Netze BW GmbH (SNB948311994307);Nein;
Einzelanlage;SEE975648364909;EnBW Energie Baden-W?rttemberg AG;WKW S?ckingen M3;79713;Bad S?ckingen;Murger Weg;2;BadenWuerttemberg;Deutschland;1966;;InBetrieb;Wasser;;Nein;Ja;23;23;Laufwasseranlage;TeileinspeisungEigenverbrauch;Hochspannung;Netze BW GmbH (SNB948311994307);Ja;9,2
Einzelanlage;SEE944923156256;EnBW Energie Baden-W?rttemberg AG;WKW Unteropfingen M2;88457;Kirchdorf;Kraftwerkstra?e;4;BadenWuerttemberg;Deutschland;1924;;InBetrieb;Wasser;;Nein;Ja;3,325;3,325;Laufwasseranlage;TeileinspeisungEigenverbrauch;Mittelspannung;Netze BW GmbH (SNB948311994307);Nein;
Einzelanlage;SEE945451865368;Schluchseewerk AG;KW S?ckingen A8;79713;Bad S?ckingen;Stollenweg;2;BadenWuerttemberg;Deutschland;1967;;InBetrieb;Pumpspeicher;;Nein;Nein;90;90;Pumpspeicher;None;Hoechstspannung;Amprion GmbH (SNB976890256486);Nein;
Einzelanlage;SEE951648072822;Zweckverband f?r Abfallwirtschaft S?dwestth?ringen (ZASt);ZASt;98544;Zella-Mehlis;Am Schie?stand;15;Thueringen;Deutschland;2007;;InBetrieb;Abfall;AbfallHausmuellSiedlungsabfaelle;Ja;Nein;13,7;12,1;KondensationsmaschinemitEntnahme;TeileinspeisungEigenverbrauch;Mittelspannung;Stadtwerke Suhl/Zella-Mehlis Netz GmbH (SNB935760057516);Nein;
Einzelanlage;SEE951078548935;Stadtwerke Kempen GmbH;0050 - STW - BHKW - KWK;47906;Kempen;Otto-Schott-Stra?e;4;NordrheinWestfalen;Deutschland;2017;;InBetrieb;Erdgas;ErdgasErdoelgas;Ja;Nein;3,356;3,313;Verbrennungsmotor;Volleinspeisung;Mittelspannung;Stadtwerke Kempen GmbH (SNB943042904373);Nein;
Einzelanlage;SEE965333653821;BEW Berliner Energie und W?rme GmbH;HKW Klingenberg Dampfturbine 3;10317;Berlin;K?penicker Chaussee;42-45;Berlin;Deutschland;1982;;InBetrieb;Erdgas;ErdgasErdoelgas;Ja;Nein;64;56;GegendruckmaschinemitEntnahme;TeileinspeisungEigenverbrauch;Hochspannung;Stromnetz Berlin GmbH (SNB979269087643);Nein;
Einzelanlage;SEE971021553687;LEW Wasserkraft;Rain M2;86641;Rain;Kraftwerkstra?e;21;Bayern;Deutschland;1955;;InBetrieb;Wasser;;Nein;Ja;5,6;5,595;Laufwasseranlage;Volleinspeisung;Mittelspannung;LEW Verteilnetz GmbH (SNB911705062982);Nein;
Einzelanlage;SEE974045584156;EGGER Holzwerkstoffe Brilon GmbH & Co. KG;GT6;59929;Brilon;Im Kissen;19;NordrheinWestfalen;Deutschland;1998;;InBetrieb;Erdgas;ErdgasErdoelgas;Nein;Nein;5;5;GasturbinenohneAbhitzekessel;TeileinspeisungEigenverbrauch;Mittelspannung;Westnetz GmbH (SNB921897286493);Nein;
Einzelanlage;SEE974941636973;TWS Th?ringer W?rme Service GmbH;HKW Schwarza TS 6;07407;Rudolstadt;Breitscheidstra?e;160;Thueringen;Deutschland;1962;;InBetrieb;Waerme;Dampf;Ja;Nein;8;7,881;GegendruckmaschinemitEntnahme;TeileinspeisungEigenverbrauch;UmspannungZurMittelspannung;EnR Energienetze Rudolstadt GmbH (SNB953495670831);Nein;
Einzelanlage;SEE976927444749;RRKW Feldheim GmbH & Co. KG;RRKW Feldheim;14929;Treuenbrietzen;Hinter den G?rten;15 b;Brandenburg;Deutschland;2016;;InBetrieb;Batteriespeicher;;Nein;Nein;10;10;Batterie;Volleinspeisung;Hochspannung;50Hertz Transmission GmbH (SNB982046657236);Nein;
Einzelanlage;SEE979791664664;Salzgitter Flachstahl GmbH;Ma 2;38239;Salzgitter;Eisenh?ttenstra?e;99;Niedersachsen;Deutschland;2006;;InBetrieb;Sonstige Energietraeger (nicht erneuerbar);HochofengasKonvertergas;Ja;Nein;55;49,5;KondensationsmaschinemitEntnahme;TeileinspeisungEigenverbrauch;Hoechstspannung;TenneT TSO GmbH (SNB970033313272);Nein;
Einzelanlage;SEE980421575656;Lausitz Energie Kraftwerke AG;Gasturbinenkraftwerk Thyrow GT C;15806;Zossen;Am Umspannwerk;12;Brandenburg;Deutschland;1987;;Kapazit?tsreserve aufgrund von ? 13e EnWG;Erdgas;ErdgasErdoelgas;Nein;Nein;37,6;37,104;GasturbinenohneAbhitzekessel;Volleinspeisung;Hochspannung;50Hertz Transmission GmbH (SNB982046657236);Nein;
Einzelanlage;SEE980892645759;Uniper Kraftwerke GmbH;Aufkirchen D F2;85445;Oberding;Bayernwerkstra?e;1;Bayern;Deutschland;1924;;InBetrieb;Wasser;;Nein;Ja;9;9;Laufwasseranlage;Volleinspeisung;Hochspannung;Bayernwerk Netz GmbH (SNB940352624434);Nein;
Einzelanlage;SEE927922085253;RheinEnergie Speicher Einbeck GmbH & Co. KG;BESS-Einbeck;37574;Einbeck;Schwammelwitzer Stra?e;;Niedersachsen;Deutschland;2026;;InBetrieb;Batteriespeicher;;Nein;Nein;24,5;24,5;Batterie;Volleinspeisung;Mittelspannung;EAM Netz GmbH (SNB971311555230);Nein;
Einzelanlage;SEE976607134694;BMW AG;KWK 2 Geb. 192.0;84130;Dingolfing;Karl-Dompert-Stra?e;7;Bayern;Deutschland;2014;;InBetrieb;Erdgas;ErdgasErdoelgas;Ja;Nein;4,13;4,09;Verbrennungsmotor;TeileinspeisungEigenverbrauch;Hochspannung;Bayernwerk Netz GmbH (SNB940352624434);Nein;
Einzelanlage;SEE972377801989;ENGIE Deutschland Erneuerbare GmbH;Pfreimd R2;92555;Trausnitz;Seestra?e;6;Bayern;Deutschland;1955;;InBetrieb;Pumpspeicher;;Nein;Nein;33;33;Pumpspeicher;Volleinspeisung;Hochspannung;Bayernwerk Netz GmbH (SNB940352624434);Nein;
Einzelanlage;SEE974883809046;BEW Berliner Energie und W?rme GmbH;HKW Reuter West Dampfturbine E;13599;Berlin;Gro?er Spreering;5;Berlin;Deutschland;1988;;InBetrieb;Steinkohle;Steinkohlen;Ja;Nein;300;282;KondensationsmaschinemitEntnahme;TeileinspeisungEigenverbrauch;Hoechstspannung;50Hertz Transmission GmbH (SNB982046657236);Nein;
Einzelanlage;SEE916865356940;K+S Minerals and Agriculture GmbH;Kraftwerk HA GT4;36269;Philippsthal;Hattorfer Stra?e;1;Hessen;Deutschland;2012;;InBetrieb;Erdgas;ErdgasErdoelgas;Ja;Nein;32,604;32;GasturbinenmitAbhitzekessel;TeileinspeisungEigenverbrauch;Hochspannung;Avacon Netz GmbH (SNB990362338043);Nein;
Einzelanlage;SEE918332839635;RWE Generation SE;bnBm GasKW BIB GT8;68647;Biblis;Bei den M?nch?ckern;50;Hessen;Deutschland;2023;;besonderes netztechnisches Betriebsmittel;Erdgas;ErdgasErdoelgas;Nein;Nein;34,8;34,4;GasturbinenohneAbhitzekessel;Volleinspeisung;Hoechstspannung;Amprion GmbH (SNB976890256486);Nein;
Einzelanlage;SEE924602311411;Stadtwerke D?sseldorf AG;SWD KWF T1;40233;D?sseldorf;Behrenstra?e;85;NordrheinWestfalen;Deutschland;2000;;InBetrieb;Biomasse;;Ja;Ja;55;53,7;KondensationsmaschinemitEntnahme;Volleinspeisung;Mittelspannung;Netzgesellschaft D?sseldorf mbH (SNB933956506145);Nein;
Einzelanlage;SEE924780675428;Gemeinschaftskraftwerk Irsching GmbH;Irsching 5 GT2;85088;Vohburg;Paarstra?e;30;Bayern;Deutschland;2010;;InBetrieb;Erdgas;ErdgasErdoelgas;Nein;Nein;287;282;GasturbinenmitnachgeschalteterDampfturbine;Volleinspeisung;Hoechstspannung;TenneT TSO GmbH (SNB970033313272);Nein;
Einzelanlage;SEE925705511180;Flughafen M?nchen GmbH;BHKW 2 - GOM 3;85356;M?nchen-Flughafen;Nordallee;18;Bayern;Deutschland;2014;;InBetrieb;Erdgas;ErdgasErdoelgas;Ja;Nein;4,3;4,207;Verbrennungsmotor;TeileinspeisungEigenverbrauch;Mittelspannung;Flughafen M?nchen GmbH (SNB919526009605);Nein;
Einzelanlage;SEE927820549208;CR3-Kaffeeveredelung M. Hermsen GmbH;GT1;28237;Bremen;Waterbergstra?e;14;Bremen;Deutschland;1993;;InBetrieb;Erdgas;ErdgasErdoelgas;Ja;Nein;4,95;4,77;GasturbinenmitAbhitzekessel;TeileinspeisungEigenverbrauch;Mittelspannung;wesernetz Bremen GmbH (SNB942238573102);Nein;
Einzelanlage;SEE928459304602;Uniper Kraftwerke GmbH;Walchenseekraftwerk D F2;82431;Kochel;Altjoch;22;Bayern;Deutschland;1924;;InBetrieb;Wasser;;Nein;Ja;18;18;Speicherwasseranlage;Volleinspeisung;Hochspannung;Bayernwerk Netz GmbH (SNB940352624434);Nein;
Einzelanlage;SEE920864082298;Dow Deutschland Anlagengesellschaft mbH;01 Std GT1;21683;Stade;B?tzflether Sand;9;Niedersachsen;Deutschland;2014;;InBetrieb;Erdgas;ErdgasErdoelgas;Ja;Nein;47,971;44,975;GasturbinenmitAbhitzekessel;TeileinspeisungEigenverbrauch;Mittelspannung;TenneT TSO GmbH (SNB970033313272);Nein;
Einzelanlage;SEE950355589975;K+S Minerals and Agriculture GmbH;Kraftwerk ZI DT 2;39326;Zielitz;Farsleber Stra?e;1;SachsenAnhalt;Deutschland;2010;;InBetrieb;Waerme;Dampf;Ja;Nein;29,962;29,49;KondensationsmaschinemitEntnahme;TeileinspeisungEigenverbrauch;Hochspannung;Avacon Netz GmbH (SNB990362338043);Nein;
Einzelanlage;SEE959613772449;Buchmann Karton;Gasturbine 5;76855;Annweiler;Wasgaustra?e;5;RheinlandPfalz;Deutschland;1992;;InBetrieb;Erdgas;ErdgasErdoelgas;Ja;Nein;6;5,4;GasturbinenmitAbhitzekessel;TeileinspeisungEigenverbrauch;Mittelspannung;Pfalzwerke Netz AG (SNB961471621746);Nein;
Einzelanlage;SEE960273606623;BEH Bioenergie Hannover GmbH;Biomasseheizkraftwerk Hannover St?cken;30419;Hannover;Stelinger Stra?e;19;Niedersachsen;Deutschland;2025;;InBetrieb;Waerme;Dampf;Ja;Nein;23,256;20,108;KondensationsmaschinemitEntnahme;TeileinspeisungEigenverbrauch;UmspannungZurMittelspannung;enercity Netz GmbH (SNB971746988153);Nein;
Einzelanlage;SEE963125615224;Stadtwerke Kiel AG;K?stenkraftwerk K.I.E.L Motor 14;24149;Kiel;Hasselfelde;30;SchleswigHolstein;Deutschland;2018;;InBetrieb;Erdgas;ErdgasErdoelgas;Ja;Nein;9,571;9,456;Verbrennungsmotor;Volleinspeisung;Hochspannung;SWKiel Netz GmbH (SNB973742186519);Nein;
Einzelanlage;SEE965660903200;DREWAG - Stadtwerke Dresden GmbH;Gasmotoren-Heizkraftwerk Dresden-Reick - Aggregat I;01277;Dresden;Liebst?dter Stra?e;1;Sachsen;Deutschland;2022;;InBetrieb;Erdgas;ErdgasErdoelgas;Ja;Nein;11,76;11,5;Verbrennungsmotor;Volleinspeisung;Mittelspannung;SachsenNetze GmbH (SNB980808485264);Nein;
Einzelanlage;SEE967544153657;Stadtwerke Kiel AG;K?stenkraftwerk K.I.E.L Motor 6;24149;Kiel;Hasselfelde;30;SchleswigHolstein;Deutschland;2018;;InBetrieb;Erdgas;ErdgasErdoelgas;Ja;Nein;9,571;9,456;Verbrennungsmotor;TeileinspeisungEigenverbrauch;Hochspannung;SWKiel Netz GmbH (SNB973742186519);Nein;
Einzelanlage;SEE970806189455;Volkswagen Sachsen GmbH;BHKW-G66-KWK-gro?;08058;Zwickau;Glauchauer Stra?e;40;Sachsen;Deutschland;2014;;InBetrieb;Erdgas;ErdgasErdoelgas;Ja;Nein;12,9;12,747;Verbrennungsmotor;TeileinspeisungEigenverbrauch;UmspannungZurMittelspannung;Mitteldeutsche Netzgesellschaft Strom mbH (SNB916269213931);Nein;
Einzelanlage;SEE971796321603;Zweckverband Abfallwirtschaft Raum W?rzburg;TS II;97076;W?rzburg;Gattingerstra?e;31;Bayern;Deutschland;1998;;InBetrieb;Abfall;AbfallHausmuellSiedlungsabfaelle;Ja;Nein;16;12;KondensationsmaschinemitEntnahme;TeileinspeisungEigenverbrauch;Mittelspannung;Mainfranken Netze GmbH (SNB915316807789);Nein;
Einzelanlage;SEE963197749315;SWP Stadtwerke Pforzheim;MOT 4;75175;Pforzheim;Hohwiesenweg;19;BadenWuerttemberg;Deutschland;2021;;InBetrieb;Erdgas;ErdgasErdoelgas;Ja;Nein;10,387;10,285;Verbrennungsmotor;TeileinspeisungEigenverbrauch;Hochspannung;SWP Stadtwerke Pforzheim GmbH & Co. KG (SNB929168402344);Nein;
Einzelanlage;SEE936181210535;K+S Minerals and Agriculture GmbH;Kraftwerk ZI GT 2;39326;Zielitz;Farsleber Stra?e;1;SachsenAnhalt;Deutschland;2017;;InBetrieb;Erdgas;ErdgasErdoelgas;Ja;Nein;5,582;5,49;GasturbinenmitnachgeschalteterDampfturbine;TeileinspeisungEigenverbrauch;Hochspannung;Avacon Netz GmbH (SNB990362338043);Nein;
Einzelanlage;SEE942777699660;EBS Kraftwerk GmbH;EBKW Knapsack;50354;H?rth;Industriestra?e;300;NordrheinWestfalen;Deutschland;2009;;InBetrieb;Abfall;Industrieabfall;Nein;Nein;33,42;29,9;KondensationsmaschineohneEntnahme;Volleinspeisung;Mittelspannung;YNCORIS GmbH & Co. KG (SNB948485211972);Nein;
Einzelanlage;SEE945727561772;Schluchseewerk AG;KW Wehr MS B9;79664;Wehr;Todtmooser Stra?e;150;BadenWuerttemberg;Deutschland;1976;;InBetrieb;Pumpspeicher;;Nein;Nein;227,5;227,5;Pumpspeicher;None;Hoechstspannung;TransnetBW GmbH (SNB984944755380);Nein;
Einzelanlage;SEE953235539855;EnBW Energie Baden-W?rttemberg AG;Heizkraftwerk Stuttgart-Gaisburg HKW 3 Motor 1;70327;Stuttgart;Langwiesenweg;23;BadenWuerttemberg;Deutschland;2018;;InBetrieb;Erdgas;ErdgasErdoelgas;Ja;Nein;10,295;9,717;Verbrennungsmotor;TeileinspeisungEigenverbrauch;Hochspannung;Stuttgart Netze GmbH (SNB947592865054);Nein;
Einzelanlage;SEE968240296907;Untere Iller GmbH;Untereichen F2;89281;Altenstadt;Werkstra?e;60;Bayern;Deutschland;1931;;InBetrieb;Wasser;;Nein;Ja;4;4;Laufwasseranlage;TeileinspeisungEigenverbrauch;Hochspannung;LEW Verteilnetz GmbH (SNB911705062982);Nein;
Einzelanlage;SEE968254365774;DREWAG - Stadtwerke Dresden GmbH;GT2;01159;Dresden;Oederaner Stra?e;21;Sachsen;Deutschland;1995;;InBetrieb;Erdgas;ErdgasErdoelgas;Ja;Nein;65;62;GasturbinenmitnachgeschalteterDampfturbine;Volleinspeisung;Hochspannung;SachsenNetze HS.HD GmbH (SNB968914838013);Nein;
Einzelanlage;SEE969767231167;Schluchseewerk AG;KW S?ckingen B7;79713;Bad S?ckingen;Stollenweg;2;BadenWuerttemberg;Deutschland;1967;;InBetrieb;Pumpspeicher;;Nein;Nein;90;90;Pumpspeicher;None;Hoechstspannung;TransnetBW GmbH (SNB984944755380);Nein;
Einzelanlage;SEE970931306376;Solvay GmbH;Solvay Rb TA10;47495;Rheinberg;Xantener Stra?e;237;NordrheinWestfalen;Deutschland;1983;;InBetrieb;Waerme;Dampf;Ja;Nein;27,2;27,2;GegendruckmaschineohneEntnahme;TeileinspeisungEigenverbrauch;Mittelspannung;Solvay GmbH (SNB960511188218);Nein;
Einzelanlage;SEE935506652999;be.storaged GmbH;Energiewende-Speicher;26316;Varel;Oldenburger Stra?e;69 B;Niedersachsen;Deutschland;2018;;InBetrieb;Batteriespeicher;;Nein;Nein;11,9;11,9;Batterie;Volleinspeisung;Mittelspannung;EWE NETZ GmbH (SNB951051725711);Nein;
Einzelanlage;SEE940474859066;BASF SE;Z564 VT1;67063;Ludwigshafen;Carl-Bosch-Stra?e;38;RheinlandPfalz;Deutschland;1992;;InBetrieb;Waerme;Dampf;Ja;Nein;12,5;12;GegendruckmaschinemitEntnahme;TeileinspeisungEigenverbrauch;Hoechstspannung;Amprion GmbH (SNB976890256486);Nein;
Einzelanlage;SEE946736241334;Palm Power GmbH & Co. KG;HKW Aalen;73432;Aalen;Palm Allee;1;BadenWuerttemberg;Deutschland;2021;;InBetrieb;Erdgas;ErdgasErdoelgas;Ja;Nein;79,19;78,302;GasturbinenmitnachgeschalteterDampfturbine;Volleinspeisung;Hochspannung;Netze BW GmbH (SNB948311994307);Nein;
Einzelanlage;SEE949509046600;Onyx Kraftwerk Zolling GmbH &Co. KGaA;Zolling GT2;85406;Zolling;Leiningerstra?e;1;Bayern;Deutschland;1976;;InBetrieb;Mineraloelprodukte;HeizoelLeicht;Nein;Nein;25;24,5;GasturbinenohneAbhitzekessel;Volleinspeisung;Hochspannung;Bayernwerk Netz GmbH (SNB940352624434);Nein;
Einzelanlage;SEE977600961171;Donau-Wasserkraft AG;Bertoldsheim E K2;86643;Rennertshofen;Burgheimer Stra?e;33;Bayern;Deutschland;1967;;InBetrieb;Wasser;;Nein;Ja;6,6;6,3;Laufwasseranlage;Volleinspeisung;Hochspannung;DB Energie GmbH (Bahnstromnetz 16,7 Hz) (SNB942182027607);Nein;
Einzelanlage;SEE978319698396;VERBUND Innkraftwerke GmbH;Kraftwerk Wasserburg MS4 110 kV;83512;Wasserburg;Innwerkstra?e;15;Bayern;Deutschland;1938;;InBetrieb;Wasser;;Nein;Ja;4,82;4,82;Laufwasseranlage;Volleinspeisung;Hochspannung;Bayernwerk Netz GmbH (SNB940352624434);Nein;
Einzelanlage;SEE979811488683;K+S Minerals and Agriculture GmbH;Kraftwerk SI GT1;31515;Wunstorf;Schachtstra?e;10;Niedersachsen;Deutschland;1993;;InBetrieb;Erdgas;ErdgasErdoelgas;Ja;Nein;5,577;5,5;GasturbinenmitAbhitzekessel;TeileinspeisungEigenverbrauch;Mittelspannung;Avacon Netz GmbH (SNB990362338043);Nein;
Einzelanlage;SEE983252937631;RWE Power AG;Niederau?em K;50129;Bergheim;Werkstr.;;NordrheinWestfalen;Deutschland;2003;;InBetrieb;Braunkohle;Rohbraunkohlen;Ja;Nein;998;944;KondensationsmaschinemitEntnahme;TeileinspeisungEigenverbrauch;Hoechstspannung;Amprion GmbH (SNB976890256486);Nein;
Einzelanlage;SEE984446277410;Sunnic Lighthouse Solar Invest 11 TU 2 GmbH;B?ttel Speicher;25572;B?ttel;;;SchleswigHolstein;Deutschland;2023;;InBetrieb;Batteriespeicher;;Nein;Nein;12;12;Batterie;Volleinspeisung;Hochspannung;Schleswig-Holstein Netz GmbH (SNB990857029876);Nein;
Einzelanlage;SEE985220684011;K+S Minerals and Agriculture GmbH;Kraftwerk SI DT2;31515;Wunstorf;Schachtstra?e;10;Niedersachsen;Deutschland;1973;;InBetrieb;Waerme;Dampf;Ja;Nein;9,439;9,3;GegendruckmaschineohneEntnahme;TeileinspeisungEigenverbrauch;Mittelspannung;Avacon Netz GmbH (SNB990362338043);Nein;
Einzelanlage;SEE957367978162;Innwerk AG;Kraftwerk Egglfing-Obernberg MS5;94072;Bad F?ssing;Am Innwerk;13;Bayern;Deutschland;1950;;InBetrieb;Wasser;;Nein;Ja;13,45;13,45;Laufwasseranlage;Volleinspeisung;Hochspannung;Bayernwerk Netz GmbH (SNB940352624434);Ja;
Einzelanlage;SEE966988528885;Vattenfall Wasserkraft GmbH;PSW Geesthacht PSS C;21502;Geesthacht;Elbuferstra?e;49;SchleswigHolstein;Deutschland;1958;;InBetrieb;Pumpspeicher;;Nein;Nein;40;39,7;Pumpspeicher;Volleinspeisung;Hochspannung;Hamburger Energienetze GmbH (SNB968295079586);Nein;
Einzelanlage;SEE972475289894;Mitsubishi HiTec Paper Europe GmbH;Gasturbine 1 - GuD MPE;33699;Bielefeld;Niedernholz;23;NordrheinWestfalen;Deutschland;2005;;vorl?ufig Stillgelegt;Erdgas;ErdgasErdoelgas;Ja;Nein;14,25;14,05;GasturbinenmitnachgeschalteterDampfturbine;TeileinspeisungEigenverbrauch;UmspannungZurMittelspannung;Bielefelder Netz GmbH (SNB918516395612);Nein;
Einzelanlage;SEE976325553869;Essity Operations Mannheim GmbH;DTS 1;68305;Mannheim;Sandhofer Stra?e;176;BadenWuerttemberg;Deutschland;1966;;InBetrieb;Biomasse;;Ja;Ja;28,5;28,448;GegendruckmaschinemitEntnahme;TeileinspeisungEigenverbrauch;Hochspannung;MVV Netze GmbH (SNB985472799266);Nein;
Einzelanlage;SEE983645175053;Uniper Kraftwerke GmbH;Ingolstadt 4;85098;Gro?mehring;Bayernwerkstra?e;30;Bayern;Deutschland;1974;;Netzreserve aufgrund ? 13b EnWG;Mineraloelprodukte;HeizoelSchwer;Nein;Nein;420;365;KondensationsmaschinemitEntnahme;Volleinspeisung;Hoechstspannung;TenneT TSO GmbH (SNB970033313272);Nein;
stillgelegte Anlagen;SEE987633796220;enercity AG;GKH 1;30419;Hannover;Stelinger Stra?e;19;Niedersachsen;Deutschland;1989;2026;endg?ltig stillgelegt nach KVBG;Steinkohle;Steinkohlen;Ja;Nein;150;136;GegendruckmaschinemitEntnahme;TeileinspeisungEigenverbrauch;Hochspannung;enercity Netz GmbH (SNB971746988153);Nein;
Einzelanlage;SEE955978509164;Vattenfall Wasserkraft GmbH;SKW Hohenwarte 1 Maschine C;07338;Hohenwarte;Ortsstra?e;;Thueringen;Deutschland;1941;;InBetrieb;Wasser;;Nein;Ja;4;3,88;Speicherwasseranlage;Volleinspeisung;Hochspannung;TEN Th?ringer Energienetze GmbH & Co. KG (SNB970821959712);Nein;
Einzelanlage;SEE961284659301;Uniper Kraftwerke GmbH;Obernach F1;82432;Walchensee;Einsiedl;;Bayern;Deutschland;1955;;InBetrieb;Wasser;;Nein;Ja;6,4;6,4;Laufwasseranlage;Volleinspeisung;Mittelspannung;Bayernwerk Netz GmbH (SNB940352624434);Nein;
Einzelanlage;SEE929826629465;FFR Fernw?rmeversorgung Flugplatz Ramstein;BHKW Ramstein;66877;Ramstein-Miesenbach;Reichswaldstra?e;9;RheinlandPfalz;Deutschland;2018;;InBetrieb;Erdgas;ErdgasErdoelgas;Ja;Nein;12,9;12,75;Verbrennungsmotor;Volleinspeisung;Mittelspannung;Pfalzwerke Netz AG (SNB961471621746);Nein;
Einzelanlage;SEE929915888797;Uniper Kraftwerke GmbH;Urspring K(Ro) 1;86983;Lechbruck;Via Claudia;;Bayern;Deutschland;1966;;InBetrieb;Wasser;;Nein;Ja;4;3,366;Laufwasseranlage;Volleinspeisung;Hochspannung;LEW Verteilnetz GmbH (SNB911705062982);Nein;
Einzelanlage;SEE931225490034;SMAREG 7 GmbH & Co. KG;SMAREG7 Monheim;86653;Monheim;Am Sendle;22;Bayern;Deutschland;2024;;InBetrieb;Batteriespeicher;;Nein;Nein;12;12;Batterie;Volleinspeisung;Mittelspannung;LEW Verteilnetz GmbH (SNB911705062982);Nein;
Einzelanlage;SEE936112096313;SWISS KRONO TEX;BHKW;16909;Heiligengrabe;Wittstocker Chaussee;1;Brandenburg;Deutschland;2016;;InBetrieb;Erdgas;ErdgasErdoelgas;Ja;Nein;1,999;1,957;Verbrennungsmotor;None;UmspannungZurMittelspannung;E.DIS Netz GmbH (SNB941690671609);Nein;
Einzelanlage;SEE980823248912;Kelheim Fibres GmbH;Turbine 7;93309;Kelheim;Regensburger Stra?e;109;Bayern;Deutschland;2014;;InBetrieb;Erdgas;ErdgasErdoelgas;Ja;Nein;28,028;25,929;GegendruckmaschinemitEntnahme;TeileinspeisungEigenverbrauch;Mittelspannung;STADTWERKE KELHEIM GmbH & Co KG (SNB965500640463);Nein;
Einzelanlage;SEE982512881400;Stadtwerke Augsburg Energie GmbH;HKW, Dampfturbine 2;86152;Augsburg;Franziskanergasse;9;Bayern;Deutschland;1976;;InBetrieb;Erdgas;ErdgasErdoelgas;Ja;Nein;20,9;20,4;GegendruckmaschinemitEntnahme;TeileinspeisungEigenverbrauch;Mittelspannung;swa Netze GmbH (SNB958077102830);Nein;
Einzelanlage;SEE962922475031;LEW Wasserkraft;Meitingen M2;86405;Meitingen;Bernhard-Monath-Stra?e;46;Bayern;Deutschland;1922;;InBetrieb;Wasser;;Nein;Ja;4,21;4,2;Laufwasseranlage;Volleinspeisung;Mittelspannung;LEW Verteilnetz GmbH (SNB911705062982);Nein;
Einzelanlage;SEE964117025212;Innwerk AG;Kraftwerk Ering-Frauenstein MS1;94140;Ering;Innwerkstra?e;38;Bayern;Deutschland;1942;;InBetrieb;Wasser;;Nein;Ja;24,3;24,3;Laufwasseranlage;Volleinspeisung;Hochspannung;Bayernwerk Netz GmbH (SNB940352624434);Ja;
Einzelanlage;SEE968905685947;ENGIE Deutschland GmbH;SEDE607510037;07549;Gera;Vogtlandstra?e;11;Thueringen;Deutschland;2018;;InBetrieb;Erdgas;ErdgasErdoelgas;Ja;Nein;4,404;4,387;Verbrennungsmotor;Volleinspeisung;Mittelspannung;GeraNetz GmbH (SNB948816192529);Nein;
Einzelanlage;SEE969078917545;Innwerk AG;Kraftwerk Ering-Frauenstein MS3;94140;Ering;Innwerkstra?e;38;Bayern;Deutschland;1942;;InBetrieb;Wasser;;Nein;Ja;24,3;24,3;Laufwasseranlage;Volleinspeisung;Hochspannung;Bayernwerk Netz GmbH (SNB940352624434);Ja;
Einzelanlage;SEE935602197158;DB Energie GmbH;Saalachkraftwerk E3;83435;Bad Reichenhall;Thumseestra?e;25;Bayern;Deutschland;1914;;InBetrieb;Wasser;;Nein;Ja;1,28;1,28;Laufwasseranlage;Volleinspeisung;Hochspannung;DB Energie GmbH (Bahnstromnetz 16,7 Hz) (SNB942182027607);Nein;
Einzelanlage;SEE937849602679;RWE Generation Hydro GmbH;Detzem Maschine 1;54340;Detzem;Am Moselufer;1;RheinlandPfalz;Deutschland;1962;;InBetrieb;Wasser;;Nein;Ja;6;6;Laufwasseranlage;Volleinspeisung;UmspannungZurMittelspannung;Westnetz GmbH (SNB921897286493);Nein;
Einzelanlage;SEE940039139749;Firma Stadtwerke Karlsruhe GmbH;SW Karlsruhe Heizkraftwerk West Generator 3;76189;Karlsruhe;Honsellstra?e;36;BadenWuerttemberg;Deutschland;1984;;InBetrieb;Erdgas;ErdgasErdoelgas;Ja;Nein;42;33;GegendruckmaschinemitEntnahme;Volleinspeisung;Hochspannung;Stadtwerke Karlsruhe Netzservice GmbH (SNB971087047229);Nein;
Einzelanlage;SEE945908806647;STEAG Power GmbH;Herne 4;44653;Herne;Hertener Stra?e;16;NordrheinWestfalen;Deutschland;1989;;Netzreserve aufgrund ? 13b EnWG;Steinkohle;Steinkohlen;Ja;Nein;490;435;KondensationsmaschinemitEntnahme;TeileinspeisungEigenverbrauch;Hochspannung;Amprion GmbH (SNB976890256486);Nein;
Einzelanlage;SEE950132255796;FORTE Energie GmbH & Co. KG;Holzheizkraftwerk Cuxhaven;27472;Cuxhaven;Neufelder Stra?e;;Niedersachsen;Deutschland;2023;;InBetrieb;Biomasse;;Ja;Ja;17;17;KondensationsmaschinemitEntnahme;Volleinspeisung;Mittelspannung;EWE NETZ GmbH (SNB951051725711);Nein;
Einzelanlage;SEE954183997452;Dow Deutschland Anlagengesellschaft mbH;01 Std ST2;21683;Stade;B?tzflether Sand;9;Niedersachsen;Deutschland;2014;;InBetrieb;Waerme;Dampf;Ja;Nein;18,732;13;Sonstige;TeileinspeisungEigenverbrauch;Mittelspannung;TenneT TSO GmbH (SNB970033313272);Nein;
Einzelanlage;SEE972128015696;RheinEnergie AG;BHKW Merheim RheinEnergie;51109;K?ln;Ostmerheimer Str.;557;NordrheinWestfalen;Deutschland;2020;;InBetrieb;Erdgas;ErdgasErdoelgas;Ja;Nein;31,161;30,777;Verbrennungsmotor;Volleinspeisung;Hochspannung;RheinNetz GmbH (SNB924477581384);Nein;
Einzelanlage;SEE976850689781;BASF SE;GuD Mitte DT10;67063;Ludwigshafen;Carl-Bosch-Stra?e;38;RheinlandPfalz;Deutschland;2005;;InBetrieb;Waerme;Dampf;Ja;Nein;90,5;89,5;GasturbinenmitnachgeschalteterDampfturbine;TeileinspeisungEigenverbrauch;Hoechstspannung;Amprion GmbH (SNB976890256486);Nein;
Einzelanlage;SEE964658207085;EnBW Energie Baden-W?rttemberg AG;WKW Unteropfingen M4;88457;Kirchdorf;Kraftwerkstra?e;4;BadenWuerttemberg;Deutschland;1924;;InBetrieb;Wasser;;Nein;Ja;4,225;4,225;Laufwasseranlage;TeileinspeisungEigenverbrauch;Mittelspannung;Netze BW GmbH (SNB948311994307);Nein;
Einzelanlage;SEE965768299069;Heizkraftwerk Halle-Trotha GmbH;Heizkraftwerk Halle-Trotha - Gasturbine;06118;Halle;Brachwitzer Stra?e;23;SachsenAnhalt;Deutschland;1994;;InBetrieb;Erdgas;ErdgasErdoelgas;Ja;Nein;56,242;54,8325;GasturbinenmitnachgeschalteterDampfturbine;Volleinspeisung;Hochspannung;Mitteldeutsche Netzgesellschaft Strom mbH (SNB916269213931);Nein;
Einzelanlage;SEE967194778880;DREWAG - Stadtwerke Dresden GmbH;GT1;01159;Dresden;Oederaner Stra?e;21;Sachsen;Deutschland;1995;;InBetrieb;Erdgas;ErdgasErdoelgas;Ja;Nein;65;62;GasturbinenmitnachgeschalteterDampfturbine;Volleinspeisung;Hochspannung;SachsenNetze HS.HD GmbH (SNB968914838013);Nein;
Einzelanlage;SEE968471468838;WSW Energie & Wasser AG;DT23;42275;Wuppertal;Am Clef;32;NordrheinWestfalen;Deutschland;2005;;InBetrieb;Erdgas;ErdgasErdoelgas;Ja;Nein;30;29,2;KondensationsmaschinemitEntnahme;Volleinspeisung;UmspannungZurMittelspannung;WSW Netz GmbH (SNB914306944756);Nein;
Einzelanlage;SEE973349507359;trlyr 5 GmbH & Co. KG;trlyr 5;29227;Celle;Zum Burgwall;5;Niedersachsen;Deutschland;2026;;InBetrieb;Batteriespeicher;;Nein;Nein;15;15;Batterie;Volleinspeisung;Mittelspannung;Celle-Uelzen Netz GmbH (SNB955238223991);Nein;
Einzelanlage;SEE970739914599;M?nchner Stadtentw?sserung, Eigenbetrieb der Landeshauptstadt M?nchen;KLW1-KVA;80939;M?nchen;Freisinger Landstra?e;187;Bayern;Deutschland;1998;;InBetrieb;Biomasse;;Nein;Ja;1,235;1;GegendruckmaschineohneEntnahme;TeileinspeisungEigenverbrauch;Niederspannung;SWM Infrastruktur GmbH & Co. KG (SNB969473762610);Nein;
Einzelanlage;SEE972346658903;EnBW Energie Baden-W?rttemberg AG;Heizkraftwerk Stuttgart-Gaisburg HKW 3 Motor 3;70327;Stuttgart;Langwiesenweg;23;BadenWuerttemberg;Deutschland;2018;;InBetrieb;Erdgas;ErdgasErdoelgas;Ja;Nein;10,295;9,717;Verbrennungsmotor;TeileinspeisungEigenverbrauch;Hochspannung;Stuttgart Netze GmbH (SNB947592865054);Nein;
Einzelanlage;SEE972458947407;Stadtwerke D?sseldorf AG;SWD KWL GTE2;40221;D?sseldorf;Auf der Lausward;75;NordrheinWestfalen;Deutschland;1975;;InBetrieb;Erdgas;ErdgasErdoelgas;Nein;Nein;65,5;64,7;GasturbinenohneAbhitzekessel;Volleinspeisung;Hochspannung;Netzgesellschaft D?sseldorf mbH (SNB933956506145);Nein;
stillgelegte Anlagen;SEE985117126280;Sappi Stockstadt GmbH;ST_HKW_T4;63811;Stockstadt;Obernburger Stra?e;1-9;Bayern;Deutschland;1962;2024;endg?ltig stillgelegt nach KVBG;Steinkohle;Steinkohlen;Ja;Nein;6,4;5,76;GegendruckmaschineohneEntnahme;TeileinspeisungEigenverbrauch;Hochspannung;Westnetz GmbH (SNB921897286493);Nein;
Einzelanlage;SEE986886521948;BEH Bioenergie Hannover GmbH;Biomethan BHKW Hannover Herrenhausen, Motor 1;30419;Hannover;Leinh?user Weg;5;Niedersachsen;Deutschland;2024;;InBetrieb;Biomasse;;Ja;Ja;4,5;4,5;Verbrennungsmotor;Volleinspeisung;Mittelspannung;enercity Netz GmbH (SNB971746988153);Nein;
Einzelanlage;SEE988464391141;Emschergenossenschaft;Erdgas BHKW KLA Bottrop Ag. 2;46238;Bottrop;In der Welheimer Mark;190;NordrheinWestfalen;Deutschland;2021;;InBetrieb;Erdgas;ErdgasErdoelgas;Ja;Nein;2,676;2,676;Verbrennungsmotor;TeileinspeisungEigenverbrauch;UmspannungZurMittelspannung;Westnetz GmbH (SNB921897286493);Nein;
Einzelanlage;SEE988477355802;Grosskraftwerk Mannheim;GKM Block 9;68199;Mannheim;Marguerrestra?e;1;BadenWuerttemberg;Deutschland;2015;;InBetrieb;Steinkohle;Steinkohlen;Ja;Nein;911;843;KondensationsmaschinemitEntnahme;TeileinspeisungEigenverbrauch;Hochspannung, Hochspannung, Hoechstspannung, Hoechstspannung, Mittelspannung;TransnetBW GmbH (SNB984944755380);Nein;
Einzelanlage;SEE962395118756;DREWAG - Stadtwerke Dresden GmbH;Gasmotoren-Heizkraftwerk Dresden-Reick - Aggregat IV;01277;Dresden;Liebst?dter Stra?e;1;Sachsen;Deutschland;2022;;InBetrieb;Erdgas;ErdgasErdoelgas;Ja;Nein;11,76;11,5;Verbrennungsmotor;Volleinspeisung;Mittelspannung;SachsenNetze GmbH (SNB980808485264);Nein;
Einzelanlage;SEE968206101610;Smurfit Westrock Z?lpich Paper GmbH;GT3;53909;Z?lpich;Zum M?hlengraben;1;NordrheinWestfalen;Deutschland;1997;;InBetrieb;Erdgas;ErdgasErdoelgas;Ja;Nein;5,4;4,946;GasturbinenmitAbhitzekessel;Volleinspeisung;UmspannungZurMittelspannung;Westnetz GmbH (SNB921897286493);Nein;
Einzelanlage;SEE971280976463;EEW Energy from Waste G?ppingen;MHKW Turbine;73037;G?ppingen;Iltishofweg;40;BadenWuerttemberg;Deutschland;1975;;InBetrieb;Abfall;AbfallHausmuellSiedlungsabfaelle;Ja;Nein;13,2;11;KondensationsmaschinemitEntnahme;Volleinspeisung;Mittelspannung;Energieversorgung Filstal GmbH & Co. KG (SNB910995561328);Nein;
Einzelanlage;SEE957686843929;Zweckverband Abfallverwertung S?dhessen (ZAS);Turbine 1;64293;Darmstadt;Otto-R?hm-Stra?e;19;Hessen;Deutschland;1991;;InBetrieb;Abfall;AbfallHausmuellSiedlungsabfaelle;Ja;Nein;10,56;10,222;KondensationsmaschinemitEntnahme;TeileinspeisungEigenverbrauch;Mittelspannung;e-netz S?dhessen AG (SNB956958990736);Nein;
Einzelanlage;SEE959377024433;Wacker Chemie;Alzwerk Maschine 3;84489;Burghausen;Johannes-Hess-Stra?e;24;Bayern;Deutschland;1923;;InBetrieb;Wasser;;Nein;Ja;10,08;10,08;Laufwasseranlage;TeileinspeisungEigenverbrauch;Mittelspannung;Bayernwerk Netz GmbH (SNB940352624434);Nein;
Einzelanlage;SEE961029163353;Trianel Kohlekraftwerk L?nen GmbH & Co KG;Trianel Kohlekraftwerk L?nen;44536;L?nen;Frydagstra?e;40;NordrheinWestfalen;Deutschland;2013;;InBetrieb;Steinkohle;Steinkohlen;Ja;Nein;812;746;KondensationsmaschinemitEntnahme;Volleinspeisung;Hochspannung;Amprion GmbH (SNB976890256486);Nein;
Einzelanlage;SEE962737235608;M?llheizkraftwerk Rothensee GmbH;Block 1;39126;Magdeburg;Kraftwerk-Privatweg;7;SachsenAnhalt;Deutschland;2005;;InBetrieb;Abfall;AbfallHausmuellSiedlungsabfaelle;Ja;Nein;33,6;29,2;GegendruckmaschinemitEntnahme;TeileinspeisungEigenverbrauch;Mittelspannung;Netze Magdeburg GmbH (SNB933459598975);Nein;
Einzelanlage;SEE976184145496;naturenergie hochrhein AG;KW Rheinfelden Maschine 5;4310;Rheinfelden;Chleigr?t;;;Schweiz;2010;;InBetrieb;Wasser;;Nein;Ja;1,8;1,72;Laufwasseranlage;Volleinspeisung;Mittelspannung;naturenergie netze GmbH (SNB945502201350);Ja;1,72
Einzelanlage;SEE976333173899;Statkraft Markets GmbH;Gaskraftwerk Landesbergen - Gasturbine;31628;Landesbergen;H?vern;1;Niedersachsen;Deutschland;1972;;Kapazit?tsreserve aufgrund von ? 13e EnWG;Erdgas;ErdgasErdoelgas;Nein;Nein;66;65;GasturbinenmitnachgeschalteterDampfturbine;Volleinspeisung;Hoechstspannung;TenneT TSO GmbH (SNB970033313272);Nein;
Einzelanlage;SEE982889459141;BMW AG;Werk 1.5 KWK 3;80937;M?nchen;Knorrstra?e;147;Bayern;Deutschland;2019;;InBetrieb;Erdgas;ErdgasErdoelgas;Ja;Nein;3,431;3,36;Verbrennungsmotor;TeileinspeisungEigenverbrauch;Mittelspannung;SWM Infrastruktur GmbH & Co. KG (SNB969473762610);Nein;
Einzelanlage;SEE930159654734;Mark-E Aktiengesellschaft;Kraftwerk Werdohl Elverlingsen E2;58791;Werdohl;Auf der Mark;1;NordrheinWestfalen;Deutschland;1975;;vorl?ufig Stillgelegt;Mineraloelprodukte;HeizoelLeicht;Nein;Nein;105;98;GasturbinenohneAbhitzekessel;Volleinspeisung;Hoechstspannung;ENERVIE Vernetzt GmbH (SNB921319639913);Nein;
Einzelanlage;SEE934529216348;Nordzucker AG Werk Uelzen;BHKW;29525;Uelzen;An der Zuckerfabrik;1;Niedersachsen;Deutschland;2005;;InBetrieb;Biomasse;;Ja;Ja;1,6;1,5565;Verbrennungsmotor;Volleinspeisung;Mittelspannung;Stadtwerke Uelzen GmbH (SNB965557517831);Nein;
Einzelanlage;SEE963081865633;BES Bennewitz GmbH & Co. KG;BES BEN;04828;Bennewitz;Parkstra?e;2;Sachsen;Deutschland;2018;;InBetrieb;Batteriespeicher;;Nein;Nein;16,425;16,425;Batterie;Volleinspeisung;Mittelspannung;Mitteldeutsche Netzgesellschaft Strom mbH (SNB916269213931);Nein;
Einzelanlage;SEE964481657378;EnBW Energie Baden-W?rttemberg AG;illwerke vkw Kopswerk I M3;A-6793;Gaschurn;Kopswerk;;;Oesterreich;1969;;InBetrieb;Wasser;;Nein;Ja;96;96;Speicherwasseranlage;Volleinspeisung;Hoechstspannung;TransnetBW GmbH (SNB984944755380);Nein;
Einzelanlage;SEE971867565370;Mainova AG;HKW Niederrad Block 1;60528;Frankfurt;Lyoner Stra?e;8;Hessen;Deutschland;2005;;InBetrieb;Erdgas;ErdgasErdoelgas;Ja;Nein;71;70;GasturbinenmitnachgeschalteterDampfturbine;Volleinspeisung;Hoechstspannung;NRM Netzdienste Rhein-Main GmbH (SNB921899277833);Nein;
Einzelanlage;SEE973271553004;essity Operations Mainz-Kostheim GmbH;Turbine 5;55246;Mainz-Kostheim;Kommerzienrat-Disch-Br?cke;1;Hessen;Deutschland;2013;;InBetrieb;Erdgas;ErdgasErdoelgas;Ja;Nein;6,19;5,57;GegendruckmaschinemitEntnahme;TeileinspeisungEigenverbrauch;Hochspannung;Mainzer Netze GmbH (SNB959523885956);Nein;
Einzelanlage;SEE976252866650;SWP Stadtwerke Pforzheim;MOT 5;75175;Pforzheim;Hohwiesenweg;19;BadenWuerttemberg;Deutschland;2021;;InBetrieb;Erdgas;ErdgasErdoelgas;Ja;Nein;10,387;10,285;Verbrennungsmotor;TeileinspeisungEigenverbrauch;Hochspannung;SWP Stadtwerke Pforzheim GmbH & Co. KG (SNB929168402344);Nein;
Einzelanlage;SEE925690509520;ENGIE Deutschland Erneuerbare GmbH;Pfreimd R3;92555;Trausnitz;Seestra?e;6;Bayern;Deutschland;1961;;InBetrieb;Pumpspeicher;;Nein;Nein;33;33;Pumpspeicher;Volleinspeisung;Hochspannung;Bayernwerk Netz GmbH (SNB940352624434);Nein;
Einzelanlage;SEE926982393704;Fernheizwerk Neuk?lln AG;BHKW 10;12059;Berlin;Weigandufer;49;Berlin;Deutschland;2023;;InBetrieb;Erdgas;ErdgasErdoelgas;Ja;Nein;10,31;10,287;Verbrennungsmotor;Volleinspeisung;Hochspannung;Stromnetz Berlin GmbH (SNB979269087643);Nein;
Einzelanlage;SEE938158660541;Mitsubishi HiTec Paper Europe GmbH;Gasturbine 1 - GuD MPE;33699;Bielefeld;Niedernholz;7;NordrheinWestfalen;Deutschland;2005;;InBetrieb;Erdgas;ErdgasErdoelgas;Ja;Nein;14,25;14,05;GasturbinenmitnachgeschalteterDampfturbine;TeileinspeisungEigenverbrauch;Hoechstspannung;Bielefelder Netz GmbH (SNB918516395612);Nein;
Einzelanlage;SEE939218038409;UPM GmbH;UPM Schongau HKW 2 T2;86956;Schongau;Friedrich-Haindl-Stra?e;10;Bayern;Deutschland;1989;;InBetrieb;Erdgas;ErdgasErdoelgas;Ja;Nein;8;6,25;GegendruckmaschineohneEntnahme;TeileinspeisungEigenverbrauch;Mittelspannung;LEW Verteilnetz GmbH (SNB911705062982);Nein;
Einzelanlage;SEE940780197517;Felix Schoeller GmbH & Co. KG;Felix Schoeller GmbH & Co.KG Osnabr?ck;49086;Osnabr?ck;Burg Gretesch;45;Niedersachsen;Deutschland;1994;;InBetrieb;Erdgas;ErdgasErdoelgas;Ja;Nein;15,2;14,468;GasturbinenmitnachgeschalteterDampfturbine;TeileinspeisungEigenverbrauch;Mittelspannung;SWO Netz GmbH (SNB943662886851);Nein;
Einzelanlage;SEE978382998973;LEW Wasserkraft;Meitingen M3;86405;Meitingen;Bernhard-Monath-Stra?e;46;Bayern;Deutschland;1922;;InBetrieb;Wasser;;Nein;Ja;4,21;4,2;Laufwasseranlage;Volleinspeisung;Mittelspannung;LEW Verteilnetz GmbH (SNB911705062982);Nein;
Einzelanlage;SEE984335626152;RheinEnergie AG;GT Niehl 2 RheinEnergie;50735;K?ln;Am Molenkopf;3;NordrheinWestfalen;Deutschland;2005;;InBetrieb;Erdgas;ErdgasErdoelgas;Ja;Nein;274;266;GasturbinenmitAbhitzekessel;Volleinspeisung;Hochspannung;RheinNetz GmbH (SNB924477581384);Nein;
Einzelanlage;SEE985107396679;RWE Generation Hydro GmbH;Schwammenauel Maschine 1;52396;Heimbach;Steinbachtal;;NordrheinWestfalen;Deutschland;1938;;InBetrieb;Wasser;;Nein;Ja;14;14;Speicherwasseranlage;Volleinspeisung;UmspannungZurMittelspannung;Westnetz GmbH (SNB921897286493);Nein;
Einzelanlage;SEE986400818790;Airbus Operations;BHKW 2 Hamburg Modul 1;21129;Hamburg;Kreetslag;10;Hamburg;Deutschland;2013;;InBetrieb;Erdgas;ErdgasErdoelgas;Ja;Nein;4,315;4,119;Verbrennungsmotor;TeileinspeisungEigenverbrauch;Mittelspannung;Hamburger Energienetze GmbH (SNB968295079586);Nein;
Einzelanlage;SEE989887901764;Enertec Hameln GmbH;Turbine 5;31789;Hameln;Heinrich-Schoormann-Weg;1;Niedersachsen;Deutschland;2009;;InBetrieb;Abfall;AbfallHausmuellSiedlungsabfaelle;Ja;Nein;20,4;12,26;KondensationsmaschinemitEntnahme;TeileinspeisungEigenverbrauch;Hochspannung;Westfalen Weser Netz GmbH (SNB929881052512);Nein;
Einzelanlage;SEE960680903568;Donau-Wasserkraft AG;Bergheim E K2;86673;Bergheim;F?rchenau;;Bayern;Deutschland;1970;;InBetrieb;Wasser;;Nein;Ja;8,3;7,9;Laufwasseranlage;Volleinspeisung;Hochspannung;DB Energie GmbH (Bahnstromnetz 16,7 Hz) (SNB942182027607);Nein;
Einzelanlage;SEE964077382691;Dow Deutschland Anlagengesellschaft mbH;01 Std GT3;21683;Stade;B?tzflether Sand;9;Niedersachsen;Deutschland;2014;;InBetrieb;Erdgas;ErdgasErdoelgas;Ja;Nein;47,352;44,975;GasturbinenmitAbhitzekessel;TeileinspeisungEigenverbrauch;Mittelspannung;TenneT TSO GmbH (SNB970033313272);Nein;
Einzelanlage;SEE967916097817;KRONOS TITAN GmbH;KRONOS TITAN Nordenham GuD;26954;Nordenham;Titanstr.;1 ;Niedersachsen;Deutschland;2013;;InBetrieb;Erdgas;ErdgasErdoelgas;Ja;Nein;17,142;17,13;GasturbinenmitnachgeschalteterDampfturbine;TeileinspeisungEigenverbrauch;UmspannungZurMittelspannung;EWE NETZ GmbH (SNB951051725711);Nein;
Einzelanlage;SEE970535357835;Vattenfall Wasserkraft GmbH;PSW Wendefurth PSS B;06502;Thale;Hangstra?e;2;SachsenAnhalt;Deutschland;1968;;InBetrieb;Pumpspeicher;;Nein;Nein;40;39,9;Pumpspeicher;Volleinspeisung;Hochspannung;Avacon Netz GmbH (SNB990362338043);Nein;
Einzelanlage;SEE979623845346;?sterreichisch-Bayerische Kraftwerke AG;Kraftwerk Braunau-Simbach MS4;84375;Kirchdorf;Am Kirchdorfer Waldsee;1 ;Bayern;Deutschland;1954;;InBetrieb;Wasser;;Nein;Ja;25,6;25,6;Laufwasseranlage;Volleinspeisung;Hochspannung;Bayernwerk Netz GmbH (SNB940352624434);Ja;
Einzelanlage;SEE984196895179;VW Kraftwerk GmbH;GT32 GuD S?d Wolfsburg;38440;Wolfsburg;Berliner Ring;2;Niedersachsen;Deutschland;2021;;InBetrieb;Erdgas;ErdgasErdoelgas;Ja;Nein;49,5;49,4;GasturbinenmitnachgeschalteterDampfturbine;Volleinspeisung;Hochspannung;VW KRAFTWERK Gesellschaft mit beschr?nkter Haftung (SNB978865527096);Nein;
Einzelanlage;SEE974080003018;VERBUND Innkraftwerke GmbH;T?gingNeu MS1;84513;T?ging;Auenstra?e;1;Bayern;Deutschland;2022;;InBetrieb;Wasser;;Nein;Ja;40;40;Laufwasseranlage;Volleinspeisung;Hochspannung;Bayernwerk Netz GmbH (SNB940352624434);Nein;
Einzelanlage;SEE974615285285;EnBW Energie Baden-W?rttemberg AG;Heizkraftwerk Stuttgart-Gaisburg HKW 3 Motor 2;70327;Stuttgart;Langwiesenweg;23;BadenWuerttemberg;Deutschland;2018;;InBetrieb;Erdgas;ErdgasErdoelgas;Ja;Nein;10,295;9,717;Verbrennungsmotor;TeileinspeisungEigenverbrauch;Hochspannung;Stuttgart Netze GmbH (SNB947592865054);Nein;
Einzelanlage;SEE975193004329;K+S Minerals and Agriculture GmbH;Kraftwerk WI DT4;36266;Heringen;In der Aue;1;Hessen;Deutschland;1982;;InBetrieb;Erdgas;ErdgasErdoelgas;Ja;Nein;28,504;28;GegendruckmaschineohneEntnahme;TeileinspeisungEigenverbrauch;Hochspannung;Avacon Netz GmbH (SNB990362338043);Nein;
Einzelanlage;SEE949799257847;thyssenkrupp Steel Europe AG;Ruhrort 3;47166;Duisburg;Kaiser-Wilhelm-Str.;100;NordrheinWestfalen;Deutschland;1963;;InBetrieb;Sonstige Energietraeger (nicht erneuerbar);HochofengasKonvertergas;Ja;Nein;101;94;KondensationsmaschinemitEntnahme;TeileinspeisungEigenverbrauch;Hochspannung;Amprion GmbH (SNB976890256486);Nein;
Einzelanlage;SEE951458309484;Firma Mercedes-Benz AG Werk 050 HPC NC50 LN-Nr.: 17319765;W065-Geb?ude 120 / BHKW Modul 01;40476;D?sseldorf;Rather Stra?e;51;NordrheinWestfalen;Deutschland;2012;;InBetrieb;Erdgas;ErdgasErdoelgas;Ja;Nein;4,3;4,2;GasturbinenmitAbhitzekessel;TeileinspeisungEigenverbrauch;Mittelspannung;Netzgesellschaft D?sseldorf mbH (SNB933956506145);Nein;
Einzelanlage;SEE956308510836;SWP Stadtwerke Pforzheim;MOT 3;75175;Pforzheim;Hohwiesenweg;19;BadenWuerttemberg;Deutschland;2021;;InBetrieb;Erdgas;ErdgasErdoelgas;Ja;Nein;10,387;10,285;Verbrennungsmotor;TeileinspeisungEigenverbrauch;Hochspannung;SWP Stadtwerke Pforzheim GmbH & Co. KG (SNB929168402344);Nein;
Einzelanlage;SEE999756197518;Moritz J. Weig GmbH & Co. KG;Dampfturbine 2;56727;Mayen;Polcher Stra?e;113;RheinlandPfalz;Deutschland;2015;;InBetrieb;Erdgas;ErdgasErdoelgas;Ja;Nein;18,5;17,7;GegendruckmaschinemitEntnahme;TeileinspeisungEigenverbrauch;Mittelspannung;Energienetze Mittelrhein GmbH & Co. KG (SNB980055629275);Nein;
Einzelanlage;SEE971886830459;EnBW Energie Baden-W?rttemberg AG;illwerke vkw Vermuntwerk M1;A-6794;Partenen;Vermuntbahnstrasse;47;;Oesterreich;1930;;InBetrieb;Wasser;;Nein;Ja;85;85;Speicherwasseranlage;Volleinspeisung;Hoechstspannung;TransnetBW GmbH (SNB984944755380);Nein;
Einzelanlage;SEE980479559837;Stadtwerke M?nchen GmbH;SWM Uppenborn 2 Gen3;84184;Tiefenbach;Schlo?berg;1;Bayern;Deutschland;1951;;InBetrieb;Wasser;;Nein;Ja;6;6;Laufwasseranlage;TeileinspeisungEigenverbrauch;Hochspannung;SWM Infrastruktur GmbH & Co. KG (SNB969473762610);Nein;
Einzelanlage;SEE983560968952;?sterreichisch-Bayerische Kraftwerke AG;Kraftwerk Passau-Ingling MS3;94036;Passau;Innstra?e;121;Bayern;Deutschland;1965;;InBetrieb;Wasser;;Nein;Ja;21,6;21,6;Laufwasseranlage;Volleinspeisung;Hochspannung;Bayernwerk Netz GmbH (SNB940352624434);Ja;
Einzelanlage;SEE968933985491;BESS K?nigsee GmbH;Second Foundation BESS K?nigsee;07426;K?nigsee;;;Thueringen;Deutschland;2025;;InBetrieb;Batteriespeicher;;Nein;Nein;10,35;10,35;Batterie;Volleinspeisung;Mittelspannung;TEN Th?ringer Energienetze GmbH & Co. KG (SNB970821959712);Nein;
Einzelanlage;SEE973366398565;Progroup Power 2 GmbH;SEE PPO2;06792;Sandersdorf;Auf der Sonnenseite;3a;SachsenAnhalt;Deutschland;2025;;InBetrieb;Abfall;AbfallHausmuellSiedlungsabfaelle;Ja;Nein;21,9;19,339;GegendruckmaschinemitEntnahme;Volleinspeisung;UmspannungZurMittelspannung;Mitteldeutsche Netzgesellschaft Strom mbH (SNB916269213931);Nein;
Einzelanlage;SEE975854838485;BMW AG;BMW Landshut KWK 7;84030;Landshut;Neidenburger Stra?e;13;Bayern;Deutschland;2018;;InBetrieb;Erdgas;ErdgasErdoelgas;Ja;Nein;4,473;4,3;Verbrennungsmotor;TeileinspeisungEigenverbrauch;Mittelspannung;Stadtwerke Landshut (SNB928992067729);Nein;
Einzelanlage;SEE937610627863;SWK Stadtwerke Kaiserslautern Versorgungs-AG;HKW Karcherstra?e (T5);67655;Kaiserslautern;Karcherstra?e;28;RheinlandPfalz;Deutschland;2009;;InBetrieb;Erdgas;ErdgasErdoelgas;Ja;Nein;7,15;7;GegendruckmaschinemitEntnahme;TeileinspeisungEigenverbrauch;Mittelspannung;SWK Stadtwerke Kaiserslautern Versorgungs-AG (SNB982394830312);Nein;
Einzelanlage;SEE944335479066;S?dzucker AG;Dampfturbine II S?dzucker Plattling;94447;Plattling;Dr.-Ludwig-Kayser-Stra?e;1;Bayern;Deutschland;1962;;InBetrieb;Waerme;Dampf;Ja;Nein;7,1;6,7895;GegendruckmaschineohneEntnahme;TeileinspeisungEigenverbrauch;Mittelspannung;Bayernwerk Netz GmbH (SNB940352624434);Nein;
Einzelanlage;SEE959858570855;InfraLeuna GmbH;GT4;06237;Leuna;;;SachsenAnhalt;Deutschland;1998;;InBetrieb;Erdgas;ErdgasErdoelgas;Ja;Nein;39;38,4;GasturbinenmitAbhitzekessel;Volleinspeisung;Hochspannung;InfraLeuna GmbH (SNB982722829230);Nein;
Einzelanlage;SEE964121468647;J. M. Voith SE & Co. KG;HDH_004_Industrieheizkraftwerk-Heidenheim_GM5;89522;Heidenheim;Alexanderstra?e;8;BadenWuerttemberg;Deutschland;2004;;InBetrieb;Erdgas;ErdgasErdoelgas;Ja;Nein;3,884;3,729;Verbrennungsmotor;TeileinspeisungEigenverbrauch;Mittelspannung;Hellenstein-Energie-Logistik GmbH (SNB924453035597);Nein;
Einzelanlage;SEE970137108491;SWK Stadtwerke Kaiserslautern Versorgungs-AG;HKW Karcherstra?e (T2);67655;Kaiserslautern;Karcherstra?e;28;RheinlandPfalz;Deutschland;1997;;InBetrieb;Erdgas;ErdgasErdoelgas;Ja;Nein;9,2;9;GegendruckmaschinemitEntnahme;TeileinspeisungEigenverbrauch;Mittelspannung;SWK Stadtwerke Kaiserslautern Versorgungs-AG (SNB982394830312);Nein;
Einzelanlage;SEE964448645769;Danpower Energie Service GmbH;BMKW Delitzsch;04509;Delitzsch;Carl-Friedrich-Benz-Stra?e;42;Sachsen;Deutschland;2004;;InBetrieb;Biomasse;;Nein;Ja;20;18,3;KondensationsmaschineohneEntnahme;TeileinspeisungEigenverbrauch;UmspannungZurMittelspannung;Stadtwerke Delitzsch GmbH (SNB937001443546);Nein;
Einzelanlage;SEE990015251552;DS Smith Paper Deutschland GmbH;ABR990388771138;37213;Witzenhausen;Kasseler Landstra?e;23;Hessen;Deutschland;1975;;InBetrieb;Erdgas;ErdgasErdoelgas;Ja;Nein;13,2;12,8;GegendruckmaschineohneEntnahme;TeileinspeisungEigenverbrauch;Niederspannung;Stadtwerke Witzenhausen GmbH & Co. KG (SNB937722627607);Nein;
Einzelanlage;SEE991101635409;Biomethan Produktion Ottersberg GmbH;Motor 1;28870;Ottersberg;Am Damm;26;Niedersachsen;Deutschland;2005;;vorl?ufig Stillgelegt;Biomasse;;Ja;Ja;1,048;1,048;Verbrennungsmotor;Volleinspeisung;Mittelspannung;EWE NETZ GmbH (SNB951051725711);Nein;
Einzelanlage;SEE992559962321;RWE Generation Hydro GmbH;M?den Maschine 2;56254;M?den;An der B416;;RheinlandPfalz;Deutschland;1965;;InBetrieb;Wasser;;Nein;Ja;4,1;4,1;Laufwasseranlage;Volleinspeisung;Mittelspannung;Westnetz GmbH (SNB921897286493);Nein;
Einzelanlage;SEE992590425045;Vattenfall Wasserkraft GmbH;PSW Bleiloch PSS B;07907;Schleiz;An der Sperrmauer;;Thueringen;Deutschland;1932;;InBetrieb;Pumpspeicher;;Nein;Nein;40;39,9;Pumpspeicher;Volleinspeisung;Hochspannung;TEN Th?ringer Energienetze GmbH & Co. KG (SNB970821959712);Nein;
Einzelanlage;SEE995000682977;VERBUND Energy4Business Germany GmbH;Batterie Diespeck;91456;Diespeck;Gutenstettener Stra?e;2;Bayern;Deutschland;2022;;InBetrieb;Batteriespeicher;;Nein;Nein;20,7;20,7;Batterie;Volleinspeisung;UmspannungZurMittelspannung;N-ERGIE Netz GmbH (SNB973875583315);Nein;
Einzelanlage;SEE958260519834;Stadtwerke Duisburg AG;Mitte BHKW3 M2;47053;Duisburg;Bungertstr.;27;NordrheinWestfalen;Deutschland;2025;;InBetrieb;Erdgas;ErdgasErdoelgas;Ja;Nein;4,5;4,4;Verbrennungsmotor;Volleinspeisung;Hochspannung;Netze Duisburg GmbH (SNB916123648602);Nein;
Einzelanlage;SEE958310939391;swb Entsorgung GmbH&Co. KG;MKK;28237;Bremen;Otavistra?e;9;Bremen;Deutschland;2009;;InBetrieb;Abfall;Industrieabfall;Ja;Nein;35;32;GegendruckmaschinemitEntnahme;TeileinspeisungEigenverbrauch;Hochspannung;wesernetz Bremen GmbH (SNB942238573102);Nein;
Einzelanlage;SEE947996339434;RZR II Herten GmbH;RZR II Turbine4;45699;Herten;Im Emscherbruch;11;NordrheinWestfalen;Deutschland;2019;;InBetrieb;Abfall;AbfallHausmuellSiedlungsabfaelle;Ja;Nein;12,3;12,26;GegendruckmaschinemitEntnahme;TeileinspeisungEigenverbrauch;Mittelspannung;Hertener Stadtwerke GmbH (SNB964592501355);Nein;
Einzelanlage;SEE960162708360;Kelheim Fibres GmbH;Turbine 4;93309;Kelheim;Regensburger Stra?e;109;Bayern;Deutschland;1952;;InBetrieb;Erdgas;ErdgasErdoelgas;Ja;Nein;5,76;5,329;GegendruckmaschineohneEntnahme;TeileinspeisungEigenverbrauch;Mittelspannung;STADTWERKE KELHEIM GmbH & Co KG (SNB965500640463);Nein;
Einzelanlage;SEE967283752913;BMW AG;Werk 1.5 KWK 1;80937;M?nchen;Knorrstra?e;147;Bayern;Deutschland;2019;;InBetrieb;Erdgas;ErdgasErdoelgas;Ja;Nein;3,431;3,36;Verbrennungsmotor;TeileinspeisungEigenverbrauch;Mittelspannung;SWM Infrastruktur GmbH & Co. KG (SNB969473762610);Nein;
Einzelanlage;SEE969775213346;Shell Deutschland GmbH;Shell Energy and Chemicals Park, Kraftwerk Godorf;50997;K?ln;Godorfer Hauptstr.;150;NordrheinWestfalen;Deutschland;2016;;InBetrieb;Mineraloelprodukte;Raffineriegas;Ja;Nein;107;92;Sonstige;TeileinspeisungEigenverbrauch;Hochspannung;RheinNetz GmbH (SNB924477581384);Nein;
Einzelanlage;SEE972466462527;Mitsubishi HiTec Paper Europe GmbH;Dampfturbine - GuD MPE;33699;Bielefeld;Niedernholz;7;NordrheinWestfalen;Deutschland;2005;;InBetrieb;Erdgas;ErdgasErdoelgas;Ja;Nein;9,45;9,35;GasturbinenmitnachgeschalteterDampfturbine;TeileinspeisungEigenverbrauch;UmspannungZurMittelspannung;Bielefelder Netz GmbH (SNB918516395612);Nein;
Einzelanlage;SEE940809994431;Sasol Germany GmbH;GT1;25541;Brunsb?ttel;Fritz-Staiger-Stra?e;15;SchleswigHolstein;Deutschland;1987;;InBetrieb;Erdgas;ErdgasErdoelgas;Ja;Nein;4,652;4,466;GasturbinenmitAbhitzekessel;TeileinspeisungEigenverbrauch;Mittelspannung;Stadtwerke Brunsb?ttel GmbH (SNB951835062254);Nein;
Einzelanlage;SEE942749879687;naturenergie hochrhein AG;KW Wyhlen Straflo 05;79639;Grenzach-Wyhlen;Am Wasserkraftwerk;;BadenWuerttemberg;Deutschland;1993;;InBetrieb;Wasser;;Nein;Ja;4,6;4,5;Laufwasseranlage;TeileinspeisungEigenverbrauch;Hochspannung;naturenergie netze GmbH (SNB945502201350);Ja;4,5
Einzelanlage;SEE945602121718;EkoCity;Generator B;42349;Wuppertal;Korzert;15;NordrheinWestfalen;Deutschland;1976;;InBetrieb;Abfall;AbfallHausmuellSiedlungsabfaelle;Ja;Nein;20;20;KondensationsmaschinemitEntnahme;TeileinspeisungEigenverbrauch;Hochspannung;WSW Netz GmbH (SNB914306944756);Nein;
Einzelanlage;SEE953991032447;Universit?tsklinikum Heidelberg;KWKK Heidelberg;69120;Heidelberg;Im Neuenheimer Feld;530;BadenWuerttemberg;Deutschland;2001;;InBetrieb;Erdgas;ErdgasErdoelgas;Ja;Nein;15;13,288;GasturbinenmitAbhitzekessel;TeileinspeisungEigenverbrauch;UmspannungZurMittelspannung;Stadtwerke Heidelberg Netze GmbH (SNB938476571321);Nein;
Einzelanlage;SEE962496130121;BEE Merseburg GmbH;BEE Merseburg GmbH;06217;Merseburg;An den Rohrackern;;SachsenAnhalt;Deutschland;2025;;InBetrieb;Batteriespeicher;;Nein;Nein;12;12;Batterie;Volleinspeisung;Mittelspannung;Stadtwerke Merseburg GmbH (SNB913006238462);Nein;
Einzelanlage;SEE986617815513;Bremerhavener Entsorgungsgesellschaft mbH;MHKW, Generator 2;27570;Bremerhaven;Zur Hexenbr?cke;16;Bremen;Deutschland;1977;;InBetrieb;Abfall;AbfallHausmuellSiedlungsabfaelle;Ja;Nein;10;7;KondensationsmaschinemitEntnahme;TeileinspeisungEigenverbrauch;Mittelspannung;wesernetz Bremerhaven GmbH (SNB985704986426);Nein;
Einzelanlage;SEE981067351215;Stadtwerke Leipzig GmbH;Heizkraftwerk Leipzig S?d Schwarzstartbatterie 9C;04279;Leipzig;Bornaische Stra?e;120;Sachsen;Deutschland;2022;;InBetrieb;Batteriespeicher;;Nein;Nein;4;3,5;Batterie;Volleinspeisung;Hochspannung;Mitteldeutsche Netzgesellschaft Strom mbH (SNB916269213931);Nein;
Einzelanlage;SEE982928435068;BEW Berliner Energie und W?rme GmbH;GuD Marzahn Dampfturbine;12681;Berlin;Allee der Kosmonauten;26 B;Berlin;Deutschland;2020;;InBetrieb;Waerme;Dampf;Ja;Nein;70,5;69,3;KondensationsmaschinemitEntnahme;Volleinspeisung;Hochspannung;Stromnetz Berlin GmbH (SNB979269087643);Nein;
Einzelanlage;SEE985796237000;Stadtwerke Bielefeld GmbH Assetmanagement Onshore Wind und PV (ZA);HKW Schildescher Str GT;33611;Bielefeld;Schildescher Stra?e;16/5-HW;NordrheinWestfalen;Deutschland;1977;;InBetrieb;Erdgas;ErdgasErdoelgas;Ja;Nein;24;23,5;GasturbinenmitAbhitzekessel;TeileinspeisungEigenverbrauch;Hochspannung;Bielefelder Netz GmbH (SNB918516395612);Nein;
stillgelegte Anlagen;SEE960317505882;Peissenberger Kraftwerksgesellschaft;GT 1;83734;Hausham;Brentenstra?e;3 ;Bayern;Deutschland;1982;2024;endg?ltig stillgelegt nach ? 13b EnWG;Mineraloelprodukte;HeizoelLeicht;Nein;Nein;23,2;23,2;GasturbinenohneAbhitzekessel;Volleinspeisung;UmspannungZurMittelspannung;Bayernwerk Netz GmbH (SNB940352624434);Nein;
Einzelanlage;SEE963709646453;BEH Bioenergie Hannover GmbH;Biomethan BHKW Hannover Herrenhausen, Motor 3;30419;Hannover;Leinh?user Weg;5;Niedersachsen;Deutschland;2024;;InBetrieb;Biomasse;;Ja;Ja;2;2;Verbrennungsmotor;Volleinspeisung;Mittelspannung;enercity Netz GmbH (SNB971746988153);Nein;
Einzelanlage;SEE971740147860;OXEA Produktion GmbH & Co.KG;T/G 7;46147;Oberhausen;Otto-Roelen-Strasse;3;NordrheinWestfalen;Deutschland;1949;;InBetrieb;Mineraloelprodukte;AndereMineraloelprodukte;Ja;Nein;2,039;2,025;GegendruckmaschinemitEntnahme;TeileinspeisungEigenverbrauch;Mittelspannung;OXEA Services GmbH (SNB985069443664);Nein;
Einzelanlage;SEE974059990561;EEW Energy from Waste Saarbr?cken GmbH  AHKW-Neunkirchen;AHKW-Neunkirchen Turbine 5;66538;Neunkirchen;Am Bl?cherfl?z;12;Saarland;Deutschland;2023;;InBetrieb;Abfall;AbfallHausmuellSiedlungsabfaelle;Ja;Nein;13,5;11;KondensationsmaschinemitEntnahme;TeileinspeisungEigenverbrauch;Mittelspannung, Niederspannung;KEW Kommunale Energie- und Wasserversorgung AG (SNB943841101959);Nein;
Einzelanlage;SEE987452387340;Uniper Kraftwerke GmbH;Happurg F2;91230;Happurg;Hauptstra?e;26;Bayern;Deutschland;1958;;InBetrieb;Pumpspeicher;;Nein;Nein;40;40;Pumpspeicher;Volleinspeisung;Hochspannung;N-ERGIE Netz GmbH (SNB973875583315);Nein;
Einzelanlage;SEE989202977269;Gemeinschaftskraftwerk Bremen GmbH & Co. KG;GUD Mib?;28237;Bremen;Auf den Delben;35;Bremen;Deutschland;2014;;InBetrieb;Erdgas;ErdgasErdoelgas;Nein;Nein;460;444,5;GasturbinenmitnachgeschalteterDampfturbine;TeileinspeisungEigenverbrauch;Hochspannung;wesernetz Bremen GmbH (SNB942238573102);Nein;
Einzelanlage;SEE999839188105;Firma Mercedes-Benz AG Werk 050 HPC NC50 LN-Nr.: 17319765;W065-Geb?ude 120 / BHKW Modul 03;40476;D?sseldorf;Rather Stra?e;51;NordrheinWestfalen;Deutschland;2012;;InBetrieb;Erdgas;ErdgasErdoelgas;Ja;Nein;4,3;4,2;GasturbinenmitAbhitzekessel;TeileinspeisungEigenverbrauch;Mittelspannung;Netzgesellschaft D?sseldorf mbH (SNB933956506145);Nein;
Einzelanlage;SEE977720016904;VERBUND Energy4Business Germany GmbH;Batterie Breitenworbis;37339;Breitenworbis;;;Thueringen;Deutschland;2021;;InBetrieb;Batteriespeicher;;Nein;Nein;10;10;Batterie;Volleinspeisung;Mittelspannung;TEN Th?ringer Energienetze GmbH & Co. KG (SNB970821959712);Nein;
stillgelegte Anlagen;SEE985453029962;Pfeifer & Langen GmbH & Co. KG;K?nnern Generator 1;06420;K?nnern;An den Sieben St?cken;1;SachsenAnhalt;Deutschland;1993;2024;endg?ltig stillgelegt nach KVBG;Braunkohle;Braunkohlenbriketts;Ja;Nein;11;8,8;GegendruckmaschineohneEntnahme;TeileinspeisungEigenverbrauch;Mittelspannung;Mitteldeutsche Netzgesellschaft Strom mbH (SNB916269213931);Nein;
Einzelanlage;SEE993292613167;Solvay GmbH;Solvay Rb TA8;47495;Rheinberg;Xantener Stra?e;237;NordrheinWestfalen;Deutschland;2021;;InBetrieb;Waerme;Dampf;Ja;Nein;15,94;15,94;GegendruckmaschineohneEntnahme;TeileinspeisungEigenverbrauch;Mittelspannung;Solvay GmbH (SNB960511188218);Nein;
Einzelanlage;SEE928331694449;eins energie in sachsen GmbH & Co. KG;Motor-Heizkraftwerk Chemnitz-Nord, Motor 2;09114;Chemnitz;Blankenburgstra?e;2;Sachsen;Deutschland;2023;;InBetrieb;Erdgas;ErdgasErdoelgas;Ja;Nein;12,65;12,538;Verbrennungsmotor;TeileinspeisungEigenverbrauch;Hochspannung;inetz GmbH (SNB916663914472);Nein;
Einzelanlage;SEE996047653111;PD energy GmbH;KW TRB Bitterfeld, Bitterfeld-Wolfen, Oststr. 1;06749;Bitterfeld-Wolfen;Oststra?e;1;SachsenAnhalt;Deutschland;2009;;InBetrieb;Abfall;AbfallHausmuellSiedlungsabfaelle;Ja;Nein;11,44;10;KondensationsmaschinemitEntnahme;TeileinspeisungEigenverbrauch;Hochspannung;Mitteldeutsche Netzgesellschaft Strom mbH (SNB916269213931);Nein;
Einzelanlage;SEE981220522926;NTT Global Data Centers EMEA GmbH;BER2-AA-D3-GEN-06-NEA;12107;Berlin;Lankwitzer Stra?e;45;Berlin;Deutschland;2022;;InBetrieb;Mineraloelprodukte;HeizoelLeicht;Nein;Nein;2,59;2,59;Verbrennungsmotor;TeileinspeisungEigenverbrauch;Niederspannung;Stromnetz Berlin GmbH (SNB979269087643);Nein;
Einzelanlage;SEE986331287955;RWE Power AG;Fab Berrenrath;50354;H?rth;Bertrams-Jagdweg;10;NordrheinWestfalen;Deutschland;1992;;InBetrieb;Braunkohle;Rohbraunkohlen;Ja;Nein;107;98;GegendruckmaschinemitEntnahme;TeileinspeisungEigenverbrauch;Hochspannung;Westnetz GmbH (SNB921897286493);Nein;
Einzelanlage;SEE989200392347;Sachsenmilch Leppersdorf GmbH;7711MKA10-GT1;01454;Wachau;An den Breiten;;Sachsen;Deutschland;2014;;InBetrieb;Erdgas;ErdgasErdoelgas;Ja;Nein;15,45;14,885;GasturbinenmitAbhitzekessel;TeileinspeisungEigenverbrauch;UmspannungZurMittelspannung;SachsenNetze HS.HD GmbH (SNB968914838013);Nein;
Einzelanlage;SEE989733403879;TIWAG-Tiroler Wasserkraft AG;KW Silz - Maschine 1;6424;Silz;Dr. Meinrad Praxmarer Strasse;1;;Oesterreich;1981;;InBetrieb;Pumpspeicher;;Nein;Nein;250;250;Pumpspeicher;Volleinspeisung;Hochspannung;TenneT TSO GmbH (SNB970033313272);Nein;
Einzelanlage;SEE991299080678;ADM Hamburg Aktiengesellschaft;GT2;21107;Hamburg;Nippoldstra?e;117;Hamburg;Deutschland;2013;;InBetrieb;Erdgas;ErdgasErdoelgas;Ja;Nein;5,688;5,538;GasturbinenmitAbhitzekessel;TeileinspeisungEigenverbrauch;Mittelspannung;Hamburger Energienetze GmbH (SNB968295079586);Nein;
Einzelanlage;SEE995234903107;?sterreichisch-Bayerische Kraftwerke AG;Kraftwerk Passau-Ingling MS1;94036;Passau;Innstra?e;121;Bayern;Deutschland;1965;;InBetrieb;Wasser;;Nein;Ja;21,6;21,6;Laufwasseranlage;Volleinspeisung;Hochspannung;Bayernwerk Netz GmbH (SNB940352624434);Ja;
Einzelanlage;SEE996431301710;BMW AG;BMW Landshut KWK 5;84030;Landshut;Neidenburger Stra?e;13;Bayern;Deutschland;2018;;InBetrieb;Erdgas;None;Ja;Nein;4,473;4,3;Verbrennungsmotor;TeileinspeisungEigenverbrauch;Mittelspannung;Stadtwerke Landshut (SNB928992067729);Nein;
Einzelanlage;SEE967298254266;Stadtwerke Ratingen;KWK-Anlage FHW Ratingen West Modul 3;40878;Ratingen;Am Sandbach;45;NordrheinWestfalen;Deutschland;2020;;InBetrieb;Erdgas;ErdgasErdoelgas;Ja;Nein;1,999;1,947;Verbrennungsmotor;Volleinspeisung;Mittelspannung;Stadtwerke Ratingen GmbH (SNB953661539375);Nein;
Einzelanlage;SEE971914041024;Basell Polyolefine GmbH;Gasturbine Basell Wesseling;50389;Wesseling;Br?hler Stra?e;60;NordrheinWestfalen;Deutschland;1996;;InBetrieb;Erdgas;ErdgasErdoelgas;Ja;Nein;51,9;51,9;GasturbinenmitAbhitzekessel;TeileinspeisungEigenverbrauch;Hochspannung, Hochspannung;Westnetz GmbH (SNB921897286493);Nein;
Einzelanlage;SEE973250051972;Georg-August-Universit?t G?ttingen;Gasturbine HKW;37075;G?ttingen;Rudolf-Diesel-Stra?e;10;Niedersachsen;Deutschland;1998;;InBetrieb;Erdgas;ErdgasErdoelgas;Ja;Nein;19,5;18,8;GasturbinenmitAbhitzekessel;TeileinspeisungEigenverbrauch;UmspannungZurMittelspannung;EAM Netz GmbH (SNB971311555230);Nein;
Einzelanlage;SEE973601397087;Hamburger Energiewerke GmbH;Tiefstack GuD DT40;22113;Hamburg;Andreas-Meyer-Stra?e;8;Hamburg;Deutschland;2009;;InBetrieb;Waerme;None;Ja;Nein;28;27;GegendruckmaschineohneEntnahme;Volleinspeisung;Hochspannung;Hamburger Energienetze GmbH (SNB968295079586);Nein;
Einzelanlage;SEE974521954909;Buchmann Karton;Gasturbine 6;76855;Annweiler;Wasgaustra?e;5;RheinlandPfalz;Deutschland;2006;;InBetrieb;Erdgas;ErdgasErdoelgas;Ja;Nein;3,8;3,6;GasturbinenmitAbhitzekessel;TeileinspeisungEigenverbrauch;Mittelspannung;Pfalzwerke Netz AG (SNB961471621746);Nein;
Einzelanlage;SEE974634012046;EnBW Energie Baden-W?rttemberg AG;illwerke vkw L?nerseewerk M5;A-6774;Tschagguns;Latschaustrasse;;;Oesterreich;1957;;InBetrieb;Pumpspeicher;;Nein;Nein;56;56;Pumpspeicher;Volleinspeisung;Hoechstspannung;TransnetBW GmbH (SNB984944755380);Nein;
Einzelanlage;SEE974910236807;BASF SE;N822 GE1;67063;Ludwigshafen;Carl-Bosch-Stra?e;38;RheinlandPfalz;Deutschland;1991;;InBetrieb;Waerme;Dampf;Ja;Nein;2,7;2,65;GegendruckmaschineohneEntnahme;TeileinspeisungEigenverbrauch;Hoechstspannung;Amprion GmbH (SNB976890256486);Nein;
Einzelanlage;SEE976367618755;BEH Bioenergie Hannover GmbH;Biomethan BHKW 2 Hannover St?cken;30419;Hannover;Stelinger Stra?e;19;Niedersachsen;Deutschland;2024;;InBetrieb;Biomasse;;Ja;Ja;4,5;4,5;Verbrennungsmotor;Volleinspeisung;Mittelspannung;enercity Netz GmbH (SNB971746988153);Nein;
Einzelanlage;SEE976404468497;Energieversorgung Schwerin GmbH & Co. Erzeugung KG;SN-Lankow-GUD-2023;19057;Schwerin;Grevesm?hlener Str.;28;MecklenburgVorpommern;Deutschland;2023;;InBetrieb;Erdgas;ErdgasErdoelgas;Ja;Nein;14,1;11,25;GasturbinenmitAbhitzekessel;Volleinspeisung;Mittelspannung;Netzgesellschaft Schwerin mbH (NGS) (SNB913130054136);Nein;
Einzelanlage;SEE976907281142;Fernw?rmeversorgungs- GmbH Dessau;HKW Dessau;06842;Dessau-Ro?lau;An der Fine;4;SachsenAnhalt;Deutschland;1996;;InBetrieb;Erdgas;ErdgasErdoelgas;Ja;Nein;39,836;39,12;GasturbinenmitnachgeschalteterDampfturbine;Volleinspeisung;Mittelspannung;Dessauer Stromversorgung GmbH (SNB954281375657);Nein;
Einzelanlage;SEE963890006111;SWK Stadtwerke Kaiserslautern Versorgungs-AG;HKW Karcherstra?e (GT15);67655;Kaiserslautern;Karcherstra?e;28;RheinlandPfalz;Deutschland;2022;;InBetrieb;Erdgas;ErdgasErdoelgas;Ja;Nein;8,88;8,5;GasturbinenmitAbhitzekessel;TeileinspeisungEigenverbrauch;Mittelspannung;SWK Stadtwerke Kaiserslautern Versorgungs-AG (SNB982394830312);Nein;
Einzelanlage;SEE964073339897;Stadtwerke Stendal GmbH;Heizkraftwerk Stendal;39576;Stendal;Schillerstra?e;;SachsenAnhalt;Deutschland;2018;;InBetrieb;Erdgas;ErdgasErdoelgas;Ja;Nein;13,45;13,21;Verbrennungsmotor;Volleinspeisung;Mittelspannung;Stadtwerke Stendal GmbH (SNB957404386462);Nein;
Einzelanlage;SEE968161544286;Stadtwerke Duisburg AG;Mitte BHKW3 M1;47053;Duisburg;Bungertstr.;27;NordrheinWestfalen;Deutschland;2025;;InBetrieb;Erdgas;ErdgasErdoelgas;Ja;Nein;4,5;4,4;Verbrennungsmotor;Volleinspeisung;Hochspannung;Netze Duisburg GmbH (SNB916123648602);Nein;
Einzelanlage;SEE976219797843;SWM Services GmbH;SWM HKW Sued GuD2 GT62;81371;M?nchen;Sch?ftlarnstra?e;15;Bayern;Deutschland;2021;;InBetrieb;Erdgas;ErdgasErdoelgas;Ja;Nein;146,5;146,3;GasturbinenmitnachgeschalteterDampfturbine;TeileinspeisungEigenverbrauch;Hochspannung;SWM Infrastruktur GmbH & Co. KG (SNB969473762610);Nein;
Einzelanlage;SEE979396678813;K+S Minerals and Agriculture GmbH;Kraftwerk ZI DT1;39326;Zielitz;Farsleber Stra?e;1;SachsenAnhalt;Deutschland;1980;;InBetrieb;Waerme;Dampf;Ja;Nein;18,336;18,1;KondensationsmaschinemitEntnahme;TeileinspeisungEigenverbrauch;Hochspannung;Avacon Netz GmbH (SNB990362338043);Nein;
Einzelanlage;SEE982350358232;Erlanger Stadtwerke AG;HKW - GuD2;91052;Erlangen;?u?ere Brucker Stra?e;33;Bayern;Deutschland;2014;;InBetrieb;Erdgas;ErdgasErdoelgas;Ja;Nein;7,2;7,032;GasturbinenmitnachgeschalteterDampfturbine;Volleinspeisung;Mittelspannung;Erlanger Stadtwerke AG (SNB967982606159);Nein;
Einzelanlage;SEE982892019516;Stadtwerke Lemgo GmbH;HKW-West Gasturbine 2;32657;Lemgo;Liemer Weg;71;NordrheinWestfalen;Deutschland;1995;;InBetrieb;Erdgas;ErdgasErdoelgas;Ja;Nein;5,16;5,07;GasturbinenmitAbhitzekessel;Volleinspeisung;Mittelspannung;Stadtwerke Lemgo GmbH (SNB967075358620);Nein;
Einzelanlage;SEE977368296324;SWP Stadtwerke Pforzheim;MOT 1;75175;Pforzheim;Hohwiesenweg;19;BadenWuerttemberg;Deutschland;2021;;InBetrieb;Erdgas;ErdgasErdoelgas;Ja;Nein;10,387;10,285;Verbrennungsmotor;TeileinspeisungEigenverbrauch;Hochspannung;SWP Stadtwerke Pforzheim GmbH & Co. KG (SNB929168402344);Nein;
Einzelanlage;SEE973493827723;naturenergie hochrhein AG;KW Rheinfelden Maschine 1;4310;Rheinfelden;Chleigr?t;;;Schweiz;2010;;InBetrieb;Wasser;;Nein;Ja;22,9;22,9;Laufwasseranlage;TeileinspeisungEigenverbrauch;Hochspannung;naturenergie netze GmbH (SNB945502201350);Ja;22,9
Einzelanlage;SEE976266175403;Uniper Kraftwerke GmbH;Happurg F3;91230;Happurg;Hauptstra?e;26;Bayern;Deutschland;1958;;InBetrieb;Pumpspeicher;;Nein;Nein;40;40;Pumpspeicher;Volleinspeisung;Hochspannung;N-ERGIE Netz GmbH (SNB973875583315);Nein;
Einzelanlage;SEE935573961376;Stadtwerke M?nchen GmbH;SWM Uppenborn 1 Gen1;85368;Wang;Werkstra?e;25;Bayern;Deutschland;1930;;InBetrieb;Wasser;;Nein;Ja;8,8;8,8;Laufwasseranlage;TeileinspeisungEigenverbrauch;Hochspannung;SWM Infrastruktur GmbH & Co. KG (SNB969473762610);Nein;
Einzelanlage;SEE936428070663;Donau-Wasserkraft AG;Vohburg E K3;85088;Vohburg;Am Stausee;1;Bayern;Deutschland;1992;;InBetrieb;Wasser;;Nein;Ja;9,7;7,76;Laufwasseranlage;Volleinspeisung;Hochspannung;DB Energie GmbH (Bahnstromnetz 16,7 Hz) (SNB942182027607);Nein;
Einzelanlage;SEE936781895453;Daimler Truck AG;BHKW2 (GKWK-MA-0016);68305;Mannheim;Hanns-Martin-Schleyer-Stra?e;21;BadenWuerttemberg;Deutschland;2017;;InBetrieb;Erdgas;ErdgasErdoelgas;Ja;Nein;4,185;4,101;Verbrennungsmotor;TeileinspeisungEigenverbrauch;UmspannungZurMittelspannung;MVV Netze GmbH (SNB985472799266);Nein;
Einzelanlage;SEE937736737958;ZF Friedrichshafen AG;ZF-FRD-W04-G22-Pr?fstand-844077;88046;Friedrichshafen;Graf-von-Soden-Platz;1;BadenWuerttemberg;Deutschland;2009;;InBetrieb;Mineraloelprodukte;Dieselkraftstoff;Nein;Nein;1,672;1,672;Verbrennungsmotor;TeileinspeisungEigenverbrauch;UmspannungZurMittelspannung;Stadtwerk am See GmbH & Co. KG (SNB993059842564);Nein;
Einzelanlage;SEE940178738247;Freiberger Erdgas GmbH;GT Chemnitzer Stra?e 40;09599;Freiberg;Chemnitzer Stra?e;40;Sachsen;Deutschland;2013;;InBetrieb;Erdgas;ErdgasErdoelgas;Ja;Nein;4,829;4,757;GasturbinenmitAbhitzekessel;TeileinspeisungEigenverbrauch;UmspannungZurMittelspannung;Mitteldeutsche Netzgesellschaft Strom mbH (SNB916269213931);Nein;
Einzelanlage;SEE941166182769;Currenta GmbH & Co. OHG;LEV KWG G22;51373;Leverkusen;Kaiser-Wilhelm-Allee;80;NordrheinWestfalen;Deutschland;1991;;InBetrieb;Steinkohle;Steinkohlen;Ja;Nein;13,4;12,671;GegendruckmaschineohneEntnahme;TeileinspeisungEigenverbrauch;UmspannungZurMittelspannung;NETCUR GmbH (SNB974711150357);Nein;
Einzelanlage;SEE945811865984;Caterpillar Energy Solutions;P13;68167;Mannheim;Carl-Benz-Stra?e;1;BadenWuerttemberg;Deutschland;1939;;InBetrieb;Erdgas;ErdgasErdoelgas;Nein;Nein;1;1;Verbrennungsmotor;TeileinspeisungEigenverbrauch;Mittelspannung;MVV Netze GmbH (SNB985472799266);Nein;
Einzelanlage;SEE963301495572;EnBW Contracting GmbH;HK_001_Industrieheizkraftwerk-Walsrode_GT6;29699;Walsrode;Bahnhofstra?e;13;Niedersachsen;Deutschland;2004;;InBetrieb;Erdgas;ErdgasErdoelgas;Ja;Nein;6,5;6,35;GasturbinenmitAbhitzekessel;TeileinspeisungEigenverbrauch;Mittelspannung;Avacon Netz GmbH (SNB990362338043);Nein;
Einzelanlage;SEE973279238699;Sappi Alfeld;Turbine 5;31061;Alfeld;M?hlenmasch;1;Niedersachsen;Deutschland;2003;;InBetrieb;Biomasse;;Ja;Ja;16,75;13;GegendruckmaschinemitEntnahme;Volleinspeisung;Mittelspannung;?berlandwerk Leinetal GmbH (SNB910956210043);Nein;
Einzelanlage;SEE973464796218;LEIPA Georg Leinfelder GmbH;Dampfturbine FSK Kuhheide 32a;16303;Schwedt;Kuhheide;34;Brandenburg;Deutschland;2011;;InBetrieb;Abfall;AbfallHausmuellSiedlungsabfaelle;Ja;Nein;32,4;28,904;KondensationsmaschinemitEntnahme;Volleinspeisung;Hochspannung;E.DIS Netz GmbH (SNB941690671609);Nein;
Einzelanlage;SEE975248607116;LEIPA Georg Leinfelder GmbH;Dampfturbine GWK Kuhheide 34;16303;Schwedt;Kuhheide;34;Brandenburg;Deutschland;2005;;InBetrieb;Erdgas;ErdgasErdoelgas;Ja;Nein;5;4,7;GegendruckmaschineohneEntnahme;TeileinspeisungEigenverbrauch;Mittelspannung;E.DIS Netz GmbH (SNB941690671609);Nein;
Einzelanlage;SEE976376888927;Nordzucker, Werk Klein Wanzleben;Gasturbine 1;39164;Wanzleben-B?rde;Magdeburger Landstra?e;1;SachsenAnhalt;Deutschland;1994;;InBetrieb;Erdgas;ErdgasErdoelgas;Ja;Nein;4,95;4,92;GasturbinenmitAbhitzekessel;TeileinspeisungEigenverbrauch;Mittelspannung;Avacon Netz GmbH (SNB990362338043);Nein;
Einzelanlage;SEE976445927045;VERBUND Innkraftwerke GmbH;Kraftwerk Stammham MS3;84533;Stammham;Innstufenstra?e;15;Bayern;Deutschland;1955;;InBetrieb;Wasser;;Nein;Ja;7,733;7,733;Laufwasseranlage;Volleinspeisung;Hochspannung;Bayernwerk Netz GmbH (SNB940352624434);Nein;
Einzelanlage;SEE987838157994;STEAG Power GmbH;Fenne HKV;66333;V?lklingen;Saarbr?cker Stra?e;135;Saarland;Deutschland;1989;;Netzreserve aufgrund ? 13b EnWG;Steinkohle;Steinkohlen;Ja;Nein;236;211;KondensationsmaschinemitEntnahme;TeileinspeisungEigenverbrauch;Hochspannung;Creos Deutschland GmbH (SNB940133714842);Nein;
Einzelanlage;SEE988699847857;Grosskraftwerk Mannheim;GKM Block 7;68199;Mannheim;Marguerrestra?e;1;BadenWuerttemberg;Deutschland;1982;;Netzreserve aufgrund ? 13b EnWG;Steinkohle;None;Nein;Nein;475;425;KondensationsmaschineohneEntnahme;Volleinspeisung;Hoechstspannung;TransnetBW GmbH (SNB984944755380);Nein;
Einzelanlage;SEE991036415459;Fresenius Medical Care Deutschland GmbH;Gasturbine 1;66606;St. Wendel;Frankfurter Stra?e;6-8;Saarland;Deutschland;2014;;InBetrieb;Erdgas;ErdgasErdoelgas;Ja;Nein;7,58;7,558;GasturbinenmitAbhitzekessel;TeileinspeisungEigenverbrauch;UmspannungZurMittelspannung;SSW Netz GmbH (SNB989025785690);Nein;
Einzelanlage;SEE947763810036;H&R Chemisch Pharmazeutische Spezialit?ten GmbH;HuR-IKW-G5;48499;Salzbergen;Neuenkirchener Stra?e;8;Niedersachsen;Deutschland;2016;;InBetrieb;Erdgas;ErdgasErdoelgas;Ja;Nein;9,296;9,029;GegendruckmaschinemitEntnahme;TeileinspeisungEigenverbrauch;Hochspannung;Westnetz GmbH (SNB921897286493);Nein;
Einzelanlage;SEE951839779134;Stadtwerke Kiel AG;K?stenkraftwerk K.I.E.L Motor 1;24149;Kiel;Hasselfelde;30;SchleswigHolstein;Deutschland;2018;;InBetrieb;Erdgas;ErdgasErdoelgas;Ja;Nein;9,571;9,456;Verbrennungsmotor;Volleinspeisung;Hochspannung;SWKiel Netz GmbH (SNB973742186519);Nein;
Einzelanlage;SEE955314088254;RWE Power AG;Weisweiler H;52249;Eschweiler;Am Kraftwerk;17;NordrheinWestfalen;Deutschland;1975;;InBetrieb;Braunkohle;Rohbraunkohlen;Ja;Nein;696;656;KondensationsmaschinemitEntnahme;TeileinspeisungEigenverbrauch;Hoechstspannung;Amprion GmbH (SNB976890256486);Nein;
Einzelanlage;SEE957262802302;Mercer Torgau GmbH & Co. KG;Anlage 2014;04860;Torgau;Forstweg;1;Sachsen;Deutschland;2014;;InBetrieb;Biomasse;;Ja;Ja;5,3;4,95;Sonstige;Volleinspeisung;Mittelspannung;Stadtwerke Torgau GmbH (SNB933235634552);Nein;
Einzelanlage;SEE959229794460;SWE Energie GmbH;DT;99087;Erfurt;Stotternheimer Stra?e;40;Thueringen;Deutschland;1999;;InBetrieb;Erdgas;ErdgasErdoelgas;Ja;Nein;34;34;GegendruckmaschinemitEntnahme;Volleinspeisung;Hochspannung;SWE Netz GmbH (Erfurt) (SNB950262883869);Nein;
Einzelanlage;SEE962777669616;Onyx Kraftwerk Zolling GmbH &Co. KGaA;Zolling GT1;85406;Zolling;Leiningerstra?e;1;Bayern;Deutschland;1986;;InBetrieb;Mineraloelprodukte;HeizoelLeicht;Nein;Nein;25;24,5;GasturbinenohneAbhitzekessel;Volleinspeisung;Hochspannung;Bayernwerk Netz GmbH (SNB940352624434);Nein;
Einzelanlage;SEE963438570067;DREWAG - Stadtwerke Dresden GmbH;Gasmotoren-Heizkraftwerk Dresden-Reick - Aggregat VI;01277;Dresden;Liebst?dter Stra?e;1;Sachsen;Deutschland;2022;;InBetrieb;Erdgas;ErdgasErdoelgas;Ja;Nein;11,76;11,5;Verbrennungsmotor;Volleinspeisung;Mittelspannung;SachsenNetze GmbH (SNB980808485264);Nein;
Einzelanlage;SEE988114672156;Uniper Kraftwerke GmbH;Kaufering K(Ro)2;86916;Kaufering;Lechfeldwiesen;;Bayern;Deutschland;1975;;InBetrieb;Wasser;;Nein;Ja;6,1;5,567;Laufwasseranlage;Volleinspeisung;Hochspannung;LEW Verteilnetz GmbH (SNB911705062982);Nein;
Einzelanlage;SEE988182827533;Uniper Kraftwerke GmbH;Staudinger 4;63538;Gro?krotzenburg;Hanauer Landstra?e;150;Hessen;Deutschland;1977;;Netzreserve aufgrund ? 13b EnWG;Erdgas;ErdgasErdoelgas;Nein;Nein;660;580;KondensationsmaschinemitEntnahme;Volleinspeisung;Hoechstspannung;TenneT TSO GmbH (SNB970033313272);Nein;
Einzelanlage;SEE988558018985;Westag AG;KesselH;33378;Rheda-Wiedenbr?ck;Hellweg;15;NordrheinWestfalen;Deutschland;2001;;InBetrieb;Biomasse;;Ja;Ja;9,18;9,18;GegendruckmaschinemitEntnahme;Volleinspeisung;Mittelspannung;Westnetz GmbH (SNB921897286493);Nein;
stillgelegte Anlagen;SEE991807535867;Delkeskamp Verpackungswerke GmbH;KWK-Anlage Gasturbine 3;49638;Nortrup;Hauptstra?e;15;Niedersachsen;Deutschland;2000;2022;endg?ltig stillgelegt ohne ? 13b EnWG oder KVBG;Erdgas;ErdgasErdoelgas;Ja;Nein;5;4,85;GasturbinenmitAbhitzekessel;TeileinspeisungEigenverbrauch;UmspannungZurMittelspannung;Westnetz GmbH (SNB921897286493);Nein;
Einzelanlage;SEE995156555835;Kraftwerk Ryburg-Schw?rstadt AG;KW Ryburg-Schw?rstadt M3;79739;Schw?rstadt;Kraftwerkstra?e;1;BadenWuerttemberg;Deutschland;1931;;InBetrieb;Wasser;;Nein;Ja;28,3;28,15;Laufwasseranlage;TeileinspeisungEigenverbrauch;Hochspannung;naturenergie netze GmbH (SNB945502201350);Ja;
Einzelanlage;SEE996980679766;?sterreichisch-Bayerische Kraftwerke AG;Kraftwerk Oberaudorf-Ebbs MS2;83080;Oberaudorf;Untere Innauen;1;Bayern;Deutschland;1992;;InBetrieb;Wasser;;Nein;Ja;30;30;Laufwasseranlage;Volleinspeisung;Hochspannung;Bayernwerk Netz GmbH (SNB940352624434);Ja;
Einzelanlage;SEE966481430050;Firma Mercedes-Benz AG Werk 050 HPC NC50 LN-Nr.: 17319765;W065-Geb?ude 120 / BHKW Modul 05;40476;D?sseldorf;Rather Stra?e;51;NordrheinWestfalen;Deutschland;2014;;InBetrieb;Erdgas;ErdgasErdoelgas;Ja;Nein;4,3;4,253;GasturbinenmitAbhitzekessel;TeileinspeisungEigenverbrauch;Mittelspannung;Netzgesellschaft D?sseldorf mbH (SNB933956506145);Nein;
Einzelanlage;SEE929090964958;Forschungszentrum J?lich GmbH;FZJ_WVVZ-03.19_BHKW-3;52428;J?lich;;;NordrheinWestfalen;Deutschland;2022;;InBetrieb;Erdgas;ErdgasErdoelgas;Ja;Nein;4,3;4,3;Verbrennungsmotor;TeileinspeisungEigenverbrauch;UmspannungZurMittelspannung;Westnetz GmbH (SNB921897286493);Nein;
Einzelanlage;SEE929681132193;EnBW Energie Baden-W?rttemberg AG;WKW Dettingen M2;88451;Dettingen;Illerkraftwerk IV;;BadenWuerttemberg;Deutschland;1927;;InBetrieb;Wasser;;Nein;Ja;3,6;3,6;Laufwasseranlage;TeileinspeisungEigenverbrauch;Mittelspannung;Netze BW GmbH (SNB948311994307);Nein;
Einzelanlage;SEE936406566188;Uniper Kraftwerke GmbH;Walchenseekraftwerk E Pe3;82431;Kochel;Altjoch;22;Bayern;Deutschland;1924;;InBetrieb;Wasser;;Nein;Ja;13;13;Speicherwasseranlage;Volleinspeisung;Hochspannung;DB Energie GmbH (Bahnstromnetz 16,7 Hz) (SNB942182027607);Nein;
Einzelanlage;SEE940821413552;K+S Minerals and Agriculture GmbH;Kraftwerk NE DT;36119;Neuhof;Am Kaliwerk;6;Hessen;Deutschland;1979;;InBetrieb;Waerme;None;Ja;Nein;4,477;4,4;GegendruckmaschineohneEntnahme;TeileinspeisungEigenverbrauch;Hochspannung;OsthessenNetz GmbH (SNB934071779865);Nein;
Einzelanlage;SEE941053107073;Cargill Deutschland GmbH;Stromerzeugung Barby;39249;Barby;Monplaisirstra?e;22;SachsenAnhalt;Deutschland;2013;;InBetrieb;Erdgas;ErdgasErdoelgas;Ja;Nein;17,951;17,78;GasturbinenmitAbhitzekessel;TeileinspeisungEigenverbrauch;UmspannungZurMittelspannung;Avacon Netz GmbH (SNB990362338043);Nein;
Einzelanlage;SEE943427876363;EnBW Energie Baden-W?rttemberg AG;Kraftwerk Rostock Block A;18147;Rostock;Am K?hlturm;1;MecklenburgVorpommern;Deutschland;1994;;InBetrieb;Steinkohle;Steinkohlen;Ja;Nein;553;514;KondensationsmaschinemitEntnahme;TeileinspeisungEigenverbrauch;Hoechstspannung;50Hertz Transmission GmbH (SNB982046657236);Nein;
Einzelanlage;SEE998909352200;BEKW Bioenergiekraftwerk Emsland GmbH & Co. KG;EA-46950;49824;Emlichheim;Neuerostra?e;5;Niedersachsen;Deutschland;2013;;InBetrieb;Biomasse;;Ja;Ja;11,656;10,6;GegendruckmaschinemitEntnahme;Volleinspeisung;Mittelspannung;Westnetz GmbH (SNB921897286493);Nein;
Einzelanlage;SEE975361659900;Stadtwerke D?sseldorf AG;SWD KWL GuD F;40221;D?sseldorf;Auf der Lausward;75;NordrheinWestfalen;Deutschland;2016;;InBetrieb;Erdgas;ErdgasErdoelgas;Ja;Nein;605;595;GasturbinenmitnachgeschalteterDampfturbine;Volleinspeisung;Hochspannung;Netzgesellschaft D?sseldorf mbH (SNB933956506145);Nein;
Einzelanlage;SEE976826191515;MHB Hamm Betriebsf?hrungsgesellschaft mbH;MVA Hamm Turbine 2;59075;Hamm;Am Lausbach;2;NordrheinWestfalen;Deutschland;1985;;InBetrieb;Abfall;AbfallHausmuellSiedlungsabfaelle;Ja;Nein;8,95;6,5;KondensationsmaschinemitEntnahme;TeileinspeisungEigenverbrauch;Hochspannung;Westnetz GmbH (SNB921897286493);Nein;
Einzelanlage;SEE987789318420;Stadt Kandern;KWK Anlage Kl?ranlage;79400;Kandern;Im D?rfli;30;BadenWuerttemberg;Deutschland;2017;;InBetrieb;Sonstige Energietraeger (nicht erneuerbar);AndereGase;Nein;Nein;23;23;Verbrennungsmotor;TeileinspeisungEigenverbrauch;Mittelspannung;naturenergie netze GmbH (SNB945502201350);Nein;
Einzelanlage;SEE994055644299;WSW Energie & Wasser AG;BHKW15;42275;Wuppertal;Am Clef;32;NordrheinWestfalen;Deutschland;2017;;InBetrieb;Erdgas;ErdgasErdoelgas;Ja;Nein;2,679;2,619;Verbrennungsmotor;Volleinspeisung;UmspannungZurMittelspannung;WSW Netz GmbH (SNB914306944756);Nein;
Einzelanlage;SEE994238154089;MHB Hamm Betriebsf?hrungsgesellschaft mbH;MVA Hamm Turbine 3;59075;Hamm;Am Lausbach;2;NordrheinWestfalen;Deutschland;2006;;InBetrieb;Abfall;AbfallHausmuellSiedlungsabfaelle;Nein;Nein;6,45;6,45;KondensationsmaschineohneEntnahme;TeileinspeisungEigenverbrauch;Hochspannung;Westnetz GmbH (SNB921897286493);Nein;
Einzelanlage;SEE995184160995;Mark-E Aktiengesellschaft;Cuno Heizkraftwerk Herdecke BHKW3;58313;Herdecke;Wetterstra?e;111;NordrheinWestfalen;Deutschland;2014;;InBetrieb;Erdgas;ErdgasErdoelgas;Ja;Nein;2,17;2,13;Sonstige;Volleinspeisung;Mittelspannung;ENERVIE Vernetzt GmbH (SNB921319639913);Nein;
Einzelanlage;SEE935153258285;thyssenkrupp Steel Europe AG;ET HO 8;47166;Duisburg;Kaiser-Wilhelm-Str.;100;NordrheinWestfalen;Deutschland;2012;;InBetrieb;Sonstige Energietraeger (nicht erneuerbar);;Nein;Nein;8;8;Sonstige;TeileinspeisungEigenverbrauch;Mittelspannung;Amprion GmbH (SNB976890256486);Nein;
Einzelanlage;SEE943682372433;Nordzucker, Werk Klein Wanzleben;Gasturbine 2;39164;Wanzleben-B?rde;Magdeburger Landstra?e;1;SachsenAnhalt;Deutschland;2007;;InBetrieb;Erdgas;ErdgasErdoelgas;Ja;Nein;5,67;5,63;GasturbinenmitAbhitzekessel;TeileinspeisungEigenverbrauch;Mittelspannung;Avacon Netz GmbH (SNB990362338043);Nein;
Einzelanlage;SEE945682618689;Model Sachsen Papier GmbH;Dampfturbine Model Sachsen Papier;04838;Eilenburg;Am Schanzberg;1;Sachsen;Deutschland;1994;;InBetrieb;Erdgas;ErdgasErdoelgas;Ja;Nein;16,62;16,2514;GasturbinenmitnachgeschalteterDampfturbine;TeileinspeisungEigenverbrauch;Hochspannung;Mitteldeutsche Netzgesellschaft Strom mbH (SNB916269213931);Nein;
Einzelanlage;SEE946568262484;EVH GmbH;Heizkraftwerk Dieselstra?e Block B;06130;Halle;Dieselstra?e;141;SachsenAnhalt;Deutschland;2020;;InBetrieb;Erdgas;ErdgasErdoelgas;Ja;Nein;57,95;57,144;GasturbinenmitnachgeschalteterDampfturbine;TeileinspeisungEigenverbrauch;UmspannungZurMittelspannung;Energieversorgung Halle Netz GmbH (SNB982934611074);Nein;
Einzelanlage;SEE946590750676;Energie und Wasser Potsdam GmbH;BHKW Potsdam-Nord 1;14471;Potsdam;Zeppelinstra?e;135;Brandenburg;Deutschland;2016;;InBetrieb;Erdgas;ErdgasErdoelgas;Ja;Nein;4,305;4,257;Verbrennungsmotor;Volleinspeisung;Mittelspannung;Netzgesellschaft Potsdam GmbH (SNB929027950139);Nein;
Einzelanlage;SEE954351462355;BMW AG;Partition_2;04349;Leipzig;BMW-Allee;1 ;Sachsen;Deutschland;2017;;InBetrieb;Batteriespeicher;;Nein;Nein;3,4;3,4;Batterie;TeileinspeisungEigenverbrauch;Hochspannung;Mitteldeutsche Netzgesellschaft Strom mbH (SNB916269213931);Nein;
Einzelanlage;SEE954367504490;ADM Hamburg Aktiengesellschaft;GT3;21107;Hamburg;Nippoldstra?e;117;Hamburg;Deutschland;2008;;InBetrieb;Erdgas;ErdgasErdoelgas;Ja;Nein;5,22;5,07;GasturbinenmitAbhitzekessel;TeileinspeisungEigenverbrauch;Mittelspannung;Hamburger Energienetze GmbH (SNB968295079586);Nein;
Einzelanlage;SEE954975672987;Uniper Kraftwerke GmbH;Urspring K(Ro) 2;86983;Lechbruck;Via Claudia;;Bayern;Deutschland;1966;;InBetrieb;Wasser;;Nein;Ja;4;3,366;Laufwasseranlage;Volleinspeisung;Hochspannung;LEW Verteilnetz GmbH (SNB911705062982);Nein;
Einzelanlage;SEE977898966292;MVR M?llverwertung Rugenberger Damm GmbH;MVR Rugenberger Damm M?ll;21129;Hamburg;Rugenberger Damm;1;Hamburg;Deutschland;1999;;InBetrieb;Abfall;AbfallHausmuellSiedlungsabfaelle;Ja;Nein;28,875;23,875;KondensationsmaschinemitEntnahme;TeileinspeisungEigenverbrauch;Mittelspannung;Hamburger Energienetze GmbH (SNB968295079586);Nein;
Einzelanlage;SEE985585573104;SWM Services GmbH;SWM HKW Sued GuD1 GT3;81371;M?nchen;Sch?ftlarnstra?e;15;Bayern;Deutschland;1980;;InBetrieb;Erdgas;ErdgasErdoelgas;Ja;Nein;98,9;97,9;GasturbinenmitAbhitzekessel;TeileinspeisungEigenverbrauch;Hochspannung;SWM Infrastruktur GmbH & Co. KG (SNB969473762610);Nein;
Einzelanlage;SEE986520256656;Solvay GmbH;Solvay Rb TA7;47495;Rheinberg;Xantener Stra?e;237;NordrheinWestfalen;Deutschland;1989;;InBetrieb;Waerme;Dampf;Ja;Nein;12,8;12,8;GegendruckmaschinemitEntnahme;TeileinspeisungEigenverbrauch;Mittelspannung;Solvay GmbH (SNB960511188218);Nein;
Einzelanlage;SEE988222104112;Solarpark Forsthof GmbH & Co. KG;Speicher Forsthof;92706;Luhe-Wildenau;;;Bayern;Deutschland;2023;;InBetrieb;Batteriespeicher;;Nein;Nein;7;7;Batterie;Volleinspeisung;Mittelspannung;Bayernwerk Netz GmbH (SNB940352624434);Nein;
Einzelanlage;SEE949310869146;Rolls-Royce Solutions Augsburg GmbH;Pr?fstand 6;86165;Augsburg;Dasinger Stra?e;11;Bayern;Deutschland;2004;;InBetrieb;Erdgas;ErdgasErdoelgas;Nein;Nein;3,2;3,15;Verbrennungsmotor;TeileinspeisungEigenverbrauch;Niederspannung;swa Netze GmbH (SNB958077102830);Nein;
Einzelanlage;SEE950062447919;Infraserv GmbH & Co. H?chst KG;IPH Strom CoFA BHKW 2;65929;Frankfurt;Br?ningstra?e;50;Hessen;Deutschland;2007;;InBetrieb;Biomasse;;Ja;Ja;1,451;1,3725;Verbrennungsmotor;Volleinspeisung;Mittelspannung, Mittelspannung;Syna GmbH (SNB918250928893);Nein;
Einzelanlage;SEE950201173198;swb Entsorgung GmbH&Co. KG;MHKW_Gen4;28219;Bremen;Oken;2;Bremen;Deutschland;2013;;InBetrieb;Abfall;AbfallHausmuellSiedlungsabfaelle;Ja;Nein;50;49,2;KondensationsmaschinemitEntnahme;TeileinspeisungEigenverbrauch;Hochspannung;wesernetz Bremen GmbH (SNB942238573102);Nein;
Einzelanlage;SEE951344432289;BTB Blockheizkraftwerks-, Tr?ger- und Betreibergesellschaft;KWK Adlershof Modul 2;12489;Berlin;Albert-Einstein-Stra?e;22;Berlin;Deutschland;2023;;InBetrieb;Erdgas;ErdgasErdoelgas;Ja;Nein;4,502;4,39;Verbrennungsmotor;Volleinspeisung;Mittelspannung;Energienetze Berlin GmbH (SNB917314328846);Nein;
Einzelanlage;SEE935963507269;Uniper Kraftwerke GmbH;Kachlet K8;94034;Passau;Schleusenweg;10;Bayern;Deutschland;1927;;InBetrieb;Wasser;;Nein;Ja;6,7125;6,7125;Laufwasseranlage;Volleinspeisung;Hochspannung;Bayernwerk Netz GmbH (SNB940352624434);Nein;
Einzelanlage;SEE936388385937;EnBW Energie Baden-W?rttemberg AG;Heizkraftwerk Stuttgart-M?nster GT 87;70376;Stuttgart;Voltastra?e;45;BadenWuerttemberg;Deutschland;2025;;InBetrieb;Erdgas;ErdgasErdoelgas;Ja;Nein;61,5;61;GasturbinenmitAbhitzekessel;TeileinspeisungEigenverbrauch;Hochspannung;Stuttgart Netze GmbH (SNB947592865054);Nein;
Einzelanlage;SEE936873341158;Felix Schoeller GmbH & Co. KG;Felix Schoeller GmbH & Co.KG Wei?enborn GT1;09600;Wei?enborn;Fabrikstra?e;1;Sachsen;Deutschland;1976;;InBetrieb;Erdgas;ErdgasErdoelgas;Ja;Nein;4,429;4,429;GasturbinenmitAbhitzekessel;TeileinspeisungEigenverbrauch;Mittelspannung;Mitteldeutsche Netzgesellschaft Strom mbH (SNB916269213931);Nein;
Einzelanlage;SEE942954514045;Merck KGaA;DA_BHKW_01;64293;Darmstadt;Frankfurter Stra?e;250;Hessen;Deutschland;2014;;InBetrieb;Erdgas;ErdgasErdoelgas;Ja;Nein;3,12;3,04;Verbrennungsmotor;TeileinspeisungEigenverbrauch;Mittelspannung;e-netz S?dhessen AG (SNB956958990736);Nein;
Einzelanlage;SEE989834346082;Aluminium Oxid Stade GmbH;KWK GT2;21683;Stade;Johann-Rathje-K?ser-Str.;-;Niedersachsen;Deutschland;2012;;InBetrieb;Erdgas;ErdgasErdoelgas;Ja;Nein;15,5515;15,36;GasturbinenmitAbhitzekessel;TeileinspeisungEigenverbrauch;Hochspannung;Avacon Netz GmbH (SNB990362338043);Nein;
Einzelanlage;SEE991917215321;Rheinkraftwerk Albbruck-Dogern AG;RADAG M3;79774;Albbruck;Kraftwerkstra?e;34;BadenWuerttemberg;Deutschland;1934;;InBetrieb;Wasser;;Nein;Ja;27,94;27,94;Laufwasseranlage;Volleinspeisung;Hochspannung;Amprion GmbH (SNB976890256486);Ja;27,94
Einzelanlage;SEE936761155751;eins energie in sachsen GmbH & Co. KG;Motor-Heizkraftwerk Chemnitz-S?d, Motor 1;09125;Chemnitz;S?dstra?e;1;Sachsen;Deutschland;2022;;InBetrieb;Erdgas;ErdgasErdoelgas;Ja;Nein;12,9;12,7314;Verbrennungsmotor;TeileinspeisungEigenverbrauch;Hochspannung;inetz GmbH (SNB916663914472);Nein;
Einzelanlage;SEE944498947082;Danpower GmbH;BMHKW Biomasseheizkraftwerk Elsterwerda;04910;Elsterwerda;Roland-Schmid-Stra?e;5-7;Brandenburg;Deutschland;2004;;InBetrieb;Biomasse;;Ja;Ja;12,6;11,5;GegendruckmaschinemitEntnahme;TeileinspeisungEigenverbrauch;UmspannungZurMittelspannung;Mitteldeutsche Netzgesellschaft Strom mbH (SNB916269213931);Nein;
Einzelanlage;SEE946312990083;SWK Stadtwerke Kaiserslautern Versorgungs-AG;HKW Karcherstra?e (GT13);67655;Kaiserslautern;Karcherstra?e;28;RheinlandPfalz;Deutschland;2022;;InBetrieb;Erdgas;ErdgasErdoelgas;Ja;Nein;8,88;8,5;GasturbinenmitAbhitzekessel;TeileinspeisungEigenverbrauch;Mittelspannung;SWK Stadtwerke Kaiserslautern Versorgungs-AG (SNB982394830312);Nein;
Einzelanlage;SEE954610139165;Schluchseewerk AG;KW Wehr MS B10;79664;Wehr;Todtmooser Stra?e;150;BadenWuerttemberg;Deutschland;1976;;InBetrieb;Pumpspeicher;;Nein;Nein;227,5;227,5;Pumpspeicher;None;Hoechstspannung;TransnetBW GmbH (SNB984944755380);Nein;
Einzelanlage;SEE955837429145;K+S Minerals and Agriculture GmbH;KW ZI Austausch-Geno;39326;Zielitz;Farsleber Stra?e;1;SachsenAnhalt;Deutschland;1995;;InBetrieb;Erdgas;ErdgasErdoelgas;Ja;Nein;5,25;5,25;GasturbinenmitAbhitzekessel;TeileinspeisungEigenverbrauch;Hochspannung;Avacon Netz GmbH (SNB990362338043);Nein;
Einzelanlage;SEE960352714492;WSW Energie & Wasser AG;GT11;42275;Wuppertal;Am Clef;32;NordrheinWestfalen;Deutschland;2005;;InBetrieb;Erdgas;ErdgasErdoelgas;Ja;Nein;28,5;27,6;GasturbinenmitAbhitzekessel;Volleinspeisung;UmspannungZurMittelspannung;WSW Netz GmbH (SNB914306944756);Nein;
Einzelanlage;SEE965327731764;Pfeifer & Langen GmbH & Co. KG;BHKW J?lich;52428;J?lich;D?rener Str.;20;NordrheinWestfalen;Deutschland;2002;;InBetrieb;Erdgas;ErdgasErdoelgas;Ja;Nein;1,413;1,387;Verbrennungsmotor;TeileinspeisungEigenverbrauch;Mittelspannung;Stadtwerke J?lich GmbH (SNB973672371320);Nein;
Einzelanlage;SEE970313657485;AZV S?dholstein;BHKW 3;25491;Hetlingen;Am Heuhafen;2;SchleswigHolstein;Deutschland;2012;;InBetrieb;Biomasse;;Ja;Ja;1,85;1,027;Verbrennungsmotor;TeileinspeisungEigenverbrauch;Mittelspannung;Schleswig-Holstein Netz GmbH (SNB990857029876);Nein;
Einzelanlage;SEE970656434019;DREWAG - Stadtwerke Dresden GmbH;HKW Dresden - Reick Turbosatz 2;01277;Dresden;Liebst?dter Stra?e;1;Sachsen;Deutschland;2004;;InBetrieb;Erdgas;ErdgasErdoelgas;Ja;Nein;1,999;1,6;GegendruckmaschineohneEntnahme;Volleinspeisung;Mittelspannung;SachsenNetze GmbH (SNB980808485264);Nein;
Einzelanlage;SEE939524649245;K+S Minerals and Agriculture GmbH;ZI Tr GT1;39326;Zielitz;Farsleber Stra?e;1;SachsenAnhalt;Deutschland;2017;;InBetrieb;Erdgas;ErdgasErdoelgas;Ja;Nein;5,597;5,5;GasturbinenmitAbhitzekessel;TeileinspeisungEigenverbrauch;Hochspannung;Avacon Netz GmbH (SNB990362338043);Nein;
Einzelanlage;SEE942982288260;Mark-E Aktiengesellschaft;Cuno Heizkraftwerk Herdecke H6;58313;Herdecke;Wetterstra?e;111;NordrheinWestfalen;Deutschland;2007;;InBetrieb;Erdgas;ErdgasErdoelgas;Nein;Nein;432;417;GasturbinenmitnachgeschalteterDampfturbine;Volleinspeisung;Hochspannung;ENERVIE Vernetzt GmbH (SNB921319639913);Nein;
Einzelanlage;SEE952937205877;Pfeifer & Langen GmbH & Co. KG;K?nnern Generator 2;06420;K?nnern;An den Sieben St?cken;1;SachsenAnhalt;Deutschland;1993;;InBetrieb;Braunkohle;Braunkohlenbriketts;Ja;Nein;20;19,67;GegendruckmaschinemitEntnahme;TeileinspeisungEigenverbrauch;Mittelspannung;Mitteldeutsche Netzgesellschaft Strom mbH (SNB916269213931);Nein;
Einzelanlage;SEE964450365167;Solvay GmbH;Solvay Rb TA9;47495;Rheinberg;Xantener Stra?e;237;NordrheinWestfalen;Deutschland;1976;;InBetrieb;Waerme;Dampf;Ja;Nein;27,2;27,2;GegendruckmaschineohneEntnahme;TeileinspeisungEigenverbrauch;Mittelspannung;Solvay GmbH (SNB960511188218);Nein;
Einzelanlage;SEE972239033510;S?dzucker AG;Dampfturbine II S?dzucker Wabern;34590;Wabern;Homberger Stra?e;1;Hessen;Deutschland;1976;;InBetrieb;Waerme;Dampf;Ja;Nein;4,37;4,1384;GegendruckmaschineohneEntnahme;TeileinspeisungEigenverbrauch;Mittelspannung;EAM Netz GmbH (SNB971311555230);Nein;
Einzelanlage;SEE978319002940;Statkraft Markets GmbH;Laufwasserkraftwerk Schl?sselburg;27337;Blender;Am Wehr;1 ;Niedersachsen;Deutschland;1958;;InBetrieb;Wasser;;Nein;Ja;5,633;5,633;Laufwasseranlage;Volleinspeisung;Hochspannung;Avacon Netz GmbH (SNB990362338043);Nein;
Einzelanlage;SEE981258814888;Raffinerie Heide GmbH;Kraftwerk Raffinerie Heide GmbH;25770;Hemmingstedt;Meldorfer Stra?e;43;SchleswigHolstein;Deutschland;1962;;InBetrieb;Mineraloelprodukte;HeizoelSchwer;Ja;Nein;47,2;45,2;KondensationsmaschinemitEntnahme;TeileinspeisungEigenverbrauch;Mittelspannung;Schleswig-Holstein Netz GmbH (SNB990857029876);Nein;
stillgelegte Anlagen;SEE981924913907;Peissenberger Kraftwerksgesellschaft;GT 3;83734;Hausham;Brentenstra?e;3;Bayern;Deutschland;1982;2024;endg?ltig stillgelegt nach ? 13b EnWG;Mineraloelprodukte;HeizoelLeicht;Nein;Nein;23,2;23,2;GasturbinenohneAbhitzekessel;Volleinspeisung;UmspannungZurMittelspannung;Bayernwerk Netz GmbH (SNB940352624434);Nein;
Einzelanlage;SEE984352856976;BMW AG;Leipzig KWK 1;04349;Leipzig;BMW-Allee;1 ;Sachsen;Deutschland;2009;;InBetrieb;Erdgas;ErdgasErdoelgas;Ja;Nein;3,119;3,119;Verbrennungsmotor;Volleinspeisung;Mittelspannung;Mitteldeutsche Netzgesellschaft Strom mbH (SNB916269213931);Nein;
Einzelanlage;SEE993638387103;EEW Energy from Waste Helmstedt GmbH;NEA EEW Helmstedt;38372;B?ddenstedt;Am Kraftwerk;2;Niedersachsen;Deutschland;2018;;InBetrieb;Mineraloelprodukte;HeizoelLeicht;Nein;Nein;6;5,18;Verbrennungsmotor;TeileinspeisungEigenverbrauch;Niederspannung;Avacon Netz GmbH (SNB990362338043);Nein;
Einzelanlage;SEE995447721338;Uniper Kraftwerke GmbH;Kachlet K7;94034;Passau;Schleusenweg;10;Bayern;Deutschland;1927;;InBetrieb;Wasser;;Nein;Ja;6,7125;6,7125;Laufwasseranlage;Volleinspeisung;Hochspannung;Bayernwerk Netz GmbH (SNB940352624434);Nein;
Einzelanlage;SEE995735564722;VERBUND Innkraftwerke GmbH;Kraftwerk Wasserburg MS3 20 kV;83512;Wasserburg;Innwerkstra?e;15;Bayern;Deutschland;1938;;InBetrieb;Wasser;;Nein;Ja;4,82;4,82;Laufwasseranlage;Volleinspeisung;Hochspannung;Bayernwerk Netz GmbH (SNB940352624434);Nein;
Einzelanlage;SEE996485724770;RWE Generation Hydro GmbH;Koblenz Maschine 2;56073;Koblenz;Pastor-Klein-Stra?e;;RheinlandPfalz;Deutschland;1951;;InBetrieb;Wasser;;Nein;Ja;4;4;Laufwasseranlage;Volleinspeisung;Mittelspannung;Energienetze Mittelrhein GmbH & Co. KG (SNB980055629275);Nein;
Einzelanlage;SEE998383491525;EnBW Energie Baden-W?rttemberg AG;Heizkraftwerk Stuttgart-M?nster DT 12;70376;Stuttgart;Voltastra?e;45;BadenWuerttemberg;Deutschland;1982;;InBetrieb;Erdgas;ErdgasErdoelgas;Ja;Nein;47,2;45;GegendruckmaschinemitEntnahme;TeileinspeisungEigenverbrauch;Hochspannung;Stuttgart Netze GmbH (SNB947592865054);Nein;
Einzelanlage;SEE999705546763;S?dzucker AG;Dampfturbine III S?dzucker Rain;86641;Rain;Donauw?rther Stra?e;50;Bayern;Deutschland;1961;;InBetrieb;Waerme;Dampf;Ja;Nein;11;10,36;GegendruckmaschineohneEntnahme;TeileinspeisungEigenverbrauch;Mittelspannung;LEW Verteilnetz GmbH (SNB911705062982);Nein;
Einzelanlage;SEE947163607823;Gothaer Stadtwerke ENERGIE;HKW West M12 (2024);99867;Gotha;Waltersh?user Stra?e;98 a;Thueringen;Deutschland;2025;;InBetrieb;Erdgas;ErdgasErdoelgas;Ja;Nein;2,3;2,282;Verbrennungsmotor;Volleinspeisung;Mittelspannung;Gothaer Stadtwerke NETZ GmbH (SNB961316124487);Nein;
Einzelanlage;SEE961899492454;Vattenfall Wasserkraft GmbH;PSW Hohenwarte 2 PSS D;07338;Hohenwarte;Pre?witzer Stra?e;25;Thueringen;Deutschland;1966;;InBetrieb;Pumpspeicher;;Nein;Nein;40;39,7;Pumpspeicher;Volleinspeisung;Hoechstspannung;50Hertz Transmission GmbH (SNB982046657236);Nein;
Einzelanlage;SEE996891820448;EGK Entsorgungsgesellschaft Krefeld GmbH & Co. KG;Turbine 3;47829;Krefeld;Parkstra?e;234;NordrheinWestfalen;Deutschland;1978;;InBetrieb;Waerme;Dampf;Ja;Nein;12;8;KondensationsmaschinemitEntnahme;TeileinspeisungEigenverbrauch;Mittelspannung;NGN Netzgesellschaft Niederrhein mbH (SNB911144461377);Nein;
Einzelanlage;SEE998623498277;InfraLeuna GmbH;DT3;06237;Leuna;;;SachsenAnhalt;Deutschland;2022;;InBetrieb;Waerme;Dampf;Ja;Nein;24,4;23,9;GegendruckmaschinemitEntnahme;Volleinspeisung;Mittelspannung;InfraLeuna GmbH (SNB982722829230);Nein;
Einzelanlage;SEE984899087819;VERBUND Innkraftwerke GmbH;Kraftwerk Wasserburg MS5 110 kV;83512;Wasserburg;Innwerkstra?e;15;Bayern;Deutschland;1938;;InBetrieb;Wasser;;Nein;Ja;4,82;4,82;Laufwasseranlage;Volleinspeisung;Hochspannung;Bayernwerk Netz GmbH (SNB940352624434);Nein;
Einzelanlage;SEE986097297199;Qemetica Energy Deutschland;QED_GuD_Sta?furt;39418;Sta?furt;Athenslebener Weg (Sta?furt);57;SachsenAnhalt;Deutschland;1997;;InBetrieb;Erdgas;ErdgasErdoelgas;Ja;Nein;125;100;GasturbinenmitAbhitzekessel;TeileinspeisungEigenverbrauch;Hochspannung;Avacon Netz GmbH (SNB990362338043);Nein;
Einzelanlage;SEE987007882719;Volkswagen AG;GuD West 40 Gasturbine;38440;Wolfsburg;Berliner Ring;2;Niedersachsen;Deutschland;2023;;InBetrieb;Erdgas;ErdgasErdoelgas;Ja;Nein;101;101;GasturbinenmitAbhitzekessel;Volleinspeisung;Hochspannung;VW KRAFTWERK Gesellschaft mit beschr?nkter Haftung (SNB978865527096);Nein;
Einzelanlage;SEE991958709742;Donaukraftwerk Jochenstein AG;Kraftwerk Jochenstein MS5;94107;Untergriesbach;Am Kraftwerk;2;Bayern;Deutschland;1956;;InBetrieb;Wasser;;Nein;Ja;26,4;26,4;Laufwasseranlage;Volleinspeisung;Hoechstspannung;TenneT TSO GmbH (SNB970033313272);Ja;
Einzelanlage;SEE992421348512;?sterreichisch-Bayerische Kraftwerke AG;Kraftwerk Braunau-Simbach MS3;84375;Kirchdorf;Am Kirchdorfer Waldsee;1 ;Bayern;Deutschland;1954;;InBetrieb;Wasser;;Nein;Ja;25,6;25,6;Laufwasseranlage;Volleinspeisung;Hochspannung;Bayernwerk Netz GmbH (SNB940352624434);Ja;
Einzelanlage;SEE989328541450;BEW Berliner Energie und W?rme GmbH;HKW Reuter West Dampfturbine D;13599;Berlin;Gro?er Spreering;5;Berlin;Deutschland;1987;;InBetrieb;Steinkohle;Steinkohlen;Ja;Nein;300;282;KondensationsmaschinemitEntnahme;TeileinspeisungEigenverbrauch;Hoechstspannung;50Hertz Transmission GmbH (SNB982046657236);Nein;
Einzelanlage;SEE991505581654;naturenergie hochrhein AG;KW Rheinfelden Maschine 3;4310;Rheinfelden;Chleigr?t;;;Schweiz;2010;;InBetrieb;Wasser;;Nein;Ja;23,6;22,9;Laufwasseranlage;Volleinspeisung;Hochspannung;naturenergie netze GmbH (SNB945502201350);Ja;22,9
Einzelanlage;SEE993233732025;Innwerk AG;Kraftwerk Egglfing-Obernberg MS2;94072;Bad F?ssing;Am Innwerk;13;Bayern;Deutschland;1946;;InBetrieb;Wasser;;Nein;Ja;13,45;13,45;Laufwasseranlage;Volleinspeisung;Hochspannung;Bayernwerk Netz GmbH (SNB940352624434);Ja;
Einzelanlage;SEE995752550746;BMW AG;Werk 1.5 KWK 2;80937;M?nchen;Knorrstra?e;147;Bayern;Deutschland;2019;;InBetrieb;Erdgas;ErdgasErdoelgas;Ja;Nein;3,431;3,36;Verbrennungsmotor;TeileinspeisungEigenverbrauch;Mittelspannung;SWM Infrastruktur GmbH & Co. KG (SNB969473762610);Nein;
Einzelanlage;SEE996309208363;Haller Mobilit?t und W?rme GmbH;HKW Alfred-Leikam-Stra?e BHKW 2;74523;Schw?bisch Hall;Alfred-Leikam-Stra?e;16;BadenWuerttemberg;Deutschland;2022;;InBetrieb;Erdgas;ErdgasErdoelgas;Ja;Nein;8,1;7,549;Verbrennungsmotor;Volleinspeisung;Mittelspannung;Stadtwerke Schw?bisch Hall GmbH (SNB982660786343);Nein;
Einzelanlage;SEE997248724068;Fresenius Medical Care Deutschland GmbH;Gasturbine 2;66606;St. Wendel;Frankfurter Stra?e;6-8;Saarland;Deutschland;2014;;InBetrieb;Erdgas;ErdgasErdoelgas;Ja;Nein;7,58;7,558;GasturbinenmitAbhitzekessel;TeileinspeisungEigenverbrauch;UmspannungZurMittelspannung;SSW Netz GmbH (SNB989025785690);Nein;
Einzelanlage;SEE998199911088;MIBRAG Kraftwerk Lippendorf GmbH;Kraftwerk Lippendorf Block S;04575;Neukieritzsch;Hauptstra?e;200;Sachsen;Deutschland;1999;;InBetrieb;Braunkohle;Rohbraunkohlen;Ja;Nein;942;891;KondensationsmaschinemitEntnahme;TeileinspeisungEigenverbrauch;Hoechstspannung;50Hertz Transmission GmbH (SNB982046657236);Nein;
Einzelanlage;SEE991050894971;InfraLeuna GmbH;EKT;06237;Leuna;;;SachsenAnhalt;Deutschland;2000;;InBetrieb;Waerme;Dampf;Nein;Nein;14,7;14;KondensationsmaschineohneEntnahme;Volleinspeisung;Mittelspannung;InfraLeuna GmbH (SNB982722829230);Nein;
Einzelanlage;SEE992947793209;Kreis Weseler Abfallgesellschaft mbH & Co.KG;Dampfturbine;47475;Kamp-Lintfort;Graftstra?e;25;NordrheinWestfalen;Deutschland;1997;;InBetrieb;Abfall;AbfallHausmuellSiedlungsabfaelle;Ja;Nein;22;16;KondensationsmaschinemitEntnahme;TeileinspeisungEigenverbrauch;Hochspannung;Westnetz GmbH (SNB921897286493);Nein;
Einzelanlage;SEE994690933222;Charit? ? Universit?tsmedizin Berlin;BHKW_CVK;13353;Berlin;Augustenburger Platz;1;Berlin;Deutschland;2016;;InBetrieb;Erdgas;ErdgasErdoelgas;Ja;Nein;2,679;2,64;Verbrennungsmotor;TeileinspeisungEigenverbrauch;Mittelspannung;Stromnetz Berlin GmbH (SNB979269087643);Nein;
Einzelanlage;SEE995613098226;Solarpark Forsthof GmbH & Co. KG;Speicher Gelpertsricht;92706;Luhe-Wildenau;;;Bayern;Deutschland;2026;;InBetrieb;Batteriespeicher;;Nein;Nein;4;4;Batterie;Volleinspeisung;Mittelspannung;Bayernwerk Netz GmbH (SNB940352624434);Nein;
Einzelanlage;SEE918857857947;Technische Werke Ludwigshafen am Rhein;FHKW GT4;67063;Ludwigshafen;Industriestra?e;3;RheinlandPfalz;Deutschland;1995;;InBetrieb;Erdgas;ErdgasErdoelgas;Ja;Nein;4,8;4,3893;GasturbinenmitAbhitzekessel;TeileinspeisungEigenverbrauch;Mittelspannung;TWL Netze GmbH (SNB935578300972);Nein;
Einzelanlage;SEE922908994215;RWE Generation SE;bnBm GasKW BIB GT9;68647;Biblis;Bei den M?nch?ckern;50;Hessen;Deutschland;2023;;besonderes netztechnisches Betriebsmittel;Erdgas;ErdgasErdoelgas;Nein;Nein;34,8;34,4;GasturbinenohneAbhitzekessel;Volleinspeisung;Hoechstspannung;Amprion GmbH (SNB976890256486);Nein;
Einzelanlage;SEE945038569870;Sappi Ehingen GmbH;Turbinengenerator4-SiemensT5471;89584;Ehingen;Biberacher Stra?e;73;BadenWuerttemberg;Deutschland;1977;;InBetrieb;Erdgas;ErdgasErdoelgas;Ja;Nein;4,725;3,4;GegendruckmaschineohneEntnahme;TeileinspeisungEigenverbrauch;Mittelspannung;Netze BW GmbH (SNB948311994307);Nein;
Einzelanlage;SEE949717053087;naturenergie holding AG;KW Laufenburg Maschine 8;5080;Laufenburg;Baslerstrasse;;;Schweiz;1992;;InBetrieb;Wasser;;Nein;Ja;10,6;10,442;Laufwasseranlage;Volleinspeisung;Hochspannung;naturenergie netze GmbH (SNB945502201350);Ja;10,442
Einzelanlage;SEE953611260939;Stadtwerke Greifswald GmbH;BHKW-Sonnenw?rme;17489;Greifswald;An der Jungfernwiese;8;MecklenburgVorpommern;Deutschland;2022;;InBetrieb;Erdgas;ErdgasErdoelgas;Ja;Nein;4,1803;4,1353;Verbrennungsmotor;Volleinspeisung;Mittelspannung;Stadtwerke Greifswald GmbH (SNB926442995943);Nein;
Einzelanlage;SEE955178360381;BMW AG;KWK 1 Geb?ude 192.0;84130;Dingolfing;Karl-Dompert-Stra?e;7;Bayern;Deutschland;2019;;InBetrieb;Erdgas;ErdgasErdoelgas;Ja;Nein;4,13;4,13;Verbrennungsmotor;TeileinspeisungEigenverbrauch;Hochspannung;Bayernwerk Netz GmbH (SNB940352624434);Nein;
Einzelanlage;SEE959802115149;KG Deutsche Gasrusswerke GmbH u Co;DGW TG 10;44147;Dortmund;Weidenstra?e;70;NordrheinWestfalen;Deutschland;1983;;InBetrieb;Waerme;Dampf;Ja;Nein;9,176;8,359;GegendruckmaschinemitEntnahme;TeileinspeisungEigenverbrauch;Mittelspannung;Dortmunder Netz GmbH (SNB981060961299);Nein;
Einzelanlage;SEE960158091162;AG der Dillinger H?ttenwerke;T3;66763;Dillingen;Werkstra?e;1;Saarland;Deutschland;1971;;InBetrieb;Waerme;Dampf;Nein;Nein;13;9,9;KondensationsmaschineohneEntnahme;TeileinspeisungEigenverbrauch;Mittelspannung, Mittelspannung;VSE Verteilnetz GmbH (SNB941650885558);Nein;
Einzelanlage;SEE961061178896;RWE Generation Hydro GmbH;Koblenz Maschine 4;56073;Koblenz;Pastor-Klein-Stra?e;;RheinlandPfalz;Deutschland;1951;;InBetrieb;Wasser;;Nein;Ja;4;4;Laufwasseranlage;Volleinspeisung;Mittelspannung;Energienetze Mittelrhein GmbH & Co. KG (SNB980055629275);Nein;
Einzelanlage;SEE961245060139;DB Energie GmbH;Saalachkraftwerk D3;83435;Bad Reichenhall;Thumseestra?e;25;Bayern;Deutschland;1914;;InBetrieb;Wasser;;Nein;Ja;1,593;1,593;Laufwasseranlage;TeileinspeisungEigenverbrauch;Mittelspannung, Mittelspannung, Niederspannung;Stadtwerke Bad Reichenhall KU (SNB958672501014);Nein;
Einzelanlage;SEE969213985101;SWK Stadtwerke Kaiserslautern Versorgungs-AG;HKW Karcherstra?e (GT12);67655;Kaiserslautern;Karcherstra?e;28;RheinlandPfalz;Deutschland;2021;;InBetrieb;Erdgas;ErdgasErdoelgas;Ja;Nein;8,88;8,5;GasturbinenmitAbhitzekessel;TeileinspeisungEigenverbrauch;Mittelspannung;SWK Stadtwerke Kaiserslautern Versorgungs-AG (SNB982394830312);Nein;
Einzelanlage;SEE975024902015;Stadtwerke Lemgo GmbH;HKW-West Dampfturbine;32657;Lemgo;Liemer Weg;71;NordrheinWestfalen;Deutschland;1995;;InBetrieb;Waerme;Dampf;Ja;Nein;2,5;2,42;GegendruckmaschineohneEntnahme;Volleinspeisung;Mittelspannung;Stadtwerke Lemgo GmbH (SNB967075358620);Nein;
stillgelegte Anlagen;SEE985331675700;Fernw?rme Ulm GmbH;HKW Magirusstra?e;89077;Ulm;Magirusstra?e;21;BadenWuerttemberg;Deutschland;1992;2024;endg?ltig stillgelegt nach KVBG;Erdgas;ErdgasErdoelgas;Ja;Nein;15,6;12,6;GegendruckmaschinemitEntnahme;TeileinspeisungEigenverbrauch;Mittelspannung;Stadtwerke Ulm/Neu-Ulm Netze GmbH (SNB934068635945);Nein;
Einzelanlage;SEE986418252418;BMW AG;Partition_1;04349;Leipzig;BMW-Allee;1 ;Sachsen;Deutschland;2017;;InBetrieb;Batteriespeicher;;Nein;Nein;3,4;3,4;Batterie;TeileinspeisungEigenverbrauch;Hochspannung;Mitteldeutsche Netzgesellschaft Strom mbH (SNB916269213931);Nein;
Einzelanlage;SEE986959633936;Pfeifer & Langen GmbH & Co. KG;Lage Generator 1;32791;Lage;Heidensche Stra?e;70;NordrheinWestfalen;Deutschland;1981;;InBetrieb;Erdgas;ErdgasErdoelgas;Ja;Nein;9,76;8,882;GegendruckmaschineohneEntnahme;TeileinspeisungEigenverbrauch;Mittelspannung;Westfalen Weser Netz GmbH (SNB929881052512);Nein;
Einzelanlage;SEE987361570932;StWB Stadtwerke Brandenburg an der Havel;HKW BRB;14772;Brandenburg;Upstallstra?e;9;Brandenburg;Deutschland;1997;;InBetrieb;Erdgas;ErdgasErdoelgas;Ja;Nein;36,96;36,8;GasturbinenmitAbhitzekessel;Volleinspeisung;Hochspannung;E.DIS Netz GmbH (SNB941690671609);Nein;
Einzelanlage;SEE990364668339;Vattenfall Wasserkraft GmbH;SKW Hohenwarte 1 Maschine B;07338;Hohenwarte;Ortsstra?e;;Thueringen;Deutschland;1959;;InBetrieb;Wasser;;Nein;Ja;30;29,9;Speicherwasseranlage;Volleinspeisung;Hochspannung;TEN Th?ringer Energienetze GmbH & Co. KG (SNB970821959712);Nein;
Einzelanlage;SEE997713514354;ZAK Energie GmbH;Ofenlinie K1;87437;Kempten;Dieselstra?e;20;Bayern;Deutschland;1995;;InBetrieb;Abfall;AbfallHausmuellSiedlungsabfaelle;Ja;Nein;8;6,2;KondensationsmaschinemitEntnahme;TeileinspeisungEigenverbrauch;Mittelspannung;Allg?uNetz GmbH & Co. KG (SNB926394308747);Nein;
Einzelanlage;SEE968582186379;Lausitz Energie Kraftwerke AG;Boxberg Block R;02943;Boxberg;Am Kraftwerk;1;Sachsen;Deutschland;2012;;InBetrieb;Braunkohle;Rohbraunkohlen;Nein;Nein;666;630;KondensationsmaschinemitEntnahme;TeileinspeisungEigenverbrauch;Hoechstspannung;50Hertz Transmission GmbH (SNB982046657236);Nein;
Einzelanlage;SEE968809418429;Charit? ? Universit?tsmedizin Berlin;BHKW_CVK_2;13353;Berlin;Augustenburger Platz;1;Berlin;Deutschland;2016;;InBetrieb;Erdgas;ErdgasErdoelgas;Ja;Nein;2,679;2,64;Verbrennungsmotor;TeileinspeisungEigenverbrauch;Mittelspannung;Stromnetz Berlin GmbH (SNB979269087643);Nein;
Einzelanlage;SEE971282697380;EnBW Energie Baden-W?rttemberg AG;Heizkraftwerk Altbach/Deizisau Block 4 GT A (solo);73776;Altbach;Industriestra?e;11;BadenWuerttemberg;Deutschland;1971;;InBetrieb;Erdgas;ErdgasErdoelgas;Nein;Nein;50;45;GasturbinenohneAbhitzekessel;TeileinspeisungEigenverbrauch;Hochspannung;Netze BW GmbH (SNB948311994307);Nein;
Einzelanlage;SEE972969049737;K+S Minerals and Agriculture GmbH;KW ZI GT 1;39326;Zielitz;Farsleber Stra?e;1;SachsenAnhalt;Deutschland;1995;;InBetrieb;Erdgas;ErdgasErdoelgas;Ja;Nein;5,07;4,91;GasturbinenmitAbhitzekessel;TeileinspeisungEigenverbrauch;Hochspannung;Avacon Netz GmbH (SNB990362338043);Nein;
Einzelanlage;SEE934727232676;naturenergie hochrhein AG;KW Wyhlen Francis 10;79639;Grenzach-Wyhlen;Am Wasserkraftwerk;;BadenWuerttemberg;Deutschland;1912;;InBetrieb;Wasser;;Nein;Ja;2,184;2,166;Laufwasseranlage;TeileinspeisungEigenverbrauch;Hochspannung;naturenergie netze GmbH (SNB945502201350);Ja;2,166
Einzelanlage;SEE943109996648;BMW AG;BMW Landshut KWK 4;84030;Landshut;Neidenburger Stra?e;13;Bayern;Deutschland;2018;;InBetrieb;Erdgas;ErdgasErdoelgas;Ja;Nein;4,5;4,3;Verbrennungsmotor;TeileinspeisungEigenverbrauch;Mittelspannung;Stadtwerke Landshut (SNB928992067729);Nein;
Einzelanlage;SEE993827105563;Donau-Wasserkraft AG;Bittenbrunn E K1;86633;Neuburg;Kraftwerkstra?e;8;Bayern;Deutschland;1969;;InBetrieb;Wasser;;Nein;Ja;7;6,73;Laufwasseranlage;Volleinspeisung;Hochspannung;DB Energie GmbH (Bahnstromnetz 16,7 Hz) (SNB942182027607);Nein;
Einzelanlage;SEE980327120226;SWM Services GmbH;SWM HKW Sued GuD2 GT61;81371;M?nchen;Sch?ftlarnstra?e;15;Bayern;Deutschland;2021;;InBetrieb;Erdgas;ErdgasErdoelgas;Ja;Nein;146,5;146,3;GasturbinenmitnachgeschalteterDampfturbine;TeileinspeisungEigenverbrauch;Hochspannung;SWM Infrastruktur GmbH & Co. KG (SNB969473762610);Nein;
Einzelanlage;SEE986561991462;Mark-E Aktiengesellschaft;Cuno Heizkraftwerk Herdecke BHKW2;58313;Herdecke;Wetterstra?e;111;NordrheinWestfalen;Deutschland;2005;;InBetrieb;Erdgas;ErdgasErdoelgas;Ja;Nein;1,988;1,95;Sonstige;Volleinspeisung;Mittelspannung;ENERVIE Vernetzt GmbH (SNB921319639913);Nein;
Einzelanlage;SEE989503748513;Stadtwerke D?sseldorf AG;SWD KWL GTE1;40221;D?sseldorf;Auf der Lausward;75;NordrheinWestfalen;Deutschland;1974;;InBetrieb;Erdgas;ErdgasErdoelgas;Nein;Nein;67,5;66,7;GasturbinenohneAbhitzekessel;Volleinspeisung;Hochspannung;Netzgesellschaft D?sseldorf mbH (SNB933956506145);Nein;
Einzelanlage;SEE993412996354;K+S Minerals and Agriculture GmbH;Kraftwerk WI DT3;36266;Heringen;In der Aue;1;Hessen;Deutschland;1967;;InBetrieb;Erdgas;ErdgasErdoelgas;Ja;Nein;12,254;12,07;KondensationsmaschinemitEntnahme;TeileinspeisungEigenverbrauch;Hochspannung;Avacon Netz GmbH (SNB990362338043);Nein;
Einzelanlage;SEE966530598731;Solvay GmbH;Gegendruckdampfturbine Industriekraftwerk;06406;Bernburg;K?thensche Stra?e;1 a;SachsenAnhalt;Deutschland;1994;;InBetrieb;Erdgas;Dampf;Ja;Nein;21,7;21,7;GegendruckmaschinemitEntnahme;TeileinspeisungEigenverbrauch;Hochspannung;Mitteldeutsche Netzgesellschaft Strom mbH (SNB916269213931);Nein;
Einzelanlage;SEE966970929270;RWE Generation Hydro GmbH;Neef Maschine 1;56858;Neef;Moseluferstra?e;;RheinlandPfalz;Deutschland;1966;;InBetrieb;Wasser;;Nein;Ja;4,1;4,1;Laufwasseranlage;Volleinspeisung;Mittelspannung;Westnetz GmbH (SNB921897286493);Nein;
Einzelanlage;SEE967076530902;SMAREG 12 GmbH & Co. KG;SMAREG12 V?hringen I;89269;V?hringen;Memminger Stra?e;;Bayern;Deutschland;2025;;InBetrieb;Batteriespeicher;;Nein;Nein;19,6;19,6;Batterie;Volleinspeisung;Mittelspannung;LEW Verteilnetz GmbH (SNB911705062982);Nein;
Einzelanlage;SEE967464788519;Rh?nEnergie Fulda GmbH;Kraftwerk Fulda Aggregat 4A;36043;Fulda;Frankfurter Stra?e;4;Hessen;Deutschland;2011;;InBetrieb;Mineraloelprodukte;Dieselkraftstoff;Nein;Nein;2,845;2,76;Verbrennungsmotor;Volleinspeisung;Mittelspannung;OsthessenNetz GmbH (SNB934071779865);Nein;
Einzelanlage;SEE967950570895;Papier- u. Kartonfabrik Varel GmbH & Co. KG;PKV Kraftwerk BGM 2;26316;Varel;Dangaster Stra?e;38;Niedersachsen;Deutschland;2006;;InBetrieb;Biomasse;;Ja;Ja;1,124;1;Verbrennungsmotor;Volleinspeisung;Mittelspannung;EWE NETZ GmbH (SNB951051725711);Nein;
Einzelanlage;SEE968613122536;RWE Generation Hydro GmbH;Enkirch Maschine 4;56850;Enkirch;An der B 53;1;RheinlandPfalz;Deutschland;1966;;InBetrieb;Wasser;;Nein;Ja;4,6;4,6;Laufwasseranlage;Volleinspeisung;Mittelspannung;Westnetz GmbH (SNB921897286493);Nein;
Einzelanlage;SEE971818871499;Schluchseewerk AG;KW Witznau MS B4;79777;?hlingen-Birkendorf;Schwarzatalstra?e;5;BadenWuerttemberg;Deutschland;1950;;InBetrieb;Pumpspeicher;;Nein;Nein;55;55;Pumpspeicher;None;Hochspannung;Netze BW GmbH (SNB948311994307);Nein;
Einzelanlage;SEE971932533266;RWE Supply & Trading GmbH;Batteriespeicher Werne;59368;Werne;Hammer Stra?e;2;NordrheinWestfalen;Deutschland;2022;;InBetrieb;Batteriespeicher;;Nein;Nein;72;72;Batterie;Volleinspeisung;Hochspannung;Westnetz GmbH (SNB921897286493);Nein;
Einzelanlage;SEE972049110999;ZF Friedrichshafen AG;ZF-FRD-W04-G32-Pr?fstand-A03;88046;Friedrichshafen;Graf-von-Soden-Platz;1;BadenWuerttemberg;Deutschland;2022;;InBetrieb;Mineraloelprodukte;AndereMineraloelprodukte;Nein;Nein;1,756;1,756;Verbrennungsmotor;TeileinspeisungEigenverbrauch;UmspannungZurMittelspannung;Stadtwerk am See GmbH & Co. KG (SNB993059842564);Nein;
Einzelanlage;SEE939329445868;Stadtwerke Kiel AG;HKWH Gasturbine 8;24116;Kiel;Goethestra?e;14;SchleswigHolstein;Deutschland;2014;;InBetrieb;Erdgas;ErdgasErdoelgas;Ja;Nein;5,427;5,336;GasturbinenmitAbhitzekessel;Volleinspeisung;Mittelspannung;SWKiel Netz GmbH (SNB973742186519);Nein;
Einzelanlage;SEE942253705168;Technische Werke Ludwigshafen am Rhein;FHKW DT 2;67063;Ludwigshafen;Industriestra?e;3;RheinlandPfalz;Deutschland;1989;;InBetrieb;Waerme;Dampf;Ja;Nein;13,2;12,07;GegendruckmaschinemitEntnahme;TeileinspeisungEigenverbrauch;Mittelspannung;TWL Netze GmbH (SNB935578300972);Nein;
Einzelanlage;SEE944044057432;eins energie in sachsen GmbH & Co. KG;Motor-Heizkraftwerk Chemnitz-Nord, Motor 1;09114;Chemnitz;Blankenburgstra?e;2;Sachsen;Deutschland;2023;;InBetrieb;Erdgas;ErdgasErdoelgas;Ja;Nein;12,65;12,538;Verbrennungsmotor;TeileinspeisungEigenverbrauch;Hochspannung;inetz GmbH (SNB916663914472);Nein;
Einzelanlage;SEE947895305424;BEW Berliner Energie und W?rme GmbH;BHKW K?penick Gasturbine 2;12557;Berlin;Wendenschlo?stra?e;180;Berlin;Deutschland;1994;;InBetrieb;Erdgas;ErdgasErdoelgas;Ja;Nein;5,3;5;GasturbinenmitAbhitzekessel;TeileinspeisungEigenverbrauch;Mittelspannung;Stromnetz Berlin GmbH (SNB979269087643);Nein;
Einzelanlage;SEE949085992346;Firma Mercedes-Benz AG Werk 050 HPC NC50 LN-Nr.: 17319765;W050-TS_Mercedes-Benz Werk Sindelfingen HKW Turbine 2;71063;Sindelfingen;Bela-Barenyi-Str.;1;BadenWuerttemberg;Deutschland;1963;;InBetrieb;Erdgas;ErdgasErdoelgas;Ja;Nein;18,116;17,21;KondensationsmaschinemitEntnahme;TeileinspeisungEigenverbrauch;Hochspannung;Netze BW GmbH (SNB948311994307);Nein;
Einzelanlage;SEE950536544908;VERBUND Innkraftwerke GmbH;Kraftwerk Feldkirchen MS1;83543;Rott;Oberw?hrn;100;Bayern;Deutschland;1970;;InBetrieb;Wasser;;Nein;Ja;12,733;12,733;Laufwasseranlage;Volleinspeisung;Hochspannung;Bayernwerk Netz GmbH (SNB940352624434);Nein;
Einzelanlage;SEE960529046555;PCK Raffinerie GmbH;6MKA;16303;Schwedt;Passower Chaussee;111;Brandenburg;Deutschland;1994;;InBetrieb;Mineraloelprodukte;AndereMineraloelprodukte;Nein;Nein;36;34,5;KondensationsmaschineohneEntnahme;TeileinspeisungEigenverbrauch;Hochspannung;E.DIS Netz GmbH (SNB941690671609);Nein;
Einzelanlage;SEE999346426134;Statkraft Markets GmbH;Kraftwerk Landesbergen Dampfturbine;31628;Landesbergen;H?vern;1;Niedersachsen;Deutschland;1973;;vorl?ufig Stillgelegt;Erdgas;ErdgasErdoelgas;Nein;Nein;450;431;GasturbinenmitnachgeschalteterDampfturbine;Volleinspeisung;Hoechstspannung;TenneT TSO GmbH (SNB970033313272);Nein;
Einzelanlage;SEE965029367872;TIWAG-Tiroler Wasserkraft AG;KW Silz - Maschine 2;6424;Silz;Dr. Meinrad Praxmarer Strasse;1;;Oesterreich;1981;;InBetrieb;Pumpspeicher;;Nein;Nein;250;250;Pumpspeicher;Volleinspeisung;Hochspannung;TenneT TSO GmbH (SNB970033313272);Nein;
Einzelanlage;SEE973793127974;ArcelorMittal Bremen GmbH;KW Mittelsb?ren Block 4;28237;Bremen;Auf den Delben;35;Bremen;Deutschland;1975;;InBetrieb;Sonstige Energietraeger (nicht erneuerbar);HochofengasKonvertergas;Ja;Nein;240;160;Dampfmotor;TeileinspeisungEigenverbrauch;Hochspannung;wesernetz Bremen GmbH (SNB942238573102);Nein;
Einzelanlage;SEE975217906967;ADM Hamburg Aktiengesellschaft;GT4;21107;Hamburg;Nippoldstra?e;117;Hamburg;Deutschland;2013;;InBetrieb;Erdgas;ErdgasErdoelgas;Ja;Nein;5,688;5,538;GasturbinenmitAbhitzekessel;TeileinspeisungEigenverbrauch;Mittelspannung;Hamburger Energienetze GmbH (SNB968295079586);Nein;
Einzelanlage;SEE983138549866;ArcelorMittal Eisenh?ttenstadt GmbH;IKW Block 7;15890;Eisenh?ttenstadt;Jugendstra?e;1;Brandenburg;Deutschland;2013;;InBetrieb;Sonstige Energietraeger (nicht erneuerbar);HochofengasKonvertergas;Ja;Nein;56;53,9;KondensationsmaschinemitEntnahme;TeileinspeisungEigenverbrauch;Hochspannung;E.DIS Netz GmbH (SNB941690671609);Nein;
Einzelanlage;SEE931497805147;RWE Generation SE;bnBm GasKW BIB GT10;68647;Biblis;Bei den M?nch?ckern;50;Hessen;Deutschland;2023;;besonderes netztechnisches Betriebsmittel;Erdgas;ErdgasErdoelgas;Nein;Nein;34,8;34,4;GasturbinenohneAbhitzekessel;Volleinspeisung;Hoechstspannung;Amprion GmbH (SNB976890256486);Nein;
Einzelanlage;SEE934879768511;Schw?rerHaus KG;Linie 2 (Kessel 6_Turbine 2)_Komplex 04-01/04;72531;Hohenstein;Hans-Schw?rer-Stra?e;8;BadenWuerttemberg;Deutschland;2001;;InBetrieb;Biomasse;;Ja;Ja;5,77;5,24;KondensationsmaschinemitEntnahme;Volleinspeisung;UmspannungZurMittelspannung;Netze BW GmbH (SNB948311994307);Nein;
Einzelanlage;SEE935560628848;Rhein-Main-Donau GmbH;Straubing K1;94315;Straubing;Kagerser Hauptstra?e;164;Bayern;Deutschland;1994;;InBetrieb;Wasser;;Nein;Ja;7,1667;7,1667;Laufwasseranlage;Volleinspeisung;Mittelspannung;Bayernwerk Netz GmbH (SNB940352624434);Nein;
Einzelanlage;SEE940303116315;EEW Energy from Waste Premnitz GmbH;Turbosatz 5;14727;Premnitz;Dr.-Herbert-Rein-Stra?e;1;Brandenburg;Deutschland;2021;;InBetrieb;Abfall;AbfallHausmuellSiedlungsabfaelle;Ja;Nein;32,32;32,32;KondensationsmaschinemitEntnahme;TeileinspeisungEigenverbrauch;Mittelspannung;E.DIS Netz GmbH (SNB941690671609);Nein;
Einzelanlage;SEE940791401320;Untere Iller GmbH;Au F1;89257;Illertissen;Franz-Eugen-Huber-Stra?e;90;Bayern;Deutschland;1931;;InBetrieb;Wasser;;Nein;Ja;4;4;Laufwasseranlage;Volleinspeisung;Hochspannung;LEW Verteilnetz GmbH (SNB911705062982);Nein;
Einzelanlage;SEE940802366570;Vattenfall Wasserkraft GmbH;PSW Markersbach PSS C;08352;Raschau-Markersbach;Oberbeckenstra?e;8;Sachsen;Deutschland;1980;;InBetrieb;Pumpspeicher;;Nein;Nein;175;174,2;Pumpspeicher;Volleinspeisung;Hoechstspannung;50Hertz Transmission GmbH (SNB982046657236);Nein;
Einzelanlage;SEE983959934148;enercity AG;HKW Linden DT;30449;Hannover;Spinnereistra?e;9;Niedersachsen;Deutschland;1996;;InBetrieb;Erdgas;ErdgasErdoelgas;Ja;Nein;79,4;78;GasturbinenmitAbhitzekessel;TeileinspeisungEigenverbrauch;Hochspannung;enercity Netz GmbH (SNB971746988153);Nein;
Einzelanlage;SEE963787688062;Uniper Kraftwerke GmbH;Kachlet K2;94034;Passau;Schleusenweg;10;Bayern;Deutschland;1927;;InBetrieb;Wasser;;Nein;Ja;6,7125;6,7125;Laufwasseranlage;Volleinspeisung;Hochspannung;Bayernwerk Netz GmbH (SNB940352624434);Nein;
Einzelanlage;SEE964935453853;Neubrandenburger Stadtwerke GmbH;DT;17034;Neubrandenburg;Warliner Stra?e;22;MecklenburgVorpommern;Deutschland;1997;;InBetrieb;Erdgas;ErdgasErdoelgas;Ja;Nein;27,5;26,459;Dampfmotor;Volleinspeisung;Mittelspannung;Neubrandenburger Stadtwerke GmbH (SNB939624707241);Nein;
Einzelanlage;SEE969004747543;TEAG Th?ringer Energie AG;Gasmotor 4 Jena;07745;Jena;Rudolst?dter Stra?e;41;Thueringen;Deutschland;2022;;InBetrieb;Erdgas;ErdgasErdoelgas;Ja;Nein;12,616;12,175;Verbrennungsmotor;Volleinspeisung;UmspannungZurMittelspannung;TEN Th?ringer Energienetze GmbH & Co. KG (SNB970821959712);Nein;
Einzelanlage;SEE972612434835;S?dzucker AG;Dampfturbine V S?dzucker Zeitz;06712;Zeitz;Albrechtstra?e;54;SachsenAnhalt;Deutschland;2016;;InBetrieb;Waerme;Dampf;Ja;Nein;5,804;5,641;GegendruckmaschineohneEntnahme;TeileinspeisungEigenverbrauch;UmspannungZurMittelspannung;Mitteldeutsche Netzgesellschaft Strom mbH (SNB916269213931);Nein;
Einzelanlage;SEE965350369514;thyssenkrupp Steel Europe AG;ET HO 1;47166;Duisburg;Kaiser-Wilhelm-Str.;100;NordrheinWestfalen;Deutschland;1982;;InBetrieb;Sonstige Energietraeger (nicht erneuerbar);;Nein;Nein;16;16;Sonstige;TeileinspeisungEigenverbrauch;Mittelspannung;Amprion GmbH (SNB976890256486);Nein;
Einzelanlage;SEE973513212348;?sterreichisch-Bayerische Kraftwerke AG;Kraftwerk Passau-Ingling MS2;94036;Passau;Innstra?e;121;Bayern;Deutschland;1965;;InBetrieb;Wasser;;Nein;Ja;21,6;21,6;Laufwasseranlage;Volleinspeisung;Hochspannung;Bayernwerk Netz GmbH (SNB940352624434);Ja;
Einzelanlage;SEE976945777003;Pfleiderer Baruth GmbH;KWK Baruth;15837;Baruth;An der Birkenpfuhlheide;4;Brandenburg;Deutschland;2002;;InBetrieb;Biomasse;;Ja;Ja;10,205;9,7;GegendruckmaschinemitEntnahme;Volleinspeisung;UmspannungZurMittelspannung;E.DIS Netz GmbH (SNB941690671609);Nein;
Einzelanlage;SEE981876305560;MVV Umwelt Asset GmbH;TREA Leuna 1;06237;Leuna;An der B 91;Tor 12;SachsenAnhalt;Deutschland;2005;;InBetrieb;Abfall;AbfallHausmuellSiedlungsabfaelle;Nein;Nein;18,545;16,245;KondensationsmaschineohneEntnahme;TeileinspeisungEigenverbrauch;Mittelspannung;InfraLeuna GmbH (SNB982722829230);Nein;
stillgelegte Anlagen;SEE992623649677;Delkeskamp Verpackungswerke GmbH;KWK-Anlage Gasturbine 4;49638;Nortrup;Hauptstra?e;15;Niedersachsen;Deutschland;2009;2022;endg?ltig stillgelegt ohne ? 13b EnWG oder KVBG;Erdgas;ErdgasErdoelgas;Ja;Nein;4,36;4,229;GasturbinenmitAbhitzekessel;TeileinspeisungEigenverbrauch;UmspannungZurMittelspannung;Westnetz GmbH (SNB921897286493);Nein;
Einzelanlage;SEE993205796611;BEH Bioenergie Hannover GmbH;Biomethan BHKW Hannover Herrenhausen, Motor 4;30419;Hannover;Leinh?user Weg;5;Niedersachsen;Deutschland;2024;;InBetrieb;Biomasse;;Ja;Ja;4,5;4,5;Verbrennungsmotor;Volleinspeisung;Mittelspannung;enercity Netz GmbH (SNB971746988153);Nein;
Einzelanlage;SEE993583711350;Emschergenossenschaft;Erdgas BHKW KLA Bottrop Ag. 4;46238;Bottrop;In der Welheimer Mark;190;NordrheinWestfalen;Deutschland;2021;;InBetrieb;Erdgas;ErdgasErdoelgas;Ja;Nein;2,676;2,676;Verbrennungsmotor;TeileinspeisungEigenverbrauch;UmspannungZurMittelspannung;Westnetz GmbH (SNB921897286493);Nein;
Einzelanlage;SEE996720450723;SWM Services GmbH;SWM HKW Sued GuD2 DT60;81371;M?nchen;Sch?ftlarnstra?e;15;Bayern;Deutschland;2004;;InBetrieb;Erdgas;ErdgasErdoelgas;Ja;Nein;131,585;127,6;GegendruckmaschinemitEntnahme;TeileinspeisungEigenverbrauch;Hochspannung;SWM Infrastruktur GmbH & Co. KG (SNB969473762610);Nein;
Einzelanlage;SEE925623713673;Flughafen M?nchen GmbH;BHKW 2 - GOM 4;85356;M?nchen-Flughafen;Nordallee;18;Bayern;Deutschland;2014;;InBetrieb;Erdgas;ErdgasErdoelgas;Ja;Nein;4,3;4,207;Verbrennungsmotor;TeileinspeisungEigenverbrauch;Mittelspannung;Flughafen M?nchen GmbH (SNB919526009605);Nein;
Einzelanlage;SEE928580946900;Konsortium Energieversorgung Opel beschr?nkt haftende oHG;GuD-Heizkraftwerk M120;65428;R?sselsheim;Mainzer Stra?e;;Hessen;Deutschland;1999;;InBetrieb;Erdgas;ErdgasErdoelgas;Ja;Nein;104,5;103;GasturbinenmitnachgeschalteterDampfturbine;Volleinspeisung;Hochspannung;Syna Hochspannungsnetz GmbH & Co. KG (SNB980986433484);Nein;
Einzelanlage;SEE939026884250;Vattenfall Wasserkraft GmbH;PSW Markersbach PSS A;08352;Raschau-Markersbach;Oberbeckenstra?e;8;Sachsen;Deutschland;1979;;InBetrieb;Pumpspeicher;;Nein;Nein;175;174,2;Pumpspeicher;Volleinspeisung;Hoechstspannung;50Hertz Transmission GmbH (SNB982046657236);Nein;
Einzelanlage;SEE999306148830;J. M. Voith SE & Co. KG;HDH_004_Industrieheizkraftwerk-Heidenheim_GM3;89522;Heidenheim;Alexanderstra?e;8;BadenWuerttemberg;Deutschland;2014;;InBetrieb;Erdgas;ErdgasErdoelgas;Ja;Nein;4,401;4,225;Verbrennungsmotor;TeileinspeisungEigenverbrauch;Mittelspannung;Hellenstein-Energie-Logistik GmbH (SNB924453035597);Nein;
Einzelanlage;SEE929069715185;Mark-E Aktiengesellschaft;Biomasse-Verstromungs-Anlage;58099;Hagen;Hohensyburgstra?e;67;NordrheinWestfalen;Deutschland;2004;;InBetrieb;Biomasse;;Ja;Ja;20;18;GegendruckmaschinemitEntnahme;Volleinspeisung;Hochspannung;ENERVIE Vernetzt GmbH (SNB921319639913);Nein;
Einzelanlage;SEE929083016459;BEW Berliner Energie und W?rme GmbH;BHKW K?penick Gasturbine 1;12557;Berlin;Wendenschlo?stra?e;180;Berlin;Deutschland;1994;;InBetrieb;Erdgas;ErdgasErdoelgas;Ja;Nein;5,3;5;GasturbinenmitAbhitzekessel;TeileinspeisungEigenverbrauch;Mittelspannung;Stromnetz Berlin GmbH (SNB979269087643);Nein;
Einzelanlage;SEE933649593711;Untere Iller GmbH;Au F2;89257;Illertissen;Franz-Eugen-Huber-Stra?e;90;Bayern;Deutschland;1931;;InBetrieb;Wasser;;Nein;Ja;4;4;Laufwasseranlage;Volleinspeisung;Hochspannung;LEW Verteilnetz GmbH (SNB911705062982);Nein;
Einzelanlage;SEE982556430190;TotalEnergies Raffinerie Mitteldeutschland GmbH;Raffineriekraftwerk Leuna HDT;06237;Leuna;Am Haupttor;3691;SachsenAnhalt;Deutschland;1997;;InBetrieb;Mineraloelprodukte;AndereMineraloelprodukte;Ja;Nein;33,6;29,3;GegendruckmaschineohneEntnahme;TeileinspeisungEigenverbrauch;Hochspannung;InfraLeuna GmbH (SNB982722829230);Nein;
Einzelanlage;SEE982806373970;VERBUND Energy4Business Germany GmbH;Batterie Eisenach;99817;Eisenach;;;Thueringen;Deutschland;2022;;InBetrieb;Batteriespeicher;;Nein;Nein;10,35;10,35;Batterie;Volleinspeisung;Mittelspannung;TEN Th?ringer Energienetze GmbH & Co. KG (SNB970821959712);Nein;
Einzelanlage;SEE990065849372;Zweckverband Abfallwirtschaft Raum W?rzburg;TS I;97076;W?rzburg;Gattingerstra?e;31;Bayern;Deutschland;1984;;InBetrieb;Abfall;AbfallHausmuellSiedlungsabfaelle;Ja;Nein;11,5;8,7;KondensationsmaschinemitEntnahme;TeileinspeisungEigenverbrauch;Mittelspannung;Mainfranken Netze GmbH (SNB915316807789);Nein;
Einzelanlage;SEE990523934756;Shell Deutschland GmbH;Shell Energy and Chemicals Park, Kraftwerk Wesseling, Turbine 1;50389;Wesseling;Ludwigshafener Str.;1;NordrheinWestfalen;Deutschland;1993;;InBetrieb;Mineraloelprodukte;HeizoelSchwer;Ja;Nein;35;35;KondensationsmaschinemitEntnahme;TeileinspeisungEigenverbrauch;UmspannungZurMittelspannung;Westnetz GmbH (SNB921897286493);Nein;
Einzelanlage;SEE999239610039;trlyr 8 GmbH & Co. KG;trlyr 8;49429;Visbek;W?stend?llen;129;Niedersachsen;Deutschland;2026;;InBetrieb;Batteriespeicher;;Nein;Nein;20,19;20,19;Batterie;Volleinspeisung;Mittelspannung;EWE NETZ GmbH (SNB951051725711);Nein;
Einzelanlage;SEE945148512650;Vattenfall Wasserkraft GmbH;PSW Goldisthal PSS A;98746;Goldisthal;Am Rotseifenbach;;Thueringen;Deutschland;2004;;InBetrieb;Pumpspeicher;;Nein;Nein;265;263;Pumpspeicher;Volleinspeisung;Hoechstspannung;50Hertz Transmission GmbH (SNB982046657236);Nein;
Einzelanlage;SEE955085348786;GLOBALFOUNDRIES Dresden Module One LLC & Co. KG;Gasmotoren-Blockheizkraftwerk II (Generator 9);01468;Moritzburg;Ringstra?e;3;Sachsen;Deutschland;2004;;InBetrieb;Erdgas;ErdgasErdoelgas;Ja;Nein;3,832;3,772;Verbrennungsmotor;TeileinspeisungEigenverbrauch;Mittelspannung;SachsenNetze GmbH (SNB980808485264);Nein;
Einzelanlage;SEE964041814975;Kraftwerk Eberswalde GmbH (HoKaWe);Kraftwerk Eberswalde GmbH (HoKaWe);16225;Eberswalde;Angerm?nder Stra?e;68;Brandenburg;Deutschland;2006;;InBetrieb;Biomasse;;Ja;Ja;20;20;KondensationsmaschinemitEntnahme;TeileinspeisungEigenverbrauch;UmspannungZurMittelspannung;E.DIS Netz GmbH (SNB941690671609);Nein;
Einzelanlage;SEE966089822219;Kraftwerke Mainz-Wiesbaden AG;BHKW KW5 58;55120;Mainz;Kraftwerkallee;1;RheinlandPfalz;Deutschland;2020;;InBetrieb;Erdgas;ErdgasErdoelgas;Ja;Nein;10,02;9,93;Verbrennungsmotor;TeileinspeisungEigenverbrauch;Hochspannung;Mainzer Netze GmbH (SNB959523885956);Nein;
Einzelanlage;SEE960934136643;RWE Generation SE;bnBm GasKW BIB GT2;68647;Biblis;Bei den M?nch?ckern;50;Hessen;Deutschland;2023;;besonderes netztechnisches Betriebsmittel;Erdgas;ErdgasErdoelgas;Nein;Nein;34,8;34,4;GasturbinenohneAbhitzekessel;Volleinspeisung;Hoechstspannung;Amprion GmbH (SNB976890256486);Nein;
Einzelanlage;SEE941420464426;RWE Generation Hydro GmbH;Zeltingen Maschine 3;54492;Zeltingen-Rachtig;Uferallee;1;RheinlandPfalz;Deutschland;1964;;InBetrieb;Wasser;;Nein;Ja;3,4;3,4;Laufwasseranlage;Volleinspeisung;Mittelspannung;Westnetz GmbH (SNB921897286493);Nein;
Einzelanlage;SEE942956157011;AVG Abfallentsorgungs- und Verwertungsgesellschaft K?ln mbH;Turbosatz 2;50735;K?ln;Geestem?nder Str.;23;NordrheinWestfalen;Deutschland;2017;;InBetrieb;Abfall;None;Nein;Nein;31,76;18;KondensationsmaschineohneEntnahme;TeileinspeisungEigenverbrauch;Niederspannung;RheinNetz GmbH (SNB924477581384);Nein;
Einzelanlage;SEE945462188876;Currenta GmbH & Co. OHG;LEV KWG G19;51373;Leverkusen;Kaiser-Wilhelm-Allee;80;NordrheinWestfalen;Deutschland;1971;;InBetrieb;Erdgas;ErdgasErdoelgas;Ja;Nein;29;27,47;GegendruckmaschineohneEntnahme;TeileinspeisungEigenverbrauch;UmspannungZurMittelspannung;NETCUR GmbH (SNB974711150357);Nein;
Einzelanlage;SEE945785612836;Stadtwerke M?nchen GmbH;SWM Uppenborn 1 Gen4;85368;Wang;Werkstra?e;25;Bayern;Deutschland;1930;;InBetrieb;Wasser;;Nein;Ja;1,1;1,1;Laufwasseranlage;TeileinspeisungEigenverbrauch;Hochspannung;SWM Infrastruktur GmbH & Co. KG (SNB969473762610);Nein;
Einzelanlage;SEE948865320546;Uniper Kraftwerke GmbH;Pfrombach D F1;85368;Moosburg;Am Kraftwerk;1;Bayern;Deutschland;1929;;InBetrieb;Wasser;;Nein;Ja;4,38;4,38;Laufwasseranlage;Volleinspeisung;Hochspannung;Bayernwerk Netz GmbH (SNB940352624434);Nein;
Einzelanlage;SEE950593842498;Remondis Thermische Abfallverwertung GmbH;Remondis Thermische Abfallverwertung GmbH;39418;Sta?furt;Butterwecker Weg;6;SachsenAnhalt;Deutschland;2007;;InBetrieb;Abfall;AbfallHausmuellSiedlungsabfaelle;Ja;Nein;27;24;KondensationsmaschinemitEntnahme;Volleinspeisung;Hochspannung;Avacon Netz GmbH (SNB990362338043);Nein;
Einzelanlage;SEE987512757786;ArcelorMittal Eisenh?ttenstadt GmbH;IKW Block 8;15890;Eisenh?ttenstadt;Jugendstra?e;1;Brandenburg;Deutschland;1954;;InBetrieb;Erdgas;ErdgasErdoelgas;Ja;Nein;89,717;88,11;GasturbinenmitnachgeschalteterDampfturbine;TeileinspeisungEigenverbrauch;Hochspannung;E.DIS Netz GmbH (SNB941690671609);Nein;
Einzelanlage;SEE987729168146;Ferrero OHG mbH;KWK 1 - Kesselhaus;35260;Stadtallendorf;Michele-Ferrero-Stra?e;1;Hessen;Deutschland;2007;;InBetrieb;Erdgas;ErdgasErdoelgas;Ja;Nein;5,3;5;GasturbinenmitAbhitzekessel;TeileinspeisungEigenverbrauch;UmspannungZurMittelspannung;EAM Netz GmbH (SNB971311555230);Nein;
Einzelanlage;SEE971304457053;Erlanger Stadtwerke AG;HKW -  K6 DT2;91052;Erlangen;?u?ere Brucker Stra?e;33;Bayern;Deutschland;2022;;InBetrieb;Erdgas;ErdgasErdoelgas;Ja;Nein;17,028;16,317;KondensationsmaschinemitEntnahme;Volleinspeisung;Mittelspannung;Erlanger Stadtwerke AG (SNB967982606159);Nein;
Einzelanlage;SEE987113516188;Stadtwerke Duisburg AG;Mitte BHKW 2 Modul 1;47053;Duisburg;Bungertstr.;27;NordrheinWestfalen;Deutschland;2023;;InBetrieb;Erdgas;ErdgasErdoelgas;Ja;Nein;4,5;4,472;Verbrennungsmotor;Volleinspeisung;Hochspannung;Netze Duisburg GmbH (SNB916123648602);Nein;
Einzelanlage;SEE984453739475;EnBW Energie Baden-W?rttemberg AG;WKW Rudolf-Fettweis-Werk PSW Schwarzenbach M7;76596;Forbach;Werkstra?e;5;BadenWuerttemberg;Deutschland;1926;;InBetrieb;Wasser;;Nein;Ja;21,5;21,5;Speicherwasseranlage;TeileinspeisungEigenverbrauch;Hochspannung;Netze BW GmbH (SNB948311994307);Nein;
Einzelanlage;SEE988178455061;Solvay GmbH;Gasturbine 02 Industriekraftwerk;06406;Bernburg;K?thensche Stra?e;1A;SachsenAnhalt;Deutschland;2020;;InBetrieb;Erdgas;ErdgasErdoelgas;Ja;Nein;63,5;63,5;GasturbinenmitnachgeschalteterDampfturbine;TeileinspeisungEigenverbrauch;Hochspannung;Mitteldeutsche Netzgesellschaft Strom mbH (SNB916269213931);Nein;
Einzelanlage;SEE994929345864;S?dzucker AG;Dampfturbine II S?dzucker Rain;86641;Rain;Donauw?rther Stra?e;50;Bayern;Deutschland;1957;;InBetrieb;Waerme;Dampf;Ja;Nein;4,9;4,615;GegendruckmaschineohneEntnahme;TeileinspeisungEigenverbrauch;Mittelspannung;LEW Verteilnetz GmbH (SNB911705062982);Nein;
Einzelanlage;SEE997020557907;KG Deutsche Gasrusswerke GmbH u Co;DGW TG 15;44147;Dortmund;Weidenstra?e;70;NordrheinWestfalen;Deutschland;1989;;InBetrieb;Waerme;Dampf;Ja;Nein;18,24;16,616;GegendruckmaschinemitEntnahme;TeileinspeisungEigenverbrauch;Mittelspannung;Dortmunder Netz GmbH (SNB981060961299);Nein;
Einzelanlage;SEE999258963376;Stadtwerke Greifswald GmbH;BHKW Boddenluft;17489;Greifswald;An der Jungfernwiese;8;MecklenburgVorpommern;Deutschland;2023;;InBetrieb;Erdgas;ErdgasErdoelgas;Ja;Nein;4,55;4,5;Verbrennungsmotor;Volleinspeisung;Mittelspannung;Stadtwerke Greifswald GmbH (SNB926442995943);Nein;
Einzelanlage;SEE981133916751;Smurfit Westrock Wrexen Paper & Board GmbH;GT-Anlage2;34474;Diemelstadt;Orpethaler Stra?e;50;Hessen;Deutschland;2024;;InBetrieb;Erdgas;ErdgasErdoelgas;Ja;Nein;7,85;7,8015;GasturbinenmitAbhitzekessel;Volleinspeisung;UmspannungZurMittelspannung;Energie Waldeck-Frankenberg GmbH (SNB936172924014);Nein;
Einzelanlage;SEE982138852266;Stadtwerke Greifswald GmbH;BHKW-S?d;17489;Greifswald;An der Jungfernwiese;8;MecklenburgVorpommern;Deutschland;2020;;InBetrieb;Erdgas;ErdgasErdoelgas;Ja;Nein;4,196;4,162;Verbrennungsmotor;Volleinspeisung;Mittelspannung;Stadtwerke Greifswald GmbH (SNB926442995943);Nein;
Einzelanlage;SEE982484501641;VERBUND Innkraftwerke GmbH;Kraftwerk Wasserburg MS3 110 kV;83512;Wasserburg;Innwerkstra?e;15;Bayern;Deutschland;1938;;InBetrieb;Wasser;;Nein;Ja;4,82;4,82;Laufwasseranlage;Volleinspeisung;Hochspannung;Bayernwerk Netz GmbH (SNB940352624434);Nein;
Einzelanlage;SEE988848971327;BEW Berliner Energie und W?rme GmbH;HKW Reuter, Dampfturbine M;13599;Berlin;Otternbuchtstra?e;11;Berlin;Deutschland;1998;;InBetrieb;Waerme;Dampf;Ja;Nein;36,36;36;GegendruckmaschinemitEntnahme;TeileinspeisungEigenverbrauch;Hochspannung;Stromnetz Berlin GmbH (SNB979269087643);Nein;
Einzelanlage;SEE991087959599;TEAG Th?ringer Energie AG;Dampfturbine 1 Jena;07745;Jena;Rudolst?dter Stra?e;41;Thueringen;Deutschland;1996;;InBetrieb;Erdgas;ErdgasErdoelgas;Ja;Nein;26;25;GegendruckmaschinemitEntnahme;Volleinspeisung;UmspannungZurMittelspannung;TEN Th?ringer Energienetze GmbH & Co. KG (SNB970821959712);Nein;
Einzelanlage;SEE994538470544;TEAG Th?ringer Energie AG;Gasturbine 2 Jena;07745;Jena;Rudolst?dter Stra?e;41;Thueringen;Deutschland;1996;;InBetrieb;Erdgas;ErdgasErdoelgas;Ja;Nein;40;39;GasturbinenmitAbhitzekessel;Volleinspeisung;UmspannungZurMittelspannung;TEN Th?ringer Energienetze GmbH & Co. KG (SNB970821959712);Nein;
Einzelanlage;SEE971244426065;MVA Bielefeld-Herford GmbH;Turbine 1;33609;Bielefeld;Schelpmilser Weg;30;NordrheinWestfalen;Deutschland;2008;;InBetrieb;Biomasse;;Ja;Ja;39,47;34;KondensationsmaschinemitEntnahme;TeileinspeisungEigenverbrauch;Hochspannung;Bielefelder Netz GmbH (SNB918516395612);Nein;
Einzelanlage;SEE997354262225;Biomethan Produktion Ottersberg GmbH;Motor 4;28870;Ottersberg;Am Damm;26;Niedersachsen;Deutschland;2007;;InBetrieb;Biomasse;;Ja;Ja;1,048;1,048;Verbrennungsmotor;Volleinspeisung;Mittelspannung;EWE NETZ GmbH (SNB951051725711);Nein;
Einzelanlage;SEE999819576335;M?llheizkraftwerk Rothensee GmbH;Block 2;39126;Magdeburg;Kraftwerk-Privatweg;7;SachsenAnhalt;Deutschland;2006;;InBetrieb;Abfall;AbfallHausmuellSiedlungsabfaelle;Ja;Nein;33,6;33,6;GegendruckmaschinemitEntnahme;Volleinspeisung;Mittelspannung;Netze Magdeburg GmbH (SNB933459598975);Nein;
Einzelanlage;SEE982064123652;naturenergie hochrhein AG;KW Wyhlen Straflo 04;79639;Grenzach-Wyhlen;Am Wasserkraftwerk;;BadenWuerttemberg;Deutschland;1993;;InBetrieb;Wasser;;Nein;Ja;4,6;4,5;Laufwasseranlage;TeileinspeisungEigenverbrauch;Hochspannung;naturenergie netze GmbH (SNB945502201350);Ja;4,5
Einzelanlage;SEE987709592503;thyssenkrupp Steel Europe AG;ET HO 2;47166;Duisburg;Kaiser-Wilhelm-Str.;100;NordrheinWestfalen;Deutschland;1993;;InBetrieb;Sonstige Energietraeger (nicht erneuerbar);;Nein;Nein;18;18;Sonstige;TeileinspeisungEigenverbrauch;Mittelspannung;Amprion GmbH (SNB976890256486);Nein;
Einzelanlage;SEE991220769276;RWE Generation SE;Dormagen DT;41540;Dormagen;Alte Heerstra?e;1;NordrheinWestfalen;Deutschland;2000;;InBetrieb;Erdgas;None;Ja;Nein;194;194;KondensationsmaschinemitEntnahme;TeileinspeisungEigenverbrauch;Hochspannung;Westnetz GmbH (SNB921897286493);Nein;
Einzelanlage;SEE992213654456;H?ttenwerke Krupp Mannesmann GmbH;Huckingen B;47259;Duisburg;Ehinger Str.;200;NordrheinWestfalen;Deutschland;1976;;InBetrieb;Sonstige Energietraeger (nicht erneuerbar);HochofengasKonvertergas;Ja;Nein;320;303;KondensationsmaschinemitEntnahme;Volleinspeisung;Hochspannung;Amprion GmbH (SNB976890256486);Nein;
Einzelanlage;SEE967332608451;Schw?rerHaus KG;BESS - Batteriespeicher Schw?rerHaus KG;72531;Hohenstein;Hans-Schw?rer-Stra?e;8;BadenWuerttemberg;Deutschland;2024;;InBetrieb;Batteriespeicher;;Nein;Nein;3,78;3,78;Batterie;Volleinspeisung;UmspannungZurMittelspannung;Netze BW GmbH (SNB948311994307);Nein;
Einzelanlage;SEE967700439199;BESS Quedlinburg GmbH & Co. KG;BESS Quedlinburg;06485;Quedlinburg;Auf den Steinen;;SachsenAnhalt;Deutschland;2025;;InBetrieb;Batteriespeicher;;Nein;Nein;13,8;13,8;Batterie;Volleinspeisung;Mittelspannung;Mitteldeutsche Netzgesellschaft Strom mbH (SNB916269213931);Nein;
Einzelanlage;SEE969670581717;Kraftwerke Mainz-Wiesbaden AG;KW2 DT27;55120;Mainz;Kraftwerkallee;1;RheinlandPfalz;Deutschland;1977;;Netzreserve aufgrund ? 13b EnWG;Erdgas;ErdgasErdoelgas;Ja;Nein;270;250;KondensationsmaschinemitEntnahme;TeileinspeisungEigenverbrauch;Hochspannung;Mainzer Netze GmbH (SNB959523885956);Nein;
Einzelanlage;SEE975815924073;Caterpillar Energy Solutions;P37;68167;Mannheim;Carl-Benz-Stra?e;1;BadenWuerttemberg;Deutschland;1994;;InBetrieb;Erdgas;ErdgasErdoelgas;Nein;Nein;4,5;4,5;Verbrennungsmotor;TeileinspeisungEigenverbrauch;Mittelspannung;MVV Netze GmbH (SNB985472799266);Nein;
Einzelanlage;SEE976193474983;Currenta GmbH & Co. OHG;LEV KWG G21;51373;Leverkusen;Kaiser-Wilhelm-Allee;80;NordrheinWestfalen;Deutschland;1989;;InBetrieb;Steinkohle;Steinkohlen;Ja;Nein;13,4;12,671;GegendruckmaschineohneEntnahme;TeileinspeisungEigenverbrauch;UmspannungZurMittelspannung;NETCUR GmbH (SNB974711150357);Nein;
Einzelanlage;SEE976995281321;Rh?nEnergie Fulda GmbH;Kraftwerk Fulda Aggregat 3A;36043;Fulda;Frankfurter Stra?e;4;Hessen;Deutschland;2010;;InBetrieb;Mineraloelprodukte;Dieselkraftstoff;Nein;Nein;2,845;2,76;Verbrennungsmotor;Volleinspeisung;Mittelspannung;OsthessenNetz GmbH (SNB934071779865);Nein;
Einzelanlage;SEE939643489500;Biomasse Heizkraftwerk Siegerland GmbH & Co. KG;Biomasse Heizkraftwerk Siegerland (BHSi);56479;Liebenscheid;Graf-Zeppelin-Stra?e;2;RheinlandPfalz;Deutschland;2006;;InBetrieb;Biomasse;;Ja;Ja;20;20;KondensationsmaschinemitEntnahme;TeileinspeisungEigenverbrauch;Mittelspannung;Westnetz GmbH (SNB921897286493);Nein;
Einzelanlage;SEE945401341942;Kraftwerke Mainz-Wiesbaden AG;BHKW KW5 56;55120;Mainz;Kraftwerkallee;1;RheinlandPfalz;Deutschland;2020;;InBetrieb;Erdgas;ErdgasErdoelgas;Ja;Nein;10,02;9,93;Verbrennungsmotor;TeileinspeisungEigenverbrauch;Hochspannung;Mainzer Netze GmbH (SNB959523885956);Nein;
Einzelanlage;SEE945569399960;Kraftwerke Mainz-Wiesbaden AG;BHKW KW5 59;55120;Mainz;Kraftwerkallee;1;RheinlandPfalz;Deutschland;2020;;InBetrieb;Erdgas;ErdgasErdoelgas;Ja;Nein;10,02;9,93;Verbrennungsmotor;TeileinspeisungEigenverbrauch;Hochspannung;Mainzer Netze GmbH (SNB959523885956);Nein;
Einzelanlage;SEE988421065542;Currenta GmbH & Co. OHG;UER N230 NST2;47829;Krefeld;Rheinuferstra?e;7;NordrheinWestfalen;Deutschland;1964;;InBetrieb;Steinkohle;Steinkohlen;Ja;Nein;15,91;15,2;GegendruckmaschinemitEntnahme;TeileinspeisungEigenverbrauch;UmspannungZurMittelspannung;NETCUR GmbH (SNB974711150357);Nein;
Einzelanlage;SEE989342161450;Smurfit Westrock Hoya Paper & Board GmbH;Gasturbine 2 (TBM);27318;Hoya;Von-dem-Bussche-Stra?e;1 ;Niedersachsen;Deutschland;2014;;InBetrieb;Erdgas;ErdgasErdoelgas;Ja;Nein;6,8;6,528;GasturbinenmitAbhitzekessel;Volleinspeisung;UmspannungZurMittelspannung;Avacon Netz GmbH (SNB990362338043);Nein;
Einzelanlage;SEE994853801559;naturenergie holding AG;KW Laufenburg Maschine 5;5080;Laufenburg;Baslerstrasse;;;Schweiz;1991;;InBetrieb;Wasser;;Nein;Ja;10,6;10,442;Laufwasseranlage;Volleinspeisung;Hochspannung;naturenergie netze GmbH (SNB945502201350);Ja;10,442
Einzelanlage;SEE995049451596;VERBUND Innkraftwerke GmbH;Kraftwerk Wasserburg MS5 20 kV;83512;Wasserburg;Innwerkstra?e;15;Bayern;Deutschland;1938;;InBetrieb;Wasser;;Nein;Ja;4,82;4,82;Laufwasseranlage;Volleinspeisung;Hochspannung;Bayernwerk Netz GmbH (SNB940352624434);Nein;
Einzelanlage;SEE943750140889;PCK Raffinerie GmbH;4MKA;16303;Schwedt;Passower Chaussee;111;Brandenburg;Deutschland;2011;;InBetrieb;Mineraloelprodukte;AndereMineraloelprodukte;Nein;Nein;63;59;KondensationsmaschineohneEntnahme;TeileinspeisungEigenverbrauch;Hochspannung;E.DIS Netz GmbH (SNB941690671609);Nein;
Einzelanlage;SEE944229371742;VERBUND Innkraftwerke GmbH;Kraftwerk Feldkrichen MS3;83543;Rott;Oberw?hrn;100;Bayern;Deutschland;1970;;InBetrieb;Wasser;;Nein;Ja;12,733;12,733;Laufwasseranlage;Volleinspeisung;Hochspannung;Bayernwerk Netz GmbH (SNB940352624434);Nein;
Einzelanlage;SEE991332001752;naturenergie holding AG;KW Laufenburg Maschine 6;5080;Laufenburg;Baslerstrasse;;;Schweiz;1991;;InBetrieb;Wasser;;Nein;Ja;10,6;10,442;Laufwasseranlage;Volleinspeisung;Hochspannung;naturenergie netze GmbH (SNB945502201350);Ja;10,442
Einzelanlage;SEE995596088894;Thermo Fisher Scientific BPG GmbH;Wuppertal Kraftwerk Turbine 3;42289;Wuppertal;?hder Stra?e;28;NordrheinWestfalen;Deutschland;1957;;InBetrieb;Erdgas;ErdgasErdoelgas;Ja;Nein;12;5,5;KondensationsmaschinemitEntnahme;TeileinspeisungEigenverbrauch;UmspannungZurMittelspannung;WSW Netz GmbH (SNB914306944756);Nein;
Einzelanlage;SEE999927238279;EnBW Energie Baden-W?rttemberg AG;WKW Rudolf-Fettweis-Werk Murgwerk M5;76596;Forbach;Werkstra?e;5;BadenWuerttemberg;Deutschland;1918;;InBetrieb;Wasser;;Nein;Ja;4,4;4,4;Speicherwasseranlage;TeileinspeisungEigenverbrauch;Hochspannung;Netze BW GmbH (SNB948311994307);Nein;
Einzelanlage;SEE938639845887;BTB Blockheizkraftwerks-, Tr?ger- und Betreibergesellschaft;HHKW Berlin-Neuk?lln;12355;Berlin;K?penicker Stra?e;32;Berlin;Deutschland;2004;;InBetrieb;Biomasse;;Ja;Ja;21,638;21,634;KondensationsmaschinemitEntnahme;TeileinspeisungEigenverbrauch;Hochspannung;Stromnetz Berlin GmbH (SNB979269087643);Nein;
Einzelanlage;SEE956061511231;Julius Schulte Trebsen GmbH & Co. KG;GuD Anlage DT;04687;Trebsen;Pauschwitzer Stra?e;45;Sachsen;Deutschland;2013;;InBetrieb;Erdgas;ErdgasErdoelgas;Ja;Nein;1,434;1,434;GasturbinenmitnachgeschalteterDampfturbine;TeileinspeisungEigenverbrauch;Mittelspannung;Mitteldeutsche Netzgesellschaft Strom mbH (SNB916269213931);Nein;
Einzelanlage;SEE959745626917;Rolls-Royce Solutions Augsburg GmbH;Pr?fstand 11;86165;Augsburg;Dasinger Stra?e;11;Bayern;Deutschland;2004;;InBetrieb;Erdgas;ErdgasErdoelgas;Nein;Nein;4;3,95;Verbrennungsmotor;TeileinspeisungEigenverbrauch;Mittelspannung;swa Netze GmbH (SNB958077102830);Nein;
Einzelanlage;SEE960100973492;Hamburger Energiewerke GmbH;HKW Wedel Block 1;22880;Wedel;Tinsdaler Weg;146;SchleswigHolstein;Deutschland;1993;;InBetrieb;Steinkohle;Steinkohlen;Ja;Nein;152,8;137;KondensationsmaschinemitEntnahme;Volleinspeisung;Hochspannung;Hamburger Energienetze GmbH (SNB968295079586);Nein;
Einzelanlage;SEE961847934449;VW Kraftwerk GmbH;VW Baunatal Gasturbine;34225;Baunatal;Im Lehnhof;;Hessen;Deutschland;2013;;InBetrieb;Erdgas;ErdgasErdoelgas;Ja;Nein;51;45,07;GasturbinenmitnachgeschalteterDampfturbine;TeileinspeisungEigenverbrauch;Hochspannung;Avacon Netz GmbH (SNB990362338043);Nein;
Einzelanlage;SEE962185382367;Papier- u. Kartonfabrik Varel GmbH & Co. KG;PKV Kraftwerk BGM 1;26316;Varel;Dangaster Stra?e;38;Niedersachsen;Deutschland;2006;;InBetrieb;Biomasse;;Ja;Ja;1,124;1;Verbrennungsmotor;Volleinspeisung;Mittelspannung;EWE NETZ GmbH (SNB951051725711);Nein;
Einzelanlage;SEE964821359092;DFS Energy GmbH;GT1;63225;Langen;Am DFS-Campus;3;Hessen;Deutschland;2014;;InBetrieb;Erdgas;ErdgasErdoelgas;Ja;Nein;4,569;4,459;GasturbinenmitAbhitzekessel;TeileinspeisungEigenverbrauch;Mittelspannung;Stadtwerke Langen GmbH (SNB965379905076);Nein;
Einzelanlage;SEE967403086416;M?nch visiontec GmbH & Co. KG;Speicher Braunsbedra;06217;Merseburg;;;SachsenAnhalt;Deutschland;2024;;InBetrieb;Batteriespeicher;;Nein;Nein;5;5;Batterie;Volleinspeisung;Hochspannung;Mitteldeutsche Netzgesellschaft Strom mbH (SNB916269213931);Nein;
Einzelanlage;SEE989300885374;EnBW Energie Baden-W?rttemberg AG;WKW Unteropfingen M3;88457;Kirchdorf;Kraftwerkstra?e;4;BadenWuerttemberg;Deutschland;1924;;InBetrieb;Wasser;;Nein;Ja;3,325;3,325;Laufwasseranlage;TeileinspeisungEigenverbrauch;Mittelspannung;Netze BW GmbH (SNB948311994307);Nein;
Einzelanlage;SEE989457180636;SMAREG 5 GmbH & Co. KG;SMAREG5 Hildburghausen;98646;Hildburghausen;Weitersrodaer Stra?e;80;Thueringen;Deutschland;2022;;InBetrieb;Batteriespeicher;;Nein;Nein;12;12;Batterie;Volleinspeisung;UmspannungZurMittelspannung;TEN Th?ringer Energienetze GmbH & Co. KG (SNB970821959712);Nein;
Einzelanlage;SEE992607731794;EGK Entsorgungsgesellschaft Krefeld GmbH & Co. KG;Turbine 4;47829;Krefeld;Parkstra?e;234;NordrheinWestfalen;Deutschland;2001;;InBetrieb;Waerme;Dampf;Nein;Nein;13,84;9,23;KondensationsmaschineohneEntnahme;TeileinspeisungEigenverbrauch;Mittelspannung;NGN Netzgesellschaft Niederrhein mbH (SNB911144461377);Nein;
Einzelanlage;SEE992864019192;InfraLeuna GmbH;GT5;06237;Leuna;;;SachsenAnhalt;Deutschland;2022;;InBetrieb;Erdgas;ErdgasErdoelgas;Ja;Nein;56,5;55,4;GasturbinenmitAbhitzekessel;Volleinspeisung;Mittelspannung;InfraLeuna GmbH (SNB982722829230);Nein;
Einzelanlage;SEE994551453975;EkoCity;Generator A;42349;Wuppertal;Korzert;15;NordrheinWestfalen;Deutschland;1976;;InBetrieb;Abfall;AbfallHausmuellSiedlungsabfaelle;Ja;Nein;20;20;KondensationsmaschinemitEntnahme;TeileinspeisungEigenverbrauch;Hochspannung;WSW Netz GmbH (SNB914306944756);Nein;
Einzelanlage;SEE999630346957;Pfleiderer Baruth GmbH;KWK Baruth;15837;Baruth;An der Birkenpfuhlheide;4;Brandenburg;Deutschland;2002;;InBetrieb;Biomasse;;Ja;Ja;8,36;7,8;KondensationsmaschinemitEntnahme;Volleinspeisung;UmspannungZurMittelspannung;E.DIS Netz GmbH (SNB941690671609);Nein;
Einzelanlage;SEE999966551940;Energie und Wasser Potsdam GmbH;HKW Potsdam-S?d Block1;14478;Potsdam;Zum Heizwerk;20;Brandenburg;Deutschland;1996;;InBetrieb;Erdgas;ErdgasErdoelgas;Ja;Nein;42;40,9;GasturbinenmitnachgeschalteterDampfturbine;Volleinspeisung;Hochspannung;Netzgesellschaft Potsdam GmbH (SNB929027950139);Nein;
Einzelanlage;SEE941708872783;Iqony Battery System;GBS KW Weiher;66287;Quierschied;Holzer Stra?e;;Saarland;Deutschland;2016;;InBetrieb;Batteriespeicher;;Nein;Nein;15;15;Batterie;Volleinspeisung;Hochspannung;Creos Deutschland GmbH (SNB940133714842);Nein;
Einzelanlage;SEE943653719359;Vattenfall Wasserkraft GmbH;PSW Goldisthal PSS C;98746;Goldisthal;Am Rotseifenbach;;Thueringen;Deutschland;2003;;InBetrieb;Pumpspeicher;;Nein;Nein;265;263;Pumpspeicher;Volleinspeisung;Hoechstspannung;50Hertz Transmission GmbH (SNB982046657236);Nein;
Einzelanlage;SEE944787978346;Martinswerk GmbH;Gaskesselhaus DT;50127;Bergheim;K?lner Stra?e;110;NordrheinWestfalen;Deutschland;2024;;InBetrieb;Erdgas;ErdgasErdoelgas;Ja;Nein;5,786;5,544;GegendruckmaschineohneEntnahme;TeileinspeisungEigenverbrauch;Mittelspannung;Westnetz GmbH (SNB921897286493);Nein;
Einzelanlage;SEE948068633795;Statkraft Markets GmbH;Wasserkraftwerk D?rverden;27313;D?rverden;Sympherallee;56;Niedersachsen;Deutschland;1914;;InBetrieb;Wasser;;Nein;Ja;5;5;Laufwasseranlage;Volleinspeisung;Hochspannung;Avacon Netz GmbH (SNB990362338043);Nein;
Einzelanlage;SEE950589701143;Statkraft Markets GmbH;Gaskraftwerk Emden - Gasturbine;26725;Emden;Zum Kraftwerk;;Niedersachsen;Deutschland;1973;;Kapazit?tsreserve aufgrund von ? 13e EnWG;Erdgas;ErdgasErdoelgas;Nein;Nein;54;52;GasturbinenmitnachgeschalteterDampfturbine;Volleinspeisung;UmspannungZurMittelspannung;Avacon Netz GmbH (SNB990362338043);Nein;
Einzelanlage;SEE950981928360;BP Europa SE;TG4;49808;Lingen;Raffineriestra?e;1;Niedersachsen;Deutschland;1996;;InBetrieb;Erdgas;ErdgasErdoelgas;Ja;Nein;10,9;10,9;GegendruckmaschineohneEntnahme;TeileinspeisungEigenverbrauch;Hochspannung;Westnetz GmbH (SNB921897286493);Nein;
Einzelanlage;SEE953048986860;K+S Minerals and Agriculture GmbH;Fabrik NE GT Tr;36119;Neuhof;Am Kaliwerk;6;Hessen;Deutschland;2009;;InBetrieb;Erdgas;ErdgasErdoelgas;Ja;Nein;5,195;5,1;GasturbinenmitAbhitzekessel;TeileinspeisungEigenverbrauch;Hochspannung;OsthessenNetz GmbH (SNB934071779865);Nein;
Einzelanlage;SEE953508633730;Stadtwerke M?nchen GmbH;SWM Leitzach 2 M21;83620;Feldkirchen-Westerham;Leitzachwerkstra?e;50;Bayern;Deutschland;1984;;InBetrieb;Pumpspeicher;;Nein;Nein;22;22;Pumpspeicher;TeileinspeisungEigenverbrauch;Hochspannung;SWM Infrastruktur GmbH & Co. KG (SNB969473762610);Nein;
Einzelanlage;SEE976459856379;BASF SE;S300 VT1;67063;Ludwigshafen;Carl-Bosch-Stra?e;38;RheinlandPfalz;Deutschland;1964;;InBetrieb;Waerme;Dampf;Ja;Nein;28,5;28;GegendruckmaschineohneEntnahme;TeileinspeisungEigenverbrauch;Hoechstspannung;Amprion GmbH (SNB976890256486);Nein;
Einzelanlage;SEE982127973149;St?dtische Werke Energie + W?rme GmbH;Kombi-HKW GT2;34134;Kassel;Dennh?user Stra?e;122;Hessen;Deutschland;2005;;InBetrieb;Erdgas;ErdgasErdoelgas;Ja;Nein;31,95;31,15;GasturbinenmitAbhitzekessel;Volleinspeisung;Hochspannung;St?dtische Werke Netz+Service GmbH (SNB935482852901);Nein;
Einzelanlage;SEE983340579781;SMAREG 3 GmbH & Co. KG;SMAREG3 Eisfeld;98673;Eisfeld;;;Thueringen;Deutschland;2022;;InBetrieb;Batteriespeicher;;Nein;Nein;12;12;Batterie;Volleinspeisung;UmspannungZurMittelspannung;TEN Th?ringer Energienetze GmbH & Co. KG (SNB970821959712);Nein;
Einzelanlage;SEE984068604342;ENGIE Deutschland GmbH;SEDE607510036;07546;Gera;Siemensstra?e;43;Thueringen;Deutschland;2018;;InBetrieb;Erdgas;ErdgasErdoelgas;Ja;Nein;4,5;4,472;Verbrennungsmotor;Volleinspeisung;Mittelspannung;GeraNetz GmbH (SNB948816192529);Nein;
Einzelanlage;SEE985036646654;DREWAG - Stadtwerke Dresden GmbH;Gasmotoren-Heizkraftwerk Dresden-Reick - Aggregat II;01277;Dresden;Liebst?dter Stra?e;1;Sachsen;Deutschland;2022;;InBetrieb;Erdgas;ErdgasErdoelgas;Ja;Nein;11,76;11,5;Verbrennungsmotor;Volleinspeisung;Mittelspannung;SachsenNetze GmbH (SNB980808485264);Nein;
Einzelanlage;SEE985107237163;Mercer Torgau GmbH & Co. KG;Anlage 2013;04860;Torgau;Forstweg;1;Sachsen;Deutschland;2013;;InBetrieb;Biomasse;;Ja;Ja;5,3;4,95;Sonstige;Volleinspeisung;Mittelspannung;Stadtwerke Torgau GmbH (SNB933235634552);Nein;
Einzelanlage;SEE988684097793;BEW Berliner Energie und W?rme GmbH;HKW Klingenberg Dampfturbine 2;10317;Berlin;K?penicker Chaussee;42-45;Berlin;Deutschland;1981;;InBetrieb;Erdgas;ErdgasErdoelgas;Ja;Nein;64;56;GegendruckmaschinemitEntnahme;TeileinspeisungEigenverbrauch;Hochspannung;Stromnetz Berlin GmbH (SNB979269087643);Nein;
Einzelanlage;SEE994048824899;Donau-Wasserkraft AG;Bittenbrunn E K3;86633;Neuburg;Kraftwerkstra?e;8;Bayern;Deutschland;1969;;InBetrieb;Wasser;;Nein;Ja;7;6,73;Laufwasseranlage;Volleinspeisung;Hochspannung;DB Energie GmbH (Bahnstromnetz 16,7 Hz) (SNB942182027607);Nein;
Einzelanlage;SEE996548424685;ArcelorMittal Eisenh?ttenstadt GmbH;IKW Block 4;15890;Eisenh?ttenstadt;Jugendstra?e;1;Brandenburg;Deutschland;1998;;InBetrieb;Sonstige Energietraeger (nicht erneuerbar);HochofengasKonvertergas;Ja;Nein;36;34,7;KondensationsmaschinemitEntnahme;TeileinspeisungEigenverbrauch;Hochspannung;E.DIS Netz GmbH (SNB941690671609);Nein;
Einzelanlage;SEE971156902916;ENGIE Deutschland GmbH;SEDE607510037;07549;Gera;Vogtlandstra?e;11;Thueringen;Deutschland;2018;;InBetrieb;Erdgas;ErdgasErdoelgas;Ja;Nein;4,404;4,387;Verbrennungsmotor;Volleinspeisung;Mittelspannung;GeraNetz GmbH (SNB948816192529);Nein;
Einzelanlage;SEE972467909069;Uniper Kraftwerke GmbH;Schwabstadl K(Ro)3;86937;Scheuring;Zollhaus;;Bayern;Deutschland;1981;;InBetrieb;Wasser;;Nein;Ja;4,3;4;Laufwasseranlage;Volleinspeisung;Hochspannung;LEW Verteilnetz GmbH (SNB911705062982);Nein;
Einzelanlage;SEE977512784516;VERBUND Innkraftwerke GmbH;Kraftwerk Rosenheim MS1;83101;Rohrdorf;Ahornstra?e;10;Bayern;Deutschland;1960;;InBetrieb;Wasser;;Nein;Ja;11,7;11,7;Laufwasseranlage;Volleinspeisung;Hochspannung;Bayernwerk Netz GmbH (SNB940352624434);Nein;
Einzelanlage;SEE980276191377;Uniper Kraftwerke GmbH;Altheim K2;84051;Essenbach;Kraftwerkstra?e;22;Bayern;Deutschland;1951;;InBetrieb;Wasser;;Nein;Ja;5,718;5,718;Laufwasseranlage;Volleinspeisung;Hochspannung;Bayernwerk Netz GmbH (SNB940352624434);Nein;
Einzelanlage;SEE977273010268;SYNEQT GmbH;Kraftwerk IV, DT 411;45772;Marl;Paul-Baumann-Stra?e;1;NordrheinWestfalen;Deutschland;2016;;InBetrieb;Erdgas;ErdgasErdoelgas;Ja;Nein;13,96;13,76;GegendruckmaschineohneEntnahme;Volleinspeisung;Hochspannung;CPM Netz GmbH (SNB956923775696);Nein;
Einzelanlage;SEE978426302629;Rh?nEnergie Fulda GmbH;Kraftwerk Fulda Aggregat 2;36043;Fulda;Frankfurter Stra?e;4;Hessen;Deutschland;2010;;InBetrieb;Mineraloelprodukte;Dieselkraftstoff;Nein;Nein;6,47;6,29;Verbrennungsmotor;Volleinspeisung;Mittelspannung;OsthessenNetz GmbH (SNB934071779865);Nein;
Einzelanlage;SEE985657410085;Karlsruher Institut f?r Technologie;KIT_CN_BHKW_266_MPP1;76344;Eggenstein-Leopoldshafen;Hermann-von-Helmholtz-Platz;1;BadenWuerttemberg;Deutschland;2016;;InBetrieb;Erdgas;ErdgasErdoelgas;Ja;Nein;4,5;4,432;Verbrennungsmotor;TeileinspeisungEigenverbrauch;Mittelspannung;Karlsruher Institut f?r Technologie (SNB955784827612);Nein;
Einzelanlage;SEE991388294085;Uniper Kraftwerke GmbH;Pielweichs K2;94447;Plattling;An der Staustufe;1;Bayern;Deutschland;1994;;InBetrieb;Wasser;;Nein;Ja;4,2;4,2;Laufwasseranlage;Volleinspeisung;Mittelspannung;Bayernwerk Netz GmbH (SNB940352624434);Nein;
Einzelanlage;SEE991633857065;Stadtwerke M?nster GmbH;GUD-1-1 (GT1);48155;M?nster;Am Mittelhafen;11;NordrheinWestfalen;Deutschland;2005;;InBetrieb;Erdgas;ErdgasErdoelgas;Ja;Nein;32;31;GasturbinenmitAbhitzekessel;TeileinspeisungEigenverbrauch;Mittelspannung;Stadtnetze M?nster GmbH (SNB980883363112);Nein;
Einzelanlage;SEE993054223955;GMVA Gemeinschafts-M?ll-Verbrennungsanlage Niederrhein GmbH;?Turbosatz 2?;46049;Oberhausen;Liricher Str.;121;NordrheinWestfalen;Deutschland;1991;;InBetrieb;Abfall;AbfallHausmuellSiedlungsabfaelle;Ja;Nein;49,5;40,4;KondensationsmaschinemitEntnahme;TeileinspeisungEigenverbrauch;Hochspannung;Oberhausener Netzgesellschaft mbH (SNB992672107807);Nein;
Einzelanlage;SEE995754822537;Papier- u. Kartonfabrik Varel GmbH & Co. KG;PKV Dampfsammelschienen-KWK-Anlage Generator / Turbine GT 8a;26316;Varel;Dangaster Stra?e;38;Niedersachsen;Deutschland;2007;;InBetrieb;Erdgas;ErdgasErdoelgas;Ja;Nein;6,24;6,127;GasturbinenmitAbhitzekessel;TeileinspeisungEigenverbrauch;Mittelspannung;EWE NETZ GmbH (SNB951051725711);Nein;
Einzelanlage;SEE999145467468;RWE Power AG;GoWerk F;50354;H?rth;Goldenbergstra?e;2;NordrheinWestfalen;Deutschland;1992;;InBetrieb;Braunkohle;Rohbraunkohlen;Ja;Nein;83;63;KondensationsmaschinemitEntnahme;TeileinspeisungEigenverbrauch;Hochspannung;Westnetz GmbH (SNB921897286493);Nein;
Einzelanlage;SEE947677200282;Saale Energie GmbH;Schkopau B;06258;Schkopau;An der Bober;100;SachsenAnhalt;Deutschland;1996;;InBetrieb;Braunkohle;Rohbraunkohlen;Ja;Nein;500;450;KondensationsmaschinemitEntnahme;Volleinspeisung;Hoechstspannung;50Hertz Transmission GmbH (SNB982046657236);Nein;
Einzelanlage;SEE947712976042;K+S Minerals and Agriculture GmbH;Kraftwerk NE GT KW;36119;Neuhof;Am Kaliwerk;6;Hessen;Deutschland;1990;;InBetrieb;Erdgas;ErdgasErdoelgas;Ja;Nein;1,322;1,214;GasturbinenmitnachgeschalteterDampfturbine;TeileinspeisungEigenverbrauch;Hochspannung;OsthessenNetz GmbH (SNB934071779865);Nein;
Einzelanlage;SEE948129095272;Uniper Kraftwerke GmbH;Irsching 4;85088;Vohburg;Paarstra?e;30;Bayern;Deutschland;2011;;InBetrieb;Erdgas;ErdgasErdoelgas;Nein;Nein;586;576;GasturbinenmitAbhitzekessel;Volleinspeisung;Hoechstspannung;TenneT TSO GmbH (SNB970033313272);Nein;
Einzelanlage;SEE954086855965;PCK Raffinerie GmbH;1MKA;16303;Schwedt;Passower Chaussee;111;Brandenburg;Deutschland;1998;;InBetrieb;Mineraloelprodukte;AndereMineraloelprodukte;Ja;Nein;117;106;KondensationsmaschinemitEntnahme;TeileinspeisungEigenverbrauch;Hochspannung;E.DIS Netz GmbH (SNB941690671609);Nein;
Einzelanlage;SEE942366584926;SWM Services GmbH;SWM HKW Nord 1 T10;85774;Unterf?hring;M?nchner Stra?e;22;Bayern;Deutschland;1991;;InBetrieb;Abfall;AbfallHausmuellSiedlungsabfaelle;Ja;Nein;22,05;18;GegendruckmaschineohneEntnahme;TeileinspeisungEigenverbrauch;Hochspannung;SWM Infrastruktur GmbH & Co. KG (SNB969473762610);Nein;
Einzelanlage;SEE946744372112;Infraserv GmbH & Co. H?chst KG;IPH Strom GTX1;65929;Frankfurt;Br?ningstra?e;50;Hessen;Deutschland;2003;;InBetrieb;Erdgas;ErdgasErdoelgas;Ja;Nein;54;53,6;GasturbinenmitnachgeschalteterDampfturbine;Volleinspeisung;Hochspannung;Syna Hochspannungsnetz GmbH & Co. KG (SNB980986433484);Nein;
Einzelanlage;SEE953182244383;MVV Umwelt Asset GmbH;MHKW Mannheim Generator X1;68169;Mannheim;Otto-Hahn-Stra?e;1;BadenWuerttemberg;Deutschland;2020;;InBetrieb;Abfall;AbfallHausmuellSiedlungsabfaelle;Ja;Nein;5,48;4,08;GegendruckmaschineohneEntnahme;TeileinspeisungEigenverbrauch;Mittelspannung;MVV Netze GmbH (SNB985472799266);Nein;
Einzelanlage;SEE953730197888;MVV Umwelt Asset GmbH;MHKW Mannheim Generator TD0;68169;Mannheim;Otto-Hahn-Stra?e;1;BadenWuerttemberg;Deutschland;2012;;InBetrieb;Abfall;AbfallHausmuellSiedlungsabfaelle;Ja;Nein;8,85;4,26;GegendruckmaschinemitEntnahme;TeileinspeisungEigenverbrauch;Mittelspannung;MVV Netze GmbH (SNB985472799266);Nein;
Einzelanlage;SEE955482235511;Mineraloelraffinerie Oberrhein;Maschine 4;76187;Karlsruhe;N?rdliche Raffineriestra?e;1;BadenWuerttemberg;Deutschland;1995;;InBetrieb;Mineraloelprodukte;Raffineriegas;Ja;Nein;14;12,7;KondensationsmaschinemitEntnahme;TeileinspeisungEigenverbrauch;Hochspannung;Netze BW GmbH (SNB948311994307);Nein;
Einzelanlage;SEE958578071345;HS Timber Services GmbH;KWK II HS Timber;02923;Kodersdorf;Industriestra?e;1;Sachsen;Deutschland;2024;;InBetrieb;Biomasse;;Ja;Ja;5,552;5,28;GegendruckmaschinemitEntnahme;Volleinspeisung;Hochspannung;SachsenNetze HS.HD GmbH (SNB968914838013);Nein;
Einzelanlage;SEE958897712714;DFS Energy GmbH;BHKW2;63225;Langen;Am DFS-Campus;3;Hessen;Deutschland;2014;;InBetrieb;Erdgas;ErdgasErdoelgas;Ja;Nein;2,005;1,9805;Verbrennungsmotor;TeileinspeisungEigenverbrauch;Mittelspannung;Stadtwerke Langen GmbH (SNB965379905076);Nein;
Einzelanlage;SEE963537340127;M?nch VoltDepot GmbH;BESS Leuna 3;06217;Merseburg;;;SachsenAnhalt;Deutschland;2026;;InBetrieb;Batteriespeicher;;Nein;Nein;50,94;46,332;Batterie;Volleinspeisung;UmspannungZurMittelspannung;Mitteldeutsche Netzgesellschaft Strom mbH (SNB916269213931);Nein;
Einzelanlage;SEE984246933080;EnBW Energie Baden-W?rttemberg AG;illwerke vkw L?nerseewerk M1;A-6774;Tschagguns;Latschaustrasse;;;Oesterreich;1957;;InBetrieb;Pumpspeicher;;Nein;Nein;56;56;Pumpspeicher;Volleinspeisung;Hoechstspannung;TransnetBW GmbH (SNB984944755380);Nein;
Einzelanlage;SEE986008964080;EnBW Energie Baden-W?rttemberg AG;illwerke vkw Latschauwerk M2;A-6774;Tschagguns;Latschaustrasse;;;Oesterreich;1950;;InBetrieb;Wasser;;Nein;Ja;4;4;Speicherwasseranlage;Volleinspeisung;Hoechstspannung;TransnetBW GmbH (SNB984944755380);Nein;
Einzelanlage;SEE968091522767;Vattenfall Wasserkraft GmbH;PSW Hohenwarte 2 PSS A;07338;Hohenwarte;Pre?witzer Stra?e;25;Thueringen;Deutschland;1965;;InBetrieb;Pumpspeicher;;Nein;Nein;40;39,7;Pumpspeicher;Volleinspeisung;Hoechstspannung;50Hertz Transmission GmbH (SNB982046657236);Nein;
Einzelanlage;SEE969304380679;Schluchseewerk AG;KW Witznau MS A3;79777;?hlingen-Birkendorf;Schwarzatalstra?e;5;BadenWuerttemberg;Deutschland;1946;;InBetrieb;Pumpspeicher;;Nein;Nein;55;55;Pumpspeicher;None;Hochspannung;Amprion GmbH (SNB976890256486);Nein;
Einzelanlage;SEE974206815730;Mineraloelraffinerie Oberrhein;TG-1901;76187;Karlsruhe;N?rdliche Raffineriestra?e;1;BadenWuerttemberg;Deutschland;1995;;InBetrieb;Mineraloelprodukte;Raffineriegas;Ja;Nein;8,1;7,3;KondensationsmaschinemitEntnahme;TeileinspeisungEigenverbrauch;Hochspannung;Netze BW GmbH (SNB948311994307);Nein;
Einzelanlage;SEE974711013546;TotalEnergies Raffinerie Mitteldeutschland GmbH;Raffineriekraftwerk Leuna NDT;06237;Leuna;Am Haupttor;3691;SachsenAnhalt;Deutschland;1997;;InBetrieb;Mineraloelprodukte;AndereMineraloelprodukte;Nein;Nein;34,2;29,8;KondensationsmaschineohneEntnahme;TeileinspeisungEigenverbrauch;Hochspannung;InfraLeuna GmbH (SNB982722829230);Nein;
Einzelanlage;SEE983264343635;Schaper Grid Energy Storage F?llenkamp GmbH;Schaper Grid Energy Storage Herford;32051;Herford;F?llenkamp;;NordrheinWestfalen;Deutschland;2022;;InBetrieb;Batteriespeicher;;Nein;Nein;18,1;18;Batterie;Volleinspeisung;Mittelspannung;Westfalen Weser Netz GmbH (SNB929881052512);Nein;
Einzelanlage;SEE984394943115;EnBW Energie Baden-W?rttemberg AG;illwerke vkw Rodundwerk I M2;A-6773;Vandans;'Anton-Ammann-Stra?e;19;;Oesterreich;1943;;InBetrieb;Pumpspeicher;;Nein;Nein;50;50;Pumpspeicher;Volleinspeisung;Hoechstspannung;TransnetBW GmbH (SNB984944755380);Nein;
Einzelanlage;SEE991324265957;Smurfit Westrock Z?lpich Paper GmbH;DT06;53909;Z?lpich;Zum M?hlengraben;1;NordrheinWestfalen;Deutschland;2010;;InBetrieb;Erdgas;ErdgasErdoelgas;Ja;Nein;15,552;14,383;GegendruckmaschineohneEntnahme;Volleinspeisung;UmspannungZurMittelspannung;Westnetz GmbH (SNB921897286493);Nein;
Einzelanlage;SEE994968008959;K+S Minerals and Agriculture GmbH;ZI Tr GT3;39326;Zielitz;Farsleber Stra?e;1;SachsenAnhalt;Deutschland;2005;;InBetrieb;Erdgas;ErdgasErdoelgas;Ja;Nein;1,5428;1,403;GasturbinenmitAbhitzekessel;TeileinspeisungEigenverbrauch;Hochspannung;Avacon Netz GmbH (SNB990362338043);Nein;
Einzelanlage;SEE995077047419;Palm Power GmbH & Co. KG;HKW W?rth;76744;W?rth;Am Oberwald;2;RheinlandPfalz;Deutschland;2007;;InBetrieb;Erdgas;ErdgasErdoelgas;Ja;Nein;90,784;90,784;GasturbinenmitnachgeschalteterDampfturbine;Volleinspeisung;Hochspannung;Pfalzwerke Netz AG (SNB961471621746);Nein;
Einzelanlage;SEE929050048728;Martinswerk GmbH;Gaskesselhaus GT;50127;Bergheim;K?lner Stra?e;110;NordrheinWestfalen;Deutschland;2024;;InBetrieb;Erdgas;ErdgasErdoelgas;Ja;Nein;6,749;6,467;GasturbinenmitAbhitzekessel;TeileinspeisungEigenverbrauch;Mittelspannung;Westnetz GmbH (SNB921897286493);Nein;
Einzelanlage;SEE930306010543;SWP Stadtwerke Pforzheim;Turbine 7;75175;Pforzheim;Hohwiesenweg;15;BadenWuerttemberg;Deutschland;2004;;InBetrieb;Biomasse;;Ja;Ja;13,3;12,3;KondensationsmaschinemitEntnahme;TeileinspeisungEigenverbrauch;Hochspannung;SWP Stadtwerke Pforzheim GmbH & Co. KG (SNB929168402344);Nein;
Einzelanlage;SEE932664806912;GLOBALFOUNDRIES Dresden Module Two LLC & Co. KG;Gasmotoren-Blockheizkraftwerk I (Generator 2);01468;Moritzburg;Ringstra?e;3;Sachsen;Deutschland;1998;;InBetrieb;Erdgas;ErdgasErdoelgas;Ja;Nein;3,884;3,879;Verbrennungsmotor;None;Mittelspannung;SachsenNetze GmbH (SNB980808485264);Nein;
Einzelanlage;SEE938018666973;K+S Minerals and Agriculture GmbH;Fabrik NE GT Tr.;36119;Neuhof;Am Kaliwerk;6;Hessen;Deutschland;2009;;InBetrieb;Erdgas;ErdgasErdoelgas;Ja;Nein;5,191;5,1;GasturbinenmitAbhitzekessel;TeileinspeisungEigenverbrauch;Hochspannung;OsthessenNetz GmbH (SNB934071779865);Nein;
Einzelanlage;SEE941055812814;Everllence SE;SI-Gasmotor (12 V 32/40);86153;Augsburg;Stadtbachstra?e;1;Bayern;Deutschland;2005;;InBetrieb;Erdgas;ErdgasErdoelgas;Ja;Nein;5,35;5,235;Verbrennungsmotor;TeileinspeisungEigenverbrauch;Mittelspannung;swa Netze GmbH (SNB958077102830);Nein;
Einzelanlage;SEE942845579245;Stadtwerke Bochum Holding GmbH;KWK Hiltrop;44805;Bochum;In der Grume;5;NordrheinWestfalen;Deutschland;1975;;InBetrieb;Erdgas;ErdgasErdoelgas;Ja;Nein;45;43,412;GasturbinenmitnachgeschalteterDampfturbine;Volleinspeisung;Mittelspannung;Stadtwerke Bochum Netz GmbH (SNB922607376381);Nein;
Einzelanlage;SEE953907486180;Forschungszentrum J?lich GmbH;FZJ_WVVZ-03.19_BHKW-2;52428;J?lich;;;NordrheinWestfalen;Deutschland;2022;;InBetrieb;Erdgas;ErdgasErdoelgas;Ja;Nein;4,3;4,3;Verbrennungsmotor;TeileinspeisungEigenverbrauch;UmspannungZurMittelspannung;Westnetz GmbH (SNB921897286493);Nein;
Einzelanlage;SEE938477978983;BIGGE ENERGIE GmbH & Co. KG;Biggekraftwerk Generator 1;57439;Attendorn;;;NordrheinWestfalen;Deutschland;1965;;InBetrieb;Wasser;;Nein;Ja;5;4,8;Speicherwasseranlage;Volleinspeisung;Mittelspannung;BIGGE ENERGIE GmbH & Co. KG (SNB990174285078);Nein;
Einzelanlage;SEE938782869693;Energieversorgung Offenbach AG;M?llheizkraftwerk Offenbach Turbine 1;63069;Offenbach;Dietzenbacher Stra?e;189;Hessen;Deutschland;2016;;InBetrieb;Abfall;AbfallHausmuellSiedlungsabfaelle;Ja;Nein;19,6;16,762;KondensationsmaschinemitEntnahme;TeileinspeisungEigenverbrauch;Mittelspannung;Energienetze Offenbach GmbH (SNB915100694458);Nein;
Einzelanlage;SEE944886199833;RWE Generation Hydro GmbH;Neef Maschine 3;56858;Neef;Moseluferstra?e;;RheinlandPfalz;Deutschland;1966;;InBetrieb;Wasser;;Nein;Ja;4,1;4,1;Laufwasseranlage;Volleinspeisung;Mittelspannung;Westnetz GmbH (SNB921897286493);Nein;
Einzelanlage;SEE952372080091;SWM Services GmbH;SWM HKW Nord 2 T20;85774;Unterf?hring;M?nchner Stra?e;22;Bayern;Deutschland;1991;;InBetrieb;Erdgas;ErdgasErdoelgas;Ja;Nein;363;333;KondensationsmaschinemitEntnahme;TeileinspeisungEigenverbrauch;Hochspannung;SWM Infrastruktur GmbH & Co. KG (SNB969473762610);Nein;
Einzelanlage;SEE955407848307;Donau-Wasserkraft AG;Ingolstadt E K3;85049;Ingolstadt;Stauseestra?e;20;Bayern;Deutschland;1971;;InBetrieb;Wasser;;Nein;Ja;6,7;6,6;Laufwasseranlage;Volleinspeisung;Hochspannung;DB Energie GmbH (Bahnstromnetz 16,7 Hz) (SNB942182027607);Nein;
Einzelanlage;SEE959449135135;Firma Mercedes-Benz AG Werk 050 HPC NC50 LN-Nr.: 17319765;W059-RD_Geb. 130/8_5001-5032+1030-1032;70327;Stuttgart;Mercedesstra?e;137;BadenWuerttemberg;Deutschland;2015;;InBetrieb;Mineraloelprodukte;Dieselkraftstoff;Nein;Nein;9,39;9,39;Verbrennungsmotor;TeileinspeisungEigenverbrauch;Niederspannung;Power Supply Systems GmbH (SNB960349538834);Nein;
Einzelanlage;SEE949049420311;Uniper Kraftwerke GmbH;Landau K3;94431;Pilsting;Stauseestra?e;1;Bayern;Deutschland;1984;;InBetrieb;Wasser;;Nein;Ja;4,2;4,2;Laufwasseranlage;Volleinspeisung;Mittelspannung;Bayernwerk Netz GmbH (SNB940352624434);Nein;
Einzelanlage;SEE957723162266;SWK Stadtwerke Kaiserslautern Versorgungs-AG;HKW Karcherstra?e (T1);67655;Kaiserslautern;Karcherstra?e;28;RheinlandPfalz;Deutschland;1989;;InBetrieb;Erdgas;ErdgasErdoelgas;Ja;Nein;6;5,8;GegendruckmaschinemitEntnahme;TeileinspeisungEigenverbrauch;Mittelspannung;SWK Stadtwerke Kaiserslautern Versorgungs-AG (SNB982394830312);Nein;
Einzelanlage;SEE963374030953;VERBUND Energy4Business Germany GmbH;Batterie Rechtenbach;35625;H?ttenberg;;;Hessen;Deutschland;2022;;InBetrieb;Batteriespeicher;;Nein;Nein;16;16;Batterie;Volleinspeisung;Mittelspannung;EAM Netz GmbH (SNB971311555230);Nein;
Einzelanlage;SEE963975943188;EnBW Energie Baden-W?rttemberg AG;Heizkraftwerk Altbach/Deizisau GT B;73776;Altbach;Industriestra?e;11;BadenWuerttemberg;Deutschland;1973;;InBetrieb;Erdgas;ErdgasErdoelgas;Nein;Nein;60;57;GasturbinenohneAbhitzekessel;TeileinspeisungEigenverbrauch;Hochspannung;Netze BW GmbH (SNB948311994307);Nein;
Einzelanlage;SEE965782597448;EnBW Energie Baden-W?rttemberg AG;Heizkraftwerk Altbach/Deizisau HKW 2 DT (Solobetrieb);73776;Altbach;Industriestra?e;11;BadenWuerttemberg;Deutschland;1997;;InBetrieb;Steinkohle;Steinkohlen;Ja;Nein;354;323;KondensationsmaschinemitEntnahme;TeileinspeisungEigenverbrauch;Hoechstspannung;TransnetBW GmbH (SNB984944755380);Nein;
Einzelanlage;SEE966091400436;Coulomb GmbH;Q_ESS_Elverlingsen;58791;Werdohl;Auf der Mark;1;NordrheinWestfalen;Deutschland;2017;;InBetrieb;Batteriespeicher;;Nein;Nein;17,08;17,08;Batterie;Volleinspeisung;Mittelspannung;ENERVIE Vernetzt GmbH (SNB921319639913);Nein;
Einzelanlage;SEE968986286460;Untere Iller GmbH;Untereichen F3;89281;Altenstadt;Werkstra?e;60;Bayern;Deutschland;1931;;InBetrieb;Wasser;;Nein;Ja;2;2;Laufwasseranlage;TeileinspeisungEigenverbrauch;Hochspannung;LEW Verteilnetz GmbH (SNB911705062982);Nein;
Einzelanlage;SEE974018310478;K?MMERER Energie GmbH;Generator 4;49090;Osnabr?ck;R?mereschstra?e;33;Niedersachsen;Deutschland;1962;;InBetrieb;Braunkohle;Wirbelschichtkohle;Ja;Nein;11,25;9,2;Sonstige;TeileinspeisungEigenverbrauch;Mittelspannung;SWO Netz GmbH (SNB943662886851);Nein;
Einzelanlage;SEE975444777408;VERBUND Innkraftwerke GmbH;T?gingNeu MS3;84513;T?ging;Auenstra?e;1;Bayern;Deutschland;2022;;InBetrieb;Wasser;;Nein;Ja;40;40;Laufwasseranlage;Volleinspeisung;Hochspannung;Bayernwerk Netz GmbH (SNB940352624434);Nein;
Einzelanlage;SEE982332501670;VERBUND Innkraftwerke GmbH;Kraftwerk Rosenheim MS2;83101;Rohrdorf;Ahornstra?e;10;Bayern;Deutschland;1960;;InBetrieb;Wasser;;Nein;Ja;11,7;11,7;Laufwasseranlage;Volleinspeisung;Hochspannung;Bayernwerk Netz GmbH (SNB940352624434);Nein;
Einzelanlage;SEE982564834379;Uniper Kraftwerke GmbH;Altheim K1;84051;Essenbach;Kraftwerkstra?e;22;Bayern;Deutschland;1951;;InBetrieb;Wasser;;Nein;Ja;5,718;5,718;Laufwasseranlage;Volleinspeisung;Hochspannung;Bayernwerk Netz GmbH (SNB940352624434);Nein;
Einzelanlage;SEE985206646330;Stadtwerke Kiel AG;K?stenkraftwerk K.I.E.L Motor 10;24149;Kiel;Hasselfelde;30;SchleswigHolstein;Deutschland;2018;;InBetrieb;Erdgas;ErdgasErdoelgas;Ja;Nein;9,571;9,456;Verbrennungsmotor;Volleinspeisung;Hochspannung;SWKiel Netz GmbH (SNB973742186519);Nein;
Einzelanlage;SEE987007884447;RWE Power AG;Weisweiler G;52249;Eschweiler;Am Kraftwerk;17;NordrheinWestfalen;Deutschland;1974;;InBetrieb;Braunkohle;Rohbraunkohlen;Ja;Nein;703;663;KondensationsmaschinemitEntnahme;Volleinspeisung;Hoechstspannung;Amprion GmbH (SNB976890256486);Nein;
Einzelanlage;SEE993385162510;R.D.M. Arnsberg GmbH;BVI-NT;59821;Arnsberg;Hellefelder Stra?e;51;NordrheinWestfalen;Deutschland;1957;;InBetrieb;Steinkohle;Steinkohlen;Ja;Nein;6,6;5,786;KondensationsmaschinemitEntnahme;TeileinspeisungEigenverbrauch;Mittelspannung;Westnetz GmbH (SNB921897286493);Nein;
Einzelanlage;SEE974767618801;Stadtwerke Duisburg AG;Mitte BHKW 2 Modul 2;47053;Duisburg;Bungertstr.;27;NordrheinWestfalen;Deutschland;2023;;InBetrieb;Erdgas;ErdgasErdoelgas;Ja;Nein;4,5;4,472;Verbrennungsmotor;Volleinspeisung;Hochspannung;Netze Duisburg GmbH (SNB916123648602);Nein;
Einzelanlage;SEE978399772948;WSW Energie & Wasser AG;GT12;42275;Wuppertal;Am Clef;32;NordrheinWestfalen;Deutschland;2005;;InBetrieb;Erdgas;ErdgasErdoelgas;Ja;Nein;28,5;27,6;GasturbinenmitAbhitzekessel;Volleinspeisung;UmspannungZurMittelspannung;WSW Netz GmbH (SNB914306944756);Nein;
Einzelanlage;SEE979861364876;K+S Minerals and Agriculture GmbH;Kraftwerk WI DT 2.1;36266;Heringen;In der Aue;1;Hessen;Deutschland;2009;;InBetrieb;Erdgas;ErdgasErdoelgas;Ja;Nein;53,549;52,7;GasturbinenmitAbhitzekessel;TeileinspeisungEigenverbrauch;Hochspannung;Avacon Netz GmbH (SNB990362338043);Nein;
Einzelanlage;SEE996946209945;Caterpillar Energy Solutions;P12;68167;Mannheim;Carl-Benz-Stra?e;1;BadenWuerttemberg;Deutschland;1939;;InBetrieb;Erdgas;ErdgasErdoelgas;Nein;Nein;3,375;3,375;Verbrennungsmotor;TeileinspeisungEigenverbrauch;Mittelspannung;MVV Netze GmbH (SNB985472799266);Nein;
Einzelanlage;SEE997108032975;Karlsruher Institut f?r Technologie;KIT_CN_BHKW_0255;76344;Eggenstein-Leopoldshafen;Hermann-von-Helmholtz-Platz;1;BadenWuerttemberg;Deutschland;2011;;InBetrieb;Erdgas;ErdgasErdoelgas;Ja;Nein;1,98;1,98;Verbrennungsmotor;TeileinspeisungEigenverbrauch;Mittelspannung;Karlsruher Institut f?r Technologie (SNB955784827612);Nein;
Einzelanlage;SEE997216629753;Papier- u. Kartonfabrik Varel GmbH & Co. KG;PKV Dampfsammelschienen-KWK-Anlage Generator / Turbine DT 13;26316;Varel;Dangaster Stra?e;38;Niedersachsen;Deutschland;1973;;InBetrieb;Waerme;None;Ja;Nein;7,28;7,061;GegendruckmaschineohneEntnahme;TeileinspeisungEigenverbrauch;Mittelspannung;EWE NETZ GmbH (SNB951051725711);Nein;
Einzelanlage;SEE997982071411;RWE Generation Hydro GmbH;Neef Maschine 2;56858;Neef;Moseluferstra?e;;RheinlandPfalz;Deutschland;1966;;InBetrieb;Wasser;;Nein;Ja;4,1;4,1;Laufwasseranlage;Volleinspeisung;Mittelspannung;Westnetz GmbH (SNB921897286493);Nein;
Einzelanlage;SEE976352702957;trlyr 9 GmbH & Co. KG;trlyr 9;29614;Soltau;Harburger Strasse;120;Niedersachsen;Deutschland;2026;;InBetrieb;Batteriespeicher;;Nein;Nein;17,25;17,25;Batterie;Volleinspeisung;Mittelspannung;EWE NETZ GmbH (SNB951051725711);Nein;
Einzelanlage;SEE976533716001;LEW Wasserkraft;Gersthofen M4;86368;Gersthofen;Adolf-von-Baeyer-Stra?e;1;Bayern;Deutschland;1901;;InBetrieb;Wasser;;Nein;Ja;1,974;1,969;Laufwasseranlage;TeileinspeisungEigenverbrauch;Mittelspannung;LEW Verteilnetz GmbH (SNB911705062982);Nein;
Einzelanlage;SEE977277909087;Uniper Kraftwerke GmbH;M?hltal F1;82064;Stra?lach-Dingharting;M?hlthal;7;Bayern;Deutschland;2011;;InBetrieb;Wasser;;Nein;Ja;3,74;3,74;Laufwasseranlage;Volleinspeisung;Mittelspannung;Bayernwerk Netz GmbH (SNB940352624434);Nein;
Einzelanlage;SEE980016033738;EnBW Energie Baden-W?rttemberg AG;Rheinhafen-Dampfkraftwerk RDK 7;76189;Karlsruhe;Fettweisstra?e;42;BadenWuerttemberg;Deutschland;1985;;Netzreserve aufgrund von KVBG;Steinkohle;Steinkohlen;Ja;Nein;536;517;KondensationsmaschinemitEntnahme;TeileinspeisungEigenverbrauch;Hoechstspannung;TransnetBW GmbH (SNB984944755380);Nein;
Einzelanlage;SEE980046698020;Maxauer Papierfarbik GmbH;Turbine 5;76187;Karlsruhe;Mitscherlichstra?e;;BadenWuerttemberg;Deutschland;2020;;InBetrieb;Waerme;Dampf;Ja;Nein;57,3;54;KondensationsmaschinemitEntnahme;TeileinspeisungEigenverbrauch;Hochspannung;Stadtwerke Karlsruhe Netzservice GmbH (SNB971087047229);Nein;
Einzelanlage;SEE980337143772;EnBW Energie Baden-W?rttemberg AG;WKW Reckingen M2;79761;Waldshut-Tiengen;Tiengener Stra?e;8 ;BadenWuerttemberg;Deutschland;1941;;InBetrieb;Wasser;;Nein;Ja;21;21;Laufwasseranlage;TeileinspeisungEigenverbrauch;Hochspannung;Netze BW GmbH (SNB948311994307);Ja;19
Einzelanlage;SEE955076814825;eins energie in sachsen GmbH & Co. KG;Motor-Heizkraftwerk Chemnitz-Nord, Motor 7;09114;Chemnitz;Blankenburgstra?e;2;Sachsen;Deutschland;2023;;InBetrieb;Erdgas;ErdgasErdoelgas;Ja;Nein;12,65;12,538;Verbrennungsmotor;TeileinspeisungEigenverbrauch;Hochspannung;inetz GmbH (SNB916663914472);Nein;
Einzelanlage;SEE956441736957;GLOBALFOUNDRIES Dresden Module Two LLC & Co. KG;Gasmotoren-Blockheizkraftwerk I (Generator 6);01468;Moritzburg;Ringstra?e;3;Sachsen;Deutschland;1998;;InBetrieb;Erdgas;ErdgasErdoelgas;Ja;Nein;3,884;3,879;Verbrennungsmotor;TeileinspeisungEigenverbrauch;Mittelspannung;SachsenNetze GmbH (SNB980808485264);Nein;
Einzelanlage;SEE934353123843;VERBUND Energy4Business Germany GmbH;Batterie Iphofen;97346;Iphofen;;;Bayern;Deutschland;2022;;InBetrieb;Batteriespeicher;;Nein;Nein;20,7;20,7;Batterie;Volleinspeisung;UmspannungZurMittelspannung;N-ERGIE Netz GmbH (SNB973875583315);Nein;
Einzelanlage;SEE939426112649;RWE Generation SE;Gersteinwerk I DT (I2);59368;Werne;Hammer Stra?e;2;NordrheinWestfalen;Deutschland;1973;;vorl?ufig Stillgelegt;Erdgas;ErdgasErdoelgas;Nein;Nein;355;355;KondensationsmaschinemitEntnahme;TeileinspeisungEigenverbrauch;Hoechstspannung;Amprion GmbH (SNB976890256486);Nein;
Einzelanlage;SEE940779412058;Schluchseewerk AG;KW H?usern MS A1;79837;H?usern;Schwarzabruck;2;BadenWuerttemberg;Deutschland;1931;;InBetrieb;Pumpspeicher;;Nein;Nein;30;30;Pumpspeicher;None;Hochspannung;Amprion GmbH (SNB976890256486);Nein;
Einzelanlage;SEE948093740512;MVV Umwelt Asset GmbH;MHKW Mannheim Generator TE0;68169;Mannheim;Otto-Hahn-Stra?e;1;BadenWuerttemberg;Deutschland;2012;;InBetrieb;Abfall;AbfallHausmuellSiedlungsabfaelle;Ja;Nein;8,85;4,26;GegendruckmaschinemitEntnahme;TeileinspeisungEigenverbrauch;Mittelspannung;MVV Netze GmbH (SNB985472799266);Nein;
Einzelanlage;SEE949306551550;UKE Immobilien-Verwaltungs GmbH & Co. KG;BHKW;20251;Hamburg;Martinistra?e;52;Hamburg;Deutschland;2013;;InBetrieb;Erdgas;ErdgasErdoelgas;Ja;Nein;1,999;1,999;Verbrennungsmotor;TeileinspeisungEigenverbrauch;Mittelspannung;Hamburger Energienetze GmbH (SNB968295079586);Nein;
Einzelanlage;SEE957119289898;Firma Mercedes-Benz AG Werk 050 HPC NC50 LN-Nr.: 17319765;W059-RD_122/IV_0463-0469;70327;Stuttgart;Mercedesstra?e;137;BadenWuerttemberg;Deutschland;2015;;InBetrieb;Mineraloelprodukte;Dieselkraftstoff;Nein;Nein;8,622;8,622;Verbrennungsmotor;TeileinspeisungEigenverbrauch;Niederspannung;Power Supply Systems GmbH (SNB960349538834);Nein;
Einzelanlage;SEE987324322059;Stadtwerke Kiel AG;K?stenkraftwerk K.I.E.L Motor 20;24149;Kiel;Hasselfelde;30;SchleswigHolstein;Deutschland;2018;;InBetrieb;Erdgas;ErdgasErdoelgas;Ja;Nein;9,571;9,456;Verbrennungsmotor;Volleinspeisung;Hochspannung;SWKiel Netz GmbH (SNB973742186519);Nein;
Einzelanlage;SEE988046628214;Lausitz Energie Kraftwerke AG;Gasturbinenkraftwerk Ahrensfelde GT C;16356;Ahrensfelde;Lindenberger Stra?e;12;Brandenburg;Deutschland;1991;;Kapazit?tsreserve aufgrund von ? 13e EnWG;Erdgas;ErdgasErdoelgas;Nein;Nein;38,34;37,104;GasturbinenmitAbhitzekessel;Volleinspeisung;Hochspannung;50Hertz Transmission GmbH (SNB982046657236);Nein;
stillgelegte Anlagen;SEE989520528877;Stadtwerke Leipzig GmbH;BMKW Bischofferode;37345;Am Ohmberg;Schachtstra?e;1;Thueringen;Deutschland;2005;2026;endg?ltig stillgelegt nach ? 13b EnWG;Biomasse;;Nein;Ja;20;18,1;KondensationsmaschinemitEntnahme;Volleinspeisung;Mittelspannung;TEN Th?ringer Energienetze GmbH & Co. KG (SNB970821959712);Nein;
Einzelanlage;SEE993546424112;Enertec Hameln GmbH;Turbine 2;31789;Hameln;Heinrich-Schoormann-Weg;1;Niedersachsen;Deutschland;1952;;InBetrieb;Abfall;AbfallHausmuellSiedlungsabfaelle;Nein;Nein;20;12,62;KondensationsmaschineohneEntnahme;TeileinspeisungEigenverbrauch;Hochspannung;Westfalen Weser Netz GmbH (SNB929881052512);Nein;
Einzelanlage;SEE994391041424;EnBW Energie Baden-W?rttemberg AG;Kraftwerk Marbach MAR 3 GT (solo);71672;Marbach;Ludwigsburger Stra?e;100/1;BadenWuerttemberg;Deutschland;1975;;Netzreserve aufgrund ? 13b EnWG;Mineraloelprodukte;HeizoelLeicht;Nein;Nein;85;85;GasturbinenmitAbhitzekessel;Volleinspeisung;Hochspannung;Netze BW GmbH (SNB948311994307);Nein;
Einzelanlage;SEE967003406416;Uniper Kraftwerke GmbH;Pfrombach D F2;85368;Moosburg;Am Kraftwerk;1;Bayern;Deutschland;1929;;InBetrieb;Wasser;;Nein;Ja;4,38;4,38;Laufwasseranlage;Volleinspeisung;Hochspannung;Bayernwerk Netz GmbH (SNB940352624434);Nein;
Einzelanlage;SEE970820981745;SYNEQT GmbH;Kraftwerk VI, Block 62, DT620;45772;Marl;Paul-Baumann-Stra?e;1;NordrheinWestfalen;Deutschland;2022;;InBetrieb;Erdgas;ErdgasErdoelgas;Ja;Nein;36,08;35,98;GegendruckmaschinemitEntnahme;Volleinspeisung;Hochspannung;CPM Netz GmbH (SNB956923775696);Nein;
Einzelanlage;SEE949646756097;Forschungszentrum J?lich GmbH;FZJ_BATA_10.55;52428;J?lich;;;NordrheinWestfalen;Deutschland;2022;;InBetrieb;Batteriespeicher;;Nein;Nein;1,05;1,05;Batterie;TeileinspeisungEigenverbrauch;UmspannungZurMittelspannung;Westnetz GmbH (SNB921897286493);Nein;
Einzelanlage;SEE951582148140;Kraftwerke Mainz-Wiesbaden AG;BHKW KW5 51;55120;Mainz;Kraftwerkallee;1;RheinlandPfalz;Deutschland;2020;;InBetrieb;Erdgas;ErdgasErdoelgas;Ja;Nein;10,02;9,93;Verbrennungsmotor;TeileinspeisungEigenverbrauch;Hochspannung;Mainzer Netze GmbH (SNB959523885956);Nein;
Einzelanlage;SEE993922966908;BMW AG;KWK 3 Geb. 192.0;84130;Dingolfing;Karl-Dompert-Stra?e;7;Bayern;Deutschland;2017;;InBetrieb;Erdgas;ErdgasErdoelgas;Ja;Nein;4,13;4,13;Verbrennungsmotor;TeileinspeisungEigenverbrauch;Hochspannung;Bayernwerk Netz GmbH (SNB940352624434);Nein;
Einzelanlage;SEE995462815548;Stadtwerke Bielefeld GmbH Assetmanagement Onshore Wind und PV (ZA);HKW Schildescher Stra?e DT 4;33611;Bielefeld;Schildescher Strasse;16-5- hw;NordrheinWestfalen;Deutschland;1966;;InBetrieb;Erdgas;ErdgasErdoelgas;Ja;Nein;28,5;28,5;GegendruckmaschinemitEntnahme;TeileinspeisungEigenverbrauch;Hochspannung;Bielefelder Netz GmbH (SNB918516395612);Nein;
Einzelanlage;SEE999051917675;Solarpark Jerchel West GmbH & Co. KG;Speicher Jerchel West - Teilanlage 3;14715;Milower Land;;;Brandenburg;Deutschland;2025;;InBetrieb;Batteriespeicher;;Nein;Nein;6,16;5,6;Batterie;Volleinspeisung;Hochspannung;E.DIS Netz GmbH (SNB941690671609);Nein;
Einzelanlage;SEE953872640426;Stadtwerke M?nster GmbH;Dampfturbine;48155;M?nster;Am Mittelhafen;11;NordrheinWestfalen;Deutschland;2005;;InBetrieb;Waerme;Dampf;Ja;Nein;38;35,2;GegendruckmaschinemitEntnahme;TeileinspeisungEigenverbrauch;Mittelspannung;Stadtnetze M?nster GmbH (SNB980883363112);Nein;
Einzelanlage;SEE954220263762;Donau-Wasserkraft AG;Vohburg E K2;85088;Vohburg;Am Stausee;1;Bayern;Deutschland;1992;;InBetrieb;Wasser;;Nein;Ja;9,7;7,76;Laufwasseranlage;Volleinspeisung;Hochspannung;DB Energie GmbH (Bahnstromnetz 16,7 Hz) (SNB942182027607);Nein;
Einzelanlage;SEE997719859992;BEW Berliner Energie und W?rme GmbH;HKW Klingenberg Dampfturbine 1;10317;Berlin;K?penicker Chaussee;42-45;Berlin;Deutschland;1981;;InBetrieb;Erdgas;ErdgasErdoelgas;Ja;Nein;60;52;GegendruckmaschinemitEntnahme;TeileinspeisungEigenverbrauch;Hochspannung;Stromnetz Berlin GmbH (SNB979269087643);Nein;
Einzelanlage;SEE998356674993;Smurfit Westrock Z?lpich Paper GmbH;GT1;53909;Z?lpich;Zum M?hlengraben;1;NordrheinWestfalen;Deutschland;1996;;InBetrieb;Erdgas;ErdgasErdoelgas;Ja;Nein;5,4;4,946;GasturbinenmitAbhitzekessel;Volleinspeisung;UmspannungZurMittelspannung;Westnetz GmbH (SNB921897286493);Nein;
Einzelanlage;SEE998558143099;Pfeifer & Langen GmbH & Co. KG;Generator J?lich;52428;J?lich;D?rener Str.;20;NordrheinWestfalen;Deutschland;2004;;InBetrieb;Erdgas;ErdgasErdoelgas;Ja;Nein;25,21;22,86;GegendruckmaschinemitEntnahme;TeileinspeisungEigenverbrauch;Mittelspannung;Stadtwerke J?lich GmbH (SNB973672371320);Nein;
Einzelanlage;SEE974805767829;Infraserv GmbH & Co. H?chst KG;IPH Strom GTX 8;65929;Frankfurt;Br?ningstra?e;50;Hessen;Deutschland;2022;;InBetrieb;Erdgas;ErdgasErdoelgas;Ja;Nein;90,684;89,116;GasturbinenmitAbhitzekessel;Volleinspeisung;Hochspannung;Syna Hochspannungsnetz GmbH & Co. KG (SNB980986433484);Nein;
Einzelanlage;SEE976489828827;Currenta GmbH & Co. OHG;LEV KWG G11;51373;Leverkusen;Kaiser-Wilhelm-Allee;80;NordrheinWestfalen;Deutschland;1955;;InBetrieb;Steinkohle;Steinkohlen;Ja;Nein;20;19,235;GegendruckmaschineohneEntnahme;TeileinspeisungEigenverbrauch;UmspannungZurMittelspannung;NETCUR GmbH (SNB974711150357);Nein;
Einzelanlage;SEE978654614532;RWE Generation SE;Gersteinwerk H1;59368;Werne;Hammer Stra?e;2;NordrheinWestfalen;Deutschland;2022;;InBetrieb;Erdgas;ErdgasErdoelgas;Nein;Nein;46;46;GasturbinenohneAbhitzekessel;Volleinspeisung;Hoechstspannung;Westnetz GmbH (SNB921897286493);Nein;
Einzelanlage;SEE982248430859;Rh?nEnergie Fulda GmbH;Kraftwerk Fulda Aggregat 5;36043;Fulda;Frankfurter Stra?e;4;Hessen;Deutschland;2010;;InBetrieb;Mineraloelprodukte;Dieselkraftstoff;Nein;Nein;1,2;1,12;Verbrennungsmotor;Volleinspeisung;Mittelspannung;OsthessenNetz GmbH (SNB934071779865);Nein;
Einzelanlage;SEE987913244618;Papier- u. Kartonfabrik Varel GmbH & Co. KG;PKV Dampfsammelschienen-KWK-Anlage Generator / Turbine DT 7;26316;Varel;Dangaster Stra?e;38;Niedersachsen;Deutschland;2003;;InBetrieb;Waerme;None;Ja;Nein;12,7;12,025;GegendruckmaschineohneEntnahme;TeileinspeisungEigenverbrauch;Mittelspannung;EWE NETZ GmbH (SNB951051725711);Nein;
Einzelanlage;SEE959496642280;AVA Velsen GmbH;AVA Velsen GmbH;66127;Saarbr?cken;Alte Grube Velsen;16;Saarland;Deutschland;1997;;InBetrieb;Abfall;AbfallHausmuellSiedlungsabfaelle;Ja;Nein;21;16;KondensationsmaschinemitEntnahme;TeileinspeisungEigenverbrauch;Hochspannung;Creos Deutschland GmbH (SNB940133714842);Nein;
Einzelanlage;SEE959614237596;Rh?nEnergie Fulda GmbH;Kraftwerk Fulda Aggregat 4B;36043;Fulda;Frankfurter Stra?e;4;Hessen;Deutschland;2011;;InBetrieb;Mineraloelprodukte;Dieselkraftstoff;Nein;Nein;2,845;2,76;Verbrennungsmotor;Volleinspeisung;Mittelspannung;OsthessenNetz GmbH (SNB934071779865);Nein;
Einzelanlage;SEE961674911293;Schluchseewerk AG;KW Witznau MS A4;79777;?hlingen-Birkendorf;Schwarzatalstra?e;5;BadenWuerttemberg;Deutschland;1947;;InBetrieb;Pumpspeicher;;Nein;Nein;55;55;Pumpspeicher;None;Hochspannung;Amprion GmbH (SNB976890256486);Nein;
Einzelanlage;SEE963154903477;BTB Blockheizkraftwerks-, Tr?ger- und Betreibergesellschaft;KWK Adlershof Modul 4;12489;Berlin;Albert-Einstein-Stra?e;22;Berlin;Deutschland;2023;;InBetrieb;Erdgas;ErdgasErdoelgas;Ja;Nein;4,502;4,39;Verbrennungsmotor;Volleinspeisung;Mittelspannung;Energienetze Berlin GmbH (SNB917314328846);Nein;
Einzelanlage;SEE968039156900;BIGGE ENERGIE GmbH & Co. KG;Biggekraftwerk Generator 3;57439;Attendorn;;;NordrheinWestfalen;Deutschland;1965;;InBetrieb;Wasser;;Nein;Ja;5;4,8;Speicherwasseranlage;Volleinspeisung;Mittelspannung;BIGGE ENERGIE GmbH & Co. KG (SNB990174285078);Nein;
Einzelanlage;SEE968234156613;Currenta GmbH & Co. OHG;LEV KWX G20;51373;Leverkusen;Kaiser-Wilhelm-Allee;80;NordrheinWestfalen;Deutschland;1981;;InBetrieb;Erdgas;ErdgasErdoelgas;Ja;Nein;25,6;25;GasturbinenmitAbhitzekessel;TeileinspeisungEigenverbrauch;UmspannungZurMittelspannung;NETCUR GmbH (SNB974711150357);Nein;
Einzelanlage;SEE968847258773;EnBW Energie Baden-W?rttemberg AG;Heizkraftwerk Heilbronn HLB 5;74076;Heilbronn;Lichtenbergerstra?e;21;BadenWuerttemberg;Deutschland;1965;;Netzreserve aufgrund ? 13b EnWG;Steinkohle;Steinkohlen;Nein;Nein;137;125;KondensationsmaschinemitEntnahme;Volleinspeisung;Hochspannung;Netze BW GmbH (SNB948311994307);Nein;
Einzelanlage;SEE969618944758;RWE Generation Hydro GmbH;Zeltingen Maschine 1;54492;Zeltingen-Rachtig;Uferallee;1;RheinlandPfalz;Deutschland;1964;;InBetrieb;Wasser;;Nein;Ja;3,4;3,4;Laufwasseranlage;Volleinspeisung;Mittelspannung;Westnetz GmbH (SNB921897286493);Nein;
Einzelanlage;SEE975556152230;EnBW Energie Baden-W?rttemberg AG;Heizkraftwerk Altbach/Deizisau HKW 2 GT E (Solobetrieb);73776;Altbach;Industriestra?e;11;BadenWuerttemberg;Deutschland;1997;;InBetrieb;Erdgas;ErdgasErdoelgas;Ja;Nein;65;65;GasturbinenmitAbhitzekessel;TeileinspeisungEigenverbrauch;Hochspannung;Netze BW GmbH (SNB948311994307);Nein;
Einzelanlage;SEE954787876719;SWISS KRONO TEX;Energieanlage 1;16909;Heiligengrabe;Wittstocker Chaussee;1;Brandenburg;Deutschland;1994;;InBetrieb;Biomasse;;Ja;Ja;4,5;4,5;GegendruckmaschinemitEntnahme;Volleinspeisung;Mittelspannung;E.DIS Netz GmbH (SNB941690671609);Nein;
Einzelanlage;SEE956085205437;Wacker Chemie;Turbine/Generator 8;84489;Burghausen;Johannes-Hess-Stra?e;24;Bayern;Deutschland;1979;;InBetrieb;Erdgas;ErdgasErdoelgas;Ja;Nein;46;45,8;GegendruckmaschinemitEntnahme;TeileinspeisungEigenverbrauch;Mittelspannung;Bayernwerk Netz GmbH (SNB940352624434);Nein;
Einzelanlage;SEE965711846036;Ferrero OHG mbH;KWK 2 - Kesselhaus;35260;Stadtallendorf;Michele-Ferrero-Stra?e;1;Hessen;Deutschland;2010;;InBetrieb;Erdgas;ErdgasErdoelgas;Ja;Nein;7,802;7,5;GasturbinenmitAbhitzekessel;TeileinspeisungEigenverbrauch;UmspannungZurMittelspannung;EAM Netz GmbH (SNB971311555230);Nein;
Einzelanlage;SEE970425279599;Onyx Kraftwerk Wilhelmshaven GmbH & Co. KG;Kraftwerk Wilhelmshaven Onyx;26386;Wilhelmshaven;Niedersachsendamm;10;Niedersachsen;Deutschland;2015;;InBetrieb;Steinkohle;Steinkohlen;Nein;Nein;790;726;KondensationsmaschineohneEntnahme;Volleinspeisung;Hoechstspannung;TenneT TSO GmbH (SNB970033313272);Nein;
Einzelanlage;SEE988296656760;S?dzucker AG;Dampfturbine III S?dzucker Plattling;94447;Plattling;Dr.-Ludwig-Kayser-Stra?e;1;Bayern;Deutschland;2001;;InBetrieb;Waerme;Dampf;Ja;Nein;8,64;7,725;GegendruckmaschinemitEntnahme;TeileinspeisungEigenverbrauch;Mittelspannung;Bayernwerk Netz GmbH (SNB940352624434);Nein;
Einzelanlage;SEE997618485445;Steinbeis Energie Papenburg;Steinbeis Energie Papenburg GmbH;26871;Papenburg;Am Nordhafen;5;Niedersachsen;Deutschland;2003;;InBetrieb;Biomasse;;Ja;Ja;23,1;20,8;KondensationsmaschinemitEntnahme;TeileinspeisungEigenverbrauch;Mittelspannung;EWE NETZ GmbH (SNB951051725711);Nein;
Einzelanlage;SEE932041539754;EnBW Energie Baden-W?rttemberg AG;illwerke vkw Obervermuntwerk I M2;A-6794;Partenen;Silvretta Hochalpenstrasse;;;Oesterreich;1943;;InBetrieb;Wasser;;Nein;Ja;18;18;Speicherwasseranlage;Volleinspeisung;Hoechstspannung;TransnetBW GmbH (SNB984944755380);Nein;
Einzelanlage;SEE933639931950;K+S Minerals and Agriculture GmbH;Kraftwerk NE GT KW;36119;Neuhof;Am Kaliwerk;6;Hessen;Deutschland;1990;;InBetrieb;Erdgas;ErdgasErdoelgas;Ja;Nein;1,831;1,751;GasturbinenmitAbhitzekessel;TeileinspeisungEigenverbrauch;Hochspannung;OsthessenNetz GmbH (SNB934071779865);Nein;
Einzelanlage;SEE944656117388;RWE Generation Hydro GmbH;Heimbach Maschine 1;52396;Heimbach;Kleestra?e;;NordrheinWestfalen;Deutschland;1905;;InBetrieb;Wasser;;Nein;Ja;8;8;Speicherwasseranlage;Volleinspeisung;UmspannungZurMittelspannung;Westnetz GmbH (SNB921897286493);Nein;
Einzelanlage;SEE983877705974;Lausitz Energie Kraftwerke AG;Gasturbinenkraftwerk Thyrow GT E;15806;Zossen;Am Umspannwerk;12;Brandenburg;Deutschland;1989;;Kapazit?tsreserve aufgrund von ? 13e EnWG;Erdgas;ErdgasErdoelgas;Nein;Nein;38,8;38,34;GasturbinenohneAbhitzekessel;Volleinspeisung;Hochspannung;50Hertz Transmission GmbH (SNB982046657236);Nein;
Einzelanlage;SEE985411751317;VERBUND Innkraftwerke GmbH;Kraftwerk Teufelsbruck MS5;83564;Soyen;Ponschabaustra?e;25;Bayern;Deutschland;1938;;InBetrieb;Wasser;;Nein;Ja;5;5;Laufwasseranlage;Volleinspeisung;Hochspannung;Bayernwerk Netz GmbH (SNB940352624434);Nein;
Einzelanlage;SEE985908351792;RWE Generation SE;Emsland B DT;49808;Lingen;Sch?ttorfer Stra?e;100;Niedersachsen;Deutschland;1974;;InBetrieb;Erdgas;ErdgasErdoelgas;Ja;Nein;372,6;359;KondensationsmaschinemitEntnahme;Volleinspeisung;Hoechstspannung;Amprion GmbH (SNB976890256486);Nein;
Einzelanlage;SEE993590107580;EnBW Energie Baden-W?rttemberg AG;PSW Glems 1;72555;Metzingen;Unterer Hof;2;BadenWuerttemberg;Deutschland;1964;;InBetrieb;Pumpspeicher;;Nein;Nein;45;45;Pumpspeicher;TeileinspeisungEigenverbrauch;Hochspannung;Netze BW GmbH (SNB948311994307);Nein;
Einzelanlage;SEE998216550733;Klingele Paper Weener SE & Co. KG;TWIN 1;26826;Weener;Industriestra?e;46;Niedersachsen;Deutschland;2008;;InBetrieb;Abfall;AbfallHausmuellSiedlungsabfaelle;Nein;Nein;4,704;4,69;KondensationsmaschineohneEntnahme;TeileinspeisungEigenverbrauch;Mittelspannung;EWE NETZ GmbH (SNB951051725711);Nein;
Einzelanlage;SEE998479256069;S?dzucker AG;Dampfturbine III S?dzucker AG Ochsenfurt;97199;Ochsenfurt;Marktbreiter Stra?e;74;Bayern;Deutschland;1987;;InBetrieb;Erdgas;ErdgasErdoelgas;Ja;Nein;17,435;16,547;GegendruckmaschinemitEntnahme;TeileinspeisungEigenverbrauch;Mittelspannung;N-ERGIE Netz GmbH (SNB973875583315);Nein;
Einzelanlage;SEE999539592561;Stadtwerke Flensburg;Dampfturbine 12;24939;Flensburg;Batteriestra?e;48;SchleswigHolstein;Deutschland;2016;;InBetrieb;Erdgas;ErdgasErdoelgas;Ja;Nein;27,9;27,2;GegendruckmaschineohneEntnahme;Volleinspeisung;Mittelspannung;Stadtwerke Flensburg GmbH (SNB922220582657);Nein;
Einzelanlage;SEE971746670720;RWE Generation Hydro GmbH;Fankel Maschine 1;56814;Bruttig-Fankel;Am Stausee;;RheinlandPfalz;Deutschland;1963;;InBetrieb;Wasser;;Nein;Ja;4,1;4,1;Laufwasseranlage;Volleinspeisung;Mittelspannung;Westnetz GmbH (SNB921897286493);Nein;
Einzelanlage;SEE972880386287;B?rgerwindpark Reu?enk?ge GmbH & Co. KG;Speicher 3;25821;Reu?enk?ge;;;SchleswigHolstein;Deutschland;2025;;InBetrieb;Batteriespeicher;;Nein;Nein;20;20;Batterie;Volleinspeisung;UmspannungZurMittelspannung;Reu?enk?ge Netz & Infrastruktur GmbH (SNB953011641437);Nein;
Einzelanlage;SEE963815106018;Mercer Stendal GmbH;Mercer Stendal TG 2;39596;Arneburg;Goldbecker Stra?e;1;SachsenAnhalt;Deutschland;2004;;InBetrieb;Biomasse;;Ja;Ja;48;45,762;KondensationsmaschinemitEntnahme;TeileinspeisungEigenverbrauch;Mittelspannung;Infrastrukturbetrieb der Stadt Arneburg (SNB971962135690);Nein;
Einzelanlage;SEE994477053693;Gebr. Lang GmbH Papierfabrik;Turbosatz 3;86833;Ettringen;Fabrikstra?e;4;Bayern;Deutschland;1985;;InBetrieb;Erdgas;ErdgasErdoelgas;Ja;Nein;5,122;4,831;GegendruckmaschineohneEntnahme;TeileinspeisungEigenverbrauch;UmspannungZurMittelspannung;LEW Verteilnetz GmbH (SNB911705062982);Nein;
Einzelanlage;SEE994826833730;Stadtwerke Kiel AG;K?stenkraftwerk K.I.E.L Motor 19;24149;Kiel;Hasselfelde;30;SchleswigHolstein;Deutschland;2018;;InBetrieb;Erdgas;ErdgasErdoelgas;Ja;Nein;9,571;9,456;Verbrennungsmotor;Volleinspeisung;Hochspannung;SWKiel Netz GmbH (SNB973742186519);Nein;
Einzelanlage;SEE999588015110;MHKW M?llheizkraftwerk Frankfurt am Main GmbH;Turbine 3;60439;Frankfurt;Heddernheimer Landstra?e;157;Hessen;Deutschland;1986;;InBetrieb;Abfall;AbfallHausmuellSiedlungsabfaelle;Ja;Nein;27,5;26;KondensationsmaschinemitEntnahme;TeileinspeisungEigenverbrauch;Mittelspannung;NRM Netzdienste Rhein-Main GmbH (SNB921899277833);Nein;
Einzelanlage;SEE968984873471;Caterpillar Energy Solutions;P34;68167;Mannheim;Carl-Benz-Stra?e;1;BadenWuerttemberg;Deutschland;2007;;InBetrieb;Erdgas;ErdgasErdoelgas;Nein;Nein;1,38;1,32;Verbrennungsmotor;TeileinspeisungEigenverbrauch;Mittelspannung;MVV Netze GmbH (SNB985472799266);Nein;
Einzelanlage;SEE977514334252;Energieversorgung Offenbach AG;M?llheizkraftwerk Offenbach Turbine 2;63069;Offenbach;Dietzenbacher Stra?e;189;Hessen;Deutschland;2006;;InBetrieb;Abfall;AbfallHausmuellSiedlungsabfaelle;Ja;Nein;2,28;2,12;GegendruckmaschineohneEntnahme;TeileinspeisungEigenverbrauch;Mittelspannung;Energienetze Offenbach GmbH (SNB915100694458);Nein;
Einzelanlage;SEE980645990990;Firma Mercedes-Benz AG Werk 050 HPC NC50 LN-Nr.: 17319765;W059-RD_Geb. 130/8_3001-3032;70327;Stuttgart;Mercedesstra?e;137;BadenWuerttemberg;Deutschland;2015;;InBetrieb;Mineraloelprodukte;Dieselkraftstoff;Nein;Nein;9,826;9,826;Verbrennungsmotor;TeileinspeisungEigenverbrauch;Niederspannung;Power Supply Systems GmbH (SNB960349538834);Nein;
Einzelanlage;SEE983926102600;Rolls-Royce Solutions;PST_210;88048;Friedrichshafen;Dom?nenstra?e;2;BadenWuerttemberg;Deutschland;2024;;InBetrieb;Erdgas;ErdgasErdoelgas;Nein;Nein;4,75;4,4175;Verbrennungsmotor;TeileinspeisungEigenverbrauch;Mittelspannung;Stadtwerk am See GmbH & Co. KG (SNB993059842564);Nein;
Einzelanlage;SEE985446296883;RWE Generation Hydro GmbH;Neef Maschine 4;56858;Neef;Moseluferstra?e;;RheinlandPfalz;Deutschland;1966;;InBetrieb;Wasser;;Nein;Ja;4,1;4,1;Laufwasseranlage;Volleinspeisung;Mittelspannung;Westnetz GmbH (SNB921897286493);Nein;
Einzelanlage;SEE987326760026;Nordzucker;Generator 1;31249;Hohenhameln;Zuckerfabrik;3;Niedersachsen;Deutschland;2008;;InBetrieb;Erdgas;ErdgasErdoelgas;Ja;Nein;18,65;17,65;GegendruckmaschinemitEntnahme;TeileinspeisungEigenverbrauch;Mittelspannung;Avacon Netz GmbH (SNB990362338043);Nein;
Einzelanlage;SEE957726925516;Stadt Solingen;Dampfturbineneinheit 3;42655;Solingen;Sandstra?e;16a;NordrheinWestfalen;Deutschland;2007;;InBetrieb;Abfall;AbfallHausmuellSiedlungsabfaelle;Ja;Nein;8,3;4,44;KondensationsmaschinemitEntnahme;Volleinspeisung;Mittelspannung;SWS Netze Solingen GmbH (SNB969362778135);Nein;
Einzelanlage;SEE958354990617;BSA Elsteraue GmbH;BES ELS;06729;Elsteraue;Dr.-Bergius-Stra?e;;SachsenAnhalt;Deutschland;2024;;InBetrieb;Batteriespeicher;;Nein;Nein;20,295;20,295;Batterie;Volleinspeisung;Mittelspannung;Mitteldeutsche Netzgesellschaft Strom mbH (SNB916269213931);Nein;
Einzelanlage;SEE959343099212;Westfalen Weser Energieerzeugung GmbH & Co. KG;Kraftwerk Kirchlengern_GT1;32278;Kirchlengern;Bahnhofstra?e;40;NordrheinWestfalen;Deutschland;1981;;InBetrieb;Erdgas;ErdgasErdoelgas;Nein;Nein;105;102;GasturbinenohneAbhitzekessel;TeileinspeisungEigenverbrauch;Hochspannung;Westfalen Weser Netz GmbH (SNB929881052512);Nein;
Einzelanlage;SEE964242179781;RWE Generation SE;Gersteinwerk K;59368;Werne;Hammer Stra?e;2;NordrheinWestfalen;Deutschland;1984;;Kapazit?tsreserve aufgrund von ? 13e EnWG;Erdgas;ErdgasErdoelgas;Nein;Nein;112,5;112;GasturbinenohneAbhitzekessel;TeileinspeisungEigenverbrauch;Hochspannung;Westnetz GmbH (SNB921897286493);Nein;
Einzelanlage;SEE969190320896;Uniper Kraftwerke GmbH;Pielweichs K1;94447;Plattling;An der Staustufe;1;Bayern;Deutschland;1994;;InBetrieb;Wasser;;Nein;Ja;4,2;4,2;Laufwasseranlage;Volleinspeisung;Mittelspannung;Bayernwerk Netz GmbH (SNB940352624434);Nein;
Einzelanlage;SEE969468708715;M?nch SmartCharge Systems GmbH;BESS Leuna 4;06217;Merseburg;;;SachsenAnhalt;Deutschland;2026;;InBetrieb;Batteriespeicher;;Nein;Nein;50,94;46,332;Batterie;Volleinspeisung;UmspannungZurMittelspannung;Mitteldeutsche Netzgesellschaft Strom mbH (SNB916269213931);Nein;
Einzelanlage;SEE991358537341;RWE Generation Hydro GmbH;Enkirch Maschine 3;56850;Enkirch;An der B 53;1;RheinlandPfalz;Deutschland;1966;;InBetrieb;Wasser;;Nein;Ja;4,6;4,6;Laufwasseranlage;Volleinspeisung;Mittelspannung;Westnetz GmbH (SNB921897286493);Nein;
Einzelanlage;SEE991939746742;Donau-Wasserkraft AG;Langenprozelten E F1;97737;Gem?nden;Am Sindersbach;25;Bayern;Deutschland;1976;;InBetrieb;Pumpspeicher;;Nein;Nein;84,2;82;Pumpspeicher;Volleinspeisung;Hochspannung;DB Energie GmbH (Bahnstromnetz 16,7 Hz) (SNB942182027607);Nein;
Einzelanlage;SEE992980224760;BTB Blockheizkraftwerks-, Tr?ger- und Betreibergesellschaft;KWK Adlershof Modul 1;12489;Berlin;Albert-Einstein-Stra?e;22;Berlin;Deutschland;2023;;InBetrieb;Erdgas;ErdgasErdoelgas;Ja;Nein;4,502;4,39;Verbrennungsmotor;Volleinspeisung;Mittelspannung;Energienetze Berlin GmbH (SNB917314328846);Nein;
Einzelanlage;SEE994351082467;SYNEQT GmbH;Kraftwerk VI, Block 61, DT610;45772;Marl;Paul-Baumann-Stra?e;1;NordrheinWestfalen;Deutschland;2022;;InBetrieb;Erdgas;ErdgasErdoelgas;Ja;Nein;35,8;35,7;GegendruckmaschinemitEntnahme;Volleinspeisung;Hochspannung;CPM Netz GmbH (SNB956923775696);Nein;
Einzelanlage;SEE996136363488;ENTEGA AG;GT12;64293;Darmstadt;Frankfurter Stra?e;100;Hessen;Deutschland;2011;;Netzreserve aufgrund ? 13b EnWG;Erdgas;ErdgasErdoelgas;Nein;Nein;47,5;46,5;GasturbinenohneAbhitzekessel;Volleinspeisung;UmspannungZurMittelspannung;e-netz S?dhessen AG (SNB956958990736);Nein;
Einzelanlage;SEE998402334093;Stadtwerke Bielefeld GmbH Assetmanagement Onshore Wind und PV (ZA);Batterie HKW Bi Hybrid;33611;Bielefeld;Schildescher Stra?e;16;NordrheinWestfalen;Deutschland;2020;;InBetrieb;Batteriespeicher;;Nein;Nein;7,5;7,5;Batterie;TeileinspeisungEigenverbrauch;Hochspannung;Bielefelder Netz GmbH (SNB918516395612);Nein;
Einzelanlage;SEE965922127559;RWE Generation Hydro GmbH;Trier Maschine 1;54294;Trier;An der B51;;RheinlandPfalz;Deutschland;1962;;InBetrieb;Wasser;;Nein;Ja;4,7;4,7;Laufwasseranlage;Volleinspeisung;UmspannungZurMittelspannung;Westnetz GmbH (SNB921897286493);Nein;
Einzelanlage;SEE966264899036;Technische Werke Ludwigshafen am Rhein;FHKW DT5;67063;Ludwigshafen;Industriestra?e;3;RheinlandPfalz;Deutschland;2005;;InBetrieb;Waerme;Dampf;Ja;Nein;10;9,1443;GegendruckmaschinemitEntnahme;TeileinspeisungEigenverbrauch;Mittelspannung;TWL Netze GmbH (SNB935578300972);Nein;
Einzelanlage;SEE971949289934;Rolls-Royce Solutions Augsburg GmbH;Pr?fstand 5;86165;Augsburg;Dasinger Stra?e;11;Bayern;Deutschland;2004;;InBetrieb;Erdgas;ErdgasErdoelgas;Nein;Nein;3,2;3,15;Verbrennungsmotor;TeileinspeisungEigenverbrauch;Mittelspannung;swa Netze GmbH (SNB958077102830);Nein;
Einzelanlage;SEE974889284021;ExxonMobil Production Deutschland GmbH;Expansionsturbinen S;26197;Gro?enkneten;Vor dem Esch;12;Niedersachsen;Deutschland;1992;;InBetrieb;Sonstige Energietraeger (nicht erneuerbar);;Nein;Nein;1,3;1,2;Sonstige;TeileinspeisungEigenverbrauch;Mittelspannung;EWE NETZ GmbH (SNB951051725711);Nein;
Einzelanlage;SEE979360835242;Stadt Solingen;Dampfturbineneinheit 2;42655;Solingen;Sandstra?e;16a;NordrheinWestfalen;Deutschland;1969;;InBetrieb;Abfall;AbfallHausmuellSiedlungsabfaelle;Ja;Nein;5,3;2,8;KondensationsmaschinemitEntnahme;Volleinspeisung;Mittelspannung;SWS Netze Solingen GmbH (SNB969362778135);Nein;
Einzelanlage;SEE988071059649;BASF SE;V159 ET;67063;Ludwigshafen;Carl-Bosch-Stra?e;38;RheinlandPfalz;Deutschland;2013;;InBetrieb;Sonstige Energietraeger (nicht erneuerbar);;Nein;Nein;2,3;2,25;Sonstige;TeileinspeisungEigenverbrauch;Hoechstspannung;Amprion GmbH (SNB976890256486);Nein;
Einzelanlage;SEE989591633753;Lausitz Energie Kraftwerke AG;Kraftwerk J?nschwalde Block C;03185;Teichland;Am Kraftwerk;;Brandenburg;Deutschland;1984;;InBetrieb;Braunkohle;Rohbraunkohlen;Ja;Nein;535;500;KondensationsmaschinemitEntnahme;TeileinspeisungEigenverbrauch;Hoechstspannung;50Hertz Transmission GmbH (SNB982046657236);Nein;
Einzelanlage;SEE997242656822;SWE Energie GmbH;GT 3;99087;Erfurt;Stotternheimer Stra?e;40;Thueringen;Deutschland;2014;;InBetrieb;Erdgas;ErdgasErdoelgas;Ja;Nein;33,77;33;GasturbinenmitnachgeschalteterDampfturbine;Volleinspeisung;Hochspannung;SWE Netz GmbH (Erfurt) (SNB950262883869);Nein;
Einzelanlage;SEE998261618013;Enertec Hameln GmbH;Turbine 1;31789;Hameln;Heinrich-Schoormann-Weg;1;Niedersachsen;Deutschland;1979;;InBetrieb;Abfall;AbfallHausmuellSiedlungsabfaelle;Ja;Nein;8,19;4,93;GegendruckmaschineohneEntnahme;TeileinspeisungEigenverbrauch;Hochspannung;Westfalen Weser Netz GmbH (SNB929881052512);Nein;
Einzelanlage;SEE998778600532;WUN Pellets GmbH;WUN Pellets - BHKW-Modul I;95632;Wunsiedel;Am Energiepark;3;Bayern;Deutschland;2018;;InBetrieb;Erdgas;ErdgasErdoelgas;Ja;Nein;4,5;4,41;Verbrennungsmotor;TeileinspeisungEigenverbrauch;Mittelspannung;SWW Wunsiedel GmbH (SNB967812386411);Nein;
Einzelanlage;SEE972598164399;ADM Hamburg Aktiengesellschaft;Dampfturbine;21107;Hamburg;Nippoldstra?e;117;Hamburg;Deutschland;2009;;InBetrieb;Erdgas;ErdgasErdoelgas;Ja;Nein;2,06;2,04;GegendruckmaschineohneEntnahme;TeileinspeisungEigenverbrauch;Mittelspannung;Hamburger Energienetze GmbH (SNB968295079586);Nein;
Einzelanlage;SEE981003349412;SWN Stadtwerke Neum?nster GmbH;T6;24534;Neum?nster;Bismarckstra?e;51;SchleswigHolstein;Deutschland;2014;;InBetrieb;Abfall;AbfallHausmuellSiedlungsabfaelle;Ja;Nein;23,02;14,44;KondensationsmaschinemitEntnahme;TeileinspeisungEigenverbrauch;Mittelspannung;Schleswig-Holstein Netz GmbH (SNB990857029876);Nein;
Einzelanlage;SEE991322361361;ENGIE Deutschland Erneuerbare GmbH;Pfreimd R1;92555;Trausnitz;Seestra?e;6;Bayern;Deutschland;1955;;InBetrieb;Pumpspeicher;;Nein;Nein;33;33;Pumpspeicher;Volleinspeisung;Hochspannung;Bayernwerk Netz GmbH (SNB940352624434);Nein;
Einzelanlage;SEE994335340088;Stadtwerke Frankfurt (Oder) GmbH;HKW DT;15236;Frankfurt;Am Hohen Feld;4;Brandenburg;Deutschland;1997;;InBetrieb;Braunkohle;StaubUndTrockenkohle;Ja;Nein;17,5;16,958;Dampfmotor;TeileinspeisungEigenverbrauch;UmspannungZurMittelspannung;Netzgesellschaft Frankfurt (Oder) mbH (SNB954814647626);Nein;
Einzelanlage;SEE997355230520;Haller Mobilit?t und W?rme GmbH;BHKW 1 Alfred-Leikam-Stra?e SHA;74523;Schw?bisch Hall;Alfred-Leikam-Stra?e;16;BadenWuerttemberg;Deutschland;2018;;InBetrieb;Biomasse;;Ja;Ja;7,68;7,549;Verbrennungsmotor;Volleinspeisung;Mittelspannung;Stadtwerke Schw?bisch Hall GmbH (SNB982660786343);Nein;
Einzelanlage;SEE998292984538;EnBW Energie Baden-W?rttemberg AG;illwerke vkw Kopswerk II M1;A-6793;Gaschurn;Montafoner Strasse;;;Oesterreich;2008;;InBetrieb;Pumpspeicher;;Nein;Nein;175;175;Pumpspeicher;Volleinspeisung;Hoechstspannung;TransnetBW GmbH (SNB984944755380);Nein;
Einzelanlage;SEE979257485857;Wacker Chemie;Alzwerk Maschine 4;84489;Burghausen;Johannes-Hess-Stra?e;24;Bayern;Deutschland;1923;;InBetrieb;Wasser;;Nein;Ja;10,08;10,08;Laufwasseranlage;TeileinspeisungEigenverbrauch;Mittelspannung;Bayernwerk Netz GmbH (SNB940352624434);Nein;
Einzelanlage;SEE946501569267;INEOS SOLVENTS GERMANY GMBH;TG8;47443;Moers;R?merstra?e;733;NordrheinWestfalen;Deutschland;1995;;InBetrieb;Erdgas;Dampf;Ja;Nein;12,6;12;GegendruckmaschinemitEntnahme;TeileinspeisungEigenverbrauch;UmspannungZurMittelspannung;Westnetz GmbH (SNB921897286493);Nein;
Einzelanlage;SEE946934017984;Danpower New Energy GmbH;EBS-HKW Rostock;18147;Rostock;Ost-West-Str.;25;MecklenburgVorpommern;Deutschland;2010;;InBetrieb;Abfall;AbfallHausmuellSiedlungsabfaelle;Ja;Nein;22,4;18,5;KondensationsmaschinemitEntnahme;TeileinspeisungEigenverbrauch;Mittelspannung;Stadtwerke Rostock Netzgesellschaft mbH (SNB939724292715);Nein;
Einzelanlage;SEE990778985312;Volkswagen AG;GuD West 50 Gasturbine;38440;Wolfsburg;Berliner Ring;2;Niedersachsen;Deutschland;2023;;InBetrieb;Erdgas;ErdgasErdoelgas;Ja;Nein;101;101;GasturbinenmitAbhitzekessel;Volleinspeisung;Hochspannung;VW KRAFTWERK Gesellschaft mit beschr?nkter Haftung (SNB978865527096);Nein;
Einzelanlage;SEE994429144455;Mainova AG;HKW West Block 4;60327;Frankfurt;Gutleutstra?e;231;Hessen;Deutschland;1994;;InBetrieb;Erdgas;ErdgasErdoelgas;Ja;Nein;112;110,755;GasturbinenmitAbhitzekessel;Volleinspeisung;Hoechstspannung;NRM Netzdienste Rhein-Main GmbH (SNB921899277833);Nein;
Einzelanlage;SEE996357195448;RWE Generation Hydro GmbH;Koblenz Maschine 3;56073;Koblenz;Pastor-Klein-Stra?e;;RheinlandPfalz;Deutschland;1951;;InBetrieb;Wasser;;Nein;Ja;4;4;Laufwasseranlage;Volleinspeisung;Mittelspannung;Energienetze Mittelrhein GmbH & Co. KG (SNB980055629275);Nein;
Einzelanlage;SEE973737205324;Gemeinschaftskraftwerk Irsching GmbH;Irsching 5 GT1;85088;Vohburg;Paarstra?e;30;Bayern;Deutschland;2010;;InBetrieb;Erdgas;ErdgasErdoelgas;Nein;Nein;287;282;GasturbinenmitnachgeschalteterDampfturbine;Volleinspeisung;Hoechstspannung;TenneT TSO GmbH (SNB970033313272);Nein;
Einzelanlage;SEE984944424651;EnBW Energie Baden-W?rttemberg AG;Obervermuntwerk II Maschine 2 Turbine;A-6794;Partenen;Silvretta Hochalpenstrasse;;;Oesterreich;2018;;InBetrieb;Pumpspeicher;;Nein;Nein;190;190;Pumpspeicher;Volleinspeisung;Hoechstspannung;TransnetBW GmbH (SNB984944755380);Nein;
Einzelanlage;SEE986030306643;Entsorgungsgesellschaft Mainz mbH;MHKW DTS;55120;Mainz;Kraftwerkallee;1;RheinlandPfalz;Deutschland;2009;;InBetrieb;Abfall;AbfallHausmuellSiedlungsabfaelle;Ja;Nein;20;15;KondensationsmaschinemitEntnahme;TeileinspeisungEigenverbrauch;Hochspannung;Mainzer Netze GmbH (SNB959523885956);Nein;
Einzelanlage;SEE986713152253;Firma Mercedes-Benz AG Werk 050 HPC NC50 LN-Nr.: 17319765;W050-TS_Mercedes-Benz Werk Sindelfingen HKW Turbine 4;71063;Sindelfingen;Bela-Barenyi-Str.;1;BadenWuerttemberg;Deutschland;1971;;InBetrieb;Erdgas;ErdgasErdoelgas;Ja;Nein;30;28,5;GegendruckmaschinemitEntnahme;TeileinspeisungEigenverbrauch;Hochspannung;Netze BW GmbH (SNB948311994307);Nein;
Einzelanlage;SEE991627285584;Martinswerk GmbH;KWK-Anlage: Generator 4 (Gas);50127;Bergheim;K?lner Stra?e;110;NordrheinWestfalen;Deutschland;1971;;InBetrieb;Erdgas;ErdgasErdoelgas;Ja;Nein;5;4,5;GegendruckmaschineohneEntnahme;TeileinspeisungEigenverbrauch;Mittelspannung;Westnetz GmbH (SNB921897286493);Nein;
Einzelanlage;SEE969707026280;Currenta GmbH & Co. OHG;LEV KWG G23;51373;Leverkusen;Kaiser-Wilhelm-Allee;80;NordrheinWestfalen;Deutschland;1999;;InBetrieb;Steinkohle;Steinkohlen;Ja;Nein;5,8;5,484;GegendruckmaschineohneEntnahme;TeileinspeisungEigenverbrauch;Mittelspannung;NETCUR GmbH (SNB974711150357);Nein;
Einzelanlage;SEE970114818481;K+S Minerals and Agriculture GmbH;Kraftwerk UB DT3;36414;Unterbreizbach;Schachtstra?e;10;Thueringen;Deutschland;1964;;InBetrieb;Waerme;Dampf;Ja;Nein;12,252;12;KondensationsmaschinemitEntnahme;TeileinspeisungEigenverbrauch;Hochspannung;Avacon Netz GmbH (SNB990362338043);Nein;
Einzelanlage;SEE971801168636;Bayer AG Berlin;Turboeinheit 2 Dampfturbine 40 t Gen 6 MW;13353;Berlin;M?llerstra?e;170;Berlin;Deutschland;1973;;InBetrieb;Erdgas;ErdgasErdoelgas;Ja;Nein;6;5,7;GegendruckmaschinemitEntnahme;TeileinspeisungEigenverbrauch;Hochspannung;Stromnetz Berlin GmbH (SNB979269087643);Nein;
Einzelanlage;SEE977934115554;Gothaer Stadtwerke ENERGIE;HKW West M11 (2024);99867;Gotha;Waltersh?user Stra?e;98 a;Thueringen;Deutschland;2025;;InBetrieb;Erdgas;ErdgasErdoelgas;Ja;Nein;2,3;2,282;Verbrennungsmotor;Volleinspeisung;Mittelspannung;Gothaer Stadtwerke NETZ GmbH (SNB961316124487);Nein;
Einzelanlage;SEE978888539755;Stadtwerke Cottbus GmbH;Mittel-Niederdruckdampfturbine;03052;Cottbus;Werner-von-Siemens-Stra?e;16;Brandenburg;Deutschland;1999;;InBetrieb;Erdgas;ErdgasErdoelgas;Ja;Nein;48,9;45;KondensationsmaschinemitEntnahme;Volleinspeisung;Mittelspannung;Elektroenergieversorgung Cottbus GmbH (SNB931431136771);Nein;
Einzelanlage;SEE980004472600;Pfleiderer Neumarkt GmbH;KWK Neumarkt;92318;Neumarkt;Dreichlingerstra?e;76;Bayern;Deutschland;2001;;InBetrieb;Biomasse;;Ja;Ja;16,675;15,275;GegendruckmaschinemitEntnahme;Volleinspeisung;UmspannungZurMittelspannung;Stadtwerke Neumarkt i. d. OPf. Energie GmbH (SNB989365725226);Nein;
Einzelanlage;SEE970377695522;GLOBALFOUNDRIES Dresden Module Two LLC & Co. KG;Gasmotoren-Blockheizkraftwerk I (Generator 7);01468;Moritzburg;Ringstra?e;3;Sachsen;Deutschland;1998;;InBetrieb;Erdgas;ErdgasErdoelgas;Ja;Nein;3,884;3,879;Verbrennungsmotor;TeileinspeisungEigenverbrauch;Mittelspannung;SachsenNetze GmbH (SNB980808485264);Nein;
Einzelanlage;SEE974201537415;Uniper Kraftwerke GmbH;Huntorf GT;26931;Elsfleth;Gro?e Hellmer;4;Niedersachsen;Deutschland;1978;;InBetrieb;Erdgas;ErdgasErdoelgas;Nein;Nein;323;321;GasturbinenohneAbhitzekessel;Volleinspeisung;Hoechstspannung;TenneT TSO GmbH (SNB970033313272);Nein;
Einzelanlage;SEE975343602986;Martinswerk GmbH;KWK-Anlage: Generator 2;50127;Bergheim;K?lner Stra?e;110;NordrheinWestfalen;Deutschland;1961;;InBetrieb;Braunkohle;Rohbraunkohlen;Ja;Nein;11;9,9;GegendruckmaschinemitEntnahme;TeileinspeisungEigenverbrauch;Mittelspannung;Westnetz GmbH (SNB921897286493);Nein;
Einzelanlage;SEE976549634931;Stadtwerke D?sseldorf AG;SWD KWF GTKW;40233;D?sseldorf;Behrenstra?e;85;NordrheinWestfalen;Deutschland;1972;;InBetrieb;Mineraloelprodukte;HeizoelLeicht;Nein;Nein;87,6;86,2;GasturbinenohneAbhitzekessel;Volleinspeisung;Hochspannung;Netzgesellschaft D?sseldorf mbH (SNB933956506145);Nein;
Einzelanlage;SEE971686772294;VERBUND Innkraftwerke GmbH;Kraftwerk Teufelsbruck MS2;83564;Soyen;Ponschabaustra?e;25;Bayern;Deutschland;1938;;InBetrieb;Wasser;;Nein;Ja;5;5;Laufwasseranlage;Volleinspeisung;Hochspannung;Bayernwerk Netz GmbH (SNB940352624434);Nein;
Einzelanlage;SEE973101826070;Kraftwerk Plattling GmbH;Kraftwerk Plattling GT;94447;Plattling;Gottlieb-Daimler-Stra?e;7;Bayern;Deutschland;2010;;Netzreserve aufgrund ? 13b EnWG;Erdgas;ErdgasErdoelgas;Ja;Nein;78,157;78,157;GasturbinenmitnachgeschalteterDampfturbine;Volleinspeisung;UmspannungZurHochspannung;Bayernwerk Netz GmbH (SNB940352624434);Nein;
Einzelanlage;SEE977891692877;Innwerk AG;Kraftwerk Ering-Frauenstein MS2;94140;Ering;Innwerkstra?e;38;Bayern;Deutschland;1942;;InBetrieb;Wasser;;Nein;Ja;24,3;24,3;Laufwasseranlage;Volleinspeisung;Hochspannung;Bayernwerk Netz GmbH (SNB940352624434);Ja;
Einzelanlage;SEE979353792927;Stadtwerke Kiel AG;K?stenkraftwerk K.I.E.L Motor 18;24149;Kiel;Hasselfelde;30;SchleswigHolstein;Deutschland;2018;;InBetrieb;Erdgas;ErdgasErdoelgas;Ja;Nein;9,571;9,456;Verbrennungsmotor;Volleinspeisung;Hochspannung;SWKiel Netz GmbH (SNB973742186519);Nein;
Einzelanlage;SEE987197130805;Hamburger Energiewerke GmbH;Tiefstack HKW Block 20;22113;Hamburg;Andreas-Meyer-Stra?e;8;Hamburg;Deutschland;1993;;InBetrieb;Steinkohle;Steinkohlen;Ja;Nein;205;189;KondensationsmaschinemitEntnahme;Volleinspeisung;Hochspannung;Hamburger Energienetze GmbH (SNB968295079586);Nein;
Einzelanlage;SEE992472260238;St?dtische Werke Energie + W?rme GmbH;Fernw?rmekraftwerk Kassel DT1;34134;Kassel;Dennh?user Stra?e;122;Hessen;Deutschland;2024;;InBetrieb;Braunkohle;Rohbraunkohlen;Ja;Nein;22,8;20,1;KondensationsmaschinemitEntnahme;Volleinspeisung;Hochspannung;Avacon Netz GmbH (SNB990362338043);Nein;
Einzelanlage;SEE993957305321;Papierfabrik Adolf Jass GmbH & Co. KG;G25;36039;Fulda;Hermann-Muth-Stra?e;6;Hessen;Deutschland;1992;;InBetrieb;Erdgas;ErdgasErdoelgas;Ja;Nein;14,5;13,52;GegendruckmaschinemitEntnahme;TeileinspeisungEigenverbrauch;UmspannungZurMittelspannung;OsthessenNetz GmbH (SNB934071779865);Nein;
Einzelanlage;SEE994210380116;St?dtische Werke Energie + W?rme GmbH;Kombi-HKW DT;34134;Kassel;Dennh?user Stra?e;122;Hessen;Deutschland;1988;;InBetrieb;Erdgas;ErdgasErdoelgas;Ja;Nein;9,83;9,76;GegendruckmaschinemitEntnahme;Volleinspeisung;Hochspannung;St?dtische Werke Netz+Service GmbH (SNB935482852901);Nein;
Einzelanlage;SEE995184714136;Solar Zerbst GmbH & Co.KG;Solar Zerbst Batterie;39261;Zerbst;;;SachsenAnhalt;Deutschland;2025;;InBetrieb;Batteriespeicher;;Nein;Nein;17,56;17,56;Batterie;Volleinspeisung;Niederspannung;Avacon Netz GmbH (SNB990362338043);Nein;
Einzelanlage;SEE998877345112;BEH Bioenergie Hannover GmbH;Biomethan BHKW 5 Hannover St?cken;30419;Hannover;Stelinger Stra?e;19;Niedersachsen;Deutschland;2024;;InBetrieb;Biomasse;;Ja;Ja;4,5;4,5;Verbrennungsmotor;Volleinspeisung;Mittelspannung;enercity Netz GmbH (SNB971746988153);Nein;
Einzelanlage;SEE990521990150;Iqony Battery System;GBS KW Bexbach;66450;Bexbach;Grubenstra?e;;Saarland;Deutschland;2016;;InBetrieb;Batteriespeicher;;Nein;Nein;15;15;Batterie;Volleinspeisung;Hoechstspannung;Amprion GmbH (SNB976890256486);Nein;
Einzelanlage;SEE997674469793;Caterpillar Energy Solutions;P35;68167;Mannheim;Carl-Benz-Stra?e;1;BadenWuerttemberg;Deutschland;2007;;InBetrieb;Erdgas;ErdgasErdoelgas;Nein;Nein;2;2;Verbrennungsmotor;TeileinspeisungEigenverbrauch;Mittelspannung;MVV Netze GmbH (SNB985472799266);Nein;
Einzelanlage;SEE998278854237;SWM Services GmbH;SWM HKW Nord 3 T30;85774;Unterf?hring;M?nchner Stra?e;22;Bayern;Deutschland;1984;;InBetrieb;Abfall;AbfallHausmuellSiedlungsabfaelle;Ja;Nein;27,8;22;KondensationsmaschinemitEntnahme;TeileinspeisungEigenverbrauch;Hochspannung;SWM Infrastruktur GmbH & Co. KG (SNB969473762610);Nein;
Einzelanlage;SEE952165584195;Vattenfall Wasserkraft GmbH;PSW Markersbach PSS B;08352;Raschau-Markersbach;Oberbeckenstra?e;8;Sachsen;Deutschland;1980;;InBetrieb;Pumpspeicher;;Nein;Nein;175;174,2;Pumpspeicher;Volleinspeisung;Hoechstspannung;50Hertz Transmission GmbH (SNB982046657236);Nein;
Einzelanlage;SEE952857304476;Everllence SE;Pr?fstand 32;86153;Augsburg;Stadtbachstra?e;1;Bayern;Deutschland;2013;;InBetrieb;Erdgas;ErdgasErdoelgas;Nein;Nein;1,86;1,78;Verbrennungsmotor;TeileinspeisungEigenverbrauch;Mittelspannung;swa Netze GmbH (SNB958077102830);Nein;
Einzelanlage;SEE971815239520;MW Storage NOB GmbH;BESS - DE - ARZBERG - GMRW;95659;Arzberg;Garmersreuth;;Bayern;Deutschland;2025;;InBetrieb;Batteriespeicher;;Nein;Nein;50,5;50,5;Batterie;Volleinspeisung;Hochspannung;Bayernwerk Netz GmbH (SNB940352624434);Nein;
Einzelanlage;SEE999106955379;Hamburger Energiewerke GmbH;Tiefstack GuD GT42;22113;Hamburg;Andreas-Meyer-Stra?e;8;Hamburg;Deutschland;2009;;InBetrieb;Erdgas;ErdgasErdoelgas;Ja;Nein;51;50;GasturbinenmitAbhitzekessel;Volleinspeisung;Hochspannung;Hamburger Energienetze GmbH (SNB968295079586);Nein;
Einzelanlage;SEE979557573551;Karlsruher Institut f?r Technologie;KIT_CN_BHKW_612;76344;Eggenstein-Leopoldshafen;Hermann-von-Helmholtz-Platz;1;BadenWuerttemberg;Deutschland;2016;;InBetrieb;Erdgas;ErdgasErdoelgas;Ja;Nein;1,999;1,98;Verbrennungsmotor;TeileinspeisungEigenverbrauch;Mittelspannung;Karlsruher Institut f?r Technologie (SNB955784827612);Nein;
Einzelanlage;SEE979656996589;Biomasse Heizkraftwerk Herbrechtingen GmbH;BioHKW Herbrechtingen GmbH;89542;Herbrechtingen;Oskar-von-Miller-Weg;1;BadenWuerttemberg;Deutschland;2004;;InBetrieb;Biomasse;;Ja;Ja;15,7;15,7;KondensationsmaschinemitEntnahme;TeileinspeisungEigenverbrauch;Hochspannung;Netze BW GmbH (SNB948311994307);Nein;
Einzelanlage;SEE986413873564;swb Entsorgung GmbH&Co. KG;MHKW_Gen2;28219;Bremen;Oken;2;Bremen;Deutschland;2004;;InBetrieb;Abfall;AbfallHausmuellSiedlungsabfaelle;Ja;Nein;13,7;13,3;GegendruckmaschineohneEntnahme;TeileinspeisungEigenverbrauch;Hochspannung;wesernetz Bremen GmbH (SNB942238573102);Nein;
Einzelanlage;SEE994239952295;trlyr 3 GmbH & Co. KG;trlyr 3;95369;Untersteinach;Siemensstra?e;2;Bayern;Deutschland;2025;;InBetrieb;Batteriespeicher;;Nein;Nein;10,35;10,35;Batterie;Volleinspeisung;Mittelspannung;Bayernwerk Netz GmbH (SNB940352624434);Nein;
Einzelanlage;SEE994615652641;Statkraft Markets GmbH;Wasserkraftwerk Langwedel;27337;Blender;Am Wehr;1 ;Niedersachsen;Deutschland;1958;;InBetrieb;Wasser;;Nein;Ja;6,468;6,468;Laufwasseranlage;Volleinspeisung;Hochspannung;Avacon Netz GmbH (SNB990362338043);Nein;
Einzelanlage;SEE980794086872;Nordzucker AG Werk Schladen;Generator 4;38315;Schladen;Bahnhofstra?e;13;Niedersachsen;Deutschland;1978;;InBetrieb;Erdgas;ErdgasErdoelgas;Ja;Nein;9;8,5;GegendruckmaschineohneEntnahme;TeileinspeisungEigenverbrauch;Mittelspannung;LSW Netz GmbH & Co. KG (SNB957862279702);Nein;
Einzelanlage;SEE981351966712;Ahrtal-Werke GmbH;M_02;53474;Bad Neuenahr-Ahrweiler;Dahlienweg;25;RheinlandPfalz;Deutschland;2012;;InBetrieb;Biomasse;;Ja;Ja;2,004;2,004;Verbrennungsmotor;Volleinspeisung;Mittelspannung;Ahrtal-Werke GmbH (SNB983315496327);Nein;
Einzelanlage;SEE985842749525;Lausitz Energie Kraftwerke AG;Boxberg Block N;02943;Boxberg;Am Kraftwerk;1;Sachsen;Deutschland;1979;;InBetrieb;Braunkohle;Rohbraunkohlen;Ja;Nein;540;500;KondensationsmaschinemitEntnahme;TeileinspeisungEigenverbrauch;Hoechstspannung;50Hertz Transmission GmbH (SNB982046657236);Nein;
Einzelanlage;SEE998526561375;Energieversorgung Schwerin GmbH & Co. Erzeugung KG;SN-S?d-GUD-DT;19061;Schwerin;Pampower Str.;50;MecklenburgVorpommern;Deutschland;1994;;InBetrieb;Erdgas;ErdgasErdoelgas;Ja;Nein;19,23;18,9034;GegendruckmaschinemitEntnahme;TeileinspeisungEigenverbrauch;Hochspannung;Netzgesellschaft Schwerin mbH (NGS) (SNB913130054136);Nein;
Einzelanlage;SEE992079247007;GLOBALFOUNDRIES Dresden Module Two LLC & Co. KG;Gasmotoren-Blockheizkraftwerk I (Generator 8);01468;Moritzburg;Ringstra?e;3;Sachsen;Deutschland;1998;;InBetrieb;Erdgas;ErdgasErdoelgas;Ja;Nein;3,884;3,879;Verbrennungsmotor;TeileinspeisungEigenverbrauch;Mittelspannung;SachsenNetze GmbH (SNB980808485264);Nein;
Einzelanlage;SEE994080011080;Uniper Kraftwerke GmbH;Walchenseekraftwerk E Pe4;82431;Kochel;Altjoch;22;Bayern;Deutschland;1924;;InBetrieb;Wasser;;Nein;Ja;13;13;Speicherwasseranlage;Volleinspeisung;Hochspannung;DB Energie GmbH (Bahnstromnetz 16,7 Hz) (SNB942182027607);Nein;
Einzelanlage;SEE996285049943;Kraftwerke Mainz-Wiesbaden AG;KW3 DT32;55120;Mainz;Kraftwerkallee;1;RheinlandPfalz;Deutschland;2001;;InBetrieb;Erdgas;ErdgasErdoelgas;Ja;Nein;139,7;139,7;KondensationsmaschinemitEntnahme;Volleinspeisung;Hochspannung;Mainzer Netze GmbH (SNB959523885956);Nein;
Einzelanlage;SEE997706570718;CR3-Kaffeeveredelung M. Hermsen GmbH;GT3;28237;Bremen;Waterbergstra?e;14;Bremen;Deutschland;2002;;InBetrieb;Erdgas;ErdgasErdoelgas;Ja;Nein;5,205;5,025;GasturbinenmitnachgeschalteterDampfturbine;TeileinspeisungEigenverbrauch;Mittelspannung;wesernetz Bremen GmbH (SNB942238573102);Nein;
Einzelanlage;SEE998644964959;TEAG Th?ringer Energie AG;Gasturbine 1 Jena;07745;Jena;Rudolst?dter Stra?e;41;Thueringen;Deutschland;1996;;InBetrieb;Erdgas;ErdgasErdoelgas;Ja;Nein;40;39;GasturbinenmitAbhitzekessel;Volleinspeisung;UmspannungZurMittelspannung;TEN Th?ringer Energienetze GmbH & Co. KG (SNB970821959712);Nein;
Einzelanlage;SEE999790559914;EnspireME;BESS Jardelund;24994;Jardelund;Grenzstra?e;3 A;SchleswigHolstein;Deutschland;2018;;InBetrieb;Batteriespeicher;;Nein;Nein;48;48;Batterie;Volleinspeisung;Hochspannung;TenneT TSO GmbH (SNB970033313272);Nein;
Einzelanlage;SEE950047894776;Firma Mercedes-Benz AG Werk 050 HPC NC50 LN-Nr.: 17319765;W059-RD_Geb. 122/III;70327;Stuttgart;Mercedesstra?e;137;BadenWuerttemberg;Deutschland;2014;;InBetrieb;Mineraloelprodukte;Dieselkraftstoff;Nein;Nein;9,44;9,44;Verbrennungsmotor;TeileinspeisungEigenverbrauch;Niederspannung;Power Supply Systems GmbH (SNB960349538834);Nein;
Einzelanlage;SEE953784241926;Papier- u. Kartonfabrik Varel GmbH & Co. KG;PKV Dampfsammelschienen-KWK-Anlage Generator / Turbine DT 9;26316;Varel;Dangaster Stra?e;38;Niedersachsen;Deutschland;2011;;InBetrieb;Waerme;None;Ja;Nein;13,41;13,167;GegendruckmaschineohneEntnahme;TeileinspeisungEigenverbrauch;Mittelspannung;EWE NETZ GmbH (SNB951051725711);Nein;
Einzelanlage;SEE954971534470;STEAG Power GmbH;Bexbach;66450;Bexbach;Grubenstra?e;;Saarland;Deutschland;1983;;Netzreserve aufgrund ? 13b EnWG;Steinkohle;Steinkohlen;Nein;Nein;780;726;KondensationsmaschineohneEntnahme;TeileinspeisungEigenverbrauch;Hoechstspannung;Amprion GmbH (SNB976890256486);Nein;
Einzelanlage;SEE955526290162;Karlsruher Institut f?r Technologie;KIT_CN_BHKW_266_MPP2;76344;Eggenstein-Leopoldshafen;Hermann-von-Helmholtz-Platz;1;BadenWuerttemberg;Deutschland;2016;;InBetrieb;Erdgas;ErdgasErdoelgas;Ja;Nein;4,5;4,432;Verbrennungsmotor;TeileinspeisungEigenverbrauch;Mittelspannung;Karlsruher Institut f?r Technologie (SNB955784827612);Nein;
Einzelanlage;SEE958335974377;IHKW Industrieheizkraftwerk Andernach GmbH;Dampfturbine;56626;Andernach;Koblenzer Stra?e;141;RheinlandPfalz;Deutschland;2008;;InBetrieb;Abfall;AbfallHausmuellSiedlungsabfaelle;Ja;Nein;13,7;12,5;KondensationsmaschinemitEntnahme;Volleinspeisung;Niederspannung;Amprion GmbH (SNB976890256486);Nein;
Einzelanlage;SEE958712241351;Bayernwerk Natur GmbH;Batteriespeicher Marktleugast;95352;Marktleugast;;;Bayern;Deutschland;2026;;InBetrieb;Batteriespeicher;;Nein;Nein;15,12;15;Batterie;Volleinspeisung;Mittelspannung;Bayernwerk Netz GmbH (SNB940352624434);Nein;
Einzelanlage;SEE989771083484;Currenta GmbH & Co. OHG;LEV KWG G02;51373;Leverkusen;Kaiser-Wilhelm-Allee;80;NordrheinWestfalen;Deutschland;1970;;InBetrieb;Steinkohle;Steinkohlen;Nein;Nein;8,7;8,234;KondensationsmaschineohneEntnahme;TeileinspeisungEigenverbrauch;Mittelspannung;NETCUR GmbH (SNB974711150357);Nein;
stillgelegte Anlagen;SEE993408840296;Evonik Operations GmbH;Kraftwerk I, EKT16;45772;Marl;Paul-Baumann-Stra?e;1;NordrheinWestfalen;Deutschland;1972;2024;endg?ltig stillgelegt nach KVBG;Steinkohle;Steinkohlen;Nein;Nein;46,796;45,99;KondensationsmaschinemitEntnahme;Volleinspeisung;Hochspannung;CPM Netz GmbH (SNB956923775696);Nein;
Einzelanlage;SEE995899706617;RWE Generation SE;Gersteinwerk I GT (I1);59368;Werne;Hammer Stra?e;2;NordrheinWestfalen;Deutschland;1974;;InBetrieb;Erdgas;ErdgasErdoelgas;Nein;Nein;72;55;GasturbinenmitnachgeschalteterDampfturbine;TeileinspeisungEigenverbrauch;Hochspannung;Westnetz GmbH (SNB921897286493);Nein;
Einzelanlage;SEE996145759296;K+S Minerals and Agriculture GmbH;Kraftwerk UB GT2;36414;Unterbreizbach;Schachtstra?e;10;Thueringen;Deutschland;2017;;InBetrieb;Erdgas;ErdgasErdoelgas;Ja;Nein;5,5825;5,5;GasturbinenmitnachgeschalteterDampfturbine;TeileinspeisungEigenverbrauch;Hochspannung;Avacon Netz GmbH (SNB990362338043);Nein;
Einzelanlage;SEE998111672394;MIBRAG GmbH;IKW W?hlitz;06679;Hohenm?lsen;Fabrikstra?e;26;SachsenAnhalt;Deutschland;1994;;InBetrieb;Braunkohle;Rohbraunkohlen;Ja;Nein;35;31;GegendruckmaschinemitEntnahme;TeileinspeisungEigenverbrauch;Hochspannung;Mitteldeutsche Netzgesellschaft Strom mbH (SNB916269213931);Nein;
Einzelanlage;SEE960935066536;INEOS SOLVENTS GERMANY GMBH;TG7;47443;Moers;R?merstra?e;733;NordrheinWestfalen;Deutschland;1974;;InBetrieb;Erdgas;Dampf;Ja;Nein;12;7,5;GegendruckmaschinemitEntnahme;TeileinspeisungEigenverbrauch;UmspannungZurMittelspannung;Westnetz GmbH (SNB921897286493);Nein;
Einzelanlage;SEE965755251490;EnBW Energie Baden-W?rttemberg AG;WKW Dettingen M1;88451;Dettingen;Illerkraftwerk IV;;BadenWuerttemberg;Deutschland;2014;;InBetrieb;Wasser;;Nein;Ja;3,6;3,6;Laufwasseranlage;TeileinspeisungEigenverbrauch;Mittelspannung;Netze BW GmbH (SNB948311994307);Nein;
Einzelanlage;SEE967441234602;BP Europa SE;GT1;49808;Lingen;Raffineriestra?e;1;Niedersachsen;Deutschland;1996;;InBetrieb;Erdgas;ErdgasErdoelgas;Ja;Nein;24,88;22,4;GasturbinenmitAbhitzekessel;TeileinspeisungEigenverbrauch;Hochspannung;Westnetz GmbH (SNB921897286493);Nein;
Einzelanlage;SEE954281393200;Rhein-Main-Donau GmbH;Straubing K3;94315;Straubing;Kagerser Hauptstra?e;164;Bayern;Deutschland;1994;;InBetrieb;Wasser;;Nein;Ja;7,1667;7,1667;Laufwasseranlage;Volleinspeisung;Mittelspannung;Bayernwerk Netz GmbH (SNB940352624434);Nein;
Einzelanlage;SEE960254517375;BP Europa SE;TG6;49808;Lingen;Raffineriestra?e;1 ;Niedersachsen;Deutschland;1996;;InBetrieb;Erdgas;ErdgasErdoelgas;Ja;Nein;10,1;10,1;GegendruckmaschineohneEntnahme;TeileinspeisungEigenverbrauch;Hochspannung;Westnetz GmbH (SNB921897286493);Nein;
Einzelanlage;SEE960652233358;Saale Energie GmbH;Schkopau A;06258;Schkopau;An der Bober;100;SachsenAnhalt;Deutschland;1995;;InBetrieb;Braunkohle;Rohbraunkohlen;Ja;Nein;500;450;KondensationsmaschinemitEntnahme;Volleinspeisung;Hoechstspannung;50Hertz Transmission GmbH (SNB982046657236);Nein;
Einzelanlage;SEE961226195928;VERBUND Innkraftwerke GmbH;Kraftwerk Feldkirchen MS2;83543;Rott;Oberw?hrn;100;Bayern;Deutschland;1970;;InBetrieb;Wasser;;Nein;Ja;12,733;12,733;Laufwasseranlage;Volleinspeisung;Hochspannung;Bayernwerk Netz GmbH (SNB940352624434);Nein;
Einzelanlage;SEE962934119541;BEW Berliner Energie und W?rme GmbH;HKW Charlottenburg Gasturbine 5;10589;Berlin;Am Spreebord;5;Berlin;Deutschland;1976;;InBetrieb;Erdgas;ErdgasErdoelgas;Ja;Nein;73;72;GasturbinenmitAbhitzekessel;TeileinspeisungEigenverbrauch;Hochspannung;Stromnetz Berlin GmbH (SNB979269087643);Nein;
Einzelanlage;SEE973496721325;LEW Wasserkraft;Gersthofen M2;86368;Gersthofen;Adolf-von-Baeyer-Stra?e;1;Bayern;Deutschland;1901;;InBetrieb;Wasser;;Nein;Ja;1,974;1,969;Laufwasseranlage;TeileinspeisungEigenverbrauch;Mittelspannung;LEW Verteilnetz GmbH (SNB911705062982);Nein;
Einzelanlage;SEE975561989005;RWE Generation SE;Vianden M10;9463;Stolzembourg;Rue de l'Energie;2;;Luxemburg;1975;;InBetrieb;Pumpspeicher;;Nein;Nein;196;196;Pumpspeicher;TeileinspeisungEigenverbrauch;Hoechstspannung;Amprion GmbH (SNB976890256486);Ja;196
Einzelanlage;SEE979899728817;SWK ENERGIE GmbH;KWK006-3;47804;Krefeld;St. T?niser Stra?e;270;NordrheinWestfalen;Deutschland;2013;;InBetrieb;Erdgas;ErdgasErdoelgas;Ja;Nein;4,3;4,241;Verbrennungsmotor;Volleinspeisung;Mittelspannung;NGN Netzgesellschaft Niederrhein mbH (SNB911144461377);Nein;
Einzelanlage;SEE981577567892;Julius Glatz;Turbine 2;67468;Neidenfels;;;RheinlandPfalz;Deutschland;1955;;InBetrieb;Erdgas;ErdgasErdoelgas;Ja;Nein;7,2;6,92;KondensationsmaschinemitEntnahme;TeileinspeisungEigenverbrauch;Mittelspannung;Pfalzwerke Netz AG (SNB961471621746);Nein;
Einzelanlage;SEE987278903410;Salzgitter Flachstahl GmbH;Ma 4;38239;Salzgitter;Eisenh?ttenstra?e;99;Niedersachsen;Deutschland;2022;;InBetrieb;Sonstige Energietraeger (nicht erneuerbar);HochofengasKonvertergas;Ja;Nein;35;31,5;KondensationsmaschinemitEntnahme;TeileinspeisungEigenverbrauch;Hoechstspannung;TenneT TSO GmbH (SNB970033313272);Nein;
Einzelanlage;SEE991316727548;VERBUND Innkraftwerke GmbH;Kraftwerk Gars MS1;83536;Gars;Agg;4;Bayern;Deutschland;1938;;InBetrieb;Wasser;;Nein;Ja;5;5;Laufwasseranlage;Volleinspeisung;Hochspannung;Bayernwerk Netz GmbH (SNB940352624434);Nein;
Einzelanlage;SEE992196002671;Uniper Kraftwerke GmbH;Niederaichbach K3;84051;Essenbach;Dammstra?e;26 ;Bayern;Deutschland;1951;;InBetrieb;Wasser;;Nein;Ja;5,4;5,4;Laufwasseranlage;Volleinspeisung;Mittelspannung;Bayernwerk Netz GmbH (SNB940352624434);Nein;
Einzelanlage;SEE994661495704;Allg?uer ?berlandwerk GmbH;Spitzenlastkraftwerk Veits Dieseltandem 3;87448;Waltenhofen;Veits;13;Bayern;Deutschland;1978;;InBetrieb;Mineraloelprodukte;HeizoelLeicht;Nein;Nein;5,94;5;Verbrennungsmotor;Volleinspeisung;Mittelspannung;Allg?uNetz GmbH & Co. KG (SNB926394308747);Nein;
Einzelanlage;SEE974949152857;Technische Werke Ludwigshafen am Rhein;Batteriespeicher;67063;Ludwigshafen;Industriestra?e;3;RheinlandPfalz;Deutschland;2018;;InBetrieb;Batteriespeicher;;Nein;Nein;9;9;Batterie;TeileinspeisungEigenverbrauch;Mittelspannung;TWL Netze GmbH (SNB935578300972);Nein;
Einzelanlage;SEE975302241416;Uniper Kraftwerke GmbH;Walchenseekraftwerk E Pe2;82431;Kochel;Altjoch;22;Bayern;Deutschland;1924;;InBetrieb;Wasser;;Nein;Ja;13;13;Speicherwasseranlage;Volleinspeisung;Hochspannung;DB Energie GmbH (Bahnstromnetz 16,7 Hz) (SNB942182027607);Nein;
Einzelanlage;SEE977519384276;RWE Generation Hydro GmbH;Trier Maschiene 3;54294;Trier;An der B51;;RheinlandPfalz;Deutschland;1962;;InBetrieb;Wasser;;Nein;Ja;4,7;4,7;Laufwasseranlage;Volleinspeisung;UmspannungZurMittelspannung;Westnetz GmbH (SNB921897286493);Nein;
Einzelanlage;SEE980013554151;Ford-Werke GmbH;BHKW Ford Saarlouis Modul 2;66740;Saarlouis;Henry-Ford-Stra?e;1;Saarland;Deutschland;2016;;InBetrieb;Erdgas;ErdgasErdoelgas;Ja;Nein;4,404;4,322;Verbrennungsmotor;TeileinspeisungEigenverbrauch;Mittelspannung;VSE Verteilnetz GmbH (SNB941650885558);Nein;
Einzelanlage;SEE985205009518;S?dzucker AG;Dampfturbine I S?dzucker Offenau;74254;Offenau;Ludwig-Kayser-Stra?e;1 ;BadenWuerttemberg;Deutschland;1971;;InBetrieb;Waerme;Dampf;Ja;Nein;8,64;7,344;GegendruckmaschineohneEntnahme;TeileinspeisungEigenverbrauch;Mittelspannung;Netze BW GmbH (SNB948311994307);Nein;
Einzelanlage;SEE989756000338;LEW Wasserkraft;Gersthofen M3;86368;Gersthofen;Adolf-von-Baeyer-Stra?e;1;Bayern;Deutschland;1901;;InBetrieb;Wasser;;Nein;Ja;1,974;1,969;Laufwasseranlage;TeileinspeisungEigenverbrauch;Mittelspannung;LEW Verteilnetz GmbH (SNB911705062982);Nein;
Einzelanlage;SEE992187994404;BEW Berliner Energie und W?rme GmbH;HKW Mitte Dampfturbine;10179;Berlin;K?penicker Stra?e;60;Berlin;Deutschland;1997;;InBetrieb;Waerme;Dampf;Ja;Nein;117,16;116;GegendruckmaschinemitEntnahme;Volleinspeisung;Hochspannung;Stromnetz Berlin GmbH (SNB979269087643);Nein;
Einzelanlage;SEE998177335011;Stadtwerke Bielefeld GmbH Assetmanagement Onshore Wind und PV (ZA);Holzkraftwerk;33611;Bielefeld;Schildescher Stra?e;16;NordrheinWestfalen;Deutschland;2009;;InBetrieb;Biomasse;;Ja;Ja;1,45;1,45;ORCOrganicRankineCycleAnlage;Volleinspeisung;UmspannungZurNiederspannung;Bielefelder Netz GmbH (SNB918516395612);Nein;
Einzelanlage;SEE998387657606;VW Kraftwerk GmbH;VW Baunatal Dampfturbine;34225;Baunatal;Im Lehnhof;;Hessen;Deutschland;2013;;InBetrieb;Waerme;Dampf;Ja;Nein;30,259;29,304;KondensationsmaschinemitEntnahme;TeileinspeisungEigenverbrauch;Hochspannung;Avacon Netz GmbH (SNB990362338043);Nein;
Einzelanlage;SEE998559811041;BTB Blockheizkraftwerks-, Tr?ger- und Betreibergesellschaft;NEZ Adlershof Modul 3;12489;Berlin;Albert-Einstein-Stra?e;22;Berlin;Deutschland;2010;;InBetrieb;Erdgas;ErdgasErdoelgas;Ja;Nein;2;1,97;Verbrennungsmotor;TeileinspeisungEigenverbrauch;Mittelspannung;Energienetze Berlin GmbH (SNB917314328846);Nein;
Einzelanlage;SEE999173384836;Stadtwerke Rosenheim GmbH & Co. KG;GM8;83022;Rosenheim;Sch?nfeldstra?e;15;Bayern;Deutschland;2022;;InBetrieb;Erdgas;ErdgasErdoelgas;Ja;Nein;4,502;4,457;Verbrennungsmotor;Volleinspeisung;Mittelspannung;Stadtwerke Rosenheim Netze GmbH (SNB988838479086);Nein;
Einzelanlage;SEE999195292805;Universit?tsklinikum Bonn;016 BHKW Modul 1;53127;Bonn;Venusberg-Campus;1;NordrheinWestfalen;Deutschland;2016;;InBetrieb;Erdgas;ErdgasErdoelgas;Ja;Nein;2,05;2,05;Verbrennungsmotor;TeileinspeisungEigenverbrauch;Mittelspannung;Bonn-Netz GmbH (SNB927498960503);Nein;
Einzelanlage;SEE967069763799;Stadtwerke M?nchen GmbH;SWM Leitzach 1 M11;83620;Feldkirchen-Westerham;Leitzachwerkstra?e;50;Bayern;Deutschland;1984;;InBetrieb;Pumpspeicher;;Nein;Nein;48;48;Pumpspeicher;TeileinspeisungEigenverbrauch;Hochspannung;SWM Infrastruktur GmbH & Co. KG (SNB969473762610);Nein;
Einzelanlage;SEE998984420832;VW Kraftwerk GmbH;HKW Nord Generator A;38440;Wolfsburg;Berliner Ring;2;Niedersachsen;Deutschland;1998;;InBetrieb;Waerme;ErdgasErdoelgas;Ja;Nein;68,2;61;KondensationsmaschinemitEntnahme;Volleinspeisung;Hochspannung;VW KRAFTWERK Gesellschaft mit beschr?nkter Haftung (SNB978865527096);Nein;
Einzelanlage;SEE999585452499;enercity AG;HKW Linden GT1;30449;Hannover;Spinnereistra?e;9;Niedersachsen;Deutschland;2011;;InBetrieb;Erdgas;ErdgasErdoelgas;Ja;Nein;82,35;82;GasturbinenmitnachgeschalteterDampfturbine;TeileinspeisungEigenverbrauch;Hochspannung;enercity Netz GmbH (SNB971746988153);Nein;
Einzelanlage;SEE932484697615;Stadtwerke M?nchen GmbH;SWM Leitzach 2 M22;83620;Feldkirchen-Westerham;Leitzachwerkstra?e;50;Bayern;Deutschland;1960;;InBetrieb;Pumpspeicher;;Nein;Nein;22;22;Pumpspeicher;TeileinspeisungEigenverbrauch;Hochspannung;SWM Infrastruktur GmbH & Co. KG (SNB969473762610);Nein;
Einzelanlage;SEE939346315557;Solarpark Beilrode GmbH & Co. KG;Speicher Beilrode I - Teilanlage 5;04886;Beilrode;;;Sachsen;Deutschland;2025;;InBetrieb;Batteriespeicher;;Nein;Nein;6,16;5,6;Batterie;Volleinspeisung;Hochspannung;Mitteldeutsche Netzgesellschaft Strom mbH (SNB916269213931);Nein;
Einzelanlage;SEE939662192023;B?rgerwindpark Reu?enk?ge GmbH & Co. KG;Windpark Reu?enk?ge Batteriespeicher 1;25821;Reu?enk?ge;;;SchleswigHolstein;Deutschland;2024;;InBetrieb;Batteriespeicher;;Nein;Nein;6,4;6,4;Batterie;Volleinspeisung;Mittelspannung;Reu?enk?ge Netz & Infrastruktur GmbH (SNB953011641437);Nein;
Einzelanlage;SEE941619779157;RWE Generation Hydro GmbH;Trier Maschine 2;54294;Trier;An der B51;;RheinlandPfalz;Deutschland;1962;;InBetrieb;Wasser;;Nein;Ja;4,7;4,7;Laufwasseranlage;Volleinspeisung;UmspannungZurMittelspannung;Westnetz GmbH (SNB921897286493);Nein;
Einzelanlage;SEE958909269267;Infraserv GmbH & Co. H?chst KG;IPH Ersatzbrennstoffverbrennung Turbine;65929;Frankfurt;Br?ningstra?e;50;Hessen;Deutschland;2014;;InBetrieb;Abfall;AbfallHausmuellSiedlungsabfaelle;Ja;Nein;86;71;KondensationsmaschinemitEntnahme;Volleinspeisung;Hochspannung, UmspannungZurHochspannung;Infraserv Netze GmbH (SNB977535807001);Nein;
Einzelanlage;SEE961196425506;RWE Generation Hydro GmbH;Zeltingen Maschine 4;54492;Zeltingen-Rachtig;Uferallee;1;RheinlandPfalz;Deutschland;1964;;InBetrieb;Wasser;;Nein;Ja;3,4;3,4;Laufwasseranlage;Volleinspeisung;Mittelspannung;Westnetz GmbH (SNB921897286493);Nein;
Einzelanlage;SEE961202959384;Papier- u. Kartonfabrik Varel GmbH & Co. KG;PKV Dampfsammelschienen-KWK-Anlage Generator / Turbine GT 8b;26316;Varel;Dangaster Stra?e;38;Niedersachsen;Deutschland;2007;;InBetrieb;Erdgas;ErdgasErdoelgas;Ja;Nein;6,24;6,127;GasturbinenmitAbhitzekessel;TeileinspeisungEigenverbrauch;Mittelspannung;EWE NETZ GmbH (SNB951051725711);Nein;
Einzelanlage;SEE963398776042;ENTEGA AG;GT11;64293;Darmstadt;Frankfurter Stra?e;100;Hessen;Deutschland;2011;;Netzreserve aufgrund ? 13b EnWG;Erdgas;ErdgasErdoelgas;Nein;Nein;47,5;46,5;GasturbinenohneAbhitzekessel;Volleinspeisung;UmspannungZurMittelspannung;e-netz S?dhessen AG (SNB956958990736);Nein;
Einzelanlage;SEE963962520354;Freiberger Erdgas GmbH;BHKW1 Chemnitzer Stra?e 40;09599;Freiberg;Chemnitzer Stra?e;40;Sachsen;Deutschland;2013;;InBetrieb;Erdgas;ErdgasErdoelgas;Ja;Nein;4,401;4,313;Verbrennungsmotor;TeileinspeisungEigenverbrauch;UmspannungZurMittelspannung;Mitteldeutsche Netzgesellschaft Strom mbH (SNB916269213931);Nein;
Einzelanlage;SEE965966201352;BIGGE ENERGIE GmbH & Co. KG;Biggekraftwerk Generator 2;57439;Attendorn;;;NordrheinWestfalen;Deutschland;1965;;InBetrieb;Wasser;;Nein;Ja;5;4,8;Speicherwasseranlage;Volleinspeisung;Mittelspannung;BIGGE ENERGIE GmbH & Co. KG (SNB990174285078);Nein;
Einzelanlage;SEE996794687834;Uniper Kraftwerke GmbH;Merching K(Ro)2;86504;Merching;Friedenaustra?e;;Bayern;Deutschland;1978;;InBetrieb;Wasser;;Nein;Ja;4,5;4;Laufwasseranlage;Volleinspeisung;Hochspannung;LEW Verteilnetz GmbH (SNB911705062982);Nein;
Einzelanlage;SEE997586162263;EnBW Energie Baden-W?rttemberg AG;RKI Iffezheim M1;76473;Iffezheim;An der Staustufe;27;BadenWuerttemberg;Deutschland;1978;;InBetrieb;Wasser;;Nein;Ja;27;27;Laufwasseranlage;TeileinspeisungEigenverbrauch;Hochspannung;Netze BW GmbH (SNB948311994307);Ja;27
Einzelanlage;SEE990603147649;Energie- und Wasserversorgung Bonn/Rhein-Sieg GmbH;Heizkraftwerk Bonn-Nord, Gasturbine 1 der GuD-Anlage;53115;Bonn;Karlstr.;2 ;NordrheinWestfalen;Deutschland;1998;;InBetrieb;Erdgas;ErdgasErdoelgas;Ja;Nein;24,7;20,5;GasturbinenmitnachgeschalteterDampfturbine;Volleinspeisung;Mittelspannung;Bonn-Netz GmbH (SNB927498960503);Nein;
Einzelanlage;SEE990935582224;K+S Minerals and Agriculture GmbH;Kraftwerk HA GT3;36269;Philippsthal;Hattorfer Stra?e;1;Hessen;Deutschland;2006;;InBetrieb;Erdgas;ErdgasErdoelgas;Ja;Nein;6,072;6;GasturbinenmitAbhitzekessel;TeileinspeisungEigenverbrauch;Hochspannung;Avacon Netz GmbH (SNB990362338043);Nein;
Einzelanlage;SEE971876915975;GLOBALFOUNDRIES Dresden Module One LLC & Co. KG;Gasmotoren-Blockheizkraftwerk II (Generator 1);01468;Moritzburg;Ringstra?e;3;Sachsen;Deutschland;2004;;InBetrieb;Erdgas;ErdgasErdoelgas;Ja;Nein;3,832;3,772;Verbrennungsmotor;TeileinspeisungEigenverbrauch;Mittelspannung;SachsenNetze GmbH (SNB980808485264);Nein;
Einzelanlage;SEE972779194474;eins energie in sachsen GmbH & Co. KG;Motor-Heizkraftwerk Chemnitz-Nord, Motor 5;09114;Chemnitz;Blankenburgstra?e;2;Sachsen;Deutschland;2023;;InBetrieb;Erdgas;ErdgasErdoelgas;Ja;Nein;12,65;12,538;Verbrennungsmotor;TeileinspeisungEigenverbrauch;Hochspannung;inetz GmbH (SNB916663914472);Nein;
Einzelanlage;SEE977356213593;RWE Generation Hydro GmbH;Heimbach Maschine 2;52396;Heimbach;Kleestra?e;;NordrheinWestfalen;Deutschland;1905;;InBetrieb;Wasser;;Nein;Ja;8;8;Speicherwasseranlage;Volleinspeisung;UmspannungZurMittelspannung;Westnetz GmbH (SNB921897286493);Nein;
Einzelanlage;SEE987119743892;EnBW Energie Baden-W?rttemberg AG;PSW Glems 2;72555;Metzingen;Unterer Hof;2;BadenWuerttemberg;Deutschland;1964;;InBetrieb;Pumpspeicher;;Nein;Nein;45;45;Pumpspeicher;TeileinspeisungEigenverbrauch;Hochspannung;Netze BW GmbH (SNB948311994307);Nein;
Einzelanlage;SEE972356296461;Cerdia Produktions GmbH;Gasturbine;79108;Freiburg;Engesserstra?e;8;BadenWuerttemberg;Deutschland;1998;;InBetrieb;Erdgas;ErdgasErdoelgas;Ja;Nein;39,92;38,498;GasturbinenmitnachgeschalteterDampfturbine;TeileinspeisungEigenverbrauch;Hochspannung;badenovaNETZE GmbH (SNB965774651691);Nein;
Einzelanlage;SEE969540726491;Infraserv GmbH & Co. H?chst KG;IPH Strom GTX3;65929;Frankfurt;Br?ningstra?e;50;Hessen;Deutschland;2011;;InBetrieb;Erdgas;ErdgasErdoelgas;Ja;Nein;50;49,8;GasturbinenmitAbhitzekessel;Volleinspeisung;Hochspannung;Infraserv Netze GmbH (SNB977535807001);Nein;
Einzelanlage;SEE972180197972;Donau-Wasserkraft AG;Ingolstadt E K2;85049;Ingolstadt;Stauseestra?e;20;Bayern;Deutschland;1971;;InBetrieb;Wasser;;Nein;Ja;6,7;6,6;Laufwasseranlage;Volleinspeisung;Hochspannung;DB Energie GmbH (Bahnstromnetz 16,7 Hz) (SNB942182027607);Nein;
Einzelanlage;SEE974434785997;VERBUND Innkraftwerke GmbH;Kraftwerk Perach MS3;84567;Perach;Niederperach;45;Bayern;Deutschland;1977;;InBetrieb;Wasser;;Nein;Ja;6,466;6,466;Laufwasseranlage;Volleinspeisung;Hochspannung;Bayernwerk Netz GmbH (SNB940352624434);Nein;
Einzelanlage;SEE975793104498;Stadtwerke Rosenheim GmbH & Co. KG;GM4;83022;Rosenheim;Sch?nfeldstra?e;15;Bayern;Deutschland;2013;;InBetrieb;Erdgas;ErdgasErdoelgas;Ja;Nein;10,387;10,283;Verbrennungsmotor;TeileinspeisungEigenverbrauch;Mittelspannung;Stadtwerke Rosenheim Netze GmbH (SNB988838479086);Nein;
Einzelanlage;SEE988996320985;Caterpillar Energy Solutions;P31;68167;Mannheim;Carl-Benz-Stra?e;1;BadenWuerttemberg;Deutschland;1994;;InBetrieb;Erdgas;ErdgasErdoelgas;Nein;Nein;1,84;1,84;Verbrennungsmotor;TeileinspeisungEigenverbrauch;Mittelspannung;MVV Netze GmbH (SNB985472799266);Nein;
Einzelanlage;SEE989785638618;BMW AG;Regensburg KWK 3;93055;Regensburg;Herbert-Quandt-Allee;1;Bayern;Deutschland;2012;;InBetrieb;Erdgas;ErdgasErdoelgas;Ja;Nein;2,678;2,678;Verbrennungsmotor;TeileinspeisungEigenverbrauch;Mittelspannung;Bayernwerk Netz GmbH (SNB940352624434);Nein;
Einzelanlage;SEE946709181179;eins energie in sachsen GmbH & Co. KG;Motor-Heizkraftwerk Chemnitz-Nord, Motor 4;09114;Chemnitz;Blankenburgstra?e;2;Sachsen;Deutschland;2023;;InBetrieb;Erdgas;ErdgasErdoelgas;Ja;Nein;12,65;12,538;Verbrennungsmotor;TeileinspeisungEigenverbrauch;Hochspannung;inetz GmbH (SNB916663914472);Nein;
Einzelanlage;SEE952488583202;K+S Minerals and Agriculture GmbH;Kraftwerk HA DT1;36269;Philippsthal;Hattorfer Stra?e;1;Hessen;Deutschland;1967;;InBetrieb;Waerme;Dampf;Ja;Nein;28,504;28;GegendruckmaschinemitEntnahme;TeileinspeisungEigenverbrauch;Hochspannung;Avacon Netz GmbH (SNB990362338043);Nein;
Einzelanlage;SEE957639615832;Everllence SE;Pr?fstand 15;86153;Augsburg;Stadtbachstra?e;1;Bayern;Deutschland;2009;;InBetrieb;Erdgas;ErdgasErdoelgas;Nein;Nein;14;13,84;Verbrennungsmotor;TeileinspeisungEigenverbrauch;Mittelspannung;swa Netze GmbH (SNB958077102830);Nein;
Einzelanlage;SEE960430412456;GLOBALFOUNDRIES Dresden Module One LLC & Co. KG;Gasmotoren-Blockheizkraftwerk II (Generator 5);01468;Moritzburg;Ringstra?e;3;Sachsen;Deutschland;2004;;InBetrieb;Erdgas;ErdgasErdoelgas;Ja;Nein;3,832;3,772;Verbrennungsmotor;TeileinspeisungEigenverbrauch;Mittelspannung;SachsenNetze GmbH (SNB980808485264);Nein;
Einzelanlage;SEE955937262338;GMVA Gemeinschafts-M?ll-Verbrennungsanlage Niederrhein GmbH;?Turbosatz 1?;46049;Oberhausen;Liricher Str.;121;NordrheinWestfalen;Deutschland;2006;;InBetrieb;Abfall;AbfallHausmuellSiedlungsabfaelle;Ja;Nein;25,6;21,1;KondensationsmaschinemitEntnahme;TeileinspeisungEigenverbrauch;Mittelspannung;Oberhausener Netzgesellschaft mbH (SNB992672107807);Nein;
Einzelanlage;SEE957201039868;DREWSEN Spezialpapiere GmbH & Co. KG;GuD Anlage DREWSEN Spezialpapiere (Gasturbine);29331;Lachendorf;Georg-Drewsen-Weg;2;Niedersachsen;Deutschland;2000;;InBetrieb;Erdgas;ErdgasErdoelgas;Ja;Nein;7,2;7;GasturbinenmitnachgeschalteterDampfturbine;TeileinspeisungEigenverbrauch;Hochspannung;Avacon Netz GmbH (SNB990362338043);Nein;
Einzelanlage;SEE994418588468;RWE Generation SE;Emsland C DT;49808;Lingen;Sch?ttorfer Stra?e;100;Niedersachsen;Deutschland;1975;;InBetrieb;Erdgas;ErdgasErdoelgas;Ja;Nein;372,6;359;KondensationsmaschinemitEntnahme;Volleinspeisung;Hoechstspannung;Amprion GmbH (SNB976890256486);Nein;
Einzelanlage;SEE982563254987;Kraftwerke Mainz-Wiesbaden AG;KW2 GT26;55120;Mainz;Kraftwerkallee;1;RheinlandPfalz;Deutschland;1977;;InBetrieb;Erdgas;ErdgasErdoelgas;Nein;Nein;95;90;GasturbinenohneAbhitzekessel;TeileinspeisungEigenverbrauch;Hochspannung;Mainzer Netze GmbH (SNB959523885956);Nein;
Einzelanlage;SEE982923767645;EnBW Energie Baden-W?rttemberg AG;WKW Dettingen M3;88451;Dettingen;Illerkraftwerk IV;;BadenWuerttemberg;Deutschland;1927;;InBetrieb;Wasser;;Nein;Ja;3,6;3,6;Laufwasseranlage;TeileinspeisungEigenverbrauch;Mittelspannung;Netze BW GmbH (SNB948311994307);Nein;
Einzelanlage;SEE991810618885;RWE Generation Hydro GmbH;Fankel Maschine 4;56814;Bruttig-Fankel;Am Stausee;;RheinlandPfalz;Deutschland;1963;;InBetrieb;Wasser;;Nein;Ja;4,1;4,1;Laufwasseranlage;Volleinspeisung;Mittelspannung;Westnetz GmbH (SNB921897286493);Nein;
Einzelanlage;SEE974236609859;eins energie in sachsen GmbH & Co. KG;Motor-Heizkraftwerk Chemnitz-Nord, Motor 6;09114;Chemnitz;Blankenburgstra?e;2;Sachsen;Deutschland;2023;;InBetrieb;Erdgas;ErdgasErdoelgas;Ja;Nein;12,65;12,538;Verbrennungsmotor;TeileinspeisungEigenverbrauch;Hochspannung;inetz GmbH (SNB916663914472);Nein;
Einzelanlage;SEE977050146562;CR3-Kaffeeveredelung M. Hermsen GmbH;GT2;28237;Bremen;Waterbergstra?e;14;Bremen;Deutschland;2001;;InBetrieb;Erdgas;ErdgasErdoelgas;Ja;Nein;5,205;5,025;GasturbinenmitnachgeschalteterDampfturbine;TeileinspeisungEigenverbrauch;Mittelspannung;wesernetz Bremen GmbH (SNB942238573102);Nein;
Einzelanlage;SEE980008908440;Alzkraftwerke Heider GmbH;WKW III;84579;Unterneukirchen;M?hlthal;1;Bayern;Deutschland;1920;;InBetrieb;Wasser;;Nein;Ja;19;18,5;Laufwasseranlage;Volleinspeisung;Mittelspannung;Alzchem Netz GmbH (SNB922722422505);Nein;
Einzelanlage;SEE980130244065;Flughafen M?nchen GmbH;BHKW 2 - GOM 1;85356;M?nchen-Flughafen;Nordallee;18;Bayern;Deutschland;2014;;InBetrieb;Erdgas;ErdgasErdoelgas;Ja;Nein;4,3;4,207;Verbrennungsmotor;TeileinspeisungEigenverbrauch;Mittelspannung;Flughafen M?nchen GmbH (SNB919526009605);Nein;
Einzelanlage;SEE983509659989;Kraftwerke Mainz-Wiesbaden AG;BHKW KW5 52;55120;Mainz;Kraftwerkallee;1;RheinlandPfalz;Deutschland;2020;;InBetrieb;Erdgas;ErdgasErdoelgas;Ja;Nein;10,02;9,93;Verbrennungsmotor;TeileinspeisungEigenverbrauch;Hochspannung;Mainzer Netze GmbH (SNB959523885956);Nein;
Einzelanlage;SEE963817764100;Braunschweiger Versorgungs-AG & Co. KG;HKW Nord GT;38112;Braunschweig;Sandanger;1;Niedersachsen;Deutschland;1990;;InBetrieb;Erdgas;ErdgasErdoelgas;Ja;Nein;29;25;GasturbinenmitAbhitzekessel;Volleinspeisung;UmspannungZurHochspannung;Braunschweiger Netz GmbH (SNB926644622999);Nein;
Einzelanlage;SEE971995083203;VW Kraftwerk GmbH;BHKW Braunschweig;38112;Braunschweig;Gifhorner Stra?e;180;Niedersachsen;Deutschland;2014;;InBetrieb;Erdgas;ErdgasErdoelgas;Ja;Nein;10,5;10,4;Verbrennungsmotor;TeileinspeisungEigenverbrauch;Hochspannung;Braunschweiger Netz GmbH (SNB926644622999);Nein;
Einzelanlage;SEE979958690659;BTB Blockheizkraftwerks-, Tr?ger- und Betreibergesellschaft;KWK Adlershof Modul 3;12489;Berlin;Albert-Einstein-Stra?e;22;Berlin;Deutschland;2023;;InBetrieb;Erdgas;ErdgasErdoelgas;Ja;Nein;4,502;4,39;Verbrennungsmotor;Volleinspeisung;Mittelspannung;Energienetze Berlin GmbH (SNB917314328846);Nein;
Einzelanlage;SEE980976424690;Papier- u. Kartonfabrik Varel GmbH & Co. KG;PKV Dampfsammelschienen-KWK-Anlage Generator/ Turbine GT 6;26316;Varel;Dangaster Stra?e;38;Niedersachsen;Deutschland;2003;;InBetrieb;Erdgas;ErdgasErdoelgas;Ja;Nein;7,9;7,662;GasturbinenmitAbhitzekessel;TeileinspeisungEigenverbrauch;Mittelspannung;EWE NETZ GmbH (SNB951051725711);Nein;
Einzelanlage;SEE955867610100;EEW Energy from Waste Premnitz GmbH;Batteriespeicher Premnitz;14727;Premnitz;Dr.-Herbert-Rein-Stra?e;1;Brandenburg;Deutschland;2026;;InBetrieb;Batteriespeicher;;Nein;Nein;7;7;Batterie;Volleinspeisung;Mittelspannung;E.DIS Netz GmbH (SNB941690671609);Nein;
Einzelanlage;SEE963827374382;Uniper Kraftwerke GmbH;Kirchm?ser DT;14774;Brandenburg;Bahntechnikerring;17;Brandenburg;Deutschland;1994;;InBetrieb;Erdgas;ErdgasErdoelgas;Nein;Nein;58;56;KondensationsmaschineohneEntnahme;Volleinspeisung;Hochspannung;DB Energie GmbH (Bahnstromnetz 16,7 Hz) (SNB942182027607);Nein;
Einzelanlage;SEE964290104919;Kraftwerke Mainz-Wiesbaden AG;BHKW KW5 53;55120;Mainz;Kraftwerkallee;1;RheinlandPfalz;Deutschland;2020;;InBetrieb;Erdgas;ErdgasErdoelgas;Ja;Nein;10,02;9,93;Verbrennungsmotor;TeileinspeisungEigenverbrauch;Hochspannung;Mainzer Netze GmbH (SNB959523885956);Nein;
Einzelanlage;SEE993713255198;Firma Mercedes-Benz AG Werk 050 HPC NC50 LN-Nr.: 17319765;W050-TS_Mercedes-Benz Werk Sindelfingen HKW Turbine 5;71063;Sindelfingen;Bela-Barenyi-Str.;1;BadenWuerttemberg;Deutschland;1981;;InBetrieb;Erdgas;ErdgasErdoelgas;Ja;Nein;21,968;19,771;GegendruckmaschinemitEntnahme;TeileinspeisungEigenverbrauch;Hochspannung;Netze BW GmbH (SNB948311994307);Nein;
Einzelanlage;SEE995943794058;PCK Raffinerie GmbH;2MKA;16303;Schwedt;Passower Chaussee;111;Brandenburg;Deutschland;1998;;InBetrieb;Mineraloelprodukte;AndereMineraloelprodukte;Ja;Nein;117;106;KondensationsmaschinemitEntnahme;TeileinspeisungEigenverbrauch;Hochspannung;E.DIS Netz GmbH (SNB941690671609);Nein;
Einzelanlage;SEE997470241692;Statkraft Markets GmbH;Batterie D?rverden;27313;D?rverden;Sympherallee;56;Niedersachsen;Deutschland;2016;;InBetrieb;Batteriespeicher;;Nein;Nein;5;5;Batterie;Volleinspeisung;Hochspannung;Avacon Netz GmbH (SNB990362338043);Nein;
Einzelanlage;SEE998116131216;BTB Blockheizkraftwerks-, Tr?ger- und Betreibergesellschaft;NEZ Adlershof Modul 2;12489;Berlin;Albert-Einstein-Stra?e;22;Berlin;Deutschland;2010;;InBetrieb;Erdgas;ErdgasErdoelgas;Ja;Nein;2;1,97;Verbrennungsmotor;TeileinspeisungEigenverbrauch;Mittelspannung;Energienetze Berlin GmbH (SNB917314328846);Nein;
Einzelanlage;SEE968905495126;EnBW Energie Baden-W?rttemberg AG;RKI Iffezheim M4;76473;Iffezheim;An der Staustufe;27;BadenWuerttemberg;Deutschland;1978;;InBetrieb;Wasser;;Nein;Ja;27;27;Laufwasseranlage;TeileinspeisungEigenverbrauch;Hochspannung;Netze BW GmbH (SNB948311994307);Ja;27
Einzelanlage;SEE970980016073;SWK ENERGIE GmbH;KWK006-1;47804;Krefeld;St. T?niser Stra?e;270;NordrheinWestfalen;Deutschland;2013;;InBetrieb;Erdgas;ErdgasErdoelgas;Ja;Nein;4,3;4,241;Verbrennungsmotor;Volleinspeisung;Mittelspannung;NGN Netzgesellschaft Niederrhein mbH (SNB911144461377);Nein;
Einzelanlage;SEE974051053875;Klingele Paper Weener SE & Co. KG;Turbine 4;26826;Weener;Industriestra?e;46;Niedersachsen;Deutschland;2021;;InBetrieb;Abfall;AbfallHausmuellSiedlungsabfaelle;Nein;Nein;15,6;13,85;KondensationsmaschineohneEntnahme;TeileinspeisungEigenverbrauch;Mittelspannung;EWE NETZ GmbH (SNB951051725711);Nein;
Einzelanlage;SEE975188536989;Energie SaarLorLux AG;HKW-R?merbr?cke GuD-Anlage;66121;Saarbr?cken;Bismarckstra?e;143;Saarland;Deutschland;2005;;InBetrieb;Erdgas;ErdgasErdoelgas;Ja;Nein;41;40;GasturbinenmitAbhitzekessel;Volleinspeisung;Hochspannung;Stadtwerke Saarbr?cken Netz AG (SNB985382489820);Nein;
Einzelanlage;SEE976320012538;Salzgitter Flachstahl GmbH;Block2;38239;Salzgitter;Eisenh?ttenstra?e;99;Niedersachsen;Deutschland;2010;;InBetrieb;Sonstige Energietraeger (nicht erneuerbar);HochofengasKonvertergas;Ja;Nein;110;97;KondensationsmaschinemitEntnahme;TeileinspeisungEigenverbrauch;Hoechstspannung;TenneT TSO GmbH (SNB970033313272);Nein;
Einzelanlage;SEE977583940965;J?ckering M?hlen- und N?hrmittelwerke GmbH;BHKW Hafen - Modul 7;59067;Hamm;Speicherstra?e;15;NordrheinWestfalen;Deutschland;2017;;InBetrieb;Erdgas;ErdgasErdoelgas;Ja;Nein;2,193;2,176;Verbrennungsmotor;TeileinspeisungEigenverbrauch;Mittelspannung;Energie- und Wasserversorgung Hamm GmbH (SNB912743424114);Nein;
Einzelanlage;SEE979779484642;Energie SaarLorLux AG;HKW-R?merbr?cke Dampfturbinenanlage DT2;66121;Saarbr?cken;Bismarckstra?e;143;Saarland;Deutschland;1988;;InBetrieb;Erdgas;ErdgasErdoelgas;Ja;Nein;56;53;KondensationsmaschinemitEntnahme;Volleinspeisung;Hochspannung;Stadtwerke Saarbr?cken Netz AG (SNB985382489820);Nein;
Einzelanlage;SEE989393516094;Lausitz Energie Kraftwerke AG;Gasturbinenkraftwerk Thyrow GT D;15806;Zossen;Am Umspannwerk;12;Brandenburg;Deutschland;1987;;Kapazit?tsreserve aufgrund von ? 13e EnWG;Erdgas;ErdgasErdoelgas;Nein;Nein;37,6;37,104;GasturbinenohneAbhitzekessel;Volleinspeisung;Hochspannung;50Hertz Transmission GmbH (SNB982046657236);Nein;
Einzelanlage;SEE992398329613;Koehler Oberkirch GmbH;Biomasse-HKW Oberkirch;77704;Oberkirch;Hauptstra?e;2;BadenWuerttemberg;Deutschland;2024;;InBetrieb;Biomasse;;Ja;Ja;20;20;KondensationsmaschinemitEntnahme;Volleinspeisung;Mittelspannung;Stadtwerke Oberkirch GmbH (SNB963821222269);Nein;
Einzelanlage;SEE996080766151;Uniper Kraftwerke GmbH;Waldeck 2 F2;34549;Edertal;Kraftwerkstra?e;10;Hessen;Deutschland;1974;;InBetrieb;Pumpspeicher;;Nein;Nein;240;240;Pumpspeicher;Volleinspeisung;Hoechstspannung;TenneT TSO GmbH (SNB970033313272);Nein;
Einzelanlage;SEE998534788504;Uniper Kraftwerke GmbH;Waldeck 1 Pumpspeicher;34549;Edertal;Kraftwerkstra?e;10;Hessen;Deutschland;1931;;InBetrieb;Pumpspeicher;;Nein;Nein;75;75;Pumpspeicher;Volleinspeisung;Hochspannung;Avacon Netz GmbH (SNB990362338043);Nein;
Einzelanlage;SEE986936308987;Martinswerk GmbH;KWK-Anlage: Generator 1;50127;Bergheim;K?lner Stra?e;110;NordrheinWestfalen;Deutschland;1961;;InBetrieb;Braunkohle;Rohbraunkohlen;Ja;Nein;11;9,9;GegendruckmaschinemitEntnahme;TeileinspeisungEigenverbrauch;Mittelspannung;Westnetz GmbH (SNB921897286493);Nein;
Einzelanlage;SEE989392899242;Stadtwerke Kiel AG;HKWH Gasturbine 7;24116;Kiel;Goethestra?e;14;SchleswigHolstein;Deutschland;2014;;InBetrieb;Erdgas;ErdgasErdoelgas;Ja;Nein;5,427;5,336;GasturbinenmitAbhitzekessel;Volleinspeisung;Mittelspannung;SWKiel Netz GmbH (SNB973742186519);Nein;
Einzelanlage;SEE963949142524;Stadtwerke M?nchen GmbH;SWM Uppenborn 1 Gen2;85368;Wang;Werkstra?e;25;Bayern;Deutschland;1930;;InBetrieb;Wasser;;Nein;Ja;8,8;8,8;Laufwasseranlage;TeileinspeisungEigenverbrauch;Hochspannung;SWM Infrastruktur GmbH & Co. KG (SNB969473762610);Nein;
Einzelanlage;SEE964408218132;ZF Friedrichshafen AG;ZF-FRD-W04-G22-Pr?fstand-844078;88046;Friedrichshafen;Graf-von-Soden-Platz;1;BadenWuerttemberg;Deutschland;2008;;InBetrieb;Mineraloelprodukte;Dieselkraftstoff;Nein;Nein;1,672;1,672;Verbrennungsmotor;TeileinspeisungEigenverbrauch;UmspannungZurMittelspannung;Stadtwerk am See GmbH & Co. KG (SNB993059842564);Nein;
Einzelanlage;SEE970444408703;Rh?nEnergie Fulda GmbH;Kraftwerk Fulda Aggregat 3B;36043;Fulda;Frankfurter Stra?e;4;Hessen;Deutschland;2010;;InBetrieb;Mineraloelprodukte;Dieselkraftstoff;Nein;Nein;2,845;2,76;Verbrennungsmotor;Volleinspeisung;Mittelspannung;OsthessenNetz GmbH (SNB934071779865);Nein;
Einzelanlage;SEE972694764301;swb Entsorgung GmbH&Co. KG;MHKW_Gen1;28219;Bremen;Oken;2;Bremen;Deutschland;1984;;InBetrieb;Abfall;AbfallHausmuellSiedlungsabfaelle;Ja;Nein;2,7;2,6;GegendruckmaschineohneEntnahme;TeileinspeisungEigenverbrauch;Hoechstspannung;wesernetz Bremen GmbH (SNB942238573102);Nein;
Einzelanlage;SEE991817093418;Lausitz Energie Kraftwerke AG;Kraftwerk J?nschwalde Block A;03185;Teichland;Am Kraftwerk;;Brandenburg;Deutschland;1981;;zeitl. gestreckte Stilllegung aufgrund ? 50 KVBG;Braunkohle;Rohbraunkohlen;Ja;Nein;535;500;KondensationsmaschinemitEntnahme;TeileinspeisungEigenverbrauch;Hoechstspannung;50Hertz Transmission GmbH (SNB982046657236);Nein;
Einzelanlage;SEE995833202618;Uniper Kraftwerke GmbH;TW Gottfrieding K (Ro) 1;84177;Gottfrieding;Isarweg;1;Bayern;Deutschland;2009;;InBetrieb;Wasser;;Nein;Ja;5;5;Laufwasseranlage;Volleinspeisung;Mittelspannung;Bayernwerk Netz GmbH (SNB940352624434);Nein;
Einzelanlage;SEE965203033722;SWU Energie GmbH;BHKW Neu-Ulm M4;89231;Neu-Ulm;Bradleystra?e;32 1/2;Bayern;Deutschland;2021;;InBetrieb;Erdgas;ErdgasErdoelgas;Ja;Nein;2,676;2,622;Verbrennungsmotor;Volleinspeisung;Mittelspannung;Stadtwerke Ulm/Neu-Ulm Netze GmbH (SNB934068635945);Nein;
Einzelanlage;SEE965730885047;RWE Generation SE;Vianden M1;9463;Stolzembourg;Rue de l'Energie;2;;Luxemburg;1962;;InBetrieb;Pumpspeicher;;Nein;Nein;100;100;Pumpspeicher;TeileinspeisungEigenverbrauch;Hoechstspannung;Amprion GmbH (SNB976890256486);Ja;100
Einzelanlage;SEE966202630769;swb Erzeugung AG & Co. KG;BHKW Hastedt Motor 09;28207;Bremen;Hastedter Osterdeich;255;Bremen;Deutschland;2022;;InBetrieb;Erdgas;ErdgasErdoelgas;Ja;Nein;11,8096;11,6794;Verbrennungsmotor;Volleinspeisung;Niederspannung;wesernetz Bremen GmbH (SNB942238573102);Nein;
Einzelanlage;SEE988465448257;Uniper Kraftwerke GmbH;Dessau K(Ro)2;86977;Burggen;Dessau;;Bayern;Deutschland;1967;;InBetrieb;Wasser;;Nein;Ja;4,2;3,433;Laufwasseranlage;Volleinspeisung;Hochspannung;LEW Verteilnetz GmbH (SNB911705062982);Nein;
Einzelanlage;SEE988616317180;Infraserv GmbH & Co. Wiesbaden KG;Generator 4;65203;Wiesbaden;Rheingaustra?e;190-196;Hessen;Deutschland;1996;;InBetrieb;Erdgas;ErdgasErdoelgas;Ja;Nein;11,66;11,41;GasturbinenmitAbhitzekessel;Volleinspeisung;Mittelspannung;InfraServ GmbH & Co. Wiesbaden KG (SNB960884494671);Nein;
Einzelanlage;SEE991039408854;Universit?tsklinkum Freiburg und Bad Krozingen;Gasturbine 1;79106;Freiburg;Hartmannstra?e;1;BadenWuerttemberg;Deutschland;2001;;InBetrieb;Erdgas;ErdgasErdoelgas;Ja;Nein;5,6;5,49;GasturbinenmitAbhitzekessel;TeileinspeisungEigenverbrauch;Mittelspannung;badenovaNETZE GmbH (SNB965774651691);Nein;
Einzelanlage;SEE966521084113;RWE Generation Hydro GmbH;Fankel Maschine 3;56814;Bruttig-Fankel;Am Stausee;;RheinlandPfalz;Deutschland;1963;;InBetrieb;Wasser;;Nein;Ja;4,1;4,1;Laufwasseranlage;Volleinspeisung;Mittelspannung;Westnetz GmbH (SNB921897286493);Nein;
Einzelanlage;SEE967078876749;Rhein-Main-Donau GmbH;Straubing K2;94315;Straubing;Kagerser Hauptstra?e;164;Bayern;Deutschland;1994;;InBetrieb;Wasser;;Nein;Ja;7,1667;7,1667;Laufwasseranlage;Volleinspeisung;Mittelspannung;Bayernwerk Netz GmbH (SNB940352624434);Nein;
Einzelanlage;SEE969698095906;Technische Werke Ludwigshafen am Rhein;FHKW DT6;67063;Ludwigshafen;Industriestra?e;3;RheinlandPfalz;Deutschland;2018;;InBetrieb;Waerme;Dampf;Ja;Nein;6;5,4866;KondensationsmaschinemitEntnahme;TeileinspeisungEigenverbrauch;Mittelspannung;TWL Netze GmbH (SNB935578300972);Nein;
Einzelanlage;SEE970143794190;GLOBALFOUNDRIES Dresden Module One LLC & Co. KG;Gasmotoren-Blockheizkraftwerk II (Generator 8);01468;Moritzburg;Ringstra?e;3;Sachsen;Deutschland;2004;;InBetrieb;Erdgas;ErdgasErdoelgas;Ja;Nein;3,832;3,772;Verbrennungsmotor;TeileinspeisungEigenverbrauch;Mittelspannung;SachsenNetze GmbH (SNB980808485264);Nein;
Einzelanlage;SEE970554561831;K+S Minerals and Agriculture GmbH;Kraftwerk HA DT2;36269;Philippsthal;Hattorfer Stra?e;1;Hessen;Deutschland;2017;;InBetrieb;Waerme;Dampf;Ja;Nein;22,5;21,375;GegendruckmaschinemitEntnahme;TeileinspeisungEigenverbrauch;Hochspannung;Avacon Netz GmbH (SNB990362338043);Nein;
Einzelanlage;SEE982798043462;ZF Friedrichshafen AG;ZF-FRD-W04-G32-Pr?fstand-A01;88046;Friedrichshafen;Graf-von-Soden-Platz;1;BadenWuerttemberg;Deutschland;2022;;InBetrieb;Mineraloelprodukte;AndereMineraloelprodukte;Nein;Nein;1,756;1,756;Verbrennungsmotor;TeileinspeisungEigenverbrauch;UmspannungZurMittelspannung;Stadtwerk am See GmbH & Co. KG (SNB993059842564);Nein;
Einzelanlage;SEE982694984074;Universit?tsklinkum Freiburg und Bad Krozingen;BHKW 1;79106;Freiburg;Hartmannstra?e;1;BadenWuerttemberg;Deutschland;2015;;InBetrieb;Erdgas;ErdgasErdoelgas;Ja;Nein;2,028;1,999;Verbrennungsmotor;TeileinspeisungEigenverbrauch;Mittelspannung;badenovaNETZE GmbH (SNB965774651691);Nein;
Einzelanlage;SEE987807988154;Uniper Kraftwerke GmbH;Audorf GT;24783;Osterr?nfeld;Sch?ferkatenweg;1;SchleswigHolstein;Deutschland;2004;;InBetrieb;Mineraloelprodukte;HeizoelLeicht;Nein;Nein;90;90;GasturbinenohneAbhitzekessel;Volleinspeisung;Hochspannung;Schleswig-Holstein Netz GmbH (SNB990857029876);Nein;
Einzelanlage;SEE976107471893;RWE Generation SE;bnBm GasKW BIB GT11;68647;Biblis;Bei den M?nch?ckern;50;Hessen;Deutschland;2023;;besonderes netztechnisches Betriebsmittel;Erdgas;ErdgasErdoelgas;Nein;Nein;34,8;34,4;GasturbinenohneAbhitzekessel;Volleinspeisung;Hoechstspannung;Amprion GmbH (SNB976890256486);Nein;
Einzelanlage;SEE976415135319;Cargill Deutschland GmbH;BHKW Kre;47809;Krefeld;D?sseldorfer Stra?e;191;NordrheinWestfalen;Deutschland;1996;;InBetrieb;Erdgas;ErdgasErdoelgas;Ja;Nein;14,33;14;Verbrennungsmotor;TeileinspeisungEigenverbrauch;Hochspannung;NGN Netzgesellschaft Niederrhein mbH (SNB911144461377);Nein;
Einzelanlage;SEE977956291342;Ford-Werke GmbH;BHKW Ford Saarlouis Modul 1;66740;Saarlouis;Henry-Ford-Stra?e;1;Saarland;Deutschland;2016;;InBetrieb;Erdgas;ErdgasErdoelgas;Ja;Nein;4,404;4,322;Verbrennungsmotor;TeileinspeisungEigenverbrauch;Mittelspannung;VSE Verteilnetz GmbH (SNB941650885558);Nein;
Einzelanlage;SEE982367992610;Uniper Kraftwerke GmbH;Franken GT2;90449;N?rnberg;Felsenstra?e;14;Bayern;Deutschland;1975;;InBetrieb;Erdgas;ErdgasErdoelgas;Ja;Nein;58;53;GasturbinenmitnachgeschalteterDampfturbine;Volleinspeisung;Hochspannung;Bayernwerk Netz GmbH (SNB940352624434);Nein;
Einzelanlage;SEE995527175044;GLOBALFOUNDRIES Dresden Module Two LLC & Co. KG;Gasmotoren-Blockheizkraftwerk I (Generator 9);01468;Moritzburg;Ringstra?e;3;Sachsen;Deutschland;1998;;InBetrieb;Erdgas;ErdgasErdoelgas;Ja;Nein;3,884;3,879;Verbrennungsmotor;TeileinspeisungEigenverbrauch;Mittelspannung;SachsenNetze GmbH (SNB980808485264);Nein;
Einzelanlage;SEE999117793854;RWE Power AG;Weisweiler H VGT;52249;Eschweiler;Am Kraftwerk;17;NordrheinWestfalen;Deutschland;2006;;InBetrieb;Erdgas;ErdgasErdoelgas;Ja;Nein;202;200;KondensationsmaschinemitEntnahme;TeileinspeisungEigenverbrauch;UmspannungZurHochspannung;Westnetz GmbH (SNB921897286493);Nein;
Einzelanlage;SEE976392258995;Rhein-Main-Donau GmbH;Geisling K2;93102;Pfatter;Wiesenweg;100;Bayern;Deutschland;1985;;InBetrieb;Wasser;;Nein;Ja;8,333;8,333;Laufwasseranlage;Volleinspeisung;Hochspannung;Bayernwerk Netz GmbH (SNB940352624434);Nein;
Einzelanlage;SEE980461358011;M?nch NatureDepot GmbH;BESS Leuna 1;06217;Merseburg;;;SachsenAnhalt;Deutschland;2026;;InBetrieb;Batteriespeicher;;Nein;Nein;50,94;46,332;Batterie;Volleinspeisung;UmspannungZurMittelspannung;Mitteldeutsche Netzgesellschaft Strom mbH (SNB916269213931);Nein;
Einzelanlage;SEE986461420765;Firma Mercedes-Benz AG Werk 050 HPC NC50 LN-Nr.: 17319765;W059-RD_Geb. 122/1;70327;Stuttgart;Mercedesstra?e;137;BadenWuerttemberg;Deutschland;2015;;InBetrieb;Mineraloelprodukte;Dieselkraftstoff;Nein;Nein;4,344;4,344;Verbrennungsmotor;TeileinspeisungEigenverbrauch;Niederspannung;Power Supply Systems GmbH (SNB960349538834);Nein;
Einzelanlage;SEE987970110314;Trianel Gaskraftwerk Hamm;Trianel Gaskraftwerk Hamm Block 10;59071;Hamm;Trianelstra?e;1;NordrheinWestfalen;Deutschland;2007;;InBetrieb;Erdgas;ErdgasErdoelgas;Nein;Nein;453;445;GasturbinenmitnachgeschalteterDampfturbine;Volleinspeisung;Hoechstspannung;Amprion GmbH (SNB976890256486);Nein;
Einzelanlage;SEE990151320914;Binderholz K?sching GmbH;KWK-Anlage;85092;K?sching;Einsteinstra?e;9;Bayern;Deutschland;2007;;InBetrieb;Biomasse;;Ja;Ja;15,13;15,13;KondensationsmaschinemitEntnahme;Volleinspeisung;UmspannungZurMittelspannung;Bayernwerk Netz GmbH (SNB940352624434);Nein;
Einzelanlage;SEE992491089179;Henkel AG & Co. KGaA;F18BHKW;40589;D?sseldorf;Henkelstra?e;67;NordrheinWestfalen;Deutschland;2016;;InBetrieb;Erdgas;ErdgasErdoelgas;Ja;Nein;1,999;1,968;Verbrennungsmotor;TeileinspeisungEigenverbrauch;Niederspannung;Netzgesellschaft D?sseldorf mbH (SNB933956506145);Nein;
Einzelanlage;SEE992625046054;Uniper Kraftwerke GmbH;M?hltal F2;82064;Stra?lach-Dingharting;M?hlthal;7;Bayern;Deutschland;2011;;InBetrieb;Wasser;;Nein;Ja;3,73;3,73;Laufwasseranlage;TeileinspeisungEigenverbrauch;Mittelspannung;Bayernwerk Netz GmbH (SNB940352624434);Nein;
Einzelanlage;SEE992841152355;Lausitz Energie Kraftwerke AG;Gasturbinenkraftwerk Thyrow GT A;15806;Zossen;Am Umspannwerk;12;Brandenburg;Deutschland;1987;;Kapazit?tsreserve aufgrund von ? 13e EnWG;Erdgas;ErdgasErdoelgas;Nein;Nein;37,6;37,104;GasturbinenohneAbhitzekessel;Volleinspeisung;Hochspannung;50Hertz Transmission GmbH (SNB982046657236);Nein;
Einzelanlage;SEE994422897143;Universit?t Stuttgart;HKW Pfaffenwald, Generator 60;70569;Stuttgart;Pfaffenwaldring;8;BadenWuerttemberg;Deutschland;1968;;InBetrieb;Erdgas;ErdgasErdoelgas;Ja;Nein;12,4;11,6;GegendruckmaschinemitEntnahme;TeileinspeisungEigenverbrauch;UmspannungZurMittelspannung;Stuttgart Netze GmbH (SNB947592865054);Nein;
Einzelanlage;SEE997562455938;Stadtwerke T?bingen GmbH;BHKW Obere Viehweide M1 (Waldh?user Str 100);72076;T?bingen;Waldh?user Stra?e;100;BadenWuerttemberg;Deutschland;2013;;InBetrieb;Erdgas;ErdgasErdoelgas;Ja;Nein;3,352;3,293;Verbrennungsmotor;TeileinspeisungEigenverbrauch;Mittelspannung;Stadtwerke T?bingen GmbH (SNB921695080347);Nein;
Einzelanlage;SEE987679030500;GLOBALFOUNDRIES Dresden Module Two LLC & Co. KG;Gasmotoren-Blockheizkraftwerk I (Generator 3);01468;Moritzburg;Ringstra?e;3;Sachsen;Deutschland;1998;;InBetrieb;Erdgas;ErdgasErdoelgas;Ja;Nein;3,884;3,879;Verbrennungsmotor;TeileinspeisungEigenverbrauch;Mittelspannung;SachsenNetze GmbH (SNB980808485264);Nein;
Einzelanlage;SEE987143958569;Vattenfall Wasserkraft GmbH;PSW Hohenwarte 2 PSS G;07338;Hohenwarte;Pre?witzer Stra?e;25;Thueringen;Deutschland;1966;;InBetrieb;Pumpspeicher;;Nein;Nein;40;39,7;Pumpspeicher;Volleinspeisung;Hoechstspannung;50Hertz Transmission GmbH (SNB982046657236);Nein;
Einzelanlage;SEE988933769624;ZF Friedrichshafen AG;ZF-FRD-W04-G32-Pr?fstand-B01;88046;Friedrichshafen;Graf-von-Soden-Platz;1;BadenWuerttemberg;Deutschland;2021;;InBetrieb;Mineraloelprodukte;AndereMineraloelprodukte;Nein;Nein;1,756;1,756;Verbrennungsmotor;TeileinspeisungEigenverbrauch;UmspannungZurMittelspannung;Stadtwerk am See GmbH & Co. KG (SNB993059842564);Nein;
Einzelanlage;SEE992769312817;K+S Minerals and Agriculture GmbH;Kraftwerk UB GT1;36414;Unterbreizbach;Schachtstra?e;10;Thueringen;Deutschland;2016;;InBetrieb;Erdgas;ErdgasErdoelgas;Ja;Nein;5,0243;4,95;GasturbinenmitnachgeschalteterDampfturbine;TeileinspeisungEigenverbrauch;Hochspannung;Avacon Netz GmbH (SNB990362338043);Nein;
Einzelanlage;SEE997722783727;Uniper Kraftwerke GmbH;Dornau K1;86956;Schongau;Lechuferstra?e;21;Bayern;Deutschland;1960;;InBetrieb;Wasser;;Nein;Ja;12;10,945;Laufwasseranlage;Volleinspeisung;Hochspannung;LEW Verteilnetz GmbH (SNB911705062982);Nein;
Einzelanlage;SEE997894865399;K+S Minerals and Agriculture GmbH;Kraftwerk UB DT2;36414;Unterbreizbach;Schachtstra?e;10;Thueringen;Deutschland;1971;;InBetrieb;Waerme;Dampf;Ja;Nein;5;4,5;GegendruckmaschineohneEntnahme;TeileinspeisungEigenverbrauch;Hochspannung;Avacon Netz GmbH (SNB990362338043);Nein;
Einzelanlage;SEE998204314217;Rolls-Royce Solutions;PST_209;88048;Friedrichshafen;Dom?nenstra?e;2;BadenWuerttemberg;Deutschland;2023;;InBetrieb;Erdgas;ErdgasErdoelgas;Nein;Nein;4,75;4,4175;Verbrennungsmotor;TeileinspeisungEigenverbrauch;Mittelspannung;Stadtwerk am See GmbH & Co. KG (SNB993059842564);Nein;
Einzelanlage;SEE979958390276;RWE Generation SE;Emsland D DT;49808;Lingen;Sch?ttorfer Stra?e;100;Niedersachsen;Deutschland;2010;;InBetrieb;Erdgas;ErdgasErdoelgas;Ja;Nein;345,135;340;KondensationsmaschinemitEntnahme;Volleinspeisung;Hoechstspannung;Amprion GmbH (SNB976890256486);Nein;
Einzelanlage;SEE983237534152;INEOS Manufacturing Deutschland;GT11800;50769;K?ln;Alte Str.;201;NordrheinWestfalen;Deutschland;2022;;InBetrieb;Erdgas;ErdgasErdoelgas;Ja;Nein;32;29,989;GasturbinenmitAbhitzekessel;Volleinspeisung;UmspannungZurMittelspannung;NETCUR GmbH (SNB974711150357);Nein;
Einzelanlage;SEE985143270643;SWU Energie GmbH;BHKW Neu-Ulm M1;89231;Neu-Ulm;Bradleystra?e;32 1/2;Bayern;Deutschland;2021;;InBetrieb;Erdgas;ErdgasErdoelgas;Ja;Nein;2,676;2,622;Verbrennungsmotor;Volleinspeisung;Mittelspannung;Stadtwerke Ulm/Neu-Ulm Netze GmbH (SNB934068635945);Nein;
Einzelanlage;SEE986249505394;Stadtwerke Leipzig GmbH;Heizkraftwerk Leipzig Nord DT8C;04105;Leipzig;Eutritzscher Stra?e;14b;Sachsen;Deutschland;2022;;InBetrieb;Erdgas;ErdgasErdoelgas;Ja;Nein;26,11;25,609;GegendruckmaschinemitEntnahme;TeileinspeisungEigenverbrauch;UmspannungZurMittelspannung;Mitteldeutsche Netzgesellschaft Strom mbH (SNB916269213931);Nein;
Einzelanlage;SEE997867646000;Energie- und Wasserversorgung Bonn/Rhein-Sieg GmbH;Heizkraftwerk Bonn-Nord, Dampfturbine GuD-Anlage;53115;Bonn;Karlstr.;2;NordrheinWestfalen;Deutschland;2013;;InBetrieb;Erdgas;ErdgasErdoelgas;Ja;Nein;62;62;KondensationsmaschinemitEntnahme;TeileinspeisungEigenverbrauch;Hochspannung;Westnetz GmbH (SNB921897286493);Nein;
Einzelanlage;SEE990760688887;Entsorgungsgesellschaft Mainz mbH;MHKW EBT;55120;Mainz;Kraftwerkallee;1;RheinlandPfalz;Deutschland;2003;;InBetrieb;Abfall;AbfallHausmuellSiedlungsabfaelle;Ja;Nein;5;5;GegendruckmaschineohneEntnahme;TeileinspeisungEigenverbrauch;Hochspannung;Mainzer Netze GmbH (SNB959523885956);Nein;
Einzelanlage;SEE997770651436;Kraftwerke Mainz-Wiesbaden AG;BHKW KW5 57;55120;Mainz;Kraftwerkallee;1;RheinlandPfalz;Deutschland;2020;;InBetrieb;Erdgas;ErdgasErdoelgas;Ja;Nein;10,02;9,93;Verbrennungsmotor;TeileinspeisungEigenverbrauch;Hochspannung;Mainzer Netze GmbH (SNB959523885956);Nein;
Einzelanlage;SEE999735538103;RWE Generation Hydro GmbH;Fankel Maschine 2;56814;Bruttig-Fankel;Am Stausee;;RheinlandPfalz;Deutschland;1963;;InBetrieb;Wasser;;Nein;Ja;4,1;4,1;Laufwasseranlage;Volleinspeisung;Mittelspannung;Westnetz GmbH (SNB921897286493);Nein;
Einzelanlage;SEE990635906900;Firma Mercedes-Benz AG Werk 050 HPC NC50 LN-Nr.: 17319765;W059-RD_Beb. 122/4;70327;Stuttgart;Mercedesstra?e;137;BadenWuerttemberg;Deutschland;2015;;InBetrieb;Mineraloelprodukte;Dieselkraftstoff;Nein;Nein;7,862;7,862;Verbrennungsmotor;TeileinspeisungEigenverbrauch;Niederspannung;Power Supply Systems GmbH (SNB960349538834);Nein;
Einzelanlage;SEE990811648037;Schluchseewerk AG;KW H?usern MS B2;79837;H?usern;Schwarzabruck;2;BadenWuerttemberg;Deutschland;1932;;InBetrieb;Pumpspeicher;;Nein;Nein;30;30;Pumpspeicher;None;Hochspannung, Niederspannung;Netze BW GmbH (SNB948311994307);Nein;
Einzelanlage;SEE992738364885;Vattenfall Wasserkraft GmbH;PSW Hohenwarte 2 PSS F;07338;Hohenwarte;Pre?witzer Stra?e;25;Thueringen;Deutschland;1966;;InBetrieb;Pumpspeicher;;Nein;Nein;40;39,7;Pumpspeicher;Volleinspeisung;Hoechstspannung;50Hertz Transmission GmbH (SNB982046657236);Nein;
stillgelegte Anlagen;SEE997526539162;Energieservice Westfalen Weser GmbH;Kraftwerk-Kirchlengern_GT2;32278;Kirchlengern;Bahnhofstra?e;40;NordrheinWestfalen;Deutschland;1973;2026;endg?ltig stillgelegt ohne ? 13b EnWG oder KVBG;Mineraloelprodukte;HeizoelLeicht;Nein;Nein;19,5;19;GasturbinenohneAbhitzekessel;Volleinspeisung;Hochspannung;Westfalen Weser Netz GmbH (SNB929881052512);Nein;
Einzelanlage;SEE965777272787;Uniper Kraftwerke GmbH;Walchenseekraftwerk E Pe1;82431;Kochel;Altjoch;22;Bayern;Deutschland;1924;;InBetrieb;Wasser;;Nein;Ja;13;13;Speicherwasseranlage;Volleinspeisung;Hochspannung;DB Energie GmbH (Bahnstromnetz 16,7 Hz) (SNB942182027607);Nein;
Einzelanlage;SEE987993663941;Querdel Energie GmbH;Querdel SKW Biomethan3;48336;Sassenberg;;;NordrheinWestfalen;Deutschland;2023;;InBetrieb;Biomasse;;Ja;Ja;3,352;3,352;Verbrennungsmotor;Volleinspeisung;Mittelspannung;Westnetz GmbH (SNB921897286493);Nein;
Einzelanlage;SEE990877363660;Crespel & Deiters GmbH & Co. KG;GTS1;49479;Ibbenb?ren;Groner Allee;76;NordrheinWestfalen;Deutschland;1994;;InBetrieb;Erdgas;ErdgasErdoelgas;Ja;Nein;1,14;1,088;GasturbinenohneAbhitzekessel;TeileinspeisungEigenverbrauch;Mittelspannung;SWTE Netz GmbH & Co. KG (SNB950006175489);Nein;
Einzelanlage;SEE991039363757;LEW Wasserkraft;Gersthofen BS1;86368;Gersthofen;Adolf-von-Baeyer-Stra?e;1;Bayern;Deutschland;2025;;InBetrieb;Batteriespeicher;;Nein;Nein;12,52;12,52;Batterie;TeileinspeisungEigenverbrauch;Mittelspannung;LEW Verteilnetz GmbH (SNB911705062982);Nein;
Einzelanlage;SEE994055148599;Stadtwerke W?rzburg AG;Heizkraftwerk an der Friedensbr?cke DampfturbineIV;97080;W?rzburg;Veitsh?chheimer Stra?e;1;Bayern;Deutschland;2021;;InBetrieb;Erdgas;ErdgasErdoelgas;Ja;Nein;20,5;20,5;GegendruckmaschinemitEntnahme;Volleinspeisung;Mittelspannung;Mainfranken Netze GmbH (SNB915316807789);Nein;
Einzelanlage;SEE998802179607;Kraftwerk Horn GmbH;BMHKW Horn;32805;Horn-Bad Meinberg;Kampstra?e;65;NordrheinWestfalen;Deutschland;2000;;InBetrieb;Biomasse;;Ja;Ja;25,7;21,2;KondensationsmaschinemitEntnahme;TeileinspeisungEigenverbrauch;Mittelspannung;Westfalen Weser Netz GmbH (SNB929881052512);Nein;
Einzelanlage;SEE974189836364;Vattenfall Wasserkraft GmbH;PSW Goldisthal PSS B;98746;Goldisthal;Am Rotseifenbach;;Thueringen;Deutschland;2003;;InBetrieb;Pumpspeicher;;Nein;Nein;265;263;Pumpspeicher;Volleinspeisung;Hoechstspannung;50Hertz Transmission GmbH (SNB982046657236);Nein;
Einzelanlage;SEE970401548961;Neptune Energy Deutschland GmbH;GuD Steinitz - HKW 2;29410;Salzwedel;Bobbenm?rsche;11;SachsenAnhalt;Deutschland;1994;;InBetrieb;Erdgas;ErdgasErdoelgas;Ja;Nein;5,8;5,8;GasturbinenmitnachgeschalteterDampfturbine;TeileinspeisungEigenverbrauch;Mittelspannung;Avacon Netz GmbH (SNB990362338043);Nein;
Einzelanlage;SEE976877764072;Flughafen M?nchen GmbH;BHKW 2 - GOM 2;85356;M?nchen-Flughafen;Nordallee;18;Bayern;Deutschland;2014;;InBetrieb;Erdgas;ErdgasErdoelgas;Ja;Nein;4,3;4,207;Verbrennungsmotor;TeileinspeisungEigenverbrauch;Mittelspannung;Flughafen M?nchen GmbH (SNB919526009605);Nein;
Einzelanlage;SEE979557966681;Kraftwerke Mainz-Wiesbaden AG;BHKW KW5 55;55120;Mainz;Kraftwerkallee;1;RheinlandPfalz;Deutschland;2020;;InBetrieb;Erdgas;ErdgasErdoelgas;Ja;Nein;10,02;9,93;Verbrennungsmotor;TeileinspeisungEigenverbrauch;Hochspannung;Mainzer Netze GmbH (SNB959523885956);Nein;
Einzelanlage;SEE982412379564;J?ckering M?hlen- und N?hrmittelwerke GmbH;BHKW Hafen - Modul 6;59067;Hamm;Speicherstra?e;15;NordrheinWestfalen;Deutschland;2017;;InBetrieb;Erdgas;ErdgasErdoelgas;Ja;Nein;1,415;1,398;Verbrennungsmotor;TeileinspeisungEigenverbrauch;Mittelspannung;Energie- und Wasserversorgung Hamm GmbH (SNB912743424114);Nein;
Einzelanlage;SEE985412461604;Crespel & Deiters GmbH & Co. KG;GTS2;49479;Ibbenb?ren;Groner Allee;76;NordrheinWestfalen;Deutschland;1994;;InBetrieb;Erdgas;ErdgasErdoelgas;Ja;Nein;1,14;1,1229;GasturbinenohneAbhitzekessel;TeileinspeisungEigenverbrauch;Mittelspannung;SWTE Netz GmbH & Co. KG (SNB950006175489);Nein;
Einzelanlage;SEE989462539771;TEP Juno GmbH & Co. KG;BESS Gro? Laasch;19288;Gro? Laasch;;;MecklenburgVorpommern;Deutschland;2026;;InBetrieb;Batteriespeicher;;Nein;Nein;13,416;13,416;Batterie;Volleinspeisung;Mittelspannung;WEMAG Netz GmbH (SNB928759560869);Nein;
Einzelanlage;SEE981832585265;Uniper Kraftwerke GmbH;Walchenseekraftwerk D F3;82431;Kochel;Altjoch;22;Bayern;Deutschland;1924;;InBetrieb;Wasser;;Nein;Ja;18;18;Speicherwasseranlage;Volleinspeisung;Hochspannung;Bayernwerk Netz GmbH (SNB940352624434);Nein;
Einzelanlage;SEE982218176312;BEW Berliner Energie und W?rme GmbH;HKW Buch Dampfturbine;13125;Berlin;Schwanebecker Chaussee;11-15;Berlin;Deutschland;2005;;InBetrieb;Waerme;Dampf;Ja;Nein;5;5;GegendruckmaschinemitEntnahme;Volleinspeisung;Mittelspannung;Stromnetz Berlin GmbH (SNB979269087643);Nein;
Einzelanlage;SEE983006552202;Vattenfall Wasserkraft GmbH;PSW Markersbach PSS F;08352;Raschau-Markersbach;Oberbeckenstra?e;8;Sachsen;Deutschland;1980;;InBetrieb;Pumpspeicher;;Nein;Nein;175;174,2;Pumpspeicher;Volleinspeisung;Hoechstspannung;50Hertz Transmission GmbH (SNB982046657236);Nein;
Einzelanlage;SEE994984344970;Uniper Kraftwerke GmbH;Walchenseekraftwerk D F4;82431;Kochel;Altjoch;22;Bayern;Deutschland;1924;;InBetrieb;Wasser;;Nein;Ja;18;18;Speicherwasseranlage;Volleinspeisung;Hochspannung;Bayernwerk Netz GmbH (SNB940352624434);Nein;
Einzelanlage;SEE995570780608;Ford-Werke GmbH;BHKW Ford Saarlouis Modul 3;66740;Saarlouis;Henry-Ford-Stra?e;1;Saarland;Deutschland;2016;;InBetrieb;Erdgas;ErdgasErdoelgas;Ja;Nein;4,404;4,322;Verbrennungsmotor;TeileinspeisungEigenverbrauch;Mittelspannung;VSE Verteilnetz GmbH (SNB941650885558);Nein;
Einzelanlage;SEE989745723057;VERBUND Innkraftwerke GmbH;Kraftwerk Teufelsbruck MS1;83564;Soyen;Ponschabaustra?e;25;Bayern;Deutschland;1938;;InBetrieb;Wasser;;Nein;Ja;5;5;Laufwasseranlage;Volleinspeisung;Hochspannung;Bayernwerk Netz GmbH (SNB940352624434);Nein;
Einzelanlage;SEE997585564112;EnBW Energie Baden-W?rttemberg AG;illwerke vkw Rodundwerk II M1;A-6773;Vandans;Anton-Ammann-Stra?e;13;;Oesterreich;2011;;InBetrieb;Pumpspeicher;;Nein;Nein;295;295;Pumpspeicher;Volleinspeisung;Hoechstspannung;TransnetBW GmbH (SNB984944755380);Nein;
Einzelanlage;SEE988580370860;EEW Energy from Waste Premnitz GmbH;Turbosatz 4;14727;Premnitz;Dr.-Herbert-Rein-Stra?e;1;Brandenburg;Deutschland;2005;;InBetrieb;Abfall;AbfallHausmuellSiedlungsabfaelle;Ja;Nein;1,5;1,35;GegendruckmaschineohneEntnahme;TeileinspeisungEigenverbrauch;Mittelspannung;E.DIS Netz GmbH (SNB941690671609);Nein;
Einzelanlage;SEE991539102320;DHE Dinslakener Holz-Energiezentrum GmbH & Co. KG;Dinslakener Holz-Energiezentrum CTE;46535;Dinslaken;;;NordrheinWestfalen;Deutschland;2025;;InBetrieb;Biomasse;;Ja;Ja;21,975;19,882;KondensationsmaschinemitEntnahme;TeileinspeisungEigenverbrauch;Hochspannung;Westnetz GmbH (SNB921897286493);Nein;
Einzelanlage;SEE993970035267;Schw?rerHaus KG;BESS - Batteriespeicher;72531;Hohenstein;Hans-Schw?rer-Stra?e;8;BadenWuerttemberg;Deutschland;2024;;InBetrieb;Batteriespeicher;;Nein;Nein;3,78;3,78;Batterie;TeileinspeisungEigenverbrauch;UmspannungZurMittelspannung;Netze BW GmbH (SNB948311994307);Nein;
Einzelanlage;SEE994027750690;Firma Mercedes-Benz AG Werk 050 HPC NC50 LN-Nr.: 17319765;W050-TS_Mercedes-Benz Werk Sindelfingen HKW Turbine 3;71063;Sindelfingen;Bela-Barenyi-Str.;1;BadenWuerttemberg;Deutschland;1971;;InBetrieb;Erdgas;ErdgasErdoelgas;Ja;Nein;5;4,75;KondensationsmaschinemitEntnahme;TeileinspeisungEigenverbrauch;Hochspannung;Netze BW GmbH (SNB948311994307);Nein;
Einzelanlage;SEE999181532861;Stadtwerke Kiel AG;HKWH Gasturbine 5;24116;Kiel;Goethestra?e;14;SchleswigHolstein;Deutschland;2005;;InBetrieb;Erdgas;ErdgasErdoelgas;Ja;Nein;5,52;5,424;GasturbinenmitAbhitzekessel;Volleinspeisung;Mittelspannung;SWKiel Netz GmbH (SNB973742186519);Nein;
stillgelegte Anlagen;SEE900073920406;;T5;24534;Neum?nster;Bismarckstra?e;51;SchleswigHolstein;Deutschland;1983;2021;endg?ltig stillgelegt ohne ? 13b EnWG oder KVBG;Steinkohle;Steinkohlen;Ja;Nein;21,8;20,365;KondensationsmaschinemitEntnahme;TeileinspeisungEigenverbrauch;;;Nein;
stillgelegte Anlagen;SEE903181060330;;BHKW - H?ttenfeld 18;51427;Bergisch Gladbach;H?ttenfeld;18;NordrheinWestfalen;Deutschland;2012;2022;endg?ltig stillgelegt ohne ? 13b EnWG oder KVBG;Erdgas;ErdgasErdoelgas;Nein;Nein;60;60;Verbrennungsmotor;Volleinspeisung;;;Nein;
stillgelegte Anlagen;SEE904421343152;;Weisweiler E;52249;Eschweiler;Am Kraftwerk;17;NordrheinWestfalen;Deutschland;1965;2022;endg?ltig stillgelegt nach KVBG;Braunkohle;Rohbraunkohlen;Nein;Nein;375;321;KondensationsmaschinemitEntnahme;TeileinspeisungEigenverbrauch;;;Nein;
stillgelegte Anlagen;SEE905554171988;;Hafen Block 6;28237;Bremen;Otavistra?e;9;Bremen;Deutschland;1979;2021;endg?ltig stillgelegt nach KVBG;Steinkohle;Steinkohlen;Ja;Nein;330;303;KondensationsmaschinemitEntnahme;TeileinspeisungEigenverbrauch;;;Nein;
stillgelegte Anlagen;SEE907162822238;;Wilhelmshaven 1 DT;26386;Wilhelmshaven;Zum Kraftwerk;20;Niedersachsen;Deutschland;1976;2021;endg?ltig stillgelegt nach KVBG;Steinkohle;Steinkohlen;Nein;Nein;782;715;KondensationsmaschinemitEntnahme;Volleinspeisung;;;Nein;
stillgelegte Anlagen;SEE910102553963;;Gasturbinenanlage Castrop-Rauxel;44579;Castrop-Rauxel;Kekulestra?e;30;NordrheinWestfalen;Deutschland;1992;2026;endg?ltig stillgelegt ohne ? 13b EnWG oder KVBG;Erdgas;ErdgasErdoelgas;Ja;Nein;10,3;10;GasturbinenmitAbhitzekessel;TeileinspeisungEigenverbrauch;;;Nein;
stillgelegte Anlagen;SEE918056935682;;Kraftwerk III, DT310;45772;Marl;Paul-Baumann-Stra?e;1;NordrheinWestfalen;Deutschland;1973;2025;endg?ltig stillgelegt ohne ? 13b EnWG oder KVBG;Erdgas;ErdgasErdoelgas;Ja;Nein;35,45;35,45;GegendruckmaschineohneEntnahme;Volleinspeisung;;;Nein;
stillgelegte Anlagen;SEE921472787742;;illwerke vkw Vermuntwerk M3;A-6794;Partenen;Vermuntbahnstrasse;47;;Oesterreich;1930;2026;endg?ltig stillgelegt ohne ? 13b EnWG oder KVBG;Wasser;;Nein;Ja;30;30;Speicherwasseranlage;Volleinspeisung;;;Nein;
stillgelegte Anlagen;SEE921706084241;;GT22;42275;Wuppertal;Am Clef;32;NordrheinWestfalen;Deutschland;2008;2023;endg?ltig stillgelegt nach ? 13b EnWG;Mineraloelprodukte;HeizoelLeicht;Nein;Nein;30;29,4;GasturbinenohneAbhitzekessel;Volleinspeisung;;;Nein;
stillgelegte Anlagen;SEE931736847297;;Neurath D;41517;Grevenbroich;Energiestra?e;101;NordrheinWestfalen;Deutschland;1975;2024;endg?ltig stillgelegt nach KVBG;Braunkohle;Rohbraunkohlen;Ja;Nein;647;607;KondensationsmaschinemitEntnahme;TeileinspeisungEigenverbrauch;;;Nein;
stillgelegte Anlagen;SEE901120268069;;Kraftwerk I, GT11;45772;Marl;Paul-Baumann-Stra?e;1;NordrheinWestfalen;Deutschland;1942;2024;endg?ltig stillgelegt nach KVBG;Steinkohle;Steinkohlen;Ja;Nein;18,4;18,4;GegendruckmaschineohneEntnahme;Volleinspeisung;;;Nein;
stillgelegte Anlagen;SEE904088512342;;Kraftwerk Marbach MAR 3 DT;71672;Marbach;Thomas-Alva-Edison-Ring;6;BadenWuerttemberg;Deutschland;1975;2024;endg?ltig stillgelegt nach ? 13b EnWG;Mineraloelprodukte;HeizoelLeicht;Nein;Nein;275;263,5;KondensationsmaschineohneEntnahme;Volleinspeisung;;;Nein;
stillgelegte Anlagen;SEE904194792843;;KWM Block 3;31249;Hohenhameln;Triftstra?e;25;Niedersachsen;Deutschland;1979;2024;endg?ltig stillgelegt nach KVBG;Steinkohle;Steinkohlen;Nein;Nein;750;690;Sonstige;Volleinspeisung;;;Nein;
stillgelegte Anlagen;SEE905484009146;;HKW Charlottenburg Gasturbine 6;10589;Berlin;Am Spreebord;5;Berlin;Deutschland;1976;2018;endg?ltig stillgelegt nach ? 13b EnWG;Mineraloelprodukte;HeizoelLeicht;Ja;Nein;68;67;KondensationsmaschinemitEntnahme;TeileinspeisungEigenverbrauch;;;Nein;
stillgelegte Anlagen;SEE908048039481;;HKW Reuter Dampfturbine C;13599;Berlin;Otternbuchtstra?e;11;Berlin;Deutschland;1969;2019;endg?ltig stillgelegt nach ? 13b EnWG;Steinkohle;Steinkohlen;Ja;Nein;132;124;KondensationsmaschinemitEntnahme;TeileinspeisungEigenverbrauch;;;Nein;
stillgelegte Anlagen;SEE937157344278;;Kraftwerk Walheim Block 1;74399;Walheim;M?hlstra?e;1;BadenWuerttemberg;Deutschland;1964;2024;endg?ltig stillgelegt nach ? 13b EnWG;Steinkohle;Steinkohlen;Nein;Nein;107;96;KondensationsmaschineohneEntnahme;Volleinspeisung;;;Nein;
stillgelegte Anlagen;SEE941305896496;;Turbine 7;31789;Hameln;Heinrich-Schoormann-Weg;1;Niedersachsen;Deutschland;2002;2024;endg?ltig stillgelegt nach ? 13b EnWG;Biomasse;;Nein;Ja;18;14,5;KondensationsmaschinemitEntnahme;Volleinspeisung;;;Nein;
stillgelegte Anlagen;SEE941974735591;;Rauchgasturbine;03052;Cottbus;Werner-von-Siemens-Stra?e;16;Brandenburg;Deutschland;1998;2022;endg?ltig stillgelegt nach ? 13b EnWG;Braunkohle;Wirbelschichtkohle;Ja;Nein;15;13;GasturbinenohneAbhitzekessel;Volleinspeisung;;;Nein;
stillgelegte Anlagen;SEE957900196671;;Kraftwerk Marbach GT 2;71672;Marbach;Thomas-Alva-Edison-Ring;6;BadenWuerttemberg;Deutschland;1971;2024;endg?ltig stillgelegt nach ? 13b EnWG;Mineraloelprodukte;HeizoelLeicht;Nein;Nein;77,8;77,4;GasturbinenohneAbhitzekessel;Volleinspeisung;;;Nein;
stillgelegte Anlagen;SEE959000487536;;HKW West Block 1;38440;Wolfsburg;Berliner Ring;2;Niedersachsen;Deutschland;1985;2024;endg?ltig stillgelegt nach KVBG;Steinkohle;Steinkohlen;Ja;Nein;153;138,5;KondensationsmaschinemitEntnahme;Volleinspeisung;;;Nein;
stillgelegte Anlagen;SEE959837176825;;S300 VT2;67063;Ludwigshafen;Carl-Bosch-Stra?e;38;RheinlandPfalz;Deutschland;1964;2024;endg?ltig stillgelegt nach ? 13b EnWG;Waerme;Dampf;Ja;Nein;29;28,5;GegendruckmaschineohneEntnahme;TeileinspeisungEigenverbrauch;;;Nein;
stillgelegte Anlagen;SEE901344829220;;Bestandsanlage_HKW_Aalen;73432;Aalen;Neukochen;10;BadenWuerttemberg;Deutschland;1960;2021;endg?ltig stillgelegt nach ? 13b EnWG;Erdgas;ErdgasErdoelgas;Ja;Nein;23;15;GegendruckmaschineohneEntnahme;None;;;Nein;
stillgelegte Anlagen;SEE904968236689;;Kraftwerk Farge;28777;Bremen;Wilhelmshavener Stra?e;6;Bremen;Deutschland;1969;2024;endg?ltig stillgelegt nach KVBG;Steinkohle;Steinkohlen;Nein;Nein;380;350;KondensationsmaschineohneEntnahme;Volleinspeisung;;;Nein;
stillgelegte Anlagen;SEE920837459195;;HKW Nord Generator B;38440;Wolfsburg;Berliner Ring;2;Niedersachsen;Deutschland;1998;2024;endg?ltig stillgelegt ohne ? 13b EnWG oder KVBG;Steinkohle;Steinkohlen;Ja;Nein;68,2;61;GegendruckmaschinemitEntnahme;Volleinspeisung;;;Nein;
stillgelegte Anlagen;SEE924647197780;;Dortmund DT;44143;Dortmund;Wei?enburger Stra?e;70;NordrheinWestfalen;Deutschland;2013;2022;endg?ltig stillgelegt nach ? 13b EnWG;Erdgas;ErdgasErdoelgas;Ja;Nein;11,4;11,4;GegendruckmaschinemitEntnahme;TeileinspeisungEigenverbrauch;;;Nein;
stillgelegte Anlagen;SEE935395375856;;Generator 2;31249;Hohenhameln;Zuckerfabrik;3;Niedersachsen;Deutschland;1984;2022;endg?ltig stillgelegt ohne ? 13b EnWG oder KVBG;Erdgas;ErdgasErdoelgas;Ja;Nein;12,56;11,56;GegendruckmaschineohneEntnahme;TeileinspeisungEigenverbrauch;;;Nein;
stillgelegte Anlagen;SEE938923083674;;Kraftwerk I, T14;45772;Marl;Paul-Baumann-Stra?e;1;NordrheinWestfalen;Deutschland;1971;2024;endg?ltig stillgelegt nach KVBG;Steinkohle;Steinkohlen;Ja;Nein;63,2;55,56;GegendruckmaschineohneEntnahme;Volleinspeisung;;;Nein;
stillgelegte Anlagen;SEE939468630132;;Heizkraftwerk Leipzig Nord DT83;04105;Leipzig;Eutritzscher Stra?e;14b;Sachsen;Deutschland;1996;2021;endg?ltig stillgelegt ohne ? 13b EnWG oder KVBG;Waerme;None;Ja;Nein;45,6;44,414;GegendruckmaschinemitEntnahme;Volleinspeisung;;;Nein;
stillgelegte Anlagen;SEE948546582201;;IPH Strom VT2;65929;Frankfurt;Br?ningstra?e;50;Hessen;Deutschland;1983;2026;endg?ltig stillgelegt ohne ? 13b EnWG oder KVBG;Erdgas;ErdgasErdoelgas;Ja;Nein;18,56;17,38;GegendruckmaschineohneEntnahme;Volleinspeisung;;;Nein;
stillgelegte Anlagen;SEE950041295098;;GTKW Wedel;22880;Wedel;Tinsdaler Weg;146;SchleswigHolstein;Deutschland;1972;2025;endg?ltig stillgelegt ohne ? 13b EnWG oder KVBG;Mineraloelprodukte;HeizoelLeicht;Nein;Nein;55;51;GasturbinenohneAbhitzekessel;Volleinspeisung;;;Nein;
stillgelegte Anlagen;SEE964729462818;;Kraftwerk J?nschwalde Block F;03185;Teichland;Am Kraftwerk;;Brandenburg;Deutschland;1989;2024;endg?ltig stillgelegt ohne ? 13b EnWG oder KVBG;Braunkohle;Rohbraunkohlen;Ja;Nein;535;500;KondensationsmaschinemitEntnahme;TeileinspeisungEigenverbrauch;;;Nein;
stillgelegte Anlagen;SEE965779402670;;MHKW Pirmasens Verbrennung;66954;Pirmasens;Staffelberg;4;RheinlandPfalz;Deutschland;1999;2022;endg?ltig stillgelegt ohne ? 13b EnWG oder KVBG;Abfall;AbfallHausmuellSiedlungsabfaelle;Ja;Nein;17,75;15;GegendruckmaschinemitEntnahme;TeileinspeisungEigenverbrauch;;;Nein;
stillgelegte Anlagen;SEE901786750397;;Niederau?em E;50129;Bergheim;Werkstr.;;NordrheinWestfalen;Deutschland;1970;2024;endg?ltig stillgelegt ohne ? 13b EnWG oder KVBG;Braunkohle;Rohbraunkohlen;Ja;Nein;324;295;KondensationsmaschinemitEntnahme;Volleinspeisung;;;Nein;
stillgelegte Anlagen;SEE907142597378;;KWD Bestandsanlage;06130;Halle;Dieselstra?e;141;SachsenAnhalt;Deutschland;2005;2020;endg?ltig stillgelegt ohne ? 13b EnWG oder KVBG;Erdgas;ErdgasErdoelgas;Ja;Nein;49,189;48,279;GasturbinenmitnachgeschalteterDampfturbine;TeileinspeisungEigenverbrauch;;;Nein;
stillgelegte Anlagen;SEE923577153439;;Kraftwerk I,  T15;45772;Marl;Paul-Baumann-Stra?e;1;NordrheinWestfalen;Deutschland;1983;2024;endg?ltig stillgelegt nach KVBG;Steinkohle;Steinkohlen;Ja;Nein;76,1;68,4;GegendruckmaschineohneEntnahme;Volleinspeisung;;;Nein;
stillgelegte Anlagen;SEE933685962403;;Weisweiler F;52249;Eschweiler;Am Kraftwerk;17;NordrheinWestfalen;Deutschland;1967;2025;endg?ltig stillgelegt nach KVBG;Braunkohle;Rohbraunkohlen;Nein;Nein;361;321;KondensationsmaschinemitEntnahme;TeileinspeisungEigenverbrauch;;;Nein;
stillgelegte Anlagen;SEE937128904463;;ST_BHKW_T9;63811;Stockstadt;Obernburger Stra?e;1-9;Bayern;Deutschland;2019;2024;endg?ltig stillgelegt nach ? 13b EnWG;Biomasse;;Ja;Ja;19,47;17,523;GegendruckmaschineohneEntnahme;Volleinspeisung;;;Nein;
stillgelegte Anlagen;SEE943690268513;;Isar 2;84051;Essenbach;Dammstra?e;;Bayern;Deutschland;1988;2023;endg?ltig stillgelegt ohne ? 13b EnWG oder KVBG;Kernenergie;;Nein;Nein;1485;1410;Druckwasserreaktor;None;;;Nein;
stillgelegte Anlagen;SEE945212899878;;HKW Wilmersdorf Gasturbine 3;14199;Berlin;Forckenbeckstra?e;3-6;Berlin;Deutschland;1977;2021;endg?ltig stillgelegt nach ? 13b EnWG;Mineraloelprodukte;HeizoelLeicht;Ja;Nein;93;92;GasturbinenmitAbhitzekessel;TeileinspeisungEigenverbrauch;;;Nein;
stillgelegte Anlagen;SEE952266131625;;Kraftwerk I, KT13;45772;Marl;Paul-Baumann-Stra?e;1;NordrheinWestfalen;Deutschland;1949;2024;endg?ltig stillgelegt nach KVBG;Steinkohle;Steinkohlen;Ja;Nein;21;20,514;KondensationsmaschineohneEntnahme;Volleinspeisung;;;Nein;
stillgelegte Anlagen;SEE963541517812;;Irsching 3;85088;Vohburg;Paarstra?e;30;Bayern;Deutschland;1974;2024;endg?ltig stillgelegt nach ? 13b EnWG;Mineraloelprodukte;HeizoelLeicht;Nein;Nein;440;415;KondensationsmaschinemitEntnahme;Volleinspeisung;;;Nein;
stillgelegte Anlagen;SEE977258693776;;Wilhelmshaven 1 ZT;26386;Wilhelmshaven;Zum Kraftwerk;20;Niedersachsen;Deutschland;1998;2021;endg?ltig stillgelegt nach KVBG;Steinkohle;Steinkohlen;Nein;Nein;140;140;KondensationsmaschineohneEntnahme;Volleinspeisung;;;Nein;
stillgelegte Anlagen;SEE978327902850;;Westfalen E;59071;Hamm;Siegenbeckstra?e;10;NordrheinWestfalen;Deutschland;2014;2021;endg?ltig stillgelegt nach KVBG;Steinkohle;Steinkohlen;Nein;Nein;800;763,7;KondensationsmaschinemitEntnahme;TeileinspeisungEigenverbrauch;;;Nein;
stillgelegte Anlagen;SEE917033307511;;UER N230 VST4;47829;Krefeld;Rheinuferstra?e;7;NordrheinWestfalen;Deutschland;1967;2026;endg?ltig stillgelegt ohne ? 13b EnWG oder KVBG;Erdgas;ErdgasErdoelgas;Ja;Nein;14,9;13,3;GegendruckmaschineohneEntnahme;TeileinspeisungEigenverbrauch;;;Nein;
stillgelegte Anlagen;SEE923082939436;;HKW Chemnitz Nord II, Block B;09114;Chemnitz;Dammweg;10;Sachsen;Deutschland;1988;2023;endg?ltig stillgelegt nach ? 13b EnWG;Braunkohle;Rohbraunkohlen;Ja;Nein;67;58,172;GegendruckmaschinemitEntnahme;TeileinspeisungEigenverbrauch;;;Nein;
stillgelegte Anlagen;SEE925694194494;;UPM Augsburg Gaskraftwerk;86153;Augsburg;Georg-Haindl-Stra?e;4;Bayern;Deutschland;1992;2023;endg?ltig stillgelegt ohne ? 13b EnWG oder KVBG;Erdgas;ErdgasErdoelgas;Nein;Nein;31;29,5;GegendruckmaschinemitEntnahme;TeileinspeisungEigenverbrauch;;;Nein;
stillgelegte Anlagen;SEE927528071629;;Gundremmingen C;89355;Gundremmingen;Dr.-August-Weckesser-Stra?e;1;Bayern;Deutschland;1984;2022;endg?ltig stillgelegt ohne ? 13b EnWG oder KVBG;Kernenergie;;Nein;Nein;1344;1288;;None;;;Nein;
stillgelegte Anlagen;SEE934668342441;;HKW - K6 DT2;91052;Erlangen;?u?ere Brucker Stra?e;33;Bayern;Deutschland;1979;2020;endg?ltig stillgelegt nach ? 13b EnWG;Steinkohle;Steinkohlen;Ja;Nein;19,2;17,4;GasturbinenmitnachgeschalteterDampfturbine;Volleinspeisung;;;Nein;
stillgelegte Anlagen;SEE949123804273;;Gasturbine 2 - GuD MPE;33699;Bielefeld;Niedernholz;23;NordrheinWestfalen;Deutschland;2005;2021;endg?ltig stillgelegt ohne ? 13b EnWG oder KVBG;Erdgas;ErdgasErdoelgas;Ja;Nein;14,25;14,05;GasturbinenmitnachgeschalteterDampfturbine;TeileinspeisungEigenverbrauch;;;Nein;
stillgelegte Anlagen;SEE953373967701;;Kraftwerk I, GT9;45772;Marl;Paul-Baumann-Stra?e;1;NordrheinWestfalen;Deutschland;1941;2024;endg?ltig stillgelegt nach KVBG;Steinkohle;Steinkohlen;Ja;Nein;15,75;15,75;GegendruckmaschineohneEntnahme;Volleinspeisung;;;Nein;
stillgelegte Anlagen;SEE968950464368;;KW Hastedt Block 15;28207;Bremen;Hastedter Osterdeich;255;Bremen;Deutschland;1989;2024;endg?ltig stillgelegt nach ? 13b EnWG;Steinkohle;Steinkohlen;Ja;Nein;130;119;KondensationsmaschinemitEntnahme;TeileinspeisungEigenverbrauch;;;Nein;
stillgelegte Anlagen;SEE973768834586;;PSW Niederwartha PSS D;01156;Dresden;Am F?hrhaus;4;Sachsen;Deutschland;1958;2024;endg?ltig stillgelegt nach ? 13b EnWG;Pumpspeicher;;Nein;Nein;20;19,9;Pumpspeicher;Volleinspeisung;;;Nein;
stillgelegte Anlagen;SEE978389589440;;Walsum 9;47179;Duisburg;Dr.-Wilhelm-Roelen-Str.;129;NordrheinWestfalen;Deutschland;1988;2021;endg?ltig stillgelegt nach KVBG;Steinkohle;Steinkohlen;Ja;Nein;410;370;KondensationsmaschinemitEntnahme;TeileinspeisungEigenverbrauch;;;Nein;
stillgelegte Anlagen;SEE907150117643;;Neurath A;41517;Grevenbroich;Energiestra?e;101;NordrheinWestfalen;Deutschland;1972;2022;endg?ltig stillgelegt nach KVBG;Braunkohle;Rohbraunkohlen;Nein;Nein;294;294;KondensationsmaschinemitEntnahme;Volleinspeisung;;;Nein;
stillgelegte Anlagen;SEE907223904750;;SWM HKW Sued GuD1 DT1;81371;M?nchen;Sch?ftlarnstra?e;15;Bayern;Deutschland;1980;2024;endg?ltig stillgelegt nach ? 13b EnWG;Erdgas;ErdgasErdoelgas;Ja;Nein;82,7;79,7;KondensationsmaschinemitEntnahme;TeileinspeisungEigenverbrauch;;;Nein;
stillgelegte Anlagen;SEE923485223774;;Fenne MKV Gasturbine;66333;V?lklingen;Saarbr?cker Stra?e;135;Saarland;Deutschland;1982;2025;endg?ltig stillgelegt nach ? 13b EnWG;Mineraloelprodukte;HeizoelLeicht;Ja;Nein;35;34,86;GasturbinenmitAbhitzekessel;Volleinspeisung;;;Nein;
stillgelegte Anlagen;SEE933174373390;;PSW Hohenwarte 1 PSS A;07338;Hohenwarte;Ortsstra?e;;Thueringen;Deutschland;1959;2024;endg?ltig stillgelegt ohne ? 13b EnWG oder KVBG;Pumpspeicher;;Nein;Nein;30;29,9;Pumpspeicher;Volleinspeisung;;;Nein;
stillgelegte Anlagen;SEE933960350956;;HKW Chemnitz Nord II, Block C;09114;Chemnitz;Dammweg;10;Sachsen;Deutschland;1990;2024;endg?ltig stillgelegt nach ? 13b EnWG;Braunkohle;Rohbraunkohlen;Ja;Nein;100;92,332;KondensationsmaschinemitEntnahme;TeileinspeisungEigenverbrauch;;;Nein;
stillgelegte Anlagen;SEE934361309352;;Kraftwerk III, GT312;45772;Marl;Paul-Baumann-Stra?e;1;NordrheinWestfalen;Deutschland;1974;2025;endg?ltig stillgelegt ohne ? 13b EnWG oder KVBG;Erdgas;ErdgasErdoelgas;Ja;Nein;79;77,567;GasturbinenmitnachgeschalteterDampfturbine;Volleinspeisung;;;Nein;
stillgelegte Anlagen;SEE934897209904;;Wilhelmshaven GT;26386;Wilhelmshaven;Zum Kraftwerk;20;Niedersachsen;Deutschland;1976;2024;endg?ltig stillgelegt nach ? 13b EnWG;Mineraloelprodukte;HeizoelLeicht;Nein;Nein;57;56;GasturbinenohneAbhitzekessel;Volleinspeisung;;;Nein;
stillgelegte Anlagen;SEE974753539035;;Turbine 6;75175;Pforzheim;Hohwiesenweg;15;BadenWuerttemberg;Deutschland;1990;2022;endg?ltig stillgelegt nach ? 13b EnWG;Steinkohle;Steinkohlen;Ja;Nein;29,7;26,9;KondensationsmaschinemitEntnahme;TeileinspeisungEigenverbrauch;;;Nein;
stillgelegte Anlagen;SEE981220191160;;HKW Oberkirch;77704;Oberkirch;Hauptstra?e;2;BadenWuerttemberg;Deutschland;1987;2024;endg?ltig stillgelegt nach KVBG;Steinkohle;Steinkohlen;Ja;Nein;20;18,5;KondensationsmaschinemitEntnahme;TeileinspeisungEigenverbrauch;;;Nein;
stillgelegte Anlagen;SEE902840312209;;S300 NKT;67063;Ludwigshafen;Carl-Bosch-Stra?e;38;RheinlandPfalz;Deutschland;1964;2023;endg?ltig stillgelegt ohne ? 13b EnWG oder KVBG;Waerme;Dampf;Ja;Nein;40;39;KondensationsmaschinemitEntnahme;TeileinspeisungEigenverbrauch;;;Nein;
stillgelegte Anlagen;SEE907396256311;;Solvay Rb TA8;47495;Rheinberg;Xantener Stra?e;237;NordrheinWestfalen;Deutschland;1962;2019;endg?ltig stillgelegt ohne ? 13b EnWG oder KVBG;Waerme;Dampf;Ja;Nein;28;28;GegendruckmaschineohneEntnahme;TeileinspeisungEigenverbrauch;;;Nein;
stillgelegte Anlagen;SEE918337255669;;Turbine 6;76187;Karlsruhe;Mitscherlichstra?e;;BadenWuerttemberg;Deutschland;1969;2021;endg?ltig stillgelegt ohne ? 13b EnWG oder KVBG;Waerme;Dampf;Ja;Nein;20;18;KondensationsmaschinemitEntnahme;TeileinspeisungEigenverbrauch;;;Nein;
stillgelegte Anlagen;SEE923480721565;;A855 GT1;67063;Ludwigshafen;Carl-Bosch-Stra?e;38;RheinlandPfalz;Deutschland;1992;2022;endg?ltig stillgelegt nach ? 13b EnWG;Erdgas;ErdgasErdoelgas;Ja;Nein;48;47;GasturbinenmitAbhitzekessel;TeileinspeisungEigenverbrauch;;;Nein;
stillgelegte Anlagen;SEE930228090937;;Niederau?em F;50129;Bergheim;Werkstr.;;NordrheinWestfalen;Deutschland;1971;2024;endg?ltig stillgelegt ohne ? 13b EnWG oder KVBG;Braunkohle;Rohbraunkohlen;Ja;Nein;334;299;KondensationsmaschinemitEntnahme;Volleinspeisung;;;Nein;
stillgelegte Anlagen;SEE945161671891;;HKW Moabit Gasturbine 7;13353;Berlin;Friedrich-Krause-Ufer;10-15;Berlin;Deutschland;1971;2020;endg?ltig stillgelegt nach ? 13b EnWG;Mineraloelprodukte;HeizoelLeicht;Nein;Nein;17;17;GasturbinenohneAbhitzekessel;TeileinspeisungEigenverbrauch;;;Nein;
stillgelegte Anlagen;SEE945959654273;;Kraftwerk II, T26;45772;Marl;Paul-Baumann-Stra?e;1;NordrheinWestfalen;Deutschland;1966;2017;endg?ltig stillgelegt nach ? 13b EnWG;Steinkohle;Steinkohlen;Nein;Nein;67,001;62,401;GegendruckmaschineohneEntnahme;Volleinspeisung;;;Nein;
stillgelegte Anlagen;SEE956656118067;;HKW Wilmersdorf Gasturbine 2;14199;Berlin;Forckenbeckstra?e;3-6;Berlin;Deutschland;1977;2021;endg?ltig stillgelegt nach ? 13b EnWG;Mineraloelprodukte;HeizoelLeicht;Ja;Nein;93;92;GasturbinenmitAbhitzekessel;TeileinspeisungEigenverbrauch;;;Nein;
stillgelegte Anlagen;SEE957029086662;;illwerke vkw Vermuntwerk M4;A-6794;Partenen;Vermuntbahnstrasse;47;;Oesterreich;1930;2026;endg?ltig stillgelegt ohne ? 13b EnWG oder KVBG;Wasser;;Nein;Ja;30;30;Speicherwasseranlage;Volleinspeisung;;;Nein;
stillgelegte Anlagen;SEE984037976906;;Kraftwerk III, GT311;45772;Marl;Paul-Baumann-Stra?e;1;NordrheinWestfalen;Deutschland;1973;2025;endg?ltig stillgelegt ohne ? 13b EnWG oder KVBG;Erdgas;ErdgasErdoelgas;Ja;Nein;62,56;61,127;GasturbinenmitnachgeschalteterDampfturbine;Volleinspeisung;;;Nein;
stillgelegte Anlagen;SEE989054024678;;Scholven FWK;45896;Gelsenkirchen;Gl?ckaufstra?e;56;NordrheinWestfalen;Deutschland;1985;2023;endg?ltig stillgelegt nach ? 13b EnWG;Steinkohle;Steinkohlen;Ja;Nein;70;70;GegendruckmaschinemitEntnahme;TeileinspeisungEigenverbrauch;;;Nein;
stillgelegte Anlagen;SEE937052769589;;Heyden 4;32469;Petershagen;Kraftwerksiedlung;2;NordrheinWestfalen;Deutschland;1987;2024;endg?ltig stillgelegt nach KVBG;Steinkohle;Steinkohlen;Nein;Nein;920;875;KondensationsmaschinemitEntnahme;Volleinspeisung;;;Nein;
stillgelegte Anlagen;SEE956973616802;;LEV KWG G12;51373;Leverkusen;Kaiser-Wilhelm-Allee;80;NordrheinWestfalen;Deutschland;1958;2025;endg?ltig stillgelegt ohne ? 13b EnWG oder KVBG;Steinkohle;Steinkohlen;Ja;Nein;18;17,235;GegendruckmaschineohneEntnahme;TeileinspeisungEigenverbrauch;;;Nein;
stillgelegte Anlagen;SEE962845122456;;SWD KWF T4;40233;D?sseldorf;Behrenstra?e;85;NordrheinWestfalen;Deutschland;1955;2025;endg?ltig stillgelegt nach ? 13b EnWG;Biomasse;;Nein;Ja;50;48,9;KondensationsmaschineohneEntnahme;Volleinspeisung;;;Nein;
stillgelegte Anlagen;SEE963177319026;;Turbine 4;75175;Pforzheim;Hohwiesenweg;15;BadenWuerttemberg;Deutschland;1980;2022;endg?ltig stillgelegt nach ? 13b EnWG;Erdgas;ErdgasErdoelgas;Ja;Nein;16,7;16;KondensationsmaschinemitEntnahme;TeileinspeisungEigenverbrauch;;;Nein;
stillgelegte Anlagen;SEE963909310185;;HKW Moabit Gasturbine 5;13353;Berlin;Friedrich-Krause-Ufer;10-15;Berlin;Deutschland;1971;2025;endg?ltig stillgelegt nach ? 13b EnWG;Mineraloelprodukte;HeizoelLeicht;Nein;Nein;17;17;GasturbinenohneAbhitzekessel;Volleinspeisung;;;Nein;
stillgelegte Anlagen;SEE969074173341;;Ma 3;38239;Salzgitter;Eisenh?ttenstra?e;99;Niedersachsen;Deutschland;1941;2025;endg?ltig stillgelegt nach ? 13b EnWG;Sonstige Energietraeger (nicht erneuerbar);HochofengasKonvertergas;Nein;Nein;40;35;KondensationsmaschineohneEntnahme;TeileinspeisungEigenverbrauch;;;Nein;
stillgelegte Anlagen;SEE975094128629;;HKW Mitte Kessel 12;38114;Braunschweig;Reiherstra?e;3;Niedersachsen;Deutschland;1971;2024;endg?ltig stillgelegt nach ? 13b EnWG;Erdgas;ErdgasErdoelgas;Ja;Nein;22,4;20;GegendruckmaschinemitEntnahme;Volleinspeisung;;;Nein;
stillgelegte Anlagen;SEE983424047212;;HKW GT;15236;Frankfurt;Am Hohen Feld;4;Brandenburg;Deutschland;1997;2022;endg?ltig stillgelegt ohne ? 13b EnWG oder KVBG;Erdgas;ErdgasErdoelgas;Ja;Nein;25;24,5;GasturbinenmitnachgeschalteterDampfturbine;Volleinspeisung;;;Nein;
stillgelegte Anlagen;SEE990357023541;;illwerke vkw Vermuntwerk M5;A-6794;Partenen;Vermuntbahnstrasse;47;;Oesterreich;1930;2026;endg?ltig stillgelegt ohne ? 13b EnWG oder KVBG;Wasser;;Nein;Ja;37;37;Speicherwasseranlage;Volleinspeisung;;;Nein;
stillgelegte Anlagen;SEE991559435767;;Kraftwerk I, KT5;45772;Marl;Paul-Baumann-Stra?e;1;NordrheinWestfalen;Deutschland;1940;2024;endg?ltig stillgelegt nach KVBG;Steinkohle;Steinkohlen;Ja;Nein;16;15,638;KondensationsmaschineohneEntnahme;Volleinspeisung;;;Nein;
stillgelegte Anlagen;SEE992973663477;;Heizkraftwerk Stuttgart-M?nster GT 16;70376;Stuttgart;Voltastra?e;45;BadenWuerttemberg;Deutschland;1974;2022;endg?ltig stillgelegt nach ? 13b EnWG;Mineraloelprodukte;HeizoelLeicht;Nein;Nein;23,3;23,3;GasturbinenohneAbhitzekessel;TeileinspeisungEigenverbrauch;;;Nein;
stillgelegte Anlagen;SEE964114029633;;Kraftwerk Walheim Block 2;74399;Walheim;M?hlstra?e;1;BadenWuerttemberg;Deutschland;1967;2025;endg?ltig stillgelegt nach ? 13b EnWG;Steinkohle;Steinkohlen;Nein;Nein;160;148;KondensationsmaschineohneEntnahme;Volleinspeisung;;;Nein;
stillgelegte Anlagen;SEE967478674402;;HKW Wilmersdorf Gasturbine 1;14199;Berlin;Forckenbeckstra?e;3-6;Berlin;Deutschland;1977;2018;endg?ltig stillgelegt nach ? 13b EnWG;Mineraloelprodukte;HeizoelLeicht;Ja;Nein;93;92;GasturbinenmitAbhitzekessel;TeileinspeisungEigenverbrauch;;;Nein;
stillgelegte Anlagen;SEE972367491114;;PSW Niederwartha PSS C;01156;Dresden;Am F?hrhaus;4;Sachsen;Deutschland;1958;2024;endg?ltig stillgelegt nach ? 13b EnWG;Pumpspeicher;;Nein;Nein;20;19,9;Pumpspeicher;Volleinspeisung;;;Nein;
stillgelegte Anlagen;SEE972461974179;;Heizkraftwerk Hagen-Kabel H5;58099;Hagen;Hohensyburgstra?e;67;NordrheinWestfalen;Deutschland;1981;2025;endg?ltig stillgelegt nach ? 13b EnWG;Erdgas;ErdgasErdoelgas;Ja;Nein;124,5;121;GasturbinenmitAbhitzekessel;Volleinspeisung;;;Nein;
stillgelegte Anlagen;SEE976414005279;;Neurath E;41517;Grevenbroich;Energiestra?e;101;NordrheinWestfalen;Deutschland;1976;2024;endg?ltig stillgelegt nach KVBG;Braunkohle;Rohbraunkohlen;Ja;Nein;645;604;KondensationsmaschinemitEntnahme;TeileinspeisungEigenverbrauch;;;Nein;
stillgelegte Anlagen;SEE978971638464;;Neurath C;41517;Grevenbroich;Energiestra?e;101;NordrheinWestfalen;Deutschland;1973;2024;endg?ltig stillgelegt ohne ? 13b EnWG oder KVBG;Braunkohle;Rohbraunkohlen;Nein;Nein;316;292;KondensationsmaschinemitEntnahme;Volleinspeisung;;;Nein;
stillgelegte Anlagen;SEE990438768378;;Dampfturbine 8;24939;Flensburg;Batteriestra?e;48;SchleswigHolstein;Deutschland;1985;2024;endg?ltig stillgelegt ohne ? 13b EnWG oder KVBG;Steinkohle;Steinkohlen;Ja;Nein;35,9;32,9;GegendruckmaschineohneEntnahme;Volleinspeisung;;;Nein;
stillgelegte Anlagen;SEE994549176695;;EVA;49479;Ibbenb?ren;Osnabr?cker Str.;141;NordrheinWestfalen;Deutschland;1984;2021;endg?ltig stillgelegt ohne ? 13b EnWG oder KVBG;Grubengas;;Nein;Nein;30;30;KondensationsmaschinemitEntnahme;TeileinspeisungEigenverbrauch;;;Nein;
stillgelegte Anlagen;SEE997988564504;;BKR Gasturbine;55543;Bad Kreuznach;Michelinstra?e;1;RheinlandPfalz;Deutschland;2006;2024;endg?ltig stillgelegt ohne ? 13b EnWG oder KVBG;Erdgas;ErdgasErdoelgas;Ja;Nein;11,4;11,344;GasturbinenmitAbhitzekessel;TeileinspeisungEigenverbrauch;;;Nein;
stillgelegte Anlagen;SEE987407788451;;Heizkraftwerk Hagen Kabel H4;58099;Hagen;Hohensyburgstra?e;67;NordrheinWestfalen;Deutschland;1981;2025;endg?ltig stillgelegt nach ? 13b EnWG;Erdgas;ErdgasErdoelgas;Ja;Nein;129,5;126;GasturbinenmitAbhitzekessel;Volleinspeisung;;;Nein;
stillgelegte Anlagen;SEE907933719545;;Kraftwerk Herrenhausen Block B;30419;Hannover;Leinh?user Weg;1 A;Niedersachsen;Deutschland;1974;2021;endg?ltig stillgelegt nach ? 13b EnWG;Erdgas;ErdgasErdoelgas;Ja;Nein;120;110;GegendruckmaschinemitEntnahme;Volleinspeisung;;;Nein;
stillgelegte Anlagen;SEE909323889876;;Boehringer Ingelheim - 2336 - K8/T7;55218;Ingelheim;Binger Stra?e;173;RheinlandPfalz;Deutschland;1983;2024;endg?ltig stillgelegt ohne ? 13b EnWG oder KVBG;Biomasse;;Ja;Ja;12,672;11,922;GegendruckmaschinemitEntnahme;TeileinspeisungEigenverbrauch;;;Nein;
stillgelegte Anlagen;SEE917432813484;;HKW West Block 2;38440;Wolfsburg;Berliner Ring;2;Niedersachsen;Deutschland;1985;2024;endg?ltig stillgelegt nach KVBG;Steinkohle;Steinkohlen;Ja;Nein;153;138,5;KondensationsmaschinemitEntnahme;Volleinspeisung;;;Nein;
stillgelegte Anlagen;SEE944567587799;;Emsland A;49811;Lingen;Am Hilgenberg;2;Niedersachsen;Deutschland;1988;2023;endg?ltig stillgelegt ohne ? 13b EnWG oder KVBG;Kernenergie;;Nein;Nein;1406;1336;;None;;;Nein;
stillgelegte Anlagen;SEE946537967655;;Hochdruckdampfturbine;03052;Cottbus;Werner-von-Siemens-Stra?e;16;Brandenburg;Deutschland;1999;2022;endg?ltig stillgelegt nach ? 13b EnWG;Braunkohle;Wirbelschichtkohle;Ja;Nein;17,8;16;GegendruckmaschineohneEntnahme;Volleinspeisung;;;Nein;
stillgelegte Anlagen;SEE951462745445;;Brokdorf;25576;Brokdorf;Osterende;;SchleswigHolstein;Deutschland;1986;2022;endg?ltig stillgelegt ohne ? 13b EnWG oder KVBG;Kernenergie;;Nein;Nein;1480;1410;Druckwasserreaktor;None;;;Nein;
stillgelegte Anlagen;SEE985577062814;;GKN II;74382;Neckarwestheim;Im Steinbruch;;BadenWuerttemberg;Deutschland;1989;2023;endg?ltig stillgelegt ohne ? 13b EnWG oder KVBG;Kernenergie;;Nein;Nein;1400;1310;Druckwasserreaktor;Volleinspeisung;;;Nein;
stillgelegte Anlagen;SEE992750539261;;Frimmersdorf P;41517;Grevenbroich;Energiestra?e;10;NordrheinWestfalen;Deutschland;1966;2021;endg?ltig stillgelegt ohne ? 13b EnWG oder KVBG;Braunkohle;Rohbraunkohlen;Nein;Nein;333;284;KondensationsmaschinemitEntnahme;Volleinspeisung;;;Nein;
stillgelegte Anlagen;SEE994761683902;;Dortmund GT;44143;Dortmund;Wei?enburger Stra?e;70;NordrheinWestfalen;Deutschland;2013;2022;endg?ltig stillgelegt nach ? 13b EnWG;Erdgas;ErdgasErdoelgas;Ja;Nein;14,5;14;GasturbinenmitAbhitzekessel;TeileinspeisungEigenverbrauch;;;Nein;
stillgelegte Anlagen;SEE997842921603;;EVE Premnitz;14727;Premnitz;Dr.-Herbert-Rein-Stra?e;1;Brandenburg;Deutschland;2009;2021;endg?ltig stillgelegt ohne ? 13b EnWG oder KVBG;Abfall;AbfallHausmuellSiedlungsabfaelle;Ja;Nein;25;25;KondensationsmaschinemitEntnahme;TeileinspeisungEigenverbrauch;;;Nein;
stillgelegte Anlagen;SEE999848168525;;Moorburg Block B;21079;Hamburg;Moorburger Schanze;2;Hamburg;Deutschland;2015;2021;endg?ltig stillgelegt nach KVBG;Steinkohle;Steinkohlen;Ja;Nein;860;800;KondensationsmaschinemitEntnahme;Volleinspeisung;;;Nein;
stillgelegte Anlagen;SEE979012663285;;Neurath B;41517;Grevenbroich;Energiestra?e;101;NordrheinWestfalen;Deutschland;1972;2022;endg?ltig stillgelegt nach KVBG;Braunkohle;Rohbraunkohlen;Nein;Nein;318;294;KondensationsmaschinemitEntnahme;TeileinspeisungEigenverbrauch;;;Nein;
stillgelegte Anlagen;SEE988668060393;;Turbine 31;50769;K?ln;Alte Str.;201;NordrheinWestfalen;Deutschland;1967;2026;endg?ltig stillgelegt ohne ? 13b EnWG oder KVBG;Sonstige Energietraeger (nicht erneuerbar);SonstigeHergestellteGase;Ja;Nein;33,6;33,6;GegendruckmaschinemitEntnahme;TeileinspeisungEigenverbrauch;;;Nein;
stillgelegte Anlagen;SEE996231694999;;Dampfturbine WSK Kuhheide 1;16303;Schwedt;Kuhheide;1;Brandenburg;Deutschland;2011;2018;endg?ltig stillgelegt ohne ? 13b EnWG oder KVBG;Abfall;Industrieabfall;Ja;Nein;14;13,3;KondensationsmaschinemitEntnahme;TeileinspeisungEigenverbrauch;;;Nein;
stillgelegte Anlagen;SEE998469801279;;MVB Borsigstra?e Holz;22113;Hamburg;Borsigstra?e;6;Hamburg;Deutschland;2005;2023;endg?ltig stillgelegt ohne ? 13b EnWG oder KVBG;Biomasse;;Ja;Ja;20;18,2;KondensationsmaschinemitEntnahme;TeileinspeisungEigenverbrauch;;;Nein;
stillgelegte Anlagen;SEE994506958166;;PSW Hohenwarte 1 PSS B;07338;Hohenwarte;Ortsstra?e;;Thueringen;Deutschland;1959;2024;endg?ltig stillgelegt ohne ? 13b EnWG oder KVBG;Pumpspeicher;;Nein;Nein;30;29,9;Pumpspeicher;Volleinspeisung;;;Nein;
stillgelegte Anlagen;SEE996990805407;;HKW Mitte Kessel 1;38114;Braunschweig;Reiherstra?e;3;Niedersachsen;Deutschland;1985;2024;endg?ltig stillgelegt nach ? 13b EnWG;Steinkohle;Steinkohlen;Ja;Nein;49,4;44,5;GegendruckmaschinemitEntnahme;Volleinspeisung;;;Nein;
stillgelegte Anlagen;SEE998945127831;;Heizkraftwerk II;46145;Oberhausen;Friedrichstr.;37;NordrheinWestfalen;Deutschland;1996;2020;endg?ltig stillgelegt nach ? 13b EnWG;Erdgas;None;Ja;Nein;26,8;26,38;GasturbinenmitnachgeschalteterDampfturbine;Volleinspeisung;;;Nein;
stillgelegte Anlagen;SEE999431209765;;Frimmersdorf Q;41517;Grevenbroich;Energiestra?e;10;NordrheinWestfalen;Deutschland;1970;2021;endg?ltig stillgelegt ohne ? 13b EnWG oder KVBG;Braunkohle;Rohbraunkohlen;Nein;Nein;321;278;KondensationsmaschinemitEntnahme;Volleinspeisung;;;Nein;
stillgelegte Anlagen;SEE966083015792;;GT21;42275;Wuppertal;Am Clef;32;NordrheinWestfalen;Deutschland;2008;2023;endg?ltig stillgelegt nach ? 13b EnWG;Mineraloelprodukte;HeizoelLeicht;Nein;Nein;30;29,4;GasturbinenohneAbhitzekessel;Volleinspeisung;;;Nein;
stillgelegte Anlagen;SEE967605837250;;Niederau?em C;50129;Bergheim;Werkstr.;;NordrheinWestfalen;Deutschland;1965;2022;endg?ltig stillgelegt nach KVBG;Braunkohle;Rohbraunkohlen;Ja;Nein;333;295;KondensationsmaschinemitEntnahme;TeileinspeisungEigenverbrauch;;;Nein;
stillgelegte Anlagen;SEE970816213751;;Ibbenb?ren B;49479;Ibbenb?ren;Schwarzer Weg;25;NordrheinWestfalen;Deutschland;1985;2021;endg?ltig stillgelegt nach KVBG;Steinkohle;Steinkohlen;Ja;Nein;838;794;KondensationsmaschinemitEntnahme;TeileinspeisungEigenverbrauch;;;Nein;
stillgelegte Anlagen;SEE972471937317;;Moorburg Block A;21079;Hamburg;Moorburger Schanze;2;Hamburg;Deutschland;2015;2021;endg?ltig stillgelegt nach KVBG;Steinkohle;Steinkohlen;Ja;Nein;860;800;KondensationsmaschinemitEntnahme;Volleinspeisung;;;Nein;
stillgelegte Anlagen;SEE985047526785;;Kraftwerk J?nschwalde Block E;03185;Teichland;Am Kraftwerk;;Brandenburg;Deutschland;1987;2024;endg?ltig stillgelegt ohne ? 13b EnWG oder KVBG;Braunkohle;Rohbraunkohlen;Ja;Nein;535;500;KondensationsmaschinemitEntnahme;TeileinspeisungEigenverbrauch;;;Nein;
stillgelegte Anlagen;SEE992645841813;;HKW Moabit Gasturbine 6;13353;Berlin;Friedrich-Krause-Ufer;10-15;Berlin;Deutschland;1971;2025;endg?ltig stillgelegt nach ? 13b EnWG;Mineraloelprodukte;HeizoelLeicht;Nein;Nein;17;17;GasturbinenohneAbhitzekessel;Volleinspeisung;;;Nein;
stillgelegte Anlagen;SEE993836152862;;Kraftwerk I, KT7;45772;Marl;Paul-Baumann-Stra?e;1;NordrheinWestfalen;Deutschland;1941;2024;endg?ltig stillgelegt nach KVBG;Steinkohle;Steinkohlen;Ja;Nein;18;17,572;KondensationsmaschineohneEntnahme;Volleinspeisung;;;Nein;
stillgelegte Anlagen;SEE999977738880;;IKW Deuben;06682;Teuchern;Industriestra?e;1;SachsenAnhalt;Deutschland;1936;2022;endg?ltig stillgelegt nach KVBG;Braunkohle;Rohbraunkohlen;Ja;Nein;78;67;GegendruckmaschinemitEntnahme;TeileinspeisungEigenverbrauch;;;Nein;
Kleinanlagen_aggregiert;;;;;;;;Bayern;Deutschland;;;vorl?ufig Stillgelegt;Erdgas;;;Nein;8,19;8,03;;;;;Nein;
stillgelegte Anlagen;;;;;;;;SachsenAnhalt;Deutschland;;;endg?ltig stillgelegt ohne ? 13b EnWG oder KVBG;Erdgas;;;Nein;42,42;41,97;;;;;Nein;
stillgelegte Anlagen;;;;;;;;NordrheinWestfalen;Deutschland;;;endg?ltig stillgelegt ohne ? 13b EnWG oder KVBG;Biomasse;;;Ja;98,41;96,82;;;;;Nein;
Kleinanlagen_aggregiert;;;;;;;;Bremen;Deutschland;;;InBetrieb;Waerme;;;Nein;2,51;2,51;;;;;Nein;
Kleinanlagen_aggregiert;;;;;;;;Niedersachsen;Deutschland;;;InBetrieb;Waerme;;;Nein;6,41;5,95;;;;;Nein;
Kleinanlagen_aggregiert;;;;;;;;Thueringen;Deutschland;;;InBetrieb;Batteriespeicher;;;Nein;20,6;20,14;;;;;Nein;
stillgelegte Anlagen;;;;;;;;SchleswigHolstein;Deutschland;;;endg?ltig stillgelegt ohne ? 13b EnWG oder KVBG;Waerme;;;Nein;7,02;0,03;;;;;Nein;
Kleinanlagen_aggregiert;;;;;;;;Brandenburg;Deutschland;;;InBetrieb;Biomasse;;;Ja;391,37;386,87;;;;;Nein;
Kleinanlagen_aggregiert;;;;;;;;Sachsen;Deutschland;;;InBetrieb;Waerme;;;Nein;6,09;5,75;;;;;Nein;
stillgelegte Anlagen;;;;;;;;Bayern;Deutschland;;;endg?ltig stillgelegt ohne ? 13b EnWG oder KVBG;Biomasse;;;Ja;111,3;109,68;;;;;Nein;
stillgelegte Anlagen;;;;;;;;Hessen;Deutschland;;;endg?ltig stillgelegt ohne ? 13b EnWG oder KVBG;Sonstige Energietraeger (nicht erneuerbar);;;Nein;8,51;7,92;;;;;Nein;
Kleinanlagen_aggregiert;;;;;;;;Brandenburg;Deutschland;;;InBetrieb;Batteriespeicher;;;Nein;74,18;54,65;;;;;Nein;
stillgelegte Anlagen;;;;;;;;Brandenburg;Deutschland;;;endg?ltig stillgelegt ohne ? 13b EnWG oder KVBG;Mineraloelprodukte;;;Nein;0,13;0,13;;;;;Nein;
stillgelegte Anlagen;;;;;;;;Bayern;Deutschland;;;endg?ltig stillgelegt ohne ? 13b EnWG oder KVBG;Steinkohle;;;Nein;3,55;3,55;;;;;Nein;
stillgelegte Anlagen;;;;;;;;Bayern;Deutschland;;;endg?ltig stillgelegt ohne ? 13b EnWG oder KVBG;Batteriespeicher;;;Nein;5,94;5,94;;;;;Nein;
Kleinanlagen_aggregiert;;;;;;;;Sachsen;Deutschland;;;vorl?ufig Stillgelegt;Wasser;;;Ja;1,22;1,17;;;;;Nein;
Kleinanlagen_aggregiert;;;;;;;;Hessen;Deutschland;;;InBetrieb;Batteriespeicher;;;Nein;57,24;55,97;;;;;Nein;
stillgelegte Anlagen;;;;;;;;Bayern;Deutschland;;;endg?ltig stillgelegt ohne ? 13b EnWG oder KVBG;Sonstige Energietraeger (nicht erneuerbar);;;Nein;6,49;6,26;;;;;Nein;
stillgelegte Anlagen;;;;;;;;Sachsen;Deutschland;;;endg?ltig stillgelegt ohne ? 13b EnWG oder KVBG;Wasser;;;Ja;0,79;0,78;;;;;Nein;
Kleinanlagen_aggregiert;;;;;;;;Bayern;Deutschland;;;vorl?ufig Stillgelegt;Batteriespeicher;;;Nein;2,69;2,69;;;;;Nein;
Kleinanlagen_aggregiert;;;;;;;;Saarland;Deutschland;;;InBetrieb;Erdgas;;;Nein;59,36;58,55;;;;;Nein;
stillgelegte Anlagen;;;;;;;;BadenWuerttemberg;Deutschland;;;endg?ltig stillgelegt ohne ? 13b EnWG oder KVBG;Erdgas;;;Nein;109,27;103,99;;;;;Nein;
Kleinanlagen_aggregiert;;;;;;;;RheinlandPfalz;Deutschland;;;InBetrieb;Mineraloelprodukte;;;Nein;50,64;50,11;;;;;Nein;
Kleinanlagen_aggregiert;;;;;;;;BadenWuerttemberg;Deutschland;;;vorl?ufig Stillgelegt;Waerme;;;Nein;0,2;0,2;;;;;Nein;
Kleinanlagen_aggregiert;;;;;;;;Berlin;Deutschland;;;InBetrieb;Waerme;;;Nein;0,05;0,05;;;;;Nein;
Kleinanlagen_aggregiert;;;;;;;;Sachsen;Deutschland;;;InBetrieb;Grubengas;;;Nein;0,58;0,56;;;;;Nein;
stillgelegte Anlagen;;;;;;;;Niedersachsen;Deutschland;;;endg?ltig stillgelegt ohne ? 13b EnWG oder KVBG;Sonstige Energietraeger (nicht erneuerbar);;;Nein;7,7;7,19;;;;;Nein;
Kleinanlagen_aggregiert;;;;;;;;BadenWuerttemberg;Deutschland;;;InBetrieb;Wasserstoff;;;Nein;2,45;2,05;;;;;Nein;
Kleinanlagen_aggregiert;;;;;;;;Hessen;Deutschland;;;InBetrieb;Waerme;;;Nein;9,45;8,76;;;;;Nein;
stillgelegte Anlagen;;;;;;;;Hessen;Deutschland;;;endg?ltig stillgelegt ohne ? 13b EnWG oder KVBG;Biomasse;;;Ja;50,78;47,53;;;;;Nein;
Kleinanlagen_aggregiert;;;;;;;;Brandenburg;Deutschland;;;vorl?ufig Stillgelegt;Biomasse;;;Ja;8,84;8,84;;;;;Nein;
stillgelegte Anlagen;;;;;;;;BadenWuerttemberg;Deutschland;;;endg?ltig stillgelegt ohne ? 13b EnWG oder KVBG;Mineraloelprodukte;;;Nein;25,02;24,56;;;;;Nein;
stillgelegte Anlagen;;;;;;;;Berlin;Deutschland;;;endg?ltig stillgelegt ohne ? 13b EnWG oder KVBG;Steinkohle;;;Nein;9,7;9,5;;;;;Nein;
Kleinanlagen_aggregiert;;;;;;;;Hamburg;Deutschland;;;InBetrieb;Sonstige Energietraeger (nicht erneuerbar);;;Nein;0,1;0,1;;;;;Nein;
Kleinanlagen_aggregiert;;;;;;;;MecklenburgVorpommern;Deutschland;;;InBetrieb;Batteriespeicher;;;Nein;58,56;57,29;;;;;Nein;
stillgelegte Anlagen;;;;;;;;Brandenburg;Deutschland;;;endg?ltig stillgelegt ohne ? 13b EnWG oder KVBG;Biomasse;;;Ja;14,96;14,88;;;;;Nein;
stillgelegte Anlagen;;;;;;;;Brandenburg;Deutschland;;;endg?ltig stillgelegt ohne ? 13b EnWG oder KVBG;Erdgas;;;Nein;11,66;11,5;;;;;Nein;
Kleinanlagen_aggregiert;;;;;;;;SachsenAnhalt;Deutschland;;;InBetrieb;Sonstige Energietraeger (nicht erneuerbar);;;Nein;1,91;1,87;;;;;Nein;
stillgelegte Anlagen;;;;;;;;SachsenAnhalt;Deutschland;;;endg?ltig stillgelegt ohne ? 13b EnWG oder KVBG;Batteriespeicher;;;Nein;1,16;1,16;;;;;Nein;
Kleinanlagen_aggregiert;;;;;;;;RheinlandPfalz;Deutschland;;;InBetrieb;Sonstige Energietraeger (nicht erneuerbar);;;Nein;8,25;7,45;;;;;Nein;
Kleinanlagen_aggregiert;;;;;;;;Niedersachsen;Deutschland;;;vorl?ufig Stillgelegt;Sonstige Energietraeger (nicht erneuerbar);;;Nein;0,01;0,01;;;;;Nein;
Kleinanlagen_aggregiert;;;;;;;;Thueringen;Deutschland;;;InBetrieb;Abfall;;;Nein;5;3,91;;;;;Nein;
Kleinanlagen_aggregiert;;;;;;;;RheinlandPfalz;Deutschland;;;InBetrieb;Waerme;;;Nein;5,03;4,46;;;;;Nein;
Kleinanlagen_aggregiert;;;;;;;;Bremen;Deutschland;;;InBetrieb;Batteriespeicher;;;Nein;2,2;2,19;;;;;Nein;
stillgelegte Anlagen;;;;;;;;NordrheinWestfalen;Deutschland;;;endg?ltig stillgelegt ohne ? 13b EnWG oder KVBG;Sonstige Energietraeger (nicht erneuerbar);;;Nein;4,36;4,18;;;;;Nein;
Kleinanlagen_aggregiert;;;;;;;;Sachsen;Deutschland;;;InBetrieb;Wasser;;;Ja;94,65;90,43;;;;;Nein;
stillgelegte Anlagen;;;;;;;;SchleswigHolstein;Deutschland;;;endg?ltig stillgelegt ohne ? 13b EnWG oder KVBG;Biomasse;;;Ja;18,93;18,5;;;;;Nein;
Kleinanlagen_aggregiert;;;;;;;;Hessen;Deutschland;;;vorl?ufig Stillgelegt;Batteriespeicher;;;Nein;0,38;0,35;;;;;Nein;
Kleinanlagen_aggregiert;;;;;;;;Berlin;Deutschland;;;InBetrieb;Wasserstoff;;;Nein;0;0;;;;;Nein;
Kleinanlagen_aggregiert;;;;;;;;Niedersachsen;Deutschland;;;InBetrieb;Batteriespeicher;;;Nein;129,02;126,45;;;;;Nein;
Kleinanlagen_aggregiert;;;;;;;;BadenWuerttemberg;Deutschland;;;vorl?ufig Stillgelegt;Mineraloelprodukte;;;Nein;7,17;7,17;;;;;Nein;
Kleinanlagen_aggregiert;;;;;;;;NordrheinWestfalen;Deutschland;;;InBetrieb;Abfall;;;Nein;21,84;17,31;;;;;Nein;
stillgelegte Anlagen;;;;;;;;Thueringen;Deutschland;;;endg?ltig stillgelegt ohne ? 13b EnWG oder KVBG;Wasser;;;Ja;0,06;0,04;;;;;Nein;
Kleinanlagen_aggregiert;;;;;;;;Berlin;Deutschland;;;InBetrieb;Sonstige Energietraeger (nicht erneuerbar);;;Nein;3,77;3,73;;;;;Nein;
stillgelegte Anlagen;;;;;;;;Brandenburg;Deutschland;;;endg?ltig stillgelegt ohne ? 13b EnWG oder KVBG;Wasser;;;Ja;0,02;0,01;;;;;Nein;
Kleinanlagen_aggregiert;;;;;;;;SchleswigHolstein;Deutschland;;;vorl?ufig Stillgelegt;Biomasse;;;Ja;6,84;6,84;;;;;Nein;
Kleinanlagen_aggregiert;;;;;;;;Bayern;Deutschland;;;InBetrieb;Steinkohle;;;Nein;4;3,6;;;;;Nein;
stillgelegte Anlagen;;;;;;;;NordrheinWestfalen;Deutschland;;;endg?ltig stillgelegt ohne ? 13b EnWG oder KVBG;Braunkohle;;;Nein;6,6;6;;;;;Nein;
Kleinanlagen_aggregiert;;;;;;;;Saarland;Deutschland;;;InBetrieb;Batteriespeicher;;;Nein;8,62;8,52;;;;;Nein;
Kleinanlagen_aggregiert;;;;;;;;Hamburg;Deutschland;;;InBetrieb;Abfall;;;Nein;4,05;1;;;;;Nein;
Kleinanlagen_aggregiert;;;;;;;;BadenWuerttemberg;Deutschland;;;InBetrieb;Batteriespeicher;;;Nein;153,9;150,64;;;;;Nein;
Kleinanlagen_aggregiert;;;;;;;;SchleswigHolstein;Deutschland;;;InBetrieb;Waerme;;;Nein;7,52;6,78;;;;;Nein;
Kleinanlagen_aggregiert;;;;;;;;Hessen;Deutschland;;;vorl?ufig Stillgelegt;Biomasse;;;Ja;5,88;5,88;;;;;Nein;
Kleinanlagen_aggregiert;;;;;;;;Berlin;Deutschland;;;vorl?ufig Stillgelegt;Mineraloelprodukte;;;Nein;0;0;;;;;Nein;
stillgelegte Anlagen;;;;;;;;Bayern;Deutschland;;;endg?ltig stillgelegt ohne ? 13b EnWG oder KVBG;Erdgas;;;Nein;97,79;95,97;;;;;Nein;
Kleinanlagen_aggregiert;;;;;;;;SchleswigHolstein;Deutschland;;;InBetrieb;Wasserstoff;;;Nein;0;0;;;;;Nein;
Kleinanlagen_aggregiert;;;;;;;;Hessen;Deutschland;;;InBetrieb;Biomasse;;;Ja;230,49;227,72;;;;;Nein;
Kleinanlagen_aggregiert;;;;;;;;BadenWuerttemberg;Deutschland;;;InBetrieb;Braunkohle;;;Nein;1,61;1,5;;;;;Nein;
Kleinanlagen_aggregiert;;;;;;;;SchleswigHolstein;Deutschland;;;InBetrieb;Biomasse;;;Ja;592,62;590,79;;;;;Nein;
Kleinanlagen_aggregiert;;;;;;;;Brandenburg;Deutschland;;;InBetrieb;Wasser;;;Ja;4,78;4,69;;;;;Nein;
stillgelegte Anlagen;;;;;;;;Saarland;Deutschland;;;endg?ltig stillgelegt ohne ? 13b EnWG oder KVBG;Grubengas;;;Nein;32,59;31,51;;;;;Nein;
Kleinanlagen_aggregiert;;;;;;;;RheinlandPfalz;Deutschland;;;InBetrieb;Biomasse;;;Ja;155,92;152,13;;;;;Nein;
Kleinanlagen_aggregiert;;;;;;;;Niedersachsen;Deutschland;;;vorl?ufig Stillgelegt;Mineraloelprodukte;;;Nein;0,54;0,54;;;;;Nein;
Kleinanlagen_aggregiert;;;;;;;;BadenWuerttemberg;Deutschland;;;InBetrieb;Sonstige Energietraeger (nicht erneuerbar);;;Nein;46,47;44,21;;;;;Nein;
Kleinanlagen_aggregiert;;;;;;;;Niedersachsen;Deutschland;;;InBetrieb;Grubengas;;;Nein;0,46;0,45;;;;;Nein;
stillgelegte Anlagen;;;;;;;;Sachsen;Deutschland;;;endg?ltig stillgelegt ohne ? 13b EnWG oder KVBG;Biomasse;;;Ja;13,8;13,37;;;;;Nein;
Kleinanlagen_aggregiert;;;;;;;;NordrheinWestfalen;Deutschland;;;vorl?ufig Stillgelegt;Abfall;;;Nein;1,26;1,2;;;;;Nein;
Kleinanlagen_aggregiert;;;;;;;;NordrheinWestfalen;Deutschland;;;InBetrieb;Sonstige Energietraeger (nicht erneuerbar);;;Nein;36,76;36,08;;;;;Nein;
Kleinanlagen_aggregiert;;;;;;;;Berlin;Deutschland;;;vorl?ufig Stillgelegt;Biomasse;;;Ja;1,41;1,38;;;;;Nein;
stillgelegte Anlagen;;;;;;;;BadenWuerttemberg;Deutschland;;;endg?ltig stillgelegt ohne ? 13b EnWG oder KVBG;Wasser;;;Ja;4,53;4;;;;;Nein;
Kleinanlagen_aggregiert;;;;;;;;SachsenAnhalt;Deutschland;;;InBetrieb;Waerme;;;Nein;22;18,11;;;;;Nein;
stillgelegte Anlagen;;;;;;;;Thueringen;Deutschland;;;endg?ltig stillgelegt ohne ? 13b EnWG oder KVBG;Sonstige Energietraeger (nicht erneuerbar);;;Nein;0,19;0,19;;;;;Nein;
Kleinanlagen_aggregiert;;;;;;;;Saarland;Deutschland;;;vorl?ufig Stillgelegt;Mineraloelprodukte;;;Nein;0,01;0,01;;;;;Nein;
Kleinanlagen_aggregiert;;;;;;;;SchleswigHolstein;Deutschland;;;InBetrieb;Mineraloelprodukte;;;Nein;10,08;9,68;;;;;Nein;
stillgelegte Anlagen;;;;;;;;Thueringen;Deutschland;;;endg?ltig stillgelegt ohne ? 13b EnWG oder KVBG;Mineraloelprodukte;;;Nein;0,84;0,82;;;;;Nein;
Kleinanlagen_aggregiert;;;;;;;;Brandenburg;Deutschland;;;InBetrieb;Waerme;;;Nein;4,24;4,15;;;;;Nein;
Kleinanlagen_aggregiert;;;;;;;;Bremen;Deutschland;;;InBetrieb;Mineraloelprodukte;;;Nein;0,02;0,02;;;;;Nein;
Kleinanlagen_aggregiert;;;;;;;;NordrheinWestfalen;Deutschland;;;vorl?ufig Stillgelegt;Biomasse;;;Ja;27,19;26,78;;;;;Nein;
Kleinanlagen_aggregiert;;;;;;;;Bayern;Deutschland;;;vorl?ufig Stillgelegt;Braunkohle;;;Nein;1,86;1,86;;;;;Nein;
Kleinanlagen_aggregiert;;;;;;;;Bayern;Deutschland;;;InBetrieb;Batteriespeicher;;;Nein;509,62;503,99;;;;;Nein;
Kleinanlagen_aggregiert;;;;;;;;BadenWuerttemberg;Deutschland;;;InBetrieb;Erdgas;;;Nein;668,54;652,19;;;;;Nein;
Kleinanlagen_aggregiert;;;;;;;;NordrheinWestfalen;Deutschland;;;vorl?ufig Stillgelegt;Sonstige Energietraeger (nicht erneuerbar);;;Nein;0,16;0,16;;;;;Nein;
stillgelegte Anlagen;;;;;;;;SchleswigHolstein;Deutschland;;;endg?ltig stillgelegt ohne ? 13b EnWG oder KVBG;Batteriespeicher;;;Nein;0,3;0,3;;;;;Nein;
Kleinanlagen_aggregiert;;;;;;;;NordrheinWestfalen;Deutschland;;;InBetrieb;Wasser;;;Ja;145,75;139,26;;;;;Nein;
stillgelegte Anlagen;;;;;;;;RheinlandPfalz;Deutschland;;;endg?ltig stillgelegt ohne ? 13b EnWG oder KVBG;Biomasse;;;Ja;19,9;19,79;;;;;Nein;
stillgelegte Anlagen;;;;;;;;BadenWuerttemberg;Deutschland;;;endg?ltig stillgelegt ohne ? 13b EnWG oder KVBG;Steinkohle;;;Nein;27,7;4,9;;;;;Nein;
Kleinanlagen_aggregiert;;;;;;;;Thueringen;Deutschland;;;InBetrieb;Waerme;;;Nein;0,96;0,96;;;;;Nein;
Kleinanlagen_aggregiert;;;;;;;;Saarland;Deutschland;;;InBetrieb;Biomasse;;;Ja;13,99;12,77;;;;;Nein;
stillgelegte Anlagen;;;;;;;;Niedersachsen;Deutschland;;;endg?ltig stillgelegt ohne ? 13b EnWG oder KVBG;Braunkohle;;;Nein;0,48;0,48;;;;;Nein;
Kleinanlagen_aggregiert;;;;;;;;SachsenAnhalt;Deutschland;;;InBetrieb;Erdgas;;;Nein;155,34;151,17;;;;;Nein;
Kleinanlagen_aggregiert;;;;;;;;NordrheinWestfalen;Deutschland;;;vorl?ufig Stillgelegt;Erdgas;;;Nein;13,89;12,24;;;;;Nein;
Kleinanlagen_aggregiert;;;;;;;;SachsenAnhalt;Deutschland;;;InBetrieb;Wasser;;;Ja;33,8;33,24;;;;;Nein;
stillgelegte Anlagen;;;;;;;;SchleswigHolstein;Deutschland;;;endg?ltig stillgelegt ohne ? 13b EnWG oder KVBG;Wasser;;;Ja;0,03;0,03;;;;;Nein;
stillgelegte Anlagen;;;;;;;;Hessen;Deutschland;;;endg?ltig stillgelegt ohne ? 13b EnWG oder KVBG;Batteriespeicher;;;Nein;0,2;0,2;;;;;Nein;
Kleinanlagen_aggregiert;;;;;;;;Sachsen;Deutschland;;;InBetrieb;Biomasse;;;Ja;266,49;258,73;;;;;Nein;
Kleinanlagen_aggregiert;;;;;;;;MecklenburgVorpommern;Deutschland;;;InBetrieb;Biomasse;;;Ja;406,63;403,19;;;;;Nein;
Kleinanlagen_aggregiert;;;;;;;;Hessen;Deutschland;;;InBetrieb;Erdgas;;;Nein;234,8;227,81;;;;;Nein;
stillgelegte Anlagen;;;;;;;;Sachsen;Deutschland;;;endg?ltig stillgelegt ohne ? 13b EnWG oder KVBG;Mineraloelprodukte;;;Nein;1,64;1,59;;;;;Nein;
Kleinanlagen_aggregiert;;;;;;;;Brandenburg;Deutschland;;;InBetrieb;Sonstige Energietraeger (nicht erneuerbar);;;Nein;4,76;4,18;;;;;Nein;
Kleinanlagen_aggregiert;;;;;;;;Thueringen;Deutschland;;;InBetrieb;Sonstige Energietraeger (nicht erneuerbar);;;Nein;3,18;3,07;;;;;Nein;
Kleinanlagen_aggregiert;;;;;;;;Saarland;Deutschland;;;InBetrieb;Mineraloelprodukte;;;Nein;4,44;4,38;;;;;Nein;
Kleinanlagen_aggregiert;;;;;;;;Bayern;Deutschland;;;InBetrieb;Sonstige Energietraeger (nicht erneuerbar);;;Nein;31,63;29,83;;;;;Nein;
stillgelegte Anlagen;;;;;;;;BadenWuerttemberg;Deutschland;;;endg?ltig stillgelegt ohne ? 13b EnWG oder KVBG;Wasserstoff;;;Nein;0;0;;;;;Nein;
Kleinanlagen_aggregiert;;;;;;;;Bayern;Deutschland;;;vorl?ufig Stillgelegt;Sonstige Energietraeger (nicht erneuerbar);;;Nein;0,31;0,3;;;;;Nein;
Kleinanlagen_aggregiert;;;;;;;;Hessen;Deutschland;;;InBetrieb;Sonstige Energietraeger (nicht erneuerbar);;;Nein;14,34;13,69;;;;;Nein;
Kleinanlagen_aggregiert;;;;;;;;Sachsen;Deutschland;;;vorl?ufig Stillgelegt;Mineraloelprodukte;;;Nein;0,09;0,07;;;;;Nein;
stillgelegte Anlagen;;;;;;;;Hamburg;Deutschland;;;endg?ltig stillgelegt ohne ? 13b EnWG oder KVBG;Erdgas;;;Nein;41,51;41,02;;;;;Nein;
Kleinanlagen_aggregiert;;;;;;;;SachsenAnhalt;Deutschland;;;vorl?ufig Stillgelegt;Batteriespeicher;;;Nein;0,01;0,01;;;;;Nein;
stillgelegte Anlagen;;;;;;;;MecklenburgVorpommern;Deutschland;;;endg?ltig stillgelegt ohne ? 13b EnWG oder KVBG;Biomasse;;;Ja;16,83;16,71;;;;;Nein;
stillgelegte Anlagen;;;;;;;;Bayern;Deutschland;;;endg?ltig stillgelegt ohne ? 13b EnWG oder KVBG;Wasser;;;Ja;86,5;86,47;;;;;Nein;
Kleinanlagen_aggregiert;;;;;;;;Sachsen;Deutschland;;;InBetrieb;Mineraloelprodukte;;;Nein;13,7;13,65;;;;;Nein;
stillgelegte Anlagen;;;;;;;;BadenWuerttemberg;Deutschland;;;endg?ltig stillgelegt ohne ? 13b EnWG oder KVBG;Sonstige Energietraeger (nicht erneuerbar);;;Nein;5,64;5,34;;;;;Nein;
stillgelegte Anlagen;;;;;;;;Hessen;Deutschland;;;endg?ltig stillgelegt ohne ? 13b EnWG oder KVBG;Grubengas;;;Nein;1,81;1,74;;;;;Nein;
stillgelegte Anlagen;;;;;;;;Hamburg;Deutschland;;;endg?ltig stillgelegt ohne ? 13b EnWG oder KVBG;Mineraloelprodukte;;;Nein;0,01;0,01;;;;;Nein;
stillgelegte Anlagen;;;;;;;;MecklenburgVorpommern;Deutschland;;;endg?ltig stillgelegt ohne ? 13b EnWG oder KVBG;Erdgas;;;Nein;37,27;36,07;;;;;Nein;
stillgelegte Anlagen;;;;;;;;SachsenAnhalt;Deutschland;;;endg?ltig stillgelegt ohne ? 13b EnWG oder KVBG;Biomasse;;;Ja;10,81;10,33;;;;;Nein;
stillgelegte Anlagen;;;;;;;;MecklenburgVorpommern;Deutschland;;;endg?ltig stillgelegt ohne ? 13b EnWG oder KVBG;Mineraloelprodukte;;;Nein;0;0;;;;;Nein;
stillgelegte Anlagen;;;;;;;;BadenWuerttemberg;Deutschland;;;endg?ltig stillgelegt ohne ? 13b EnWG oder KVBG;Biomasse;;;Ja;52,66;50,03;;;;;Nein;
stillgelegte Anlagen;;;;;;;;Bayern;Deutschland;;;endg?ltig stillgelegt ohne ? 13b EnWG oder KVBG;Geothermie;;;Ja;5,32;5,32;;;;;Nein;
Kleinanlagen_aggregiert;;;;;;;;;Oesterreich;;;InBetrieb;Pumpspeicher;;;Nein;8;8;;;;;Nein;
stillgelegte Anlagen;;;;;;;;Saarland;Deutschland;;;endg?ltig stillgelegt ohne ? 13b EnWG oder KVBG;Sonstige Energietraeger (nicht erneuerbar);;;Nein;8,03;7,52;;;;;Nein;
Kleinanlagen_aggregiert;;;;;;;;Berlin;Deutschland;;;InBetrieb;Batteriespeicher;;;Nein;7,6;6,77;;;;;Nein;
Kleinanlagen_aggregiert;;;;;;;;Niedersachsen;Deutschland;;;vorl?ufig Stillgelegt;Batteriespeicher;;;Nein;7,81;7,81;;;;;Nein;
Kleinanlagen_aggregiert;;;;;;;;NordrheinWestfalen;Deutschland;;;InBetrieb;Grubengas;;;Nein;89,17;85,67;;;;;Nein;
Kleinanlagen_aggregiert;;;;;;;;Bayern;Deutschland;;;vorl?ufig Stillgelegt;Wasserstoff;;;Nein;0,03;0,03;;;;;Nein;
Kleinanlagen_aggregiert;;;;;;;;RheinlandPfalz;Deutschland;;;vorl?ufig Stillgelegt;Biomasse;;;Ja;4,95;4,91;;;;;Nein;
stillgelegte Anlagen;;;;;;;;Bayern;Deutschland;;;endg?ltig stillgelegt ohne ? 13b EnWG oder KVBG;Wasserstoff;;;Nein;0,03;0,03;;;;;Nein;
Kleinanlagen_aggregiert;;;;;;;;Hamburg;Deutschland;;;InBetrieb;Batteriespeicher;;;Nein;9,58;9,55;;;;;Nein;
stillgelegte Anlagen;;;;;;;;Bremen;Deutschland;;;endg?ltig stillgelegt ohne ? 13b EnWG oder KVBG;Abfall;;;Nein;3;2,7;;;;;Nein;
stillgelegte Anlagen;;;;;;;;Berlin;Deutschland;;;endg?ltig stillgelegt ohne ? 13b EnWG oder KVBG;Batteriespeicher;;;Nein;0,07;0,07;;;;;Nein;
Kleinanlagen_aggregiert;;;;;;;;Hessen;Deutschland;;;InBetrieb;Braunkohle;;;Nein;0,44;0,44;;;;;Nein;
stillgelegte Anlagen;;;;;;;;Berlin;Deutschland;;;endg?ltig stillgelegt ohne ? 13b EnWG oder KVBG;Erdgas;;;Nein;15,81;14,82;;;;;Nein;
stillgelegte Anlagen;;;;;;;;SachsenAnhalt;Deutschland;;;endg?ltig stillgelegt ohne ? 13b EnWG oder KVBG;Mineraloelprodukte;;;Nein;2,16;2,16;;;;;Nein;
Kleinanlagen_aggregiert;;;;;;;;SchleswigHolstein;Deutschland;;;vorl?ufig Stillgelegt;Waerme;;;Nein;0,03;0,03;;;;;Nein;
Kleinanlagen_aggregiert;;;;;;;;Thueringen;Deutschland;;;vorl?ufig Stillgelegt;Biomasse;;;Ja;1,97;1,89;;;;;Nein;
Kleinanlagen_aggregiert;;;;;;;;Saarland;Deutschland;;;InBetrieb;Wasser;;;Ja;18,06;17,6;;;;;Nein;
stillgelegte Anlagen;;;;;;;;Hamburg;Deutschland;;;endg?ltig stillgelegt ohne ? 13b EnWG oder KVBG;Batteriespeicher;;;Nein;1,4;1,4;;;;;Nein;
stillgelegte Anlagen;;;;;;;;Bayern;Deutschland;;;endg?ltig stillgelegt ohne ? 13b EnWG oder KVBG;Pumpspeicher;;;Nein;0;0;;;;;Nein;
stillgelegte Anlagen;;;;;;;;Niedersachsen;Deutschland;;;endg?ltig stillgelegt ohne ? 13b EnWG oder KVBG;Waerme;;;Nein;3,64;3,55;;;;;Nein;
Kleinanlagen_aggregiert;;;;;;;;Hamburg;Deutschland;;;vorl?ufig Stillgelegt;Erdgas;;;Nein;0,15;0,15;;;;;Nein;
Kleinanlagen_aggregiert;;;;;;;;SachsenAnhalt;Deutschland;;;InBetrieb;Abfall;;;Nein;18,81;15,73;;;;;Nein;
Kleinanlagen_aggregiert;;;;;;;;Brandenburg;Deutschland;;;InBetrieb;Erdgas;;;Nein;143,8;141,22;;;;;Nein;
Kleinanlagen_aggregiert;;;;;;;;NordrheinWestfalen;Deutschland;;;InBetrieb;Mineraloelprodukte;;;Nein;66,26;64,39;;;;;Nein;
Kleinanlagen_aggregiert;;;;;;;;Hessen;Deutschland;;;InBetrieb;Wasserstoff;;;Nein;0,1;0,1;;;;;Nein;
Kleinanlagen_aggregiert;;;;;;;;Hamburg;Deutschland;;;InBetrieb;Mineraloelprodukte;;;Nein;1,25;1,2;;;;;Nein;
Kleinanlagen_aggregiert;;;;;;;;NordrheinWestfalen;Deutschland;;;InBetrieb;Braunkohle;;;Nein;11,24;10,3;;;;;Nein;
Kleinanlagen_aggregiert;;;;;;;;Sachsen;Deutschland;;;vorl?ufig Stillgelegt;Batteriespeicher;;;Nein;3,6;3,6;;;;;Nein;
Kleinanlagen_aggregiert;;;;;;;;Bayern;Deutschland;;;InBetrieb;Wasser;;;Ja;891,96;864,02;;;;;Nein;
Kleinanlagen_aggregiert;;;;;;;;Bayern;Deutschland;;;InBetrieb;Erdgas;;;Nein;615,63;599,27;;;;;Nein;
stillgelegte Anlagen;;;;;;;;BadenWuerttemberg;Deutschland;;;endg?ltig stillgelegt ohne ? 13b EnWG oder KVBG;Grubengas;;;Nein;0,01;0,01;;;;;Nein;
stillgelegte Anlagen;;;;;;;;Saarland;Deutschland;;;endg?ltig stillgelegt ohne ? 13b EnWG oder KVBG;Erdgas;;;Nein;19,6;19,07;;;;;Nein;
stillgelegte Anlagen;;;;;;;;Saarland;Deutschland;;;endg?ltig stillgelegt ohne ? 13b EnWG oder KVBG;Steinkohle;;;Nein;0,43;0,39;;;;;Nein;
Kleinanlagen_aggregiert;;;;;;;;Bremen;Deutschland;;;InBetrieb;Wasser;;;Ja;10;9,73;;;;;Nein;
Kleinanlagen_aggregiert;;;;;;;;Berlin;Deutschland;;;InBetrieb;Erdgas;;;Nein;109,94;107,08;;;;;Nein;
Kleinanlagen_aggregiert;;;;;;;;Saarland;Deutschland;;;InBetrieb;Grubengas;;;Nein;45,03;44,7;;;;;Nein;
Kleinanlagen_aggregiert;;;;;;;;RheinlandPfalz;Deutschland;;;vorl?ufig Stillgelegt;Wasser;;;Ja;0,01;0,01;;;;;Nein;
Kleinanlagen_aggregiert;;;;;;;;Bayern;Deutschland;;;InBetrieb;Pumpspeicher;;;Nein;7,31;7,31;;;;;Nein;
stillgelegte Anlagen;;;;;;;;Niedersachsen;Deutschland;;;endg?ltig stillgelegt ohne ? 13b EnWG oder KVBG;Wasser;;;Ja;0,28;0,27;;;;;Nein;
Kleinanlagen_aggregiert;;;;;;;;Hessen;Deutschland;;;InBetrieb;Mineraloelprodukte;;;Nein;17,83;17,2;;;;;Nein;
stillgelegte Anlagen;;;;;;;;BadenWuerttemberg;Deutschland;;;endg?ltig stillgelegt ohne ? 13b EnWG oder KVBG;Batteriespeicher;;;Nein;0,66;0,66;;;;;Nein;
Kleinanlagen_aggregiert;;;;;;;;Sachsen;Deutschland;;;InBetrieb;Abfall;;;Nein;0,94;0,94;;;;;Nein;
Kleinanlagen_aggregiert;;;;;;;;RheinlandPfalz;Deutschland;;;InBetrieb;Erdgas;;;Nein;133,26;129,69;;;;;Nein;
Kleinanlagen_aggregiert;;;;;;;;SchleswigHolstein;Deutschland;;;InBetrieb;Sonstige Energietraeger (nicht erneuerbar);;;Nein;7,4;7,21;;;;;Nein;
Kleinanlagen_aggregiert;;;;;;;;BadenWuerttemberg;Deutschland;;;vorl?ufig Stillgelegt;Biomasse;;;Ja;6,99;6,86;;;;;Nein;
stillgelegte Anlagen;;;;;;;;Bayern;Deutschland;;;endg?ltig stillgelegt ohne ? 13b EnWG oder KVBG;Grubengas;;;Nein;0,15;0,14;;;;;Nein;
stillgelegte Anlagen;;;;;;;;Berlin;Deutschland;;;endg?ltig stillgelegt ohne ? 13b EnWG oder KVBG;Biomasse;;;Ja;0,59;0,59;;;;;Nein;
Kleinanlagen_aggregiert;;;;;;;;BadenWuerttemberg;Deutschland;;;InBetrieb;Wasser;;;Ja;345,4;327,84;;;;;Nein;
Kleinanlagen_aggregiert;;;;;;;;NordrheinWestfalen;Deutschland;;;InBetrieb;Erdgas;;;Nein;764,55;742,42;;;;;Nein;
Kleinanlagen_aggregiert;;;;;;;;BadenWuerttemberg;Deutschland;;;InBetrieb;Geothermie;;;Ja;0,55;0,34;;;;;Nein;
stillgelegte Anlagen;;;;;;;;Niedersachsen;Deutschland;;;endg?ltig stillgelegt ohne ? 13b EnWG oder KVBG;Batteriespeicher;;;Nein;0,13;0,13;;;;;Nein;
stillgelegte Anlagen;;;;;;;;Sachsen;Deutschland;;;endg?ltig stillgelegt ohne ? 13b EnWG oder KVBG;Waerme;;;Nein;3,47;3,44;;;;;Nein;
Kleinanlagen_aggregiert;;;;;;;;SachsenAnhalt;Deutschland;;;InBetrieb;Wasserstoff;;;Nein;0;0;;;;;Nein;
stillgelegte Anlagen;;;;;;;;NordrheinWestfalen;Deutschland;;;endg?ltig stillgelegt ohne ? 13b EnWG oder KVBG;Grubengas;;;Nein;52,63;51,17;;;;;Nein;
Kleinanlagen_aggregiert;;;;;;;;MecklenburgVorpommern;Deutschland;;;InBetrieb;Mineraloelprodukte;;;Nein;0,89;0,79;;;;;Nein;
stillgelegte Anlagen;;;;;;;;NordrheinWestfalen;Deutschland;;;endg?ltig stillgelegt ohne ? 13b EnWG oder KVBG;Wasser;;;Ja;3,63;3,07;;;;;Nein;
Kleinanlagen_aggregiert;;;;;;;;Bayern;Deutschland;;;InBetrieb;Geothermie;;;Ja;56,44;53,79;;;;;Nein;
Kleinanlagen_aggregiert;;;;;;;;RheinlandPfalz;Deutschland;;;vorl?ufig Stillgelegt;Erdgas;;;Nein;1,07;1,04;;;;;Nein;
Kleinanlagen_aggregiert;;;;;;;;Hessen;Deutschland;;;InBetrieb;Abfall;;;Nein;4,87;4,5;;;;;Nein;
Kleinanlagen_aggregiert;;;;;;;;MecklenburgVorpommern;Deutschland;;;vorl?ufig Stillgelegt;Biomasse;;;Ja;3,47;3,47;;;;;Nein;
Kleinanlagen_aggregiert;;;;;;;;SchleswigHolstein;Deutschland;;;vorl?ufig Stillgelegt;Erdgas;;;Nein;0,95;0,94;;;;;Nein;
Kleinanlagen_aggregiert;;;;;;;;Thueringen;Deutschland;;;InBetrieb;Mineraloelprodukte;;;Nein;8,38;8,01;;;;;Nein;
Kleinanlagen_aggregiert;;;;;;;;BadenWuerttemberg;Deutschland;;;InBetrieb;Grubengas;;;Nein;1,61;1,61;;;;;Nein;
stillgelegte Anlagen;;;;;;;;Hamburg;Deutschland;;;endg?ltig stillgelegt ohne ? 13b EnWG oder KVBG;Biomasse;;;Ja;0,82;0,82;;;;;Nein;
stillgelegte Anlagen;;;;;;;;NordrheinWestfalen;Deutschland;;;endg?ltig stillgelegt ohne ? 13b EnWG oder KVBG;Batteriespeicher;;;Nein;5,61;5,54;;;;;Nein;
stillgelegte Anlagen;;;;;;;;RheinlandPfalz;Deutschland;;;endg?ltig stillgelegt ohne ? 13b EnWG oder KVBG;Braunkohle;;;Nein;0,4;0,4;;;;;Nein;
Kleinanlagen_aggregiert;;;;;;;;Niedersachsen;Deutschland;;;InBetrieb;Erdgas;;;Nein;412,68;402,67;;;;;Nein;
Kleinanlagen_aggregiert;;;;;;;;Hamburg;Deutschland;;;InBetrieb;Waerme;;;Nein;8,32;8,09;;;;;Nein;
stillgelegte Anlagen;;;;;;;;Hessen;Deutschland;;;endg?ltig stillgelegt ohne ? 13b EnWG oder KVBG;Erdgas;;;Nein;67,69;64,32;;;;;Nein;
Kleinanlagen_aggregiert;;;;;;;;NordrheinWestfalen;Deutschland;;;vorl?ufig Stillgelegt;Mineraloelprodukte;;;Nein;0,73;0,73;;;;;Nein;
stillgelegte Anlagen;;;;;;;;NordrheinWestfalen;Deutschland;;;endg?ltig stillgelegt ohne ? 13b EnWG oder KVBG;Waerme;;;Nein;6,61;5,72;;;;;Nein;
stillgelegte Anlagen;;;;;;;;Hessen;Deutschland;;;endg?ltig stillgelegt ohne ? 13b EnWG oder KVBG;Mineraloelprodukte;;;Nein;1,98;1,75;;;;;Nein;
Kleinanlagen_aggregiert;;;;;;;;Bremen;Deutschland;;;vorl?ufig Stillgelegt;Erdgas;;;Nein;0,15;0,05;;;;;Nein;
stillgelegte Anlagen;;;;;;;;Hessen;Deutschland;;;endg?ltig stillgelegt ohne ? 13b EnWG oder KVBG;Abfall;;;Nein;0,13;0,11;;;;;Nein;
Kleinanlagen_aggregiert;;;;;;;;SachsenAnhalt;Deutschland;;;InBetrieb;Biomasse;;;Ja;349,84;324,26;;;;;Nein;
Kleinanlagen_aggregiert;;;;;;;;Berlin;Deutschland;;;InBetrieb;Biomasse;;;Ja;25,26;23,68;;;;;Nein;
Kleinanlagen_aggregiert;;;;;;;;BadenWuerttemberg;Deutschland;;;vorl?ufig Stillgelegt;Pumpspeicher;;;Nein;1,3;1,25;;;;;Nein;
stillgelegte Anlagen;;;;;;;;NordrheinWestfalen;Deutschland;;;endg?ltig stillgelegt ohne ? 13b EnWG oder KVBG;Erdgas;;;Nein;162,39;128,48;;;;;Nein;
Kleinanlagen_aggregiert;;;;;;;;Bayern;Deutschland;;;vorl?ufig Stillgelegt;Mineraloelprodukte;;;Nein;8,62;8,22;;;;;Nein;
Kleinanlagen_aggregiert;;;;;;;;SchleswigHolstein;Deutschland;;;InBetrieb;Abfall;;;Nein;23,06;19,05;;;;;Nein;
Kleinanlagen_aggregiert;;;;;;;;Thueringen;Deutschland;;;vorl?ufig Stillgelegt;Erdgas;;;Nein;3,88;3,81;;;;;Nein;
Kleinanlagen_aggregiert;;;;;;;;Brandenburg;Deutschland;;;vorl?ufig Stillgelegt;Sonstige Energietraeger (nicht erneuerbar);;;Nein;0,6;0,6;;;;;Nein;
Kleinanlagen_aggregiert;;;;;;;;Bremen;Deutschland;;;InBetrieb;Sonstige Energietraeger (nicht erneuerbar);;;Nein;1,75;1,75;;;;;Nein;
Kleinanlagen_aggregiert;;;;;;;;;Schweiz;;;InBetrieb;Erdgas;;;Nein;0,01;0,01;;;;;Nein;
stillgelegte Anlagen;;;;;;;;Bayern;Deutschland;;;endg?ltig stillgelegt ohne ? 13b EnWG oder KVBG;Waerme;;;Nein;0,29;0,28;;;;;Nein;
stillgelegte Anlagen;;;;;;;;SchleswigHolstein;Deutschland;;;endg?ltig stillgelegt ohne ? 13b EnWG oder KVBG;Sonstige Energietraeger (nicht erneuerbar);;;Nein;0,12;0,12;;;;;Nein;
stillgelegte Anlagen;;;;;;;;Niedersachsen;Deutschland;;;endg?ltig stillgelegt ohne ? 13b EnWG oder KVBG;Erdgas;;;Nein;46,78;45,92;;;;;Nein;
Kleinanlagen_aggregiert;;;;;;;;NordrheinWestfalen;Deutschland;;;InBetrieb;Batteriespeicher;;;Nein;156,24;151,47;;;;;Nein;
Kleinanlagen_aggregiert;;;;;;;;Niedersachsen;Deutschland;;;InBetrieb;Wasser;;;Ja;58,72;55,62;;;;;Nein;
stillgelegte Anlagen;;;;;;;;SchleswigHolstein;Deutschland;;;endg?ltig stillgelegt ohne ? 13b EnWG oder KVBG;Mineraloelprodukte;;;Nein;0,15;0,14;;;;;Nein;
stillgelegte Anlagen;;;;;;;;Thueringen;Deutschland;;;endg?ltig stillgelegt ohne ? 13b EnWG oder KVBG;Batteriespeicher;;;Nein;0,04;0,04;;;;;Nein;
Kleinanlagen_aggregiert;;;;;;;;Saarland;Deutschland;;;InBetrieb;Sonstige Energietraeger (nicht erneuerbar);;;Nein;1,39;1,3;;;;;Nein;
Kleinanlagen_aggregiert;;;;;;;;MecklenburgVorpommern;Deutschland;;;vorl?ufig Stillgelegt;Erdgas;;;Nein;5,46;5,3;;;;;Nein;
stillgelegte Anlagen;;;;;;;;MecklenburgVorpommern;Deutschland;;;endg?ltig stillgelegt ohne ? 13b EnWG oder KVBG;Sonstige Energietraeger (nicht erneuerbar);;;Nein;0,2;0,2;;;;;Nein;
Kleinanlagen_aggregiert;;;;;;;;Sachsen;Deutschland;;;InBetrieb;Erdgas;;;Nein;235,9;229,46;;;;;Nein;
stillgelegte Anlagen;;;;;;;;SachsenAnhalt;Deutschland;;;endg?ltig stillgelegt ohne ? 13b EnWG oder KVBG;Waerme;;;Nein;0,03;0,03;;;;;Nein;
Kleinanlagen_aggregiert;;;;;;;;Thueringen;Deutschland;;;vorl?ufig Stillgelegt;Wasser;;;Ja;0,01;0,01;;;;;Nein;
Kleinanlagen_aggregiert;;;;;;;;Hessen;Deutschland;;;vorl?ufig Stillgelegt;Wasser;;;Ja;0,2;0,16;;;;;Nein;
Kleinanlagen_aggregiert;;;;;;;;Hessen;Deutschland;;;vorl?ufig Stillgelegt;Erdgas;;;Nein;1,61;1,38;;;;;Nein;
stillgelegte Anlagen;;;;;;;;Thueringen;Deutschland;;;endg?ltig stillgelegt ohne ? 13b EnWG oder KVBG;Braunkohle;;;Nein;1,73;1,56;;;;;Nein;
stillgelegte Anlagen;;;;;;;;RheinlandPfalz;Deutschland;;;endg?ltig stillgelegt ohne ? 13b EnWG oder KVBG;Mineraloelprodukte;;;Nein;5,42;5,32;;;;;Nein;
stillgelegte Anlagen;;;;;;;;BadenWuerttemberg;Deutschland;;;endg?ltig stillgelegt ohne ? 13b EnWG oder KVBG;Abfall;;;Nein;0;0;;;;;Nein;
Kleinanlagen_aggregiert;;;;;;;;SachsenAnhalt;Deutschland;;;InBetrieb;Mineraloelprodukte;;;Nein;6,6;6,52;;;;;Nein;
stillgelegte Anlagen;;;;;;;;SachsenAnhalt;Deutschland;;;endg?ltig stillgelegt ohne ? 13b EnWG oder KVBG;Sonstige Energietraeger (nicht erneuerbar);;;Nein;1,22;1,19;;;;;Nein;
Kleinanlagen_aggregiert;;;;;;;;MecklenburgVorpommern;Deutschland;;;InBetrieb;Waerme;;;Nein;3,92;2,97;;;;;Nein;
stillgelegte Anlagen;;;;;;;;Bremen;Deutschland;;;endg?ltig stillgelegt ohne ? 13b EnWG oder KVBG;Erdgas;;;Nein;1,65;1,63;;;;;Nein;
stillgelegte Anlagen;;;;;;;;NordrheinWestfalen;Deutschland;;;endg?ltig stillgelegt ohne ? 13b EnWG oder KVBG;Mineraloelprodukte;;;Nein;7,52;7,48;;;;;Nein;
stillgelegte Anlagen;;;;;;;;RheinlandPfalz;Deutschland;;;endg?ltig stillgelegt ohne ? 13b EnWG oder KVBG;Sonstige Energietraeger (nicht erneuerbar);;;Nein;2,94;2,84;;;;;Nein;
Kleinanlagen_aggregiert;;;;;;;;Saarland;Deutschland;;;vorl?ufig Stillgelegt;Erdgas;;;Nein;0,2;0,2;;;;;Nein;
stillgelegte Anlagen;;;;;;;;Brandenburg;Deutschland;;;endg?ltig stillgelegt ohne ? 13b EnWG oder KVBG;Waerme;;;Nein;0,01;0,01;;;;;Nein;
Kleinanlagen_aggregiert;;;;;;;;BadenWuerttemberg;Deutschland;;;InBetrieb;Mineraloelprodukte;;;Nein;111,75;108,34;;;;;Nein;
stillgelegte Anlagen;;;;;;;;Brandenburg;Deutschland;;;endg?ltig stillgelegt ohne ? 13b EnWG oder KVBG;Grubengas;;;Nein;1,88;1,88;;;;;Nein;
stillgelegte Anlagen;;;;;;;;Niedersachsen;Deutschland;;;endg?ltig stillgelegt ohne ? 13b EnWG oder KVBG;Biomasse;;;Ja;85,75;84,3;;;;;Nein;
Kleinanlagen_aggregiert;;;;;;;;Bremen;Deutschland;;;InBetrieb;Abfall;;;Nein;8,6;7,6;;;;;Nein;
stillgelegte Anlagen;;;;;;;;SchleswigHolstein;Deutschland;;;endg?ltig stillgelegt ohne ? 13b EnWG oder KVBG;Abfall;;;Nein;0;0;;;;;Nein;
stillgelegte Anlagen;;;;;;;;MecklenburgVorpommern;Deutschland;;;endg?ltig stillgelegt ohne ? 13b EnWG oder KVBG;Wasser;;;Ja;0,02;0,02;;;;;Nein;
Kleinanlagen_aggregiert;;;;;;;;Bayern;Deutschland;;;InBetrieb;Waerme;;;Nein;5,98;5,56;;;;;Nein;
Kleinanlagen_aggregiert;;;;;;;;Bayern;Deutschland;;;InBetrieb;Wasserstoff;;;Nein;1,56;1,55;;;;;Nein;
Kleinanlagen_aggregiert;;;;;;;;Thueringen;Deutschland;;;vorl?ufig Stillgelegt;Sonstige Energietraeger (nicht erneuerbar);;;Nein;0,46;0,45;;;;;Nein;
Kleinanlagen_aggregiert;;;;;;;;SchleswigHolstein;Deutschland;;;InBetrieb;Batteriespeicher;;;Nein;38,44;38,1;;;;;Nein;
Kleinanlagen_aggregiert;;;;;;;;Niedersachsen;Deutschland;;;InBetrieb;Sonstige Energietraeger (nicht erneuerbar);;;Nein;25,39;23,34;;;;;Nein;
Kleinanlagen_aggregiert;;;;;;;;BadenWuerttemberg;Deutschland;;;vorl?ufig Stillgelegt;Erdgas;;;Nein;3,51;3,45;;;;;Nein;
Kleinanlagen_aggregiert;;;;;;;;SachsenAnhalt;Deutschland;;;vorl?ufig Stillgelegt;Erdgas;;;Nein;2,28;2,25;;;;;Nein;
Kleinanlagen_aggregiert;;;;;;;;BadenWuerttemberg;Deutschland;;;InBetrieb;Biomasse;;;Ja;792,97;781,37;;;;;Nein;
Kleinanlagen_aggregiert;;;;;;;;Sachsen;Deutschland;;;vorl?ufig Stillgelegt;Biomasse;;;Ja;5,18;5,14;;;;;Nein;
Kleinanlagen_aggregiert;;;;;;;;Bremen;Deutschland;;;InBetrieb;Biomasse;;;Ja;5,37;5,36;;;;;Nein;
Kleinanlagen_aggregiert;;;;;;;;Sachsen;Deutschland;;;InBetrieb;Braunkohle;;;Nein;4,37;4,05;;;;;Nein;
Kleinanlagen_aggregiert;;;;;;;;Hamburg;Deutschland;;;InBetrieb;Wasser;;;Ja;0,12;0,12;;;;;Nein;
stillgelegte Anlagen;;;;;;;;Berlin;Deutschland;;;endg?ltig stillgelegt ohne ? 13b EnWG oder KVBG;Sonstige Energietraeger (nicht erneuerbar);;;Nein;0,05;0,02;;;;;Nein;
Kleinanlagen_aggregiert;;;;;;;;SchleswigHolstein;Deutschland;;;InBetrieb;Wasser;;;Ja;5,04;4,9;;;;;Nein;
stillgelegte Anlagen;;;;;;;;Brandenburg;Deutschland;;;endg?ltig stillgelegt ohne ? 13b EnWG oder KVBG;Braunkohle;;;Nein;1,6;1,6;;;;;Nein;
stillgelegte Anlagen;;;;;;;;Niedersachsen;Deutschland;;;endg?ltig stillgelegt ohne ? 13b EnWG oder KVBG;Mineraloelprodukte;;;Nein;4,73;4,51;;;;;Nein;
stillgelegte Anlagen;;;;;;;;Brandenburg;Deutschland;;;endg?ltig stillgelegt ohne ? 13b EnWG oder KVBG;Abfall;;;Nein;2,01;2,01;;;;;Nein;
Kleinanlagen_aggregiert;;;;;;;;MecklenburgVorpommern;Deutschland;;;InBetrieb;Sonstige Energietraeger (nicht erneuerbar);;;Nein;5,49;5,33;;;;;Nein;
Kleinanlagen_aggregiert;;;;;;;;BadenWuerttemberg;Deutschland;;;InBetrieb;Pumpspeicher;;;Nein;0,03;0,03;;;;;Nein;
Kleinanlagen_aggregiert;;;;;;;;RheinlandPfalz;Deutschland;;;vorl?ufig Stillgelegt;Sonstige Energietraeger (nicht erneuerbar);;;Nein;0;0;;;;;Nein;
Kleinanlagen_aggregiert;;;;;;;;Hessen;Deutschland;;;vorl?ufig Stillgelegt;Sonstige Energietraeger (nicht erneuerbar);;;Nein;0,53;0,53;;;;;Nein;
stillgelegte Anlagen;;;;;;;;BadenWuerttemberg;Deutschland;;;endg?ltig stillgelegt ohne ? 13b EnWG oder KVBG;Waerme;;;Nein;2,1;2,06;;;;;Nein;
Kleinanlagen_aggregiert;;;;;;;;Sachsen;Deutschland;;;vorl?ufig Stillgelegt;Erdgas;;;Nein;0,25;0,25;;;;;Nein;
stillgelegte Anlagen;;;;;;;;Hessen;Deutschland;;;endg?ltig stillgelegt ohne ? 13b EnWG oder KVBG;Braunkohle;;;Nein;1,7;1,51;;;;;Nein;
Kleinanlagen_aggregiert;;;;;;;;NordrheinWestfalen;Deutschland;;;InBetrieb;Waerme;;;Nein;18,02;17,13;;;;;Nein;
Kleinanlagen_aggregiert;;;;;;;;NordrheinWestfalen;Deutschland;;;vorl?ufig Stillgelegt;Wasser;;;Ja;0,7;0,7;;;;;Nein;
Kleinanlagen_aggregiert;;;;;;;;BadenWuerttemberg;Deutschland;;;vorl?ufig Stillgelegt;Wasser;;;Ja;2,89;2,7;;;;;Nein;
Kleinanlagen_aggregiert;;;;;;;;MecklenburgVorpommern;Deutschland;;;InBetrieb;Wasser;;;Ja;2,6;2,5;;;;;Nein;
stillgelegte Anlagen;;;;;;;;Sachsen;Deutschland;;;endg?ltig stillgelegt ohne ? 13b EnWG oder KVBG;Erdgas;;;Nein;44,9;42,44;;;;;Nein;
Kleinanlagen_aggregiert;;;;;;;;Bayern;Deutschland;;;vorl?ufig Stillgelegt;Steinkohle;;;Nein;3,37;3,25;;;;;Nein;
Kleinanlagen_aggregiert;;;;;;;;Saarland;Deutschland;;;InBetrieb;Waerme;;;Nein;1,41;1,41;;;;;Nein;
stillgelegte Anlagen;;;;;;;;Thueringen;Deutschland;;;endg?ltig stillgelegt ohne ? 13b EnWG oder KVBG;Erdgas;;;Nein;46,48;45,27;;;;;Nein;
Kleinanlagen_aggregiert;;;;;;;;MecklenburgVorpommern;Deutschland;;;InBetrieb;Pumpspeicher;;;Nein;0,01;0,01;;;;;Nein;
stillgelegte Anlagen;;;;;;;;RheinlandPfalz;Deutschland;;;endg?ltig stillgelegt ohne ? 13b EnWG oder KVBG;Erdgas;;;Nein;39,4;37,95;;;;;Nein;
Kleinanlagen_aggregiert;;;;;;;;NordrheinWestfalen;Deutschland;;;InBetrieb;Biomasse;;;Ja;826,39;809,53;;;;;Nein;
stillgelegte Anlagen;;;;;;;;NordrheinWestfalen;Deutschland;;;endg?ltig stillgelegt ohne ? 13b EnWG oder KVBG;Steinkohle;;;Nein;18;14,7;;;;;Nein;
Kleinanlagen_aggregiert;;;;;;;;Niedersachsen;Deutschland;;;vorl?ufig Stillgelegt;Biomasse;;;Ja;32,7;32,34;;;;;Nein;
Kleinanlagen_aggregiert;;;;;;;;Berlin;Deutschland;;;InBetrieb;Mineraloelprodukte;;;Nein;0,83;0,73;;;;;Nein;
Kleinanlagen_aggregiert;;;;;;;;SachsenAnhalt;Deutschland;;;vorl?ufig Stillgelegt;Waerme;;;Nein;0,02;0,02;;;;;Nein;
Kleinanlagen_aggregiert;;;;;;;;Hamburg;Deutschland;;;InBetrieb;Biomasse;;;Ja;33,13;29,83;;;;;Nein;
Kleinanlagen_aggregiert;;;;;;;;Brandenburg;Deutschland;;;vorl?ufig Stillgelegt;Erdgas;;;Nein;0,89;0,88;;;;;Nein;
Kleinanlagen_aggregiert;;;;;;;;RheinlandPfalz;Deutschland;;;vorl?ufig Stillgelegt;Mineraloelprodukte;;;Nein;2,01;2,01;;;;;Nein;
Kleinanlagen_aggregiert;;;;;;;;Hessen;Deutschland;;;vorl?ufig Stillgelegt;Mineraloelprodukte;;;Nein;0,44;0,39;;;;;Nein;
Kleinanlagen_aggregiert;;;;;;;;SachsenAnhalt;Deutschland;;;vorl?ufig Stillgelegt;Mineraloelprodukte;;;Nein;0,01;0,01;;;;;Nein;
Kleinanlagen_aggregiert;;;;;;;;SachsenAnhalt;Deutschland;;;InBetrieb;Braunkohle;;;Nein;0,27;0,07;;;;;Nein;
stillgelegte Anlagen;;;;;;;;Sachsen;Deutschland;;;endg?ltig stillgelegt ohne ? 13b EnWG oder KVBG;Braunkohle;;;Nein;1;1;;;;;Nein;
Kleinanlagen_aggregiert;;;;;;;;Bayern;Deutschland;;;InBetrieb;Abfall;;;Nein;60,35;40,49;;;;;Nein;
Kleinanlagen_aggregiert;;;;;;;;Brandenburg;Deutschland;;;InBetrieb;Abfall;;;Nein;1,1;1,1;;;;;Nein;
stillgelegte Anlagen;;;;;;;;Berlin;Deutschland;;;endg?ltig stillgelegt ohne ? 13b EnWG oder KVBG;Mineraloelprodukte;;;Nein;0,03;0,03;;;;;Nein;
Kleinanlagen_aggregiert;;;;;;;;Niedersachsen;Deutschland;;;InBetrieb;Biomasse;;;Ja;1673,52;1659,03;;;;;Nein;
Kleinanlagen_aggregiert;;;;;;;;NordrheinWestfalen;Deutschland;;;vorl?ufig Stillgelegt;Batteriespeicher;;;Nein;0,01;0,01;;;;;Nein;
Kleinanlagen_aggregiert;;;;;;;;Thueringen;Deutschland;;;InBetrieb;Erdgas;;;Nein;136,1;132,05;;;;;Nein;
Kleinanlagen_aggregiert;;;;;;;;SachsenAnhalt;Deutschland;;;vorl?ufig Stillgelegt;Biomasse;;;Ja;5,9;5,78;;;;;Nein;
Kleinanlagen_aggregiert;;;;;;;;Niedersachsen;Deutschland;;;InBetrieb;Mineraloelprodukte;;;Nein;74,41;70,58;;;;;Nein;
Kleinanlagen_aggregiert;;;;;;;;SchleswigHolstein;Deutschland;;;InBetrieb;Grubengas;;;Nein;0,12;0,12;;;;;Nein;
Kleinanlagen_aggregiert;;;;;;;;BadenWuerttemberg;Deutschland;;;InBetrieb;Waerme;;;Nein;18,21;16,84;;;;;Nein;
Kleinanlagen_aggregiert;;;;;;;;Niedersachsen;Deutschland;;;vorl?ufig Stillgelegt;Wasser;;;Ja;0,18;0;;;;;Nein;
Kleinanlagen_aggregiert;;;;;;;;Bayern;Deutschland;;;InBetrieb;Mineraloelprodukte;;;Nein;73,29;69,8;;;;;Nein;
stillgelegte Anlagen;;;;;;;;Hessen;Deutschland;;;endg?ltig stillgelegt ohne ? 13b EnWG oder KVBG;Waerme;;;Nein;0;0;;;;;Nein;
stillgelegte Anlagen;;;;;;;;SchleswigHolstein;Deutschland;;;endg?ltig stillgelegt ohne ? 13b EnWG oder KVBG;Erdgas;;;Nein;20,67;20,27;;;;;Nein;
Kleinanlagen_aggregiert;;;;;;;;Brandenburg;Deutschland;;;InBetrieb;Mineraloelprodukte;;;Nein;1,45;1,4;;;;;Nein;
Kleinanlagen_aggregiert;;;;;;;;Bayern;Deutschland;;;vorl?ufig Stillgelegt;Wasser;;;Ja;0,67;0,64;;;;;Nein;
Kleinanlagen_aggregiert;;;;;;;;Thueringen;Deutschland;;;InBetrieb;Grubengas;;;Nein;0,81;0,81;;;;;Nein;
stillgelegte Anlagen;;;;;;;;RheinlandPfalz;Deutschland;;;endg?ltig stillgelegt ohne ? 13b EnWG oder KVBG;Waerme;;;Nein;0,36;0,36;;;;;Nein;
Kleinanlagen_aggregiert;;;;;;;;RheinlandPfalz;Deutschland;;;InBetrieb;Batteriespeicher;;;Nein;26,4;25,75;;;;;Nein;
stillgelegte Anlagen;;;;;;;;SachsenAnhalt;Deutschland;;;endg?ltig stillgelegt ohne ? 13b EnWG oder KVBG;Wasser;;;Ja;0;0;;;;;Nein;
Kleinanlagen_aggregiert;;;;;;;;RheinlandPfalz;Deutschland;;;InBetrieb;Grubengas;;;Nein;0,12;0,12;;;;;Nein;
Kleinanlagen_aggregiert;;;;;;;;NordrheinWestfalen;Deutschland;;;InBetrieb;Wasserstoff;;;Nein;2,88;2,88;;;;;Nein;
Kleinanlagen_aggregiert;;;;;;;;Sachsen;Deutschland;;;InBetrieb;Batteriespeicher;;;Nein;100,68;97,57;;;;;Nein;
Kleinanlagen_aggregiert;;;;;;;;MecklenburgVorpommern;Deutschland;;;InBetrieb;Erdgas;;;Nein;76,46;73,91;;;;;Nein;
Kleinanlagen_aggregiert;;;;;;;;BadenWuerttemberg;Deutschland;;;vorl?ufig Stillgelegt;Sonstige Energietraeger (nicht erneuerbar);;;Nein;0,53;0,53;;;;;Nein;
Kleinanlagen_aggregiert;;;;;;;;Bremen;Deutschland;;;InBetrieb;Erdgas;;;Nein;37,38;36,07;;;;;Nein;
Kleinanlagen_aggregiert;;;;;;;;Niedersachsen;Deutschland;;;vorl?ufig Stillgelegt;Erdgas;;;Nein;3,24;3,21;;;;;Nein;
stillgelegte Anlagen;;;;;;;;Bayern;Deutschland;;;endg?ltig stillgelegt ohne ? 13b EnWG oder KVBG;Mineraloelprodukte;;;Nein;14,59;14,19;;;;;Nein;
stillgelegte Anlagen;;;;;;;;Thueringen;Deutschland;;;endg?ltig stillgelegt ohne ? 13b EnWG oder KVBG;Biomasse;;;Ja;23,98;23,6;;;;;Nein;
stillgelegte Anlagen;;;;;;;;RheinlandPfalz;Deutschland;;;endg?ltig stillgelegt ohne ? 13b EnWG oder KVBG;Wasser;;;Ja;0,08;0,07;;;;;Nein;
stillgelegte Anlagen;;;;;;;;Saarland;Deutschland;;;endg?ltig stillgelegt ohne ? 13b EnWG oder KVBG;Mineraloelprodukte;;;Nein;0,39;0,39;;;;;Nein;
Kleinanlagen_aggregiert;;;;;;;;Hessen;Deutschland;;;InBetrieb;Grubengas;;;Nein;2,06;2,03;;;;;Nein;
Kleinanlagen_aggregiert;;;;;;;;SachsenAnhalt;Deutschland;;;InBetrieb;Batteriespeicher;;;Nein;36,92;36,58;;;;;Nein;
stillgelegte Anlagen;;;;;;;;NordrheinWestfalen;Deutschland;;;endg?ltig stillgelegt ohne ? 13b EnWG oder KVBG;Abfall;;;Nein;2,33;2,33;;;;;Nein;
Kleinanlagen_aggregiert;;;;;;;;Hamburg;Deutschland;;;vorl?ufig Stillgelegt;Batteriespeicher;;;Nein;2,72;2,72;;;;;Nein;
stillgelegte Anlagen;;;;;;;;Sachsen;Deutschland;;;endg?ltig stillgelegt ohne ? 13b EnWG oder KVBG;Sonstige Energietraeger (nicht erneuerbar);;;Nein;0,87;0,72;;;;;Nein;
stillgelegte Anlagen;;;;;;;;Brandenburg;Deutschland;;;endg?ltig stillgelegt ohne ? 13b EnWG oder KVBG;Sonstige Energietraeger (nicht erneuerbar);;;Nein;0,69;0,67;;;;;Nein;
Kleinanlagen_aggregiert;;;;;;;;Hamburg;Deutschland;;;InBetrieb;Erdgas;;;Nein;111,13;108,86;;;;;Nein;
Kleinanlagen_aggregiert;;;;;;;;Thueringen;Deutschland;;;InBetrieb;Wasser;;;Ja;36,42;34,08;;;;;Nein;
Kleinanlagen_aggregiert;;;;;;;;Thueringen;Deutschland;;;InBetrieb;Biomasse;;;Ja;205,27;201,36;;;;;Nein;
Kleinanlagen_aggregiert;;;;;;;;Bayern;Deutschland;;;InBetrieb;Biomasse;;;Ja;1832,98;1815,14;;;;;Nein;
Kleinanlagen_aggregiert;;;;;;;;Berlin;Deutschland;;;vorl?ufig Stillgelegt;Erdgas;;;Nein;2,33;2,33;;;;;Nein;
Kleinanlagen_aggregiert;;;;;;;;RheinlandPfalz;Deutschland;;;InBetrieb;Geothermie;;;Ja;7,8;4,9;;;;;Nein;
stillgelegte Anlagen;;;;;;;;Hessen;Deutschland;;;endg?ltig stillgelegt ohne ? 13b EnWG oder KVBG;Wasser;;;Ja;0,15;0,11;;;;;Nein;
stillgelegte Anlagen;;;;;;;;Thueringen;Deutschland;;;endg?ltig stillgelegt ohne ? 13b EnWG oder KVBG;Waerme;;;Nein;9,65;9,51;;;;;Nein;
Kleinanlagen_aggregiert;;;;;;;;SchleswigHolstein;Deutschland;;;InBetrieb;Erdgas;;;Nein;183,15;180,05;;;;;Nein;
stillgelegte Anlagen;;;;;;;;Sachsen;Deutschland;;;endg?ltig stillgelegt ohne ? 13b EnWG oder KVBG;Batteriespeicher;;;Nein;0,08;0,08;;;;;Nein;
Kleinanlagen_aggregiert;;;;;;;;Sachsen;Deutschland;;;InBetrieb;Sonstige Energietraeger (nicht erneuerbar);;;Nein;6,84;6,47;;;;;Nein;
Kleinanlagen_aggregiert;;;;;;;;Bayern;Deutschland;;;vorl?ufig Stillgelegt;Waerme;;;Nein;0,02;0,02;;;;;Nein;
Kleinanlagen_aggregiert;;;;;;;;BadenWuerttemberg;Deutschland;;;InBetrieb;Abfall;;;Nein;0,41;0,41;;;;;Nein;
Kleinanlagen_aggregiert;;;;;;;;Bayern;Deutschland;;;vorl?ufig Stillgelegt;Biomasse;;;Ja;18,68;18,57;;;;;Nein;
Kleinanlagen_aggregiert;;;;;;;;Hessen;Deutschland;;;InBetrieb;Wasser;;;Ja;73,31;67,8;;;;;Nein;
Kleinanlagen_aggregiert;;;;;;;;RheinlandPfalz;Deutschland;;;InBetrieb;Wasser;;;Ja;45,18;44,52;;;;;Nein;
Kleinanlagen_aggregiert;;;;;;;;SchleswigHolstein;Deutschland;;;vorl?ufig Stillgelegt;Mineraloelprodukte;;;Nein;0,01;0,01;;;;;Nein;
stillgelegte Anlagen;;;;;;;;SachsenAnhalt;Deutschland;;;endg?ltig stillgelegt ohne ? 13b EnWG oder KVBG;Pumpspeicher;;;Nein;0;0;;;;;Nein;
Kleinanlagen_aggregiert;;;;;;;;Niedersachsen;Deutschland;;;InBetrieb;Wasserstoff;;;Nein;0;0;;;;;Nein;
Kleinanlagen_aggregiert;;;;;;;;;Oesterreich;;;InBetrieb;SolareStrahlungsenergie;;;Ja;0;0;;;;;Nein;
stillgelegte Anlagen;;;;;;;;Bayern;Deutschland;;;endg?ltig stillgelegt ohne ? 13b EnWG oder KVBG;SolareStrahlungsenergie;;;Ja;84,42;75,05;;;;;Nein;
Kleinanlagen_aggregiert;;;;;;;;Bayern;Deutschland;;;vorl?ufig Stillgelegt;SolareStrahlungsenergie;;;Ja;11,95;10,77;;;;;Nein;
stillgelegte Anlagen;;;;;;;;Berlin;Deutschland;;;endg?ltig stillgelegt ohne ? 13b EnWG oder KVBG;SolareStrahlungsenergie;;;Ja;5,2;4,33;;;;;Nein;
stillgelegte Anlagen;;;;;;;;Hessen;Deutschland;;;endg?ltig stillgelegt ohne ? 13b EnWG oder KVBG;SolareStrahlungsenergie;;;Ja;20,33;17,68;;;;;Nein;
Kleinanlagen_aggregiert;;;;;;;;Hessen;Deutschland;;;vorl?ufig Stillgelegt;SolareStrahlungsenergie;;;Ja;3,01;2,67;;;;;Nein;
stillgelegte Anlagen;;;;;;;;Sachsen;Deutschland;;;endg?ltig stillgelegt ohne ? 13b EnWG oder KVBG;SolareStrahlungsenergie;;;Ja;7,81;6,79;;;;;Nein;
Kleinanlagen_aggregiert;;;;;;;;Sachsen;Deutschland;;;vorl?ufig Stillgelegt;SolareStrahlungsenergie;;;Ja;1,66;1,47;;;;;Nein;
Kleinanlagen_aggregiert;;;;;;;;Thueringen;Deutschland;;;InBetrieb;SolareStrahlungsenergie;;;Ja;3441,66;3040,87;;;;;Nein;
Kleinanlagen_aggregiert;;;;;;;;Brandenburg;Deutschland;;;InBetrieb;SolareStrahlungsenergie;;;Ja;9583,57;8393,71;;;;;Nein;
Kleinanlagen_aggregiert;;;;;;;;Saarland;Deutschland;;;vorl?ufig Stillgelegt;SolareStrahlungsenergie;;;Ja;0,48;0,45;;;;;Nein;
stillgelegte Anlagen;;;;;;;;SachsenAnhalt;Deutschland;;;endg?ltig stillgelegt ohne ? 13b EnWG oder KVBG;SolareStrahlungsenergie;;;Ja;15,84;13,86;;;;;Nein;
Kleinanlagen_aggregiert;;;;;;;;SachsenAnhalt;Deutschland;;;vorl?ufig Stillgelegt;SolareStrahlungsenergie;;;Ja;1,32;1,22;;;;;Nein;
Kleinanlagen_aggregiert;;;;;;;;Brandenburg;Deutschland;;;vorl?ufig Stillgelegt;SolareStrahlungsenergie;;;Ja;1;0,84;;;;;Nein;
Kleinanlagen_aggregiert;;;;;;;;MecklenburgVorpommern;Deutschland;;;InBetrieb;SolareStrahlungsenergie;;;Ja;5336,07;4662,31;;;;;Nein;
Kleinanlagen_aggregiert;;;;;;;;;Daenemark;;;InBetrieb;SolareStrahlungsenergie;;;Ja;49,68;33,92;;;;;Nein;
Kleinanlagen_aggregiert;;;;;;;;;Schweiz;;;InBetrieb;SolareStrahlungsenergie;;;Ja;0,07;0,06;;;;;Nein;
stillgelegte Anlagen;;;;;;;;Bremen;Deutschland;;;endg?ltig stillgelegt ohne ? 13b EnWG oder KVBG;SolareStrahlungsenergie;;;Ja;0,61;0,53;;;;;Nein;
Kleinanlagen_aggregiert;;;;;;;;Bremen;Deutschland;;;InBetrieb;SolareStrahlungsenergie;;;Ja;207,44;181,3;;;;;Nein;
Kleinanlagen_aggregiert;;;;;;;;Niedersachsen;Deutschland;;;vorl?ufig Stillgelegt;SolareStrahlungsenergie;;;Ja;2,43;2,06;;;;;Nein;
Kleinanlagen_aggregiert;;;;;;;;NordrheinWestfalen;Deutschland;;;vorl?ufig Stillgelegt;SolareStrahlungsenergie;;;Ja;7,81;7,07;;;;;Nein;
Kleinanlagen_aggregiert;;;;;;;;BadenWuerttemberg;Deutschland;;;vorl?ufig Stillgelegt;SolareStrahlungsenergie;;;Ja;5,96;5,22;;;;;Nein;
Kleinanlagen_aggregiert;;;;;;;;Berlin;Deutschland;;;InBetrieb;SolareStrahlungsenergie;;;Ja;533,77;458,81;;;;;Nein;
stillgelegte Anlagen;;;;;;;;Brandenburg;Deutschland;;;endg?ltig stillgelegt ohne ? 13b EnWG oder KVBG;SolareStrahlungsenergie;;;Ja;9,75;8,56;;;;;Nein;
Kleinanlagen_aggregiert;;;;;;;;RheinlandPfalz;Deutschland;;;vorl?ufig Stillgelegt;SolareStrahlungsenergie;;;Ja;3,59;3,25;;;;;Nein;
stillgelegte Anlagen;;;;;;;;BadenWuerttemberg;Deutschland;;;endg?ltig stillgelegt ohne ? 13b EnWG oder KVBG;SolareStrahlungsenergie;;;Ja;57,9;51,39;;;;;Nein;
Kleinanlagen_aggregiert;;;;;;;;BadenWuerttemberg;Deutschland;;;InBetrieb;SolareStrahlungsenergie;;;Ja;15499,19;13866,51;;;;;Nein;
stillgelegte Anlagen;;;;;;;;Niedersachsen;Deutschland;;;endg?ltig stillgelegt ohne ? 13b EnWG oder KVBG;SolareStrahlungsenergie;;;Ja;34,44;29,57;;;;;Nein;
Kleinanlagen_aggregiert;;;;;;;;Niedersachsen;Deutschland;;;InBetrieb;SolareStrahlungsenergie;;;Ja;11059,28;9911;;;;;Nein;
stillgelegte Anlagen;;;;;;;;NordrheinWestfalen;Deutschland;;;endg?ltig stillgelegt ohne ? 13b EnWG oder KVBG;SolareStrahlungsenergie;;;Ja;47,69;41,07;;;;;Nein;
Kleinanlagen_aggregiert;;;;;;;;NordrheinWestfalen;Deutschland;;;InBetrieb;SolareStrahlungsenergie;;;Ja;15157,39;13440,64;;;;;Nein;
stillgelegte Anlagen;;;;;;;;RheinlandPfalz;Deutschland;;;endg?ltig stillgelegt ohne ? 13b EnWG oder KVBG;SolareStrahlungsenergie;;;Ja;17,69;15,8;;;;;Nein;
Kleinanlagen_aggregiert;;;;;;;;RheinlandPfalz;Deutschland;;;InBetrieb;SolareStrahlungsenergie;;;Ja;6324,77;5575,2;;;;;Nein;
Kleinanlagen_aggregiert;;;;;;;;SchleswigHolstein;Deutschland;;;vorl?ufig Stillgelegt;SolareStrahlungsenergie;;;Ja;0,87;0,73;;;;;Nein;
Kleinanlagen_aggregiert;;;;;;;;Saarland;Deutschland;;;InBetrieb;SolareStrahlungsenergie;;;Ja;1256,08;1107,71;;;;;Nein;
Kleinanlagen_aggregiert;;;;;;;;SachsenAnhalt;Deutschland;;;InBetrieb;SolareStrahlungsenergie;;;Ja;6210,19;5454,6;;;;;Nein;
Kleinanlagen_aggregiert;;;;;;;;Bayern;Deutschland;;;InBetrieb;SolareStrahlungsenergie;;;Ja;33196,83;29776,3;;;;;Nein;
Kleinanlagen_aggregiert;;;;;;;;Bremen;Deutschland;;;vorl?ufig Stillgelegt;SolareStrahlungsenergie;;;Ja;0,05;0,04;;;;;Nein;
Kleinanlagen_aggregiert;;;;;;;;Hamburg;Deutschland;;;vorl?ufig Stillgelegt;SolareStrahlungsenergie;;;Ja;0,23;0,21;;;;;Nein;
Kleinanlagen_aggregiert;;;;;;;;Hessen;Deutschland;;;InBetrieb;SolareStrahlungsenergie;;;Ja;5776,7;5119,33;;;;;Nein;
stillgelegte Anlagen;;;;;;;;MecklenburgVorpommern;Deutschland;;;endg?ltig stillgelegt ohne ? 13b EnWG oder KVBG;SolareStrahlungsenergie;;;Ja;9,2;8,1;;;;;Nein;
stillgelegte Anlagen;;;;;;;;Saarland;Deutschland;;;endg?ltig stillgelegt ohne ? 13b EnWG oder KVBG;SolareStrahlungsenergie;;;Ja;2,4;2,17;;;;;Nein;
Kleinanlagen_aggregiert;;;;;;;;Sachsen;Deutschland;;;InBetrieb;SolareStrahlungsenergie;;;Ja;5681,76;4896,21;;;;;Nein;
Kleinanlagen_aggregiert;;;;;;;;Thueringen;Deutschland;;;vorl?ufig Stillgelegt;SolareStrahlungsenergie;;;Ja;4,17;3,63;;;;;Nein;
Kleinanlagen_aggregiert;;;;;;;;Berlin;Deutschland;;;vorl?ufig Stillgelegt;SolareStrahlungsenergie;;;Ja;1,76;1,02;;;;;Nein;
stillgelegte Anlagen;;;;;;;;Hamburg;Deutschland;;;endg?ltig stillgelegt ohne ? 13b EnWG oder KVBG;SolareStrahlungsenergie;;;Ja;2,01;1,73;;;;;Nein;
Kleinanlagen_aggregiert;;;;;;;;Hamburg;Deutschland;;;InBetrieb;SolareStrahlungsenergie;;;Ja;285,59;249,54;;;;;Nein;
Kleinanlagen_aggregiert;;;;;;;;MecklenburgVorpommern;Deutschland;;;vorl?ufig Stillgelegt;SolareStrahlungsenergie;;;Ja;1,94;1,89;;;;;Nein;
stillgelegte Anlagen;;;;;;;;SchleswigHolstein;Deutschland;;;endg?ltig stillgelegt ohne ? 13b EnWG oder KVBG;SolareStrahlungsenergie;;;Ja;41,78;34,55;;;;;Nein;
Kleinanlagen_aggregiert;;;;;;;;SchleswigHolstein;Deutschland;;;InBetrieb;SolareStrahlungsenergie;;;Ja;5106,29;4466,46;;;;;Nein;
stillgelegte Anlagen;;;;;;;;Thueringen;Deutschland;;;endg?ltig stillgelegt ohne ? 13b EnWG oder KVBG;SolareStrahlungsenergie;;;Ja;6,98;6,03;;;;;Nein;
stillgelegte Anlagen;;;;;;;;BadenWuerttemberg;Deutschland;;;endg?ltig stillgelegt ohne ? 13b EnWG oder KVBG;Wind (onshore);;;Ja;44,16;44,16;;;;;Nein;
stillgelegte Anlagen;;;;;;;;Bayern;Deutschland;;;endg?ltig stillgelegt ohne ? 13b EnWG oder KVBG;Wind (onshore);;;Ja;13,46;13,46;;;;;Nein;
Kleinanlagen_aggregiert;;;;;;;;BadenWuerttemberg;Deutschland;;;vorl?ufig Stillgelegt;Wind (onshore);;;Ja;2,93;2,93;;;;;Nein;
Kleinanlagen_aggregiert;;;;;;;;Bayern;Deutschland;;;vorl?ufig Stillgelegt;Wind (onshore);;;Ja;0,04;0,04;;;;;Nein;
Kleinanlagen_aggregiert;;;;;;;;BadenWuerttemberg;Deutschland;;;InBetrieb;Wind (onshore);;;Ja;2246,17;2246,17;;;;;Nein;
Kleinanlagen_aggregiert;;;;;;;;Bayern;Deutschland;;;InBetrieb;Wind (onshore);;;Ja;2810,07;2810,07;;;;;Nein;
Kleinanlagen_aggregiert;;;;;;;;Brandenburg;Deutschland;;;vorl?ufig Stillgelegt;Wind (onshore);;;Ja;6,64;6,64;;;;;Nein;
Kleinanlagen_aggregiert;;;;;;;;Berlin;Deutschland;;;InBetrieb;Wind (onshore);;;Ja;16,57;16,57;;;;;Nein;
stillgelegte Anlagen;;;;;;;;Brandenburg;Deutschland;;;endg?ltig stillgelegt ohne ? 13b EnWG oder KVBG;Wind (onshore);;;Ja;276,24;276,24;;;;;Nein;
stillgelegte Anlagen;;;;;;;;Berlin;Deutschland;;;endg?ltig stillgelegt ohne ? 13b EnWG oder KVBG;Wind (onshore);;;Ja;0;0;;;;;Nein;
stillgelegte Anlagen;;;;;;;;Hamburg;Deutschland;;;endg?ltig stillgelegt ohne ? 13b EnWG oder KVBG;Wind (onshore);;;Ja;3,8;3,8;;;;;Nein;
Kleinanlagen_aggregiert;;;;;;;;Brandenburg;Deutschland;;;InBetrieb;Wind (onshore);;;Ja;9646,51;9646,51;;;;;Nein;
Kleinanlagen_aggregiert;;;;;;;;Hessen;Deutschland;;;vorl?ufig Stillgelegt;Wind (onshore);;;Ja;5,5;5,5;;;;;Nein;
stillgelegte Anlagen;;;;;;;;Hessen;Deutschland;;;endg?ltig stillgelegt ohne ? 13b EnWG oder KVBG;Wind (onshore);;;Ja;38,58;38,58;;;;;Nein;
Kleinanlagen_aggregiert;;;;;;;;Hessen;Deutschland;;;InBetrieb;Wind (onshore);;;Ja;2913,55;2913,55;;;;;Nein;
Kleinanlagen_aggregiert;;;;;;;;Bremen;Deutschland;;;InBetrieb;Wind (onshore);;;Ja;191,31;191,31;;;;;Nein;
Kleinanlagen_aggregiert;;;;;;;;Niedersachsen;Deutschland;;;InBetrieb;Wind (onshore);;;Ja;14335,72;14335,72;;;;;Nein;
stillgelegte Anlagen;;;;;;;;MecklenburgVorpommern;Deutschland;;;endg?ltig stillgelegt ohne ? 13b EnWG oder KVBG;Wind (onshore);;;Ja;125,01;125,01;;;;;Nein;
Kleinanlagen_aggregiert;;;;;;;;MecklenburgVorpommern;Deutschland;;;InBetrieb;Wind (offshore);;;Ja;305,48;305,48;;;;;Nein;
Kleinanlagen_aggregiert;;;;;;;;Nordsee;Deutschland;;;InBetrieb;Wind (offshore);;;Ja;8548,32;8548,32;;;;;Nein;
;;;;;;;;Ostsee;Deutschland;;;InBetrieb;Wind (offshore);;;Ja;1522,75;1522,75;;;;;;
Kleinanlagen_aggregiert;;;;;;;;Hamburg;Deutschland;;;InBetrieb;Wind (onshore);;;Ja;122,31;122,31;;;;;Nein;
stillgelegte Anlagen;;;;;;;;Bremen;Deutschland;;;endg?ltig stillgelegt ohne ? 13b EnWG oder KVBG;Wind (onshore);;;Ja;13,6;13,6;;;;;Nein;
Kleinanlagen_aggregiert;;;;;;;;MecklenburgVorpommern;Deutschland;;;InBetrieb;Wind (onshore);;;Ja;4120,62;4120,62;;;;;Nein;
Kleinanlagen_aggregiert;;;;;;;;Niedersachsen;Deutschland;;;InBetrieb;Wind (offshore);;;Ja;224,1;224,1;;;;;Nein;
Kleinanlagen_aggregiert;;;;;;;;Niedersachsen;Deutschland;;;vorl?ufig Stillgelegt;Wind (onshore);;;Ja;4,27;4,27;;;;;Nein;
stillgelegte Anlagen;;;;;;;;NordrheinWestfalen;Deutschland;;;endg?ltig stillgelegt ohne ? 13b EnWG oder KVBG;Wind (onshore);;;Ja;455,46;455,46;;;;;Nein;
stillgelegte Anlagen;;;;;;;;RheinlandPfalz;Deutschland;;;endg?ltig stillgelegt ohne ? 13b EnWG oder KVBG;Wind (onshore);;;Ja;193,83;193,83;;;;;Nein;
Kleinanlagen_aggregiert;;;;;;;;MecklenburgVorpommern;Deutschland;;;vorl?ufig Stillgelegt;Wind (onshore);;;Ja;5,3;5,3;;;;;Nein;
Kleinanlagen_aggregiert;;;;;;;;Saarland;Deutschland;;;InBetrieb;Wind (onshore);;;Ja;566,64;566,64;;;;;Nein;
stillgelegte Anlagen;;;;;;;;Niedersachsen;Deutschland;;;endg?ltig stillgelegt ohne ? 13b EnWG oder KVBG;Wind (onshore);;;Ja;885,39;885,39;;;;;Nein;
Kleinanlagen_aggregiert;;;;;;;;RheinlandPfalz;Deutschland;;;vorl?ufig Stillgelegt;Wind (onshore);;;Ja;8;8;;;;;Nein;
Kleinanlagen_aggregiert;;;;;;;;NordrheinWestfalen;Deutschland;;;InBetrieb;Wind (onshore);;;Ja;9538,83;9538,83;;;;;Nein;
stillgelegte Anlagen;;;;;;;;SchleswigHolstein;Deutschland;;;endg?ltig stillgelegt ohne ? 13b EnWG oder KVBG;Wind (onshore);;;Ja;640,64;640,64;;;;;Nein;
stillgelegte Anlagen;;;;;;;;Sachsen;Deutschland;;;endg?ltig stillgelegt ohne ? 13b EnWG oder KVBG;Wind (onshore);;;Ja;65,49;65,49;;;;;Nein;
Kleinanlagen_aggregiert;;;;;;;;SachsenAnhalt;Deutschland;;;InBetrieb;Wind (onshore);;;Ja;5706,62;5706,62;;;;;Nein;
Kleinanlagen_aggregiert;;;;;;;;NordrheinWestfalen;Deutschland;;;vorl?ufig Stillgelegt;Wind (onshore);;;Ja;2,8;2,8;;;;;Nein;
stillgelegte Anlagen;;;;;;;;Saarland;Deutschland;;;endg?ltig stillgelegt ohne ? 13b EnWG oder KVBG;Wind (onshore);;;Ja;14,2;14,2;;;;;Nein;
Kleinanlagen_aggregiert;;;;;;;;SchleswigHolstein;Deutschland;;;vorl?ufig Stillgelegt;Wind (onshore);;;Ja;0,01;0,01;;;;;Nein;
Kleinanlagen_aggregiert;;;;;;;;SchleswigHolstein;Deutschland;;;InBetrieb;Wind (onshore);;;Ja;9949,55;9949,55;;;;;Nein;
Kleinanlagen_aggregiert;;;;;;;;Sachsen;Deutschland;;;vorl?ufig Stillgelegt;Wind (onshore);;;Ja;2,31;2,31;;;;;Nein;
Kleinanlagen_aggregiert;;;;;;;;Thueringen;Deutschland;;;vorl?ufig Stillgelegt;Wind (onshore);;;Ja;0,01;0,01;;;;;Nein;
Kleinanlagen_aggregiert;;;;;;;;RheinlandPfalz;Deutschland;;;InBetrieb;Wind (onshore);;;Ja;4381,76;4381,76;;;;;Nein;
Kleinanlagen_aggregiert;;;;;;;;Sachsen;Deutschland;;;InBetrieb;Wind (onshore);;;Ja;1440,47;1440,47;;;;;Nein;
stillgelegte Anlagen;;;;;;;;Thueringen;Deutschland;;;endg?ltig stillgelegt ohne ? 13b EnWG oder KVBG;Wind (onshore);;;Ja;79,7;79,7;;;;;Nein;
stillgelegte Anlagen;;;;;;;;SachsenAnhalt;Deutschland;;;endg?ltig stillgelegt ohne ? 13b EnWG oder KVBG;Wind (onshore);;;Ja;520,77;520,77;;;;;Nein;
Kleinanlagen_aggregiert;;;;;;;;Thueringen;Deutschland;;;InBetrieb;Wind (onshore);;;Ja;1910,07;1910,07;;;;;Nein;
stillgelegte Anlagen;BNA0302;;Frimmersdorf;41517;Frimmersdorf;;;NordrheinWestfalen;Deutschland;1957;2011;endg?ltig stillgelegt ohne ? 13b EnWG oder KVBG;Braunkohle;;Nein;Nein;146;129;;;;;Nein;
stillgelegte Anlagen;BNA0303;;Frimmersdorf;41517;Frimmersdorf;;;NordrheinWestfalen;Deutschland;1957;2011;endg?ltig stillgelegt ohne ? 13b EnWG oder KVBG;Braunkohle;;Nein;Nein;147;130;;;;;Nein;
stillgelegte Anlagen;BNA0304;;Frimmersdorf;41517;Frimmersdorf;;;NordrheinWestfalen;Deutschland;1960;2011;endg?ltig stillgelegt ohne ? 13b EnWG oder KVBG;Braunkohle;;Nein;Nein;143;124;;;;;Nein;
stillgelegte Anlagen;BNA0414;;Westfalen;59071;Hamm-Uentrop;;;NordrheinWestfalen;Deutschland;1963;2011;endg?ltig stillgelegt ohne ? 13b EnWG oder KVBG;Steinkohle;;Nein;Nein;160;152;;;;;Nein;
stillgelegte Anlagen;BNA0415;;Westfalen;59071;Hamm-Uentrop;;;NordrheinWestfalen;Deutschland;1963;2011;endg?ltig stillgelegt ohne ? 13b EnWG oder KVBG;Steinkohle;;Nein;Nein;160;152;;;;;Nein;
stillgelegte Anlagen;BNA0011;;Papierfabrik Albbruck;79774;Albbruck;;;BadenWuerttemberg;Deutschland;2009;2012;endg?ltig stillgelegt ohne ? 13b EnWG oder KVBG;Steinkohle;;Ja;Nein;28;28;;;;;Nein;
stillgelegte Anlagen;BNA1337a;;Heizkraftwerk;63741;Aschaffenburg;Weichertstr.;;Bayern;Deutschland;;2012;endg?ltig stillgelegt ohne ? 13b EnWG oder KVBG;Erdgas;;Ja;Nein;27,29;27;;;;;Nein;
stillgelegte Anlagen;BNA0710;;Niederau?em;50129;Bergheim;;;NordrheinWestfalen;Deutschland;1963;2012;endg?ltig stillgelegt ohne ? 13b EnWG oder KVBG;Braunkohle;;Nein;Nein;140;125;;;;;Nein;
stillgelegte Anlagen;BNA0711;;Niederau?em;50129;Bergheim;;;NordrheinWestfalen;Deutschland;1963;2012;endg?ltig stillgelegt ohne ? 13b EnWG oder KVBG;Braunkohle;;Nein;Nein;140;125;;;;;Nein;
stillgelegte Anlagen;BNA0118;;Heizkraftwerk S?d;53121;Bonn;;;NordrheinWestfalen;Deutschland;1969;2012;endg?ltig stillgelegt ohne ? 13b EnWG oder KVBG;Erdgas;;Ja;Nein;15,7;14,4;;;;;Nein;
stillgelegte Anlagen;BNA0212;;HKW II/B;47053;Duisburg;Zirkelstra?e;;NordrheinWestfalen;Deutschland;1965;2012;endg?ltig stillgelegt ohne ? 13b EnWG oder KVBG;Steinkohle;;Ja;Nein;144;133;;;;;Nein;
stillgelegte Anlagen;BNA1021;;Weisweiler;52249;Eschweiler-Weisweiler;;;NordrheinWestfalen;Deutschland;1955;2012;endg?ltig stillgelegt ohne ? 13b EnWG oder KVBG;Braunkohle;;Ja;Nein;146;123;;;;;Nein;
stillgelegte Anlagen;BNA1022;;Weisweiler;52249;Eschweiler-Weisweiler;;;NordrheinWestfalen;Deutschland;1959;2012;endg?ltig stillgelegt ohne ? 13b EnWG oder KVBG;Braunkohle;;Nein;Nein;155;135;;;;;Nein;
stillgelegte Anlagen;BNA0269;;HKW Flensburg;24939;Flensburg;Batteriestr.;;SchleswigHolstein;Deutschland;1974;2012;endg?ltig stillgelegt ohne ? 13b EnWG oder KVBG;Mineraloelprodukte;;Ja;Nein;30;30;;;;;Nein;
stillgelegte Anlagen;BNA0307;;Frimmersdorf;41517;Frimmersdorf;;;NordrheinWestfalen;Deutschland;1960;2012;endg?ltig stillgelegt ohne ? 13b EnWG oder KVBG;Braunkohle;;Nein;Nein;144;128;;;;;Nein;
stillgelegte Anlagen;BNA0308;;Frimmersdorf;41517;Frimmersdorf;;;NordrheinWestfalen;Deutschland;1962;2012;endg?ltig stillgelegt ohne ? 13b EnWG oder KVBG;Braunkohle;;Nein;Nein;152;136;;;;;Nein;
stillgelegte Anlagen;BNA0305;;Frimmersdorf;41517;Grevenbroich-Frimmersdorf;;;NordrheinWestfalen;Deutschland;1959;2012;endg?ltig stillgelegt ohne ? 13b EnWG oder KVBG;Braunkohle;;Nein;Nein;146;130;;;;;Nein;
stillgelegte Anlagen;BNA0306;;Frimmersdorf;41517;Grevenbroich-Frimmersdorf;;;NordrheinWestfalen;Deutschland;1960;2012;endg?ltig stillgelegt ohne ? 13b EnWG oder KVBG;Braunkohle;;Nein;Nein;151;132;;;;;Nein;
stillgelegte Anlagen;BNA0309;;Frimmersdorf;41517;Grevenbroich-Frimmersdorf;;;NordrheinWestfalen;Deutschland;1964;2012;endg?ltig stillgelegt ohne ? 13b EnWG oder KVBG;Braunkohle;;Nein;Nein;153;135;;;;;Nein;
stillgelegte Anlagen;BNA0310;;Frimmersdorf;41517;Grevenbroich-Frimmersdorf;;;NordrheinWestfalen;Deutschland;1962;2012;endg?ltig stillgelegt ohne ? 13b EnWG oder KVBG;Braunkohle;;Nein;Nein;155;138;;;;;Nein;
stillgelegte Anlagen;BNA0311;;Frimmersdorf;41517;Grevenbroich-Frimmersdorf;;;NordrheinWestfalen;Deutschland;1962;2012;endg?ltig stillgelegt ohne ? 13b EnWG oder KVBG;Braunkohle;;Nein;Nein;147;131;;;;;Nein;
stillgelegte Anlagen;BNA0312;;Frimmersdorf;41517;Grevenbroich-Frimmersdorf;;;NordrheinWestfalen;Deutschland;1964;2012;endg?ltig stillgelegt ohne ? 13b EnWG oder KVBG;Braunkohle;;Nein;Nein;149;133;;;;;Nein;
stillgelegte Anlagen;BNA0376;;Staudinger;63538;Gro?krotzenburg;;;Hessen;Deutschland;1970;2012;endg?ltig stillgelegt ohne ? 13b EnWG oder KVBG;Steinkohle;;Nein;Nein;320;293;;;;;Nein;
stillgelegte Anlagen;BNA0639;;HKW Mannheim;68169;Mannheim;Otto-Hahn-Stra?e;;BadenWuerttemberg;Deutschland;1977;2012;endg?ltig stillgelegt ohne ? 13b EnWG oder KVBG;Abfall;;Ja;Nein;9;5,56;;;;;Nein;
stillgelegte Anlagen;BNA0812;;Kraftwerk Veltheim;32457;Porta Westfalica;;;NordrheinWestfalen;Deutschland;1965;2012;endg?ltig stillgelegt ohne ? 13b EnWG oder KVBG;Steinkohle;;Nein;Nein;100;93;;;;;Nein;
stillgelegte Anlagen;BNA0913;;GuD Anlage Spreetal;2979;Spreetal;S?dstra?e;;Sachsen;Deutschland;2009;2012;endg?ltig stillgelegt ohne ? 13b EnWG oder KVBG;Erdgas;;Nein;Nein;55;50;;;;;Nein;
stillgelegte Anlagen;BNA0680;;Mumsdorf;4613;Mumsdorf;;;SachsenAnhalt;Deutschland;1968;2013;endg?ltig stillgelegt nach ? 13b EnWG;Braunkohle;;Ja;Nein;72;60;;;;;Nein;
stillgelegte Anlagen;BNA0059a;;HKW Kassel;34225;Baunatal;;;Hessen;Deutschland;1961;2013;endg?ltig stillgelegt ohne ? 13b EnWG oder KVBG;Erdgas;;Ja;Nein;13,2;12,2;;;;;Nein;
stillgelegte Anlagen;BNA0143;;KW Mittelsb?ren;28237;Bremen;Auf den Delben;;Bremen;Deutschland;1974;2013;endg?ltig stillgelegt ohne ? 13b EnWG oder KVBG;Sonstige Energietraeger (nicht erneuerbar);;Nein;Nein;110;110;;;;;Nein;
stillgelegte Anlagen;BNA0187;;Datteln;45711;Datteln;;;NordrheinWestfalen;Deutschland;1964;2013;endg?ltig stillgelegt ohne ? 13b EnWG oder KVBG;Steinkohle;;Ja;Nein;95;95;;;;;Nein;
stillgelegte Anlagen;BNA0188;;Datteln;45711;Datteln;;;NordrheinWestfalen;Deutschland;1964;2013;endg?ltig stillgelegt ohne ? 13b EnWG oder KVBG;Steinkohle;;Ja;Nein;95;95;;;;;Nein;
stillgelegte Anlagen;BNA0189;;Datteln;45711;Datteln;;;NordrheinWestfalen;Deutschland;1969;2013;endg?ltig stillgelegt ohne ? 13b EnWG oder KVBG;Steinkohle;;Nein;Nein;95;113;;;;;Nein;
stillgelegte Anlagen;BNA0375;;Staudinger;63538;Gro?krotzenburg;;;Hessen;Deutschland;1965;2013;endg?ltig stillgelegt ohne ? 13b EnWG oder KVBG;Steinkohle;;Ja;Nein;270;249;;;;;Nein;
stillgelegte Anlagen;BNA0448;;Shamrock;44653;Herne;;;NordrheinWestfalen;Deutschland;1957;2013;endg?ltig stillgelegt ohne ? 13b EnWG oder KVBG;Steinkohle;;Ja;Nein;162;132;;;;;Nein;
stillgelegte Anlagen;BNA0638;;HKW Mannheim;68169;Mannheim;Otto-Hahn-Stra?e;;BadenWuerttemberg;Deutschland;1966;2013;endg?ltig stillgelegt ohne ? 13b EnWG oder KVBG;Abfall;;Nein;Nein;4,5;2,78;;;;;Nein;
stillgelegte Anlagen;BNA1275;;Kraftwerk Weinheim;69469;Weinheim;H?hnerweg;;BadenWuerttemberg;Deutschland;2005;2013;endg?ltig stillgelegt ohne ? 13b EnWG oder KVBG;Erdgas;;Ja;Nein;21;21;;;;;Nein;
stillgelegte Anlagen;BNA1276;;Kraftwerk Weinheim;69469;Weinheim;H?hnerweg;;BadenWuerttemberg;Deutschland;1982;2013;endg?ltig stillgelegt ohne ? 13b EnWG oder KVBG;Erdgas;;Ja;Nein;21;21;;;;;Nein;
stillgelegte Anlagen;BNA0203;;Knepper;44357;Dortmund;;;NordrheinWestfalen;Deutschland;1971;2014;endg?ltig stillgelegt nach ? 13b EnWG;Steinkohle;;Ja;Nein;370;345;;;;;Nein;
stillgelegte Anlagen;BNA0215;;KW Walsum;47179;Duisburg;Dr. Wilhelm-Roelen-Str.;;NordrheinWestfalen;Deutschland;1959;2014;endg?ltig stillgelegt nach ? 13b EnWG;Steinkohle;;Nein;Nein;150;129;;;;;Nein;
stillgelegte Anlagen;BNA0333;;Scholven;45896;Gelsenkirchen;;;NordrheinWestfalen;Deutschland;1970;2014;endg?ltig stillgelegt nach ? 13b EnWG;Steinkohle;;Ja;Nein;370;345;;;;;Nein;
stillgelegte Anlagen;BNA0334;;Scholven;45896;Gelsenkirchen;;;NordrheinWestfalen;Deutschland;1971;2014;endg?ltig stillgelegt nach ? 13b EnWG;Steinkohle;;Ja;Nein;370;345;;;;;Nein;
stillgelegte Anlagen;BNA0335;;Scholven;45896;Gelsenkirchen;;;NordrheinWestfalen;Deutschland;1979;2014;endg?ltig stillgelegt nach ? 13b EnWG;Steinkohle;;Nein;Nein;740;676;;;;;Nein;
stillgelegte Anlagen;BNA0447;;KW Herne;44653;Herne;Hertener Str.;;NordrheinWestfalen;Deutschland;1963;2014;endg?ltig stillgelegt nach ? 13b EnWG;Steinkohle;;Nein;Nein;150;133;;;;;Nein;
stillgelegte Anlagen;BNA0918a;;Dow Stade;21683;Stade;B?tzflethersand;;Niedersachsen;Deutschland;1972;2014;endg?ltig stillgelegt nach ? 13b EnWG;Erdgas;;Ja;Nein;193;190;;;;;Nein;
stillgelegte Anlagen;BNA1035;;Kraftwerk Werdohl-Elverlingsen;58791;Werdohl;;;NordrheinWestfalen;Deutschland;1971;2014;endg?ltig stillgelegt nach ? 13b EnWG;Steinkohle;;Nein;Nein;200;186;;;;;Nein;
stillgelegte Anlagen;BNA1338;;Spitzenkraftwerk;94469;Deggendorf;Ruselbergstr.;;Bayern;Deutschland;1978;2014;endg?ltig stillgelegt ohne ? 13b EnWG oder KVBG;Mineraloelprodukte;;Ja;Nein;19,6;19;;;;;Nein;
stillgelegte Anlagen;BNA0933;;Heizkraftwerk Stuttgart-Gaisburg;70376;Stuttgart;Langwiesenweg;;BadenWuerttemberg;Deutschland;1973;2014;endg?ltig stillgelegt ohne ? 13b EnWG oder KVBG;Erdgas;;Nein;Nein;60;55;;;;;Nein;
stillgelegte Anlagen;BNA0099;;Gasturbinenkraftwerk Bielefeld Ummeln;33649;Bielefeld;;;NordrheinWestfalen;Deutschland;1975;2015;endg?ltig stillgelegt nach ? 13b EnWG;Erdgas;;Nein;Nein;55;55;;;;;Nein;
stillgelegte Anlagen;BNA0355;;Grafenrheinfeld;97506;Grafenrheinfeld;;;Bayern;Deutschland;1982;2015;endg?ltig stillgelegt nach ? 13b EnWG;Kernenergie;;Nein;Nein;1345;1275;;;;;Nein;
stillgelegte Anlagen;BNA0490b;;Goldenberg;50354;H?rth;;;NordrheinWestfalen;Deutschland;1993;2015;endg?ltig stillgelegt nach ? 13b EnWG;Braunkohle;;Ja;Nein;45;45;;;;;Nein;
stillgelegte Anlagen;BNA0642;;GKM ;68199;Mannheim;Marguerrestra?e;;BadenWuerttemberg;Deutschland;1966;2015;endg?ltig stillgelegt nach ? 13b EnWG;Steinkohle;;Ja;Nein;220;202,5;;;;;Nein;
stillgelegte Anlagen;BNA0643;;GKM ;68199;Mannheim;Marguerrestra?e;;BadenWuerttemberg;Deutschland;1970;2015;endg?ltig stillgelegt nach ? 13b EnWG;Steinkohle;;Ja;Nein;220;202,5;;;;;Nein;
stillgelegte Anlagen;BNA0681;;Freimann GT 1;80807;M?nchen;;;Bayern;Deutschland;1975;2015;endg?ltig stillgelegt nach ? 13b EnWG;Erdgas;;Ja;Nein;81;80;;;;;Nein;
stillgelegte Anlagen;BNA0682;;Freimann GT 2;80807;M?nchen;;;Bayern;Deutschland;1975;2015;endg?ltig stillgelegt nach ? 13b EnWG;Erdgas;;Nein;Nein;81;80;;;;;Nein;
stillgelegte Anlagen;BNA0813;;Kraftwerk Veltheim;32457;Porta Westfalica;;;NordrheinWestfalen;Deutschland;1970;2015;endg?ltig stillgelegt nach ? 13b EnWG;Steinkohle;;Nein;Nein;320;303;;;;;Nein;
stillgelegte Anlagen;BNA0810;;Kraftwerk Veltheim;32457;Porta Westfalica;;;NordrheinWestfalen;Deutschland;1974;2015;endg?ltig stillgelegt nach ? 13b EnWG;Erdgas;;Nein;Nein;65;65;;;;;Nein;
stillgelegte Anlagen;BNA0811;;Kraftwerk Veltheim;32457;Porta Westfalica;;;NordrheinWestfalen;Deutschland;1975;2015;endg?ltig stillgelegt nach ? 13b EnWG;Erdgas;;Nein;Nein;340;335;;;;;Nein;
stillgelegte Anlagen;BNA0922a;;GuD-Ikw Sta?furt;39418;Sta?furt;Athenslebener Weg;;SachsenAnhalt;Deutschland;1996;2015;endg?ltig stillgelegt ohne ? 13b EnWG oder KVBG;Erdgas;;Ja;Nein;9;9;;;;;Nein;
stillgelegte Anlagen;BNA0080;;Lichterfelde;12207;Berlin;Ostpreu?endamm;;Berlin;Deutschland;1973;2016;endg?ltig stillgelegt nach ? 13b EnWG;Erdgas;;Nein;Nein;150;144;;;;;Nein;
stillgelegte Anlagen;BNA0140;;KW Hastedt;28207;Bremen;Hastedter Osterdeich;;Bremen;Deutschland;1972;2016;endg?ltig stillgelegt nach ? 13b EnWG;Erdgas;;Nein;Nein;163;155;;;;;Nein;
stillgelegte Anlagen;BNA0145;;KW Hafen;28237;Bremen;Otavistr.;;Bremen;Deutschland;1968;2016;endg?ltig stillgelegt nach ? 13b EnWG;Steinkohle;;Nein;Nein;145;127;;;;;Nein;
stillgelegte Anlagen;BNA0273;;Heizkraftwerk FL;24939;Flensburg;Batteriestr.;;SchleswigHolstein;Deutschland;1982;2016;endg?ltig stillgelegt nach ? 13b EnWG;Steinkohle;;Nein;Nein;38;35;;;;;Nein;
stillgelegte Anlagen;BNA0274;;Heizkraftwerk FL;24939;Flensburg;Batteriestr.;;SchleswigHolstein;Deutschland;1978;2016;endg?ltig stillgelegt nach ? 13b EnWG;Steinkohle;;Nein;Nein;26;23;;;;;Nein;
stillgelegte Anlagen;BNA0289a;;HKW West;60627;Frankfurt am Main;Gutleutstra?e;;Hessen;Deutschland;1954;2016;endg?ltig stillgelegt nach ? 13b EnWG;Sonstige Energietraeger (nicht erneuerbar);;Nein;Nein;20;19,7;;;;;Nein;
stillgelegte Anlagen;BNA0413a;;Westfalen;59071;Hamm-Uentrop;;;NordrheinWestfalen;Deutschland;1969;2016;endg?ltig stillgelegt nach ? 13b EnWG;Steinkohle;;Nein;Nein;305;284;;;;;Nein;
stillgelegte Anlagen;BNA0735;;Thyrow;15806;Nunsdorf;;;Brandenburg;Deutschland;1989;2016;endg?ltig stillgelegt nach ? 13b EnWG;Erdgas;;Nein;Nein;38;37,5;;;;;Nein;
stillgelegte Anlagen;BNA0736;;Thyrow;15806;Nunsdorf;;;Brandenburg;Deutschland;1989;2016;endg?ltig stillgelegt nach ? 13b EnWG;Erdgas;;Nein;Nein;38;37,5;;;;;Nein;
stillgelegte Anlagen;BNA0737;;Thyrow;15806;Nunsdorf;;;Brandenburg;Deutschland;1989;2016;endg?ltig stillgelegt nach ? 13b EnWG;Erdgas;;Nein;Nein;38;37,5;;;;;Nein;
stillgelegte Anlagen;BNA0799;;Heizkraftwerk Pforzheim GmbH;75175;Pforzheim;Hohwiesenweg;;BadenWuerttemberg;Deutschland;1969;2016;endg?ltig stillgelegt nach ? 13b EnWG;Erdgas;;Nein;Nein;12,8;11,3;;;;;Nein;
stillgelegte Anlagen;BNA0413b;;Westfalen;59071;Hamm-Uentrop;;;NordrheinWestfalen;Deutschland;2014;2016;endg?ltig stillgelegt ohne ? 13b EnWG oder KVBG;Steinkohle;;Nein;Nein;800;765;;;;;Nein;
stillgelegte Anlagen;BNA1225;;PWG;82380;Pei?enberg;;;Bayern;Deutschland;1989;2016;endg?ltig stillgelegt ohne ? 13b EnWG oder KVBG;Erdgas;;Nein;Nein;5,5;5,3;;;;;Nein;
stillgelegte Anlagen;BNA1226;;PWG;82380;Pei?enberg;;;Bayern;Deutschland;1987;2016;endg?ltig stillgelegt ohne ? 13b EnWG oder KVBG;Erdgas;;Nein;Nein;5,5;5,3;;;;;Nein;
stillgelegte Anlagen;BNA0161;;Brunsb?ttel;25541;Brunsb?ttel;Otto Hahn Str.;;SchleswigHolstein;Deutschland;1973;2017;endg?ltig stillgelegt nach ? 13b EnWG;Mineraloelprodukte;;Nein;Nein;64;63,5;;;;;Nein;
stillgelegte Anlagen;BNA0162;;Brunsb?ttel;25541;Brunsb?ttel;Otto Hahn Str.;;SchleswigHolstein;Deutschland;1973;2017;endg?ltig stillgelegt nach ? 13b EnWG;Mineraloelprodukte;;Nein;Nein;64;63,5;;;;;Nein;
stillgelegte Anlagen;BNA0163;;Brunsb?ttel;25541;Brunsb?ttel;Otto Hahn Str.;;SchleswigHolstein;Deutschland;1973;2017;endg?ltig stillgelegt nach ? 13b EnWG;Mineraloelprodukte;;Nein;Nein;64;63,5;;;;;Nein;
stillgelegte Anlagen;BNA0164;;Brunsb?ttel;25541;Brunsb?ttel;Otto Hahn Str.;;SchleswigHolstein;Deutschland;1973;2017;endg?ltig stillgelegt nach ? 13b EnWG;Mineraloelprodukte;;Nein;Nein;64;63,5;;;;;Nein;
stillgelegte Anlagen;BNA0288;;HKW Niederrad;60528;Frankfurt am Main;Lyoner Stra?e;;Hessen;Deutschland;1973;2017;endg?ltig stillgelegt nach ? 13b EnWG;Erdgas;;Ja;Nein;60;56;;;;;Nein;
stillgelegte Anlagen;BNA0449;;KW Herne;44653;Herne;Hertener Str.;;NordrheinWestfalen;Deutschland;1966;2017;endg?ltig stillgelegt nach ? 13b EnWG;Steinkohle;;Ja;Nein;310;280;;;;;Nein;
stillgelegte Anlagen;BNA0661;;Kraftwerk II;45772;Marl;Paul-Baumann-Str.;;NordrheinWestfalen;Deutschland;1966;2017;endg?ltig stillgelegt nach ? 13b EnWG;Steinkohle;;Ja;Nein;65,8;60,4;;;;;Nein;
stillgelegte Anlagen;BNA0989;;KW West;46562;Voerde;Frankfurter Str.;;NordrheinWestfalen;Deutschland;1971;2017;endg?ltig stillgelegt nach ? 13b EnWG;Steinkohle;;Nein;Nein;356;318;;;;;Nein;
stillgelegte Anlagen;BNA0990;;KW West;46562;Voerde;Frankfurter Str.;;NordrheinWestfalen;Deutschland;1971;2017;endg?ltig stillgelegt nach ? 13b EnWG;Steinkohle;;Nein;Nein;356;322;;;;;Nein;
stillgelegte Anlagen;BNA0991;;KW Voerde;46562;Voerde;Frankfurter Str.;;NordrheinWestfalen;Deutschland;1982;2017;endg?ltig stillgelegt nach ? 13b EnWG;Steinkohle;;Nein;Nein;761;695;;;;;Nein;
stillgelegte Anlagen;BNA0992;;KW Voerde;46562;Voerde;Frankfurter Str.;;NordrheinWestfalen;Deutschland;1985;2017;endg?ltig stillgelegt nach ? 13b EnWG;Steinkohle;;Nein;Nein;761;695;;;;;Nein;
stillgelegte Anlagen;BNA1127;;GHD;84130;Dingolfing;Landshuter Stra?e;;Bayern;Deutschland;1997;2017;endg?ltig stillgelegt ohne ? 13b EnWG oder KVBG;Erdgas;;Ja;Nein;6,8;6,7;;;;;Nein;
stillgelegte Anlagen;BNA1128;;GHD;84130;Dingolfing;Landshuter Stra?e;;Bayern;Deutschland;1997;2017;endg?ltig stillgelegt ohne ? 13b EnWG oder KVBG;Erdgas;;Ja;Nein;6,8;6,7;;;;;Nein;
stillgelegte Anlagen;BNA0381;;Kernkraft Gundremmingen ;89355;Gundremmingen;;;Bayern;Deutschland;1984;2018;endg?ltig stillgelegt ohne ? 13b EnWG oder KVBG;Kernenergie;;Nein;Nein;1344;1284;;;;;Nein;
stillgelegte Anlagen;BNA0076;;Lichterfelde;12207;Berlin;Ostpreu?endamm;;Berlin;Deutschland;1974;2018;endg?ltig stillgelegt nach ? 13b EnWG;Erdgas;;Ja;Nein;150;144;;;;;Nein;
stillgelegte Anlagen;BNA0083;;Wilmersdorf;14199;Berlin;Forckenbeckstr.;;Berlin;Deutschland;1977;2018;endg?ltig stillgelegt nach ? 13b EnWG;Mineraloelprodukte;;Ja;Nein;300;92;;;;;Nein;
stillgelegte Anlagen;BNA0110;;Bochum;44799;Bochum;;;NordrheinWestfalen;Deutschland;2004;2018;endg?ltig stillgelegt nach ? 13b EnWG;Erdgas;;Ja;Nein;21;20,7;;;;;Nein;
stillgelegte Anlagen;BNA0211;;HKW I;47053;Duisburg;Zirkelstra?e;;NordrheinWestfalen;Deutschland;1985;2018;endg?ltig stillgelegt nach ? 13b EnWG;Steinkohle;;Ja;Nein;105;95;;;;;Nein;
stillgelegte Anlagen;BNA0252;;Kraftwerk Ensdorf;66806;Ensdorf;Kurt Kessler Str.;;Saarland;Deutschland;2011;2018;endg?ltig stillgelegt nach ? 13b EnWG;Steinkohle;;Nein;Nein;310;283;;;;;Nein;
stillgelegte Anlagen;BNA0253;;Kraftwerk Ensdorf;66806;Ensdorf;Kurt-Kessler-Str.;;Saarland;Deutschland;1963;2018;endg?ltig stillgelegt nach ? 13b EnWG;Steinkohle;;Ja;Nein;120;106;;;;;Nein;
stillgelegte Anlagen;BNA0544;;HKW S?dstadt;50677;K?ln;;;NordrheinWestfalen;Deutschland;1994;2018;endg?ltig stillgelegt nach ? 13b EnWG;Erdgas;;Ja;Nein;36,6;35;;;;;Nein;
stillgelegte Anlagen;BNA0618;;KW L?nen;44536;L?nen;Moltkestr.;;NordrheinWestfalen;Deutschland;1962;2018;endg?ltig stillgelegt nach ? 13b EnWG;Steinkohle;;Nein;Nein;157;149;;;;;Nein;
stillgelegte Anlagen;BNA0619;;KW L?nen;44536;L?nen;Moltkestr.;;NordrheinWestfalen;Deutschland;1970;2018;endg?ltig stillgelegt nach ? 13b EnWG;Steinkohle;;Ja;Nein;350;324;;;;;Nein;
stillgelegte Anlagen;BNA1200;;GuD-Kraftwerk;68305;Mannheim;;;BadenWuerttemberg;Deutschland;2005;2018;endg?ltig stillgelegt nach ? 13b EnWG;Erdgas;;Ja;Nein;17,5;17,2;;;;;Nein;
stillgelegte Anlagen;BNA0934;;Heizkraftwerk Stuttgart-Gaisburg;70376;Stuttgart;Langwiesenweg;;BadenWuerttemberg;Deutschland;2009;2018;endg?ltig stillgelegt nach ? 13b EnWG;Steinkohle;;Ja;Nein;22,6;22,6;;;;;Nein;
stillgelegte Anlagen;BNA1037;;Kraftwerk Werdohl-Elverlingsen;58791;Werdohl;;;NordrheinWestfalen;Deutschland;1982;2018;endg?ltig stillgelegt nach ? 13b EnWG;Steinkohle;;Nein;Nein;330;310;;;;;Nein;
stillgelegte Anlagen;BNA1041;;Gersteinwerk;59368;Werne;;;NordrheinWestfalen;Deutschland;1973;2018;endg?ltig stillgelegt nach ? 13b EnWG;Erdgas;;Nein;Nein;55;55;;;;;Nein;
stillgelegte Anlagen;BNA0012d;;Werkskraftwerk Sappi Alfeld;31061;Alfeld;M?hlenmarsch;;Niedersachsen;Deutschland;1994;2018;endg?ltig stillgelegt ohne ? 13b EnWG oder KVBG;Mineraloelprodukte;;Nein;Nein;2,8;2,8;;;;;Nein;
stillgelegte Anlagen;BNA0255;;HKW Iderhoffstra?e;99085;Erfurt;;;Thueringen;Deutschland;1996;2018;endg?ltig stillgelegt ohne ? 13b EnWG oder KVBG;Erdgas;;Ja;Nein;12;11;;;;;Nein;
stillgelegte Anlagen;BNA1294;;EEV;21107;Hamburg;Hohe-Schaar-Stra?e;;Hamburg;Deutschland;1994;2018;endg?ltig stillgelegt ohne ? 13b EnWG oder KVBG;Mineraloelprodukte;;Ja;Nein;39,2;38;;;;;Nein;
stillgelegte Anlagen;BNA0075;;Lichterfelde;12207;Berlin;Ostpreu?endamm;;Berlin;Deutschland;1972;2019;endg?ltig stillgelegt nach ? 13b EnWG;Erdgas;;Ja;Nein;150;144;;;;;Nein;
stillgelegte Anlagen;BNA0082;;Reuter;13599;Berlin;Otternbuchtstr.;;Berlin;Deutschland;1969;2019;endg?ltig stillgelegt nach ? 13b EnWG;Steinkohle;;Ja;Nein;132;124;;;;;Nein;
stillgelegte Anlagen;BNA0178;;HKW Chemnitz  Nord II;9114;Chemnitz;;;Sachsen;Deutschland;1986;2019;endg?ltig stillgelegt nach ? 13b EnWG;Erdgas;;Ja;Nein;67;57,2;;;;;Nein;
stillgelegte Anlagen;BNA0221c;;Gasblock;40221;D?sseldorf;Auf der Lausward;;NordrheinWestfalen;Deutschland;1977;2019;endg?ltig stillgelegt nach ? 13b EnWG;Erdgas;;Ja;Nein;300;293;;;;;Nein;
stillgelegte Anlagen;BNA0343;;Heizkraftwerk Gera-Nord;7546;Gera;Siemensstra?e;;Thueringen;Deutschland;1996;2019;endg?ltig stillgelegt nach ? 13b EnWG;Erdgas;;Ja;Nein;74;74;;;;;Nein;
stillgelegte Anlagen;BNA0526;;Gemeinschaftskraftwerk Kiel;24149;Kiel;;;SchleswigHolstein;Deutschland;1970;2019;endg?ltig stillgelegt nach ? 13b EnWG;Steinkohle;;Ja;Nein;350;323;;;;;Nein;
stillgelegte Anlagen;BNA0753;;HKW 2;46147;Oberhausen;;;NordrheinWestfalen;Deutschland;1996;2019;endg?ltig stillgelegt nach ? 13b EnWG;Erdgas;;Ja;Nein;25;24,5;;;;;Nein;
stillgelegte Anlagen;BNA1046a;;Gersteinwerk;59368;Werne;;;NordrheinWestfalen;Deutschland;1984;2019;endg?ltig stillgelegt nach ? 13b EnWG;Steinkohle;;Nein;Nein;665,5;614;;;;;Nein;
stillgelegte Anlagen;BNA1084;;HKW Elberfeld ;42117;Wuppertal;;;NordrheinWestfalen;Deutschland;1992;2019;endg?ltig stillgelegt nach ? 13b EnWG;Steinkohle;;Ja;Nein;102;85;;;;;Nein;
stillgelegte Anlagen;BNA0802;;Kernkraftwerk Philippsburg 2;76661;Philippsburg;Rheinschanzinsel;;BadenWuerttemberg;Deutschland;1985;2020;endg?ltig stillgelegt ohne ? 13b EnWG oder KVBG;Kernenergie;;Nein;Nein;1468;1402;;;;;Nein;
stillgelegte Anlagen;BNA0705 ;;Niederau?em D;50129;Bergheim;;;NordrheinWestfalen;Deutschland;1968;2021;endg?ltig stillgelegt nach KVBG;Braunkohle;;Ja;Nein;320;297;;;;;Nein;
stillgelegte Anlagen;BNA0439;;Buschhaus;38350;Helmstedt;;;Niedersachsen;Deutschland;1985;2020;endg?ltig stillgelegt nach KVBG;Braunkohle;;Nein;Nein;390;352;;;;;Nein;
stillgelegte Anlagen;BNA1183;;Heizkraftwerk Merheim;51109;K?ln;;;NordrheinWestfalen;Deutschland;2001;2020;endg?ltig stillgelegt nach KVBG;Erdgas;;Ja;Nein;17,4;15,8;;;;;Nein;
stillgelegte Anlagen;BNA0199;;Dormagen;41539;Dormagen;;;NordrheinWestfalen;Deutschland;2000;2021;endg?ltig stillgelegt nach KVBG;Erdgas;;Ja;Nein;597;24;;;;;Nein;
stillgelegte Anlagen;BNA0292;;Fab Frechen;50226;Frechen;Ludwigstra?e;;NordrheinWestfalen;Deutschland;1962;2023;endg?ltig stillgelegt nach KVBG;Braunkohle;;Ja;Nein;202;120;;;;;Nein;
